knowledge_base_name,knowledge_base_id,tenant_id,knowledge_id,title,file_name,current_description,summary_status,summary_chunk_id,current_summary_chunk_content,parent_chunk_id
16-检查：CT 与 MRI,c9231d63-fc70-4995-be25-876189e90f6d,10000,e49e1be1-73f1-4242-a526-ebafc42c46b9,Imaging Atlas of Ophthalmic Tumors and Diseases-J. Matthew Debnam 2023_weknora.mhtml,Imaging Atlas of Ophthalmic Tumors and Diseases-J. Matthew Debnam 2023_weknora.mhtml,"《眼科肿瘤与疾病影像图谱》旨在为放射科住院医师、专科医师、综合放射科医师、神经放射科医师及相关外科和肿瘤科医生提供眼科肿瘤与疾病的影像学参考。内容涵盖皮肤和眶周区、眼球、泪腺、眼眶、颅底、鼻旁窦、垂体、海绵窦、视路及颅神经等复杂解剖部位，涉及肿瘤性、血管性和感染性病变。图谱主要介绍 MRI，也包括 CT、PET/CT 和超声，并通过病例、图像及“要点”帮助读者建立鉴别诊断；同时强调影像表现存在重叠，不能单独作为病理诊断的绝对依据。

眶周皮肤和眼睑章节讨论常见及少见的皮肤、眼睑和皮下软组织恶性肿瘤，包括基底细胞癌、鳞状细胞癌、黑色素瘤、Merkel 细胞癌、皮脂腺癌、肉瘤、硬纤维瘤和淋巴瘤。影像学可用于诊断、分期和治疗决策：薄层 CT 评估皮肤、眼睑及骨受累，高分辨率 MRI 显示软组织和神经周围肿瘤扩散，PET/CT 反映代谢活性、转移、活检靶点及疗效，超声则有助于评估淋巴结并引导穿刺活检。

文中强调识别眶上孔和眶下孔的正常影像表现，以判断神经周围肿瘤扩散。眶下孔扩大、骨质破坏及正常孔内脂肪被肿瘤替代，提示沿三叉神经分支扩散。纤维性骨发育不良表现为骨被排列不规则的纤维组织替代，常见“磨玻璃”基质，可为单骨性或多骨性，并可能出现囊性、硬化性或混合性改变；快速生长、疼痛、骨破坏、软组织肿块和病理性骨折需警惕恶性转化。

术后影像部分介绍面部皮瓣重建、眼睑金属配重及神经麻痹相关改变，并指出金属可产生 CT 条纹伪影。Graves 眼病可因眼外肌增大和眶尖拥挤压迫视神经，眶减压术通过切除眶壁降低压力。阅片时应确认手术史、受累眶壁及眶尖拥挤情况，并评估出血、脑脊液漏、鼻窦炎和黏液囊肿等并发症。",completed,6473a1bb-a75b-44e3-bfd6-320ebccc1491,"# Summary
《眼科肿瘤与疾病影像图谱》旨在为放射科住院医师、专科医师、综合放射科医师、神经放射科医师及相关外科和肿瘤科医生提供眼科肿瘤与疾病的影像学参考。内容涵盖皮肤和眶周区、眼球、泪腺、眼眶、颅底、鼻旁窦、垂体、海绵窦、视路及颅神经等复杂解剖部位，涉及肿瘤性、血管性和感染性病变。图谱主要介绍 MRI，也包括 CT、PET/CT 和超声，并通过病例、图像及“要点”帮助读者建立鉴别诊断；同时强调影像表现存在重叠，不能单独作为病理诊断的绝对依据。

眶周皮肤和眼睑章节讨论常见及少见的皮肤、眼睑和皮下软组织恶性肿瘤，包括基底细胞癌、鳞状细胞癌、黑色素瘤、Merkel 细胞癌、皮脂腺癌、肉瘤、硬纤维瘤和淋巴瘤。影像学可用于诊断、分期和治疗决策：薄层 CT 评估皮肤、眼睑及骨受累，高分辨率 MRI 显示软组织和神经周围肿瘤扩散，PET/CT 反映代谢活性、转移、活检靶点及疗效，超声则有助于评估淋巴结并引导穿刺活检。

文中强调识别眶上孔和眶下孔的正常影像表现，以判断神经周围肿瘤扩散。眶下孔扩大、骨质破坏及正常孔内脂肪被肿瘤替代，提示沿三叉神经分支扩散。纤维性骨发育不良表现为骨被排列不规则的纤维组织替代，常见“磨玻璃”基质，可为单骨性或多骨性，并可能出现囊性、硬化性或混合性改变；快速生长、疼痛、骨破坏、软组织肿块和病理性骨折需警惕恶性转化。

术后影像部分介绍面部皮瓣重建、眼睑金属配重及神经麻痹相关改变，并指出金属可产生 CT 条纹伪影。Graves 眼病可因眼外肌增大和眶尖拥挤压迫视神经，眶减压术通过切除眶壁降低压力。阅片时应确认手术史、受累眶壁及眶尖拥挤情况，并评估出血、脑脊液漏、鼻窦炎和黏液囊肿等并发症。",9473f518-8af1-4f90-a0ba-e00411ab2c5e
19-检查：视觉电生理,90a38a5f-92ce-4de3-a03a-152fd1db4d8e,10000,7c282d1d-5ed7-400e-b8af-7018c74d3ad5,罗兰视觉电生理仪测试方法和临床应用图谱学-吴德正 2006_weknora.mhtml,罗兰视觉电生理仪测试方法和临床应用图谱学-吴德正 2006_weknora.mhtml,"本文介绍ROLAND视觉电生理系统的基本结构、测试方法、参数设置、结果分析及临床应用，旨在帮助眼科医生理解视觉电生理检查的原理与临床价值，并将相关方法推广至其他类型仪器。该系统由Ganzfeld全视野刺激器、CRT图形刺激器、多通道放大器、计算机及数据库等组成，可完成常规ERG、VEP、EOG以及mfERG、mfVEP等多焦电生理检查。系统符合ISCEV标准，支持多种刺激强度、背景亮度、放大器通频带和记录时间设置，并可实现患者资料的多次存储、备份及跨医院共享。

全视野ERG部分重点说明视网膜结构、作用电极选择、标准化测试流程和波形测量。ISCEV标准要求完成暗视视杆反应、暗视混合反应、暗视振荡电位、明视视锥反应及明视30Hz闪烁反应五项检查。文中详细介绍了ROLAND仪器中各项目的参数选择、放大器与Ganzfeld设置、暗适应和明适应要求、散瞳、电极安置、信号记录、结果保存及打印方法，并强调应根据a波、b波振幅和隐含期等指标进行分析。

多焦ERG通过多区域刺激和数学处理形成视网膜功能地形图，可定位后极部及黄斑区域的功能损伤，临床案例涉及老年黄斑变性、特发性脉络膜新生血管、黄斑前膜等疾病，显示其在病变定位和损伤程度评估中的价值。

EOG部分阐述暗谷、光峰和Arden比的测试方法及生理基础，指出EOG主要反映视网膜外层和视网膜色素上皮功能，正常Arden比应大于1.8。相关病例显示，卵黄样黄斑病变可出现光峰、暗谷及Arden比明显降低，而部分黄斑病变虽光峰和暗谷降低，Arden比仅轻度下降。",completed,1eecbc09-897d-4829-a386-104eac9bbb1c,"# Summary
本文介绍ROLAND视觉电生理系统的基本结构、测试方法、参数设置、结果分析及临床应用，旨在帮助眼科医生理解视觉电生理检查的原理与临床价值，并将相关方法推广至其他类型仪器。该系统由Ganzfeld全视野刺激器、CRT图形刺激器、多通道放大器、计算机及数据库等组成，可完成常规ERG、VEP、EOG以及mfERG、mfVEP等多焦电生理检查。系统符合ISCEV标准，支持多种刺激强度、背景亮度、放大器通频带和记录时间设置，并可实现患者资料的多次存储、备份及跨医院共享。

全视野ERG部分重点说明视网膜结构、作用电极选择、标准化测试流程和波形测量。ISCEV标准要求完成暗视视杆反应、暗视混合反应、暗视振荡电位、明视视锥反应及明视30Hz闪烁反应五项检查。文中详细介绍了ROLAND仪器中各项目的参数选择、放大器与Ganzfeld设置、暗适应和明适应要求、散瞳、电极安置、信号记录、结果保存及打印方法，并强调应根据a波、b波振幅和隐含期等指标进行分析。

多焦ERG通过多区域刺激和数学处理形成视网膜功能地形图，可定位后极部及黄斑区域的功能损伤，临床案例涉及老年黄斑变性、特发性脉络膜新生血管、黄斑前膜等疾病，显示其在病变定位和损伤程度评估中的价值。

EOG部分阐述暗谷、光峰和Arden比的测试方法及生理基础，指出EOG主要反映视网膜外层和视网膜色素上皮功能，正常Arden比应大于1.8。相关病例显示，卵黄样黄斑病变可出现光峰、暗谷及Arden比明显降低，而部分黄斑病变虽光峰和暗谷降低，Arden比仅轻度下降。",f88d8441-c7e7-4d9a-aa0a-eaab5c515014
10-小儿眼科：斜视与弱视等,d6a5115a-067a-4514-afbf-9fe81b4e64c0,10000,bdc2bf89-941d-442f-96c9-b94723b2e378,AAO-Pediatric Ophthalmology and Strabismus-Robert W Hered 2021_weknora.mhtml,AAO-Pediatric Ophthalmology and Strabismus-Robert W Hered 2021_weknora.mhtml,"本节介绍《儿科眼科学与斜视》课程的目标、内容及部分重点。BCSC旨在为眼科住院医师和临床医生提供结合基础科学与临床实践的系统教材，并通过插图、视频、互动活动和自测题支持学习及继续医学教育。学习目标涵盖儿童眼科检查、弱视、斜视、眼球震颤、儿童视力下降、眼部感染、泪道异常、先天性青光眼与白内障、葡萄膜炎、玻璃体视网膜和视神经疾病、眼外伤以及眼部肿瘤和斑痣病等。

儿童眼科检查强调营造舒适环境、根据年龄和发育水平调整检查方式，并结合病史、出生情况、发育里程碑、家族史和患儿进入诊室后的视觉行为进行综合评估。检查者应与儿童保持平视，灵活使用玩具、图片和视频等注视目标，以获得更多信息并减少恐惧和挫折。

节选还讨论了颅缝早闭相关综合征，包括Apert、Pfeiffer及Saethre-Chotzen综合征，以及其眼部并发症，如眼球突出、暴露性角膜炎、眼球脱位和斜视。最后的自测解析涉及视网膜母细胞瘤的RB1突变、视神经发育不良、牵牛花综合征、儿童自发性前房积血、虐待性头部创伤导致的视网膜出血，以及眼白化病相关的虹膜透照、黄斑发育不良和视交叉纤维异常。",completed,68e30a27-0f51-4ee5-87d7-b263c05e8c34,"# Summary
本节介绍《儿科眼科学与斜视》课程的目标、内容及部分重点。BCSC旨在为眼科住院医师和临床医生提供结合基础科学与临床实践的系统教材，并通过插图、视频、互动活动和自测题支持学习及继续医学教育。学习目标涵盖儿童眼科检查、弱视、斜视、眼球震颤、儿童视力下降、眼部感染、泪道异常、先天性青光眼与白内障、葡萄膜炎、玻璃体视网膜和视神经疾病、眼外伤以及眼部肿瘤和斑痣病等。

儿童眼科检查强调营造舒适环境、根据年龄和发育水平调整检查方式，并结合病史、出生情况、发育里程碑、家族史和患儿进入诊室后的视觉行为进行综合评估。检查者应与儿童保持平视，灵活使用玩具、图片和视频等注视目标，以获得更多信息并减少恐惧和挫折。

节选还讨论了颅缝早闭相关综合征，包括Apert、Pfeiffer及Saethre-Chotzen综合征，以及其眼部并发症，如眼球突出、暴露性角膜炎、眼球脱位和斜视。最后的自测解析涉及视网膜母细胞瘤的RB1突变、视神经发育不良、牵牛花综合征、儿童自发性前房积血、虐待性头部创伤导致的视网膜出血，以及眼白化病相关的虹膜透照、黄斑发育不良和视交叉纤维异常。",fb4a4c36-ee14-4f09-83e6-655be225a8a6
10-小儿眼科：斜视与弱视等,d6a5115a-067a-4514-afbf-9fe81b4e64c0,10000,7583f3cd-ee80-4845-a7e1-7f7e8dfff3f5,Color Atlas of Strabismus Surgery Strategies and Techniques-Kenneth W. Wright 2007_weknora.mhtml,Color Atlas of Strabismus Surgery Strategies and Techniques-Kenneth W. Wright 2007_weknora.mhtml,"该文档介绍《斜视手术彩色图谱：策略与技术》第三版的编写目的、内容特点及部分斜视手术相关知识。全书旨在以简洁、实用的方式指导不同经验层次的眼科医生处理斜视，涵盖从常见水平斜视到复杂旋转垂直偏斜的治疗，并详细介绍肌肉后徙、缩短、滑脱或丢失肌肉取回、上斜肌腱扩张等技术。作者强调，斜视手术虽可在规范操作下相对容易，但未经充分训练的手术可能对患者造成伤害。

第三版对多数章节进行了大幅更新，新增“成功规划”内容、伴随眼球震颤或斜视的非共同性斜视及异常头位章节、临床病例示例和局部麻醉斜视手术章节，并更新了缝线选择及钛制手术器械。图谱延续线条图与真实彩色手术照片相结合的教学形式，并增加包含十余段手术视频的DVD。前两版则分别强调实用的管理策略、再手术技术，以及通过图示和照片同时呈现手术简洁性与真实手术视野。

文档还涉及弱视治疗。弱视源于视觉发育早期异常视觉刺激，可由视网膜成像模糊或斜视导致的单眼固视偏好和皮质抑制引起；双眼交替固视的儿童通常不易形成弱视。对于伴弱视的斜视儿童，应优先治疗弱视，再进行斜视手术。

手术技术部分介绍了直肌“三点固定”缝合方法，即中央安全结加两侧全层锁定缝合，以增强肌肉固定；常规直肌手术倾向使用5-0 Vicryl，而易发生牵拉瘢痕的病例可使用不可吸收的5-0 Mersilene。Wright带槽钩可在肌肉与巩膜之间形成安全操作空间，帮助稳定、准确地完成全层缝合。附录还列出常用器械、缝线和放大照明要求，并概述术后护理，包括短时间禁食、特定情况下避免眼罩、使用抗生素激素眼膏、暂不游泳及按计划复诊。",completed,771135e2-2a0f-4919-85dc-9061e527d11a,"# Summary
该文档介绍《斜视手术彩色图谱：策略与技术》第三版的编写目的、内容特点及部分斜视手术相关知识。全书旨在以简洁、实用的方式指导不同经验层次的眼科医生处理斜视，涵盖从常见水平斜视到复杂旋转垂直偏斜的治疗，并详细介绍肌肉后徙、缩短、滑脱或丢失肌肉取回、上斜肌腱扩张等技术。作者强调，斜视手术虽可在规范操作下相对容易，但未经充分训练的手术可能对患者造成伤害。

第三版对多数章节进行了大幅更新，新增“成功规划”内容、伴随眼球震颤或斜视的非共同性斜视及异常头位章节、临床病例示例和局部麻醉斜视手术章节，并更新了缝线选择及钛制手术器械。图谱延续线条图与真实彩色手术照片相结合的教学形式，并增加包含十余段手术视频的DVD。前两版则分别强调实用的管理策略、再手术技术，以及通过图示和照片同时呈现手术简洁性与真实手术视野。

文档还涉及弱视治疗。弱视源于视觉发育早期异常视觉刺激，可由视网膜成像模糊或斜视导致的单眼固视偏好和皮质抑制引起；双眼交替固视的儿童通常不易形成弱视。对于伴弱视的斜视儿童，应优先治疗弱视，再进行斜视手术。

手术技术部分介绍了直肌“三点固定”缝合方法，即中央安全结加两侧全层锁定缝合，以增强肌肉固定；常规直肌手术倾向使用5-0 Vicryl，而易发生牵拉瘢痕的病例可使用不可吸收的5-0 Mersilene。Wright带槽钩可在肌肉与巩膜之间形成安全操作空间，帮助稳定、准确地完成全层缝合。附录还列出常用器械、缝线和放大照明要求，并概述术后护理，包括短时间禁食、特定情况下避免眼罩、使用抗生素激素眼膏、暂不游泳及按计划复诊。",8facb698-0a3b-4a1b-b54f-594cf6ad58e8
10-小儿眼科：斜视与弱视等,d6a5115a-067a-4514-afbf-9fe81b4e64c0,10000,01832708-92ad-4af3-9d24-383872b6533c,Handbook of Pediatric Strabismus and Amblyopia-Kenneth W. Wright、Peter H. Spiegel、Lisa S. Thompson 2006_weknora.mhtml,Handbook of Pediatric Strabismus and Amblyopia-Kenneth W. Wright、Peter H. Spiegel、Lisa S. Thompson 2006_weknora.mhtml,"该文档介绍《儿童斜视与弱视手册》的编写宗旨、儿童眼科检查方法，以及部分斜视评估与棱镜测量内容。手册旨在以实用、易懂的方式讲解常见及复杂斜视的诊断和管理，强调理解斜视发生基础、感觉适应和感觉检查，而非机械记忆斜视类型；同时详细讨论视觉发育和弱视病理生理。全书采用清晰的分节、图表、示意图和临床斜视照片，便于临床实践、患者及家庭教育和考试复习，并通过参考文献支持循证诊疗。

儿童眼科检查部分强调，病史通常需要从父母、转诊医生及儿童共同获得。问诊应明确问题是先天性还是后天性、发病年龄、视觉功能、斜视频率和稳定性、异常头位及诱发因素，同时关注围产期情况、出生体重和孕周、既往疾病、药物过敏、发育里程碑、学习表现及家族中的斜视、视力不良和神经系统疾病。检查前应主动与儿童建立信任，通过友善环境、玩具和适宜的检查方式减少恐惧与不合作，并在互动过程中观察头位、眼位和整体外观。

文档还讨论间歇性外斜视中“真性散开过强”的机制及测量。其原因包括高AC/A比、近端集合增强和混合性集合机制；手术目标角度应依据远近斜视度及加镜、遮盖试验后的结果确定，部分患者术后可能出现近距离内斜视，需要双焦眼镜或再次手术。由于融合能力会使测量结果随疲劳和警觉程度变化，持续单眼遮盖可减弱融合、揭示潜在偏斜并提高测量重复性。

棱镜测量部分指出，负镜会增大测得的偏斜角，正镜会减小测得角度；斜向棱镜应按水平和垂直分量进行向量合成，并明确标注棱镜底的方向。在非共同性偏斜检查中，应分别将棱镜置于双眼前进行中和，并准确记录有效棱镜及眼镜镜片实际视线位置产生的棱镜效应。",completed,7ed37e6d-4ffa-47d1-8e3f-7e6a81e8a79d,"# Summary
该文档介绍《儿童斜视与弱视手册》的编写宗旨、儿童眼科检查方法，以及部分斜视评估与棱镜测量内容。手册旨在以实用、易懂的方式讲解常见及复杂斜视的诊断和管理，强调理解斜视发生基础、感觉适应和感觉检查，而非机械记忆斜视类型；同时详细讨论视觉发育和弱视病理生理。全书采用清晰的分节、图表、示意图和临床斜视照片，便于临床实践、患者及家庭教育和考试复习，并通过参考文献支持循证诊疗。

儿童眼科检查部分强调，病史通常需要从父母、转诊医生及儿童共同获得。问诊应明确问题是先天性还是后天性、发病年龄、视觉功能、斜视频率和稳定性、异常头位及诱发因素，同时关注围产期情况、出生体重和孕周、既往疾病、药物过敏、发育里程碑、学习表现及家族中的斜视、视力不良和神经系统疾病。检查前应主动与儿童建立信任，通过友善环境、玩具和适宜的检查方式减少恐惧与不合作，并在互动过程中观察头位、眼位和整体外观。

文档还讨论间歇性外斜视中“真性散开过强”的机制及测量。其原因包括高AC/A比、近端集合增强和混合性集合机制；手术目标角度应依据远近斜视度及加镜、遮盖试验后的结果确定，部分患者术后可能出现近距离内斜视，需要双焦眼镜或再次手术。由于融合能力会使测量结果随疲劳和警觉程度变化，持续单眼遮盖可减弱融合、揭示潜在偏斜并提高测量重复性。

棱镜测量部分指出，负镜会增大测得的偏斜角，正镜会减小测得角度；斜向棱镜应按水平和垂直分量进行向量合成，并明确标注棱镜底的方向。在非共同性偏斜检查中，应分别将棱镜置于双眼前进行中和，并准确记录有效棱镜及眼镜镜片实际视线位置产生的棱镜效应。",824fd3f2-41b4-4059-8970-78997a6d77bb
16-检查：CT 与 MRI,c9231d63-fc70-4995-be25-876189e90f6d,10000,7705df92-c76d-424f-b10b-e56ff0d5cafb,Diagnostic Imaging Head and Neck（第4版）-Bronwyn E. Hamilton 2022_weknora.mhtml,Diagnostic Imaging Head and Neck（第4版）-Bronwyn E. Hamilton 2022_weknora.mhtml,"FOURTH EDITION

# Hamilton | Koch Vattoth | Chapman

Koontz | Meltzer | Phillips | Singhal | Lantos | Stambuk | Dean

Strauss | Salzman | Wiggins | Anzai | Thiessen | Winegar |
O’Brien

# Diagnostic Imaging Head and Neck

FOURTH EDITION

## Hamilton | Koch Vattoth | Chapman

## Diagnostic Imaging Head and Neck

## Diagnostic Imaging

Head and Neck

FOURTH EDITION

Bronwyn E. Hamilton, MD

### Bernadette L. Koch, MD

Surjith Vattoth, MD, FRCR

### Philip R. Chapman, MD

# DIAGNOSTIC IMAGING: HEAD",completed,2dd612c7-3288-4982-afd7-7d44b0fff8fb,"# Summary
FOURTH EDITION

# Hamilton | Koch Vattoth | Chapman

Koontz | Meltzer | Phillips | Singhal | Lantos | Stambuk | Dean

Strauss | Salzman | Wiggins | Anzai | Thiessen | Winegar |
O’Brien

# Diagnostic Imaging Head and Neck

FOURTH EDITION

## Hamilton | Koch Vattoth | Chapman

## Diagnostic Imaging Head and Neck

## Diagnostic Imaging

Head and Neck

FOURTH EDITION

Bronwyn E. Hamilton, MD

### Bernadette L. Koch, MD

Surjith Vattoth, MD, FRCR

### Philip R. Chapman, MD

# DIAGNOSTIC IMAGING: HEAD",3158e49a-0b16-4286-87c1-72af2ae9c68f
02-角膜与眼表,f041b2b7-3147-4deb-a2f2-0de5cc53d296,10000,c5bda7f7-1483-488e-9321-245165c9bbf5,AAO-External Disease and Cornea-Robert W Weisenthal 2021_weknora.mhtml,AAO-External Disease and Cornea-Robert W Weisenthal 2021_weknora.mhtml,"该文档是《基础与临床科学课程》第8部分“外眼疾病与角膜”的教学材料，旨在系统介绍外眼、眼表及角膜的基础结构、疾病表现和临床处理。课程强调将基础科学与临床实践结合，并通过正文、插图、参考文献、视频及自我评估题帮助眼科住院医师和临床医生掌握相关知识。

内容目标包括掌握外眼和角膜的解剖结构，了解角膜地形图、张力强度及内皮功能等检查方法，识别眼表疾病和系统性疾病相关的角膜表现，鉴别及处理角膜营养不良，并评估免疫相关和肿瘤性外眼疾病。课程还涉及角膜疾病、外伤、屈光问题、翼状胬肉、角膜融解以及全层和板层角膜移植等手术治疗。

在结构与功能方面，文档指出外眼包括眼睑、巩膜、结膜、角膜和角膜缘，并具有解剖及免疫防御机制。正常眼总屈光力为58.60屈光度，其中角膜贡献约74%。眼睑负责保护眼球、分布泪液、清洁眼表、调节入光量并参与泪膜形成；眨眼通过泪液泵将泪液铺展于角膜表面。泪液功能单位由泪腺、眼表、眼睑以及相关感觉和运动神经组成，共同调节泪膜的产生和健康。

文档还概述了多种病毒性眼病。腮腺炎可伴发泪腺炎及角膜、虹膜、睫状体和巩膜炎症；先天性风疹可导致小眼球、角膜混浊、白内障、虹膜发育不良和青光眼。急性出血性结膜炎具有高度传染性，以突发滤泡性结膜炎和结膜点状出血为特征。HIV感染可造成进行性免疫缺陷，并与带状疱疹、干眼、微孢子虫性角结膜炎及多种机会性感染相关。

后文强调眼化学伤必须立即大量冲洗，直至结膜囊pH恢复正常，并清除穹隆部残留颗粒。某些植物，如滴水观音属植物，可因草酸钙晶体引起角结膜炎。角膜移植还需关注供体年龄、感染性角膜炎及感染性晶状体样角膜病变；长期使用糖皮质激素、角膜感觉减退、泪膜异常和缝线暴露均会增加移植后感染及移植物失败风险。",completed,5f0fc41d-9273-46e1-8fe8-997efcf2b1ad,"# Summary
该文档是《基础与临床科学课程》第8部分“外眼疾病与角膜”的教学材料，旨在系统介绍外眼、眼表及角膜的基础结构、疾病表现和临床处理。课程强调将基础科学与临床实践结合，并通过正文、插图、参考文献、视频及自我评估题帮助眼科住院医师和临床医生掌握相关知识。

内容目标包括掌握外眼和角膜的解剖结构，了解角膜地形图、张力强度及内皮功能等检查方法，识别眼表疾病和系统性疾病相关的角膜表现，鉴别及处理角膜营养不良，并评估免疫相关和肿瘤性外眼疾病。课程还涉及角膜疾病、外伤、屈光问题、翼状胬肉、角膜融解以及全层和板层角膜移植等手术治疗。

在结构与功能方面，文档指出外眼包括眼睑、巩膜、结膜、角膜和角膜缘，并具有解剖及免疫防御机制。正常眼总屈光力为58.60屈光度，其中角膜贡献约74%。眼睑负责保护眼球、分布泪液、清洁眼表、调节入光量并参与泪膜形成；眨眼通过泪液泵将泪液铺展于角膜表面。泪液功能单位由泪腺、眼表、眼睑以及相关感觉和运动神经组成，共同调节泪膜的产生和健康。

文档还概述了多种病毒性眼病。腮腺炎可伴发泪腺炎及角膜、虹膜、睫状体和巩膜炎症；先天性风疹可导致小眼球、角膜混浊、白内障、虹膜发育不良和青光眼。急性出血性结膜炎具有高度传染性，以突发滤泡性结膜炎和结膜点状出血为特征。HIV感染可造成进行性免疫缺陷，并与带状疱疹、干眼、微孢子虫性角结膜炎及多种机会性感染相关。

后文强调眼化学伤必须立即大量冲洗，直至结膜囊pH恢复正常，并清除穹隆部残留颗粒。某些植物，如滴水观音属植物，可因草酸钙晶体引起角结膜炎。角膜移植还需关注供体年龄、感染性角膜炎及感染性晶状体样角膜病变；长期使用糖皮质激素、角膜感觉减退、泪膜异常和缝线暴露均会增加移植后感染及移植物失败风险。",df9520d0-952f-45ec-8d67-bcdacd83d33e
06-眼底病与视网膜内科,f900fe21-9deb-47e0-bf36-ce06022cae92,10000,250cd53b-0bbd-4f54-9e31-909162d6ea76,Retina-Stephen J. Ryan 2022 weknora.mhtml,Retina-Stephen J. Ryan 2022 weknora.mhtml,"该文档为《Ryan’s Retina》第七版的节选，内容涵盖视网膜影像与诊断、医学视网膜及视网膜肿瘤等主题。荧光素血管造影部分介绍了视网膜和脉络膜的解剖基础及其对影像判读的意义。感觉视网膜可分为内侧血管层和外侧无血管层；正常视网膜血管受内层血-眼屏障保护，不发生荧光素渗漏。外层血-眼屏障由视网膜色素上皮（RPE）构成，可阻止脉络膜荧光进入视网膜。视网膜水肿、囊样间隙、出血和渗出主要涉及外丛状层、Henle纤维层及内核层。文档还说明了后睫状动脉、脉络膜小叶、涡静脉以及“分水岭区”的血流分布，并强调前视网膜、视网膜血管层、无血管层、RPE、脉络膜和巩膜等解剖标志对异常荧光判读的重要性。

医学视网膜部分节选了CATT研究的长期结果及安全性数据。随访约5.5年时，部分患者仍保持较好的最佳矫正视力，但部分患者出现视力下降和地图样萎缩；在最初两年接受不同药物或给药方案的组别之间，长期视觉差异需要谨慎解释。CATT第一年严重不良事件表显示，雷珠单抗与贝伐珠单抗、每月给药与按需给药之间，多数系统性和眼部事件没有显著差异，但“一项或多项系统性事件”在药物组间存在统计学差异。文档还提及IVAN试验比较两种抗VEGF药物的每月及按需治疗方案。

视网膜肿瘤部分聚焦原发性玻璃体视网膜淋巴瘤（PVRL）。其典型表现包括玻璃体细胞，以及视网膜下或RPE下聚集的淋巴瘤浸润；RPE下病灶具有特征性。虽然组织活检和细胞病理学确认仍是诊断金标准，但眼底自发荧光、荧光素血管造影和OCT可辅助诊断及随访治疗反应，分别显示点状异常、对应浸润的针尖样高荧光，以及浸润的解剖层次。",completed,b7381b8b-461b-4a6e-815f-bedf655cf0b3,"# Summary
该文档为《Ryan’s Retina》第七版的节选，内容涵盖视网膜影像与诊断、医学视网膜及视网膜肿瘤等主题。荧光素血管造影部分介绍了视网膜和脉络膜的解剖基础及其对影像判读的意义。感觉视网膜可分为内侧血管层和外侧无血管层；正常视网膜血管受内层血-眼屏障保护，不发生荧光素渗漏。外层血-眼屏障由视网膜色素上皮（RPE）构成，可阻止脉络膜荧光进入视网膜。视网膜水肿、囊样间隙、出血和渗出主要涉及外丛状层、Henle纤维层及内核层。文档还说明了后睫状动脉、脉络膜小叶、涡静脉以及“分水岭区”的血流分布，并强调前视网膜、视网膜血管层、无血管层、RPE、脉络膜和巩膜等解剖标志对异常荧光判读的重要性。

医学视网膜部分节选了CATT研究的长期结果及安全性数据。随访约5.5年时，部分患者仍保持较好的最佳矫正视力，但部分患者出现视力下降和地图样萎缩；在最初两年接受不同药物或给药方案的组别之间，长期视觉差异需要谨慎解释。CATT第一年严重不良事件表显示，雷珠单抗与贝伐珠单抗、每月给药与按需给药之间，多数系统性和眼部事件没有显著差异，但“一项或多项系统性事件”在药物组间存在统计学差异。文档还提及IVAN试验比较两种抗VEGF药物的每月及按需治疗方案。

视网膜肿瘤部分聚焦原发性玻璃体视网膜淋巴瘤（PVRL）。其典型表现包括玻璃体细胞，以及视网膜下或RPE下聚集的淋巴瘤浸润；RPE下病灶具有特征性。虽然组织活检和细胞病理学确认仍是诊断金标准，但眼底自发荧光、荧光素血管造影和OCT可辅助诊断及随访治疗反应，分别显示点状异常、对应浸润的针尖样高荧光，以及浸润的解剖层次。",b78ba714-3f0e-4c93-be99-85d702a493de
14-检查：OCT/OCTA,7859da35-5359-43bb-bca6-4f99792392ea,10000,499dfc03-697d-44a7-9458-20397d5750ca,眼前节光学相干断层扫描-徐建江 2013_weknora.mhtml,眼前节光学相干断层扫描-徐建江 2013_weknora.mhtml,"本书是《眼科新技术应用丛书》中关于眼前节光学相干断层扫描（OCT）的专著，系统介绍了该技术在眼科临床应用中的原理、设备类型及多种眼前节疾病的诊疗价值。

内容首先阐述了OCT的基本原理。OCT本质上是一种具有共聚焦扫描特性的低相干干涉仪，通过对样品后向散射光与参考光干涉信号的傅里叶解调，实现活体眼组织的高分辨率断层成像。技术经历了从时域OCT到傅里叶域OCT的发展；后者又分为扫频光源OCT和光谱OCT，其无需轴向机械扫描，成像速度和信噪比大幅提升，A-Scan速度可达300 kHz。眼前节OCT多采用1310 nm波长光源，穿透力强，扫描深度3～6 mm，纵向分辨率6～25 μm，并能显示角膜、前房、房角、虹膜和晶状体等结构。

在设备类型方面，书中介绍了Heidelberg裂隙灯适配型SL-OCT和Zeiss公司Visante OCT等常用机型，并指出理想设备应具备扫描快、分辨率高、可完整成像及分析软件全面等优点。

临床应用部分覆盖多种疾病：在角膜移植术后，OCT可观察DSEK术后植片贴附、水肿、脱位及间隙测量等情况，为术后随访提供依据；在干眼症中，OCT可定量测量泪河高度、深度和面积，用于诊断及动态评价人工泪液疗效，并观察角膜前泪膜改变；在晶状体疾病方面，可用于评估虹膜夹持型人工晶状体、带虹膜隔后房型人工晶状体植入术后的位置，辅助诊断晶状体半脱位、先天性无虹膜等；在眼前节新生物方面，OCT能显示角结膜皮样瘤的侵犯深度及其内部血管结构，也可用于上皮植入性虹膜囊肿的囊实性鉴别及与周围组织关系的判断，为手术方案制订提供依据。

编后语指出，眼前节OCT仍存在分析软件滞后、扫描模式受限等不足，有待在分辨率、探测范围和三维重建方面不断改进，但作为非接触、非侵入、高分辨率的成像手段，具有广阔应用前景。",completed,2e010843-dbb5-4352-bc78-fa443ef03193,"# Summary
本书是《眼科新技术应用丛书》中关于眼前节光学相干断层扫描（OCT）的专著，系统介绍了该技术在眼科临床应用中的原理、设备类型及多种眼前节疾病的诊疗价值。

内容首先阐述了OCT的基本原理。OCT本质上是一种具有共聚焦扫描特性的低相干干涉仪，通过对样品后向散射光与参考光干涉信号的傅里叶解调，实现活体眼组织的高分辨率断层成像。技术经历了从时域OCT到傅里叶域OCT的发展；后者又分为扫频光源OCT和光谱OCT，其无需轴向机械扫描，成像速度和信噪比大幅提升，A-Scan速度可达300 kHz。眼前节OCT多采用1310 nm波长光源，穿透力强，扫描深度3～6 mm，纵向分辨率6～25 μm，并能显示角膜、前房、房角、虹膜和晶状体等结构。

在设备类型方面，书中介绍了Heidelberg裂隙灯适配型SL-OCT和Zeiss公司Visante OCT等常用机型，并指出理想设备应具备扫描快、分辨率高、可完整成像及分析软件全面等优点。

临床应用部分覆盖多种疾病：在角膜移植术后，OCT可观察DSEK术后植片贴附、水肿、脱位及间隙测量等情况，为术后随访提供依据；在干眼症中，OCT可定量测量泪河高度、深度和面积，用于诊断及动态评价人工泪液疗效，并观察角膜前泪膜改变；在晶状体疾病方面，可用于评估虹膜夹持型人工晶状体、带虹膜隔后房型人工晶状体植入术后的位置，辅助诊断晶状体半脱位、先天性无虹膜等；在眼前节新生物方面，OCT能显示角结膜皮样瘤的侵犯深度及其内部血管结构，也可用于上皮植入性虹膜囊肿的囊实性鉴别及与周围组织关系的判断，为手术方案制订提供依据。

编后语指出，眼前节OCT仍存在分析软件滞后、扫描模式受限等不足，有待在分辨率、探测范围和三维重建方面不断改进，但作为非接触、非侵入、高分辨率的成像手段，具有广阔应用前景。",2f15c56f-acfd-4ae3-ba19-299deed44927
06-眼底病与视网膜内科,f900fe21-9deb-47e0-bf36-ce06022cae92,10000,7bba8f50-c90e-4772-aa5b-4aace89d4869,Retinal Atlas-K Bailey Freund 2017_weknora.mhtml,Retinal Atlas-K Bailey Freund 2017_weknora.mhtml,"《视网膜图谱》（第二版）是一部全面涵盖视网膜疾病诊断与成像技术的权威参考书。该书由 K. Bailey Freund、David Sarraf 等专家编撰，旨在通过丰富的临床影像资料，展示视网膜疾病的解剖结构与病理生理特征。

本书的核心内容与特点包括：

1.  **影像技术的发展与应用**：书中详细介绍了视网膜成像技术的演变，从早期的直接检眼镜和黑白眼底摄影，到现代的广角成像、眼底自发荧光（FAF）及光学相干断层扫描（OCT）。这些技术极大地提升了对视网膜血管渗透性、灌注情况及微观结构的观察能力，使临床医生能够识别并解释复杂的病理过程。
2.  **系统化的分类与诊断**：全书采用颜色编码系统对不同成像模式（如荧光素血管造影、ICG血管造影、OCT等）进行分类，便于读者快速检索和识别。书中涵盖了多种视网膜病变，包括镰状细胞视网膜病变、视网膜母细胞瘤、副肿瘤综合征以及有髓神经纤维（MNF）等。
3.  **临床案例分析**：通过大量高质量的影像资料，书稿展示了疾病的典型表现与进展。例如，在镰状细胞视网膜病变中，详细记录了周边视网膜缺血、动静脉吻合、海扇样新生血管及随后的纤维化与牵拉性视网膜脱离；在视网膜母细胞瘤部分，探讨了动脉内化学减量治疗等现代治疗手段对眼球保存的意义。
4.  **教育与传承**：该书不仅是医学影像的汇编，更体现了对视网膜病学领域教育与 mentorship 的重视。编者强调了团队协作在病例收集与研究中的作用，旨在为全球视网膜病学界提供一份持续更新的综合性诊断资源。

总体而言，本书通过对视网膜疾病成像的深入剖析，为临床医生提供了从基础病理到前沿影像诊断的全面指导，是视网膜医学领域的重要参考著作。",completed,ff1537b8-a4d5-4bf1-a5a2-1ef308d374b6,"# Summary
《视网膜图谱》（第二版）是一部全面涵盖视网膜疾病诊断与成像技术的权威参考书。该书由 K. Bailey Freund、David Sarraf 等专家编撰，旨在通过丰富的临床影像资料，展示视网膜疾病的解剖结构与病理生理特征。

本书的核心内容与特点包括：

1.  **影像技术的发展与应用**：书中详细介绍了视网膜成像技术的演变，从早期的直接检眼镜和黑白眼底摄影，到现代的广角成像、眼底自发荧光（FAF）及光学相干断层扫描（OCT）。这些技术极大地提升了对视网膜血管渗透性、灌注情况及微观结构的观察能力，使临床医生能够识别并解释复杂的病理过程。
2.  **系统化的分类与诊断**：全书采用颜色编码系统对不同成像模式（如荧光素血管造影、ICG血管造影、OCT等）进行分类，便于读者快速检索和识别。书中涵盖了多种视网膜病变，包括镰状细胞视网膜病变、视网膜母细胞瘤、副肿瘤综合征以及有髓神经纤维（MNF）等。
3.  **临床案例分析**：通过大量高质量的影像资料，书稿展示了疾病的典型表现与进展。例如，在镰状细胞视网膜病变中，详细记录了周边视网膜缺血、动静脉吻合、海扇样新生血管及随后的纤维化与牵拉性视网膜脱离；在视网膜母细胞瘤部分，探讨了动脉内化学减量治疗等现代治疗手段对眼球保存的意义。
4.  **教育与传承**：该书不仅是医学影像的汇编，更体现了对视网膜病学领域教育与 mentorship 的重视。编者强调了团队协作在病例收集与研究中的作用，旨在为全球视网膜病学界提供一份持续更新的综合性诊断资源。

总体而言，本书通过对视网膜疾病成像的深入剖析，为临床医生提供了从基础病理到前沿影像诊断的全面指导，是视网膜医学领域的重要参考著作。",6613ad89-6584-4c6e-b79b-112e6d2711f1
06-眼底病与视网膜内科,f900fe21-9deb-47e0-bf36-ce06022cae92,10000,053a9fb9-0fb3-465f-a3ff-89c5a831c6be,Springer-Diseases of the Vitreo-Macular Interface-Arun D Singh 2014_weknora.mhtml,Springer-Diseases of the Vitreo-Macular Interface-Arun D Singh 2014_weknora.mhtml,"该文献探讨了玻璃体-黄斑界面（VMI）疾病的病理生理学、临床表现及治疗进展。作为该领域首部系统性专著，本书旨在填补对玻璃体及其与视网膜相互作用认识的空白。

核心内容包括以下几个方面：

1.  **病理生理学基础**：玻璃体随年龄增长会经历液化和胶原纤维浓缩，导致后玻璃体脱离（PVD）。当这一自然过程发生异常，产生不完全的玻璃体分离时，会引发玻璃体-黄斑牵引（VMT）及相关病理改变。研究指出，VMT不仅与黄斑裂孔、黄斑前膜及近视性黄斑劈裂等疾病直接相关，还可能在糖尿病黄斑水肿及年龄相关性黄斑变性（AMD）的病理过程中起到推波助澜的作用。

2.  **影像学诊断的演进**：光学相干断层扫描（OCT）技术的应用是理解VMI疾病的关键。通过高分辨率成像，临床医生能够识别以往无法察觉的微小牵引结构。文献详细讨论了OCT的噪声抑制技术，包括通过多次扫描叠加（如Spectralis OCT的追踪系统）或内部过采样算法（如Cirrus HD-OCT的后处理技术）来提升图像质量，从而更清晰地观察玻璃体结构及视网膜表面病变。

3.  **治疗策略的转变**：治疗手段已从传统的观察和手术（玻璃体切除术）扩展至药物治疗。随着玻璃体溶解药物的获批，非手术干预成为重要的新方向。书中探讨了各类治疗路径，并强调了临床试验在优化这些策略中的重要性。

4.  **未来展望**：作者指出，尽管目前在理解VMI疾病方面取得了显著进展，但仍需进一步优化治疗方案，并建立统一的术语体系。未来的研究重点在于改进成像技术（如利用线性阵列超声和新型分割算法），以及通过更深入的临床研究明确各类治疗手段的适用范围，从而为患者提供更精准的诊疗支持。",completed,4dfae77e-f994-4b99-938d-4c5e5d58772e,"# Summary
该文献探讨了玻璃体-黄斑界面（VMI）疾病的病理生理学、临床表现及治疗进展。作为该领域首部系统性专著，本书旨在填补对玻璃体及其与视网膜相互作用认识的空白。

核心内容包括以下几个方面：

1.  **病理生理学基础**：玻璃体随年龄增长会经历液化和胶原纤维浓缩，导致后玻璃体脱离（PVD）。当这一自然过程发生异常，产生不完全的玻璃体分离时，会引发玻璃体-黄斑牵引（VMT）及相关病理改变。研究指出，VMT不仅与黄斑裂孔、黄斑前膜及近视性黄斑劈裂等疾病直接相关，还可能在糖尿病黄斑水肿及年龄相关性黄斑变性（AMD）的病理过程中起到推波助澜的作用。

2.  **影像学诊断的演进**：光学相干断层扫描（OCT）技术的应用是理解VMI疾病的关键。通过高分辨率成像，临床医生能够识别以往无法察觉的微小牵引结构。文献详细讨论了OCT的噪声抑制技术，包括通过多次扫描叠加（如Spectralis OCT的追踪系统）或内部过采样算法（如Cirrus HD-OCT的后处理技术）来提升图像质量，从而更清晰地观察玻璃体结构及视网膜表面病变。

3.  **治疗策略的转变**：治疗手段已从传统的观察和手术（玻璃体切除术）扩展至药物治疗。随着玻璃体溶解药物的获批，非手术干预成为重要的新方向。书中探讨了各类治疗路径，并强调了临床试验在优化这些策略中的重要性。

4.  **未来展望**：作者指出，尽管目前在理解VMI疾病方面取得了显著进展，但仍需进一步优化治疗方案，并建立统一的术语体系。未来的研究重点在于改进成像技术（如利用线性阵列超声和新型分割算法），以及通过更深入的临床研究明确各类治疗手段的适用范围，从而为患者提供更精准的诊疗支持。",804979c8-cb9b-4123-99da-b275557b8b6d
07-玻璃体视网膜外科,a6b50bbd-5223-4776-88b7-ac57a59a3fcf,10000,a373e83a-c860-4265-983d-3d4aea331bbb,玻璃体显微手术学（第5版）-Steve Charles、Jorge Calzada、Byron Wood 2013_weknora.mhtml,玻璃体显微手术学（第5版）-Steve Charles、Jorge Calzada、Byron Wood 2013_weknora.mhtml,"《玻璃体显微手术学》（第5版）是一部眼科学专著，由Steve Charles等美国学者著、解正高主译，人民军医出版社出版。本次提供的文本涵盖该书多个章节的核心内容。

在“术前评估”部分，书中强调玻璃体手术已扩展至更多眼病，25G微创玻璃体切割术减少了并发症，使黄斑前膜等患者也能受益。医师需亲自检查患者双眼，与患者及其家属坦诚沟通手术成功概率、并发症风险及术后注意事项，并关注患者经济状况。全身因素方面，需评估年龄、糖尿病、心肺疾病、肥胖及阻塞性睡眠呼吸暂停综合征等对麻醉和手术的影响，提倡个体化治疗方案。眼部检查方面，重点包括视功能检查（视力、光感、手动、指数等的规范操作）、对比敏感度、视物变形、视野、内视现象、辨色力、Maddox杆点测试、两点分辨试验及激光干涉视力等心理物理学检查，并指出这些检查存在假阳性和假阴性，作者目前仅用视力评估视功能。此外还涉及瞳孔检查（传入性瞳孔阻滞）、裂隙灯检查角膜/虹膜/晶状体/眼压，以及玻璃体形态结构和视网膜检查，强调理解玻璃体后脱离和玻璃体对视网膜牵拉的重要性。

在视网膜裂孔激光治疗部分，书中讨论了治疗指征（如带瓣裂孔、上方裂孔等）、激光能量与光斑间距的选择、环形光凝技巧及与冷凝术的比较，指出冷凝可能增加PVR风险，激光则即时黏合且炎症轻。

充气性视网膜固定术部分，作者介绍了其适应症（上方单纯视网膜脱离）和操作要点，主张避免冷凝以减少PVR，若注气后未复位则改行玻璃体切割术。

“术后随访”部分强调术后3周内密切观察PVR、网脱等并发症，糖尿病患者需更频繁复查。

“手术医师的自我训练”部分指出术者需通过模拟器、动物眼等反复练习，诚实评估自身立体视、色觉和心理素质，系统收集分析手术结果并与同行比较，加强团队教育及与器械公司的合作，以持续改进技术。",completed,274a29a4-92fa-4df3-8906-5d0ba5c555c9,"# Summary
《玻璃体显微手术学》（第5版）是一部眼科学专著，由Steve Charles等美国学者著、解正高主译，人民军医出版社出版。本次提供的文本涵盖该书多个章节的核心内容。

在“术前评估”部分，书中强调玻璃体手术已扩展至更多眼病，25G微创玻璃体切割术减少了并发症，使黄斑前膜等患者也能受益。医师需亲自检查患者双眼，与患者及其家属坦诚沟通手术成功概率、并发症风险及术后注意事项，并关注患者经济状况。全身因素方面，需评估年龄、糖尿病、心肺疾病、肥胖及阻塞性睡眠呼吸暂停综合征等对麻醉和手术的影响，提倡个体化治疗方案。眼部检查方面，重点包括视功能检查（视力、光感、手动、指数等的规范操作）、对比敏感度、视物变形、视野、内视现象、辨色力、Maddox杆点测试、两点分辨试验及激光干涉视力等心理物理学检查，并指出这些检查存在假阳性和假阴性，作者目前仅用视力评估视功能。此外还涉及瞳孔检查（传入性瞳孔阻滞）、裂隙灯检查角膜/虹膜/晶状体/眼压，以及玻璃体形态结构和视网膜检查，强调理解玻璃体后脱离和玻璃体对视网膜牵拉的重要性。

在视网膜裂孔激光治疗部分，书中讨论了治疗指征（如带瓣裂孔、上方裂孔等）、激光能量与光斑间距的选择、环形光凝技巧及与冷凝术的比较，指出冷凝可能增加PVR风险，激光则即时黏合且炎症轻。

充气性视网膜固定术部分，作者介绍了其适应症（上方单纯视网膜脱离）和操作要点，主张避免冷凝以减少PVR，若注气后未复位则改行玻璃体切割术。

“术后随访”部分强调术后3周内密切观察PVR、网脱等并发症，糖尿病患者需更频繁复查。

“手术医师的自我训练”部分指出术者需通过模拟器、动物眼等反复练习，诚实评估自身立体视、色觉和心理素质，系统收集分析手术结果并与同行比较，加强团队教育及与器械公司的合作，以持续改进技术。",1185e896-8584-4485-bcd7-ab47d1112655
01-眼科综合：基础与全身病,09c593aa-1a64-48de-af81-fc4d30d551b4,10000,01946a65-9bc2-4365-8be7-e576ce4f8f0a,AAO-Fundamentals and Principles of Ophthalmology-Vikram S Brar 2021_weknora.mhtml,AAO-Fundamentals and Principles of Ophthalmology-Vikram S Brar 2021_weknora.mhtml,"该文档是《基础与临床科学课程》第2节《眼科学基础与原理》的导论及部分节选，旨在为眼科住院医师和临床医生提供涵盖基础科学与临床实践的综合性自学教材。课程每年更新，由多个眼科专业 faculty 和编辑团队共同编写、审阅，内容分为13个部分，并配有参考文献、视频、互动活动、自测题及继续医学教育（CME）和认证维护（MOC）相关要求。

本节的学习目标覆盖眼眶、眼球运动和神经血管解剖等基础知识，包括识别眼眶骨壁与孔道、颅神经及其走行、眼外肌起止点，以及眼眶和视神经的动静脉循环、颈内外动脉吻合和静脉回流等内容。文档还强调教材具有教育参考性质，不能替代医生的临床判断，药物和治疗建议应结合最新权威资料、产品说明书及患者具体情况进行核实。

节选部分进一步讨论房水的生物学组成和功能。房水中含有蛋白酶、蛋白酶抑制剂、纤溶酶系统成分、神经营养及神经内分泌蛋白和多种生长调节因子。这些成分可能参与蛋白质代谢、房水外流阻力、眼压调节、房水分泌、昼夜节律、组织修复以及眼内免疫特权；蛋白酶与抑制剂失衡可能改变房水组成并与青光眼等疾病相关。

文档末尾的自测解析涉及眼表和角膜生理：睑板腺及Zeis腺形成泪膜外层脂质层，泪腺及副泪腺形成黏液水液层；严重眼表疾病和LASIK术后泪液MMP-9可升高。角膜内皮为单层六角形细胞，细胞密度随年龄下降；低氧时乳酸积聚增加基质渗透负荷，导致角膜水肿。血房水屏障则限制血浆蛋白进入房水，主要由无色素睫状上皮紧密连接、虹膜血管及Schlemm管内壁组成。",completed,1433c448-ef99-49f0-97e3-d5539affe7fc,"# Summary
该文档是《基础与临床科学课程》第2节《眼科学基础与原理》的导论及部分节选，旨在为眼科住院医师和临床医生提供涵盖基础科学与临床实践的综合性自学教材。课程每年更新，由多个眼科专业 faculty 和编辑团队共同编写、审阅，内容分为13个部分，并配有参考文献、视频、互动活动、自测题及继续医学教育（CME）和认证维护（MOC）相关要求。

本节的学习目标覆盖眼眶、眼球运动和神经血管解剖等基础知识，包括识别眼眶骨壁与孔道、颅神经及其走行、眼外肌起止点，以及眼眶和视神经的动静脉循环、颈内外动脉吻合和静脉回流等内容。文档还强调教材具有教育参考性质，不能替代医生的临床判断，药物和治疗建议应结合最新权威资料、产品说明书及患者具体情况进行核实。

节选部分进一步讨论房水的生物学组成和功能。房水中含有蛋白酶、蛋白酶抑制剂、纤溶酶系统成分、神经营养及神经内分泌蛋白和多种生长调节因子。这些成分可能参与蛋白质代谢、房水外流阻力、眼压调节、房水分泌、昼夜节律、组织修复以及眼内免疫特权；蛋白酶与抑制剂失衡可能改变房水组成并与青光眼等疾病相关。

文档末尾的自测解析涉及眼表和角膜生理：睑板腺及Zeis腺形成泪膜外层脂质层，泪腺及副泪腺形成黏液水液层；严重眼表疾病和LASIK术后泪液MMP-9可升高。角膜内皮为单层六角形细胞，细胞密度随年龄下降；低氧时乳酸积聚增加基质渗透负荷，导致角膜水肿。血房水屏障则限制血浆蛋白进入房水，主要由无色素睫状上皮紧密连接、虹膜血管及Schlemm管内壁组成。",9f4efb43-e374-4458-8ef4-2e6b61ca2e94
16-检查：CT 与 MRI,c9231d63-fc70-4995-be25-876189e90f6d,10000,2b0434f0-7fcc-4235-8c6a-a074495d0eac,Atlas of Orbital Imaging-Guy Ben Simon 2022_weknora.mhtml,Atlas of Orbital Imaging-Guy Ben Simon 2022_weknora.mhtml,"文档节选围绕眼眶影像学与相关解剖、病变及术后重建展开。首先介绍眼眶的总体结构：眼眶是基底向前、尖端向后内侧的方锥形骨性腔，由额骨、蝶骨、颧骨、泪骨、上颌骨、筛骨和腭骨共同构成，内部容纳眼球、视神经、眼外肌、相关颅神经、泪腺及泪道等结构。眼眶分为顶、底、内侧壁和外侧壁，并通过视神经管、眶上裂和眶下裂与颅腔、翼腭窝及颞下窝相通。文中还详细描述了泪囊窝、鼻泪管、筛前及筛后孔、眶下管以及视神经管与蝶窦和蝶骨的解剖关系。

影像学方面，CT，尤其是骨窗及三维重建，被认为是评估眼眶骨结构的首选方法；MRI可作为补充，用于某些骨性病变，特别是判断骨髓受累。图示涵盖眼眶各壁、眶缘、裂隙、神经孔道、邻近鼻窦和颅底结构，以及眼球、视神经和前部视觉通路的关系。

节选的另一部分讨论皮肤黑色素瘤的眼眶转移。病变常表现为边界清楚、可位于眼外肌、肌锥内外、泪囊或眶静脉走行区的肿块，MRI可见T1信号不均或偏高、T2低信号，通常强化并具有FDG摄取，低ADC可能有助于诊断。临床上常见复视、眼球突出和上睑下垂，诊断依靠眶内活检。免疫检查点抑制剂的应用改善了治疗效果，部分转移灶可在MRI上完全消退。

最后，图例展示了眼球摘除、创伤及眼眶重建后的表现，包括Medpor多孔聚乙烯植入物、钛网、整合型眶球植入物、纤维血管长入、义眼和巩膜壳，以及眶底骨折伴眼眶脂肪和下直肌脱垂等影像特征。",completed,0af24b2b-f4cc-4026-884c-f3813a0232e2,"# Summary
文档节选围绕眼眶影像学与相关解剖、病变及术后重建展开。首先介绍眼眶的总体结构：眼眶是基底向前、尖端向后内侧的方锥形骨性腔，由额骨、蝶骨、颧骨、泪骨、上颌骨、筛骨和腭骨共同构成，内部容纳眼球、视神经、眼外肌、相关颅神经、泪腺及泪道等结构。眼眶分为顶、底、内侧壁和外侧壁，并通过视神经管、眶上裂和眶下裂与颅腔、翼腭窝及颞下窝相通。文中还详细描述了泪囊窝、鼻泪管、筛前及筛后孔、眶下管以及视神经管与蝶窦和蝶骨的解剖关系。

影像学方面，CT，尤其是骨窗及三维重建，被认为是评估眼眶骨结构的首选方法；MRI可作为补充，用于某些骨性病变，特别是判断骨髓受累。图示涵盖眼眶各壁、眶缘、裂隙、神经孔道、邻近鼻窦和颅底结构，以及眼球、视神经和前部视觉通路的关系。

节选的另一部分讨论皮肤黑色素瘤的眼眶转移。病变常表现为边界清楚、可位于眼外肌、肌锥内外、泪囊或眶静脉走行区的肿块，MRI可见T1信号不均或偏高、T2低信号，通常强化并具有FDG摄取，低ADC可能有助于诊断。临床上常见复视、眼球突出和上睑下垂，诊断依靠眶内活检。免疫检查点抑制剂的应用改善了治疗效果，部分转移灶可在MRI上完全消退。

最后，图例展示了眼球摘除、创伤及眼眶重建后的表现，包括Medpor多孔聚乙烯植入物、钛网、整合型眶球植入物、纤维血管长入、义眼和巩膜壳，以及眶底骨折伴眼眶脂肪和下直肌脱垂等影像特征。",68464deb-6341-4bf3-a683-bc265a4f3ca8
03-白内障：晶状体与人工晶体,a0f47c80-3a66-46c8-8315-43b41ce357ea,10000,ebdc085a-eec5-4da3-bb90-4afd82c425ce,Cataract Surgery-Adi Abulafia 2022 weknora.mhtml,Cataract Surgery-Adi Abulafia 2022 weknora.mhtml,"文档介绍白内障相关的基础病理、术前评估、晶状体度数计算及术后屈光问题处理，重点节选了白内障形成机制、超硬核白内障手术要点和屈光增强方案。

晶状体胚胎发育始于妊娠早期，至妊娠第8周左右完成主要结构形成。晶状体纤维不断增生，依次形成胚胎核、胎儿核、婴幼儿核、成人核及皮质。正常晶状体为透明双凸结构，通过悬韧带与睫状体相连，并在调节过程中改变形状。白内障是晶状体发生不同程度混浊的状态，常与晶状体蛋白聚集及光散射增加有关。年龄相关性核性白内障最常见，氧化应激和渗透应激是重要机制；其中谷胱甘肽抗氧化能力下降、蛋白聚集、膜损伤，以及糖尿病时多元醇和山梨醇积聚造成的细胞肿胀，均可促进混浊形成。LOCS III系统可对核性混浊、核颜色、皮质及后囊下混浊进行标准化分级，以便于临床监测和研究比较。

在超硬核白内障手术中，切口构造对维持前房稳定性至关重要，应形成良好的双平面或三平面、自封闭切口，必要时可预留转换为手法小切口白内障手术的条件。撕囊前可使用台盼蓝增强前囊显示，并通过软壳技术或高黏弹性物质稳定前房、压平前囊，减少撕囊放射状撕裂。对于膨胀性或含液化皮质的致密白内障，可先穿刺吸除液化成分；纤维化前囊有时需要显微剪辅助。

术后残余屈光误差应先分析其原因，再根据误差程度和眼部条件选择治疗。低度误差可考虑激光视力矫正；较大误差可采用附加人工晶状体或人工晶状体置换，后者适用于初始人工晶状体错误、损坏或其本身导致视觉质量不佳的情况。针对老视，还可选择单眼视、PresbyLASIK、角膜嵌体及多焦点附加人工晶状体。可调节人工晶状体通过紫外线照射改变曲率，有望减少二次屈光手术需求。",completed,ee57974d-1aac-4848-9515-aaeefcb353bf,"# Summary
文档介绍白内障相关的基础病理、术前评估、晶状体度数计算及术后屈光问题处理，重点节选了白内障形成机制、超硬核白内障手术要点和屈光增强方案。

晶状体胚胎发育始于妊娠早期，至妊娠第8周左右完成主要结构形成。晶状体纤维不断增生，依次形成胚胎核、胎儿核、婴幼儿核、成人核及皮质。正常晶状体为透明双凸结构，通过悬韧带与睫状体相连，并在调节过程中改变形状。白内障是晶状体发生不同程度混浊的状态，常与晶状体蛋白聚集及光散射增加有关。年龄相关性核性白内障最常见，氧化应激和渗透应激是重要机制；其中谷胱甘肽抗氧化能力下降、蛋白聚集、膜损伤，以及糖尿病时多元醇和山梨醇积聚造成的细胞肿胀，均可促进混浊形成。LOCS III系统可对核性混浊、核颜色、皮质及后囊下混浊进行标准化分级，以便于临床监测和研究比较。

在超硬核白内障手术中，切口构造对维持前房稳定性至关重要，应形成良好的双平面或三平面、自封闭切口，必要时可预留转换为手法小切口白内障手术的条件。撕囊前可使用台盼蓝增强前囊显示，并通过软壳技术或高黏弹性物质稳定前房、压平前囊，减少撕囊放射状撕裂。对于膨胀性或含液化皮质的致密白内障，可先穿刺吸除液化成分；纤维化前囊有时需要显微剪辅助。

术后残余屈光误差应先分析其原因，再根据误差程度和眼部条件选择治疗。低度误差可考虑激光视力矫正；较大误差可采用附加人工晶状体或人工晶状体置换，后者适用于初始人工晶状体错误、损坏或其本身导致视觉质量不佳的情况。针对老视，还可选择单眼视、PresbyLASIK、角膜嵌体及多焦点附加人工晶状体。可调节人工晶状体通过紫外线照射改变曲率，有望减少二次屈光手术需求。",12ec4958-4614-4623-a07e-6f6e5a0c207b
06-眼底病与视网膜内科,f900fe21-9deb-47e0-bf36-ce06022cae92,10000,f58abaae-0b53-4996-a560-0fdd78c69160,Muller Cells in the Healthy and Diseased Retina-Andreas Reichenbach 2010_weknora.mhtml,Muller Cells in the Healthy and Diseased Retina-Andreas Reichenbach 2010_weknora.mhtml,"米勒细胞（Müller cells）是脊椎动物视网膜中主要的宏胶质细胞，在视网膜的生理功能及病理反应中发挥着核心作用。尽管米勒细胞在神经系统细胞总数中占比极小，但它们在支持神经元功能、维持视网膜稳态及视觉适应方面具有高度的特异性和多功能性。

本文档的核心内容涵盖了以下几个关键点：

1.  **米勒细胞的多重功能**：作为视网膜中唯一的宏胶质细胞，米勒细胞承担了多种支持性任务，包括神经递质的回收（如谷氨酸循环）、光线传导、水盐平衡调节以及对视网膜神经元的营养支持。它们被视为一种“模型胶质细胞”，通过在多种矛盾功能之间建立平衡，优化了视网膜的视觉功能。
2.  **离子与渗透压稳态的调节**：米勒细胞通过Kir4.1钾离子通道和水通道蛋白-4（AQP4）调节视网膜的离子与水分分布。研究表明，这些蛋白的膜锚定与分布受到营养不良蛋白复合物（如Dp71）的调控。在发育过程中，Kir4.1和AQP4的表达是米勒细胞建立渗透压稳态的关键，其缺失会导致细胞在低渗环境下发生肿胀。
3.  **物种与区域异质性**：米勒细胞在不同物种及同一视网膜的不同区域表现出显著的异质性。例如，不同物种在受体表达（如GABA_A受体或P2X7受体）及形态结构上存在差异，这种多样性反映了米勒细胞对特定视网膜环境和视觉需求的适应性。
4.  **病理反应与再生潜力**：在视网膜损伤或疾病状态下，米勒细胞会发生“胶质增生”（gliosis），表现为基因表达的改变（如Kir4.1和AQP4的下调）及细胞周期的重新激活。理解这些细胞从正常生理状态切换至病理状态的机制，对于开发眼科疾病的治疗策略具有重要意义，特别是通过诱导米勒细胞表现出干细胞特性以实现组织修复的潜力。

综上所述，米勒细胞不仅是视网膜的结构支撑，更是维持视觉系统正常运作及应对病理挑战的关键调节者。其高度的适应性与功能多样性，使其成为当前神经科学与眼科学研究的重要焦点。",completed,a153c711-ad30-40fe-b487-0281bd2b1a15,"# Summary
米勒细胞（Müller cells）是脊椎动物视网膜中主要的宏胶质细胞，在视网膜的生理功能及病理反应中发挥着核心作用。尽管米勒细胞在神经系统细胞总数中占比极小，但它们在支持神经元功能、维持视网膜稳态及视觉适应方面具有高度的特异性和多功能性。

本文档的核心内容涵盖了以下几个关键点：

1.  **米勒细胞的多重功能**：作为视网膜中唯一的宏胶质细胞，米勒细胞承担了多种支持性任务，包括神经递质的回收（如谷氨酸循环）、光线传导、水盐平衡调节以及对视网膜神经元的营养支持。它们被视为一种“模型胶质细胞”，通过在多种矛盾功能之间建立平衡，优化了视网膜的视觉功能。
2.  **离子与渗透压稳态的调节**：米勒细胞通过Kir4.1钾离子通道和水通道蛋白-4（AQP4）调节视网膜的离子与水分分布。研究表明，这些蛋白的膜锚定与分布受到营养不良蛋白复合物（如Dp71）的调控。在发育过程中，Kir4.1和AQP4的表达是米勒细胞建立渗透压稳态的关键，其缺失会导致细胞在低渗环境下发生肿胀。
3.  **物种与区域异质性**：米勒细胞在不同物种及同一视网膜的不同区域表现出显著的异质性。例如，不同物种在受体表达（如GABA_A受体或P2X7受体）及形态结构上存在差异，这种多样性反映了米勒细胞对特定视网膜环境和视觉需求的适应性。
4.  **病理反应与再生潜力**：在视网膜损伤或疾病状态下，米勒细胞会发生“胶质增生”（gliosis），表现为基因表达的改变（如Kir4.1和AQP4的下调）及细胞周期的重新激活。理解这些细胞从正常生理状态切换至病理状态的机制，对于开发眼科疾病的治疗策略具有重要意义，特别是通过诱导米勒细胞表现出干细胞特性以实现组织修复的潜力。

综上所述，米勒细胞不仅是视网膜的结构支撑，更是维持视觉系统正常运作及应对病理挑战的关键调节者。其高度的适应性与功能多样性，使其成为当前神经科学与眼科学研究的重要焦点。",333c0ca2-9a2d-4ce3-bb49-774fcf77917a
04-屈光与视光：近视、接触镜与低视力,c73385b9-c154-4103-a93e-2d4c31f2423a,10000,1d4ca48a-e919-4968-82cd-ae186235564b,AAO-Clinical Optics-Scott E Brodie 2021_weknora.mhtml,AAO-Clinical Optics-Scott E Brodie 2021_weknora.mhtml,"该文档是美国眼科学会《基础与临床科学课程》（BCSC）第3节《临床光学》2020—2021版的教材节选，面向眼科住院医师和临床医生，旨在通过系统学习和测试提升眼科知识。教材同时包含继续医学教育（CME）说明、版权与免责声明、编委及审阅人员名单、财务关系披露，以及课程修订和教学组织信息。完成第3节课后测试并达到80%或以上，方可申请相应的CME学分。

节选的临床内容重点讨论调节、集合及屈光矫正之间的关系。AC/A比值可通过梯度法测量：在固定远距离目标下加入负球镜以刺激调节，或在近距离目标下加入正球镜以放松调节，并根据眼位变化计算比值。异常AC/A比值可能增加融合机制负担，引起视疲劳或显性斜视，因此在验配眼镜时需要予以考虑。

文中还比较了框架眼镜与接触镜对调节和集合的影响。由于顶点距不同，近距离物体在两种矫正方式下所需的调节量不同：近视患者改戴接触镜后通常需要更多调节，可能提前出现老视症状；远视患者则在框架眼镜下需要更多调节。集合方面，框架眼镜会产生与屈光状态相关的棱镜效应，近视时可减少集合需求，远视时则增加集合需求，这些效应可影响近距离内斜视的矫正。

后部题目解析涉及多项临床光学和视觉功能知识，包括扫描激光偏振计利用视网膜神经纤维层的双折射测量其厚度、直接检眼镜的放大率及屈光状态对视盘大小的影响、Charles Bonnet综合征的诊断特征、美国法定盲的视野标准、黄斑旁中心视野缺损对阅读大字体的影响、对比敏感度与空间频率的关系，以及高阅读附加度数导致工作距离缩短的计算方法。",completed,9b207c4d-d207-44b7-b06b-19c9d3b8bab2,"# Summary
该文档是美国眼科学会《基础与临床科学课程》（BCSC）第3节《临床光学》2020—2021版的教材节选，面向眼科住院医师和临床医生，旨在通过系统学习和测试提升眼科知识。教材同时包含继续医学教育（CME）说明、版权与免责声明、编委及审阅人员名单、财务关系披露，以及课程修订和教学组织信息。完成第3节课后测试并达到80%或以上，方可申请相应的CME学分。

节选的临床内容重点讨论调节、集合及屈光矫正之间的关系。AC/A比值可通过梯度法测量：在固定远距离目标下加入负球镜以刺激调节，或在近距离目标下加入正球镜以放松调节，并根据眼位变化计算比值。异常AC/A比值可能增加融合机制负担，引起视疲劳或显性斜视，因此在验配眼镜时需要予以考虑。

文中还比较了框架眼镜与接触镜对调节和集合的影响。由于顶点距不同，近距离物体在两种矫正方式下所需的调节量不同：近视患者改戴接触镜后通常需要更多调节，可能提前出现老视症状；远视患者则在框架眼镜下需要更多调节。集合方面，框架眼镜会产生与屈光状态相关的棱镜效应，近视时可减少集合需求，远视时则增加集合需求，这些效应可影响近距离内斜视的矫正。

后部题目解析涉及多项临床光学和视觉功能知识，包括扫描激光偏振计利用视网膜神经纤维层的双折射测量其厚度、直接检眼镜的放大率及屈光状态对视盘大小的影响、Charles Bonnet综合征的诊断特征、美国法定盲的视野标准、黄斑旁中心视野缺损对阅读大字体的影响、对比敏感度与空间频率的关系，以及高阅读附加度数导致工作距离缩短的计算方法。",feabe7d6-fec3-4842-91af-92a6b0d130b9
13-眼外伤与急症,06e9888f-5d59-49c9-9218-d078b456f01b,10000,bfcaeb7c-0972-43c4-8cc9-d187a4acd654,眼外伤临床精粹-肖天林 2013_weknora.mhtml,眼外伤临床精粹-肖天林 2013_weknora.mhtml,"《眼外伤临床精粹》（主编肖天林、吴文灿、王勤美，湖北科学技术出版社2013年出版）系统论述了眼外伤的流行病学、定义范畴、分类及临床诊治。全书核心内容包括以下几个方面。

在流行病学方面，眼外伤是中青年人常见的致盲性眼病，是单眼盲目和眼球摘除的最主要原因。美国眼外伤登记网数据显示，美国每年约240万眼外伤患者，40%的单眼盲目由眼外伤引起，发生率约0.36%，家庭已成为最主要致伤场所（40%），钝器致伤居首（31%），78%发生在无防护情况下。印度贫民窟调查眼外伤发生率2.4%，农村40岁以上人群为4.5%，较美国约高10倍。我国北京某地区40岁以上人群发生率1.6%，介于美国与印度之间；1999年调查显示眼外伤占十种眼病的9.44%。温州某院2004—2007年1704例住院眼外伤统计显示：20～40岁占50%以上，男女比4.9:1，工人占73.8%，以角膜穿通伤（42.7%）为主，老年人盲目率（42.14%）和眼球摘除率（5%）最高。

在定义与分类上，眼外伤指外界物体引起的眼部损伤，不包括体内代谢毒素所致病变，分为机械性与非机械性眼外伤。国际BETTS分类将机械性眼外伤分为闭合性与开放性，并界定钝挫伤、板层裂伤、破裂伤、裂伤、穿通伤、贯通伤等概念，同时从类型、视力分级、瞳孔反应（RAPD）及分区四方面进行系统分类；我国传统分类则按致伤物性质划分。

临床部分涉及黄斑外伤、玻璃体视网膜手术及外伤性眼内炎。外伤性黄斑出血可保守治疗或采用视网膜下注射tPA、玻璃体腔注气等手术；黄斑裂孔按OCT表现分为Ⅰ～Ⅳ期，有10%～60%自愈率，较大裂孔及伴视网膜脱离者需行玻璃体切割联合内界膜剥离术。玻璃体视网膜手术分为外路与内路（玻璃体切割），常规20G手术包括三通道切口、玻璃体切割、裂孔封闭及眼内填塞等步骤，器械方面介绍了BIOM、OFFISS等广角镜系统。外伤性眼内炎部分讨论了蜡样芽孢杆菌（病情凶险，常致眼球摘除）与地衣芽孢杆菌（极少见）感染病例，并提出了按累及部位分类的观点：前部眼内炎（约10%，前房冲洗加玻璃体腔注药即可）、后部眼内炎（0～3%）及全眼内炎（约90%，多需玻璃体切割，预后较差）；作者强调此分类有助于治疗方案的制定，但眼内炎为进行性疾病，分类可随病情进展而变化，需密切观察。",completed,bab39f27-9baa-4141-b207-29682c7386a9,"# Summary
《眼外伤临床精粹》（主编肖天林、吴文灿、王勤美，湖北科学技术出版社2013年出版）系统论述了眼外伤的流行病学、定义范畴、分类及临床诊治。全书核心内容包括以下几个方面。

在流行病学方面，眼外伤是中青年人常见的致盲性眼病，是单眼盲目和眼球摘除的最主要原因。美国眼外伤登记网数据显示，美国每年约240万眼外伤患者，40%的单眼盲目由眼外伤引起，发生率约0.36%，家庭已成为最主要致伤场所（40%），钝器致伤居首（31%），78%发生在无防护情况下。印度贫民窟调查眼外伤发生率2.4%，农村40岁以上人群为4.5%，较美国约高10倍。我国北京某地区40岁以上人群发生率1.6%，介于美国与印度之间；1999年调查显示眼外伤占十种眼病的9.44%。温州某院2004—2007年1704例住院眼外伤统计显示：20～40岁占50%以上，男女比4.9:1，工人占73.8%，以角膜穿通伤（42.7%）为主，老年人盲目率（42.14%）和眼球摘除率（5%）最高。

在定义与分类上，眼外伤指外界物体引起的眼部损伤，不包括体内代谢毒素所致病变，分为机械性与非机械性眼外伤。国际BETTS分类将机械性眼外伤分为闭合性与开放性，并界定钝挫伤、板层裂伤、破裂伤、裂伤、穿通伤、贯通伤等概念，同时从类型、视力分级、瞳孔反应（RAPD）及分区四方面进行系统分类；我国传统分类则按致伤物性质划分。

临床部分涉及黄斑外伤、玻璃体视网膜手术及外伤性眼内炎。外伤性黄斑出血可保守治疗或采用视网膜下注射tPA、玻璃体腔注气等手术；黄斑裂孔按OCT表现分为Ⅰ～Ⅳ期，有10%～60%自愈率，较大裂孔及伴视网膜脱离者需行玻璃体切割联合内界膜剥离术。玻璃体视网膜手术分为外路与内路（玻璃体切割），常规20G手术包括三通道切口、玻璃体切割、裂孔封闭及眼内填塞等步骤，器械方面介绍了BIOM、OFFISS等广角镜系统。外伤性眼内炎部分讨论了蜡样芽孢杆菌（病情凶险，常致眼球摘除）与地衣芽孢杆菌（极少见）感染病例，并提出了按累及部位分类的观点：前部眼内炎（约10%，前房冲洗加玻璃体腔注药即可）、后部眼内炎（0～3%）及全眼内炎（约90%，多需玻璃体切割，预后较差）；作者强调此分类有助于治疗方案的制定，但眼内炎为进行性疾病，分类可随病情进展而变化，需密切观察。",bf4fe4bf-45b1-4fcd-a1d3-52444a7223b4
13-眼外伤与急症,06e9888f-5d59-49c9-9218-d078b456f01b,10000,aa450a6a-9fbd-4c29-83ae-127972482ba6,眼外伤手术实践与思考-贾金辰 2013_weknora.mhtml,眼外伤手术实践与思考-贾金辰 2013_weknora.mhtml,"该材料为《眼外伤手术实践与思考》一书的出版信息、序言、前言及部分章节正文。该书由贾金辰主编，人民卫生出版社2013年出版，全书共十八章，系统介绍眼睑外伤、泪器外伤、结膜外伤、角巩膜外伤、虹膜外伤、前房积血、外伤性青光眼、晶状体外伤、玻璃体视网膜外伤、眼内炎、眼内异物、眶内异物、眼眶骨折、眼球脱位、眼爆炸伤、眼化学伤、义眼台植入等眼外伤手术治疗内容，配有大量插图，强调术前应思考的问题、手术适应证、手术方法技巧及术中特殊情况的处理，可供各级眼科临床医师参考。

前言和序言指出，眼外伤是临床常见且可预防的重要致盲性眼病，手术是其治疗的重要手段，但病情复杂，常涉及眼球多个部位，并可能合并颅脑、颌面等全身损伤，有时需多学科联合或多次手术。该书是主编及编写团队多年临床经验的总结，旨在弥补国内眼外伤手术专著不足。

正文节选涵盖三方面内容。其一为第一章“眼外伤临床概述及治疗原则”，包括眼外伤分类：按致伤因素分为机械性和非机械性；机械性眼外伤的国际分类明确了破裂伤、裂伤、穿通伤、贯通伤、眼内异物伤等术语，并划分开放性与闭合性眼球损伤的分区。同时介绍病史采集和临床检查要点，强调先评估生命体征和有无危及生命的损伤，化学伤应先冲洗，检查包括视力、眼压、眼睑、泪器、结膜、角膜、前房等，并注意避免对破裂眼球施压，防止眼内容脱出。

其二为眼外伤玻璃体视网膜手术相关章节，阐述了手术目的，如清除混浊玻璃体和机化组织、处理脱位晶状体、复位视网膜、控制眼内炎、取出眼内异物等；分析了临床特点，如角膜透明度差、手术时机要求严格、周边部视网膜损伤重、手术难度大、角巩膜伤口漏水、眼内异物增加难度、常需联合手术、术后易发生眼压异常等；并列出适应证、禁忌证及手术时机选择原则，如早期手术适用于化脓性眼内炎、铜铁或木质异物等情况，常规手术时机一般为伤后7～14天。

其三为第十八章义眼台植入相关内容，讨论义眼台取出术、儿童及婴幼儿义眼台植入的时机与大小选择，指出严重眼睑外伤患者行眼内容摘除时应同时植入义眼台以支撑眼睑愈合；对伴有眶壁骨折者可行眶壁骨折修复联合义眼台植入手术，并介绍了手术适应证、方法和技巧。",completed,be131cfc-6d90-4d20-9103-6cdd22687d78,"# Summary
该材料为《眼外伤手术实践与思考》一书的出版信息、序言、前言及部分章节正文。该书由贾金辰主编，人民卫生出版社2013年出版，全书共十八章，系统介绍眼睑外伤、泪器外伤、结膜外伤、角巩膜外伤、虹膜外伤、前房积血、外伤性青光眼、晶状体外伤、玻璃体视网膜外伤、眼内炎、眼内异物、眶内异物、眼眶骨折、眼球脱位、眼爆炸伤、眼化学伤、义眼台植入等眼外伤手术治疗内容，配有大量插图，强调术前应思考的问题、手术适应证、手术方法技巧及术中特殊情况的处理，可供各级眼科临床医师参考。

前言和序言指出，眼外伤是临床常见且可预防的重要致盲性眼病，手术是其治疗的重要手段，但病情复杂，常涉及眼球多个部位，并可能合并颅脑、颌面等全身损伤，有时需多学科联合或多次手术。该书是主编及编写团队多年临床经验的总结，旨在弥补国内眼外伤手术专著不足。

正文节选涵盖三方面内容。其一为第一章“眼外伤临床概述及治疗原则”，包括眼外伤分类：按致伤因素分为机械性和非机械性；机械性眼外伤的国际分类明确了破裂伤、裂伤、穿通伤、贯通伤、眼内异物伤等术语，并划分开放性与闭合性眼球损伤的分区。同时介绍病史采集和临床检查要点，强调先评估生命体征和有无危及生命的损伤，化学伤应先冲洗，检查包括视力、眼压、眼睑、泪器、结膜、角膜、前房等，并注意避免对破裂眼球施压，防止眼内容脱出。

其二为眼外伤玻璃体视网膜手术相关章节，阐述了手术目的，如清除混浊玻璃体和机化组织、处理脱位晶状体、复位视网膜、控制眼内炎、取出眼内异物等；分析了临床特点，如角膜透明度差、手术时机要求严格、周边部视网膜损伤重、手术难度大、角巩膜伤口漏水、眼内异物增加难度、常需联合手术、术后易发生眼压异常等；并列出适应证、禁忌证及手术时机选择原则，如早期手术适用于化脓性眼内炎、铜铁或木质异物等情况，常规手术时机一般为伤后7～14天。

其三为第十八章义眼台植入相关内容，讨论义眼台取出术、儿童及婴幼儿义眼台植入的时机与大小选择，指出严重眼睑外伤患者行眼内容摘除时应同时植入义眼台以支撑眼睑愈合；对伴有眶壁骨折者可行眶壁骨折修复联合义眼台植入手术，并介绍了手术适应证、方法和技巧。",3a1fb13d-8a28-4cbf-8bb2-6a29080371ae
23-眼科手术与操作技术,0ae37310-b90c-4b5b-9249-14be041abd93,10000,34891283-65a9-459b-9553-b57461d897ae,眼科手术学原理与实践-Spaeth Danesh Meyer 2015_weknora.mhtml,眼科手术学原理与实践-Spaeth Danesh Meyer 2015_weknora.mhtml,"# 眼科手术学 原理与实践

Ophthalmic Surgery: Principles and Practice

第4版

原著 Spaeth, Danesh-Meyer

Goldberg, Kampik

主 译 孙兴怀 陈晓明 谢 琳

本书译自Ophthalmic Surgery: Principles and
Practice，并由Elsevier授权出版

策划编辑 左 巍 刘 歆

责任编辑 刘 歆

封面设计 大 荡方国 赵京津

版式设计 陈 阮

人卫社官网 www.pmph.com 出版物查询，在线购书

销售分类/眼科

人卫医学网 www.ipmph.com
医学考试辅导，医学数据库服务，医学教育资源，大众健康资讯

9787117202770>

定价：298.00元

## 眼科手术学原理与实践

# Ophthalmic Surgery: Principles and Practice 第4版

# 原著 Spaeth, Danesh-Meyer Goldberg, Kampik

主 译 孙兴怀 陈晓明 谢 琳

译者（按姓氏笔画排序）

王嘉健",completed,ad260af8-3d3b-4e35-81d2-aa41720be1ea,"# Summary
# 眼科手术学 原理与实践

Ophthalmic Surgery: Principles and Practice

第4版

原著 Spaeth, Danesh-Meyer

Goldberg, Kampik

主 译 孙兴怀 陈晓明 谢 琳

本书译自Ophthalmic Surgery: Principles and
Practice，并由Elsevier授权出版

策划编辑 左 巍 刘 歆

责任编辑 刘 歆

封面设计 大 荡方国 赵京津

版式设计 陈 阮

人卫社官网 www.pmph.com 出版物查询，在线购书

销售分类/眼科

人卫医学网 www.ipmph.com
医学考试辅导，医学数据库服务，医学教育资源，大众健康资讯

9787117202770>

定价：298.00元

## 眼科手术学原理与实践

# Ophthalmic Surgery: Principles and Practice 第4版

# 原著 Spaeth, Danesh-Meyer Goldberg, Kampik

主 译 孙兴怀 陈晓明 谢 琳

译者（按姓氏笔画排序）

王嘉健",c6f1a901-bfeb-4282-8514-1aeeba90edce
05-青光眼,8bf942e4-80dc-4a8a-87cf-486f897fe2bd,10000,a693c355-dab6-406a-8651-61d6c100c37a,AAO-Glaucoma-Angelo P Tanna 2021_weknora.mhtml,AAO-Glaucoma-Angelo P Tanna 2021_weknora.mhtml,"该文档介绍了美国眼科学会《基础与临床科学课程》（BCSC）2020—2021版及其第10卷《青光眼》的编排、学习目标和部分教学内容。BCSC面向眼科住院医师和临床医生，旨在将基础科学与临床实践相结合，并通过年度修订、参考文献、视频、多媒体资源及自测题帮助学习者更新专业知识。全课程共13卷，涵盖普通医学、眼科基础、视光学、神经眼科、儿童眼科、角膜、葡萄膜炎、青光眼、白内障、视网膜及屈光手术等主题。

第10卷的学习目标包括掌握青光眼的流行病学及社会经济影响、遗传因素、房水动力学和眼压调控，并能够完成青光眼患者的病史采集、眼部检查、房角镜检查、视神经评估和视野检查。读者还需识别青光眼疑似者，理解原发性开角型青光眼、正常眼压性青光眼、继发性开角型青光眼及各种闭角型疾病的临床表现、病因和治疗方法。

节选的专业内容重点讨论房角关闭机制。原发性房角关闭谱系中，瞳孔阻滞是最常见或主要的机制：房水在晶状体—虹膜界面流出受阻，使后房压力升高，周边虹膜前膨并贴近小梁网；这一阻滞在瞳孔中度散大时最明显，通常可通过周边虹膜切开或切除术解除。晶状体前凸程度、较大的晶状体前庭、较厚或体积较大的虹膜，以及较浅小的前房，均与房角狭窄和闭角风险相关。平台虹膜及虹膜因素所致的闭角则与周边虹膜增厚、异常附着或睫状突前移有关。

文末自测题还涉及ICE综合征、原发性闭角型青光眼在中国人群中的致盲影响、先天性青光眼的遗传和儿童眼部测量特点，以及儿童使用α₂选择性肾上腺素能激动剂的严重安全风险。",completed,95c0ac9a-6962-483c-87c6-70f464b19993,"# Summary
该文档介绍了美国眼科学会《基础与临床科学课程》（BCSC）2020—2021版及其第10卷《青光眼》的编排、学习目标和部分教学内容。BCSC面向眼科住院医师和临床医生，旨在将基础科学与临床实践相结合，并通过年度修订、参考文献、视频、多媒体资源及自测题帮助学习者更新专业知识。全课程共13卷，涵盖普通医学、眼科基础、视光学、神经眼科、儿童眼科、角膜、葡萄膜炎、青光眼、白内障、视网膜及屈光手术等主题。

第10卷的学习目标包括掌握青光眼的流行病学及社会经济影响、遗传因素、房水动力学和眼压调控，并能够完成青光眼患者的病史采集、眼部检查、房角镜检查、视神经评估和视野检查。读者还需识别青光眼疑似者，理解原发性开角型青光眼、正常眼压性青光眼、继发性开角型青光眼及各种闭角型疾病的临床表现、病因和治疗方法。

节选的专业内容重点讨论房角关闭机制。原发性房角关闭谱系中，瞳孔阻滞是最常见或主要的机制：房水在晶状体—虹膜界面流出受阻，使后房压力升高，周边虹膜前膨并贴近小梁网；这一阻滞在瞳孔中度散大时最明显，通常可通过周边虹膜切开或切除术解除。晶状体前凸程度、较大的晶状体前庭、较厚或体积较大的虹膜，以及较浅小的前房，均与房角狭窄和闭角风险相关。平台虹膜及虹膜因素所致的闭角则与周边虹膜增厚、异常附着或睫状突前移有关。

文末自测题还涉及ICE综合征、原发性闭角型青光眼在中国人群中的致盲影响、先天性青光眼的遗传和儿童眼部测量特点，以及儿童使用α₂选择性肾上腺素能激动剂的严重安全风险。",d36be7d6-54d4-4598-8c87-b6dc6b478ddf
03-白内障：晶状体与人工晶体,a0f47c80-3a66-46c8-8315-43b41ce357ea,10000,6415b8c1-077f-4be1-8327-8764728280b5,AAO-Lens and Cataract-Linda M Tsai 2021_weknora.mhtml,AAO-Lens and Cataract-Linda M Tsai 2021_weknora.mhtml,"该文档是《基础与临床科学课程（BCSC）》第11节“晶状体与白内障”的教育性内容，面向眼科住院医师和临床医师，旨在整合晶状体基础科学与白内障临床管理知识。课程包括晶状体的正常解剖、胚胎发育、生理和生化，先天性异常及各类先天性和获得性白内障，并讨论白内障与年龄、外伤、药物、全身疾病及眼部疾病的关系。

本节重点培养白内障及其他晶状体异常的评估和治疗能力，包括白内障手术原则、手术技术、相关器械与人工晶状体（IOL）的选择，以及术中和术后并发症的鉴别诊断与处理。内容还涉及特殊病例中需要调整手术方案的情况。BCSC每年修订，由多个专业领域的眼科医师、编辑、住院医师和欧洲眼科专家共同审阅，并配有参考文献、视频、多媒体资源、自测题及继续医学教育要求。

摘录部分特别介绍现代后房型IOL的特点。此类IOL通常可折叠并注射植入，由硅胶或丙烯酸材料制成，具有双凸非球面光学部、方形后缘，可为单片式或三片式。可折叠和可注射设计能够缩小切口、减少手术诱发的角膜散光及污染风险；非球面光学部有助于减少球差、改善对比敏感度。硅胶IOL可能吸附硅油，而亲水性丙烯酸IOL在接触空气或气体后可能发生光学部钙化，某些情况下需取出IOL。

现代白内障手术也日益重视屈光矫正。摘录指出，约40%的患者术前角膜散光达到1.00屈光度或以上；后角膜散光会影响整体散光方向。环曲面IOL每偏离理想轴位1°，有效散光矫正约降低3.3%，偏差超过30°可增加残余散光。此外，文末病例讨论涉及角膜移植后手术、悬韧带离断、纳米眼及青光眼合并白内障等特殊情形，强调粘弹剂、囊袋张力环、手术压力控制及联合或分期手术决策的重要性。",completed,275b4d9d-a05a-41eb-9ae3-e4ed52d8aad4,"# Summary
该文档是《基础与临床科学课程（BCSC）》第11节“晶状体与白内障”的教育性内容，面向眼科住院医师和临床医师，旨在整合晶状体基础科学与白内障临床管理知识。课程包括晶状体的正常解剖、胚胎发育、生理和生化，先天性异常及各类先天性和获得性白内障，并讨论白内障与年龄、外伤、药物、全身疾病及眼部疾病的关系。

本节重点培养白内障及其他晶状体异常的评估和治疗能力，包括白内障手术原则、手术技术、相关器械与人工晶状体（IOL）的选择，以及术中和术后并发症的鉴别诊断与处理。内容还涉及特殊病例中需要调整手术方案的情况。BCSC每年修订，由多个专业领域的眼科医师、编辑、住院医师和欧洲眼科专家共同审阅，并配有参考文献、视频、多媒体资源、自测题及继续医学教育要求。

摘录部分特别介绍现代后房型IOL的特点。此类IOL通常可折叠并注射植入，由硅胶或丙烯酸材料制成，具有双凸非球面光学部、方形后缘，可为单片式或三片式。可折叠和可注射设计能够缩小切口、减少手术诱发的角膜散光及污染风险；非球面光学部有助于减少球差、改善对比敏感度。硅胶IOL可能吸附硅油，而亲水性丙烯酸IOL在接触空气或气体后可能发生光学部钙化，某些情况下需取出IOL。

现代白内障手术也日益重视屈光矫正。摘录指出，约40%的患者术前角膜散光达到1.00屈光度或以上；后角膜散光会影响整体散光方向。环曲面IOL每偏离理想轴位1°，有效散光矫正约降低3.3%，偏差超过30°可增加残余散光。此外，文末病例讨论涉及角膜移植后手术、悬韧带离断、纳米眼及青光眼合并白内障等特殊情形，强调粘弹剂、囊袋张力环、手术压力控制及联合或分期手术决策的重要性。",99f2fed9-8a19-44f2-ad87-caa94ea90467
09-神经眼科,be1e44f1-985d-4445-b6a3-e60a0f43f85e,10000,2b0906c2-05ed-4656-a58e-e42f1800be7f,AAO-Neuro Ophthalmology-M Tariq Bhatti 2021_weknora.mhtml,AAO-Neuro Ophthalmology-M Tariq Bhatti 2021_weknora.mhtml,"该文档是《基础与临床科学课程》第5卷《神经眼科学》的介绍及部分章节节选，旨在为眼科住院医师和临床医生提供兼顾基础科学与临床实践的神经眼科自学教材。BCSC每年更新，由多领域眼科专家编写和审阅，共分为13个专业卷。本卷配有视频、多媒体资源、学习目标和自测题，并获准作为美国继续医学教育及认证维护第二部分自我评估活动。

本卷的学习重点包括：根据患者症状建立神经眼科鉴别诊断；选择适当且具有成本效益的检查和影像学方法；利用颅底、眼眶、脑、血管及颅神经的解剖结构进行病变定位；理解眼球运动、瞳孔和眼睑异常；评估复视及中枢性眼球运动障碍；识别全身疾病对视觉传入和传出通路的影响，以及神经眼科疾病可能引起的神经系统和全身后果。

内容组织强调“以症状为导向”的临床评估，重视基础及扩展眼科检查和辅助检查的合理应用。新版调整了眼球运动相关章节的顺序，并将相关章节标题修改为“异常眼球运动或复视患者”，以体现异常眼球运动与复视并非完全等同，同时帮助读者先掌握眼球运动基础，再学习上核性运动障碍和眼震。

解剖部分强调解剖学是理解神经眼科疾病和开展临床实践的基础，概述视觉传入、传出通路，以及面部感觉、运动和眼部自主神经系统。节选病例内容还涉及第三、第四颅神经麻痹及异常再生：第三神经异常再生可导致眼睑回缩、瞳孔改变等联带运动，常见于创伤、动脉瘤或肿瘤压迫；若无既往麻痹史而出现异常再生，应警惕鞍旁或海绵窦占位。第四神经麻痹通常在对侧注视、同侧头倾和下视时复视加重。自测题部分进一步涉及重症肌无力、脱髓鞘疾病、视神经炎、颈动脉夹层及遗传性神经皮肤综合征等主题。",completed,02309c03-2a8c-472e-968e-41b9378878ba,"# Summary
该文档是《基础与临床科学课程》第5卷《神经眼科学》的介绍及部分章节节选，旨在为眼科住院医师和临床医生提供兼顾基础科学与临床实践的神经眼科自学教材。BCSC每年更新，由多领域眼科专家编写和审阅，共分为13个专业卷。本卷配有视频、多媒体资源、学习目标和自测题，并获准作为美国继续医学教育及认证维护第二部分自我评估活动。

本卷的学习重点包括：根据患者症状建立神经眼科鉴别诊断；选择适当且具有成本效益的检查和影像学方法；利用颅底、眼眶、脑、血管及颅神经的解剖结构进行病变定位；理解眼球运动、瞳孔和眼睑异常；评估复视及中枢性眼球运动障碍；识别全身疾病对视觉传入和传出通路的影响，以及神经眼科疾病可能引起的神经系统和全身后果。

内容组织强调“以症状为导向”的临床评估，重视基础及扩展眼科检查和辅助检查的合理应用。新版调整了眼球运动相关章节的顺序，并将相关章节标题修改为“异常眼球运动或复视患者”，以体现异常眼球运动与复视并非完全等同，同时帮助读者先掌握眼球运动基础，再学习上核性运动障碍和眼震。

解剖部分强调解剖学是理解神经眼科疾病和开展临床实践的基础，概述视觉传入、传出通路，以及面部感觉、运动和眼部自主神经系统。节选病例内容还涉及第三、第四颅神经麻痹及异常再生：第三神经异常再生可导致眼睑回缩、瞳孔改变等联带运动，常见于创伤、动脉瘤或肿瘤压迫；若无既往麻痹史而出现异常再生，应警惕鞍旁或海绵窦占位。第四神经麻痹通常在对侧注视、同侧头倾和下视时复视加重。自测题部分进一步涉及重症肌无力、脱髓鞘疾病、视神经炎、颈动脉夹层及遗传性神经皮肤综合征等主题。",602d2241-1bc9-49ff-8ba0-4b5fdb656e6b
08-葡萄膜炎与眼内炎症,2c1efff9-0960-4d4b-a4c3-7acfb9411151,10000,74851a4e-a56b-461b-b2ee-565cae8a3d77,Uveitis and Immunological Disorders-Uwe Pleyer and Bartly Mondino 2005_weknora.mhtml,Uveitis and Immunological Disorders-Uwe Pleyer and Bartly Mondino 2005_weknora.mhtml,"###### ESSENTIALS IN OPHTHALMOLOGY G.K.KRIEGLSTEIN · R.N.WEINREB Series Editors

Glaucoma

Cataract and Refractive Surgery

Uveitis and Immunological Disorders

Vitreae-retinal Surgery

Medical Retina

Oculoplastics and Orbit

O

Paediatric Ophthalmology, Neuro-ophthalmology, Genetics

Cornea and External Eye Disease

Uveitis and Immunological Disorders

Edited by

U. PLEYER

B. MONDINO

ESSENTIALS IN OPHTHALMOLOGY: Uveitis and Immunological Disorders.

U. Pleyer · B. Mondino (Eds.)

## ESSENTIA",completed,bda0a76c-46c6-4cf2-899f-9cb593114d3b,"# Summary
###### ESSENTIALS IN OPHTHALMOLOGY G.K.KRIEGLSTEIN · R.N.WEINREB Series Editors

Glaucoma

Cataract and Refractive Surgery

Uveitis and Immunological Disorders

Vitreae-retinal Surgery

Medical Retina

Oculoplastics and Orbit

O

Paediatric Ophthalmology, Neuro-ophthalmology, Genetics

Cornea and External Eye Disease

Uveitis and Immunological Disorders

Edited by

U. PLEYER

B. MONDINO

ESSENTIALS IN OPHTHALMOLOGY: Uveitis and Immunological Disorders.

U. Pleyer · B. Mondino (Eds.)

## ESSENTIA",3dba95e8-5618-436b-aaa3-48349fa032ef
02-角膜与眼表,f041b2b7-3147-4deb-a2f2-0de5cc53d296,10000,78c386ef-639e-46cf-8f43-e3067044b0ce,Wills-角膜结膜病-Christopher J Rapuano 2005_weknora.mhtml,Wills-角膜结膜病-Christopher J Rapuano 2005_weknora.mhtml,"美国威尔斯眼科医院

临床眼科图谱和精要

WILLSEYE HOSPITAL

## 角膜结膜病 CORNEA

原著 Christopher J. Rapuano

Wee-Jin Heng

丛书编辑 Christopher J. Rapuano

译者 张朝然

主审 王文吉

上海科学技术出版社

## 美国威尔斯眼科医院 临床眼科图谱和精要

# Color Atlas & Synopsis of Clinical Ophthalmology Wills Eye Hospital

# 角膜结膜病 Cornea

原 著 Christopher J. Rapuano

Wee-Jin Heng

丛书编辑 Christopher J. Rapuano

译 者 张朝然

主审 王文吉

上海科学技术出版社

## 第一章 结膜感染及炎症

睑缘炎、睑板腺炎

慢性睑缘炎和睑板腺炎是极常见的，双侧睑缘的炎症。可引起非特异性的眼部刺激症状，通常在早晨严重。另一方面，也有严重的睑缘炎却无症状的。

## 病因学

* 葡萄球菌感染、酒渣鼻和脂溢性皮炎。

## 症状

* 烧灼感",completed,619fc2bf-29dc-40d8-927b-ee946b3e93e9,"# Summary
美国威尔斯眼科医院

临床眼科图谱和精要

WILLSEYE HOSPITAL

## 角膜结膜病 CORNEA

原著 Christopher J. Rapuano

Wee-Jin Heng

丛书编辑 Christopher J. Rapuano

译者 张朝然

主审 王文吉

上海科学技术出版社

## 美国威尔斯眼科医院 临床眼科图谱和精要

# Color Atlas & Synopsis of Clinical Ophthalmology Wills Eye Hospital

# 角膜结膜病 Cornea

原 著 Christopher J. Rapuano

Wee-Jin Heng

丛书编辑 Christopher J. Rapuano

译 者 张朝然

主审 王文吉

上海科学技术出版社

## 第一章 结膜感染及炎症

睑缘炎、睑板腺炎

慢性睑缘炎和睑板腺炎是极常见的，双侧睑缘的炎症。可引起非特异性的眼部刺激症状，通常在早晨严重。另一方面，也有严重的睑缘炎却无症状的。

## 病因学

* 葡萄球菌感染、酒渣鼻和脂溢性皮炎。

## 症状

* 烧灼感",89e7cd4b-6b23-408a-84cd-0c464be50720
11-整形与泪道,bdde98f8-4f6b-4b3f-89a4-3cee7f5133b4,10000,e76358c4-531d-4e6f-aa97-4616fcbe7a17,AAO-Oculofacial Plastic and Orbital Surgery-Bobby S Korn 2021_weknora.mhtml,AAO-Oculofacial Plastic and Orbital Surgery-Bobby S Korn 2021_weknora.mhtml,"该文档介绍《基础与临床科学课程》（BCSC）第7卷《眼面整形与眶手术》的编排、学习目标及部分核心解剖内容。BCSC由多个专业组共同编写并定期修订，旨在整合眼科学基础知识与临床实践，为住院医师和临床医生提供自学和继续医学教育资源。全课程包括13个分册，涵盖普通医学、眼科基础、神经眼科、眼整形与眶手术、角膜、葡萄膜炎、青光眼、晶状体、视网膜及屈光手术等内容。本卷还配有视频、互动活动、自测题及CME学分项目，但作者强调其属于重点概览，不能替代全面的专业资料和实践指南。

第7卷在修订中更名为“眼面整形与眶手术”，反映了该亚专科的发展。新版强化了实用解剖学，更新了临床照片和示意图，并增加了眼面部解剖、面部动脉危险区、临床检查要点及手术技术等数字化学习内容。学习目标包括掌握眼眶及眼面组织的正常解剖和功能，识别先天性、感染性、炎症性、创伤性、肿瘤性及退行性病变，选择合适的检查、影像学和辅助检查，制定鉴别诊断与治疗方案，并掌握眼眶间隔综合征、眼球摘除相关手术及术后并发症的处理原则。

文档还强调眼眶解剖是诊断和治疗眶病的基础。眼眶由7块骨构成，呈向后收窄的四棱锥形，包含眼球、眼外肌、神经、脂肪和血管；视神经管及眶上、下裂承担重要神经血管结构的通行。眼眶血供主要来自眼动脉，并与外颈动脉分支形成吻合，邻近的副鼻窦则可参与多种眶部疾病。眼睑解剖部分涉及眼轮匝肌、眶隔、上下睑脂肪垫、提肌及上下睑退缩肌，并指出眶隔变薄、眼轮匝肌松弛可导致眶脂肪前突。文末强调了眼睑手术中的关键结构和危险区域，包括外侧眉及外眦附近可能导致眉下垂的区域、上睑周边动脉弓与提肌腱膜裂开之间的关系，以及下睑缩肌、下斜肌和下直肌之间的解剖联系。",completed,650f2cb3-ff11-4d28-a72e-ab2b3bda9751,"# Summary
该文档介绍《基础与临床科学课程》（BCSC）第7卷《眼面整形与眶手术》的编排、学习目标及部分核心解剖内容。BCSC由多个专业组共同编写并定期修订，旨在整合眼科学基础知识与临床实践，为住院医师和临床医生提供自学和继续医学教育资源。全课程包括13个分册，涵盖普通医学、眼科基础、神经眼科、眼整形与眶手术、角膜、葡萄膜炎、青光眼、晶状体、视网膜及屈光手术等内容。本卷还配有视频、互动活动、自测题及CME学分项目，但作者强调其属于重点概览，不能替代全面的专业资料和实践指南。

第7卷在修订中更名为“眼面整形与眶手术”，反映了该亚专科的发展。新版强化了实用解剖学，更新了临床照片和示意图，并增加了眼面部解剖、面部动脉危险区、临床检查要点及手术技术等数字化学习内容。学习目标包括掌握眼眶及眼面组织的正常解剖和功能，识别先天性、感染性、炎症性、创伤性、肿瘤性及退行性病变，选择合适的检查、影像学和辅助检查，制定鉴别诊断与治疗方案，并掌握眼眶间隔综合征、眼球摘除相关手术及术后并发症的处理原则。

文档还强调眼眶解剖是诊断和治疗眶病的基础。眼眶由7块骨构成，呈向后收窄的四棱锥形，包含眼球、眼外肌、神经、脂肪和血管；视神经管及眶上、下裂承担重要神经血管结构的通行。眼眶血供主要来自眼动脉，并与外颈动脉分支形成吻合，邻近的副鼻窦则可参与多种眶部疾病。眼睑解剖部分涉及眼轮匝肌、眶隔、上下睑脂肪垫、提肌及上下睑退缩肌，并指出眶隔变薄、眼轮匝肌松弛可导致眶脂肪前突。文末强调了眼睑手术中的关键结构和危险区域，包括外侧眉及外眦附近可能导致眉下垂的区域、上睑周边动脉弓与提肌腱膜裂开之间的关系，以及下睑缩肌、下斜肌和下直肌之间的解剖联系。",c9335169-e7a2-4528-b6f0-728890814325
04-屈光与视光：近视、接触镜与低视力,c73385b9-c154-4103-a93e-2d4c31f2423a,10000,6c48b4dc-08ea-4cf1-956a-88dc314b020e,Contact Lens Complications-Hans-Walter Roth 2003_weknora.mhtml,Contact Lens Complications-Hans-Walter Roth 2003_weknora.mhtml,"# Contact Lens Complications

Etiology, Pathogenesis, Prevention, Therapy

Hans-Walter Roth

# Contact Lens Complications

Etiology, Pathogenesis, Prevention, Therapy

Hans-Walter Roth, M.D.

Director

Institute of Contact Lens Optics

Ulm, Germany

476 illustrations

38 tables

Library of Congress-in-Publication Data is available from the
publisher

This book is an authorized translation of the German edition
published and copyrighted 2002 by Georg Thieme Verlag, Stuttgart,
Germany. Title of th",completed,99cef194-8363-41db-9cbb-8df7fb5de8f7,"# Summary
# Contact Lens Complications

Etiology, Pathogenesis, Prevention, Therapy

Hans-Walter Roth

# Contact Lens Complications

Etiology, Pathogenesis, Prevention, Therapy

Hans-Walter Roth, M.D.

Director

Institute of Contact Lens Optics

Ulm, Germany

476 illustrations

38 tables

Library of Congress-in-Publication Data is available from the
publisher

This book is an authorized translation of the German edition
published and copyrighted 2002 by Georg Thieme Verlag, Stuttgart,
Germany. Title of th",daeca025-7511-4ea0-834d-76ae4372ed23
12-眼眶与眼肿瘤,e785de98-5837-4eea-89a8-6a46cacb5173,10000,4bb1083d-2953-4b4b-9c33-94212c9ef1bc,AAO-Ophthalmic Pathology and Intraocular Tumors-Nasreen A Syed 2021_weknora.mhtml,AAO-Ophthalmic Pathology and Intraocular Tumors-Nasreen A Syed 2021_weknora.mhtml,"《眼科病理学与眼内肿瘤》（2020-2021版）是美国眼科学会（AAO）基础与临床科学课程（BCSC）系列教材的第4卷。该书旨在为眼科住院医师及从业者提供全面的眼科病理学知识体系，并强调基础科学与临床实践的整合。

本书的核心内容涵盖以下几个方面：

1.  **学科框架与方法论**：眼科病理学作为眼科学的一个重要亚专科，其研究范畴包括发育异常、炎症、变性与营养不良以及肿瘤。教材建立了一套结构化的分析框架，通过地形学（Topography）、疾病过程（Disease process）和鉴别诊断（Differential diagnosis）三个维度来系统化地理解眼部疾病。
2.  **病理诊断技术与流程**：书中详细介绍了眼部标本的处理流程，包括获取、解剖、制片与染色。同时，强调了特殊诊断技术在病理学中的应用，如免疫组织化学、流式细胞术、分子遗传学检测及电子显微镜检查，并指出眼科医生与病理学家之间的有效沟通对提升患者护理质量至关重要。
3.  **眼内肿瘤的病理与临床特征**：教材深入探讨了视网膜母细胞瘤（Retinoblastoma）的组织学特征（如Flexner-Wintersteiner玫瑰花结、Fleurettes结构及MYCN扩增带来的恶性特征）及其预后因素，如视神经受累、脉络膜大规模浸润及眼外蔓延。此外，书中还讨论了葡萄膜黑色素瘤的临床表现、转移规律（以肝脏为主）以及白血病等系统性疾病在眼部的表现。
4.  **教育资源与辅助工具**：该版本教材整合了多媒体资源，包括与临床病理相关的教学视频和互动练习，旨在通过视觉化手段辅助学习。教材还为读者提供了自我评估工具，并支持作为维护认证（MOC）的继续医学教育（CME）活动。

总结而言，本书不仅提供了眼部疾病的病理学基础知识，还通过临床与病理的紧密结合，指导医生如何进行准确的诊断、评估预后并制定合理的治疗方案，是眼科临床实践的重要参考资源。",completed,07cc5ee1-5e47-4a9a-adac-56cead277548,"# Summary
《眼科病理学与眼内肿瘤》（2020-2021版）是美国眼科学会（AAO）基础与临床科学课程（BCSC）系列教材的第4卷。该书旨在为眼科住院医师及从业者提供全面的眼科病理学知识体系，并强调基础科学与临床实践的整合。

本书的核心内容涵盖以下几个方面：

1.  **学科框架与方法论**：眼科病理学作为眼科学的一个重要亚专科，其研究范畴包括发育异常、炎症、变性与营养不良以及肿瘤。教材建立了一套结构化的分析框架，通过地形学（Topography）、疾病过程（Disease process）和鉴别诊断（Differential diagnosis）三个维度来系统化地理解眼部疾病。
2.  **病理诊断技术与流程**：书中详细介绍了眼部标本的处理流程，包括获取、解剖、制片与染色。同时，强调了特殊诊断技术在病理学中的应用，如免疫组织化学、流式细胞术、分子遗传学检测及电子显微镜检查，并指出眼科医生与病理学家之间的有效沟通对提升患者护理质量至关重要。
3.  **眼内肿瘤的病理与临床特征**：教材深入探讨了视网膜母细胞瘤（Retinoblastoma）的组织学特征（如Flexner-Wintersteiner玫瑰花结、Fleurettes结构及MYCN扩增带来的恶性特征）及其预后因素，如视神经受累、脉络膜大规模浸润及眼外蔓延。此外，书中还讨论了葡萄膜黑色素瘤的临床表现、转移规律（以肝脏为主）以及白血病等系统性疾病在眼部的表现。
4.  **教育资源与辅助工具**：该版本教材整合了多媒体资源，包括与临床病理相关的教学视频和互动练习，旨在通过视觉化手段辅助学习。教材还为读者提供了自我评估工具，并支持作为维护认证（MOC）的继续医学教育（CME）活动。

总结而言，本书不仅提供了眼部疾病的病理学基础知识，还通过临床与病理的紧密结合，指导医生如何进行准确的诊断、评估预后并制定合理的治疗方案，是眼科临床实践的重要参考资源。",a7b1a991-0e45-406d-ab4c-d0842bcf132b
04-屈光与视光：近视、接触镜与低视力,c73385b9-c154-4103-a93e-2d4c31f2423a,10000,ea3e4692-6aa3-406e-9767-f14ee795799e,AAO-Refractive Surgery-M Bowes Hamill 2021_weknora.mhtml,AAO-Refractive Surgery-M Bowes Hamill 2021_weknora.mhtml,"本文件摘自《基础与临床科学课程》（BCSC）第13卷《屈光手术》，旨在为眼科医生提供屈光手术领域的全面课程。该课程由美国眼科学会（AAO）编纂，内容涵盖了屈光手术的基础科学、临床实践、手术技术及并发症管理。

文件重点阐述了以下核心内容：

1. **手术评估与患者筛选**：强调了术前评估的重要性，包括详细的病史采集、眼部检查及辅助测试。特别指出，圆锥角膜（包括隐匿性圆锥角膜）是LASIK及表面切削手术的禁忌症，必须通过角膜地形图和厚度测量进行严格筛查，以防术后角膜扩张。
2. **手术技术与方法**：课程涵盖了多种屈光手术方式，包括切削性手术（如LASIK、PRK）、表面切削、以及涉及眼内手术的屈光矫正（如人工晶状体植入）。此外，还提及了如SMILE等无需制作角膜瓣的新兴技术。
3. **并发症管理**：详细讨论了LASIK手术相关的并发症，如弥漫性板层角膜炎（DLK）的临床分期与表现，以及角膜瓣移位、上皮植入等问题的处理原则。文件强调，对于术后出现的角膜扩张或屈光异常，应避免进一步的切削手术，并根据具体情况选择接触镜矫正或进一步的临床观察。
4. **术后影响与特殊考量**：探讨了既往屈光手术史对后续眼部手术（如白内障手术）及人工晶状体计算的影响，并指出在糖尿病等全身性疾病患者中，血糖控制对择期手术的重要性。

该课程通过整合基础科学与临床应用，旨在指导眼科医生进行规范化的患者评估与手术操作，以确保患者获得高质量的护理。文件还提供了丰富的术语缩写表及多媒体资源，以辅助临床学习与实践。",completed,995e654c-d3a2-4f1a-af32-20e1f48769da,"# Summary
本文件摘自《基础与临床科学课程》（BCSC）第13卷《屈光手术》，旨在为眼科医生提供屈光手术领域的全面课程。该课程由美国眼科学会（AAO）编纂，内容涵盖了屈光手术的基础科学、临床实践、手术技术及并发症管理。

文件重点阐述了以下核心内容：

1. **手术评估与患者筛选**：强调了术前评估的重要性，包括详细的病史采集、眼部检查及辅助测试。特别指出，圆锥角膜（包括隐匿性圆锥角膜）是LASIK及表面切削手术的禁忌症，必须通过角膜地形图和厚度测量进行严格筛查，以防术后角膜扩张。
2. **手术技术与方法**：课程涵盖了多种屈光手术方式，包括切削性手术（如LASIK、PRK）、表面切削、以及涉及眼内手术的屈光矫正（如人工晶状体植入）。此外，还提及了如SMILE等无需制作角膜瓣的新兴技术。
3. **并发症管理**：详细讨论了LASIK手术相关的并发症，如弥漫性板层角膜炎（DLK）的临床分期与表现，以及角膜瓣移位、上皮植入等问题的处理原则。文件强调，对于术后出现的角膜扩张或屈光异常，应避免进一步的切削手术，并根据具体情况选择接触镜矫正或进一步的临床观察。
4. **术后影响与特殊考量**：探讨了既往屈光手术史对后续眼部手术（如白内障手术）及人工晶状体计算的影响，并指出在糖尿病等全身性疾病患者中，血糖控制对择期手术的重要性。

该课程通过整合基础科学与临床应用，旨在指导眼科医生进行规范化的患者评估与手术操作，以确保患者获得高质量的护理。文件还提供了丰富的术语缩写表及多媒体资源，以辅助临床学习与实践。",b3df20a6-3c21-489b-8680-4b8ad94eb2e0
01-眼科综合：基础与全身病,09c593aa-1a64-48de-af81-fc4d30d551b4,10000,aa18bc40-1215-4b41-abcf-f26bb8cd5ac7,Wills-眼科手册 第6版-Jusits P Ehlers 2014_weknora.mhtml,Wills-眼科手册 第6版-Jusits P Ehlers 2014_weknora.mhtml,"《Wills眼科手册》（第6版）是一部系统性的眼科临床参考书，旨在为眼科医生提供常见眼部疾病的诊断、鉴别诊断及治疗指导。该书内容涵盖了眼部症状、体征的鉴别诊断，以及特定眼科疾病的诊疗流程。

以下是该文档的核心内容要点：

1.  **眼部症状与体征的鉴别诊断**：手册详细列举了多种临床表现（如视力下降、眼红、眼痛、复视、眼睑肿胀、畏光、流泪等）的常见与少见病因。通过对这些症状的分类梳理，帮助临床医生快速缩小诊断范围，并区分不同病理机制引起的相似表现。
2.  **青光眼及相关疾病的诊疗**：文档重点介绍了多种青光眼类型，包括原发性开角型青光眼、假性剥脱综合征继发青光眼，以及晶状体源性青光眼（如晶状体溶解性青光眼和晶状体颗粒性青光眼）。手册不仅明确了各类型的定义、症状与体征，还提供了详细的诊断流程、药物治疗方案、手术干预指征及随访建议。
3.  **临床检查与决策支持**：书中强调了裂隙灯检查、房角镜检查及眼压测量在诊断中的关键作用，并针对不同疾病提供了具体的治疗目标（如立即降低眼压、减轻炎症等）和手术注意事项，特别提醒了在处理复杂白内障或青光眼手术时可能面临的并发症风险。
4.  **专业术语与缩写规范**：手册末尾整理了眼科临床常用的专业缩写，涵盖了眼部解剖、检查技术、疾病名称及手术方式，为临床沟通和病历记录提供了统一的参考标准。

总体而言，该手册通过严谨的分类和流程化指导，为眼科临床实践提供了科学的决策支持，强调了早期诊断、规范治疗以及针对不同病因采取个体化随访策略的重要性。",completed,9d6944a2-d3ab-471d-b1d9-a80f8ff76399,"# Summary
《Wills眼科手册》（第6版）是一部系统性的眼科临床参考书，旨在为眼科医生提供常见眼部疾病的诊断、鉴别诊断及治疗指导。该书内容涵盖了眼部症状、体征的鉴别诊断，以及特定眼科疾病的诊疗流程。

以下是该文档的核心内容要点：

1.  **眼部症状与体征的鉴别诊断**：手册详细列举了多种临床表现（如视力下降、眼红、眼痛、复视、眼睑肿胀、畏光、流泪等）的常见与少见病因。通过对这些症状的分类梳理，帮助临床医生快速缩小诊断范围，并区分不同病理机制引起的相似表现。
2.  **青光眼及相关疾病的诊疗**：文档重点介绍了多种青光眼类型，包括原发性开角型青光眼、假性剥脱综合征继发青光眼，以及晶状体源性青光眼（如晶状体溶解性青光眼和晶状体颗粒性青光眼）。手册不仅明确了各类型的定义、症状与体征，还提供了详细的诊断流程、药物治疗方案、手术干预指征及随访建议。
3.  **临床检查与决策支持**：书中强调了裂隙灯检查、房角镜检查及眼压测量在诊断中的关键作用，并针对不同疾病提供了具体的治疗目标（如立即降低眼压、减轻炎症等）和手术注意事项，特别提醒了在处理复杂白内障或青光眼手术时可能面临的并发症风险。
4.  **专业术语与缩写规范**：手册末尾整理了眼科临床常用的专业缩写，涵盖了眼部解剖、检查技术、疾病名称及手术方式，为临床沟通和病历记录提供了统一的参考标准。

总体而言，该手册通过严谨的分类和流程化指导，为眼科临床实践提供了科学的决策支持，强调了早期诊断、规范治疗以及针对不同病因采取个体化随访策略的重要性。",67a5a2af-f088-49f2-8b74-f4690a3a688f
08-葡萄膜炎与眼内炎症,2c1efff9-0960-4d4b-a4c3-7acfb9411151,10000,d44fa63b-060b-4796-90e3-ea11e4311380,Spinger-Endophthalmitis-Marlene L Durand 2016_weknora.mhtml,Spinger-Endophthalmitis-Marlene L Durand 2016_weknora.mhtml,"眼内炎是一种严重的眼部感染，通常累及玻璃体或房水，可导致视力不可逆转的下降甚至失明。该病多为外源性，常见诱因包括白内障手术、玻璃体腔注射、眼球穿通伤以及青光眼滤过泡等装置相关感染；内源性眼内炎则源于血源性感染。

本文档涵盖了眼内炎的多个核心方面：

1.  **流行病学与分类**：眼内炎的类型包括术后、注射后、外伤后、内源性及装置相关性等。全球范围内，不同地区和医疗机构的病因构成存在差异。近年来，随着抗血管内皮生长因子（anti-VEGF）药物注射的普及，注射后眼内炎的比例显著上升。
2.  **诊断技术**：临床诊断依赖于微生物学和分子生物学方法。传统实验室培养技术正辅以质谱分析等新技术，而聚合酶链反应（PCR）等分子技术在快速诊断中发挥着日益重要的作用。
3.  **治疗策略**：眼内炎被视为医疗急症，需及时干预。治疗方案根据感染严重程度而定，通常包括玻璃体腔注射抗生素（如万古霉素和头孢他啶）及全身性抗生素治疗。对于严重病例，可能需要进行紧急玻璃体切除手术。此外，辅助使用皮质类固醇可能有助于改善视力预后。
4.  **预防措施**：由于缺乏大规模随机对照试验，最佳预防方案尚不完全明确。针对青光眼滤过泡、青光眼引流装置（GDD）及人工角膜（KPro）患者，建议加强患者教育、及时修复结膜糜烂、长期使用局部抗生素预防，并考虑接种肺炎球菌疫苗以降低感染风险。

总体而言，眼内炎的诊疗需要临床医生的高度警惕，通过早期诊断和规范化的抗感染治疗，旨在最大限度地挽救患者视力。",completed,68de1cec-9578-45c8-bee1-e7a4ef1a25ff,"# Summary
眼内炎是一种严重的眼部感染，通常累及玻璃体或房水，可导致视力不可逆转的下降甚至失明。该病多为外源性，常见诱因包括白内障手术、玻璃体腔注射、眼球穿通伤以及青光眼滤过泡等装置相关感染；内源性眼内炎则源于血源性感染。

本文档涵盖了眼内炎的多个核心方面：

1.  **流行病学与分类**：眼内炎的类型包括术后、注射后、外伤后、内源性及装置相关性等。全球范围内，不同地区和医疗机构的病因构成存在差异。近年来，随着抗血管内皮生长因子（anti-VEGF）药物注射的普及，注射后眼内炎的比例显著上升。
2.  **诊断技术**：临床诊断依赖于微生物学和分子生物学方法。传统实验室培养技术正辅以质谱分析等新技术，而聚合酶链反应（PCR）等分子技术在快速诊断中发挥着日益重要的作用。
3.  **治疗策略**：眼内炎被视为医疗急症，需及时干预。治疗方案根据感染严重程度而定，通常包括玻璃体腔注射抗生素（如万古霉素和头孢他啶）及全身性抗生素治疗。对于严重病例，可能需要进行紧急玻璃体切除手术。此外，辅助使用皮质类固醇可能有助于改善视力预后。
4.  **预防措施**：由于缺乏大规模随机对照试验，最佳预防方案尚不完全明确。针对青光眼滤过泡、青光眼引流装置（GDD）及人工角膜（KPro）患者，建议加强患者教育、及时修复结膜糜烂、长期使用局部抗生素预防，并考虑接种肺炎球菌疫苗以降低感染风险。

总体而言，眼内炎的诊疗需要临床医生的高度警惕，通过早期诊断和规范化的抗感染治疗，旨在最大限度地挽救患者视力。",c71be5a1-41ab-4cdf-92a7-27b288022896
06-眼底病与视网膜内科,f900fe21-9deb-47e0-bf36-ce06022cae92,10000,2856acac-3261-4931-94f8-9026f205c7ec,AAO-Retina and Vitreous-Colin A McCannel 2021_weknora.mhtml,AAO-Retina and Vitreous-Colin A McCannel 2021_weknora.mhtml,"这份文档是《2020-2021年度眼科学基础与临床科学课程》（BCSC）第12卷《视网膜与玻璃体》的节选，旨在为眼科医生和住院医师提供全面的临床参考。

该课程的核心内容涵盖了以下几个方面：

1.  **课程架构与教学资源**：BCSC课程由眼科学专家编写，旨在整合基础科学与临床实践。本卷通过文字、视频、互动练习及自我评估测试，帮助学习者掌握视网膜与玻璃体疾病的诊断与治疗。
2.  **诊断方法与技术**：课程详细介绍了视网膜检查技术，包括裂隙灯生物显微镜检查、间接检眼镜检查及巩膜压迫法。此外，强调了光学相干断层扫描（OCT）、荧光素血管造影、电生理检查及超声检查等辅助诊断手段在评估视网膜病变中的重要作用。
3.  **视网膜与玻璃体疾病**：内容涵盖了多种视网膜病变，重点讨论了病理性近视引发的并发症，如漆裂纹（lacquer cracks）和脉络膜新生血管（CNV）。针对CNV，文档探讨了从激光光凝、光动力疗法到抗血管内皮生长因子（anti-VEGF）注射的治疗演变。
4.  **临床管理与决策**：文档提供了关于眼内炎、增殖性玻璃体视网膜病变等疾病的临床处理原则，强调了早期诊断、合理选择干预时机以及根据临床试验数据指导治疗的重要性。

总结而言，本卷教材旨在通过系统化的知识架构和临床实践指导，提升眼科从业者对视网膜与玻璃体疾病的识别、诊断及治疗水平，从而改善患者的视力预后。",completed,ebc3183f-a998-4ee4-856c-da867df335ca,"# Summary
这份文档是《2020-2021年度眼科学基础与临床科学课程》（BCSC）第12卷《视网膜与玻璃体》的节选，旨在为眼科医生和住院医师提供全面的临床参考。

该课程的核心内容涵盖了以下几个方面：

1.  **课程架构与教学资源**：BCSC课程由眼科学专家编写，旨在整合基础科学与临床实践。本卷通过文字、视频、互动练习及自我评估测试，帮助学习者掌握视网膜与玻璃体疾病的诊断与治疗。
2.  **诊断方法与技术**：课程详细介绍了视网膜检查技术，包括裂隙灯生物显微镜检查、间接检眼镜检查及巩膜压迫法。此外，强调了光学相干断层扫描（OCT）、荧光素血管造影、电生理检查及超声检查等辅助诊断手段在评估视网膜病变中的重要作用。
3.  **视网膜与玻璃体疾病**：内容涵盖了多种视网膜病变，重点讨论了病理性近视引发的并发症，如漆裂纹（lacquer cracks）和脉络膜新生血管（CNV）。针对CNV，文档探讨了从激光光凝、光动力疗法到抗血管内皮生长因子（anti-VEGF）注射的治疗演变。
4.  **临床管理与决策**：文档提供了关于眼内炎、增殖性玻璃体视网膜病变等疾病的临床处理原则，强调了早期诊断、合理选择干预时机以及根据临床试验数据指导治疗的重要性。

总结而言，本卷教材旨在通过系统化的知识架构和临床实践指导，提升眼科从业者对视网膜与玻璃体疾病的识别、诊断及治疗水平，从而改善患者的视力预后。",d5fd8cbb-838a-4272-82ad-1a4b1ca90392
01-眼科综合：基础与全身病,09c593aa-1a64-48de-af81-fc4d30d551b4,10000,35d357d9-0909-405c-9b82-375d20728991,AAO-Update on General Medicine-Herbert J Ingraham 2021_weknora.mhtml,AAO-Update on General Medicine-Herbert J Ingraham 2021_weknora.mhtml,"《基础与临床科学课程》（BCSC）第1卷《普通医学更新》旨在为眼科住院医师和从业者提供综合且简洁的医学知识，强调基础科学与临床实践的整合。该课程由美国眼科学会（AAO）每年修订，汇集了多位专家的专业知识，并提供视频、参考文献及继续医学教育（CME）学分，以支持临床决策和患者护理。

该文档的核心内容涵盖以下几个方面：

1.  **临床研究的应用**：强调了批判性评估临床研究的重要性，指导临床医生如何通过PubMed、Cochrane图书馆及AAO指南等资源解决临床问题，并利用大数据和精益技术提升医疗效率与患者满意度。
2.  **系统性疾病的眼部表现**：详细探讨了多种全身性疾病及其眼部并发症。例如，抗磷脂综合征（APS）可能导致视网膜血管闭塞和缺血性视神经病变；系统性红斑狼疮（SLE）常伴有干燥性角结膜炎；巨细胞动脉炎（GCA）则与缺血性视神经损伤相关。
3.  **慢性病与病理生理学**：课程涵盖了糖尿病、高血压、高脂血症、心血管疾病、肺部疾病及恶性肿瘤的分类、诊断标准与治疗方案。特别强调了预防措施在降低这些常见疾病发病率和死亡率中的作用。
4.  **药物与治疗安全性**：分析了多种药物的副作用，如长期使用皮质类固醇可能导致白内障，并讨论了抗凝治疗、免疫调节药物及抗感染药物在临床中的应用与风险。
5.  **遗传与血管性疾病**：介绍了如遗传性出血性毛细血管扩张症、埃勒斯-当洛综合征（Ehlers-Danlos syndrome）及镰状细胞性贫血等疾病的系统性特征及其对眼部健康的潜在影响。

通过这些内容，该课程旨在帮助眼科医生识别全身性疾病的早期迹象，并与内科医生或风湿科医生协作，为患者提供高质量的综合医疗服务。",completed,fa9761c3-c1b1-4745-bec6-2f15994c6504,"# Summary
《基础与临床科学课程》（BCSC）第1卷《普通医学更新》旨在为眼科住院医师和从业者提供综合且简洁的医学知识，强调基础科学与临床实践的整合。该课程由美国眼科学会（AAO）每年修订，汇集了多位专家的专业知识，并提供视频、参考文献及继续医学教育（CME）学分，以支持临床决策和患者护理。

该文档的核心内容涵盖以下几个方面：

1.  **临床研究的应用**：强调了批判性评估临床研究的重要性，指导临床医生如何通过PubMed、Cochrane图书馆及AAO指南等资源解决临床问题，并利用大数据和精益技术提升医疗效率与患者满意度。
2.  **系统性疾病的眼部表现**：详细探讨了多种全身性疾病及其眼部并发症。例如，抗磷脂综合征（APS）可能导致视网膜血管闭塞和缺血性视神经病变；系统性红斑狼疮（SLE）常伴有干燥性角结膜炎；巨细胞动脉炎（GCA）则与缺血性视神经损伤相关。
3.  **慢性病与病理生理学**：课程涵盖了糖尿病、高血压、高脂血症、心血管疾病、肺部疾病及恶性肿瘤的分类、诊断标准与治疗方案。特别强调了预防措施在降低这些常见疾病发病率和死亡率中的作用。
4.  **药物与治疗安全性**：分析了多种药物的副作用，如长期使用皮质类固醇可能导致白内障，并讨论了抗凝治疗、免疫调节药物及抗感染药物在临床中的应用与风险。
5.  **遗传与血管性疾病**：介绍了如遗传性出血性毛细血管扩张症、埃勒斯-当洛综合征（Ehlers-Danlos syndrome）及镰状细胞性贫血等疾病的系统性特征及其对眼部健康的潜在影响。

通过这些内容，该课程旨在帮助眼科医生识别全身性疾病的早期迹象，并与内科医生或风湿科医生协作，为患者提供高质量的综合医疗服务。",5e1134c4-478b-4b70-b86c-92d1f4655110
01-眼科综合：基础与全身病,09c593aa-1a64-48de-af81-fc4d30d551b4,10000,b149adbc-0c1f-4ac0-8422-03b04e84c903,Kanski-Clinical Ophthalomogy 8-2016_weknora.mhtml,Kanski-Clinical Ophthalomogy 8-2016_weknora.mhtml,"《Kanski临床眼科学：系统性方法》（第八版）由Brad Bowling编写，旨在为眼科专业人员提供系统且简洁的临床核心知识。该书延续了Jack Kanski的教学风格，涵盖了从基础诊断到最新循证治疗方案的广泛内容，并结合了现代影像技术和多媒体教学工具。

本书的主要内容要点包括：

1.  **临床系统性方法**：全书采用系统化结构，详细阐述了各类眼部疾病的临床表现、诊断标准及治疗策略。例如，书中详细介绍了白塞病（Behçet disease）的诊断标准，包括复发性口腔溃疡、生殖器溃疡、眼部炎症及皮肤病变，并重点分析了其眼部表现，如视网膜血管炎、葡萄膜炎及视盘水肿等。
2.  **眼部损伤与管理**：书中深入探讨了化学性眼损伤的治疗与修复。治疗重点在于通过抗坏血酸（维生素C）、柠檬酸盐及四环素类药物抑制胶原酶活性、减轻炎症反应并促进角膜上皮修复。此外，还强调了对眼内压的监测及预防睑球粘连等并发症的重要性。
3.  **手术干预方案**：针对严重眼部损伤，书中列举了早期手术（如Tenon囊推进术、角膜缘干细胞移植及羊膜移植）与晚期手术（如睑球粘连松解术、眼睑畸形矫正及角膜移植/人工角膜植入）的临床应用，旨在重建眼表环境并改善视功能。
4.  **数字化辅助教学**：该版本通过ExpertConsult平台提供增强型电子书功能，包括交互式图像标注、实时视频流、动画演示以及嵌入式自测题，旨在提升医学生及眼科医师的学习效率与临床实践能力。

本书不仅是对前几版内容的更新与完善，还通过引入最新的影像学模态和循证医学证据，为眼科临床实践提供了全面的参考依据。",completed,794fda30-40af-4bc2-bd7e-d73b82711804,"# Summary
《Kanski临床眼科学：系统性方法》（第八版）由Brad Bowling编写，旨在为眼科专业人员提供系统且简洁的临床核心知识。该书延续了Jack Kanski的教学风格，涵盖了从基础诊断到最新循证治疗方案的广泛内容，并结合了现代影像技术和多媒体教学工具。

本书的主要内容要点包括：

1.  **临床系统性方法**：全书采用系统化结构，详细阐述了各类眼部疾病的临床表现、诊断标准及治疗策略。例如，书中详细介绍了白塞病（Behçet disease）的诊断标准，包括复发性口腔溃疡、生殖器溃疡、眼部炎症及皮肤病变，并重点分析了其眼部表现，如视网膜血管炎、葡萄膜炎及视盘水肿等。
2.  **眼部损伤与管理**：书中深入探讨了化学性眼损伤的治疗与修复。治疗重点在于通过抗坏血酸（维生素C）、柠檬酸盐及四环素类药物抑制胶原酶活性、减轻炎症反应并促进角膜上皮修复。此外，还强调了对眼内压的监测及预防睑球粘连等并发症的重要性。
3.  **手术干预方案**：针对严重眼部损伤，书中列举了早期手术（如Tenon囊推进术、角膜缘干细胞移植及羊膜移植）与晚期手术（如睑球粘连松解术、眼睑畸形矫正及角膜移植/人工角膜植入）的临床应用，旨在重建眼表环境并改善视功能。
4.  **数字化辅助教学**：该版本通过ExpertConsult平台提供增强型电子书功能，包括交互式图像标注、实时视频流、动画演示以及嵌入式自测题，旨在提升医学生及眼科医师的学习效率与临床实践能力。

本书不仅是对前几版内容的更新与完善，还通过引入最新的影像学模态和循证医学证据，为眼科临床实践提供了全面的参考依据。",9685742a-c9c0-4c2f-a509-c33c5e7b4fdb
08-葡萄膜炎与眼内炎症,2c1efff9-0960-4d4b-a4c3-7acfb9411151,10000,02f586ec-c5fa-41ec-8844-0beb87d2c75d,AAO-Uveitis and Ocular Inflammation-H Nida Sen 2021_weknora.mhtml,AAO-Uveitis and Ocular Inflammation-H Nida Sen 2021_weknora.mhtml,"《葡萄膜炎与眼部炎症》（Uveitis and Ocular Inflammation）是美国眼科学会（AAO）基础与临床科学课程（BCSC）系列教材的第九卷。该书旨在为眼科住院医师及临床医生提供关于眼部炎症性疾病的全面课程，内容涵盖基础免疫学、临床诊断、鉴别诊断及治疗策略。

该书的核心内容包括以下几个方面：

1.  **免疫学基础与炎症机制**：教材详细介绍了免疫系统的组成，区分了先天性免疫与适应性免疫。重点讨论了中性粒细胞等白细胞在急性炎症反应中的作用，以及免疫系统如何通过细胞和分子机制清除病原体或应对外来刺激。
2.  **临床诊断与鉴别诊断**：强调了区分感染性与非感染性葡萄膜炎的重要性。书中讨论了多种眼部炎症性疾病，如多灶性脉络膜炎伴全葡萄膜炎（MCP）、白塞病、肉芽肿性多血管炎（GPA）及强直性脊柱炎等。诊断过程通常涉及排除法，并需结合全身性疾病的关联进行综合评估。
3.  **影像学与辅助检查**：利用眼底照相、眼底自发荧光（FAF）及光学相干断层扫描（OCT）等技术，对眼部病变进行精细化观察。例如，通过FAF和OCT监测MCP病灶的活动性与消退情况，为临床决策提供依据。
4.  **治疗原则与管理**：涵盖了皮质类固醇及免疫调节治疗（IMT）在控制炎症和预防并发症（如黄斑水肿、脉络膜新生血管）中的应用。书中还强调了对全身性并发症的监测，如针对特定自身免疫性疾病的肺部、心血管及肾脏功能评估。
5.  **教育资源与实践**：该课程不仅提供理论知识，还通过视频、互动练习及自我评估测试，帮助读者掌握临床技能。教材鼓励医生结合AAO的临床实践指南，针对不同患者制定个体化的诊疗方案。

总体而言，本书通过整合基础科学与临床实践，旨在提升眼科医生对葡萄膜炎及相关炎症性疾病的识别、诊断及管理能力，从而改善患者的预后。",completed,3dc81685-fbb5-419b-93a6-749c30f22121,"# Summary
《葡萄膜炎与眼部炎症》（Uveitis and Ocular Inflammation）是美国眼科学会（AAO）基础与临床科学课程（BCSC）系列教材的第九卷。该书旨在为眼科住院医师及临床医生提供关于眼部炎症性疾病的全面课程，内容涵盖基础免疫学、临床诊断、鉴别诊断及治疗策略。

该书的核心内容包括以下几个方面：

1.  **免疫学基础与炎症机制**：教材详细介绍了免疫系统的组成，区分了先天性免疫与适应性免疫。重点讨论了中性粒细胞等白细胞在急性炎症反应中的作用，以及免疫系统如何通过细胞和分子机制清除病原体或应对外来刺激。
2.  **临床诊断与鉴别诊断**：强调了区分感染性与非感染性葡萄膜炎的重要性。书中讨论了多种眼部炎症性疾病，如多灶性脉络膜炎伴全葡萄膜炎（MCP）、白塞病、肉芽肿性多血管炎（GPA）及强直性脊柱炎等。诊断过程通常涉及排除法，并需结合全身性疾病的关联进行综合评估。
3.  **影像学与辅助检查**：利用眼底照相、眼底自发荧光（FAF）及光学相干断层扫描（OCT）等技术，对眼部病变进行精细化观察。例如，通过FAF和OCT监测MCP病灶的活动性与消退情况，为临床决策提供依据。
4.  **治疗原则与管理**：涵盖了皮质类固醇及免疫调节治疗（IMT）在控制炎症和预防并发症（如黄斑水肿、脉络膜新生血管）中的应用。书中还强调了对全身性并发症的监测，如针对特定自身免疫性疾病的肺部、心血管及肾脏功能评估。
5.  **教育资源与实践**：该课程不仅提供理论知识，还通过视频、互动练习及自我评估测试，帮助读者掌握临床技能。教材鼓励医生结合AAO的临床实践指南，针对不同患者制定个体化的诊疗方案。

总体而言，本书通过整合基础科学与临床实践，旨在提升眼科医生对葡萄膜炎及相关炎症性疾病的识别、诊断及管理能力，从而改善患者的预后。",6dc55d98-5ea5-4867-8f97-6fd25ec21458
08-葡萄膜炎与眼内炎症,2c1efff9-0960-4d4b-a4c3-7acfb9411151,10000,6330f556-ad40-4284-ad6c-22f63cee1e97,Springer-Atlas of Uveitis Diagnosis and Treatment-Peizeng Yang 2021_weknora.mhtml,Springer-Atlas of Uveitis Diagnosis and Treatment-Peizeng Yang 2021_weknora.mhtml,"本文档概述了葡萄膜炎的解剖学基础、分类及相关眼部疾病的诊断与治疗。

核心内容要点如下：

1.  **眼部解剖与病理基础**：眼球由外层（角膜、巩膜）、中层（葡萄膜：虹膜、睫状体、脉络膜）和内层（视网膜）组成。葡萄膜具有高度血管化和色素沉着的特点，其免疫微环境的改变（如抗原呈递）是诱发葡萄膜炎的关键因素。角膜、巩膜、房水、晶状体及玻璃体的病变常与葡萄膜炎互为因果或作为其并发症出现。

2.  **葡萄膜炎的分类**：根据国际葡萄膜炎研究组及SUN工作组的共识，葡萄膜炎按解剖位置分为四类：前葡萄膜炎（累及虹膜和前睫状体）、中间葡萄膜炎（累及玻璃体）、后葡萄膜炎（累及视网膜或脉络膜）以及全葡萄膜炎。

3.  **贝赫切特病（BD）的治疗**：针对BD引起的葡萄膜炎，治疗方案取决于病情的严重程度及复发频率。一线治疗通常包括局部皮质类固醇和散瞳剂。对于后段受累或严重病例，需结合全身性皮质类固醇及免疫抑制剂（如环孢素、环磷酰胺、苯丁酸氮芥等）进行联合治疗，并强调对药物副作用的定期监测。

4.  **巩膜炎与表层巩膜炎**：表层巩膜炎是一种良性、自限性但易复发的疾病，多见于年轻女性，分为单纯型和结节型。其诊断主要依靠裂隙灯检查（如使用10%去氧肾上腺素滴眼液观察血管充血情况）。治疗上通常无需过度干预，仅在有明显不适时使用局部皮质类固醇或非甾体抗炎药。

该文档强调了葡萄膜炎及其相关眼病在解剖结构上的关联性，并指出临床诊断应结合全身系统性疾病的筛查，治疗策略则需在控制炎症与减少药物副作用之间取得平衡。",completed,fee0c3c5-ac08-4183-8558-bbeae033f6fc,"# Summary
本文档概述了葡萄膜炎的解剖学基础、分类及相关眼部疾病的诊断与治疗。

核心内容要点如下：

1.  **眼部解剖与病理基础**：眼球由外层（角膜、巩膜）、中层（葡萄膜：虹膜、睫状体、脉络膜）和内层（视网膜）组成。葡萄膜具有高度血管化和色素沉着的特点，其免疫微环境的改变（如抗原呈递）是诱发葡萄膜炎的关键因素。角膜、巩膜、房水、晶状体及玻璃体的病变常与葡萄膜炎互为因果或作为其并发症出现。

2.  **葡萄膜炎的分类**：根据国际葡萄膜炎研究组及SUN工作组的共识，葡萄膜炎按解剖位置分为四类：前葡萄膜炎（累及虹膜和前睫状体）、中间葡萄膜炎（累及玻璃体）、后葡萄膜炎（累及视网膜或脉络膜）以及全葡萄膜炎。

3.  **贝赫切特病（BD）的治疗**：针对BD引起的葡萄膜炎，治疗方案取决于病情的严重程度及复发频率。一线治疗通常包括局部皮质类固醇和散瞳剂。对于后段受累或严重病例，需结合全身性皮质类固醇及免疫抑制剂（如环孢素、环磷酰胺、苯丁酸氮芥等）进行联合治疗，并强调对药物副作用的定期监测。

4.  **巩膜炎与表层巩膜炎**：表层巩膜炎是一种良性、自限性但易复发的疾病，多见于年轻女性，分为单纯型和结节型。其诊断主要依靠裂隙灯检查（如使用10%去氧肾上腺素滴眼液观察血管充血情况）。治疗上通常无需过度干预，仅在有明显不适时使用局部皮质类固醇或非甾体抗炎药。

该文档强调了葡萄膜炎及其相关眼病在解剖结构上的关联性，并指出临床诊断应结合全身系统性疾病的筛查，治疗策略则需在控制炎症与减少药物副作用之间取得平衡。",cf599e1b-3215-4770-9a0a-cc800cd67435
06-眼底病与视网膜内科,f900fe21-9deb-47e0-bf36-ce06022cae92,10000,00ac6ffa-3742-47ce-aebf-53922977005d,Springer-Trauma and Miscellaneous Disorders in Retina-Eduardo Buchele Rodrigues 2020_weknora.mhtml,Springer-Trauma and Miscellaneous Disorders in Retina-Eduardo Buchele Rodrigues 2020_weknora.mhtml,"本文档探讨了眼部创伤的诊断、管理以及视神经黑色素细胞瘤（MON）的相关临床特征。

**核心内容要点：**

1.  **眼部创伤的分类与诊断：** 眼部创伤分为开放性与闭合性损伤，是导致视力受损和住院的主要原因。诊断过程依赖于详细的病史采集（包括排除儿童虐待等特殊情况）及全面的眼科检查。对于怀疑有眼球破裂或存在眼内异物（IOFB）的病例，计算机断层扫描（CT）、磁共振成像（MRI）及眼部超声是关键的辅助诊断手段。
2.  **创伤的临床表现与管理：** 创伤可能导致脉络膜损伤、视网膜出血、玻璃体牵拉及视神经损伤等多种后段病变。开放性损伤需尽早手术治疗，重点在于预防眼内炎及处理异物。闭合性损伤的管理则取决于后段病变的严重程度，从观察到手术干预不等。
3.  **眼内异物（IOFB）的取出策略：** 异物取出手术需根据异物的大小、材质及位置采取不同方案。前房异物通常在初次修复时取出；晶状体内异物可能导致白内障或炎症，需视情况行晶状体摘除及人工晶状体植入；后段异物多通过玻璃体切除术（PPV）取出，并根据异物特性选择磁铁或不同类型的镊子。
4.  **视神经黑色素细胞瘤（MON）的评估：** MON是一种常见的视神经色素性病变。临床诊断依赖于荧光素血管造影（显示低荧光）、OCT（显示圆顶状结构及后部阴影）及超声检查。由于其通常为良性，临床上多采取年度观察，仅在病变显著增大或出现严重视力损害时，才考虑进行细针活检或眼球摘除。

总结而言，眼部创伤的治疗强调早期识别与精准影像诊断，而对于视神经黑色素细胞瘤等色素性病变，则应通过多模态影像技术进行长期监测，以平衡临床观察与必要的手术干预。",completed,bf7e2ffb-57ec-4464-83b2-fdb407448957,"# Summary
本文档探讨了眼部创伤的诊断、管理以及视神经黑色素细胞瘤（MON）的相关临床特征。

**核心内容要点：**

1.  **眼部创伤的分类与诊断：** 眼部创伤分为开放性与闭合性损伤，是导致视力受损和住院的主要原因。诊断过程依赖于详细的病史采集（包括排除儿童虐待等特殊情况）及全面的眼科检查。对于怀疑有眼球破裂或存在眼内异物（IOFB）的病例，计算机断层扫描（CT）、磁共振成像（MRI）及眼部超声是关键的辅助诊断手段。
2.  **创伤的临床表现与管理：** 创伤可能导致脉络膜损伤、视网膜出血、玻璃体牵拉及视神经损伤等多种后段病变。开放性损伤需尽早手术治疗，重点在于预防眼内炎及处理异物。闭合性损伤的管理则取决于后段病变的严重程度，从观察到手术干预不等。
3.  **眼内异物（IOFB）的取出策略：** 异物取出手术需根据异物的大小、材质及位置采取不同方案。前房异物通常在初次修复时取出；晶状体内异物可能导致白内障或炎症，需视情况行晶状体摘除及人工晶状体植入；后段异物多通过玻璃体切除术（PPV）取出，并根据异物特性选择磁铁或不同类型的镊子。
4.  **视神经黑色素细胞瘤（MON）的评估：** MON是一种常见的视神经色素性病变。临床诊断依赖于荧光素血管造影（显示低荧光）、OCT（显示圆顶状结构及后部阴影）及超声检查。由于其通常为良性，临床上多采取年度观察，仅在病变显著增大或出现严重视力损害时，才考虑进行细针活检或眼球摘除。

总结而言，眼部创伤的治疗强调早期识别与精准影像诊断，而对于视神经黑色素细胞瘤等色素性病变，则应通过多模态影像技术进行长期监测，以平衡临床观察与必要的手术干预。",229287ef-b5a2-4541-bbc4-925c12267bbc
08-葡萄膜炎与眼内炎症,2c1efff9-0960-4d4b-a4c3-7acfb9411151,10000,2c18291c-3a03-4e65-bd9e-8b36c403f156,Springer-Uveitis-Parul Ichhpujani 2020_weknora.mhtml,Springer-Uveitis-Parul Ichhpujani 2020_weknora.mhtml,"本文档摘自《眼科临床实践》系列丛书中的《葡萄膜炎》分册，旨在为眼科医生、住院医师及研究员提供关于葡萄膜炎诊断、分类及治疗的临床参考。

文档的核心内容涵盖以下几个方面：

1. **非感染性前葡萄膜炎的定义与分类**：根据标准化葡萄膜炎命名（SUN）工作组的标准，前葡萄膜炎被定义为炎症主要位于前房的眼内炎症。临床上通过发病时间、持续时间和病程（如急性、复发性、慢性）进行分类。流行病学数据显示，前葡萄膜炎是葡萄膜炎中最常见的解剖学亚型，且在不同年龄段和性别中表现出不同的发病特征。

2. **临床表现与评估**：前葡萄膜炎的常见症状包括眼红、疼痛和畏光。临床检查重点在于评估前房细胞和闪辉（采用SUN分级系统）、角膜后沉淀物（KPs）以及虹膜结节。文档指出，尽管某些临床特征（如羊脂状KPs或特定虹膜结节）常与肉芽肿性炎症相关，但目前尚无统一的标准化描述。

3. **坏死性疱疹性视网膜炎（ARN/PORN）的诊断与管理**：针对急性视网膜坏死（ARN）等严重感染，文档强调了早期诊断的重要性。虽然临床检查是诊断基础，但建议在抗病毒治疗前进行房水或玻璃体液PCR检测以明确病原体。治疗方案必须采用全身性抗病毒药物，并可辅以玻璃体腔内注射，且需与感染科医生协作以调整剂量。

4. **免疫调节治疗（IMT）与手术干预**：对于慢性炎症，文档讨论了包括甲氨蝶呤在内的抗代谢药物及TNF-α抑制剂等生物制剂的应用。针对炎症引起的并发症（如带状角膜病变、白内障、青光眼），文档强调手术应在炎症控制至少3个月后进行。对于儿童患者，手术干预需特别谨慎，以防术后并发症及视力损伤。

该文档通过整合临床分级标准、诊断路径及治疗策略，为眼科临床实践提供了系统的指导，强调了在处理复杂葡萄膜炎病例时，平衡药物治疗与手术干预的重要性。",completed,3bf4dc4f-0b15-4205-ad67-4844b7bab5f6,"# Summary
本文档摘自《眼科临床实践》系列丛书中的《葡萄膜炎》分册，旨在为眼科医生、住院医师及研究员提供关于葡萄膜炎诊断、分类及治疗的临床参考。

文档的核心内容涵盖以下几个方面：

1. **非感染性前葡萄膜炎的定义与分类**：根据标准化葡萄膜炎命名（SUN）工作组的标准，前葡萄膜炎被定义为炎症主要位于前房的眼内炎症。临床上通过发病时间、持续时间和病程（如急性、复发性、慢性）进行分类。流行病学数据显示，前葡萄膜炎是葡萄膜炎中最常见的解剖学亚型，且在不同年龄段和性别中表现出不同的发病特征。

2. **临床表现与评估**：前葡萄膜炎的常见症状包括眼红、疼痛和畏光。临床检查重点在于评估前房细胞和闪辉（采用SUN分级系统）、角膜后沉淀物（KPs）以及虹膜结节。文档指出，尽管某些临床特征（如羊脂状KPs或特定虹膜结节）常与肉芽肿性炎症相关，但目前尚无统一的标准化描述。

3. **坏死性疱疹性视网膜炎（ARN/PORN）的诊断与管理**：针对急性视网膜坏死（ARN）等严重感染，文档强调了早期诊断的重要性。虽然临床检查是诊断基础，但建议在抗病毒治疗前进行房水或玻璃体液PCR检测以明确病原体。治疗方案必须采用全身性抗病毒药物，并可辅以玻璃体腔内注射，且需与感染科医生协作以调整剂量。

4. **免疫调节治疗（IMT）与手术干预**：对于慢性炎症，文档讨论了包括甲氨蝶呤在内的抗代谢药物及TNF-α抑制剂等生物制剂的应用。针对炎症引起的并发症（如带状角膜病变、白内障、青光眼），文档强调手术应在炎症控制至少3个月后进行。对于儿童患者，手术干预需特别谨慎，以防术后并发症及视力损伤。

该文档通过整合临床分级标准、诊断路径及治疗策略，为眼科临床实践提供了系统的指导，强调了在处理复杂葡萄膜炎病例时，平衡药物治疗与手术干预的重要性。",daaae1d2-f906-452f-ba1c-001063d7a49b
12-眼眶与眼肿瘤,e785de98-5837-4eea-89a8-6a46cacb5173,10000,1acaafaf-e859-46ef-aea2-5a134105a266,现代眼眶病诊断学-肖利华 2006_weknora.mhtml,现代眼眶病诊断学-肖利华 2006_weknora.mhtml,"《现代眼眶病诊断学》系统介绍眼眶疾病的临床症状、体征、常规检查及超声、CT、MRI、DSA和放射性核素显像等影像学方法，旨在帮助临床医生认识眼眶病的发生发展规律并提高诊断准确性。全书资料主要来自作者多年临床经验及大量病例和影像资料，涵盖各类眼眶疾病，并通过典型病例、图像分析和病理对照说明诊断要点。

本书强调，现代影像学虽显著拓展了眼眶病的检查手段，能够提供病变的形态、密度、血流、组织信号及代谢等信息，但影像只能作为辅助诊断，不能替代病史采集、症状分析、体格检查和临床思维。第一章重点讨论眼球突出、眼球内陷、眼球移位和疼痛等常见表现。眼球突出是最常见症状，其病因与年龄、单侧或双侧分布及突出方向有关；搏动性或体位性突出分别提示动静脉交通、骨缺失或眶内静脉曲张等疾病。眼球内陷常见于爆裂性骨折、静脉曲张、转移性乳腺硬癌及硬化型炎性假瘤；眼球移位方向则有助于判断病变所在的眼眶解剖间隙和位置。

节选内容还以颈动脉海绵窦瘘（CCF）为例，说明超声、CT、MRI及DSA的联合应用价值。其中DSA被视为诊断CCF的“金标准”，可明确瘘口、供血动脉及静脉引流方向，并为介入治疗提供依据。书中同时分析了朗格汉斯细胞组织细胞增生症、鼻窦黏液囊肿和眼眶瘘管等容易误诊的疾病，指出应结合年龄、病程、临床表现和影像特征进行鉴别；对于外伤后反复不愈的眼周瘘管，应高度警惕残留异物，并合理选择CT或MRI检查。",completed,c36a5903-ae2f-4608-9eb9-e1278342e43e,"# Summary
《现代眼眶病诊断学》系统介绍眼眶疾病的临床症状、体征、常规检查及超声、CT、MRI、DSA和放射性核素显像等影像学方法，旨在帮助临床医生认识眼眶病的发生发展规律并提高诊断准确性。全书资料主要来自作者多年临床经验及大量病例和影像资料，涵盖各类眼眶疾病，并通过典型病例、图像分析和病理对照说明诊断要点。

本书强调，现代影像学虽显著拓展了眼眶病的检查手段，能够提供病变的形态、密度、血流、组织信号及代谢等信息，但影像只能作为辅助诊断，不能替代病史采集、症状分析、体格检查和临床思维。第一章重点讨论眼球突出、眼球内陷、眼球移位和疼痛等常见表现。眼球突出是最常见症状，其病因与年龄、单侧或双侧分布及突出方向有关；搏动性或体位性突出分别提示动静脉交通、骨缺失或眶内静脉曲张等疾病。眼球内陷常见于爆裂性骨折、静脉曲张、转移性乳腺硬癌及硬化型炎性假瘤；眼球移位方向则有助于判断病变所在的眼眶解剖间隙和位置。

节选内容还以颈动脉海绵窦瘘（CCF）为例，说明超声、CT、MRI及DSA的联合应用价值。其中DSA被视为诊断CCF的“金标准”，可明确瘘口、供血动脉及静脉引流方向，并为介入治疗提供依据。书中同时分析了朗格汉斯细胞组织细胞增生症、鼻窦黏液囊肿和眼眶瘘管等容易误诊的疾病，指出应结合年龄、病程、临床表现和影像特征进行鉴别；对于外伤后反复不愈的眼周瘘管，应高度警惕残留异物，并合理选择CT或MRI检查。",05a9f5e3-f70e-4484-b786-60f834cbe39f
01-眼科综合：基础与全身病,09c593aa-1a64-48de-af81-fc4d30d551b4,10000,5e5fe9f4-040b-4c80-9f5f-65dcec5f1d0e,Springer-Atlas of ocular anatomy-Mohammad Wakeel Ansari 2016_weknora.mhtml,Springer-Atlas of ocular anatomy-Mohammad Wakeel Ansari 2016_weknora.mhtml,"《眼解剖图谱》一书强调了临床医生掌握眼部相关解剖知识对于诊断疾病的重要性。该书通过详细的解剖结构分析，探讨了眼部病理变化与临床表现之间的联系。

本书的核心内容涵盖以下几个方面：

1.  **眼眶解剖与临床病理**：眼眶作为容纳眼球的骨性结构，其空间有限。书中详细描述了眼眶壁的薄弱点（如内侧壁和眶底），并指出外伤或占位性病变如何导致眼球移位（如突眼）、复视、眶壁骨折（如爆裂性骨折）及眶内压力变化。此外，眼眶与鼻窦（如额窦、筛窦）的解剖邻近性使得鼻窦炎症易引发眼眶并发症，如眶蜂窝织炎。
2.  **视觉通路与神经功能**：视觉通路从视神经延伸至枕叶视觉中心。书中阐述了神经纤维在视交叉及视束中的排列方式，并指出通过分析视野缺损的类型，可以有效定位视觉通路中的病变位置。同时，书中区分了缺血性微血管病变与压迫性病变（如垂体肿瘤）对视神经及瞳孔功能的不同影响。
3.  **眼部肌肉与生理功能**：书中详细介绍了眼轮匝肌的结构（睑部与眶部）及其在眨眼、泪液分布及眼睑闭合中的作用。此外，还讨论了眼内肌（如瞳孔括约肌）的神经支配，以及房水循环对维持眼内压和眼球形状的关键作用，并解释了房角狭窄如何导致眼内压急剧升高。
4.  **先天性眼部异常**：书中总结了多种先天性发育缺陷，包括眼球发育异常（如无眼球、小眼球）、眼睑缺损、先天性白内障、虹膜异常及鼻泪管阻塞。作者强调，早期识别这些异常（如白瞳症）对于预防弱视和保护视功能至关重要，并指出双眼视功能的正常发育依赖于清晰的视网膜成像及眼球的协调运动。

总体而言，本书通过解剖学视角，为理解眼部疾病的临床表现、定位诊断及先天性发育异常提供了系统的理论基础。",completed,ee8c361c-4fe2-4fb6-bd18-59b3997d386a,"# Summary
《眼解剖图谱》一书强调了临床医生掌握眼部相关解剖知识对于诊断疾病的重要性。该书通过详细的解剖结构分析，探讨了眼部病理变化与临床表现之间的联系。

本书的核心内容涵盖以下几个方面：

1.  **眼眶解剖与临床病理**：眼眶作为容纳眼球的骨性结构，其空间有限。书中详细描述了眼眶壁的薄弱点（如内侧壁和眶底），并指出外伤或占位性病变如何导致眼球移位（如突眼）、复视、眶壁骨折（如爆裂性骨折）及眶内压力变化。此外，眼眶与鼻窦（如额窦、筛窦）的解剖邻近性使得鼻窦炎症易引发眼眶并发症，如眶蜂窝织炎。
2.  **视觉通路与神经功能**：视觉通路从视神经延伸至枕叶视觉中心。书中阐述了神经纤维在视交叉及视束中的排列方式，并指出通过分析视野缺损的类型，可以有效定位视觉通路中的病变位置。同时，书中区分了缺血性微血管病变与压迫性病变（如垂体肿瘤）对视神经及瞳孔功能的不同影响。
3.  **眼部肌肉与生理功能**：书中详细介绍了眼轮匝肌的结构（睑部与眶部）及其在眨眼、泪液分布及眼睑闭合中的作用。此外，还讨论了眼内肌（如瞳孔括约肌）的神经支配，以及房水循环对维持眼内压和眼球形状的关键作用，并解释了房角狭窄如何导致眼内压急剧升高。
4.  **先天性眼部异常**：书中总结了多种先天性发育缺陷，包括眼球发育异常（如无眼球、小眼球）、眼睑缺损、先天性白内障、虹膜异常及鼻泪管阻塞。作者强调，早期识别这些异常（如白瞳症）对于预防弱视和保护视功能至关重要，并指出双眼视功能的正常发育依赖于清晰的视网膜成像及眼球的协调运动。

总体而言，本书通过解剖学视角，为理解眼部疾病的临床表现、定位诊断及先天性发育异常提供了系统的理论基础。",3d17e526-1343-4aed-bf50-5d1548af9582
13-眼外伤与急症,06e9888f-5d59-49c9-9218-d078b456f01b,10000,9dfd6fda-a8a4-4650-b86c-5aebdbf98e9c,Springer-Anatomy and Examination in Ocular Trauma-Hua Yan 2019_weknora.mhtml,Springer-Anatomy and Examination in Ocular Trauma-Hua Yan 2019_weknora.mhtml,"本书《眼外伤：解剖与检查》（Ocular Trauma: Anatomy and Examination）由华岩教授主编，旨在为眼科医生及急诊医师提供关于眼外伤诊断与治疗的全面指导。该书强调，针对眼外伤的及时诊断与有效干预对于挽救视力至关重要，要求临床医生不仅需具备扎实的眼部解剖学理论知识，还需掌握规范的检查流程与急诊处理方案。

全书涵盖了眼外伤的多个核心领域，主要内容包括：

1.  **眼部解剖学基础**：详细阐述了眼球各结构（如角膜、巩膜、视网膜等）的解剖特征及其在机械性损伤中的病理表现。书中特别分析了角膜的五层结构及其对损伤的反应，以及眼球各腔室的生理功能。
2.  **损伤机制与视觉通路影响**：探讨了加速与减速运动导致的钝挫伤对视觉通路的影响，详细列举了视神经、视交叉、视束及视放射等部位受损后导致的各类视野缺损表现，如双颞侧偏盲、同向偏盲等。
3.  **临床检查规范**：强调了针对眼睑、眼球前段及后段外伤的标准化检查流程。通过系统化的物理检查，医生能够更精准地评估损伤程度，为后续的治疗决策提供依据。
4.  **临床数据管理与随访**：书中引入了眼外伤信息系统（EIVS）的病例报告表与随访登记表，涵盖了视力（BCVA）、眼压（IOP）、视网膜状态、填塞物使用及长期并发症等关键指标，旨在通过规范化的数据记录提升临床诊疗质量与预后评估。

本书通过结合解剖学知识与临床实践指南，为眼科临床工作者提供了从理论到实操的系统性参考，旨在通过规范化的急诊处理流程，最大程度地保护患者的视功能。",completed,26d29438-78d5-4805-9fb0-c51dea9a13e0,"# Summary
本书《眼外伤：解剖与检查》（Ocular Trauma: Anatomy and Examination）由华岩教授主编，旨在为眼科医生及急诊医师提供关于眼外伤诊断与治疗的全面指导。该书强调，针对眼外伤的及时诊断与有效干预对于挽救视力至关重要，要求临床医生不仅需具备扎实的眼部解剖学理论知识，还需掌握规范的检查流程与急诊处理方案。

全书涵盖了眼外伤的多个核心领域，主要内容包括：

1.  **眼部解剖学基础**：详细阐述了眼球各结构（如角膜、巩膜、视网膜等）的解剖特征及其在机械性损伤中的病理表现。书中特别分析了角膜的五层结构及其对损伤的反应，以及眼球各腔室的生理功能。
2.  **损伤机制与视觉通路影响**：探讨了加速与减速运动导致的钝挫伤对视觉通路的影响，详细列举了视神经、视交叉、视束及视放射等部位受损后导致的各类视野缺损表现，如双颞侧偏盲、同向偏盲等。
3.  **临床检查规范**：强调了针对眼睑、眼球前段及后段外伤的标准化检查流程。通过系统化的物理检查，医生能够更精准地评估损伤程度，为后续的治疗决策提供依据。
4.  **临床数据管理与随访**：书中引入了眼外伤信息系统（EIVS）的病例报告表与随访登记表，涵盖了视力（BCVA）、眼压（IOP）、视网膜状态、填塞物使用及长期并发症等关键指标，旨在通过规范化的数据记录提升临床诊疗质量与预后评估。

本书通过结合解剖学知识与临床实践指南，为眼科临床工作者提供了从理论到实操的系统性参考，旨在通过规范化的急诊处理流程，最大程度地保护患者的视功能。",40436170-bf92-4237-bbee-4bd1faebd749
08-葡萄膜炎与眼内炎症,2c1efff9-0960-4d4b-a4c3-7acfb9411151,10000,745acd0a-af90-48ac-a881-ec8c79ed5153,Springer-Posterior Uveitis-Narsing A Rao 2019_weknora.mhtml,Springer-Posterior Uveitis-Narsing A Rao 2019_weknora.mhtml,"本文档探讨了后葡萄膜炎的诊断成像技术进展及治疗手段的演变。主要内容涵盖以下几个核心方面：

1. **成像技术的进步**：现代眼科诊断已从传统的彩色眼底照相和荧光素血管造影（FA）转向更先进的数字化成像。超广角成像技术（Ultra-widefield imaging）能够提供高达200度的视野，极大提升了对周边视网膜血管炎的评估能力。此外，吲哚青绿血管造影（ICGA）因其分子特性，在评估脉络膜炎症方面具有独特优势。

2. **OCT及相关高级应用**：光学相干断层扫描（OCT）及其增强深度成像（EDI-OCT）技术已成为评估脉络膜形态变化的关键工具，特别是在诊断眼内结核和肉芽肿性病变方面。OCT血管造影（OCT-A）作为一种非侵入性技术，能够实时监测视网膜和脉络膜的血管网络，在评估炎症活动性及疗效监测方面表现出比传统造影更早的敏感性。

3. **新型药物递送系统**：为了提高治疗效果并减少全身副作用，眼科领域正在开发多种局部给药技术。脂质体包封技术为抗炎药物和基因治疗提供了新途径；离子导入技术（Iontophoresis）通过电荷梯度实现地塞米松的高效眼内输送；而脉络膜上腔注射（Suprachoroidal delivery）则通过靶向给药，在治疗非感染性葡萄膜炎引发的黄斑水肿方面展现出显著的临床疗效，如PEACHTREE临床试验所证实的视力改善和视网膜厚度降低。

综上所述，成像技术的数字化与高分辨率化，结合精准的局部药物递送系统，正在重塑后葡萄膜炎的临床诊疗范式，为医生提供了更精确的诊断依据和更有效的治疗选择。",completed,e6903031-dca3-41d7-802f-44171c4272b4,"# Summary
本文档探讨了后葡萄膜炎的诊断成像技术进展及治疗手段的演变。主要内容涵盖以下几个核心方面：

1. **成像技术的进步**：现代眼科诊断已从传统的彩色眼底照相和荧光素血管造影（FA）转向更先进的数字化成像。超广角成像技术（Ultra-widefield imaging）能够提供高达200度的视野，极大提升了对周边视网膜血管炎的评估能力。此外，吲哚青绿血管造影（ICGA）因其分子特性，在评估脉络膜炎症方面具有独特优势。

2. **OCT及相关高级应用**：光学相干断层扫描（OCT）及其增强深度成像（EDI-OCT）技术已成为评估脉络膜形态变化的关键工具，特别是在诊断眼内结核和肉芽肿性病变方面。OCT血管造影（OCT-A）作为一种非侵入性技术，能够实时监测视网膜和脉络膜的血管网络，在评估炎症活动性及疗效监测方面表现出比传统造影更早的敏感性。

3. **新型药物递送系统**：为了提高治疗效果并减少全身副作用，眼科领域正在开发多种局部给药技术。脂质体包封技术为抗炎药物和基因治疗提供了新途径；离子导入技术（Iontophoresis）通过电荷梯度实现地塞米松的高效眼内输送；而脉络膜上腔注射（Suprachoroidal delivery）则通过靶向给药，在治疗非感染性葡萄膜炎引发的黄斑水肿方面展现出显著的临床疗效，如PEACHTREE临床试验所证实的视力改善和视网膜厚度降低。

综上所述，成像技术的数字化与高分辨率化，结合精准的局部药物递送系统，正在重塑后葡萄膜炎的临床诊疗范式，为医生提供了更精确的诊断依据和更有效的治疗选择。",672c0ff6-798b-4277-89e8-296e2aa07da6
06-眼底病与视网膜内科,f900fe21-9deb-47e0-bf36-ce06022cae92,10000,e697d8b7-e68c-4dbc-b529-f71762cb62ca,Atlas of retinal OCT-Darin R Goldman 2018_weknora.mhtml,Atlas of retinal OCT-Darin R Goldman 2018_weknora.mhtml,"《视网膜OCT图谱》（Atlas of Retinal OCT）是一部旨在为临床医生提供视网膜光学相干断层扫描（OCT）诊断辅助的专业参考书。该书通过高质量的影像资料，详细阐述了OCT技术在眼科临床中的应用，涵盖了从正常解剖结构到多种视网膜病变的影像学特征。

该书的核心内容包括以下几个方面：

1.  **OCT技术原理与演进**：书中对比了时域OCT（TD-OCT）与频域OCT（SD-OCT）及扫频OCT（SS-OCT）的技术差异。SD-OCT通过光谱干涉技术实现了更快的扫描速度和更高的图像分辨率，能够清晰展示视网膜的微观解剖结构，成为目前临床评估的标准工具。
2.  **视盘与视神经的评估**：详细介绍了视盘的体积扫描与线扫描模式。OCT通过测量视网膜神经纤维层（RNFL）厚度、神经节细胞复合体（GCC）以及视盘形态（如杯盘比、盘沿面积），为视神经健康评估提供了量化指标。同时，OCT血管成像（OCTA）技术进一步增强了对视盘血管密度及血流情况的理解。
3.  **视网膜病变的临床诊断**：以视网膜中央静脉阻塞（CRVO）为例，探讨了病理机制、临床表现及OCT在评估黄斑水肿、视网膜缺血及治疗反应中的关键作用。书中强调，黄斑厚度与视力呈负相关，而光感受器层（特别是椭圆体带）的完整性是预后的重要指标。
4.  **特殊病变的影像鉴别**：书中详细分析了髓鞘化神经纤维层（mNFL）等特殊病变的OCT特征。mNFL在OCT上表现为极高的表面反射率及伴随的深层阴影，通过这些特征可将其与视网膜水肿或血管性病变进行临床鉴别，且该病变在OCT上表现出长期的稳定性。

总体而言，该图谱通过丰富的病例影像和临床分析，旨在帮助临床医生更准确地解读OCT扫描结果，从而优化患者的诊断与治疗方案。",completed,ec3964d5-e072-41ed-8f0a-762989a2d8d2,"# Summary
《视网膜OCT图谱》（Atlas of Retinal OCT）是一部旨在为临床医生提供视网膜光学相干断层扫描（OCT）诊断辅助的专业参考书。该书通过高质量的影像资料，详细阐述了OCT技术在眼科临床中的应用，涵盖了从正常解剖结构到多种视网膜病变的影像学特征。

该书的核心内容包括以下几个方面：

1.  **OCT技术原理与演进**：书中对比了时域OCT（TD-OCT）与频域OCT（SD-OCT）及扫频OCT（SS-OCT）的技术差异。SD-OCT通过光谱干涉技术实现了更快的扫描速度和更高的图像分辨率，能够清晰展示视网膜的微观解剖结构，成为目前临床评估的标准工具。
2.  **视盘与视神经的评估**：详细介绍了视盘的体积扫描与线扫描模式。OCT通过测量视网膜神经纤维层（RNFL）厚度、神经节细胞复合体（GCC）以及视盘形态（如杯盘比、盘沿面积），为视神经健康评估提供了量化指标。同时，OCT血管成像（OCTA）技术进一步增强了对视盘血管密度及血流情况的理解。
3.  **视网膜病变的临床诊断**：以视网膜中央静脉阻塞（CRVO）为例，探讨了病理机制、临床表现及OCT在评估黄斑水肿、视网膜缺血及治疗反应中的关键作用。书中强调，黄斑厚度与视力呈负相关，而光感受器层（特别是椭圆体带）的完整性是预后的重要指标。
4.  **特殊病变的影像鉴别**：书中详细分析了髓鞘化神经纤维层（mNFL）等特殊病变的OCT特征。mNFL在OCT上表现为极高的表面反射率及伴随的深层阴影，通过这些特征可将其与视网膜水肿或血管性病变进行临床鉴别，且该病变在OCT上表现出长期的稳定性。

总体而言，该图谱通过丰富的病例影像和临床分析，旨在帮助临床医生更准确地解读OCT扫描结果，从而优化患者的诊断与治疗方案。",ecdff10e-4645-4da1-881c-ed51fd4ebb6e
01-眼科综合：基础与全身病,09c593aa-1a64-48de-af81-fc4d30d551b4,10000,0b7de511-2234-4b4c-bfb6-3f230581b875,General Ophthalmology 19-Paul Riordan 2018_weknora.mhtml,General Ophthalmology 19-Paul Riordan 2018_weknora.mhtml,"本书《Vaughan & Asbury’s General Ophthalmology》（第19版）是一部关于眼科学的专业参考书，涵盖了眼部解剖、胚胎学、临床诊断及治疗等核心内容。

本书的主要内容要点如下：

1.  **眼部解剖与胚胎学**：强调了对眼球、眼眶、视觉通路及眼部运动神经解剖结构的深入理解是诊断眼部疾病及进行眼科手术的基础。书中详细描述了眼眶的骨性结构、容积及其与周围鼻窦的关系，并指出解剖知识在应对眼眶外伤（如爆裂性骨折）中的重要性。
2.  **青光眼的药物治疗**：详细介绍了多种降低眼压的药物，包括α-肾上腺素能激动剂（如阿普可乐定、溴莫尼定）、碳酸酐酶抑制剂（如多佐胺、布林佐胺及全身用药乙酰唑胺）。此外，还探讨了通过高渗剂减少玻璃体容积以及使用缩瞳剂、散瞳剂和睫状肌麻痹剂来调节眼压和处理房角关闭的临床策略。
3.  **临床术语与诊断工具**：书末提供了详尽的术语表，定义了眼科临床中常用的检查工具（如裂隙灯生物显微镜、检影镜、视力表）、手术方法（如小切口透镜取出术、小梁切除术、玻璃体切除术）以及各类眼部病理状态（如视网膜色素变性、斜视、葡萄膜炎、虹膜粘连等）。
4.  **临床实践原则**：书中强调了现代医学中非侵入性技术（如MRI、超声、OCT）在解剖研究中的应用，并提醒临床医生在药物治疗中需关注药物副作用、禁忌症及个体化治疗方案的重要性。

本书旨在为眼科医生提供系统性的理论基础与临床指导，强调了从解剖结构到病理机制的全面认知对于眼科临床实践的必要性。",completed,5e1576ea-e673-4257-98ca-9d1452b2c691,"# Summary
本书《Vaughan & Asbury’s General Ophthalmology》（第19版）是一部关于眼科学的专业参考书，涵盖了眼部解剖、胚胎学、临床诊断及治疗等核心内容。

本书的主要内容要点如下：

1.  **眼部解剖与胚胎学**：强调了对眼球、眼眶、视觉通路及眼部运动神经解剖结构的深入理解是诊断眼部疾病及进行眼科手术的基础。书中详细描述了眼眶的骨性结构、容积及其与周围鼻窦的关系，并指出解剖知识在应对眼眶外伤（如爆裂性骨折）中的重要性。
2.  **青光眼的药物治疗**：详细介绍了多种降低眼压的药物，包括α-肾上腺素能激动剂（如阿普可乐定、溴莫尼定）、碳酸酐酶抑制剂（如多佐胺、布林佐胺及全身用药乙酰唑胺）。此外，还探讨了通过高渗剂减少玻璃体容积以及使用缩瞳剂、散瞳剂和睫状肌麻痹剂来调节眼压和处理房角关闭的临床策略。
3.  **临床术语与诊断工具**：书末提供了详尽的术语表，定义了眼科临床中常用的检查工具（如裂隙灯生物显微镜、检影镜、视力表）、手术方法（如小切口透镜取出术、小梁切除术、玻璃体切除术）以及各类眼部病理状态（如视网膜色素变性、斜视、葡萄膜炎、虹膜粘连等）。
4.  **临床实践原则**：书中强调了现代医学中非侵入性技术（如MRI、超声、OCT）在解剖研究中的应用，并提醒临床医生在药物治疗中需关注药物副作用、禁忌症及个体化治疗方案的重要性。

本书旨在为眼科医生提供系统性的理论基础与临床指导，强调了从解剖结构到病理机制的全面认知对于眼科临床实践的必要性。",03cbcb6e-cfc3-4fcd-8be7-161566981200
01-眼科综合：基础与全身病,09c593aa-1a64-48de-af81-fc4d30d551b4,10000,3936ab5a-4e25-4623-8589-235f0666bd84,"Ophthalmology-Myron Yanoff, Jay S. Duker 2019_weknora.mhtml","Ophthalmology-Myron Yanoff, Jay S. Duker 2019_weknora.mhtml","本书《眼科学》（第五版）由Myron Yanoff和Jay S. Duker主编，是一部涵盖眼科学基础理论、临床诊断及治疗的综合性学术著作。全书分为12个部分，内容广泛，涉及遗传学基础、眼部创伤、眼科病理及美容医学等多个领域。

本书的核心内容包括以下几个方面：

1.  **眼科学遗传学基础**：阐述了人类基因组的结构、基因表达机制（如DNA转录与蛋白质合成）、染色体组成以及遗传变异在眼部疾病中的作用。该部分强调了分子生物学原理对理解眼病发病机制的重要性。
2.  **眼部创伤与继发性病变**：详细讨论了与颅内出血相关的眼部表现，包括Terson综合征（颅内出血引发的眼内出血）、Purtscher视网膜病变（严重创伤后的视网膜梗死）以及摇晃婴儿综合征（由虐待引起的眼内出血）。这些病变通常表现为视网膜、玻璃体出血或视网膜梗死，并伴随不同程度的视力损害。
3.  **眼部美容医学与风险管理**：探讨了肉毒杆菌毒素（BoNTA）和透明质酸（HA）填充剂在眼周年轻化治疗中的应用。书中特别强调了注射技术的重要性，并警示了血管并发症的风险，如误入眼动脉分支可能导致不可逆的失明。针对此类紧急情况，书中建议了早期识别及使用透明质酸酶进行逆转的处置方案。
4.  **临床实践与科研参考**：书中收录了多位领域专家的研究成果，涵盖了从角膜内皮移植到超声检查等多种临床技术，并提供了详尽的参考文献，旨在为眼科从业者提供科学的临床决策依据。

总体而言，本书通过整合基础科学研究与临床实践经验，为眼科医生提供了关于眼部疾病诊断、治疗及并发症预防的系统性指导。",completed,22a782d9-2172-49ff-aadd-84a89223f649,"# Summary
本书《眼科学》（第五版）由Myron Yanoff和Jay S. Duker主编，是一部涵盖眼科学基础理论、临床诊断及治疗的综合性学术著作。全书分为12个部分，内容广泛，涉及遗传学基础、眼部创伤、眼科病理及美容医学等多个领域。

本书的核心内容包括以下几个方面：

1.  **眼科学遗传学基础**：阐述了人类基因组的结构、基因表达机制（如DNA转录与蛋白质合成）、染色体组成以及遗传变异在眼部疾病中的作用。该部分强调了分子生物学原理对理解眼病发病机制的重要性。
2.  **眼部创伤与继发性病变**：详细讨论了与颅内出血相关的眼部表现，包括Terson综合征（颅内出血引发的眼内出血）、Purtscher视网膜病变（严重创伤后的视网膜梗死）以及摇晃婴儿综合征（由虐待引起的眼内出血）。这些病变通常表现为视网膜、玻璃体出血或视网膜梗死，并伴随不同程度的视力损害。
3.  **眼部美容医学与风险管理**：探讨了肉毒杆菌毒素（BoNTA）和透明质酸（HA）填充剂在眼周年轻化治疗中的应用。书中特别强调了注射技术的重要性，并警示了血管并发症的风险，如误入眼动脉分支可能导致不可逆的失明。针对此类紧急情况，书中建议了早期识别及使用透明质酸酶进行逆转的处置方案。
4.  **临床实践与科研参考**：书中收录了多位领域专家的研究成果，涵盖了从角膜内皮移植到超声检查等多种临床技术，并提供了详尽的参考文献，旨在为眼科从业者提供科学的临床决策依据。

总体而言，本书通过整合基础科学研究与临床实践经验，为眼科医生提供了关于眼部疾病诊断、治疗及并发症预防的系统性指导。",cb0d9cef-7d21-431f-a11d-158dc73b2547
14-检查：OCT/OCTA,7859da35-5359-43bb-bca6-4f99792392ea,10000,070c7cc0-979f-4f0a-94ab-81f53120b94f,Springer-Atlas of Ocular OCT-Fedra Hajizadeh 2018_weknora.mhtml,Springer-Atlas of Ocular OCT-Fedra Hajizadeh 2018_weknora.mhtml,"《眼科光学相干断层扫描图谱》一书详细介绍了光学相干断层扫描（OCT）技术在眼科诊断中的原理、应用及临床意义。该书涵盖了从基础理论到复杂病理分析的广泛内容，旨在为眼科临床提供全面的影像学参考。

本书的核心内容包括以下几个方面：

1.  **OCT技术原理与演进**：详细阐述了OCT的成像机制，对比了时域OCT（TD-OCT）与频域OCT（包括谱域OCT和扫频源OCT）的差异。书中解释了干涉测量原理，并探讨了OCT血管成像（OCTA）这一无需造影剂的非侵入性血流成像技术。
2.  **临床应用与增强深度成像（EDI-OCT）**：介绍了正常视网膜及后段结构的OCT表现，并重点讨论了EDI-OCT在年龄相关性黄斑变性、糖尿病视网膜病变、青光眼、脉络膜肿瘤及高度近视等多种眼部疾病中的应用，特别强调了对脉络膜结构的评估。
3.  **病理诊断与视网膜异常**：书中通过大量病例分析，展示了玻璃体黄斑牵引、黄斑裂孔、视盘凹陷及视网膜劈裂等病变的影像特征。此外，还探讨了药物毒性（如氯喹毒性）导致的视网膜色素上皮（RPE）及光感受器层损伤的OCT表现。
4.  **青光眼评估**：专门章节讨论了青光眼的OCT诊断，包括视网膜神经纤维层（RNFL）厚度、视神经头参数、黄斑参数及血流动力学指标的综合分析。
5.  **局限性、伪影与判读陷阱**：书中强调了OCT图像判读中的常见伪影及诊断陷阱（如视网膜前膜或近视带来的干扰），提醒临床医生在分析图像时应结合其他检查手段（如眼底自发荧光、荧光素血管造影等）进行综合判断。

总之，本书不仅提供了OCT成像的技术基础，还通过丰富的临床图像实例，指导医生如何准确识别眼部结构变化，从而提高对复杂眼底疾病的诊断准确性。",completed,a6b0834c-a462-4eb5-9b3b-622a392961cb,"# Summary
《眼科光学相干断层扫描图谱》一书详细介绍了光学相干断层扫描（OCT）技术在眼科诊断中的原理、应用及临床意义。该书涵盖了从基础理论到复杂病理分析的广泛内容，旨在为眼科临床提供全面的影像学参考。

本书的核心内容包括以下几个方面：

1.  **OCT技术原理与演进**：详细阐述了OCT的成像机制，对比了时域OCT（TD-OCT）与频域OCT（包括谱域OCT和扫频源OCT）的差异。书中解释了干涉测量原理，并探讨了OCT血管成像（OCTA）这一无需造影剂的非侵入性血流成像技术。
2.  **临床应用与增强深度成像（EDI-OCT）**：介绍了正常视网膜及后段结构的OCT表现，并重点讨论了EDI-OCT在年龄相关性黄斑变性、糖尿病视网膜病变、青光眼、脉络膜肿瘤及高度近视等多种眼部疾病中的应用，特别强调了对脉络膜结构的评估。
3.  **病理诊断与视网膜异常**：书中通过大量病例分析，展示了玻璃体黄斑牵引、黄斑裂孔、视盘凹陷及视网膜劈裂等病变的影像特征。此外，还探讨了药物毒性（如氯喹毒性）导致的视网膜色素上皮（RPE）及光感受器层损伤的OCT表现。
4.  **青光眼评估**：专门章节讨论了青光眼的OCT诊断，包括视网膜神经纤维层（RNFL）厚度、视神经头参数、黄斑参数及血流动力学指标的综合分析。
5.  **局限性、伪影与判读陷阱**：书中强调了OCT图像判读中的常见伪影及诊断陷阱（如视网膜前膜或近视带来的干扰），提醒临床医生在分析图像时应结合其他检查手段（如眼底自发荧光、荧光素血管造影等）进行综合判断。

总之，本书不仅提供了OCT成像的技术基础，还通过丰富的临床图像实例，指导医生如何准确识别眼部结构变化，从而提高对复杂眼底疾病的诊断准确性。",0d89db47-61ae-459b-bb34-d78bacb32e76
05-青光眼,8bf942e4-80dc-4a8a-87cf-486f897fe2bd,10000,5213d56a-eb9d-4988-ad52-2be0aaef0fa8,Springer-OCT in Glaucoma-Ahmet Akman 2018_weknora.mhtml,Springer-OCT in Glaucoma-Ahmet Akman 2018_weknora.mhtml,"《青光眼光学相干断层扫描：实用指南》（Optical Coherence Tomography in Glaucoma: A Practical Guide）是一部旨在填补临床医生在青光眼诊疗中对光学相干断层扫描（OCT）应用空白的专业著作。该书由多位青光眼专家编撰，通过理论与临床实践相结合的方式，为眼科医生提供了系统性的OCT应用指导。

该书的核心内容涵盖以下几个关键方面：

1.  **OCT在青光眼诊疗中的核心地位**：OCT已成为诊断和监测青光眼结构性损伤的主要工具。其高分辨率和可重复性使其在早期青光眼检测及疾病进展评估方面优于传统成像系统，并可作为视野检查的重要补充。
2.  **临床判读与伪影识别**：书中强调，临床医生不能仅依赖设备生成的“红绿”总结统计数据，而应全面审视OCT报告。重点讨论了如何识别OCT图像中的伪影、解剖变异以及可能导致误诊的“青光眼伪装者”（如视神经炎、压迫性视神经病变等），从而减少假阳性和假阴性结果。
3.  **多维度评估与结构功能关联**：强调了综合利用眼部不同层级（如视网膜神经纤维层、神经节细胞层）和不同区域（如视盘、黄斑区）数据的重要性，并提倡将结构性OCT数据与功能性检查结果进行对比分析。
4.  **前沿技术应用**：书中专门探讨了OCT血管成像（OCTA）的现状与局限性。尽管目前OCTA受限于运动伪影和无法检测血管渗漏等问题，但随着扫描速度的提升和技术的迭代，其在评估青光眼血管结构改变方面的潜力巨大。

全书通过丰富的临床案例、详细的图像分析以及对Cirrus HD-OCT和Spectralis OCT等主流设备的实操说明，旨在帮助从住院医师到资深专家的各类眼科从业者提升OCT判读能力，进而改善全球青光眼患者的临床护理质量。",completed,76746ac6-3bdb-450f-a769-e64d27af2fe7,"# Summary
《青光眼光学相干断层扫描：实用指南》（Optical Coherence Tomography in Glaucoma: A Practical Guide）是一部旨在填补临床医生在青光眼诊疗中对光学相干断层扫描（OCT）应用空白的专业著作。该书由多位青光眼专家编撰，通过理论与临床实践相结合的方式，为眼科医生提供了系统性的OCT应用指导。

该书的核心内容涵盖以下几个关键方面：

1.  **OCT在青光眼诊疗中的核心地位**：OCT已成为诊断和监测青光眼结构性损伤的主要工具。其高分辨率和可重复性使其在早期青光眼检测及疾病进展评估方面优于传统成像系统，并可作为视野检查的重要补充。
2.  **临床判读与伪影识别**：书中强调，临床医生不能仅依赖设备生成的“红绿”总结统计数据，而应全面审视OCT报告。重点讨论了如何识别OCT图像中的伪影、解剖变异以及可能导致误诊的“青光眼伪装者”（如视神经炎、压迫性视神经病变等），从而减少假阳性和假阴性结果。
3.  **多维度评估与结构功能关联**：强调了综合利用眼部不同层级（如视网膜神经纤维层、神经节细胞层）和不同区域（如视盘、黄斑区）数据的重要性，并提倡将结构性OCT数据与功能性检查结果进行对比分析。
4.  **前沿技术应用**：书中专门探讨了OCT血管成像（OCTA）的现状与局限性。尽管目前OCTA受限于运动伪影和无法检测血管渗漏等问题，但随着扫描速度的提升和技术的迭代，其在评估青光眼血管结构改变方面的潜力巨大。

全书通过丰富的临床案例、详细的图像分析以及对Cirrus HD-OCT和Spectralis OCT等主流设备的实操说明，旨在帮助从住院医师到资深专家的各类眼科从业者提升OCT判读能力，进而改善全球青光眼患者的临床护理质量。",18a6f5c3-8ddc-4f6e-85de-4305ffa02984
05-青光眼,8bf942e4-80dc-4a8a-87cf-486f897fe2bd,10000,7bd8ff47-8731-4337-a4c2-1405fc5fe6ef,Wills-青光眼-Douglas J Rhee 2018_weknora.mhtml,Wills-青光眼-Douglas J Rhee 2018_weknora.mhtml,"本书为《Wills临床眼科彩色图谱及精要：青光眼》（第2版）的中文译本，由道格拉斯·J.里（Douglas J. Rhee）主编，梁亮主译。该书基于循证医学原则，系统阐述了青光眼的临床诊断与治疗，重点涵盖了葡萄膜炎性青光眼及青光眼手术并发症的处理。

核心内容包括：

1. **葡萄膜炎性青光眼的诊断与评估**：强调了全面的眼科检查，包括裂隙灯检查以确定炎症分类（前、中、后或全葡萄膜炎）及活动度，以及前房角镜检查以区分开角型与闭角型青光眼。诊断必须结合视神经损伤及视野缺损的客观证据，并可借助激光闪辉光度测定、B超及超声生物显微镜等辅助手段进行随访。

2. **葡萄膜炎性青光眼的治疗策略**：首要目标是控制眼内炎症并预防结构性改变（如粘连）。治疗方案包括使用皮质类固醇（局部、眼周或全身用药）及散瞳剂/睫状肌麻痹剂。在炎症受控后，针对高眼压的药物治疗主要依赖房水抑制剂，通常应避免使用可能加重炎症的缩瞳剂和前列腺素类药物。

3. **青光眼手术并发症的管理**：书中详细讨论了滤过手术后的常见问题，如滤过泡包裹化、周边滤过泡引起的不适，以及青光眼引流装置的导管侵蚀。针对包裹化，提出了药物治疗、针头穿刺及经角膜巩膜瓣修补术等方案；针对引流导管侵蚀，强调了通过植片移植物（如巩膜、角膜、羊膜或心包膜）覆盖导管以预防感染，并对已发生的侵蚀采取外科修复措施。

该书通过丰富的临床图片与精要的文字说明，为眼科医生提供了规范化的临床诊疗指导，旨在提升青光眼患者的治疗效果与生活质量。",completed,5a5de009-3d8f-4588-af06-afb870432d0d,"# Summary
本书为《Wills临床眼科彩色图谱及精要：青光眼》（第2版）的中文译本，由道格拉斯·J.里（Douglas J. Rhee）主编，梁亮主译。该书基于循证医学原则，系统阐述了青光眼的临床诊断与治疗，重点涵盖了葡萄膜炎性青光眼及青光眼手术并发症的处理。

核心内容包括：

1. **葡萄膜炎性青光眼的诊断与评估**：强调了全面的眼科检查，包括裂隙灯检查以确定炎症分类（前、中、后或全葡萄膜炎）及活动度，以及前房角镜检查以区分开角型与闭角型青光眼。诊断必须结合视神经损伤及视野缺损的客观证据，并可借助激光闪辉光度测定、B超及超声生物显微镜等辅助手段进行随访。

2. **葡萄膜炎性青光眼的治疗策略**：首要目标是控制眼内炎症并预防结构性改变（如粘连）。治疗方案包括使用皮质类固醇（局部、眼周或全身用药）及散瞳剂/睫状肌麻痹剂。在炎症受控后，针对高眼压的药物治疗主要依赖房水抑制剂，通常应避免使用可能加重炎症的缩瞳剂和前列腺素类药物。

3. **青光眼手术并发症的管理**：书中详细讨论了滤过手术后的常见问题，如滤过泡包裹化、周边滤过泡引起的不适，以及青光眼引流装置的导管侵蚀。针对包裹化，提出了药物治疗、针头穿刺及经角膜巩膜瓣修补术等方案；针对引流导管侵蚀，强调了通过植片移植物（如巩膜、角膜、羊膜或心包膜）覆盖导管以预防感染，并对已发生的侵蚀采取外科修复措施。

该书通过丰富的临床图片与精要的文字说明，为眼科医生提供了规范化的临床诊疗指导，旨在提升青光眼患者的治疗效果与生活质量。",a9815eea-22ff-4fc0-83d3-ec0fe88e548d
12-眼眶与眼肿瘤,e785de98-5837-4eea-89a8-6a46cacb5173,10000,80b10608-e057-4373-b611-479989f271ad,Clinical Ophthalmic Oncology-Singh、Damato、Pe'er、Murphree、Perry 2007_weknora.mhtml,Clinical Ophthalmic Oncology-Singh、Damato、Pe'er、Murphree、Perry 2007_weknora.mhtml,"《Clinical Ophthalmic Oncology》是由Arun D. Singh等多位编者合作完成的一部眼肿瘤学教科书，由Saunders Elsevier于2007年出版，汇集了来自18个国家的124位作者的贡献。该书旨在整合多个学科的知识，涵盖眼睑、结膜、眼内及眼眶肿瘤的完整谱系。全书结构上，开篇部分专门介绍癌症的基本原理，包括流行病学、病理学、免疫学、遗传学以及激光治疗、放射治疗和化学治疗的原则；后续章节则按肿瘤部位分别讨论眼睑、结膜、葡萄膜、视网膜和眼眶肿瘤。每个章节采用统一版式，以文本框突出关键特征、表格进行比较、流程图概括治疗路径，并纳入放疗科、医学物理、儿科肿瘤等专家的章节以拓展视野。前言指出，该书以循证医学为导向，旨在帮助多学科团队更好地协作，并激励该领域进一步研究。

书中节选内容涉及多个具体主题。在临床流行病学原理章节中，作者强调研究问题应明确界定，并可采用PICO框架（患者、干预、对照、结局）构建；常用的结局指标包括患病率、发病率、死亡率、生存率、生活质量及视力。文中以葡萄膜黑色素瘤和视网膜母细胞瘤为例说明这些指标的应用。弥漫性脉络膜血管瘤的治疗部分提到光动力疗法具有避免放射、操作简便、副作用少等优点，短期效果良好，但需长期大样本观察评估疗效；该病常合并Sturge-Weber综合征，预后涉及难治性癫痫、发育迟缓及因渗出性视网膜脱离导致的视力丧失。葡萄膜神经肿瘤章节区分了神经纤维瘤与施万细胞瘤的临床病理特征，并重点讨论1型神经纤维瘤病的葡萄膜表现，包括Lisch结节、脉络膜亮斑（需通过红外扫描激光眼底镜或吲哚菁绿血管造影观察），以及罕见的脉络膜神经纤维瘤和节细胞神经瘤。眼眶手术章节介绍了多种手术入路，如经结膜的上内侧、下外侧及下内侧入路，强调沿皮肤松弛张力线和隐藏结膜切口可接近几乎所有眼眶肿瘤；对于眶尖肿瘤需采用上睑皱襞或下结膜入路，必要时行外侧骨切开或经额颅切开术。作者总结，凭借显微手术技术、改良器械及对眶解剖的掌握，大多数眼眶肿瘤无需骨切开即可安全切除。",completed,7f0023eb-c485-4595-8410-7ed0395f7673,"# Summary
《Clinical Ophthalmic Oncology》是由Arun D. Singh等多位编者合作完成的一部眼肿瘤学教科书，由Saunders Elsevier于2007年出版，汇集了来自18个国家的124位作者的贡献。该书旨在整合多个学科的知识，涵盖眼睑、结膜、眼内及眼眶肿瘤的完整谱系。全书结构上，开篇部分专门介绍癌症的基本原理，包括流行病学、病理学、免疫学、遗传学以及激光治疗、放射治疗和化学治疗的原则；后续章节则按肿瘤部位分别讨论眼睑、结膜、葡萄膜、视网膜和眼眶肿瘤。每个章节采用统一版式，以文本框突出关键特征、表格进行比较、流程图概括治疗路径，并纳入放疗科、医学物理、儿科肿瘤等专家的章节以拓展视野。前言指出，该书以循证医学为导向，旨在帮助多学科团队更好地协作，并激励该领域进一步研究。

书中节选内容涉及多个具体主题。在临床流行病学原理章节中，作者强调研究问题应明确界定，并可采用PICO框架（患者、干预、对照、结局）构建；常用的结局指标包括患病率、发病率、死亡率、生存率、生活质量及视力。文中以葡萄膜黑色素瘤和视网膜母细胞瘤为例说明这些指标的应用。弥漫性脉络膜血管瘤的治疗部分提到光动力疗法具有避免放射、操作简便、副作用少等优点，短期效果良好，但需长期大样本观察评估疗效；该病常合并Sturge-Weber综合征，预后涉及难治性癫痫、发育迟缓及因渗出性视网膜脱离导致的视力丧失。葡萄膜神经肿瘤章节区分了神经纤维瘤与施万细胞瘤的临床病理特征，并重点讨论1型神经纤维瘤病的葡萄膜表现，包括Lisch结节、脉络膜亮斑（需通过红外扫描激光眼底镜或吲哚菁绿血管造影观察），以及罕见的脉络膜神经纤维瘤和节细胞神经瘤。眼眶手术章节介绍了多种手术入路，如经结膜的上内侧、下外侧及下内侧入路，强调沿皮肤松弛张力线和隐藏结膜切口可接近几乎所有眼眶肿瘤；对于眶尖肿瘤需采用上睑皱襞或下结膜入路，必要时行外侧骨切开或经额颅切开术。作者总结，凭借显微手术技术、改良器械及对眶解剖的掌握，大多数眼眶肿瘤无需骨切开即可安全切除。",dd38e1a3-77d0-4415-ae3a-37f4b4c792a8
01-眼科综合：基础与全身病,09c593aa-1a64-48de-af81-fc4d30d551b4,10000,6d09fb6d-e569-4a48-b009-8bbb7abd006b,Eye Pathology-Ralph C Eagle 2017_weknora.mhtml,Eye Pathology-Ralph C Eagle 2017_weknora.mhtml,"《眼科病理学：图谱与文本》（第三版）由Ralph C. Eagle, Jr. 撰写，旨在为眼科医生、住院医师及病理学家提供眼科病理学的入门参考。该书强调了眼科病理学知识对于临床诊断、评估治疗效果及理解眼部疾病自然病程的重要性。

本书的核心内容涵盖了以下几个关键方面：

1.  **影像技术与病理学的结合**：随着频域光学相干断层扫描（SD-OCT）成为临床标准，作者强调了将高分辨率的活体影像与组织学切片进行对比分析的必要性。准确解读SD-OCT图像需要深厚的眼部组织学基础，这对现代眼科诊断至关重要。
2.  **眼科病理诊断的演变**：书中讨论了现代诊断技术的进步，包括免疫组织化学的应用以及分子遗传学检测在眼部及附件肿瘤分类与预后评估中的关键作用。此外，针对角膜病变、眼内肿瘤（如葡萄膜黑色素瘤和视网膜母细胞瘤）的治疗模式转变，也对病理标本的解读提出了新的挑战。
3.  **视网膜疾病的病理机制**：书中详细阐述了年龄相关性黄斑变性（AMD）的病理特征，包括干性与湿性AMD的病理谱系、视网膜色素上皮（RPE）的萎缩、Bruch膜的改变以及玻璃膜疣（drusen）的复杂成分。
4.  **视网膜肿瘤及模拟病变**：书中探讨了视网膜星形细胞错构瘤（常与结节性硬化症相关）的病理表现，并分析了视网膜母细胞瘤的鉴别诊断，包括白瞳症（leukocoria）的其他病因，如白内障、脉络膜缺损及髓鞘神经纤维等，强调了临床鉴别诊断的严谨性。

第三版教材不仅更新了文本内容，还增加了新的图表、彩色光电蒙太奇图像，并配套了包含800多道多选题的在线资源，旨在帮助读者掌握眼科病理学的核心知识，提升临床诊断水平。",completed,b29cf631-452e-49e5-a551-d487557dbf3f,"# Summary
《眼科病理学：图谱与文本》（第三版）由Ralph C. Eagle, Jr. 撰写，旨在为眼科医生、住院医师及病理学家提供眼科病理学的入门参考。该书强调了眼科病理学知识对于临床诊断、评估治疗效果及理解眼部疾病自然病程的重要性。

本书的核心内容涵盖了以下几个关键方面：

1.  **影像技术与病理学的结合**：随着频域光学相干断层扫描（SD-OCT）成为临床标准，作者强调了将高分辨率的活体影像与组织学切片进行对比分析的必要性。准确解读SD-OCT图像需要深厚的眼部组织学基础，这对现代眼科诊断至关重要。
2.  **眼科病理诊断的演变**：书中讨论了现代诊断技术的进步，包括免疫组织化学的应用以及分子遗传学检测在眼部及附件肿瘤分类与预后评估中的关键作用。此外，针对角膜病变、眼内肿瘤（如葡萄膜黑色素瘤和视网膜母细胞瘤）的治疗模式转变，也对病理标本的解读提出了新的挑战。
3.  **视网膜疾病的病理机制**：书中详细阐述了年龄相关性黄斑变性（AMD）的病理特征，包括干性与湿性AMD的病理谱系、视网膜色素上皮（RPE）的萎缩、Bruch膜的改变以及玻璃膜疣（drusen）的复杂成分。
4.  **视网膜肿瘤及模拟病变**：书中探讨了视网膜星形细胞错构瘤（常与结节性硬化症相关）的病理表现，并分析了视网膜母细胞瘤的鉴别诊断，包括白瞳症（leukocoria）的其他病因，如白内障、脉络膜缺损及髓鞘神经纤维等，强调了临床鉴别诊断的严谨性。

第三版教材不仅更新了文本内容，还增加了新的图表、彩色光电蒙太奇图像，并配套了包含800多道多选题的在线资源，旨在帮助读者掌握眼科病理学的核心知识，提升临床诊断水平。",0659435c-4316-4990-a2e0-6f98ad7ca515
04-屈光与视光：近视、接触镜与低视力,c73385b9-c154-4103-a93e-2d4c31f2423a,10000,6a0cbefe-9104-4dd7-a882-046041054298,"Handbook of Visual Optics- Fundamentals and Eye Optics, Volume I-Pablo Artal 2017_weknora.mhtml","Handbook of Visual Optics- Fundamentals and Eye Optics, Volume I-Pablo Artal 2017_weknora.mhtml","《视觉光学手册：基础与眼光学》（第一卷）由Pablo Artal主编，旨在提供视觉光学领域全面且权威的百科全书式知识。该书汇集了物理学、医学、生物学、心理学及工程学等多学科专家，系统阐述了从基础理论到前沿研究的视觉光学体系。

本书的核心内容涵盖以下几个方面：

1.  **视觉光学基础与仪器**：手册详细介绍了几何光学、波动光学、像差理论、光度学与色度学等物理基础，并探讨了眼科仪器（如波前传感器、自适应光学）的工程原理，以及解剖学、视网膜结构和心理物理学方法等生理学基础。
2.  **眼部光学特性研究**：深入分析了角膜与晶状体的光学属性。书中特别指出，晶状体作为动态光学元件，其非球面性、折射率梯度、随年龄增长的生长变化以及调节机制，对视网膜成像质量和老视的产生具有决定性影响。
3.  **视觉质量与动态调节**：探讨了屈光不正、单色像差、周边光学以及散射现象对视觉质量的影响。同时，书中记录了眼球随年龄的退化过程、调节机制的动态行为以及眼球运动对视觉感知的作用。
4.  **偏振光成像的应用**：手册介绍了偏振光技术在眼科成像中的重要价值。通过Stokes-Mueller算法等技术，偏振敏感成像能显著提升视网膜神经纤维层、视盘及病理组织（如老年性黄斑变性、青光眼相关病变）的对比度与可视化效果，为临床诊断与疾病监测提供了有力工具。

该手册不仅为初学者提供了入门指南，也为专业研究人员展示了视觉光学领域的最新实验成果，强调了基础理论与临床应用在眼科学与视光学中的深度融合。",completed,2c450aa2-72e0-44a8-8b44-87eab7a80bb9,"# Summary
《视觉光学手册：基础与眼光学》（第一卷）由Pablo Artal主编，旨在提供视觉光学领域全面且权威的百科全书式知识。该书汇集了物理学、医学、生物学、心理学及工程学等多学科专家，系统阐述了从基础理论到前沿研究的视觉光学体系。

本书的核心内容涵盖以下几个方面：

1.  **视觉光学基础与仪器**：手册详细介绍了几何光学、波动光学、像差理论、光度学与色度学等物理基础，并探讨了眼科仪器（如波前传感器、自适应光学）的工程原理，以及解剖学、视网膜结构和心理物理学方法等生理学基础。
2.  **眼部光学特性研究**：深入分析了角膜与晶状体的光学属性。书中特别指出，晶状体作为动态光学元件，其非球面性、折射率梯度、随年龄增长的生长变化以及调节机制，对视网膜成像质量和老视的产生具有决定性影响。
3.  **视觉质量与动态调节**：探讨了屈光不正、单色像差、周边光学以及散射现象对视觉质量的影响。同时，书中记录了眼球随年龄的退化过程、调节机制的动态行为以及眼球运动对视觉感知的作用。
4.  **偏振光成像的应用**：手册介绍了偏振光技术在眼科成像中的重要价值。通过Stokes-Mueller算法等技术，偏振敏感成像能显著提升视网膜神经纤维层、视盘及病理组织（如老年性黄斑变性、青光眼相关病变）的对比度与可视化效果，为临床诊断与疾病监测提供了有力工具。

该手册不仅为初学者提供了入门指南，也为专业研究人员展示了视觉光学领域的最新实验成果，强调了基础理论与临床应用在眼科学与视光学中的深度融合。",73ff1463-c6a5-48bc-8806-b92028e3792d
11-整形与泪道,bdde98f8-4f6b-4b3f-89a4-3cee7f5133b4,10000,4abb70cd-36d6-4372-a8f8-6a92e7ea6fb5,Wills-眼眶病与整形-Robert B Penne 2005_weknora.mhtml,Wills-眼眶病与整形-Robert B Penne 2005_weknora.mhtml,"美国威尔斯眼科医院

临床眼科图谱和精要

COLOR ATLAS &

SYNOPSIS OF

CLINICAL OPHTHALMOLOGY

WILLSEYE HOSPITAL

眼眶病与整形

# OCULOPLASTICS

原著 Robert B. Penne

丛书编辑 Christopher J. Rapuano

译者钱江袁一飞

主审 王文吉

上海科学技术出版社

美国威尔斯眼科医院 临床眼科图谱和精要

COLOR ATLAS & SYNOPSIS OF

CLINICAL OPHTHALMOLOGY

WILLSEYE HOSPITAL

## 眼眶病与整形 OCULOPLASTICS

“临床眼科图谱和精要”丛书系统、全面地介绍了眼科所有的疾病，从流行病学、病史、体格检查、鉴别诊断、实验室和特殊检查、病程以及最新的治疗方法等方面进行了简要概述。文字简洁、精炼。每种疾病配以一幅或多幅照片，图片精美，显示病变典型。是临床医生不可多得的眼科参考书。

## 责任编辑 罗安妮

塞 Aten C. Hu. Dany C. Brown. J. Ann. McMilla",completed,b4372f2d-b5b1-4037-9b7d-c03a3395635a,"# Summary
美国威尔斯眼科医院

临床眼科图谱和精要

COLOR ATLAS &

SYNOPSIS OF

CLINICAL OPHTHALMOLOGY

WILLSEYE HOSPITAL

眼眶病与整形

# OCULOPLASTICS

原著 Robert B. Penne

丛书编辑 Christopher J. Rapuano

译者钱江袁一飞

主审 王文吉

上海科学技术出版社

美国威尔斯眼科医院 临床眼科图谱和精要

COLOR ATLAS & SYNOPSIS OF

CLINICAL OPHTHALMOLOGY

WILLSEYE HOSPITAL

## 眼眶病与整形 OCULOPLASTICS

“临床眼科图谱和精要”丛书系统、全面地介绍了眼科所有的疾病，从流行病学、病史、体格检查、鉴别诊断、实验室和特殊检查、病程以及最新的治疗方法等方面进行了简要概述。文字简洁、精炼。每种疾病配以一幅或多幅照片，图片精美，显示病变典型。是临床医生不可多得的眼科参考书。

## 责任编辑 罗安妮

塞 Aten C. Hu. Dany C. Brown. J. Ann. McMilla",9d1f9a8a-f319-4cae-877a-04df01d0b942
15-检查：眼底血管造影（FFA/ICGA）,b12450f6-99ea-4f03-8765-a0a9b2753124,10000,484d286c-26b6-4bfe-bdec-2e5e9eb9ad0f,Springer-Atlas of wide-field retinal angiography and imaging-Igor Kozak J Fernando Arevalo 2016_weknora.mhtml,Springer-Atlas of wide-field retinal angiography and imaging-Igor Kozak J Fernando Arevalo 2016_weknora.mhtml,"《广角视网膜血管造影与成像图谱》（*Atlas of Wide-Field Retinal Angiography and Imaging*）由Igor Kozak和J. Fernando Arevalo编辑，旨在全面总结广角视网膜成像技术的临床应用与最新进展。该书汇集了多国专家的研究成果，为眼科医生、视网膜专家及相关领域研究人员提供了权威的参考资料。

本书的核心内容涵盖以下几个方面：

1.  **技术原理与历史演变**：书中回顾了视网膜成像技术的发展历程，从早期的眼底照相技术演进至现代超广角成像系统，强调了观察视网膜周边部对于诊断和理解眼部疾病的重要性。
2.  **多模态成像应用**：详细介绍了广角荧光素血管造影（FA）、吲哚菁绿血管造影（ICG）及自发荧光成像（FAF）在多种视网膜病变中的应用，包括糖尿病视网膜病变、视网膜静脉阻塞、视网膜营养不良、眼内肿瘤以及各类炎症和感染性疾病。
3.  **临床病例分析**：通过丰富的图谱和多模态影像（如Bardet-Biedl综合征、回旋状脉络膜视网膜萎缩、脉络膜缺失症、Stickler综合征、青少年X连锁视网膜劈裂症等），展示了广角成像在识别视网膜周边部病变及辅助临床诊断中的独特价值。
4.  **未来发展方向**：探讨了广角技术在远程医疗、便携式设备及智能手机成像平台中的应用前景。随着远程医疗程序的普及，非专业人员操作设备并进行远程专家评估已成为可能，这将进一步提升视网膜疾病的早期诊断与监测效率。

总体而言，该图谱不仅是一部临床教学工具，也反映了广角成像技术在提升眼科诊疗水平、优化患者管理方面的巨大潜力，是视网膜及葡萄膜炎领域的重要学术著作。",completed,78484fcb-629d-43e7-aa12-5bb35344a6bc,"# Summary
《广角视网膜血管造影与成像图谱》（*Atlas of Wide-Field Retinal Angiography and Imaging*）由Igor Kozak和J. Fernando Arevalo编辑，旨在全面总结广角视网膜成像技术的临床应用与最新进展。该书汇集了多国专家的研究成果，为眼科医生、视网膜专家及相关领域研究人员提供了权威的参考资料。

本书的核心内容涵盖以下几个方面：

1.  **技术原理与历史演变**：书中回顾了视网膜成像技术的发展历程，从早期的眼底照相技术演进至现代超广角成像系统，强调了观察视网膜周边部对于诊断和理解眼部疾病的重要性。
2.  **多模态成像应用**：详细介绍了广角荧光素血管造影（FA）、吲哚菁绿血管造影（ICG）及自发荧光成像（FAF）在多种视网膜病变中的应用，包括糖尿病视网膜病变、视网膜静脉阻塞、视网膜营养不良、眼内肿瘤以及各类炎症和感染性疾病。
3.  **临床病例分析**：通过丰富的图谱和多模态影像（如Bardet-Biedl综合征、回旋状脉络膜视网膜萎缩、脉络膜缺失症、Stickler综合征、青少年X连锁视网膜劈裂症等），展示了广角成像在识别视网膜周边部病变及辅助临床诊断中的独特价值。
4.  **未来发展方向**：探讨了广角技术在远程医疗、便携式设备及智能手机成像平台中的应用前景。随着远程医疗程序的普及，非专业人员操作设备并进行远程专家评估已成为可能，这将进一步提升视网膜疾病的早期诊断与监测效率。

总体而言，该图谱不仅是一部临床教学工具，也反映了广角成像技术在提升眼科诊疗水平、优化患者管理方面的巨大潜力，是视网膜及葡萄膜炎领域的重要学术著作。",828816ad-ffb4-412a-a58f-3c8e4c7c82ca
02-角膜与眼表,f041b2b7-3147-4deb-a2f2-0de5cc53d296,10000,0b985477-11e6-4ba7-97c9-09ba40fb3252,Springer-Corneal Transplantation 2016_weknora.mhtml,Springer-Corneal Transplantation 2016_weknora.mhtml,"角膜移植术在过去的一百多年中经历了显著的发展。从最初的尝试到20世纪下半叶穿透性角膜移植术（PK）成为金标准，再到近二十年来向选择性板层角膜移植术（如深板层角膜移植术和内皮角膜移植术）的范式转移，该领域已实现重大技术进步。现代手术技术不仅提高了手术的精确度，还显著缩短了患者的视力恢复时间，并增强了术后眼部的稳定性。

本文档涵盖了角膜移植的核心要点：

1.  **历史演变与技术进步**：角膜移植的历史始于对角膜瘢痕的早期尝试，包括人工角膜的研发和早期的动物实验。随着显微手术器械、缝合材料、角膜保存技术以及对免疫排斥反应机制（如“移植物疾病”）认识的深入，角膜移植的成功率大幅提升。
2.  **手术方式的多样化**：现代角膜外科医生需掌握多种技术，包括穿透性角膜移植和各种板层移植术。手术选择需基于患者的具体病情，并结合角膜银行提供的预处理移植物，以优化手术效果。
3.  **术后免疫抑制管理**：术后预防排斥反应是确保移植成功的关键。目前临床普遍使用局部皮质类固醇作为低风险移植的预防手段，但对于高风险病例，尚缺乏统一的免疫抑制方案。临床医生常根据经验或参考实体器官移植的方案进行个体化治疗。
4.  **高风险病例的处理**：针对多次移植失败或高风险患者，可考虑采取HLA配型、全身免疫抑制治疗或人工角膜（如Boston K-Pro或骨齿人工角膜）植入。此类方案需权衡潜在的严重并发症与患者的获益。

总结而言，角膜移植手术的最终目标是改善患者的生活质量。现代角膜外科医生必须具备深厚的专业知识，能够根据患者的个体需求，在风险与获益之间做出科学的决策，选择最适合的手术路径。",completed,e3fbd05a-71df-44f5-b0fd-769906f6220e,"# Summary
角膜移植术在过去的一百多年中经历了显著的发展。从最初的尝试到20世纪下半叶穿透性角膜移植术（PK）成为金标准，再到近二十年来向选择性板层角膜移植术（如深板层角膜移植术和内皮角膜移植术）的范式转移，该领域已实现重大技术进步。现代手术技术不仅提高了手术的精确度，还显著缩短了患者的视力恢复时间，并增强了术后眼部的稳定性。

本文档涵盖了角膜移植的核心要点：

1.  **历史演变与技术进步**：角膜移植的历史始于对角膜瘢痕的早期尝试，包括人工角膜的研发和早期的动物实验。随着显微手术器械、缝合材料、角膜保存技术以及对免疫排斥反应机制（如“移植物疾病”）认识的深入，角膜移植的成功率大幅提升。
2.  **手术方式的多样化**：现代角膜外科医生需掌握多种技术，包括穿透性角膜移植和各种板层移植术。手术选择需基于患者的具体病情，并结合角膜银行提供的预处理移植物，以优化手术效果。
3.  **术后免疫抑制管理**：术后预防排斥反应是确保移植成功的关键。目前临床普遍使用局部皮质类固醇作为低风险移植的预防手段，但对于高风险病例，尚缺乏统一的免疫抑制方案。临床医生常根据经验或参考实体器官移植的方案进行个体化治疗。
4.  **高风险病例的处理**：针对多次移植失败或高风险患者，可考虑采取HLA配型、全身免疫抑制治疗或人工角膜（如Boston K-Pro或骨齿人工角膜）植入。此类方案需权衡潜在的严重并发症与患者的获益。

总结而言，角膜移植手术的最终目标是改善患者的生活质量。现代角膜外科医生必须具备深厚的专业知识，能够根据患者的个体需求，在风险与获益之间做出科学的决策，选择最适合的手术路径。",fd72dcb6-8bf9-4222-8cc5-dbe908024eeb
05-青光眼,8bf942e4-80dc-4a8a-87cf-486f897fe2bd,10000,3952552e-c834-44c9-bd38-65f8df1c6e2b,Springer-Glaucoma Imaging-Antonio Ferreras 2016_weknora.mhtml,Springer-Glaucoma Imaging-Antonio Ferreras 2016_weknora.mhtml,"本书《青光眼影像学》（Glaucoma Imaging）由Antonio Ferreras编辑，系统介绍了青光眼诊断与监测中的关键影像学及功能评估技术。

核心内容包括：

1.  **标准自动视野检查（SAP）**：作为诊断青光眼最广泛接受的方法，SAP通过测量视野内的光敏感度来评估视觉功能。临床上常使用中心30°视野检查，并通过平均缺损（MD）、模式标准差（PSD）和视野指数（VFI）等全局指标进行量化分析。研究指出，MD与PSD在青光眼病程中的关系并非线性，且随着病情进展，两者的变化趋势具有特定规律。此外，检查结果的可靠性对于临床判断至关重要。

2.  **视网膜神经纤维层（RNFL）评估**：通过眼底摄影，尤其是单色（蓝光）摄影，可以观察到RNFL的分布。在健康个体中，RNFL呈现明亮的弧形条纹。青光眼患者的RNFL损伤主要表现为局部楔形缺损（与青光眼相关）或弥漫性变薄。临床需注意区分病理性楔形缺损与非病理性的细缝状缺损，并考虑年龄增长导致的生理性神经节细胞丢失。

3.  **光学相干断层扫描（OCT）的进展**：现代OCT技术（如Heidelberg Spectralis OCT）在青光眼监测中发挥了重要作用。通过对视盘（ONH）和RNFL进行纵向扫描，临床医生可以利用引导进展分析（GPA）软件，将患者的组织厚度变化与正常衰老曲线进行对比。这种分析能够通过斜率变化及统计学概率值，帮助医生判断视神经纤维的丢失是否超出了正常衰老范围，从而更准确地识别病理性进展。

该书强调了功能性检查（视野）与结构性检查（眼底摄影及OCT）相结合的重要性，为青光眼的早期诊断、病情评估及长期随访提供了科学的影像学依据。",completed,92423e02-efbb-4798-9ed6-63dec2419015,"# Summary
本书《青光眼影像学》（Glaucoma Imaging）由Antonio Ferreras编辑，系统介绍了青光眼诊断与监测中的关键影像学及功能评估技术。

核心内容包括：

1.  **标准自动视野检查（SAP）**：作为诊断青光眼最广泛接受的方法，SAP通过测量视野内的光敏感度来评估视觉功能。临床上常使用中心30°视野检查，并通过平均缺损（MD）、模式标准差（PSD）和视野指数（VFI）等全局指标进行量化分析。研究指出，MD与PSD在青光眼病程中的关系并非线性，且随着病情进展，两者的变化趋势具有特定规律。此外，检查结果的可靠性对于临床判断至关重要。

2.  **视网膜神经纤维层（RNFL）评估**：通过眼底摄影，尤其是单色（蓝光）摄影，可以观察到RNFL的分布。在健康个体中，RNFL呈现明亮的弧形条纹。青光眼患者的RNFL损伤主要表现为局部楔形缺损（与青光眼相关）或弥漫性变薄。临床需注意区分病理性楔形缺损与非病理性的细缝状缺损，并考虑年龄增长导致的生理性神经节细胞丢失。

3.  **光学相干断层扫描（OCT）的进展**：现代OCT技术（如Heidelberg Spectralis OCT）在青光眼监测中发挥了重要作用。通过对视盘（ONH）和RNFL进行纵向扫描，临床医生可以利用引导进展分析（GPA）软件，将患者的组织厚度变化与正常衰老曲线进行对比。这种分析能够通过斜率变化及统计学概率值，帮助医生判断视神经纤维的丢失是否超出了正常衰老范围，从而更准确地识别病理性进展。

该书强调了功能性检查（视野）与结构性检查（眼底摄影及OCT）相结合的重要性，为青光眼的早期诊断、病情评估及长期随访提供了科学的影像学依据。",e268154d-2104-4c68-9827-a4333d8717aa
06-眼底病与视网膜内科,f900fe21-9deb-47e0-bf36-ce06022cae92,10000,7de0d899-86c8-414e-9b10-52e5fcdae7e5,Springer-Macular Dysrophies-Giuseppe Querques 2016_weknora.mhtml,Springer-Macular Dysrophies-Giuseppe Querques 2016_weknora.mhtml,"本书由Giuseppe Querques和Eric H. Souied编辑，汇集了国际专家关于黄斑营养不良（Macular Dystrophies）的研究成果，涵盖了从分子生物学基础到先进诊断技术及实验性疗法的广泛内容。

本书的核心要点包括：

1.  **黄斑营养不良的临床与遗传特征**：黄斑营养不良是一类遗传性或散发的视网膜疾病，涉及视网膜色素上皮（RPE）或光感受器的功能障碍。以Best卵黄样黄斑营养不良（Best VMD）为例，该病通常由*BEST1*基因突变引起，表现为视网膜下脂褐素沉积，并可通过眼底检查、自发荧光（FAF）和光学相干断层扫描（SD-OCT）进行分期诊断。
2.  **特定疾病的病理机制**：北卡罗来纳黄斑营养不良（NCMD/MCDR1）是一种常染色体显性遗传的非进展性疾病，被认为与黄斑发育异常有关。尽管其表型明确，但其致病基因定位在6q16染色体区域，具体的分子遗传学基础尚待进一步研究。
3.  **诊断与评估技术**：现代眼科诊断依赖于高分辨率成像技术（如SD-OCT和自适应光学）以及功能性评估（如微视野检查）。这些技术对于疾病的早期发现、分期评估以及筛选适合新型疗法的患者至关重要。
4.  **新兴治疗策略与康复**：针对视网膜退行性病变的治疗研究包括基因治疗、诱导多能干细胞（iPSC）应用以及感官替代设备（如将视觉信息转化为听觉或触觉的装置）。此外，纳米技术在药物和基因递送方面的应用展现了低免疫原性和高转染效率的潜力。

总结而言，本书旨在通过整合最新的临床数据与实验性研究，为眼科医生提供黄斑营养不良的诊疗指南。专家们强调，未来的研究重点应在于深入理解基因型与表型之间的关联，并探索联合疗法以减缓视网膜退化过程，最终将罕见黄斑营养不良的研究成果转化为针对常见黄斑疾病（如AMD）的有效治疗手段。",completed,9a31e438-b3b7-4bdb-a0f6-856c72b5e801,"# Summary
本书由Giuseppe Querques和Eric H. Souied编辑，汇集了国际专家关于黄斑营养不良（Macular Dystrophies）的研究成果，涵盖了从分子生物学基础到先进诊断技术及实验性疗法的广泛内容。

本书的核心要点包括：

1.  **黄斑营养不良的临床与遗传特征**：黄斑营养不良是一类遗传性或散发的视网膜疾病，涉及视网膜色素上皮（RPE）或光感受器的功能障碍。以Best卵黄样黄斑营养不良（Best VMD）为例，该病通常由*BEST1*基因突变引起，表现为视网膜下脂褐素沉积，并可通过眼底检查、自发荧光（FAF）和光学相干断层扫描（SD-OCT）进行分期诊断。
2.  **特定疾病的病理机制**：北卡罗来纳黄斑营养不良（NCMD/MCDR1）是一种常染色体显性遗传的非进展性疾病，被认为与黄斑发育异常有关。尽管其表型明确，但其致病基因定位在6q16染色体区域，具体的分子遗传学基础尚待进一步研究。
3.  **诊断与评估技术**：现代眼科诊断依赖于高分辨率成像技术（如SD-OCT和自适应光学）以及功能性评估（如微视野检查）。这些技术对于疾病的早期发现、分期评估以及筛选适合新型疗法的患者至关重要。
4.  **新兴治疗策略与康复**：针对视网膜退行性病变的治疗研究包括基因治疗、诱导多能干细胞（iPSC）应用以及感官替代设备（如将视觉信息转化为听觉或触觉的装置）。此外，纳米技术在药物和基因递送方面的应用展现了低免疫原性和高转染效率的潜力。

总结而言，本书旨在通过整合最新的临床数据与实验性研究，为眼科医生提供黄斑营养不良的诊疗指南。专家们强调，未来的研究重点应在于深入理解基因型与表型之间的关联，并探索联合疗法以减缓视网膜退化过程，最终将罕见黄斑营养不良的研究成果转化为针对常见黄斑疾病（如AMD）的有效治疗手段。",09fdedf9-68e9-46c0-9236-ae0d63ef6e20
03-白内障：晶状体与人工晶体,a0f47c80-3a66-46c8-8315-43b41ce357ea,10000,59e6ac22-2421-464c-b5e6-942c250ddb5f,Springer-Manual Samll Incision Cataract Surgery-Bonnie An Henderson 2016_weknora.mhtml,Springer-Manual Samll Incision Cataract Surgery-Bonnie An Henderson 2016_weknora.mhtml,"手动小切口白内障手术（MSICS）是全球范围内应对白内障致盲问题的重要医疗手段。该手术在发展中国家尤为重要，因为白内障是导致该地区失明的主要原因，且手术具有极高的成本效益。

本文档的核心内容涵盖了以下几个方面：

1.  **MSICS的必要性与优势**：相较于发达国家普遍采用的超声乳化技术，MSICS在资源匮乏地区更具优势。它不仅设备成本低、维护简单，且学习曲线较短，对于处理成熟期白内障更为安全有效，同时能显著降低手术并发症风险。
2.  **技术演进与操作方法**：MSICS技术经历了从Blumenthal提出的使用前房维持器（ACM）的经典“Mini-Nuc”技术，到Ruit等人改良技术的演变。文档详细介绍了“V型囊切开术”的操作流程，包括利用针头进行线性切开、形成三角形皮瓣以及后续的晶状体植入步骤。该技术因其对设备要求低、易于学习且适用于复杂病例而受到推崇。
3.  **手术并发症处理**：针对术中可能出现的玻璃体脱出等并发症，文档强调了使用自动化高速玻璃体切除术的必要性，并建议使用稀释的曲安奈德（Kenalog）染色以辅助玻璃体清除，从而降低术后炎症和眼内炎风险。
4.  **人工晶状体（IOL）的选择**：MSICS手术中，硬性三片式聚甲基丙烯酸甲酯（PMMA）人工晶状体因其成本低、生物相容性好且植入稳定，成为全球最常用的选择。文档还讨论了在特定手术条件下（如后囊膜破裂或悬韧带不稳）使用单片式人工晶状体或囊袋张力环的注意事项，并提醒在睫状沟植入时需调整屈光度计算，以避免术后出现近视漂移。

总体而言，MSICS作为一种高效、经济且易于推广的手术方式，在缓解全球白内障致盲负担方面发挥着不可替代的作用。",completed,f6757389-8ea7-4cb0-8723-4f610e9c608d,"# Summary
手动小切口白内障手术（MSICS）是全球范围内应对白内障致盲问题的重要医疗手段。该手术在发展中国家尤为重要，因为白内障是导致该地区失明的主要原因，且手术具有极高的成本效益。

本文档的核心内容涵盖了以下几个方面：

1.  **MSICS的必要性与优势**：相较于发达国家普遍采用的超声乳化技术，MSICS在资源匮乏地区更具优势。它不仅设备成本低、维护简单，且学习曲线较短，对于处理成熟期白内障更为安全有效，同时能显著降低手术并发症风险。
2.  **技术演进与操作方法**：MSICS技术经历了从Blumenthal提出的使用前房维持器（ACM）的经典“Mini-Nuc”技术，到Ruit等人改良技术的演变。文档详细介绍了“V型囊切开术”的操作流程，包括利用针头进行线性切开、形成三角形皮瓣以及后续的晶状体植入步骤。该技术因其对设备要求低、易于学习且适用于复杂病例而受到推崇。
3.  **手术并发症处理**：针对术中可能出现的玻璃体脱出等并发症，文档强调了使用自动化高速玻璃体切除术的必要性，并建议使用稀释的曲安奈德（Kenalog）染色以辅助玻璃体清除，从而降低术后炎症和眼内炎风险。
4.  **人工晶状体（IOL）的选择**：MSICS手术中，硬性三片式聚甲基丙烯酸甲酯（PMMA）人工晶状体因其成本低、生物相容性好且植入稳定，成为全球最常用的选择。文档还讨论了在特定手术条件下（如后囊膜破裂或悬韧带不稳）使用单片式人工晶状体或囊袋张力环的注意事项，并提醒在睫状沟植入时需调整屈光度计算，以避免术后出现近视漂移。

总体而言，MSICS作为一种高效、经济且易于推广的手术方式，在缓解全球白内障致盲负担方面发挥着不可替代的作用。",383fe709-cef7-4ccb-bf02-884389ebb881
17-检查：眼科超声与 UBM,8ba4bb92-4b55-4e98-94d7-e8322b102084,10000,befc9343-2168-44e0-958a-04fa7243c917,Springer-临床眼科超声病例分析  第2版-Roger P Harrie 2016_weknora.mhtml,Springer-临床眼科超声病例分析  第2版-Roger P Harrie 2016_weknora.mhtml,"《临床眼科超声：病例分析（第2版）》由罗杰·P. 哈里（Roger P. Harrie）与辛西娅·J. 肯达尔（Cynthia J. Kendall）编著，是一部专注于眼科超声临床应用与诊断技巧的专业著作。该书通过大量临床病例，系统阐述了眼科超声在诊断眼部及眼眶疾病中的核心价值与操作规范。

本书的核心内容与要点如下：

1.  **眼科超声的临床重要性**：超声检查作为一种无创、可重复且高分辨率的影像学手段，在屈光间质混浊（如白内障、角膜混浊、玻璃体积血）导致眼底无法窥视的情况下，具有不可替代的诊断优势。它不仅能评估眼球内部结构，还能有效辅助眼眶及球后病变的诊断。
2.  **A超与B超的互补应用**：书中强调了A超与B超联合使用的必要性。B超擅长显示眼内组织的解剖形态与空间关系，而A超则能提供定量化的组织特性信息（如波峰高度、反射性及内部血流情况），对于鉴别眼内肿瘤（如脉络膜黑色素瘤、睫状体肿瘤）的性质具有高度特异性。
3.  **案例学习法（Case Study Approach）**：全书以近200个临床病例为纲，通过精美的图像、简明的标注及专家述评，将理论知识与临床实践紧密结合。这种教学方式不仅帮助读者掌握阅片技巧，还涵盖了从视神经玻璃疣到各类眼眶肿瘤（如神经胶质瘤、淋巴瘤、转移性癌等）的诊断特征。
4.  **诊断规范与技术进阶**：书中不仅介绍了基础检查方法，还涉及了浸没式扫描、超声生物显微镜（UBM）等高级技术。作者强调超声诊断的质量高度依赖于操作者的经验，并建议临床医生在面对不明原因的视力下降、眼部疼痛或屈光改变时，应及时应用超声检查以避免漏诊。

综上所述，本书不仅是眼科超声从业人员的专业参考书，也是广大眼科医师在日常诊疗中提升影像诊断水平、优化诊疗决策的重要工具。",completed,f796ffda-289c-4856-865c-ad790d841fc7,"# Summary
《临床眼科超声：病例分析（第2版）》由罗杰·P. 哈里（Roger P. Harrie）与辛西娅·J. 肯达尔（Cynthia J. Kendall）编著，是一部专注于眼科超声临床应用与诊断技巧的专业著作。该书通过大量临床病例，系统阐述了眼科超声在诊断眼部及眼眶疾病中的核心价值与操作规范。

本书的核心内容与要点如下：

1.  **眼科超声的临床重要性**：超声检查作为一种无创、可重复且高分辨率的影像学手段，在屈光间质混浊（如白内障、角膜混浊、玻璃体积血）导致眼底无法窥视的情况下，具有不可替代的诊断优势。它不仅能评估眼球内部结构，还能有效辅助眼眶及球后病变的诊断。
2.  **A超与B超的互补应用**：书中强调了A超与B超联合使用的必要性。B超擅长显示眼内组织的解剖形态与空间关系，而A超则能提供定量化的组织特性信息（如波峰高度、反射性及内部血流情况），对于鉴别眼内肿瘤（如脉络膜黑色素瘤、睫状体肿瘤）的性质具有高度特异性。
3.  **案例学习法（Case Study Approach）**：全书以近200个临床病例为纲，通过精美的图像、简明的标注及专家述评，将理论知识与临床实践紧密结合。这种教学方式不仅帮助读者掌握阅片技巧，还涵盖了从视神经玻璃疣到各类眼眶肿瘤（如神经胶质瘤、淋巴瘤、转移性癌等）的诊断特征。
4.  **诊断规范与技术进阶**：书中不仅介绍了基础检查方法，还涉及了浸没式扫描、超声生物显微镜（UBM）等高级技术。作者强调超声诊断的质量高度依赖于操作者的经验，并建议临床医生在面对不明原因的视力下降、眼部疼痛或屈光改变时，应及时应用超声检查以避免漏诊。

综上所述，本书不仅是眼科超声从业人员的专业参考书，也是广大眼科医师在日常诊疗中提升影像诊断水平、优化诊疗决策的重要工具。",8c1020ca-8cdd-4a08-b5e0-4bcab54c3fa1
01-眼科综合：基础与全身病,09c593aa-1a64-48de-af81-fc4d30d551b4,10000,3859858a-bb82-49c5-9118-5638a9f0f000,Biochemistry of the Eye-David R. Whikehart 2003_weknora.mhtml,Biochemistry of the Eye-David R. Whikehart 2003_weknora.mhtml,"### David R. Whikehart

## BIOCHEMISTRY of the Eye

2 $ ^{nd} $ edition

ISBN 0-7506-7152-1

# Preface to the 2 $ ^{nd} $ edition

It is a modest statement to say that much has happened in this area
since the 1st edition appeared. A perusal through the literature will
show that great strides have occurred in the understanding of many
heretofore difficult sections of ocular biochemistry including:
diabetes, visual transduction, chemical tissue degradation,
immunochemistry, cataractogenesis, and s",completed,1c26ecee-be4f-4bd2-88e6-0b0b08f7efc7,"# Summary
### David R. Whikehart

## BIOCHEMISTRY of the Eye

2 $ ^{nd} $ edition

ISBN 0-7506-7152-1

# Preface to the 2 $ ^{nd} $ edition

It is a modest statement to say that much has happened in this area
since the 1st edition appeared. A perusal through the literature will
show that great strides have occurred in the understanding of many
heretofore difficult sections of ocular biochemistry including:
diabetes, visual transduction, chemical tissue degradation,
immunochemistry, cataractogenesis, and s",cae93a00-7049-4376-8fde-0c0b3ea88271
01-眼科综合：基础与全身病,09c593aa-1a64-48de-af81-fc4d30d551b4,10000,11c7a96e-65d2-4127-83a8-7e06589c1499,The Eye- Basic Sciences in Practice（第4版）-John V. Forrester 等 2016_weknora.mhtml,The Eye- Basic Sciences in Practice（第4版）-John V. Forrester 等 2016_weknora.mhtml,"《眼科学：基础科学实践》（第四版）是一部全面探讨眼科学基础理论的学术著作，旨在为眼科医生、视光师及相关科研人员提供眼部解剖、生理及病理学的核心知识。本书结合了现代遗传学、基因组学、免疫学及先进影像技术，系统阐述了眼部结构与功能的科学基础。

本书的核心内容涵盖以下几个方面：

1.  **眼部解剖与骨学基础**：详细介绍了眼眶及颅骨的解剖结构，确立了描述眼部结构位置的国际通用术语，并探讨了颅骨各腔室（如颅腔、鼻腔、眼眶）的功能及其与眼部的解剖关系。
2.  **视觉生理与光适应机制**：深入分析了视网膜的光感受器功能，特别是视紫红质的漂白与再生过程。书中通过道林-鲁什顿（Dowling–Rushton）方程探讨了视网膜敏感度与视紫红质含量之间的数学关系，并解释了光适应与暗适应在分子层面的调控机制。
3.  **眼部病理学与炎症性疾病**：探讨了眼部及眼眶的各类囊性病变（如皮样囊肿、结膜囊肿、粘液囊肿等）的形成机制与临床特征。此外，重点讨论了特发性眼眶炎症（曾称炎性假瘤），分析了其病理表现、纤维化进程以及与IgG4相关疾病的关联，并介绍了皮质类固醇及其他免疫抑制剂的治疗策略。
4.  **临床实践与科研整合**：本书强调了基础科学在临床诊断中的应用，鼓励读者将最新的分子生物学和影像学进展应用于眼科实践。作为第四版，该书还通过在线资源和视频片段，为读者提供了更直观的教学辅助，以帮助理解复杂的视觉科学原理。

总体而言，本书不仅是一部眼科学的基础教材，更是一本整合了从解剖结构到分子机制、从病理诊断到治疗原则的综合性参考手册，旨在促进眼科基础科学知识的更新与临床应用。",completed,b4dcd963-f7af-4e8d-9c8e-3d8627a1b10b,"# Summary
《眼科学：基础科学实践》（第四版）是一部全面探讨眼科学基础理论的学术著作，旨在为眼科医生、视光师及相关科研人员提供眼部解剖、生理及病理学的核心知识。本书结合了现代遗传学、基因组学、免疫学及先进影像技术，系统阐述了眼部结构与功能的科学基础。

本书的核心内容涵盖以下几个方面：

1.  **眼部解剖与骨学基础**：详细介绍了眼眶及颅骨的解剖结构，确立了描述眼部结构位置的国际通用术语，并探讨了颅骨各腔室（如颅腔、鼻腔、眼眶）的功能及其与眼部的解剖关系。
2.  **视觉生理与光适应机制**：深入分析了视网膜的光感受器功能，特别是视紫红质的漂白与再生过程。书中通过道林-鲁什顿（Dowling–Rushton）方程探讨了视网膜敏感度与视紫红质含量之间的数学关系，并解释了光适应与暗适应在分子层面的调控机制。
3.  **眼部病理学与炎症性疾病**：探讨了眼部及眼眶的各类囊性病变（如皮样囊肿、结膜囊肿、粘液囊肿等）的形成机制与临床特征。此外，重点讨论了特发性眼眶炎症（曾称炎性假瘤），分析了其病理表现、纤维化进程以及与IgG4相关疾病的关联，并介绍了皮质类固醇及其他免疫抑制剂的治疗策略。
4.  **临床实践与科研整合**：本书强调了基础科学在临床诊断中的应用，鼓励读者将最新的分子生物学和影像学进展应用于眼科实践。作为第四版，该书还通过在线资源和视频片段，为读者提供了更直观的教学辅助，以帮助理解复杂的视觉科学原理。

总体而言，本书不仅是一部眼科学的基础教材，更是一本整合了从解剖结构到分子机制、从病理诊断到治疗原则的综合性参考手册，旨在促进眼科基础科学知识的更新与临床应用。",d8972122-d73a-40a6-968b-6a98d61e6681
01-眼科综合：基础与全身病,09c593aa-1a64-48de-af81-fc4d30d551b4,10000,bd9b0496-a9b4-4204-be4d-646338a608c4,Training in ophthalmology-Venki Sundaram 2016_weknora.mhtml,Training in ophthalmology-Venki Sundaram 2016_weknora.mhtml,"《眼科培训：基本临床课程》（第二版）是一本专为眼科培训生及相关医疗专业人员编写的综合性教材。该书旨在通过映射英国皇家眼科医师学会的眼科专科培训（OST）课程大纲，填补医学教育中眼科基础教学的不足，帮助培训生掌握从基础科学到临床实践的核心技能。

本书的主要内容涵盖以下几个核心方面：

1.  **临床与手术技能培训**：书中详细介绍了眼科各亚专科的临床条件、检查技术及诊断方法。第二版新增了“屈光手术”和“显微手术技能”章节，并扩展了儿科眼科与斜视的内容，旨在为培训生提供从基础到高级的实操指导，以满足工作评估的需求。
2.  **系统性疾病的眼部表现**：教材深入探讨了眼部炎症与全身性疾病的关联，例如强直性脊柱炎、银屑病关节炎及炎症性肠病与葡萄膜炎的关系。此外，书中还详细区分了巩膜炎与表层巩膜炎的病理生理学差异及临床评估要点。
3.  **专业技能与职业素养**：除了临床医学知识，本书还强调了医生在临床实践中的“软技能”，包括沟通技巧、医疗治理、科研理解以及在处理敏感医疗问题（如疑似虐待儿童导致的视网膜出血）时的法律与伦理责任。
4.  **教学方法与资源**：全书采用图文并茂的形式，结合高质量的临床照片、图表和要点总结，旨在提供一种既适合日常参考，又便于准备专业考试的便携式学习工具。

该书不仅适用于眼科培训生，也为全科医生、视光师、矫形师及其他对眼科感兴趣的医疗专业人员提供了宝贵的参考，强调了在临床实践中保持严谨记录、多学科协作以及以患者安全为核心的职业原则。",completed,0f14594b-ca43-463c-94e1-0b46e1b90b25,"# Summary
《眼科培训：基本临床课程》（第二版）是一本专为眼科培训生及相关医疗专业人员编写的综合性教材。该书旨在通过映射英国皇家眼科医师学会的眼科专科培训（OST）课程大纲，填补医学教育中眼科基础教学的不足，帮助培训生掌握从基础科学到临床实践的核心技能。

本书的主要内容涵盖以下几个核心方面：

1.  **临床与手术技能培训**：书中详细介绍了眼科各亚专科的临床条件、检查技术及诊断方法。第二版新增了“屈光手术”和“显微手术技能”章节，并扩展了儿科眼科与斜视的内容，旨在为培训生提供从基础到高级的实操指导，以满足工作评估的需求。
2.  **系统性疾病的眼部表现**：教材深入探讨了眼部炎症与全身性疾病的关联，例如强直性脊柱炎、银屑病关节炎及炎症性肠病与葡萄膜炎的关系。此外，书中还详细区分了巩膜炎与表层巩膜炎的病理生理学差异及临床评估要点。
3.  **专业技能与职业素养**：除了临床医学知识，本书还强调了医生在临床实践中的“软技能”，包括沟通技巧、医疗治理、科研理解以及在处理敏感医疗问题（如疑似虐待儿童导致的视网膜出血）时的法律与伦理责任。
4.  **教学方法与资源**：全书采用图文并茂的形式，结合高质量的临床照片、图表和要点总结，旨在提供一种既适合日常参考，又便于准备专业考试的便携式学习工具。

该书不仅适用于眼科培训生，也为全科医生、视光师、矫形师及其他对眼科感兴趣的医疗专业人员提供了宝贵的参考，强调了在临床实践中保持严谨记录、多学科协作以及以患者安全为核心的职业原则。",1c9bdc3c-8150-465e-9d2c-70b818cafd83
10-小儿眼科：斜视与弱视等,d6a5115a-067a-4514-afbf-9fe81b4e64c0,10000,81213e5e-1a73-4139-9a31-d3a60536e214,Wills-小儿眼科-Leonard B Nelson 2016_weknora.mhtml,Wills-小儿眼科-Leonard B Nelson 2016_weknora.mhtml,"《Wills临床眼科彩色图谱及精要：小儿眼科（第2版）》是由Leonard B. Nelson主编、多位专家翻译的眼科专业参考书。该书旨在为临床执业眼科医师、小儿眼科医师及住院医师提供系统的小儿眼科疾病诊疗指南。全书通过精炼的文字总结与150余幅高质量彩色图片相结合，涵盖了流行病学、病因学、临床表现、鉴别诊断、检查方法及治疗预后等核心内容。

本书的主要内容要点如下：

1.  **眼部发育畸形**：详细阐述了无眼畸形、小眼畸形、小眼球及典型眼组织缺损等先天性异常。书中重点介绍了这些疾病的胚胎发育病因、影像学诊断（如MRI、CT、B超）以及通过内置假体、组织扩张器或手术矫正眼眶发育与外观的治疗方案。
2.  **先天性角膜混浊**：分析了包括角膜巩膜化、产伤（后弹力层破裂）等导致角膜混浊的多种病因。书中强调了通过鉴别诊断区分不同病理机制，并指出弱视治疗及穿透角膜移植术在改善视力预后中的作用。
3.  **视网膜营养不良与遗传性疾病**：涵盖了Best病、无脉络膜症、回旋状脉络膜视网膜萎缩及Leber先天性黑朦等疾病。书中结合电生理检查（如ERG、EOG）与基因筛查，探讨了针对不同病因的临床管理，包括低视力辅助、饮食控制及前沿的基因转导治疗进展。
4.  **眼外肌与眼球运动障碍**：系统介绍了Duane眼球后退综合征、Brown综合征、Möbius综合征、单眼上转缺陷及先天性眼外肌纤维化。书中强调了被动牵拉试验在诊断中的重要性，并针对不同类型的肌肉限制或神经支配障碍，提出了相应的手术矫正策略以改善眼位和代偿头位。

本书作为Wills眼科研究所丛书之一，不仅提供了详尽的临床概述，还强调了早期诊断、多学科评估及个性化治疗方案对改善患儿视功能与外观的重要性。",completed,7d61aa7a-5165-450a-b2c3-34c8d75c4427,"# Summary
《Wills临床眼科彩色图谱及精要：小儿眼科（第2版）》是由Leonard B. Nelson主编、多位专家翻译的眼科专业参考书。该书旨在为临床执业眼科医师、小儿眼科医师及住院医师提供系统的小儿眼科疾病诊疗指南。全书通过精炼的文字总结与150余幅高质量彩色图片相结合，涵盖了流行病学、病因学、临床表现、鉴别诊断、检查方法及治疗预后等核心内容。

本书的主要内容要点如下：

1.  **眼部发育畸形**：详细阐述了无眼畸形、小眼畸形、小眼球及典型眼组织缺损等先天性异常。书中重点介绍了这些疾病的胚胎发育病因、影像学诊断（如MRI、CT、B超）以及通过内置假体、组织扩张器或手术矫正眼眶发育与外观的治疗方案。
2.  **先天性角膜混浊**：分析了包括角膜巩膜化、产伤（后弹力层破裂）等导致角膜混浊的多种病因。书中强调了通过鉴别诊断区分不同病理机制，并指出弱视治疗及穿透角膜移植术在改善视力预后中的作用。
3.  **视网膜营养不良与遗传性疾病**：涵盖了Best病、无脉络膜症、回旋状脉络膜视网膜萎缩及Leber先天性黑朦等疾病。书中结合电生理检查（如ERG、EOG）与基因筛查，探讨了针对不同病因的临床管理，包括低视力辅助、饮食控制及前沿的基因转导治疗进展。
4.  **眼外肌与眼球运动障碍**：系统介绍了Duane眼球后退综合征、Brown综合征、Möbius综合征、单眼上转缺陷及先天性眼外肌纤维化。书中强调了被动牵拉试验在诊断中的重要性，并针对不同类型的肌肉限制或神经支配障碍，提出了相应的手术矫正策略以改善眼位和代偿头位。

本书作为Wills眼科研究所丛书之一，不仅提供了详尽的临床概述，还强调了早期诊断、多学科评估及个性化治疗方案对改善患儿视功能与外观的重要性。",4a22767a-2bed-4980-87aa-ea06c1b9acae
14-检查：OCT/OCTA,7859da35-5359-43bb-bca6-4f99792392ea,10000,461afca3-fbbe-43be-a175-b1db1134481b,Clinical OCT Angiography Atlas-Bruno Lumbroso 2015_weknora.mhtml,Clinical OCT Angiography Atlas-Bruno Lumbroso 2015_weknora.mhtml,"《临床OCT血管造影图谱》（Clinical OCT Angiography Atlas）是一部旨在指导眼科医生理解并应用OCT血管造影（OCTA）技术的专业参考书。该书由多位眼科领域专家共同编辑，详细介绍了OCTA作为一种新型功能性成像模态的原理、临床应用及图像解读方法。

本书的核心内容涵盖以下几个方面：

1. **技术原理与优势**：OCTA通过检测血流运动产生的对比度来可视化微血管结构，无需注射造影剂。与传统的荧光素或吲哚菁绿血管造影相比，OCTA具有无创、快速、可重复性强以及无染料泄漏干扰等优势，能够提供视网膜毛细血管丛及脉络膜毛细血管的三维数据。
2. **临床应用范围**：图谱通过二十多个章节，深入探讨了OCTA在多种眼科疾病中的应用，包括年龄相关性黄斑变性（AMD）、糖尿病视网膜病变、黄斑毛细血管扩张症、近视相关病变以及青光眼等。书中强调了将OCTA图像与结构性OCT图像进行整合分析的重要性。
3. **图像解读与伪影识别**：书中特别指出，OCTA图像比单纯的结构性OCT更为复杂，容易出现伪影（如分割错误或信号遮蔽）。因此，临床医生需要掌握如何识别这些伪影，并结合结构性OCT数据进行综合评估，以避免误诊。
4. **技术演进与未来展望**：内容涉及了谱域OCT（SD-OCT）与扫频源OCT（SS-OCT）技术的对比。研究表明，扫频源OCT技术凭借更长的波长，在脉络膜毛细血管成像方面表现出更优的性能，并有望实现更广域的成像。

该图谱旨在填补临床对OCTA技术认知与应用的需求，帮助眼科医生在日常诊疗中准确识别病变特征，评估疾病进展及治疗反应，从而推动OCTA成为眼科血管成像的新标准。",completed,c12d680e-2d6f-4c5d-b6ed-63797dcc0af1,"# Summary
《临床OCT血管造影图谱》（Clinical OCT Angiography Atlas）是一部旨在指导眼科医生理解并应用OCT血管造影（OCTA）技术的专业参考书。该书由多位眼科领域专家共同编辑，详细介绍了OCTA作为一种新型功能性成像模态的原理、临床应用及图像解读方法。

本书的核心内容涵盖以下几个方面：

1. **技术原理与优势**：OCTA通过检测血流运动产生的对比度来可视化微血管结构，无需注射造影剂。与传统的荧光素或吲哚菁绿血管造影相比，OCTA具有无创、快速、可重复性强以及无染料泄漏干扰等优势，能够提供视网膜毛细血管丛及脉络膜毛细血管的三维数据。
2. **临床应用范围**：图谱通过二十多个章节，深入探讨了OCTA在多种眼科疾病中的应用，包括年龄相关性黄斑变性（AMD）、糖尿病视网膜病变、黄斑毛细血管扩张症、近视相关病变以及青光眼等。书中强调了将OCTA图像与结构性OCT图像进行整合分析的重要性。
3. **图像解读与伪影识别**：书中特别指出，OCTA图像比单纯的结构性OCT更为复杂，容易出现伪影（如分割错误或信号遮蔽）。因此，临床医生需要掌握如何识别这些伪影，并结合结构性OCT数据进行综合评估，以避免误诊。
4. **技术演进与未来展望**：内容涉及了谱域OCT（SD-OCT）与扫频源OCT（SS-OCT）技术的对比。研究表明，扫频源OCT技术凭借更长的波长，在脉络膜毛细血管成像方面表现出更优的性能，并有望实现更广域的成像。

该图谱旨在填补临床对OCTA技术认知与应用的需求，帮助眼科医生在日常诊疗中准确识别病变特征，评估疾病进展及治疗反应，从而推动OCTA成为眼科血管成像的新标准。",08366d97-08b9-4237-9366-847c1f9553c2
02-角膜与眼表,f041b2b7-3147-4deb-a2f2-0de5cc53d296,10000,cde5c7ee-9f5a-4b34-baef-fed9c54807b3,Springer-Dry Eye-Arun D Singh 2015_weknora.mhtml,Springer-Dry Eye-Arun D Singh 2015_weknora.mhtml,"干眼症是一种严重影响患者生活质量的慢性炎症性疾病，其发病率随着人口老龄化和计算机使用频率的增加而持续上升。本书旨在为眼科专业人员提供关于干眼症诊疗的实用指南，强调了理解该疾病机制对有效管理的重要性。

本文档的核心内容涵盖以下几个方面：

1. **病理生理机制**：干眼症的核心机制是泪液高渗透压，这会导致眼表炎症并引发一系列病理后果。泪液功能单元（LFU）作为一种反射系统，负责根据环境刺激调节泪液分泌。当该调节机制受损或无法补偿蒸发压力时，干眼症便会发生。
2. **分类与病因**：干眼症主要分为两大类：泪液分泌不足型（ADDE）和蒸发过强型（EDE）。前者多由泪腺功能障碍或反射通路受阻引起；后者则主要源于睑板腺功能障碍（MGD），导致泪膜脂质层缺失，进而加速水分蒸发。
3. **治疗策略**：针对干眼症的抗炎治疗是管理的关键。临床上常使用四环素类药物（如多西环素、米诺环素）来调节炎症介质。此外，Omega-3脂肪酸补充剂和自体血清也被视为潜在的辅助治疗手段。
4. **新型治疗药物与视觉质量**：地夸磷索钠（Diquafosol tetrasodium）和瑞巴派特（Rebamipide）作为新型治疗药物，在改善眼表状况、减少高阶像差以及提升功能性视力方面展现出显著疗效。研究表明，干眼症不仅影响视力清晰度，还会导致对比敏感度和视觉稳定性下降。

综上所述，干眼症的诊疗需要深入理解其炎症本质，并通过针对性的抗炎及泪膜修复手段，改善患者的眼表环境，从而提升其视觉质量与生活水平。",completed,4d0ea212-589c-4eda-8e49-83651062d860,"# Summary
干眼症是一种严重影响患者生活质量的慢性炎症性疾病，其发病率随着人口老龄化和计算机使用频率的增加而持续上升。本书旨在为眼科专业人员提供关于干眼症诊疗的实用指南，强调了理解该疾病机制对有效管理的重要性。

本文档的核心内容涵盖以下几个方面：

1. **病理生理机制**：干眼症的核心机制是泪液高渗透压，这会导致眼表炎症并引发一系列病理后果。泪液功能单元（LFU）作为一种反射系统，负责根据环境刺激调节泪液分泌。当该调节机制受损或无法补偿蒸发压力时，干眼症便会发生。
2. **分类与病因**：干眼症主要分为两大类：泪液分泌不足型（ADDE）和蒸发过强型（EDE）。前者多由泪腺功能障碍或反射通路受阻引起；后者则主要源于睑板腺功能障碍（MGD），导致泪膜脂质层缺失，进而加速水分蒸发。
3. **治疗策略**：针对干眼症的抗炎治疗是管理的关键。临床上常使用四环素类药物（如多西环素、米诺环素）来调节炎症介质。此外，Omega-3脂肪酸补充剂和自体血清也被视为潜在的辅助治疗手段。
4. **新型治疗药物与视觉质量**：地夸磷索钠（Diquafosol tetrasodium）和瑞巴派特（Rebamipide）作为新型治疗药物，在改善眼表状况、减少高阶像差以及提升功能性视力方面展现出显著疗效。研究表明，干眼症不仅影响视力清晰度，还会导致对比敏感度和视觉稳定性下降。

综上所述，干眼症的诊疗需要深入理解其炎症本质，并通过针对性的抗炎及泪膜修复手段，改善患者的眼表环境，从而提升其视觉质量与生活水平。",987288a5-ddea-4b93-bd00-2f383f3de47f
22-检查：综合检查与仪器,16f1a07d-8623-4655-b09e-502d32d0610a,10000,c9f10510-6dc7-4a61-96df-a2cf2c6e7596,眼科诊疗常规-赵家良 2012_weknora.mhtml,眼科诊疗常规-赵家良 2012_weknora.mhtml,"《眼科诊疗常规》（2012年版）是由北京医师协会组织编写、赵家良主编的专业医学规范手册，由中国医药科技出版社出版。该书是2002年版《眼科、耳鼻喉科诊疗常规》中眼科部分的独立修订分册，为北京市执业医师定期考核指定用书。全书涵盖17大类349种眼科疾病的诊疗常规、84种眼科检查技术操作和81种眼科治疗技术操作，每种疾病均明确了定义、临床表现、诊断要点、治疗原则及治疗目标。

在眼睑疾病方面，内容涵盖眼睑水肿（分炎症性与非炎症性两类）、各类眼睑皮肤病（包括湿疹、单纯疱疹病毒性睑皮炎、带状疱疹病毒性睑皮炎、脓疱病、疖及寄生虫感染）、三种睑缘炎（鳞屑性、溃疡性、眦部）以及睑腺疾病（睑腺炎、睑板腺囊肿、睑板腺梗阻、眼睑脓肿），并详述了眼睑与睫毛位置异常的处理，如倒睫、睑内翻、睑外翻、眼睑闭合不全、上睑下垂和睑球粘连的诊治要点。

在眼眶疾病部分，涉及转移性眼眶癌的占位、浸润及炎性体征，强调影像学检查与病理活检的重要性，治疗以化疗延长生命、放疗缓解症状为主；先天性眼眶异常包括颅面骨发育不全、尖头畸形、眶距过宽、先天性小眼球合并眼眶囊肿、脑膜-脑膨出及神经纤维瘤等，多需手术干预。

在屈光不正与治疗技术方面，介绍了近视眼的定义、病因与分类，详细载明了LASIK准分子激光手术的适应证、禁忌证、术前检查、操作步骤、术后处理及并发症注意事项，以及激光泪道疏通术的适应证、操作方法和术后冲洗要求。此外还阐述了角膜接触镜的配戴适应证、禁忌证、验配前检查、戴镜与摘镜方法及配戴后护理规范。",completed,c1b73cdc-ae2b-49c3-a4b8-b20b183c213b,"# Summary
《眼科诊疗常规》（2012年版）是由北京医师协会组织编写、赵家良主编的专业医学规范手册，由中国医药科技出版社出版。该书是2002年版《眼科、耳鼻喉科诊疗常规》中眼科部分的独立修订分册，为北京市执业医师定期考核指定用书。全书涵盖17大类349种眼科疾病的诊疗常规、84种眼科检查技术操作和81种眼科治疗技术操作，每种疾病均明确了定义、临床表现、诊断要点、治疗原则及治疗目标。

在眼睑疾病方面，内容涵盖眼睑水肿（分炎症性与非炎症性两类）、各类眼睑皮肤病（包括湿疹、单纯疱疹病毒性睑皮炎、带状疱疹病毒性睑皮炎、脓疱病、疖及寄生虫感染）、三种睑缘炎（鳞屑性、溃疡性、眦部）以及睑腺疾病（睑腺炎、睑板腺囊肿、睑板腺梗阻、眼睑脓肿），并详述了眼睑与睫毛位置异常的处理，如倒睫、睑内翻、睑外翻、眼睑闭合不全、上睑下垂和睑球粘连的诊治要点。

在眼眶疾病部分，涉及转移性眼眶癌的占位、浸润及炎性体征，强调影像学检查与病理活检的重要性，治疗以化疗延长生命、放疗缓解症状为主；先天性眼眶异常包括颅面骨发育不全、尖头畸形、眶距过宽、先天性小眼球合并眼眶囊肿、脑膜-脑膨出及神经纤维瘤等，多需手术干预。

在屈光不正与治疗技术方面，介绍了近视眼的定义、病因与分类，详细载明了LASIK准分子激光手术的适应证、禁忌证、术前检查、操作步骤、术后处理及并发症注意事项，以及激光泪道疏通术的适应证、操作方法和术后冲洗要求。此外还阐述了角膜接触镜的配戴适应证、禁忌证、验配前检查、戴镜与摘镜方法及配戴后护理规范。",821d7420-ed7a-42f9-b944-d7216ccb3c98
07-玻璃体视网膜外科,a6b50bbd-5223-4776-88b7-ac57a59a3fcf,10000,eca6129c-5445-46b5-9c1e-4ef489097a53,Springer-Management of Complicated Vitreoretinal Diseases-Fabio Patelli 2015_weknora.mhtml,Springer-Management of Complicated Vitreoretinal Diseases-Fabio Patelli 2015_weknora.mhtml,"本文档探讨了复杂玻璃体视网膜疾病的临床管理，重点介绍了高度近视相关视网膜病变的治疗技术以及小切口玻璃体切割术的进展。

文档的核心内容包括以下几个方面：

1.  **高度近视的黄斑扣带术（Macular Buckling）**：针对高度近视引起的后巩膜葡萄肿及相关牵引性病变（如黄斑裂孔性视网膜脱离、黄斑劈裂），作者提倡将黄斑扣带术与玻璃体切割术（PPV）联合应用。这种组合方式能有效抵消后巩膜葡萄肿产生的机械牵引力，并弥补单纯玻璃体切割术在处理切向牵引方面的不足，同时避免了单纯巩膜外扣带术可能导致的并发症。

2.  **手术器械与技术的选择**：在黄斑扣带术中，作者对比了硅胶带、Ando扣带和AJL黄斑扣带。研究认为，Ando和AJL扣带因其设计特点在临床效果上优于传统的硅胶带。此外，文档还讨论了在手术中通过辅助光源定位以实现更精准的巩膜外加压。

3.  **硅油填充后的并发症管理**：针对玻璃体切割术中使用的硅油填充，文档详细分析了术后高眼压的风险及其机制。为了预防硅油乳化及瞳孔阻滞，作者强调了进行下周缘周边虹膜切除术（PI）的重要性，并指出在术后管理中应通过药物（如房水抑制剂）控制眼压，必要时采取手术干预。

4.  **小切口玻璃体切割术的先进技术**：文档介绍了针对复杂病例（如糖尿病牵引性视网膜脱离）的微创手术技巧，包括使用全氟化碳液体（PFCL）辅助视网膜平复，以及利用粘弹剂进行“粘弹分离术”（Viscodelamination）。通过使用特制的定向粘弹导管，医生可以在纤维血管膜与视网膜之间建立分离空间，从而提高手术的安全性和效率。

总体而言，现代玻璃体视网膜手术正趋向于更微创、更高效，通过结合机械支撑（扣带术）与精细的膜剥离技术，能够显著改善复杂视网膜疾病的解剖与功能预后。",completed,63959935-b5cc-448d-ae35-78c6798604f7,"# Summary
本文档探讨了复杂玻璃体视网膜疾病的临床管理，重点介绍了高度近视相关视网膜病变的治疗技术以及小切口玻璃体切割术的进展。

文档的核心内容包括以下几个方面：

1.  **高度近视的黄斑扣带术（Macular Buckling）**：针对高度近视引起的后巩膜葡萄肿及相关牵引性病变（如黄斑裂孔性视网膜脱离、黄斑劈裂），作者提倡将黄斑扣带术与玻璃体切割术（PPV）联合应用。这种组合方式能有效抵消后巩膜葡萄肿产生的机械牵引力，并弥补单纯玻璃体切割术在处理切向牵引方面的不足，同时避免了单纯巩膜外扣带术可能导致的并发症。

2.  **手术器械与技术的选择**：在黄斑扣带术中，作者对比了硅胶带、Ando扣带和AJL黄斑扣带。研究认为，Ando和AJL扣带因其设计特点在临床效果上优于传统的硅胶带。此外，文档还讨论了在手术中通过辅助光源定位以实现更精准的巩膜外加压。

3.  **硅油填充后的并发症管理**：针对玻璃体切割术中使用的硅油填充，文档详细分析了术后高眼压的风险及其机制。为了预防硅油乳化及瞳孔阻滞，作者强调了进行下周缘周边虹膜切除术（PI）的重要性，并指出在术后管理中应通过药物（如房水抑制剂）控制眼压，必要时采取手术干预。

4.  **小切口玻璃体切割术的先进技术**：文档介绍了针对复杂病例（如糖尿病牵引性视网膜脱离）的微创手术技巧，包括使用全氟化碳液体（PFCL）辅助视网膜平复，以及利用粘弹剂进行“粘弹分离术”（Viscodelamination）。通过使用特制的定向粘弹导管，医生可以在纤维血管膜与视网膜之间建立分离空间，从而提高手术的安全性和效率。

总体而言，现代玻璃体视网膜手术正趋向于更微创、更高效，通过结合机械支撑（扣带术）与精细的膜剥离技术，能够显著改善复杂视网膜疾病的解剖与功能预后。",d574edfd-f1f7-449d-b4c9-8028e613cca2
13-眼外伤与急症,06e9888f-5d59-49c9-9218-d078b456f01b,10000,9c06cb6b-c24e-4f03-b351-51f3208ad055,Springer-Orbital Fractures-Vadim P Nikolaenko 2015_weknora.mhtml,Springer-Orbital Fractures-Vadim P Nikolaenko 2015_weknora.mhtml,"《眼眶骨折：医师手册》是一部针对眼眶损伤的综合性临床指南，旨在为眼科医生、颌面外科医生、神经外科医生及相关领域的医疗专业人员提供循证医学参考。该书由Vadim P. Nikolaenko和Yury S. Astakhov主编，汇集了多学科专家的临床经验与研究数据。

该手册的核心内容涵盖了以下几个关键方面：

1.  **临床解剖学基础**：手册详细阐述了眼眶的骨骼结构、软组织、血管及神经分布。书中强调了眼眶的三维形态（梨形）、眼眶轴线的几何关系以及眼眶容积的个体差异。作者特别指出，在进行眼眶手术操作时，必须结合术前CT扫描进行精确分析，以确保手术安全。
2.  **眼眶骨折的分类与诊断**：全书分为八个章节，系统讨论了从眶底骨折、内侧壁骨折到鼻-眶-筛骨折、颧骨及上颌骨相关骨折，以及额底骨折的临床表现与诊断策略。书中强调了早期放射学检查（特别是CT和MRI）在诊断中的重要性，尤其是在评估眶顶骨折及穿透性颅脑损伤时。
3.  **治疗策略与植入物应用**：手册深入探讨了眼眶骨折的修复技术，重点介绍了多孔聚乙烯（PE）等生物相容性材料在眶底重建中的应用。作者分析了不同植入物的特性、手术植入技巧以及如何通过多学科协作降低并发症风险。
4.  **复杂损伤的挑战**：针对创伤性视神经病变及眶顶骨折等高风险损伤，手册讨论了诊断与治疗的难点。书中指出，尽管目前尚无单一的标准化治疗方案，但及时的多学科干预对于挽救患者生命、预防视力丧失及神经功能障碍至关重要。

该手册通过多学科视角，为处理眼眶损伤提供了从解剖认知到手术实践的全面指导，是临床医生处理复杂眼眶病理的重要参考资源。",completed,f0a7a4f4-130e-4e26-a659-de762b0aa78a,"# Summary
《眼眶骨折：医师手册》是一部针对眼眶损伤的综合性临床指南，旨在为眼科医生、颌面外科医生、神经外科医生及相关领域的医疗专业人员提供循证医学参考。该书由Vadim P. Nikolaenko和Yury S. Astakhov主编，汇集了多学科专家的临床经验与研究数据。

该手册的核心内容涵盖了以下几个关键方面：

1.  **临床解剖学基础**：手册详细阐述了眼眶的骨骼结构、软组织、血管及神经分布。书中强调了眼眶的三维形态（梨形）、眼眶轴线的几何关系以及眼眶容积的个体差异。作者特别指出，在进行眼眶手术操作时，必须结合术前CT扫描进行精确分析，以确保手术安全。
2.  **眼眶骨折的分类与诊断**：全书分为八个章节，系统讨论了从眶底骨折、内侧壁骨折到鼻-眶-筛骨折、颧骨及上颌骨相关骨折，以及额底骨折的临床表现与诊断策略。书中强调了早期放射学检查（特别是CT和MRI）在诊断中的重要性，尤其是在评估眶顶骨折及穿透性颅脑损伤时。
3.  **治疗策略与植入物应用**：手册深入探讨了眼眶骨折的修复技术，重点介绍了多孔聚乙烯（PE）等生物相容性材料在眶底重建中的应用。作者分析了不同植入物的特性、手术植入技巧以及如何通过多学科协作降低并发症风险。
4.  **复杂损伤的挑战**：针对创伤性视神经病变及眶顶骨折等高风险损伤，手册讨论了诊断与治疗的难点。书中指出，尽管目前尚无单一的标准化治疗方案，但及时的多学科干预对于挽救患者生命、预防视力丧失及神经功能障碍至关重要。

该手册通过多学科视角，为处理眼眶损伤提供了从解剖认知到手术实践的全面指导，是临床医生处理复杂眼眶病理的重要参考资源。",62916af8-b8e7-42bd-9531-63003a720df9
07-玻璃体视网膜外科,a6b50bbd-5223-4776-88b7-ac57a59a3fcf,10000,470c4d74-1a8f-45bb-9634-0dc1ac41c3ac,Springer-Small Gauge Vitrectomy for DR-Ulrich Spandau 2015_weknora.mhtml,Springer-Small Gauge Vitrectomy for DR-Ulrich Spandau 2015_weknora.mhtml,"本书《糖尿病视网膜病变的小切口玻璃体切割术》（Small-Gauge Vitrectomy for Diabetic Retinopathy）由Ulrich Spandau和Zoran Tomic编写，旨在为眼科医生提供处理糖尿病视网膜病变（DR）的专业指导。随着全球糖尿病患者人数的激增，尤其是发展中国家发病率的上升，糖尿病视网膜病变已成为视网膜外科医生面临的重大挑战。

本书的核心内容涵盖了以下几个关键方面：

1. **手术理念与技术演进**：作者强调小切口玻璃体切割术（23G、25G及27G）正逐渐成为治疗糖尿病视网膜病变的金标准。该技术使手术过程更安全、创伤更小。书中提倡“分步手术”（Stepwise surgery）和“双手法玻璃体切割”（Bimanual vitrectomy）作为手术成功的核心要素。

2. **手术操作规范**：书中详细介绍了处理牵引性视网膜脱离、视网膜前出血清除、膜剥离以及视网膜光凝（PRP）等关键步骤。作者建议在玻璃体切除术中同期完成全视网膜光凝，以预防术后玻璃体腔内再出血。此外，书中还讨论了针对术中并发症（如瞳孔缩小）的应对策略及术后填塞物的选择。

3. **临床实践与经验分享**：全书采用类似“食谱”的教学方式，通过详细的步骤说明、图片展示以及配套的在线视频资源，指导外科医生从基础到复杂病例的操作。内容涵盖了从后玻璃体皮质剥离到复杂膜剥离的多种技术，并提供了大量病例报告以供参考。

4. **辅助治疗与注意事项**：书中强调了术后抗VEGF药物（如贝伐珠单抗）的应用，并特别提醒了关于气体填塞患者的飞行禁忌，以及术后复发性玻璃体出血的处理原则。

本书旨在通过规范化的手术流程和现代化的技术手段，帮助外科医生提升手术技能，改善糖尿病视网膜病变患者的预后。随书附带的在线视频资源为读者提供了直观的临床学习参考。",completed,0e1fd6ae-f44f-4335-800b-aa827d58784d,"# Summary
本书《糖尿病视网膜病变的小切口玻璃体切割术》（Small-Gauge Vitrectomy for Diabetic Retinopathy）由Ulrich Spandau和Zoran Tomic编写，旨在为眼科医生提供处理糖尿病视网膜病变（DR）的专业指导。随着全球糖尿病患者人数的激增，尤其是发展中国家发病率的上升，糖尿病视网膜病变已成为视网膜外科医生面临的重大挑战。

本书的核心内容涵盖了以下几个关键方面：

1. **手术理念与技术演进**：作者强调小切口玻璃体切割术（23G、25G及27G）正逐渐成为治疗糖尿病视网膜病变的金标准。该技术使手术过程更安全、创伤更小。书中提倡“分步手术”（Stepwise surgery）和“双手法玻璃体切割”（Bimanual vitrectomy）作为手术成功的核心要素。

2. **手术操作规范**：书中详细介绍了处理牵引性视网膜脱离、视网膜前出血清除、膜剥离以及视网膜光凝（PRP）等关键步骤。作者建议在玻璃体切除术中同期完成全视网膜光凝，以预防术后玻璃体腔内再出血。此外，书中还讨论了针对术中并发症（如瞳孔缩小）的应对策略及术后填塞物的选择。

3. **临床实践与经验分享**：全书采用类似“食谱”的教学方式，通过详细的步骤说明、图片展示以及配套的在线视频资源，指导外科医生从基础到复杂病例的操作。内容涵盖了从后玻璃体皮质剥离到复杂膜剥离的多种技术，并提供了大量病例报告以供参考。

4. **辅助治疗与注意事项**：书中强调了术后抗VEGF药物（如贝伐珠单抗）的应用，并特别提醒了关于气体填塞患者的飞行禁忌，以及术后复发性玻璃体出血的处理原则。

本书旨在通过规范化的手术流程和现代化的技术手段，帮助外科医生提升手术技能，改善糖尿病视网膜病变患者的预后。随书附带的在线视频资源为读者提供了直观的临床学习参考。",d873286a-9882-4c93-9d37-528fda63173d
11-整形与泪道,bdde98f8-4f6b-4b3f-89a4-3cee7f5133b4,10000,5ddb4053-9a11-4538-977b-80ed4c0bce28,Oculoplastics and Orbit-Guthoff、Katowitz 2010_weknora.mhtml,Oculoplastics and Orbit-Guthoff、Katowitz 2010_weknora.mhtml,"本书《眼整形与眼眶：21世纪眼眶面部整形问题的解决之道》（Oculoplastics and Orbit: Aesthetic and Functional Oculofacial Plastic Problem-Solving in the 21st Century）汇集了眼整形与眼眶外科领域的最新临床进展与创新技术。该书旨在通过探讨美容与功能性手术的复杂问题，为眼科医生提供实用的临床指导。

书中涵盖的核心内容包括：

1. **眼附属器淋巴增殖性疾病（OALD）**：淋巴瘤是眼眶最常见的恶性肿瘤，其中黏膜相关淋巴组织（MALT）淋巴瘤最为多见。随着分子遗传学技术（如PCR和FISH）的进步，临床诊断的准确性与速度显著提升。治疗手段已从单纯的放射治疗转向包括免疫治疗和放射免疫治疗在内的综合管理，旨在提高患者的生存率与生活质量。

2. **上睑下垂的矫正与提上睑肌后退术**：针对复杂性上睑下垂，书中详细介绍了提上睑肌后退术的原则与技术。手术成功的关键在于评估患者是否存在弱视、眼球偏斜以及是否符合赫林氏定律（Hering’s law）下的双侧额肌支配模式。通过经皮入路进行高位提上睑肌后退，可以在保持结膜与穹窿完整的同时，有效改善眼睑位置。

3. **软组织填充剂的应用**：软组织填充剂在眼眶及眶周容量缺失的治疗中日益重要。其应用范围已从美容扩展至治疗轻度瘢痕性睑外翻等功能性问题。填充剂具有生物相容性好、微创、可逆及易于调整等优势，虽然目前多为超说明书使用，但其在纠正眶周不对称和轮廓异常方面展现出极高的患者满意度。

4. **临床决策与技术演进**：全书强调了从单纯的经验性治疗向基于病理生理学和分子诊断的精准治疗转型。无论是针对恶性肿瘤的靶向治疗，还是针对眼睑位置异常的微创干预，现代眼整形外科正趋向于更安全、更具针对性的个性化诊疗方案。

该书通过对上述领域的深入剖析，为眼科医生处理复杂眼眶面部问题提供了前沿的理论基础与操作指南。",completed,b5897635-eb3c-460e-88d0-031453cc7409,"# Summary
本书《眼整形与眼眶：21世纪眼眶面部整形问题的解决之道》（Oculoplastics and Orbit: Aesthetic and Functional Oculofacial Plastic Problem-Solving in the 21st Century）汇集了眼整形与眼眶外科领域的最新临床进展与创新技术。该书旨在通过探讨美容与功能性手术的复杂问题，为眼科医生提供实用的临床指导。

书中涵盖的核心内容包括：

1. **眼附属器淋巴增殖性疾病（OALD）**：淋巴瘤是眼眶最常见的恶性肿瘤，其中黏膜相关淋巴组织（MALT）淋巴瘤最为多见。随着分子遗传学技术（如PCR和FISH）的进步，临床诊断的准确性与速度显著提升。治疗手段已从单纯的放射治疗转向包括免疫治疗和放射免疫治疗在内的综合管理，旨在提高患者的生存率与生活质量。

2. **上睑下垂的矫正与提上睑肌后退术**：针对复杂性上睑下垂，书中详细介绍了提上睑肌后退术的原则与技术。手术成功的关键在于评估患者是否存在弱视、眼球偏斜以及是否符合赫林氏定律（Hering’s law）下的双侧额肌支配模式。通过经皮入路进行高位提上睑肌后退，可以在保持结膜与穹窿完整的同时，有效改善眼睑位置。

3. **软组织填充剂的应用**：软组织填充剂在眼眶及眶周容量缺失的治疗中日益重要。其应用范围已从美容扩展至治疗轻度瘢痕性睑外翻等功能性问题。填充剂具有生物相容性好、微创、可逆及易于调整等优势，虽然目前多为超说明书使用，但其在纠正眶周不对称和轮廓异常方面展现出极高的患者满意度。

4. **临床决策与技术演进**：全书强调了从单纯的经验性治疗向基于病理生理学和分子诊断的精准治疗转型。无论是针对恶性肿瘤的靶向治疗，还是针对眼睑位置异常的微创干预，现代眼整形外科正趋向于更安全、更具针对性的个性化诊疗方案。

该书通过对上述领域的深入剖析，为眼科医生处理复杂眼眶面部问题提供了前沿的理论基础与操作指南。",8c62a0ba-1b1e-40fc-871d-3dcdeb454224
12-眼眶与眼肿瘤,e785de98-5837-4eea-89a8-6a46cacb5173,10000,d5a22de7-6545-4f0a-ab5c-4176a12fc12f,Springer-Orbital Tumors-Zeynel A Karicioglu 2015_weknora.mhtml,Springer-Orbital Tumors-Zeynel A Karicioglu 2015_weknora.mhtml,"《眼眶肿瘤：诊断与治疗》（第二版）由Zeynel A. Karcioglu主编，旨在为眼科医生、肿瘤学家及相关领域专家提供关于眼眶肿瘤诊断与治疗的最新参考。该书强调了医学领域在过去十年中，特别是生物分子革命背景下的快速进步，并对眼眶肿瘤的临床实践进行了全面更新。

本书的核心内容涵盖以下几个方面：

1. **诊断技术的演进**：书中重点介绍了影像学技术的飞跃，包括超声、计算机断层扫描（CT）和磁共振成像（MRI），这些技术显著提高了诊断的精确度。此外，书中还探讨了免疫组化、流式细胞术、基因微阵列及聚合酶链反应等先进诊断手段在眼眶活检中的应用。
2. **生物分子与遗传学研究**：第二版深入探讨了肿瘤发生机制，特别是致癌突变、DNA修复机制以及针对突变基因的靶向药物治疗。这些分子生物学概念已被整合进临床实践，用于识别预后标志物及评估治疗反应。
3. **治疗方法的创新**：书中总结了多种前沿治疗手段，包括肿瘤血管插管、动脉内化学消融、纳米刀手术、三维影像引导手术以及经皮射频热消融（RFA）。同时，放射治疗也在不断演进，如利用轻离子作为高能源，以及将放射性核素与单克隆抗体结合进行靶向治疗。
4. **临床表现与鉴别诊断**：针对特定部位（如泪囊）的肿瘤，书中详细阐述了其临床特征，包括泪囊肿瘤与炎症性病变的鉴别要点，如“泪囊肿瘤三联征”（内眦韧带上方可触及肿块、血性泪液或反流、可自由冲洗的慢性泪囊炎）。
5. **多学科协作与规范化管理**：本书强调了癌症分期在临床管理中的重要性，并更新了针对儿童及成人眼眶肿瘤的化疗与放疗方案。书中还列举了多种用于眼眶疾病（如甲状腺相关眼病、鳞状细胞癌、黑色素瘤等）的药物及其临床毒性，体现了跨学科诊疗的复杂性。

该书通过系统梳理基础知识与前沿进展，为临床医生提供了处理眼眶及眶周肿瘤的实用参考，旨在改善患者的预后并降低发病率与死亡率。",completed,74171dee-fd8e-4620-b1f9-015f213b5fe1,"# Summary
《眼眶肿瘤：诊断与治疗》（第二版）由Zeynel A. Karcioglu主编，旨在为眼科医生、肿瘤学家及相关领域专家提供关于眼眶肿瘤诊断与治疗的最新参考。该书强调了医学领域在过去十年中，特别是生物分子革命背景下的快速进步，并对眼眶肿瘤的临床实践进行了全面更新。

本书的核心内容涵盖以下几个方面：

1. **诊断技术的演进**：书中重点介绍了影像学技术的飞跃，包括超声、计算机断层扫描（CT）和磁共振成像（MRI），这些技术显著提高了诊断的精确度。此外，书中还探讨了免疫组化、流式细胞术、基因微阵列及聚合酶链反应等先进诊断手段在眼眶活检中的应用。
2. **生物分子与遗传学研究**：第二版深入探讨了肿瘤发生机制，特别是致癌突变、DNA修复机制以及针对突变基因的靶向药物治疗。这些分子生物学概念已被整合进临床实践，用于识别预后标志物及评估治疗反应。
3. **治疗方法的创新**：书中总结了多种前沿治疗手段，包括肿瘤血管插管、动脉内化学消融、纳米刀手术、三维影像引导手术以及经皮射频热消融（RFA）。同时，放射治疗也在不断演进，如利用轻离子作为高能源，以及将放射性核素与单克隆抗体结合进行靶向治疗。
4. **临床表现与鉴别诊断**：针对特定部位（如泪囊）的肿瘤，书中详细阐述了其临床特征，包括泪囊肿瘤与炎症性病变的鉴别要点，如“泪囊肿瘤三联征”（内眦韧带上方可触及肿块、血性泪液或反流、可自由冲洗的慢性泪囊炎）。
5. **多学科协作与规范化管理**：本书强调了癌症分期在临床管理中的重要性，并更新了针对儿童及成人眼眶肿瘤的化疗与放疗方案。书中还列举了多种用于眼眶疾病（如甲状腺相关眼病、鳞状细胞癌、黑色素瘤等）的药物及其临床毒性，体现了跨学科诊疗的复杂性。

该书通过系统梳理基础知识与前沿进展，为临床医生提供了处理眼眶及眶周肿瘤的实用参考，旨在改善患者的预后并降低发病率与死亡率。",17f3503c-4630-44fb-87f9-b94eb16813e8
02-角膜与眼表,f041b2b7-3147-4deb-a2f2-0de5cc53d296,10000,5abe4f39-38f3-471a-bc98-829224e2b0e6,Springer-角膜手术基本技术-Bruno Zuberbuhler 2015_weknora.mhtml,Springer-角膜手术基本技术-Bruno Zuberbuhler 2015_weknora.mhtml,"本书《角膜手术基本技术》由布鲁诺·祖贝布勒等专家编著，旨在为眼科临床医师提供全面、实用的角膜手术技术指导。该书重点涵盖了治疗角膜疾病的各类移植术式以及治疗屈光不正的准分子激光手术，并强调了手术操作的规范化与循证医学原则。

本书的核心内容包括以下几个方面：

1.  **手术技术与临床应用**：详细阐述了角膜移植（如穿透性角膜移植PKP、深前板层角膜移植DALK、后弹力层剥离联合角膜内皮移植DSEK/DMEK）及屈光手术（如PRK、LASIK）的手术步骤、适应证与并发症处理。书中通过高质量示意图、真实图片及手术录像，帮助医师掌握精细的手术技巧。
2.  **解剖与基础知识**：第一章系统介绍了角膜与结膜的解剖结构、生理功能、角膜愈合机制以及角膜手术相关的麻醉方法（如表面麻醉、Tenon囊下麻醉及球周麻醉），为临床操作奠定了理论基础。
3.  **实验室模拟训练**：本书的一大特色是专门设立章节介绍角膜实验室操作技术。通过使用塑料模型眼或动物眼（如猪眼）进行角膜钻切、板层分离、缝合及角膜瓣制作等模拟练习，旨在帮助年轻医师在临床实践前夯实基础，提高手术的熟练度与精确性。
4.  **并发症管理与规范化**：书中深入探讨了手术中可能出现的并发症（如环钻偏位、后弹力层残留、脉络膜上腔出血等）及应对策略，并强调了缝合材料的选择与缝合技巧，旨在通过规范化操作减少术后散光及排斥反应等风险。

总之，本书既是眼科初学者实用的参考手册，也为经验丰富的眼科医师提供了对比与提升手术技术的专业指南，是提升角膜病诊疗水平的重要工具。",completed,b619b381-c76e-4f49-ac46-7efe2356f094,"# Summary
本书《角膜手术基本技术》由布鲁诺·祖贝布勒等专家编著，旨在为眼科临床医师提供全面、实用的角膜手术技术指导。该书重点涵盖了治疗角膜疾病的各类移植术式以及治疗屈光不正的准分子激光手术，并强调了手术操作的规范化与循证医学原则。

本书的核心内容包括以下几个方面：

1.  **手术技术与临床应用**：详细阐述了角膜移植（如穿透性角膜移植PKP、深前板层角膜移植DALK、后弹力层剥离联合角膜内皮移植DSEK/DMEK）及屈光手术（如PRK、LASIK）的手术步骤、适应证与并发症处理。书中通过高质量示意图、真实图片及手术录像，帮助医师掌握精细的手术技巧。
2.  **解剖与基础知识**：第一章系统介绍了角膜与结膜的解剖结构、生理功能、角膜愈合机制以及角膜手术相关的麻醉方法（如表面麻醉、Tenon囊下麻醉及球周麻醉），为临床操作奠定了理论基础。
3.  **实验室模拟训练**：本书的一大特色是专门设立章节介绍角膜实验室操作技术。通过使用塑料模型眼或动物眼（如猪眼）进行角膜钻切、板层分离、缝合及角膜瓣制作等模拟练习，旨在帮助年轻医师在临床实践前夯实基础，提高手术的熟练度与精确性。
4.  **并发症管理与规范化**：书中深入探讨了手术中可能出现的并发症（如环钻偏位、后弹力层残留、脉络膜上腔出血等）及应对策略，并强调了缝合材料的选择与缝合技巧，旨在通过规范化操作减少术后散光及排斥反应等风险。

总之，本书既是眼科初学者实用的参考手册，也为经验丰富的眼科医师提供了对比与提升手术技术的专业指南，是提升角膜病诊疗水平的重要工具。",0b255855-91a1-4bca-844a-32d310d81bf9
01-眼科综合：基础与全身病,09c593aa-1a64-48de-af81-fc4d30d551b4,10000,c623e9da-6047-4f61-abcd-32628de93f4f,"Ocular Disease- Mechanisms and Management-Leonard A. Levin, Daniel M. Albert 2010_weknora.mhtml","Ocular Disease- Mechanisms and Management-Leonard A. Levin, Daniel M. Albert 2010_weknora.mhtml","《眼部疾病：机制与管理》（Ocular Disease: Mechanisms and Management）由 Leonard A. Levin 和 Daniel M. Albert 编写，是一部全面探讨眼科疾病病理机制与临床管理的专业学术著作。该书汇集了众多领域专家的研究成果，涵盖了从基础分子生物学到临床诊疗的广泛内容。

本书的核心内容包括以下几个方面：

1.  **视神经萎缩的病理与临床表现**：书中详细阐述了视神经萎缩的病理机制，指出这是视网膜神经节细胞或其轴突受损后，发生逆行性和顺行性（Wallerian）变性及细胞凋亡的不可逆过程。临床上，视神经萎缩表现为视盘苍白，需与视盘水肿、髓鞘神经纤维、视盘玻璃疣及视网膜色素变性等可能导致“假性萎缩”的病症进行鉴别。
2.  **视神经损伤的定位诊断**：通过视盘形态学的改变（如带状萎缩），临床医生可以定位病变位置。例如，带状萎缩通常与视交叉或视束的病变相关，而视盘的特定扇形萎缩则有助于判断颅内压迫性病变的位置。
3.  **血管性眼病与生长因子**：书中深入探讨了血管内皮生长因子（VEGF）在糖尿病视网膜病变、黄斑水肿及新生血管性年龄相关性黄斑变性（AMD）中的关键作用，并讨论了抗VEGF药物在抑制病理性血管生成中的临床应用。
4.  **眼部手术与组织修复**：针对青光眼滤过手术等术后伤口愈合过程，书中分析了细胞因子、趋化因子及细胞外基质在纤维化过程中的作用，并探讨了通过药物或手术技术改善预后的策略。
5.  **前沿技术与临床研究**：内容还涉及视觉假体的研究进展、血管生成拟态（Vasculogenic mimicry）在肿瘤病理中的表现，以及各类遗传性眼病、炎症性疾病（如Vogt-Koyanagi-Harada病）的诊疗规范。

本书强调了医学知识的动态变化性，建议临床医生在参考书中理论的同时，应结合患者个体情况及最新的药物说明书进行诊疗决策。该书不仅为眼科医生提供了深入的病理生理学分析，也为眼科临床实践提供了重要的参考依据。",completed,55c4b06c-717e-4b16-aa32-a7645ee45d19,"# Summary
《眼部疾病：机制与管理》（Ocular Disease: Mechanisms and Management）由 Leonard A. Levin 和 Daniel M. Albert 编写，是一部全面探讨眼科疾病病理机制与临床管理的专业学术著作。该书汇集了众多领域专家的研究成果，涵盖了从基础分子生物学到临床诊疗的广泛内容。

本书的核心内容包括以下几个方面：

1.  **视神经萎缩的病理与临床表现**：书中详细阐述了视神经萎缩的病理机制，指出这是视网膜神经节细胞或其轴突受损后，发生逆行性和顺行性（Wallerian）变性及细胞凋亡的不可逆过程。临床上，视神经萎缩表现为视盘苍白，需与视盘水肿、髓鞘神经纤维、视盘玻璃疣及视网膜色素变性等可能导致“假性萎缩”的病症进行鉴别。
2.  **视神经损伤的定位诊断**：通过视盘形态学的改变（如带状萎缩），临床医生可以定位病变位置。例如，带状萎缩通常与视交叉或视束的病变相关，而视盘的特定扇形萎缩则有助于判断颅内压迫性病变的位置。
3.  **血管性眼病与生长因子**：书中深入探讨了血管内皮生长因子（VEGF）在糖尿病视网膜病变、黄斑水肿及新生血管性年龄相关性黄斑变性（AMD）中的关键作用，并讨论了抗VEGF药物在抑制病理性血管生成中的临床应用。
4.  **眼部手术与组织修复**：针对青光眼滤过手术等术后伤口愈合过程，书中分析了细胞因子、趋化因子及细胞外基质在纤维化过程中的作用，并探讨了通过药物或手术技术改善预后的策略。
5.  **前沿技术与临床研究**：内容还涉及视觉假体的研究进展、血管生成拟态（Vasculogenic mimicry）在肿瘤病理中的表现，以及各类遗传性眼病、炎症性疾病（如Vogt-Koyanagi-Harada病）的诊疗规范。

本书强调了医学知识的动态变化性，建议临床医生在参考书中理论的同时，应结合患者个体情况及最新的药物说明书进行诊疗决策。该书不仅为眼科医生提供了深入的病理生理学分析，也为眼科临床实践提供了重要的参考依据。",5bfaf864-ea5a-4485-b33b-519299ddcd4b
09-神经眼科,be1e44f1-985d-4445-b6a3-e60a0f43f85e,10000,698cf56e-a00a-427e-b658-189f9dc72aa3,Wills-神经眼科-Peter J Savino 2015_weknora.mhtml,Wills-神经眼科-Peter J Savino 2015_weknora.mhtml,"本书为《Wills临床眼科彩色图谱及精要》系列中的《神经眼科》第2版，由美国Wills眼科研究所专家编写，旨在为眼科医师、住院医师及相关研究人员提供简明、实用的临床参考。全书通过高质量的彩色图片与精炼的文字，系统阐述了神经眼科常见疾病的流行病学、病因、临床表现、诊断及治疗。

本书的核心内容涵盖以下几个方面：

1.  **神经眼科临床检查技术**：详细介绍了视觉传入系统的评估方法，包括视力测定、色觉检查、瞳孔功能（特别是相对性传入性瞳孔功能障碍RAPD的判定）、Amsler方格表检查、对比敏感度及明负荷恢复试验。书中强调了这些检查对于鉴别视神经病变、视网膜病变及非器质性视力下降的重要性。
2.  **视野检查与判读**：阐述了视野检测的解剖学基础，重点分析了视网膜神经纤维走行与视野缺损形态的对应关系（如弓形缺损、中心暗点等），并介绍了面对面视野检查等临床常用手段。
3.  **先天性视神经异常**：探讨了视神经发育不全、视盘缺损及视盘小凹等先天性疾病的病因、临床体征及相关综合征（如de Morsier综合征），并指出了针对弱视的治疗策略。
4.  **外伤性视神经病变（TON）**：分析了钝性外伤、穿通伤及视神经撕脱伤的发生机制，强调了眶室间隔综合征等急症的识别与处理。
5.  **眼眶炎症与血管病变**：涵盖了特发性眼眶炎症综合征（IOIS）的诊断与激素治疗，以及海绵窦瘘的分类、临床表现（如突眼、结膜血管动脉化）及介入治疗手段。

本书通过图文并茂的形式，将复杂的神经眼科知识转化为临床实用的“口袋书”，不仅有助于初学者快速掌握诊断思路，也为高年资医师提供了重要的参考依据。",completed,2bd9b99b-c871-4c16-905c-7f3b3bad688d,"# Summary
本书为《Wills临床眼科彩色图谱及精要》系列中的《神经眼科》第2版，由美国Wills眼科研究所专家编写，旨在为眼科医师、住院医师及相关研究人员提供简明、实用的临床参考。全书通过高质量的彩色图片与精炼的文字，系统阐述了神经眼科常见疾病的流行病学、病因、临床表现、诊断及治疗。

本书的核心内容涵盖以下几个方面：

1.  **神经眼科临床检查技术**：详细介绍了视觉传入系统的评估方法，包括视力测定、色觉检查、瞳孔功能（特别是相对性传入性瞳孔功能障碍RAPD的判定）、Amsler方格表检查、对比敏感度及明负荷恢复试验。书中强调了这些检查对于鉴别视神经病变、视网膜病变及非器质性视力下降的重要性。
2.  **视野检查与判读**：阐述了视野检测的解剖学基础，重点分析了视网膜神经纤维走行与视野缺损形态的对应关系（如弓形缺损、中心暗点等），并介绍了面对面视野检查等临床常用手段。
3.  **先天性视神经异常**：探讨了视神经发育不全、视盘缺损及视盘小凹等先天性疾病的病因、临床体征及相关综合征（如de Morsier综合征），并指出了针对弱视的治疗策略。
4.  **外伤性视神经病变（TON）**：分析了钝性外伤、穿通伤及视神经撕脱伤的发生机制，强调了眶室间隔综合征等急症的识别与处理。
5.  **眼眶炎症与血管病变**：涵盖了特发性眼眶炎症综合征（IOIS）的诊断与激素治疗，以及海绵窦瘘的分类、临床表现（如突眼、结膜血管动脉化）及介入治疗手段。

本书通过图文并茂的形式，将复杂的神经眼科知识转化为临床实用的“口袋书”，不仅有助于初学者快速掌握诊断思路，也为高年资医师提供了重要的参考依据。",1a08b27f-564f-4af7-9ffd-6b3595e9dd80
16-检查：CT 与 MRI,c9231d63-fc70-4995-be25-876189e90f6d,10000,6eb81366-ed2c-4a27-abab-0e028c7c6cab,Orbital Imaging-F. Allan Midyett 2015_weknora.mhtml,Orbital Imaging-F. Allan Midyett 2015_weknora.mhtml,"该文档摘自《眼眶影像学》（Orbital Imaging），由F. Allan Midyett和Suresh K. Mukherji编写，旨在为放射科医生及临床医生提供眼眶疾病诊断的参考。文档重点介绍了眼眶创伤与先天性肿瘤的影像学表现及临床特征。

文档涵盖的核心内容包括：

1.  **内侧爆裂性骨折（MBOF）：** 该类骨折通常由直接外力导致，影像学上表现为内侧眶壁的内陷或位移，常伴有筛窦内的软组织密度影。CT是首选的诊断手段，多平面重建对评估骨折细节至关重要。临床上患者可能出现眼球内陷、复视或眶下神经麻痹等症状。
2.  **先天性眼眶畸胎瘤（COT）：** 这是一种罕见的先天性肿瘤，由三个胚层发育而来。影像学上，CT和MRI可显示囊实性肿块，常伴有脂肪、钙化或骨化成分。由于其生长迅速，可能导致严重的眼球突出和面部畸形，临床通常采取手术切除，但由于肿瘤可能侵犯邻近结构，保留眼球的难度较大。
3.  **临床诊断与影像学策略：** 文献强调了影像学检查在评估眼眶病变中的关键作用，特别是在区分新旧骨折、识别罕见病理实体以及通过影像与病理对照加深理解方面。书中还提供了广泛的医学缩写词汇表，涵盖了多种眼眶疾病及影像学检查术语。

总体而言，该书通过简明扼要的格式，结合影像学特征、临床表现及治疗建议，为处理眼眶病变提供了实用的临床参考，并强调了放射科医生在识别眼眶创伤及复杂病变中的重要性。",completed,5180c288-72ee-4962-8254-4fc51ed2a2bb,"# Summary
该文档摘自《眼眶影像学》（Orbital Imaging），由F. Allan Midyett和Suresh K. Mukherji编写，旨在为放射科医生及临床医生提供眼眶疾病诊断的参考。文档重点介绍了眼眶创伤与先天性肿瘤的影像学表现及临床特征。

文档涵盖的核心内容包括：

1.  **内侧爆裂性骨折（MBOF）：** 该类骨折通常由直接外力导致，影像学上表现为内侧眶壁的内陷或位移，常伴有筛窦内的软组织密度影。CT是首选的诊断手段，多平面重建对评估骨折细节至关重要。临床上患者可能出现眼球内陷、复视或眶下神经麻痹等症状。
2.  **先天性眼眶畸胎瘤（COT）：** 这是一种罕见的先天性肿瘤，由三个胚层发育而来。影像学上，CT和MRI可显示囊实性肿块，常伴有脂肪、钙化或骨化成分。由于其生长迅速，可能导致严重的眼球突出和面部畸形，临床通常采取手术切除，但由于肿瘤可能侵犯邻近结构，保留眼球的难度较大。
3.  **临床诊断与影像学策略：** 文献强调了影像学检查在评估眼眶病变中的关键作用，特别是在区分新旧骨折、识别罕见病理实体以及通过影像与病理对照加深理解方面。书中还提供了广泛的医学缩写词汇表，涵盖了多种眼眶疾病及影像学检查术语。

总体而言，该书通过简明扼要的格式，结合影像学特征、临床表现及治疗建议，为处理眼眶病变提供了实用的临床参考，并强调了放射科医生在识别眼眶创伤及复杂病变中的重要性。",b14e8b87-b0f4-482c-8418-cfdabc7b1a78
05-青光眼,8bf942e4-80dc-4a8a-87cf-486f897fe2bd,10000,fe0ebc7a-383c-47da-aec2-a335beeb9264,Atlas of Glaucoma-Neil T Choplin 2014_weknora.mhtml,Atlas of Glaucoma-Neil T Choplin 2014_weknora.mhtml,"青光眼并非单一疾病，而是一组具有共同特征的疾病统称，其核心表现为视神经头部的典型进行性改变及相应的视野缺损，最终可能导致不可逆的视功能丧失甚至失明。青光眼的临床表现差异巨大，从无症状的开角型青光眼到伴有剧烈眼痛和全身症状的急性闭角型青光眼，其发病机制涵盖了从机械性房水流出受阻到神经毒性、缺氧或免疫因素等多种病理过程。

诊断青光眼具有一定挑战性，单次临床检查往往不足以确诊。由于青光眼具有进行性特征，通过长期的临床观察（如视神经盘照片的系列对比）来评估病变进展是确诊的关键。医生需在早期识别真正患病者以防止视功能受损，同时避免对无需治疗的患者进行干预。

在治疗方面，青光眼的管理手段多样，包括药物治疗、激光手术以及多种外科手术。药物治疗是目前大多数青光眼的主要手段，而激光手术（如激光周边虹膜切开术、小梁成形术）和各类手术（如滤过手术、引流阀植入）则用于药物控制不佳的情况。近年来，微创青光眼手术（MIGS）作为一种新兴趋势，旨在通过绕过房水流出的高阻力部位，同时保持结膜完整性，从而提供更安全、创伤更小的治疗选择。

此外，临床研究还涉及对眼部血液动力学的评估，包括利用激光血流计、脉动眼血流（POBF）测量及眼球脉络膜血流动力学分析等技术，以深入了解青光眼的病理生理机制。尽管治疗手段不断进步，但临床仍需更多大规模随机对照试验来进一步量化新型手术的长期疗效、成本效益及其对患者生活质量的影响。",completed,6368e91a-75bd-4a84-a9ad-329ce71174fa,"# Summary
青光眼并非单一疾病，而是一组具有共同特征的疾病统称，其核心表现为视神经头部的典型进行性改变及相应的视野缺损，最终可能导致不可逆的视功能丧失甚至失明。青光眼的临床表现差异巨大，从无症状的开角型青光眼到伴有剧烈眼痛和全身症状的急性闭角型青光眼，其发病机制涵盖了从机械性房水流出受阻到神经毒性、缺氧或免疫因素等多种病理过程。

诊断青光眼具有一定挑战性，单次临床检查往往不足以确诊。由于青光眼具有进行性特征，通过长期的临床观察（如视神经盘照片的系列对比）来评估病变进展是确诊的关键。医生需在早期识别真正患病者以防止视功能受损，同时避免对无需治疗的患者进行干预。

在治疗方面，青光眼的管理手段多样，包括药物治疗、激光手术以及多种外科手术。药物治疗是目前大多数青光眼的主要手段，而激光手术（如激光周边虹膜切开术、小梁成形术）和各类手术（如滤过手术、引流阀植入）则用于药物控制不佳的情况。近年来，微创青光眼手术（MIGS）作为一种新兴趋势，旨在通过绕过房水流出的高阻力部位，同时保持结膜完整性，从而提供更安全、创伤更小的治疗选择。

此外，临床研究还涉及对眼部血液动力学的评估，包括利用激光血流计、脉动眼血流（POBF）测量及眼球脉络膜血流动力学分析等技术，以深入了解青光眼的病理生理机制。尽管治疗手段不断进步，但临床仍需更多大规模随机对照试验来进一步量化新型手术的长期疗效、成本效益及其对患者生活质量的影响。",246e55ca-0727-4a77-b342-4871a724eecb
02-角膜与眼表,f041b2b7-3147-4deb-a2f2-0de5cc53d296,10000,e404176f-6db0-4f2c-a5db-42ba9b63908f,Cornea Atlas-Jay H. Krachmer、David A. Palay 2014_weknora.mhtml,Cornea Atlas-Jay H. Krachmer、David A. Palay 2014_weknora.mhtml,"《角膜图谱》（第三版）由 Jay H. Krachmer 和 David A. Palay 编写，是一部关于角膜疾病诊断与临床技术的权威参考书。本版在内容上进行了大幅更新与优化，不仅替换并新增了大量高质量临床图片，还汇集了全球百余位专家的贡献。

本书的核心内容涵盖以下几个方面：

1.  **临床检查技术**：书中新增了“角膜裂隙灯技术”章节，详细阐述了裂隙灯检查的艺术与科学。作者强调了裂隙灯检查中光线运用的重要性，并介绍了直接照明、间接照明、镜面反射等多种照明形式，以及如何通过薄裂隙光束评估角膜厚度与病变深度。
2.  **角膜内皮疾病**：书中深入探讨了多种内皮病变，包括 Fuchs 营养不良、先天性遗传性内皮营养不良（CHED）以及后部多形性角膜营养不良。通过组织病理学图片和临床表现（如角膜滴状赘疣、水肿、大疱等），详细区分了内皮营养不良与继发性病变。
3.  **角膜手术与矫正技术**：本书涵盖了多种先进的角膜手术方法，包括深板层角膜移植术（DALK）、内皮角膜移植术（EK）以及屈光手术相关技术。书中还详细介绍了用于治疗圆锥角膜的角膜基质环植入术（如 Ferrara 环）、LASEK 手术及其并发症，以及用于矫正近视的有晶状体眼人工晶状体植入术。
4.  **非炎症性角膜扩张性疾病**：书中对圆锥角膜等非炎症性病变进行了系统描述，探讨了其临床特征、诊断要点及手术干预手段。

本书不仅是一部医学图谱，更体现了作者对临床观察细节的极致追求。通过对裂隙灯检查技术的总结与对各类复杂病理的细致剖析，该书旨在为眼科医生提供临床诊断与手术决策的专业指导，强调了细致观察与科学分析在眼科实践中的核心地位。",completed,65146b97-2ffb-4e1b-a919-8108f103901e,"# Summary
《角膜图谱》（第三版）由 Jay H. Krachmer 和 David A. Palay 编写，是一部关于角膜疾病诊断与临床技术的权威参考书。本版在内容上进行了大幅更新与优化，不仅替换并新增了大量高质量临床图片，还汇集了全球百余位专家的贡献。

本书的核心内容涵盖以下几个方面：

1.  **临床检查技术**：书中新增了“角膜裂隙灯技术”章节，详细阐述了裂隙灯检查的艺术与科学。作者强调了裂隙灯检查中光线运用的重要性，并介绍了直接照明、间接照明、镜面反射等多种照明形式，以及如何通过薄裂隙光束评估角膜厚度与病变深度。
2.  **角膜内皮疾病**：书中深入探讨了多种内皮病变，包括 Fuchs 营养不良、先天性遗传性内皮营养不良（CHED）以及后部多形性角膜营养不良。通过组织病理学图片和临床表现（如角膜滴状赘疣、水肿、大疱等），详细区分了内皮营养不良与继发性病变。
3.  **角膜手术与矫正技术**：本书涵盖了多种先进的角膜手术方法，包括深板层角膜移植术（DALK）、内皮角膜移植术（EK）以及屈光手术相关技术。书中还详细介绍了用于治疗圆锥角膜的角膜基质环植入术（如 Ferrara 环）、LASEK 手术及其并发症，以及用于矫正近视的有晶状体眼人工晶状体植入术。
4.  **非炎症性角膜扩张性疾病**：书中对圆锥角膜等非炎症性病变进行了系统描述，探讨了其临床特征、诊断要点及手术干预手段。

本书不仅是一部医学图谱，更体现了作者对临床观察细节的极致追求。通过对裂隙灯检查技术的总结与对各类复杂病理的细致剖析，该书旨在为眼科医生提供临床诊断与手术决策的专业指导，强调了细致观察与科学分析在眼科实践中的核心地位。",1e6b8152-4847-4a1a-8fa1-853082df55d7
06-眼底病与视网膜内科,f900fe21-9deb-47e0-bf36-ce06022cae92,10000,7281bcb4-cc4a-40e5-9713-ccf7481be803,Handbook of Retinal OCT-Jay S Duker 2014_weknora.mhtml,Handbook of Retinal OCT-Jay S Duker 2014_weknora.mhtml,"《视网膜OCT手册》（Handbook of Retinal OCT）是一本专注于视网膜光学相干断层扫描（OCT）影像的临床参考书。该书由Jay S. Duker等专家编写，旨在为眼科临床医生提供一套基于疾病分类、以影像为核心的实用手册，重点展示病理特征并提供简明扼要的临床描述。

本书的核心内容涵盖了以下几个方面：

1.  **OCT技术原理与发展**：OCT起源于20世纪80年代末，通过测量光在生物组织中的背向散射和回波时间延迟来获取微米级分辨率的断层图像。书中详细介绍了三种主要检测技术：时域OCT（TD-OCT）、频域OCT（SD-OCT）以及扫频OCT（SS-OCT）。相比早期的TD-OCT，SD-OCT和SS-OCT通过更高的扫描速度和采样密度，显著提升了图像质量、采集效率及三维成像能力。

2.  **扫描模式与临床应用**：书中探讨了多种扫描协议，包括“黄斑立方扫描”（Macular cube scan）和“线扫描”（Line scan）。立方扫描通过光栅扫描（Raster scan）提供三维容积数据，而径向扫描（Radial scan）则通过多条穿过黄斑中心线的扫描获取高分辨率影像。这些模式在临床评估中各有优劣，医生可根据病变位置和需求进行选择。

3.  **视网膜疾病的影像表现**：手册通过具体病例分析了多种视网膜病变，例如：
    *   **非增殖性糖尿病视网膜病变（NPDR）**：OCT可识别微动脉瘤（表现为高反射灶）、棉絮斑及硬性渗出等病理改变。
    *   **X连锁视网膜劈裂症（XLRS）**：影像显示视网膜各层（如内核层、外核层）的劈裂及中央囊样改变。
    *   **格子样变性**：OCT可观察到玻璃体与视网膜的异常粘连、牵引性局限性视网膜脱离以及视网膜变薄等特征。

该书强调了OCT作为视网膜亚专科最重要的辅助检查手段，通过高质量的影像和标准化的扫描协议，帮助临床医生在日常工作中更准确地识别和评估视网膜病理结构。",completed,7a501755-f48c-4d45-9b25-06dba10d876a,"# Summary
《视网膜OCT手册》（Handbook of Retinal OCT）是一本专注于视网膜光学相干断层扫描（OCT）影像的临床参考书。该书由Jay S. Duker等专家编写，旨在为眼科临床医生提供一套基于疾病分类、以影像为核心的实用手册，重点展示病理特征并提供简明扼要的临床描述。

本书的核心内容涵盖了以下几个方面：

1.  **OCT技术原理与发展**：OCT起源于20世纪80年代末，通过测量光在生物组织中的背向散射和回波时间延迟来获取微米级分辨率的断层图像。书中详细介绍了三种主要检测技术：时域OCT（TD-OCT）、频域OCT（SD-OCT）以及扫频OCT（SS-OCT）。相比早期的TD-OCT，SD-OCT和SS-OCT通过更高的扫描速度和采样密度，显著提升了图像质量、采集效率及三维成像能力。

2.  **扫描模式与临床应用**：书中探讨了多种扫描协议，包括“黄斑立方扫描”（Macular cube scan）和“线扫描”（Line scan）。立方扫描通过光栅扫描（Raster scan）提供三维容积数据，而径向扫描（Radial scan）则通过多条穿过黄斑中心线的扫描获取高分辨率影像。这些模式在临床评估中各有优劣，医生可根据病变位置和需求进行选择。

3.  **视网膜疾病的影像表现**：手册通过具体病例分析了多种视网膜病变，例如：
    *   **非增殖性糖尿病视网膜病变（NPDR）**：OCT可识别微动脉瘤（表现为高反射灶）、棉絮斑及硬性渗出等病理改变。
    *   **X连锁视网膜劈裂症（XLRS）**：影像显示视网膜各层（如内核层、外核层）的劈裂及中央囊样改变。
    *   **格子样变性**：OCT可观察到玻璃体与视网膜的异常粘连、牵引性局限性视网膜脱离以及视网膜变薄等特征。

该书强调了OCT作为视网膜亚专科最重要的辅助检查手段，通过高质量的影像和标准化的扫描协议，帮助临床医生在日常工作中更准确地识别和评估视网膜病理结构。",812a20ff-e2dd-422a-bf65-29b4fb82ebd5
06-眼底病与视网膜内科,f900fe21-9deb-47e0-bf36-ce06022cae92,10000,30a57c80-643e-4819-8135-b8279181e6c2,Springer-Clinical Strategies in the Management of DR-Francesco Bandello 2014_weknora.mhtml,Springer-Clinical Strategies in the Management of DR-Francesco Bandello 2014_weknora.mhtml,"本书《糖尿病视网膜病变临床管理策略：眼科医生实践指南》旨在为眼科医生提供关于糖尿病视网膜病变（DR）诊断、决策制定及治疗的全面临床指导。该书汇集了欧洲与美国眼科专家的研究成果，强调基于循证医学和临床试验的实践方法。

本书的核心内容涵盖以下几个方面：

1.  **治疗范式的转变**：随着抗血管内皮生长因子（anti-VEGF）药物和类固醇等玻璃体腔注射疗法的引入，DR的治疗目标已从单纯的疾病稳定转向视力的恢复。相比传统的激光光凝术，新型药物在预防视力下降的同时，展现出改善视力的潜力。
2.  **临床决策与综合治疗**：针对糖尿病黄斑水肿（DME）和增殖性糖尿病视网膜病变（PDR），指南建议采用包括玻璃体腔注射、激光光凝及手术干预在内的综合治疗策略。书中通过算法、表格和临床案例，详细指导医生在不同疾病阶段选择最优方案。
3.  **药物治疗的评估**：书中对比了多种类固醇（如曲安奈德、地塞米松植入剂、氟轻松）及抗VEGF药物的临床疗效。研究指出，尽管类固醇在特定情况下有效，但其可能伴随眼压升高或白内障手术风险，需谨慎评估。
4.  **手术干预的演进**：对于严重的PDR并发症，玻璃体切割术（PPV）仍是主要手段。书中探讨了包括视网膜切除术、硅油填充以及粘弹剂辅助剥膜（viscodissection）等先进手术技术，并指出未来将药物辅助治疗与手术相结合是提升疗效的关键方向。

该指南通过丰富的图表和病例分析，为临床医生应对从早期到晚期各个阶段的DR提供了实用的决策支持，旨在帮助医生在日益复杂的治疗选择中做出科学的临床判断。",completed,69959258-e828-492a-816a-35411a9e8517,"# Summary
本书《糖尿病视网膜病变临床管理策略：眼科医生实践指南》旨在为眼科医生提供关于糖尿病视网膜病变（DR）诊断、决策制定及治疗的全面临床指导。该书汇集了欧洲与美国眼科专家的研究成果，强调基于循证医学和临床试验的实践方法。

本书的核心内容涵盖以下几个方面：

1.  **治疗范式的转变**：随着抗血管内皮生长因子（anti-VEGF）药物和类固醇等玻璃体腔注射疗法的引入，DR的治疗目标已从单纯的疾病稳定转向视力的恢复。相比传统的激光光凝术，新型药物在预防视力下降的同时，展现出改善视力的潜力。
2.  **临床决策与综合治疗**：针对糖尿病黄斑水肿（DME）和增殖性糖尿病视网膜病变（PDR），指南建议采用包括玻璃体腔注射、激光光凝及手术干预在内的综合治疗策略。书中通过算法、表格和临床案例，详细指导医生在不同疾病阶段选择最优方案。
3.  **药物治疗的评估**：书中对比了多种类固醇（如曲安奈德、地塞米松植入剂、氟轻松）及抗VEGF药物的临床疗效。研究指出，尽管类固醇在特定情况下有效，但其可能伴随眼压升高或白内障手术风险，需谨慎评估。
4.  **手术干预的演进**：对于严重的PDR并发症，玻璃体切割术（PPV）仍是主要手段。书中探讨了包括视网膜切除术、硅油填充以及粘弹剂辅助剥膜（viscodissection）等先进手术技术，并指出未来将药物辅助治疗与手术相结合是提升疗效的关键方向。

该指南通过丰富的图表和病例分析，为临床医生应对从早期到晚期各个阶段的DR提供了实用的决策支持，旨在帮助医生在日益复杂的治疗选择中做出科学的临床判断。",d230ae3c-9991-403e-bcd8-44a13f5c1375
03-白内障：晶状体与人工晶体,a0f47c80-3a66-46c8-8315-43b41ce357ea,10000,82b0d5ec-0c9f-4e39-9942-bb4e70bd7c57,Springer-Complications During and After Cataract Surgery-Ulrich Spandau 2014_weknora.mhtml,Springer-Complications During and After Cataract Surgery-Ulrich Spandau 2014_weknora.mhtml,"本书《白内障手术中及手术后的并发症：手术管理指南》由Ulrich Spandau和Gabor Scharioth编写，旨在为眼科医生提供处理白内障手术并发症的实用操作指南。全书采用类似“烹饪食谱”的结构，通过分步讲解、图示及配套手术视频，帮助外科医生掌握应对复杂手术情况的技能。

本书的核心内容涵盖以下几个方面：

1. **手术难度评估与基础知识**：手术难度受多种因素影响，其中晶状体核的硬度是关键。书中详细区分了软核、中等硬度核及硬核白内障的特点，并指出硬核手术因缺乏软性外核作为支撑，极易损伤后囊膜。此外，患者的身体状况（如脊柱畸形、焦虑）和眼部解剖特征（如深陷眼、小瞳孔、晶状体震颤）也是影响手术难度的重要因素。

2. **人工晶状体（IOL）植入与囊袋管理**：书中探讨了囊袋内植入与睫状沟植入的区别。在发生后囊膜破裂时，需将IOL植入睫状沟。此外，还讨论了前囊膜纤维化及收缩对IOL位置的影响，以及在特定情况下通过“透镜捕获”（lens capture）技术实现IOL居中和稳定的方法。

3. **并发症处理技术**：本书分为两大部分，分别介绍利用超声乳化仪和玻璃体切割机处理并发症的方法。作者强调了掌握多种手术技术（如ECCE、虹膜固定或巩膜固定IOL）的重要性，以应对如悬韧带溶解或后囊膜破裂等突发状况。

4. **经睫状体平坦部前部玻璃体切除术**：书中详细介绍了使用套管针（trocar）进行经睫状体平坦部前部玻璃体切除的技术。相比传统的角膜缘入路，该方法能更彻底地清除前部玻璃体，且不易损伤虹膜和晶状体囊，是处理玻璃体脱出、晶状体核脱位或人工晶状体脱位的高效手段。

本书通过总结一系列“要点与技巧”（Pits and Pearls），为外科医生提供了一套系统化的应对方案，旨在通过规范化的操作流程，帮助医生克服对并发症的恐惧，提升手术技巧，从而成为更优秀的白内障手术专家。",completed,07a332f1-95f8-4273-9270-7ae49f70cc25,"# Summary
本书《白内障手术中及手术后的并发症：手术管理指南》由Ulrich Spandau和Gabor Scharioth编写，旨在为眼科医生提供处理白内障手术并发症的实用操作指南。全书采用类似“烹饪食谱”的结构，通过分步讲解、图示及配套手术视频，帮助外科医生掌握应对复杂手术情况的技能。

本书的核心内容涵盖以下几个方面：

1. **手术难度评估与基础知识**：手术难度受多种因素影响，其中晶状体核的硬度是关键。书中详细区分了软核、中等硬度核及硬核白内障的特点，并指出硬核手术因缺乏软性外核作为支撑，极易损伤后囊膜。此外，患者的身体状况（如脊柱畸形、焦虑）和眼部解剖特征（如深陷眼、小瞳孔、晶状体震颤）也是影响手术难度的重要因素。

2. **人工晶状体（IOL）植入与囊袋管理**：书中探讨了囊袋内植入与睫状沟植入的区别。在发生后囊膜破裂时，需将IOL植入睫状沟。此外，还讨论了前囊膜纤维化及收缩对IOL位置的影响，以及在特定情况下通过“透镜捕获”（lens capture）技术实现IOL居中和稳定的方法。

3. **并发症处理技术**：本书分为两大部分，分别介绍利用超声乳化仪和玻璃体切割机处理并发症的方法。作者强调了掌握多种手术技术（如ECCE、虹膜固定或巩膜固定IOL）的重要性，以应对如悬韧带溶解或后囊膜破裂等突发状况。

4. **经睫状体平坦部前部玻璃体切除术**：书中详细介绍了使用套管针（trocar）进行经睫状体平坦部前部玻璃体切除的技术。相比传统的角膜缘入路，该方法能更彻底地清除前部玻璃体，且不易损伤虹膜和晶状体囊，是处理玻璃体脱出、晶状体核脱位或人工晶状体脱位的高效手段。

本书通过总结一系列“要点与技巧”（Pits and Pearls），为外科医生提供了一套系统化的应对方案，旨在通过规范化的操作流程，帮助医生克服对并发症的恐惧，提升手术技巧，从而成为更优秀的白内障手术专家。",be84c74e-ebbb-4d8f-afb0-4e9d528a6adc
11-整形与泪道,bdde98f8-4f6b-4b3f-89a4-3cee7f5133b4,10000,bc516015-a3c5-469e-a679-5b4ce0ea3b93,Springer-Eyelid Tumors-Frank Nesi 2014_weknora.mhtml,Springer-Eyelid Tumors-Frank Nesi 2014_weknora.mhtml,"本书《眼睑肿瘤：临床评估与重建技术》详细探讨了眼睑的解剖结构、肿瘤病理分类及手术重建方法。

**核心内容要点：**

1.  **眼睑解剖学基础**：眼睑由皮肤、皮下组织、眼轮匝肌、纤维层（睑板和眶隔）、眼睑退缩肌及结膜构成。书中详细描述了眼睑的表面解剖标志（如睑裂、睑缘、泪点）、眼轮匝肌的组成与功能，以及睑板在维持眼睑结构完整性中的关键作用。这些解剖知识是进行肿瘤切除后重建手术的基础。
2.  **眼睑肿瘤的病理分类**：文档涵盖了多种眼睑肿瘤，包括血管源性肿瘤（如淋巴管瘤、卡波西肉瘤）、神经源性肿瘤（如神经纤维瘤、神经鞘瘤、默克尔细胞癌）以及淋巴细胞性肿瘤。书中通过组织病理学特征对这些肿瘤进行了区分，并指出默克尔细胞癌等恶性肿瘤具有侵袭性，需特别关注。
3.  **重建技术与策略**：针对眼睑缺损，书中介绍了多种重建手段。前层重建常采用全厚皮片移植或“放任自流”（Laissez-faire）技术（即通过二期愈合）。后层重建则涉及睑板和睑结膜的修复，若缺损较大，可采用睑板结膜瓣、口腔黏膜移植、鼻中隔软骨或耳后软骨等材料进行修复。
4.  **手术原则**：重建手术的核心在于恢复眼睑的结构完整性与功能。手术方案的选择取决于缺损的大小和部位，强调在保证功能的前提下，利用自体组织或替代材料（如硬腭、巩膜库组织、羊膜等）进行精细修复。

该文档通过解剖学描述与临床手术技术的结合，为眼睑肿瘤的诊疗提供了系统的参考框架，旨在帮助外科医生在肿瘤切除后有效解决眼睑重建的复杂问题。",completed,a3cdbb74-f674-48e0-ac05-975d8c132c58,"# Summary
本书《眼睑肿瘤：临床评估与重建技术》详细探讨了眼睑的解剖结构、肿瘤病理分类及手术重建方法。

**核心内容要点：**

1.  **眼睑解剖学基础**：眼睑由皮肤、皮下组织、眼轮匝肌、纤维层（睑板和眶隔）、眼睑退缩肌及结膜构成。书中详细描述了眼睑的表面解剖标志（如睑裂、睑缘、泪点）、眼轮匝肌的组成与功能，以及睑板在维持眼睑结构完整性中的关键作用。这些解剖知识是进行肿瘤切除后重建手术的基础。
2.  **眼睑肿瘤的病理分类**：文档涵盖了多种眼睑肿瘤，包括血管源性肿瘤（如淋巴管瘤、卡波西肉瘤）、神经源性肿瘤（如神经纤维瘤、神经鞘瘤、默克尔细胞癌）以及淋巴细胞性肿瘤。书中通过组织病理学特征对这些肿瘤进行了区分，并指出默克尔细胞癌等恶性肿瘤具有侵袭性，需特别关注。
3.  **重建技术与策略**：针对眼睑缺损，书中介绍了多种重建手段。前层重建常采用全厚皮片移植或“放任自流”（Laissez-faire）技术（即通过二期愈合）。后层重建则涉及睑板和睑结膜的修复，若缺损较大，可采用睑板结膜瓣、口腔黏膜移植、鼻中隔软骨或耳后软骨等材料进行修复。
4.  **手术原则**：重建手术的核心在于恢复眼睑的结构完整性与功能。手术方案的选择取决于缺损的大小和部位，强调在保证功能的前提下，利用自体组织或替代材料（如硬腭、巩膜库组织、羊膜等）进行精细修复。

该文档通过解剖学描述与临床手术技术的结合，为眼睑肿瘤的诊疗提供了系统的参考框架，旨在帮助外科医生在肿瘤切除后有效解决眼睑重建的复杂问题。",91ee3006-ce59-4632-a844-56f70f6dbdda
04-屈光与视光：近视、接触镜与低视力,c73385b9-c154-4103-a93e-2d4c31f2423a,10000,2a4264ec-00ac-4811-8f50-b5b3a148b6d5,Springer-Pathologic Myopia-Richar F Spaide 2014_weknora.mhtml,Springer-Pathologic Myopia-Richar F Spaide 2014_weknora.mhtml,"本书《病理性近视》（Pathologic Myopia）由Richard F. Spaide、大野京子（Kyoko Ohno-Matsui）和Lawrence A. Yannuzzi共同编辑，旨在更新并扩展关于病理性近视的临床与科学知识。该书汇集了领域内多位专家的研究成果，涵盖了从基础病理机制到临床诊疗策略的全面内容。

本书的核心要点包括：

1.  **病理性近视的临床重要性与演变**：病理性近视是全球范围内导致视力丧失的主要原因之一，且其发病率在东亚等地区呈上升趋势。与普通近视不同，病理性近视不仅表现为屈光不正，还伴随眼球结构的病理性改变，如后巩膜葡萄肿，这在视力预后中起着关键作用。
2.  **现代影像诊断技术的进步**：随着多模态影像技术的发展，包括光学相干断层扫描（OCT）、吲哚菁绿血管造影、三维磁共振成像（3D MRI）及自适应光学成像等，临床医生能够更精确地评估眼球形状、脉络膜及视网膜的病变，从而为诊断和治疗提供了新的视角。
3.  **病理机制与巩膜重塑**：研究表明，近视的发生与环境及遗传因素密切相关，其中巩膜的重塑与变薄是病理性近视发展的关键环节。动物模型研究揭示了眼球对离焦信号的局部生长反应机制，以及巩膜胶原纤维和细胞成分在眼轴延长过程中的变化。
4.  **治疗与预防策略的探索**：目前针对病理性近视的干预手段包括抗VEGF药物治疗近视性脉络膜新生血管，以及通过光学手段（如周边离焦控制）预防近视进展。此外，针对巩膜强化的再生医学研究，如利用干细胞、生长因子（如TGF-β1）及支架材料进行巩膜修复，被视为未来治疗病理性近视的重要研究方向。

本书不仅是对过去近视研究的总结，更通过整合最新的临床发现与基础科学进展，为眼科医生和研究人员提供了关于病理性近视诊断、管理及未来治疗策略的权威参考。",completed,14c2d959-8935-42f4-ac44-3b3d2e63d25a,"# Summary
本书《病理性近视》（Pathologic Myopia）由Richard F. Spaide、大野京子（Kyoko Ohno-Matsui）和Lawrence A. Yannuzzi共同编辑，旨在更新并扩展关于病理性近视的临床与科学知识。该书汇集了领域内多位专家的研究成果，涵盖了从基础病理机制到临床诊疗策略的全面内容。

本书的核心要点包括：

1.  **病理性近视的临床重要性与演变**：病理性近视是全球范围内导致视力丧失的主要原因之一，且其发病率在东亚等地区呈上升趋势。与普通近视不同，病理性近视不仅表现为屈光不正，还伴随眼球结构的病理性改变，如后巩膜葡萄肿，这在视力预后中起着关键作用。
2.  **现代影像诊断技术的进步**：随着多模态影像技术的发展，包括光学相干断层扫描（OCT）、吲哚菁绿血管造影、三维磁共振成像（3D MRI）及自适应光学成像等，临床医生能够更精确地评估眼球形状、脉络膜及视网膜的病变，从而为诊断和治疗提供了新的视角。
3.  **病理机制与巩膜重塑**：研究表明，近视的发生与环境及遗传因素密切相关，其中巩膜的重塑与变薄是病理性近视发展的关键环节。动物模型研究揭示了眼球对离焦信号的局部生长反应机制，以及巩膜胶原纤维和细胞成分在眼轴延长过程中的变化。
4.  **治疗与预防策略的探索**：目前针对病理性近视的干预手段包括抗VEGF药物治疗近视性脉络膜新生血管，以及通过光学手段（如周边离焦控制）预防近视进展。此外，针对巩膜强化的再生医学研究，如利用干细胞、生长因子（如TGF-β1）及支架材料进行巩膜修复，被视为未来治疗病理性近视的重要研究方向。

本书不仅是对过去近视研究的总结，更通过整合最新的临床发现与基础科学进展，为眼科医生和研究人员提供了关于病理性近视诊断、管理及未来治疗策略的权威参考。",b3cd1b44-b4c5-457e-aca1-cdd161674c95
03-白内障：晶状体与人工晶体,a0f47c80-3a66-46c8-8315-43b41ce357ea,10000,936d1e8f-86ab-4366-ad66-51f4bff50569,Springer-Pediatric Cataract Surgery-M Edward Wilson 2014_weknora.mhtml,Springer-Pediatric Cataract Surgery-M Edward Wilson 2014_weknora.mhtml,"本书《小儿白内障手术：技术、并发症与管理》（第二版）由 M. Edward Wilson 和 Rupal H. Trivedi 编辑，旨在为眼科医生提供小儿白内障诊疗的全面参考。该书强调了小儿白内障手术的复杂性，并探讨了从检测、分析到手术管理及术后并发症处理的各个环节。

本书的核心内容涵盖以下几个关键方面：

1.  **小儿白内障手术的挑战与演变**：小儿白内障是导致儿童视觉障碍的重要原因。与成人手术相比，小儿手术面临着术中难度大、术后炎症反应强、眼球发育导致的屈光状态改变以及弱视风险等挑战。书中回顾了从非自动化手术到现代显微手术技术的演变，指出人工晶状体（IOL）植入技术在儿童中的应用已日趋成熟。
2.  **人工晶状体植入的决策**：书中讨论了植入时机的选择，特别是在婴儿期（7个月或以下）植入IOL的风险与获益。对于无法耐受接触镜或因眼球生长趋于稳定而选择二次植入的患儿，手术时机通常集中在2至4岁或青春期。
3.  **手术技术与未来展望**：现代手术强调精细化操作，如后囊膜连续环形撕囊术及彻底清除晶状体上皮细胞，以减少术后并发症。未来技术的发展方向包括更先进的调节型人工晶状体、更精准的眼轴生长预测公式，以及针对弱视管理的药物辅助治疗。
4.  **临床实践的平衡艺术**：编者强调，小儿眼科医生需在保守谨慎与创新大胆之间寻求平衡。通过持续的学术交流、手术视频学习及“创新之旅”（实地观摩），医生能够不断优化手术方案，从而改善患儿的长期视觉预后。

该书不仅总结了现有的临床共识，还鼓励通过持续的科学研究和技术革新，进一步缩短小儿白内障手术的掌握曲线，为不同水平的眼科医生提供指导。",completed,de226e2a-fd89-4a81-8e13-6002861d4d26,"# Summary
本书《小儿白内障手术：技术、并发症与管理》（第二版）由 M. Edward Wilson 和 Rupal H. Trivedi 编辑，旨在为眼科医生提供小儿白内障诊疗的全面参考。该书强调了小儿白内障手术的复杂性，并探讨了从检测、分析到手术管理及术后并发症处理的各个环节。

本书的核心内容涵盖以下几个关键方面：

1.  **小儿白内障手术的挑战与演变**：小儿白内障是导致儿童视觉障碍的重要原因。与成人手术相比，小儿手术面临着术中难度大、术后炎症反应强、眼球发育导致的屈光状态改变以及弱视风险等挑战。书中回顾了从非自动化手术到现代显微手术技术的演变，指出人工晶状体（IOL）植入技术在儿童中的应用已日趋成熟。
2.  **人工晶状体植入的决策**：书中讨论了植入时机的选择，特别是在婴儿期（7个月或以下）植入IOL的风险与获益。对于无法耐受接触镜或因眼球生长趋于稳定而选择二次植入的患儿，手术时机通常集中在2至4岁或青春期。
3.  **手术技术与未来展望**：现代手术强调精细化操作，如后囊膜连续环形撕囊术及彻底清除晶状体上皮细胞，以减少术后并发症。未来技术的发展方向包括更先进的调节型人工晶状体、更精准的眼轴生长预测公式，以及针对弱视管理的药物辅助治疗。
4.  **临床实践的平衡艺术**：编者强调，小儿眼科医生需在保守谨慎与创新大胆之间寻求平衡。通过持续的学术交流、手术视频学习及“创新之旅”（实地观摩），医生能够不断优化手术方案，从而改善患儿的长期视觉预后。

该书不仅总结了现有的临床共识，还鼓励通过持续的科学研究和技术革新，进一步缩短小儿白内障手术的掌握曲线，为不同水平的眼科医生提供指导。",461f47c1-68bf-4375-9ade-e0a4b923de3d
10-小儿眼科：斜视与弱视等,d6a5115a-067a-4514-afbf-9fe81b4e64c0,10000,438a02ab-bfac-4114-b594-028ae7345520,斜视手术指南-Caroline MacEwen、Richard Gregson 2006_weknora.mhtml,斜视手术指南-Caroline MacEwen、Richard Gregson 2006_weknora.mhtml,"本书是一部以临床实践为导向的斜视手术指南，内容涵盖斜视患者从评估、诊断到非手术及手术治疗的基本原则，并兼顾近年来相关诊疗技术的发展。全书强调，制定治疗方案和判断预后必须建立在完整检查基础上，包括病史采集、视力与屈光状态、斜视度、眼球运动、双眼视功能及全面眼科和全身检查。

患者评估应关注斜视的发生方式、持续时间、进展、诱因和缓解因素，以及复视、头痛、头位异常、既往眼病和神经、内分泌、心血管疾病等信息。检查方面，遮盖试验和三棱镜遮盖试验被视为确定斜视及测量斜视角的重要方法；Hirschberg法、Krimsky法、同视机、Hess屏、单眼或双眼注视野等检查则用于特殊患者或非共同性斜视的进一步分析。视力评估尤其关系到弱视处理，儿童通常需在睫状肌麻痹下验光，伴弱视者原则上应先改善视力再考虑手术。

书中详细介绍双眼视觉的感觉融合、运动融合、立体视觉和抑制，并讨论AC/A比值、棱镜适应试验、术后复视检测、三步试验、Bielchowsky头位倾斜试验及肌肉功能测试在诊断和术前设计中的作用。神经麻痹性斜视部分重点涉及第Ⅲ、Ⅳ脑神经麻痹的临床表现、病因、鉴别诊断、非手术处理及手术原则，强调复杂病例应充分评估恢复可能性、双眼视觉潜力和手术风险。

此外，本书还讨论术后并发症、下斜肌粘连综合征及远期再次手术的原因和处理原则。附录提供共同性水平斜视、垂直斜视以及A、V征的手术量设计参考，并指出手术量应结合斜视度、注视距离、眼球运动异常、双眼视功能及既往手术情况个体化确定。",completed,8de409cb-835c-4f40-bf90-52bde380e7b7,"# Summary
本书是一部以临床实践为导向的斜视手术指南，内容涵盖斜视患者从评估、诊断到非手术及手术治疗的基本原则，并兼顾近年来相关诊疗技术的发展。全书强调，制定治疗方案和判断预后必须建立在完整检查基础上，包括病史采集、视力与屈光状态、斜视度、眼球运动、双眼视功能及全面眼科和全身检查。

患者评估应关注斜视的发生方式、持续时间、进展、诱因和缓解因素，以及复视、头痛、头位异常、既往眼病和神经、内分泌、心血管疾病等信息。检查方面，遮盖试验和三棱镜遮盖试验被视为确定斜视及测量斜视角的重要方法；Hirschberg法、Krimsky法、同视机、Hess屏、单眼或双眼注视野等检查则用于特殊患者或非共同性斜视的进一步分析。视力评估尤其关系到弱视处理，儿童通常需在睫状肌麻痹下验光，伴弱视者原则上应先改善视力再考虑手术。

书中详细介绍双眼视觉的感觉融合、运动融合、立体视觉和抑制，并讨论AC/A比值、棱镜适应试验、术后复视检测、三步试验、Bielchowsky头位倾斜试验及肌肉功能测试在诊断和术前设计中的作用。神经麻痹性斜视部分重点涉及第Ⅲ、Ⅳ脑神经麻痹的临床表现、病因、鉴别诊断、非手术处理及手术原则，强调复杂病例应充分评估恢复可能性、双眼视觉潜力和手术风险。

此外，本书还讨论术后并发症、下斜肌粘连综合征及远期再次手术的原因和处理原则。附录提供共同性水平斜视、垂直斜视以及A、V征的手术量设计参考，并指出手术量应结合斜视度、注视距离、眼球运动异常、双眼视功能及既往手术情况个体化确定。",b2d9da78-edd4-48e6-8eac-50121d5bde9d
05-青光眼,8bf942e4-80dc-4a8a-87cf-486f897fe2bd,10000,e92728a4-a5aa-4bd5-8383-3e71df13c673,Springer-Surgical Innovations in Glaucoma-John R Samples 2014_weknora.mhtml,Springer-Surgical Innovations in Glaucoma-John R Samples 2014_weknora.mhtml,"本书《青光眼手术创新》（Surgical Innovations in Glaucoma）由John R. Samples和Iqbal Ike K. Ahmed编辑，旨在探讨青光眼手术领域的新兴技术与临床实践。该书重点介绍了包括激光、超声及微创手术在内的多种治疗手段，并强调了在手术决策中平衡风险、收益与患者个体化需求的重要性。

本书涵盖的核心内容包括：

1.  **手术创新与技术应用**：书中介绍了多种旨在改善房水引流的新技术，包括针对小梁网、Schlemm氏管、脉络膜上腔及结膜下空间的各类支架、管状植入物及手术器械。作者特别强调了微创青光眼手术（MIGS）的发展，并提供了相关操作视频以指导临床实践。
2.  **解剖学基础与生理机制**：书中详细阐述了房水流出的解剖结构，特别是小梁网、Schlemm氏管及集液管的功能。作者指出，手术设计应尊重眼部的生理特性，例如保留小梁网在心动周期中的泵作用，并利用色素沉着区域作为植入物放置的参考标志。
3.  **临床决策与风险管理**：针对原发性开角型青光眼（POAG），作者强调了手术方案需根据患者的疾病进展、期望值及手术风险进行定制。书中讨论了“超说明书用药/器械使用”（off-label use）的法律与伦理考量，提倡在透明沟通的前提下，以患者利益为核心进行医疗决策。
4.  **生物标志物与预后评估**：书中探讨了免疫系统在青光眼手术预后中的作用，特别是通过监测单核细胞激活及甲襞毛细血管出血等生物标志物，评估手术风险。作者提出，通过调节先天免疫系统或利用这些指标进行术前评估，未来有望提高青光眼手术的成功率。

总体而言，本书鼓励临床医生挑战传统观念，通过不断评估新技术与临床数据，推动青光眼手术向更高效、更安全的方向发展，并强调了在不断变化的监管环境下，持续学习与患者沟通的重要性。",completed,30202f82-54a1-4517-874c-42e420fc31ea,"# Summary
本书《青光眼手术创新》（Surgical Innovations in Glaucoma）由John R. Samples和Iqbal Ike K. Ahmed编辑，旨在探讨青光眼手术领域的新兴技术与临床实践。该书重点介绍了包括激光、超声及微创手术在内的多种治疗手段，并强调了在手术决策中平衡风险、收益与患者个体化需求的重要性。

本书涵盖的核心内容包括：

1.  **手术创新与技术应用**：书中介绍了多种旨在改善房水引流的新技术，包括针对小梁网、Schlemm氏管、脉络膜上腔及结膜下空间的各类支架、管状植入物及手术器械。作者特别强调了微创青光眼手术（MIGS）的发展，并提供了相关操作视频以指导临床实践。
2.  **解剖学基础与生理机制**：书中详细阐述了房水流出的解剖结构，特别是小梁网、Schlemm氏管及集液管的功能。作者指出，手术设计应尊重眼部的生理特性，例如保留小梁网在心动周期中的泵作用，并利用色素沉着区域作为植入物放置的参考标志。
3.  **临床决策与风险管理**：针对原发性开角型青光眼（POAG），作者强调了手术方案需根据患者的疾病进展、期望值及手术风险进行定制。书中讨论了“超说明书用药/器械使用”（off-label use）的法律与伦理考量，提倡在透明沟通的前提下，以患者利益为核心进行医疗决策。
4.  **生物标志物与预后评估**：书中探讨了免疫系统在青光眼手术预后中的作用，特别是通过监测单核细胞激活及甲襞毛细血管出血等生物标志物，评估手术风险。作者提出，通过调节先天免疫系统或利用这些指标进行术前评估，未来有望提高青光眼手术的成功率。

总体而言，本书鼓励临床医生挑战传统观念，通过不断评估新技术与临床数据，推动青光眼手术向更高效、更安全的方向发展，并强调了在不断变化的监管环境下，持续学习与患者沟通的重要性。",8bb6ae62-a6b0-4988-89e8-3a322d5e92d4
02-角膜与眼表,f041b2b7-3147-4deb-a2f2-0de5cc53d296,10000,6d6b2547-4d1a-4871-81da-3fa5c2a7e9a0,Wills-角膜病-Christopher J Rapuano 2014_weknora.mhtml,Wills-角膜病-Christopher J Rapuano 2014_weknora.mhtml,"《Wills临床眼科彩色图谱及精要：角膜病》（第2版）是由美国Wills眼科研究所专家Christopher J. Rapuano编著，陈蔚主译的眼科临床参考书。该书旨在为眼科住院医师、临床医师及相关专业研究生提供关于角膜、眼前节及眼表疾病的权威临床指南。

本书的核心内容与特点包括：

1.  **临床实用性与图文结合**：全书秉持“千言未如一图”的理念，收录了440余幅高质量彩色临床图片，通过精美的图谱与简洁的文字说明，直观展示了各类角膜与眼表疾病的典型体征，强调了观察临床细节对于正确诊断的重要性。
2.  **系统化的疾病诊疗框架**：书中涵盖了多种常见的角膜及结膜疾病，包括睑缘炎、睑板腺囊肿、细菌性与病毒性结膜炎、淋球菌性结膜炎、衣原体结膜炎、棘阿米巴性角膜炎、单纯疱疹病毒性角膜炎，以及外伤引起的前房积血、上皮长入和后弹力层脱离等。每一章节均按照临床特征、诊断检查、鉴别诊断及治疗方案进行系统梳理。
3.  **循证医学与前沿更新**：该书基于循证医学原则，提供了药物治疗（如抗生素、抗病毒药物、糖皮质激素等）及手术干预的实用建议。第2版特别增加了关于角膜后弹力层剥除联合内皮移植术（DSAEK）等新技术的介绍，并更新了相关治疗方法，确保内容的先进性与临床指导价值。
4.  **教育与参考价值**：作为住院医师规范化培训的重要教材，本书不仅有助于提高医师识别异常体征的能力，还通过鉴别诊断帮助医师减少误诊，是眼科临床实践中不可或缺的参考工具。

总体而言，本书通过严谨的学术态度和丰富的临床资料，为中国眼科医师提供了一套易于推广、临床指导意义显著的专业知识库，对提升我国角膜病专业的诊疗水平具有积极意义。",completed,e831a5c2-e036-4ec7-a809-ec76c77ff5d2,"# Summary
《Wills临床眼科彩色图谱及精要：角膜病》（第2版）是由美国Wills眼科研究所专家Christopher J. Rapuano编著，陈蔚主译的眼科临床参考书。该书旨在为眼科住院医师、临床医师及相关专业研究生提供关于角膜、眼前节及眼表疾病的权威临床指南。

本书的核心内容与特点包括：

1.  **临床实用性与图文结合**：全书秉持“千言未如一图”的理念，收录了440余幅高质量彩色临床图片，通过精美的图谱与简洁的文字说明，直观展示了各类角膜与眼表疾病的典型体征，强调了观察临床细节对于正确诊断的重要性。
2.  **系统化的疾病诊疗框架**：书中涵盖了多种常见的角膜及结膜疾病，包括睑缘炎、睑板腺囊肿、细菌性与病毒性结膜炎、淋球菌性结膜炎、衣原体结膜炎、棘阿米巴性角膜炎、单纯疱疹病毒性角膜炎，以及外伤引起的前房积血、上皮长入和后弹力层脱离等。每一章节均按照临床特征、诊断检查、鉴别诊断及治疗方案进行系统梳理。
3.  **循证医学与前沿更新**：该书基于循证医学原则，提供了药物治疗（如抗生素、抗病毒药物、糖皮质激素等）及手术干预的实用建议。第2版特别增加了关于角膜后弹力层剥除联合内皮移植术（DSAEK）等新技术的介绍，并更新了相关治疗方法，确保内容的先进性与临床指导价值。
4.  **教育与参考价值**：作为住院医师规范化培训的重要教材，本书不仅有助于提高医师识别异常体征的能力，还通过鉴别诊断帮助医师减少误诊，是眼科临床实践中不可或缺的参考工具。

总体而言，本书通过严谨的学术态度和丰富的临床资料，为中国眼科医师提供了一套易于推广、临床指导意义显著的专业知识库，对提升我国角膜病专业的诊疗水平具有积极意义。",89ed3d53-273e-4ed8-b976-15fe5a8f9234
14-检查：OCT/OCTA,7859da35-5359-43bb-bca6-4f99792392ea,10000,367d01a5-592c-42ae-b762-1b9b22dbc7e3,SD-OCT Imaging of the Eye-Anand Vinekar 2013_weknora.mhtml,SD-OCT Imaging of the Eye-Anand Vinekar 2013_weknora.mhtml,"《眼部频域光学相干断层扫描成像》（Spectral-domain Optical Coherence Tomography Imaging of the Eye）是一部以病例研究为核心的眼科影像图谱，由Anand Vinekar和Kavitha Avadhani主编。该书旨在通过临床病例展示频域光学相干断层扫描（SD-OCT）在眼科临床诊断与治疗中的应用价值。

该书的主要内容涵盖以下几个方面：

1.  **临床病例导向的教学模式**：全书摒弃了传统的说教式编写风格，通过收录100多个涵盖眼科各亚专科的真实病例，以“病例讨论”的形式呈现。这种方式不仅直观展示了疾病的临床表现，还强调了SD-OCT影像在定义诊断和指导治疗方案中的关键作用。
2.  **广泛的眼科覆盖范围**：该书内容全面，涵盖了眼前节（如角膜、晶状体）和眼后节（如视网膜、脉络膜）疾病。书中不仅讨论了常见的眼部病变，还纳入了部分罕见病例，并邀请了全球多位专家参与编写，具有较强的国际参考价值。
3.  **SD-OCT的技术应用与监测**：书中详细探讨了SD-OCT在视网膜静脉阻塞（CRVO）、中心性浆液性脉络膜视网膜病变（CSCR）以及伏格特-小柳-原田综合征（VKH）等疾病中的应用。通过对比治疗前后的影像（如黄斑中心凹厚度变化、囊样水肿的消退、光感受器内外节连接层的完整性等），展示了该技术在评估治疗效果和预后判断中的重要性。
4.  **临床实践的补充**：编者明确指出，该书并非旨在取代传统的眼科教科书，而是作为临床实践的补充。它通过丰富的影像资料，帮助住院医师、专科进修生及临床医生更好地理解眼部疾病的病理生理过程，从而提升患者的诊疗质量。

总之，该书通过图文并茂的病例集锦，系统地展示了SD-OCT技术如何通过高分辨率成像为眼科疾病的诊断与随访提供深层洞察，是眼科专业人员了解和掌握现代眼部影像诊断技术的实用参考书。",completed,13b91486-d558-4820-bd31-7d610089f7dc,"# Summary
《眼部频域光学相干断层扫描成像》（Spectral-domain Optical Coherence Tomography Imaging of the Eye）是一部以病例研究为核心的眼科影像图谱，由Anand Vinekar和Kavitha Avadhani主编。该书旨在通过临床病例展示频域光学相干断层扫描（SD-OCT）在眼科临床诊断与治疗中的应用价值。

该书的主要内容涵盖以下几个方面：

1.  **临床病例导向的教学模式**：全书摒弃了传统的说教式编写风格，通过收录100多个涵盖眼科各亚专科的真实病例，以“病例讨论”的形式呈现。这种方式不仅直观展示了疾病的临床表现，还强调了SD-OCT影像在定义诊断和指导治疗方案中的关键作用。
2.  **广泛的眼科覆盖范围**：该书内容全面，涵盖了眼前节（如角膜、晶状体）和眼后节（如视网膜、脉络膜）疾病。书中不仅讨论了常见的眼部病变，还纳入了部分罕见病例，并邀请了全球多位专家参与编写，具有较强的国际参考价值。
3.  **SD-OCT的技术应用与监测**：书中详细探讨了SD-OCT在视网膜静脉阻塞（CRVO）、中心性浆液性脉络膜视网膜病变（CSCR）以及伏格特-小柳-原田综合征（VKH）等疾病中的应用。通过对比治疗前后的影像（如黄斑中心凹厚度变化、囊样水肿的消退、光感受器内外节连接层的完整性等），展示了该技术在评估治疗效果和预后判断中的重要性。
4.  **临床实践的补充**：编者明确指出，该书并非旨在取代传统的眼科教科书，而是作为临床实践的补充。它通过丰富的影像资料，帮助住院医师、专科进修生及临床医生更好地理解眼部疾病的病理生理过程，从而提升患者的诊疗质量。

总之，该书通过图文并茂的病例集锦，系统地展示了SD-OCT技术如何通过高分辨率成像为眼科疾病的诊断与随访提供深层洞察，是眼科专业人员了解和掌握现代眼部影像诊断技术的实用参考书。",b62716ac-9724-4f5d-ad73-244b2d1b8d04
07-玻璃体视网膜外科,a6b50bbd-5223-4776-88b7-ac57a59a3fcf,10000,e9b82815-1ba5-4b8c-a0b2-63286e52bf47,Springer-Vitreous in Health and Disease-J Sebag 2014_weknora.mhtml,Springer-Vitreous in Health and Disease-J Sebag 2014_weknora.mhtml,"本书《玻璃体：健康与疾病》（*Vitreous in Health and Disease*）由J. Sebag主编，汇集了全球多位专家对玻璃体生理、病理及临床治疗的深入研究。该书旨在弥合基础科学与临床实践之间的鸿沟，强调玻璃体不仅是眼内的填充空间，更是一个具有重要生理功能的器官。

本书的核心内容涵盖以下几个方面：

1.  **玻璃体的多学科视角**：全书分为多个部分，详细探讨了玻璃体的生物化学、解剖发育、衰老过程、病理机制以及生理药理学。这种多维度分析旨在更新临床医生对玻璃体功能的认识，并为科学家提供解决临床问题的研究方向。
2.  **玻璃体在眼部疾病中的作用**：书中深入分析了玻璃体与视网膜疾病的关联，特别是玻璃体在糖尿病性黄斑水肿和视网膜静脉阻塞中的作用。研究指出，玻璃体后脱离（PVD）及玻璃体手术通过改善氧气输送、降低血管内皮生长因子（VEGF）水平，在缓解视网膜水肿方面具有重要意义。
3.  **手术与治疗策略的演变**：书中详细讨论了现代玻璃体手术（如玻璃体切除术）及未来的药理学玻璃体溶解和基因治疗。特别强调了手术干预对眼内氧气分布的影响，例如广泛玻璃体切除术可能导致晶状体后氧水平升高，从而增加白内障的发生风险。
4.  **临床与科研的结合**：该书不仅总结了现有知识，还特别关注未解之谜，旨在通过提出科学问题，推动未来在视力保护与恢复方面的探索。

通过整合多位作者的临床经验与科学见解，本书为理解玻璃体在维持视觉健康及参与眼部病理过程中的核心地位提供了全面的参考，是临床医生与科研人员的重要工具书。",completed,10cc92c5-5bb0-4089-a3b1-17c7c2e5ac6a,"# Summary
本书《玻璃体：健康与疾病》（*Vitreous in Health and Disease*）由J. Sebag主编，汇集了全球多位专家对玻璃体生理、病理及临床治疗的深入研究。该书旨在弥合基础科学与临床实践之间的鸿沟，强调玻璃体不仅是眼内的填充空间，更是一个具有重要生理功能的器官。

本书的核心内容涵盖以下几个方面：

1.  **玻璃体的多学科视角**：全书分为多个部分，详细探讨了玻璃体的生物化学、解剖发育、衰老过程、病理机制以及生理药理学。这种多维度分析旨在更新临床医生对玻璃体功能的认识，并为科学家提供解决临床问题的研究方向。
2.  **玻璃体在眼部疾病中的作用**：书中深入分析了玻璃体与视网膜疾病的关联，特别是玻璃体在糖尿病性黄斑水肿和视网膜静脉阻塞中的作用。研究指出，玻璃体后脱离（PVD）及玻璃体手术通过改善氧气输送、降低血管内皮生长因子（VEGF）水平，在缓解视网膜水肿方面具有重要意义。
3.  **手术与治疗策略的演变**：书中详细讨论了现代玻璃体手术（如玻璃体切除术）及未来的药理学玻璃体溶解和基因治疗。特别强调了手术干预对眼内氧气分布的影响，例如广泛玻璃体切除术可能导致晶状体后氧水平升高，从而增加白内障的发生风险。
4.  **临床与科研的结合**：该书不仅总结了现有知识，还特别关注未解之谜，旨在通过提出科学问题，推动未来在视力保护与恢复方面的探索。

通过整合多位作者的临床经验与科学见解，本书为理解玻璃体在维持视觉健康及参与眼部病理过程中的核心地位提供了全面的参考，是临床医生与科研人员的重要工具书。",9d2cbb20-305e-4b99-b6ee-c2278958c736
02-角膜与眼表,f041b2b7-3147-4deb-a2f2-0de5cc53d296,10000,9b48b214-024d-4a1d-b56b-92e552c34bb8,Corneal Disease-Reinhard and Larkin 2013_weknora.mhtml,Corneal Disease-Reinhard and Larkin 2013_weknora.mhtml,"本书《角膜疾病：诊断与治疗的最新进展》汇集了角膜病领域的专家研究，重点探讨了诊断技术、治疗策略及特殊人群的临床管理。

本书的核心内容涵盖以下几个方面：

1. **分枝杆菌性角膜炎的诊断与挑战**：分枝杆菌性角膜炎虽属罕见，但具有致盲风险，常继发于眼部手术或外伤。由于其病原体（如非结核分枝杆菌）具有耐药性且临床表现易与其他感染混淆，导致诊断延迟。目前，医疗干预仍面临挑战，手术治疗往往是控制病情的必要手段。

2. **先进影像技术的应用**：共聚焦显微镜（IVCM）和前节光学相干断层扫描（AS-OCT）已成为诊断和随访的重要工具。IVCM能够提供细胞级的形态学分析，有助于评估手术效果及诊断多种角膜病变，但其应用受限于操作难度、接触式检查带来的不适感以及视野范围较小等因素。AS-OCT则为前节结构的定量评估提供了非侵入性的客观手段。

3. **角膜移植与手术创新**：针对角膜移植，强调了眼库质量管理体系的重要性。在手术方式上，深板层角膜移植（DALK）和内皮角膜移植（DSEK）因其较少的并发症和较快的视力恢复，正逐渐成为特定病症的优选方案。

4. **小儿角膜移植的特殊性**：小儿角膜移植手术难度大，涉及复杂的术后管理及弱视治疗。除了传统的穿透性角膜移植，波士顿人工角膜等技术在特定病例中展现出潜力。成功的治疗依赖于角膜外科医生、儿科眼科医生及家庭成员的紧密协作，旨在改善患儿的视功能，进而提升其生活质量。

总体而言，该书强调了临床诊断的及时性、影像学技术的辅助作用，以及针对不同患者群体（尤其是婴幼儿）量身定制手术方案的必要性。",completed,04398b04-0fe0-4897-9420-24c4a96cdd4b,"# Summary
本书《角膜疾病：诊断与治疗的最新进展》汇集了角膜病领域的专家研究，重点探讨了诊断技术、治疗策略及特殊人群的临床管理。

本书的核心内容涵盖以下几个方面：

1. **分枝杆菌性角膜炎的诊断与挑战**：分枝杆菌性角膜炎虽属罕见，但具有致盲风险，常继发于眼部手术或外伤。由于其病原体（如非结核分枝杆菌）具有耐药性且临床表现易与其他感染混淆，导致诊断延迟。目前，医疗干预仍面临挑战，手术治疗往往是控制病情的必要手段。

2. **先进影像技术的应用**：共聚焦显微镜（IVCM）和前节光学相干断层扫描（AS-OCT）已成为诊断和随访的重要工具。IVCM能够提供细胞级的形态学分析，有助于评估手术效果及诊断多种角膜病变，但其应用受限于操作难度、接触式检查带来的不适感以及视野范围较小等因素。AS-OCT则为前节结构的定量评估提供了非侵入性的客观手段。

3. **角膜移植与手术创新**：针对角膜移植，强调了眼库质量管理体系的重要性。在手术方式上，深板层角膜移植（DALK）和内皮角膜移植（DSEK）因其较少的并发症和较快的视力恢复，正逐渐成为特定病症的优选方案。

4. **小儿角膜移植的特殊性**：小儿角膜移植手术难度大，涉及复杂的术后管理及弱视治疗。除了传统的穿透性角膜移植，波士顿人工角膜等技术在特定病例中展现出潜力。成功的治疗依赖于角膜外科医生、儿科眼科医生及家庭成员的紧密协作，旨在改善患儿的视功能，进而提升其生活质量。

总体而言，该书强调了临床诊断的及时性、影像学技术的辅助作用，以及针对不同患者群体（尤其是婴幼儿）量身定制手术方案的必要性。",26c0b7fd-331d-4983-9a78-b4d30eed3ef1
06-眼底病与视网膜内科,f900fe21-9deb-47e0-bf36-ce06022cae92,10000,9f609285-dbb6-479e-86d1-0df98d70e21b,"Retinal Degenerations- Biology, Diagnostics, and Therapeutics-Joyce Tombran-Tink, Colin J. Barnstable 2007_weknora.mhtml","Retinal Degenerations- Biology, Diagnostics, and Therapeutics-Joyce Tombran-Tink, Colin J. Barnstable 2007_weknora.mhtml","本文是一篇关于应对视网膜变性的章节，由两位患者——戈登·考辛斯与詹姆斯·凯普——合作撰写。考辛斯患有视网膜色素变性（RP，显性遗传RP13型），凯普患有黄斑变性（MD）。由于两种疾病导致的视野缺损不同，两人决定以共同的结构、各自的视角分别叙述，并戏称两人合起来拥有""20/20""的完整视力。

章节开篇概述了内容安排：包括症状与确诊经历、渐进性视力丧失的冲击，以及与医生、父母、兄弟姐妹、伴侣相处的经历，还涉及学校、大学、职业生涯、体育运动、社交和旅行中的挑战。结尾谈到当今形势的不同，包括视网膜国际组织在提高公众认知方面的努力、辅助技术的进步以及立法和环境改善，并对未来作出展望。

詹姆斯·凯普的自述部分讲述了他1951年出生，姐姐于1958年被确诊MD。他在27岁参加军事体检时视力问题才被发现，后经确诊为MD。这一消息令他震惊、愤怒并陷入否认状态。他从医生那里得到重要建议：""不要放弃你的眼睛，而是让你的眼睛放弃你""，即不要主动放弃日常活动，而是让理智和现实来引导调整。在运动方面，他先后放弃了越来越难以胜任的垒球和棒球，调整壁球打法以配合视野，并坚持打曲棍球，依靠队友的喊话提示和场上直觉来弥补视力不足；他也因此被联赛中的人戏称为""聋人球员""。

章节的科学部分探讨了视网膜疾病的遗传学研究。研究发现同一RDS基因突变可在家族中导致RP、图形状营养不良或眼底黄色斑点症等多种不同表型。Sorsby眼底营养不良与TIMP3基因突变有关，其中Ser181Cys突变在许多国家可能是始祖效应所致。RP1基因的Arg677Ter提前终止密码子突变表现出明显的表型变异性，提示修饰基因和环境因素的作用。CYP1B1突变与沙特阿拉伯人群的原发性先天性青光眼相关，有研究提出该人群中可能存在显性修饰基因。

在AMD遗传学方面，补体因子H的多态性（第402位氨基酸改变）与AMD相关，因子B与干性AMD相关，凸显了补体替代通路和炎症在AMD发病中的作用。针对亚洲人群的研究发现，染色体10q26上的HTRA1基因与湿性AMD显著相关，患者体内HTRA1的RNA和蛋白质水平升高。尽管干性和湿性AMD看似是两种不同的疾病，但HTRA1在干性AMD标志性病变玻璃膜疣中表达升高，提示该基因可能在两种类型中均发挥作用。作者认为，遗传学研究的进展有望鉴定更多风险基因，为AMD的病理机制理解、诊断预测及下一代疗法开发奠定基础。",completed,2a698354-b4e4-4a7d-88cf-3ef96ef4272d,"# Summary
本文是一篇关于应对视网膜变性的章节，由两位患者——戈登·考辛斯与詹姆斯·凯普——合作撰写。考辛斯患有视网膜色素变性（RP，显性遗传RP13型），凯普患有黄斑变性（MD）。由于两种疾病导致的视野缺损不同，两人决定以共同的结构、各自的视角分别叙述，并戏称两人合起来拥有""20/20""的完整视力。

章节开篇概述了内容安排：包括症状与确诊经历、渐进性视力丧失的冲击，以及与医生、父母、兄弟姐妹、伴侣相处的经历，还涉及学校、大学、职业生涯、体育运动、社交和旅行中的挑战。结尾谈到当今形势的不同，包括视网膜国际组织在提高公众认知方面的努力、辅助技术的进步以及立法和环境改善，并对未来作出展望。

詹姆斯·凯普的自述部分讲述了他1951年出生，姐姐于1958年被确诊MD。他在27岁参加军事体检时视力问题才被发现，后经确诊为MD。这一消息令他震惊、愤怒并陷入否认状态。他从医生那里得到重要建议：""不要放弃你的眼睛，而是让你的眼睛放弃你""，即不要主动放弃日常活动，而是让理智和现实来引导调整。在运动方面，他先后放弃了越来越难以胜任的垒球和棒球，调整壁球打法以配合视野，并坚持打曲棍球，依靠队友的喊话提示和场上直觉来弥补视力不足；他也因此被联赛中的人戏称为""聋人球员""。

章节的科学部分探讨了视网膜疾病的遗传学研究。研究发现同一RDS基因突变可在家族中导致RP、图形状营养不良或眼底黄色斑点症等多种不同表型。Sorsby眼底营养不良与TIMP3基因突变有关，其中Ser181Cys突变在许多国家可能是始祖效应所致。RP1基因的Arg677Ter提前终止密码子突变表现出明显的表型变异性，提示修饰基因和环境因素的作用。CYP1B1突变与沙特阿拉伯人群的原发性先天性青光眼相关，有研究提出该人群中可能存在显性修饰基因。

在AMD遗传学方面，补体因子H的多态性（第402位氨基酸改变）与AMD相关，因子B与干性AMD相关，凸显了补体替代通路和炎症在AMD发病中的作用。针对亚洲人群的研究发现，染色体10q26上的HTRA1基因与湿性AMD显著相关，患者体内HTRA1的RNA和蛋白质水平升高。尽管干性和湿性AMD看似是两种不同的疾病，但HTRA1在干性AMD标志性病变玻璃膜疣中表达升高，提示该基因可能在两种类型中均发挥作用。作者认为，遗传学研究的进展有望鉴定更多风险基因，为AMD的病理机制理解、诊断预测及下一代疗法开发奠定基础。",4ccff9f8-9684-49de-98c7-ec960bc8c5e3
04-屈光与视光：近视、接触镜与低视力,c73385b9-c154-4103-a93e-2d4c31f2423a,10000,994548a0-a959-4411-a117-b64515cae928,Ready Reckoner of Modern Refractive Surgery-Ashok Garg 2013_weknora.mhtml,Ready Reckoner of Modern Refractive Surgery-Ashok Garg 2013_weknora.mhtml,"《现代屈光手术备忘录》（Ready Reckoner of Modern Refractive Surgery）是一部由Ashok Garg教授主编的专业眼科参考书，旨在为全球屈光外科医生提供关于角膜及晶状体屈光手术技术的最新临床指导。

该书涵盖的核心内容包括：

1.  **屈光手术技术的演进**：书中详细介绍了多种主流屈光手术方法，包括PRK、LASIK、Epi-LASIK、LASEK及表面消融术。此外，还探讨了针对特定病症的治疗手段，如用于圆锥角膜和LASIK术后角膜扩张的角膜胶原交联术（CXL）及角膜内环植入术。
2.  **飞秒激光的应用**：飞秒激光技术被视为现代眼科的重大革新。书中重点阐述了其在角膜屈光手术（如小切口角膜基质透镜取出术）及飞秒激光辅助白内障手术中的应用。该技术凭借其高精度、微创及减少组织损伤的特性，显著提升了手术的安全性和视觉质量。
3.  **晶状体屈光手术**：书中深入讨论了基于晶状体的屈光矫正方案，包括有晶状体眼人工晶状体（Phakic IOLs）、屈光性晶状体置换术以及可调节人工晶状体（如Crystalens）。特别是Crystalens，其作为FDA批准的可调节人工晶状体，能够模拟人眼自然调节功能，有效改善白内障及老视患者的远、中、近视力。
4.  **视觉质量优化与临床研究**：通过对比研究，书中指出优化前凸消融（OPA）算法在扩大功能性光学区、降低高阶像差及提升对比敏感度方面，均优于传统消融方式。此外，现代屈光手术通过集成眼球追踪系统和主动旋转补偿技术，进一步提高了手术的精准度。

该书通过汇集国际专家的临床经验，强调了术前评估的重要性，并为屈光外科医生提供了从基础理论到前沿技术的全面参考，旨在通过不断进步的技术手段，实现更优的术后视觉效果并降低手术风险。",completed,1b5f8407-f89b-4f36-9851-74baf29a3586,"# Summary
《现代屈光手术备忘录》（Ready Reckoner of Modern Refractive Surgery）是一部由Ashok Garg教授主编的专业眼科参考书，旨在为全球屈光外科医生提供关于角膜及晶状体屈光手术技术的最新临床指导。

该书涵盖的核心内容包括：

1.  **屈光手术技术的演进**：书中详细介绍了多种主流屈光手术方法，包括PRK、LASIK、Epi-LASIK、LASEK及表面消融术。此外，还探讨了针对特定病症的治疗手段，如用于圆锥角膜和LASIK术后角膜扩张的角膜胶原交联术（CXL）及角膜内环植入术。
2.  **飞秒激光的应用**：飞秒激光技术被视为现代眼科的重大革新。书中重点阐述了其在角膜屈光手术（如小切口角膜基质透镜取出术）及飞秒激光辅助白内障手术中的应用。该技术凭借其高精度、微创及减少组织损伤的特性，显著提升了手术的安全性和视觉质量。
3.  **晶状体屈光手术**：书中深入讨论了基于晶状体的屈光矫正方案，包括有晶状体眼人工晶状体（Phakic IOLs）、屈光性晶状体置换术以及可调节人工晶状体（如Crystalens）。特别是Crystalens，其作为FDA批准的可调节人工晶状体，能够模拟人眼自然调节功能，有效改善白内障及老视患者的远、中、近视力。
4.  **视觉质量优化与临床研究**：通过对比研究，书中指出优化前凸消融（OPA）算法在扩大功能性光学区、降低高阶像差及提升对比敏感度方面，均优于传统消融方式。此外，现代屈光手术通过集成眼球追踪系统和主动旋转补偿技术，进一步提高了手术的精准度。

该书通过汇集国际专家的临床经验，强调了术前评估的重要性，并为屈光外科医生提供了从基础理论到前沿技术的全面参考，旨在通过不断进步的技术手段，实现更优的术后视觉效果并降低手术风险。",67057e05-2dc5-4e05-84e7-1a8a6b410a34
06-眼底病与视网膜内科,f900fe21-9deb-47e0-bf36-ce06022cae92,10000,272db84b-e04e-4d9c-b5fc-b60462adfdfd,Retinal and Choroidal Manifestations of Selected Systemic Diseases-J. Fernando Arevalo 2013_weknora.mhtml,Retinal and Choroidal Manifestations of Selected Systemic Diseases-J. Fernando Arevalo 2013_weknora.mhtml,"《视网膜与脉络膜的全身性疾病表现》一书由J. Fernando Arévalo主编，汇集了国际专家团队的临床经验与研究成果，旨在探讨全身性疾病在眼部的具体表现及其发病机制。该书强调了眼科检查在全身性疾病诊断中的重要性，并指出随着影像学技术（如超声、血管造影等）的进步，临床医生能够更精确地识别视网膜与脉络膜的微小病变，从而改善患者的预后。

该书涵盖了多种全身性疾病的眼部表现，主要内容包括：

1.  **感染性与炎症性疾病**：详细讨论了艾滋病（HIV/AIDS）及其并发症（如巨细胞病毒视网膜炎、免疫恢复性葡萄膜炎）、弓形虫病、结核病、结节病、白塞病以及内源性眼内炎等。
2.  **肿瘤与副肿瘤综合征**：分析了原发性玻璃体视网膜淋巴瘤（PVRL）、视网膜及脉络膜转移癌、自身免疫性视网膜病变以及副肿瘤综合征（如MAR和CAR）的临床特征与发病机制。
3.  **代谢与遗传性疾病**：探讨了糖尿病视网膜病变、Alport综合征、胱氨酸病以及纤毛病（如Senior-Loken综合征）等引起的眼肾相关病变，阐述了基因缺陷与结构异常如何导致视网膜与肾脏功能受损。
4.  **血管性与全身性病变**：涵盖了高血压视网膜病变、系统性红斑狼疮、结节性多动脉炎、韦格纳肉芽肿及其他微血管病变。书中特别指出，许多全身性疾病（如肾脏疾病、妊娠期改变及药物毒性）均可导致视网膜与脉络膜的继发性损害。

全书通过整合临床观察、遗传学、分子生物学及组织病理学证据，为眼科医生、视网膜专家及相关领域医师提供了权威的参考资料。该书不仅总结了当前的诊疗标准，还提出了未来临床与实验研究的方向，旨在通过多学科协作提升对复杂全身性疾病的预防与管理水平。",completed,f12e3449-dcbd-4859-97c8-76e5a8be549b,"# Summary
《视网膜与脉络膜的全身性疾病表现》一书由J. Fernando Arévalo主编，汇集了国际专家团队的临床经验与研究成果，旨在探讨全身性疾病在眼部的具体表现及其发病机制。该书强调了眼科检查在全身性疾病诊断中的重要性，并指出随着影像学技术（如超声、血管造影等）的进步，临床医生能够更精确地识别视网膜与脉络膜的微小病变，从而改善患者的预后。

该书涵盖了多种全身性疾病的眼部表现，主要内容包括：

1.  **感染性与炎症性疾病**：详细讨论了艾滋病（HIV/AIDS）及其并发症（如巨细胞病毒视网膜炎、免疫恢复性葡萄膜炎）、弓形虫病、结核病、结节病、白塞病以及内源性眼内炎等。
2.  **肿瘤与副肿瘤综合征**：分析了原发性玻璃体视网膜淋巴瘤（PVRL）、视网膜及脉络膜转移癌、自身免疫性视网膜病变以及副肿瘤综合征（如MAR和CAR）的临床特征与发病机制。
3.  **代谢与遗传性疾病**：探讨了糖尿病视网膜病变、Alport综合征、胱氨酸病以及纤毛病（如Senior-Loken综合征）等引起的眼肾相关病变，阐述了基因缺陷与结构异常如何导致视网膜与肾脏功能受损。
4.  **血管性与全身性病变**：涵盖了高血压视网膜病变、系统性红斑狼疮、结节性多动脉炎、韦格纳肉芽肿及其他微血管病变。书中特别指出，许多全身性疾病（如肾脏疾病、妊娠期改变及药物毒性）均可导致视网膜与脉络膜的继发性损害。

全书通过整合临床观察、遗传学、分子生物学及组织病理学证据，为眼科医生、视网膜专家及相关领域医师提供了权威的参考资料。该书不仅总结了当前的诊疗标准，还提出了未来临床与实验研究的方向，旨在通过多学科协作提升对复杂全身性疾病的预防与管理水平。",b7821816-ecec-42f8-9ef8-fca3bd62bb57
01-眼科综合：基础与全身病,09c593aa-1a64-48de-af81-fc4d30d551b4,10000,4cadd4f6-676f-4978-94bc-e188ce3183d6,Springer-Basic Sciences in Ophthalmology-Josef Flammer 2013_weknora.mhtml,Springer-Basic Sciences in Ophthalmology-Josef Flammer 2013_weknora.mhtml,"《眼科学基础：物理与化学》一书旨在通过物理学和化学的视角，为眼科临床实践提供科学背景，帮助临床医生深入理解眼部现象、提升科研独立性并激发探索热情。该书并非详尽的教科书，而是通过临床实例阐述自然法则在眼科学中的应用。

本书的核心内容涵盖以下几个方面：

1.  **光的物理本质与量子假说**：书中探讨了光的波粒二象性。爱因斯坦的量子假说指出光由光子组成，不同颜色的光对应不同的光子能量（如红光约2 eV，蓝光约3 eV）。这一理论解释了视网膜中视紫红质的激发过程，以及光电效应等现象，证明了光子能量在视觉感知中的关键作用。
2.  **激光在眼科的应用与光致击穿**：书中详细介绍了高功率激光（如Nd:YAG激光）在眼科手术中的应用。通过Q开关技术产生短脉冲，激光在焦点处产生高辐照度，诱导光致击穿，形成高温等离子体和空化气泡。这种机制被广泛用于后发障的囊膜切开及虹膜切开术，其破坏效应独立于组织的吸收特性。
3.  **光度学与测量原理**：书中阐述了亮度（Luminance）与照度（Illuminance）的关系，特别是针对朗伯反射体（Lambertian reflector）的测量。通过镜头孔径与焦距（f-number）的物理参数，可以精确计算传感器接收到的照度，从而推导出目标表面的亮度。
4.  **基础物理常数**：书中汇总了眼科学研究中常用的物理常数，包括阿伏伽德罗常数、真空光速、玻尔兹曼常数以及普朗克常数。这些常数构成了理解光与物质相互作用、热能转换及量子能量计算的理论基础。

通过这些物理与化学知识的整合，本书强调了基础科学与临床医学之间的紧密联系，旨在提升眼科医生对视觉机制及现代医疗技术的认知深度。",completed,ad6f8db5-5ff7-43c4-b0b3-5cc1c1ad3061,"# Summary
《眼科学基础：物理与化学》一书旨在通过物理学和化学的视角，为眼科临床实践提供科学背景，帮助临床医生深入理解眼部现象、提升科研独立性并激发探索热情。该书并非详尽的教科书，而是通过临床实例阐述自然法则在眼科学中的应用。

本书的核心内容涵盖以下几个方面：

1.  **光的物理本质与量子假说**：书中探讨了光的波粒二象性。爱因斯坦的量子假说指出光由光子组成，不同颜色的光对应不同的光子能量（如红光约2 eV，蓝光约3 eV）。这一理论解释了视网膜中视紫红质的激发过程，以及光电效应等现象，证明了光子能量在视觉感知中的关键作用。
2.  **激光在眼科的应用与光致击穿**：书中详细介绍了高功率激光（如Nd:YAG激光）在眼科手术中的应用。通过Q开关技术产生短脉冲，激光在焦点处产生高辐照度，诱导光致击穿，形成高温等离子体和空化气泡。这种机制被广泛用于后发障的囊膜切开及虹膜切开术，其破坏效应独立于组织的吸收特性。
3.  **光度学与测量原理**：书中阐述了亮度（Luminance）与照度（Illuminance）的关系，特别是针对朗伯反射体（Lambertian reflector）的测量。通过镜头孔径与焦距（f-number）的物理参数，可以精确计算传感器接收到的照度，从而推导出目标表面的亮度。
4.  **基础物理常数**：书中汇总了眼科学研究中常用的物理常数，包括阿伏伽德罗常数、真空光速、玻尔兹曼常数以及普朗克常数。这些常数构成了理解光与物质相互作用、热能转换及量子能量计算的理论基础。

通过这些物理与化学知识的整合，本书强调了基础科学与临床医学之间的紧密联系，旨在提升眼科医生对视觉机制及现代医疗技术的认知深度。",d544b60e-bd5b-4392-966f-fae8fce75599
02-角膜与眼表,f041b2b7-3147-4deb-a2f2-0de5cc53d296,10000,61a94fc9-e8fd-4b4e-b2f7-52dfc66cbf44,Springer-Corneal Surgery-Essential Techniques 2013_weknora.mhtml,Springer-Corneal Surgery-Essential Techniques 2013_weknora.mhtml,"本书《角膜手术：基本技术》（*Corneal Surgery: Essential Techniques*）旨在为眼科医生提供角膜及外眼疾病管理的临床参考。该书结合了手册的便携性、高质量的医学插图以及常见手术视频，重点介绍了基于证据的成熟治疗方案，并强调了通过实验室（wet lab）练习提升手术技巧的重要性。

本书涵盖的核心内容包括：

1.  **角膜手术的发展史**：回顾了从早期的穿透性角膜移植术（PKP）到现代选择性组织移植的发展。重点介绍了深板层角膜移植术（DALK）、后板层手术（如DSEK和DMEK）的演变，以及准分子激光在屈光手术（如PRK和LASIK）中的应用。
2.  **临床管理与并发症处理**：探讨了角膜移植术后的复杂问题，特别是青光眼的监测与治疗。由于角膜移植术后眼压测量困难及视神经观察受限，书中建议采用Tonopen测量、OCT扫描等手段进行评估，并强调了在处理疱疹性角膜病变患者时，术前角膜环境优化及术后预防性用药的重要性。
3.  **实验室手术技能训练**：书中详细介绍了通过模拟训练提升手术熟练度的方法。内容涵盖了如何进行DALK的“大泡技术”（big-bubble technique）准备、角膜缝合技术的练习（包括对齐、深度与张力的控制），以及利用动物组织进行微型角膜刀瓣制作的实践操作。

本书通过整合临床知识与实践技巧，旨在帮助眼科医生提高手术效率与准确性，以满足患者对高质量视觉康复的需求。",completed,96ee957a-611e-4b5c-a94f-092ddacfb15f,"# Summary
本书《角膜手术：基本技术》（*Corneal Surgery: Essential Techniques*）旨在为眼科医生提供角膜及外眼疾病管理的临床参考。该书结合了手册的便携性、高质量的医学插图以及常见手术视频，重点介绍了基于证据的成熟治疗方案，并强调了通过实验室（wet lab）练习提升手术技巧的重要性。

本书涵盖的核心内容包括：

1.  **角膜手术的发展史**：回顾了从早期的穿透性角膜移植术（PKP）到现代选择性组织移植的发展。重点介绍了深板层角膜移植术（DALK）、后板层手术（如DSEK和DMEK）的演变，以及准分子激光在屈光手术（如PRK和LASIK）中的应用。
2.  **临床管理与并发症处理**：探讨了角膜移植术后的复杂问题，特别是青光眼的监测与治疗。由于角膜移植术后眼压测量困难及视神经观察受限，书中建议采用Tonopen测量、OCT扫描等手段进行评估，并强调了在处理疱疹性角膜病变患者时，术前角膜环境优化及术后预防性用药的重要性。
3.  **实验室手术技能训练**：书中详细介绍了通过模拟训练提升手术熟练度的方法。内容涵盖了如何进行DALK的“大泡技术”（big-bubble technique）准备、角膜缝合技术的练习（包括对齐、深度与张力的控制），以及利用动物组织进行微型角膜刀瓣制作的实践操作。

本书通过整合临床知识与实践技巧，旨在帮助眼科医生提高手术效率与准确性，以满足患者对高质量视觉康复的需求。",53ff0cab-f0c6-4f6f-9eb4-b11f05c6277d
07-玻璃体视网膜外科,a6b50bbd-5223-4776-88b7-ac57a59a3fcf,10000,2dbd7037-7e1a-4693-9668-799713d983f0,Springer-Vitreoretinal Surgery-Thomas H Willamson 2013_weknora.mhtml,Springer-Vitreoretinal Surgery-Thomas H Willamson 2013_weknora.mhtml,"《玻璃体视网膜手术》（第二版）由Thomas H. Williamson撰写，旨在为玻璃体视网膜疾病的诊断与手术提供一套连贯的临床方法。该书基于作者在伦敦三级转诊中心积累的17年临床经验，并结合了16位国际专家的手术经验，通过约1000幅插图详细阐述了相关临床特征与手术技术。

本书涵盖的核心内容包括：

1.  **解剖与临床基础**：详细探讨了玻璃体视网膜的解剖结构、胚胎发育及玻璃体与周围组织的解剖连接，并对Stickler综合征等遗传性疾病的临床表现及视网膜病变进行了分析。
2.  **手术技术与进展**：重点介绍了玻璃体切除术（PPV）的演变，特别是小切口玻璃体切除术的应用，以及针对巨大视网膜裂孔（GRT）等复杂病例的手术步骤，包括重水（全氟碳液体）的使用、激光视网膜固定术及硅油填充等关键环节。
3.  **数字化工具与临床管理**：随书附带的DVD及VITREOR数据库系统，作为电子病历记录工具，支持临床审计、研究及患者数据管理。书中还提供了视力转换表（Snellen与LogMar）以及涉及扩散、对流和渗透等物理定律的附录，为手术实践提供理论支持。
4.  **转诊指南**：书中提供了一份详细的转诊模式指南，根据视网膜脱离时间、黄斑状态、创伤类型及糖尿病视网膜病变等不同病况，给出了相应的临床转诊建议，以优化患者的预后。

该书通过理论与实践的结合，为眼科医生提供了从解剖生理到手术操作及临床决策的全面参考，并强调了持续更新手术方法以应对该领域快速发展的重要性。",completed,5eeada31-c94a-4f59-869e-5a8d89efc70f,"# Summary
《玻璃体视网膜手术》（第二版）由Thomas H. Williamson撰写，旨在为玻璃体视网膜疾病的诊断与手术提供一套连贯的临床方法。该书基于作者在伦敦三级转诊中心积累的17年临床经验，并结合了16位国际专家的手术经验，通过约1000幅插图详细阐述了相关临床特征与手术技术。

本书涵盖的核心内容包括：

1.  **解剖与临床基础**：详细探讨了玻璃体视网膜的解剖结构、胚胎发育及玻璃体与周围组织的解剖连接，并对Stickler综合征等遗传性疾病的临床表现及视网膜病变进行了分析。
2.  **手术技术与进展**：重点介绍了玻璃体切除术（PPV）的演变，特别是小切口玻璃体切除术的应用，以及针对巨大视网膜裂孔（GRT）等复杂病例的手术步骤，包括重水（全氟碳液体）的使用、激光视网膜固定术及硅油填充等关键环节。
3.  **数字化工具与临床管理**：随书附带的DVD及VITREOR数据库系统，作为电子病历记录工具，支持临床审计、研究及患者数据管理。书中还提供了视力转换表（Snellen与LogMar）以及涉及扩散、对流和渗透等物理定律的附录，为手术实践提供理论支持。
4.  **转诊指南**：书中提供了一份详细的转诊模式指南，根据视网膜脱离时间、黄斑状态、创伤类型及糖尿病视网膜病变等不同病况，给出了相应的临床转诊建议，以优化患者的预后。

该书通过理论与实践的结合，为眼科医生提供了从解剖生理到手术操作及临床决策的全面参考，并强调了持续更新手术方法以应对该领域快速发展的重要性。",da021441-3a93-42e3-b4d1-ee103878764c
10-小儿眼科：斜视与弱视等,d6a5115a-067a-4514-afbf-9fe81b4e64c0,10000,ef445b1f-1fed-4d68-a253-748915bd4887,A Color Handbook Pediatric Clinical Ophthalmology-Scott E. Olitsky 2012_weknora.mhtml,A Color Handbook Pediatric Clinical Ophthalmology-Scott E. Olitsky 2012_weknora.mhtml,"《儿科临床眼科学》手册由 Scott E. Olitsky 和 Leonard B. Nelson 编写，旨在为儿科医生和初级保健医师提供临床导向的儿科眼科疾病诊疗指南。该书涵盖了从解剖结构到具体病理的广泛内容，强调了眼部疾病在识别全身性疾病及先天性畸形中的重要性。

手册的核心内容包括以下几个方面：

1.  **功能解剖学**：详细介绍了眼眶、眼睑、泪器及眼球的解剖结构。书中特别指出，眼眶骨骼在儿童期的发育依赖于眼球的存在，且眼眶壁的薄弱处在钝性外伤中具有减压作用。此外，还明确了眼睑结构（如睑板、提上睑肌）与常见病变（如上睑下垂、睑板腺囊肿）的关联，并区分了眶隔前蜂窝织炎与眶蜂窝织炎。
2.  **持续性胎儿血管系统（PFV）**：该病症可分为前部、后部及混合型。临床表现包括白瞳、晶状体混浊及视网膜脱离等。诊断依赖于眼底镜检查和超声检查，治疗主要通过手术（如晶状体切除术、玻璃体切除术）清除视轴上的纤维血管组织，以预防继发性青光眼并改善视力预后。
3.  **眼部创伤与急症**：讨论了眼眶异物及球后出血的紧急处理。对于球后出血，若出现视力下降或眼压升高，需及时进行外侧眦切开术和眦松解术，以防止永久性视力丧失。
4.  **虐待儿童的眼部表现**：强调了眼科医生在识别虐待儿童病例中的关键作用。摇晃综合征（Shaken Baby Syndrome）的典型眼部表现为多层视网膜出血及玻璃体出血，有时伴有创伤性视网膜劈裂。这些病变可能导致永久性视力损害，且预后往往受限于伴随的颅内损伤。

该手册通过对常见眼科疾病的系统梳理，旨在通过早期识别与干预，改善患儿的视力预后，并为临床医生提供实用的诊断与治疗参考。",completed,bbb70ecf-5cae-4cbb-9398-ae6f11701f14,"# Summary
《儿科临床眼科学》手册由 Scott E. Olitsky 和 Leonard B. Nelson 编写，旨在为儿科医生和初级保健医师提供临床导向的儿科眼科疾病诊疗指南。该书涵盖了从解剖结构到具体病理的广泛内容，强调了眼部疾病在识别全身性疾病及先天性畸形中的重要性。

手册的核心内容包括以下几个方面：

1.  **功能解剖学**：详细介绍了眼眶、眼睑、泪器及眼球的解剖结构。书中特别指出，眼眶骨骼在儿童期的发育依赖于眼球的存在，且眼眶壁的薄弱处在钝性外伤中具有减压作用。此外，还明确了眼睑结构（如睑板、提上睑肌）与常见病变（如上睑下垂、睑板腺囊肿）的关联，并区分了眶隔前蜂窝织炎与眶蜂窝织炎。
2.  **持续性胎儿血管系统（PFV）**：该病症可分为前部、后部及混合型。临床表现包括白瞳、晶状体混浊及视网膜脱离等。诊断依赖于眼底镜检查和超声检查，治疗主要通过手术（如晶状体切除术、玻璃体切除术）清除视轴上的纤维血管组织，以预防继发性青光眼并改善视力预后。
3.  **眼部创伤与急症**：讨论了眼眶异物及球后出血的紧急处理。对于球后出血，若出现视力下降或眼压升高，需及时进行外侧眦切开术和眦松解术，以防止永久性视力丧失。
4.  **虐待儿童的眼部表现**：强调了眼科医生在识别虐待儿童病例中的关键作用。摇晃综合征（Shaken Baby Syndrome）的典型眼部表现为多层视网膜出血及玻璃体出血，有时伴有创伤性视网膜劈裂。这些病变可能导致永久性视力损害，且预后往往受限于伴随的颅内损伤。

该手册通过对常见眼科疾病的系统梳理，旨在通过早期识别与干预，改善患儿的视力预后，并为临床医生提供实用的诊断与治疗参考。",70df7e28-adc0-4379-919e-5ce1ace14baa
02-角膜与眼表,f041b2b7-3147-4deb-a2f2-0de5cc53d296,10000,053c2fff-606f-49ae-b2f5-fcaad7f21f91,Adenovirus Epithelial Keratitis and Thygeson's Superficial Punctate Keratitis-Helena M. Tabery 2012_weknora.mhtml,Adenovirus Epithelial Keratitis and Thygeson's Superficial Punctate Keratitis-Helena M. Tabery 2012_weknora.mhtml,"本书探讨了腺病毒角膜上皮感染与Thygeson浅层点状角膜炎（TSPK）的体内形态学特征。作者通过非接触式体内显微摄影技术，详细记录了这两种疾病在人眼角膜上的表现，旨在为临床诊断提供参考，并为评估新药效果提供基准。

本书的核心内容包括以下几个方面：

1. **腺病毒角膜炎的临床与形态学特征**：腺病毒感染具有高度传染性，常表现为滤泡性结膜炎及严重的角膜上皮浸润。书中通过病例展示了不同血清型（如Ad8）引起的角膜上皮变化，并强调了早期诊断对于预防医院内流行性角膜结膜炎（EKC）暴发的重要性。此外，书中记录了感染后持续数年的上皮下浸润（后遗症）的演变过程。

2. **TSPK的临床特征**：与腺病毒感染不同，TSPK病因不明且被认为是非传染性的。该病具有慢性、复发性的特点，其病程和对皮质类固醇的敏感性提示其可能是一种免疫性疾病。书中通过典型与非典型病例，探讨了如何通过病史和形态学特征将其与腺病毒感染及单纯疱疹病毒感染进行鉴别。

3. **形态学相似性的机制探讨**：腺病毒角膜上皮浸润与TSPK的“粗糙”上皮病变在临床上极易混淆。作者通过对病变组织中圆形/异常细胞的观察，提出这两种疾病的病变可能源于相同的免疫反应过程。尽管触发因素不同（腺病毒感染中为病毒抗原，TSPK中病因尚不明确），但两者在角膜上皮表现出的细胞堆积和损伤模式具有高度相似性。

4. **研究方法与技术**：全书采用非接触式体内显微摄影，该方法无需麻醉，不干扰角膜上皮结构，且无交叉感染风险。通过配合荧光素钠和玫瑰红染色，能够清晰捕捉到光学上与周围组织有差异的病变结构，为深入理解角膜上皮病变的动态演变提供了直观证据。

总之，本书通过详实的影像资料，揭示了腺病毒角膜炎与TSPK在自然病程中的形态学演变，强调了免疫因素在两者病理过程中的共同作用，并为临床鉴别诊断提供了重要的参考依据。",completed,68e4fa54-1984-4939-8436-1fa9ce36b037,"# Summary
本书探讨了腺病毒角膜上皮感染与Thygeson浅层点状角膜炎（TSPK）的体内形态学特征。作者通过非接触式体内显微摄影技术，详细记录了这两种疾病在人眼角膜上的表现，旨在为临床诊断提供参考，并为评估新药效果提供基准。

本书的核心内容包括以下几个方面：

1. **腺病毒角膜炎的临床与形态学特征**：腺病毒感染具有高度传染性，常表现为滤泡性结膜炎及严重的角膜上皮浸润。书中通过病例展示了不同血清型（如Ad8）引起的角膜上皮变化，并强调了早期诊断对于预防医院内流行性角膜结膜炎（EKC）暴发的重要性。此外，书中记录了感染后持续数年的上皮下浸润（后遗症）的演变过程。

2. **TSPK的临床特征**：与腺病毒感染不同，TSPK病因不明且被认为是非传染性的。该病具有慢性、复发性的特点，其病程和对皮质类固醇的敏感性提示其可能是一种免疫性疾病。书中通过典型与非典型病例，探讨了如何通过病史和形态学特征将其与腺病毒感染及单纯疱疹病毒感染进行鉴别。

3. **形态学相似性的机制探讨**：腺病毒角膜上皮浸润与TSPK的“粗糙”上皮病变在临床上极易混淆。作者通过对病变组织中圆形/异常细胞的观察，提出这两种疾病的病变可能源于相同的免疫反应过程。尽管触发因素不同（腺病毒感染中为病毒抗原，TSPK中病因尚不明确），但两者在角膜上皮表现出的细胞堆积和损伤模式具有高度相似性。

4. **研究方法与技术**：全书采用非接触式体内显微摄影，该方法无需麻醉，不干扰角膜上皮结构，且无交叉感染风险。通过配合荧光素钠和玫瑰红染色，能够清晰捕捉到光学上与周围组织有差异的病变结构，为深入理解角膜上皮病变的动态演变提供了直观证据。

总之，本书通过详实的影像资料，揭示了腺病毒角膜炎与TSPK在自然病程中的形态学演变，强调了免疫因素在两者病理过程中的共同作用，并为临床鉴别诊断提供了重要的参考依据。",d1db30a9-89bc-45e8-b73d-388fff35257d
01-眼科综合：基础与全身病,09c593aa-1a64-48de-af81-fc4d30d551b4,10000,0a053ef4-2ef9-4af6-a41a-98a39138b57a,Clinical Anatomy and Physiology of the Visual System-Lee Ann Remington 2012_weknora.mhtml,Clinical Anatomy and Physiology of the Visual System-Lee Ann Remington 2012_weknora.mhtml,"《视觉系统临床解剖学与生理学》（第三版）是一本为视光师、眼科医生及相关专业学生编写的综合性教材。该书详细阐述了眼球及其附属器的胚胎发育、解剖结构、组织学特征、生理功能、血液供应及神经支配，并涵盖了视觉与瞳孔传导通路。

该书的核心内容包括以下几个方面：

1.  **眼球结构与功能**：眼球由纤维层（角膜和巩膜）、血管层（葡萄膜：虹膜、睫状体和脉络膜）以及神经层（视网膜）构成。书中详细描述了眼内三个腔室（前房、后房和玻璃体腔）及其内容物（房水和玻璃体）的生理作用，强调了各结构在光线折射、营养供应及视觉信号转换中的功能。
2.  **胚胎发育**：书中探讨了眼部结构的胚胎起源，指出眼部组织主要源自表面外胚层、神经外胚层和神经嵴。通过对发育过程的分析，帮助读者理解各组织结构的形成机制及其临床意义。
3.  **附属器与神经血管系统**：内容涵盖了眼眶骨骼、眼睑结构、泪膜分泌与引流、眼外肌运动及其临床评估。同时，详细介绍了供应眼部及附属器的颈动脉分支，以及支配眼部结构的颅神经通路。
4.  **视觉与瞳孔通路**：书中深入分析了视觉传导通路及其与周围结构的解剖关系，并结合临床案例讨论了各种视觉视野缺损。此外，还专门讨论了自主神经通路对眼部平滑肌及泪腺的支配，包括瞳孔异常（如霍纳综合征）的诊断与药理学评估。
5.  **临床应用**：全书贯穿“临床评论”板块，旨在将解剖与生理知识转化为临床实践能力，帮助医生识别常见的眼部疾病、异常表现及其病理生理基础。

该书通过严谨的术语定义和详尽的图表说明，为理解视觉系统的复杂性提供了坚实的理论基础，是临床诊断与治疗的重要参考资料。",completed,f7789368-c6c6-4e3f-984c-b0ef953863c4,"# Summary
《视觉系统临床解剖学与生理学》（第三版）是一本为视光师、眼科医生及相关专业学生编写的综合性教材。该书详细阐述了眼球及其附属器的胚胎发育、解剖结构、组织学特征、生理功能、血液供应及神经支配，并涵盖了视觉与瞳孔传导通路。

该书的核心内容包括以下几个方面：

1.  **眼球结构与功能**：眼球由纤维层（角膜和巩膜）、血管层（葡萄膜：虹膜、睫状体和脉络膜）以及神经层（视网膜）构成。书中详细描述了眼内三个腔室（前房、后房和玻璃体腔）及其内容物（房水和玻璃体）的生理作用，强调了各结构在光线折射、营养供应及视觉信号转换中的功能。
2.  **胚胎发育**：书中探讨了眼部结构的胚胎起源，指出眼部组织主要源自表面外胚层、神经外胚层和神经嵴。通过对发育过程的分析，帮助读者理解各组织结构的形成机制及其临床意义。
3.  **附属器与神经血管系统**：内容涵盖了眼眶骨骼、眼睑结构、泪膜分泌与引流、眼外肌运动及其临床评估。同时，详细介绍了供应眼部及附属器的颈动脉分支，以及支配眼部结构的颅神经通路。
4.  **视觉与瞳孔通路**：书中深入分析了视觉传导通路及其与周围结构的解剖关系，并结合临床案例讨论了各种视觉视野缺损。此外，还专门讨论了自主神经通路对眼部平滑肌及泪腺的支配，包括瞳孔异常（如霍纳综合征）的诊断与药理学评估。
5.  **临床应用**：全书贯穿“临床评论”板块，旨在将解剖与生理知识转化为临床实践能力，帮助医生识别常见的眼部疾病、异常表现及其病理生理基础。

该书通过严谨的术语定义和详尽的图表说明，为理解视觉系统的复杂性提供了坚实的理论基础，是临床诊断与治疗的重要参考资料。",a11b92ee-f77a-4b5a-b877-dd750a78911c
22-检查：综合检查与仪器,16f1a07d-8623-4655-b09e-502d32d0610a,10000,819efde0-60f1-4d65-a491-e3be551976ff,Kanski-眼科症状鉴别诊断图谱-2012_weknora.mhtml,Kanski-眼科症状鉴别诊断图谱-2012_weknora.mhtml,"《Kanski眼科症状鉴别诊断图谱》（Signs in Ophthalmology: Causes and Differential Diagnosis）由Jack J. Kanski撰写，何明光等翻译，是一部旨在提升临床医师眼科疾病诊断及鉴别诊断能力的专业参考书。该书通过精炼的文字与大量临床图片，系统性地梳理了眼科常见疾病的临床体征、病因及鉴别诊断要点。

本书的核心内容涵盖以下几个方面：

1.  **眼部解剖部位的临床体征与诊断**：全书按解剖部位分类，详细介绍了睫毛疾病（如睫毛脱落、倒睫、双行睫等）、睑缘炎症（如葡萄球菌性、皮脂性及后部睑缘炎）、眼睑弥漫性水肿（包括炎症性、非炎症性及系统性病因）以及瞳孔异常（如瞳孔不等大、Horner综合征、Argyll Robertson瞳孔等）。
2.  **鉴别诊断逻辑**：书中通过列表形式对比易混淆疾病，帮助临床医师排除非主要体征的干扰，迅速锁定病因。例如，针对慢性睑缘炎，书中详细对比了前部与后部睑缘炎在睫毛沉积物、囊肿类型及泪膜改变等方面的特征。
3.  **系统性疾病的眼部表现**：书中不仅关注眼部局部病变，还深入探讨了与眼科相关的全身性疾病，如皮肤病（特应性皮炎、白癜风、坏疽性脓皮病等）、结缔组织病及感染性疾病，强调了眼部体征在全身疾病诊断中的提示作用。
4.  **直观的临床教学辅助**：全书配有1300余幅精美图片，直观展示了各类眼科疾病的典型临床特征，为眼科医师、护士的临床工作及专科医师的规范化培训提供了重要的参考依据。

总之，该图谱通过“体征-病因-鉴别诊断”的标准化框架，为临床医师提供了一套高效的诊断路径，是眼科临床实践中不可或缺的工具书。",completed,ce2dec83-0974-4ccc-8f47-d80b56b7584e,"# Summary
《Kanski眼科症状鉴别诊断图谱》（Signs in Ophthalmology: Causes and Differential Diagnosis）由Jack J. Kanski撰写，何明光等翻译，是一部旨在提升临床医师眼科疾病诊断及鉴别诊断能力的专业参考书。该书通过精炼的文字与大量临床图片，系统性地梳理了眼科常见疾病的临床体征、病因及鉴别诊断要点。

本书的核心内容涵盖以下几个方面：

1.  **眼部解剖部位的临床体征与诊断**：全书按解剖部位分类，详细介绍了睫毛疾病（如睫毛脱落、倒睫、双行睫等）、睑缘炎症（如葡萄球菌性、皮脂性及后部睑缘炎）、眼睑弥漫性水肿（包括炎症性、非炎症性及系统性病因）以及瞳孔异常（如瞳孔不等大、Horner综合征、Argyll Robertson瞳孔等）。
2.  **鉴别诊断逻辑**：书中通过列表形式对比易混淆疾病，帮助临床医师排除非主要体征的干扰，迅速锁定病因。例如，针对慢性睑缘炎，书中详细对比了前部与后部睑缘炎在睫毛沉积物、囊肿类型及泪膜改变等方面的特征。
3.  **系统性疾病的眼部表现**：书中不仅关注眼部局部病变，还深入探讨了与眼科相关的全身性疾病，如皮肤病（特应性皮炎、白癜风、坏疽性脓皮病等）、结缔组织病及感染性疾病，强调了眼部体征在全身疾病诊断中的提示作用。
4.  **直观的临床教学辅助**：全书配有1300余幅精美图片，直观展示了各类眼科疾病的典型临床特征，为眼科医师、护士的临床工作及专科医师的规范化培训提供了重要的参考依据。

总之，该图谱通过“体征-病因-鉴别诊断”的标准化框架，为临床医师提供了一套高效的诊断路径，是眼科临床实践中不可或缺的工具书。",0e361a8d-5bba-40d6-9458-3ee6822c5fb1
02-角膜与眼表,f041b2b7-3147-4deb-a2f2-0de5cc53d296,10000,812ada04-78b6-4842-9b8a-e77d80716db9,Quick Guide to the Management of Keratoconus-Sinjab 2012_weknora.mhtml,Quick Guide to the Management of Keratoconus-Sinjab 2012_weknora.mhtml,"圆锥角膜（Keratoconus, KC）是一种常见的双侧、非炎症性、退行性角膜扩张性疾病，其特征为角膜中央或旁中央基质变薄、顶端突出及不规则散光。该病通常在青春期发病，病因尚不明确，但被认为与遗传因素及环境因素（如紫外线、揉眼、过敏等）有关，且常伴随多种全身性疾病（如唐氏综合征、马凡综合征等）。

本书旨在为临床医生提供一套系统化的圆锥角膜管理方案，核心要点包括：

1. **临床诊断与体征**：诊断依赖于多种临床体征，包括Munson征（下睑V型轮廓）、Rizzuti征（角膜锥体光反射）、检影镜下的剪影效应，以及裂隙灯下的局部变薄、Fleischer铁环、Vogt条纹、角膜瘢痕和急性水肿（角膜后弹力层破裂）。
2. **管理目标与策略**：现代管理旨在阻止疾病进展或进行视力康复。治疗手段包括角膜交联术（CxL）、角膜内环植入术（ICRs）及角膜移植术（如深层前板层角膜移植术，DALK）。
3. **角膜交联术（CxL）的机制与影响**：CxL通过紫外线照射诱导角膜基质交联，从而稳定角膜。术后早期（约3个月内）可能出现角膜变薄、K值及散光度数暂时性增加，随后逐渐趋于稳定，且主要影响角膜前三分之二的基质。
4. **决策制定的复杂性**：临床决策需综合考虑角膜厚度、最大K值（K-max）、角膜清晰度及疾病进展情况。书中强调了对特定病例进行评估的重要性，例如在角膜过薄（<400 μm）或K-max过高（>58-60 dpt）的情况下，某些手术（如ICRs）可能存在高风险或导致过度矫正，此时应考虑更彻底的干预手段如DALK。

总之，该书通过系统化的学术方法，结合临床检查指标与决策流程图，为圆锥角膜的诊断、分级及个体化治疗方案的选择提供了实用的指导。",completed,4da40303-ffe3-48d2-b559-147e98862f96,"# Summary
圆锥角膜（Keratoconus, KC）是一种常见的双侧、非炎症性、退行性角膜扩张性疾病，其特征为角膜中央或旁中央基质变薄、顶端突出及不规则散光。该病通常在青春期发病，病因尚不明确，但被认为与遗传因素及环境因素（如紫外线、揉眼、过敏等）有关，且常伴随多种全身性疾病（如唐氏综合征、马凡综合征等）。

本书旨在为临床医生提供一套系统化的圆锥角膜管理方案，核心要点包括：

1. **临床诊断与体征**：诊断依赖于多种临床体征，包括Munson征（下睑V型轮廓）、Rizzuti征（角膜锥体光反射）、检影镜下的剪影效应，以及裂隙灯下的局部变薄、Fleischer铁环、Vogt条纹、角膜瘢痕和急性水肿（角膜后弹力层破裂）。
2. **管理目标与策略**：现代管理旨在阻止疾病进展或进行视力康复。治疗手段包括角膜交联术（CxL）、角膜内环植入术（ICRs）及角膜移植术（如深层前板层角膜移植术，DALK）。
3. **角膜交联术（CxL）的机制与影响**：CxL通过紫外线照射诱导角膜基质交联，从而稳定角膜。术后早期（约3个月内）可能出现角膜变薄、K值及散光度数暂时性增加，随后逐渐趋于稳定，且主要影响角膜前三分之二的基质。
4. **决策制定的复杂性**：临床决策需综合考虑角膜厚度、最大K值（K-max）、角膜清晰度及疾病进展情况。书中强调了对特定病例进行评估的重要性，例如在角膜过薄（<400 μm）或K-max过高（>58-60 dpt）的情况下，某些手术（如ICRs）可能存在高风险或导致过度矫正，此时应考虑更彻底的干预手段如DALK。

总之，该书通过系统化的学术方法，结合临床检查指标与决策流程图，为圆锥角膜的诊断、分级及个体化治疗方案的选择提供了实用的指导。",2948e508-24ba-4dc9-8ad7-6ebced1bea43
21-检查：房角镜,757c926c-3b49-4a5f-9d09-fef6ea738e97,10000,f41e1e0c-b8bd-4758-bc57-d58b9135e4ca,Springer-Gonioscopy-Christoph Gaschinger 2012_weknora.mhtml,Springer-Gonioscopy-Christoph Gaschinger 2012_weknora.mhtml,"本书《房角镜检查》（*Gonioscopy*）由 Christoph Faschinger 和 Anton Hommer 撰写，是一部集教材与图谱于一体的眼科专业著作，旨在为青光眼患者的临床诊疗提供指导。该书系统地阐述了房角镜检查的历史、检查技术、解剖学特征以及分级系统，并结合高质量的房角照片，详细分析了开角型青光眼和闭角型青光眼的临床表现。

本书的核心内容涵盖以下几个方面：

1.  **房角镜检查的临床重要性**：房角镜检查是青光眼诊断中不可或缺的手段。作者强调，通过该技术区分正常房角与因年龄或病理改变导致的房角差异，对于制定正确的治疗方案至关重要。
2.  **病理机制与典型表现**：书中详细讨论了假性剥脱综合征（PXS）和色素播散综合征（PDS）等病理过程。例如，PXS 表现为房角内的纤维物质沉积及 Sampaolesi 线；PDS 则涉及虹膜色素上皮脱落、Krukenberg 纺锤体形成以及房角内强烈的色素沉着。
3.  **药物对房角的影响**：书中专门探讨了多种药物（包括拟交感神经药、抗胆碱能药及抗抑郁药等）对瞳孔及房角结构的影响。作者特别提醒，在处理具有窄房角或浅前房倾向的患者时，需警惕药物诱发的瞳孔阻滞或房角变窄风险，并建议通过预防性激光虹膜切开术（LPI）降低风险。
4.  **辅助检查与治疗评估**：除了传统的房角镜检查，书中还介绍了前段光学相干断层扫描（AS-OCT）和超声生物显微镜（UBM）等辅助成像技术，并探讨了激光、手术及药物治疗对房角外观的影响。

该书通过丰富的临床病例、详尽的图表及专业的术语，为眼科医生提供了系统化的参考，是提升青光眼诊断与治疗水平的重要工具。",completed,57b7d99b-6644-4893-8354-530fe7dd4075,"# Summary
本书《房角镜检查》（*Gonioscopy*）由 Christoph Faschinger 和 Anton Hommer 撰写，是一部集教材与图谱于一体的眼科专业著作，旨在为青光眼患者的临床诊疗提供指导。该书系统地阐述了房角镜检查的历史、检查技术、解剖学特征以及分级系统，并结合高质量的房角照片，详细分析了开角型青光眼和闭角型青光眼的临床表现。

本书的核心内容涵盖以下几个方面：

1.  **房角镜检查的临床重要性**：房角镜检查是青光眼诊断中不可或缺的手段。作者强调，通过该技术区分正常房角与因年龄或病理改变导致的房角差异，对于制定正确的治疗方案至关重要。
2.  **病理机制与典型表现**：书中详细讨论了假性剥脱综合征（PXS）和色素播散综合征（PDS）等病理过程。例如，PXS 表现为房角内的纤维物质沉积及 Sampaolesi 线；PDS 则涉及虹膜色素上皮脱落、Krukenberg 纺锤体形成以及房角内强烈的色素沉着。
3.  **药物对房角的影响**：书中专门探讨了多种药物（包括拟交感神经药、抗胆碱能药及抗抑郁药等）对瞳孔及房角结构的影响。作者特别提醒，在处理具有窄房角或浅前房倾向的患者时，需警惕药物诱发的瞳孔阻滞或房角变窄风险，并建议通过预防性激光虹膜切开术（LPI）降低风险。
4.  **辅助检查与治疗评估**：除了传统的房角镜检查，书中还介绍了前段光学相干断层扫描（AS-OCT）和超声生物显微镜（UBM）等辅助成像技术，并探讨了激光、手术及药物治疗对房角外观的影响。

该书通过丰富的临床病例、详尽的图表及专业的术语，为眼科医生提供了系统化的参考，是提升青光眼诊断与治疗水平的重要工具。",c92f8b85-85be-4470-9b5e-ad6c49e6b1b2
07-玻璃体视网膜外科,a6b50bbd-5223-4776-88b7-ac57a59a3fcf,10000,1c806daf-4f99-49b6-914e-246f5856f3b1,"Retinal and Vitreoretinal Diseases and Surgery-Samuel Boyd, Rafael Cortez, Nelson Sabates 2010_weknora.mhtml","Retinal and Vitreoretinal Diseases and Surgery-Samuel Boyd, Rafael Cortez, Nelson Sabates 2010_weknora.mhtml","本文档探讨了视网膜及玻璃体视网膜疾病的解剖学基础、临床诊断及前沿治疗技术。

核心内容要点如下：

1.  **视网膜与脉络膜的解剖结构**：视网膜作为中枢神经系统的一部分，具有高度复杂的层状结构，包括视网膜色素上皮（RPE）、感光细胞（视杆和视锥细胞）及神经节细胞等。脉络膜通过脉络膜毛细血管为视网膜外层提供营养，其循环系统与视网膜循环相互独立。RPE层不仅支持感光细胞的代谢，还构成了视网膜与脉络膜之间的结构屏障。

2.  **黄斑裂孔的病理与手术治疗**：黄斑裂孔表现为黄斑区的全层缺损，常伴有视网膜下液。手术治疗的核心在于通过玻璃体切除术解除切向及前后向牵引，通常包括剥除内界膜（ILM）及气体填充术。关于手术细节（如是否染色内界膜、染料的选择及白内障手术的配合）在临床上仍存在争议。

3.  **基因治疗的进展**：研究人员利用重组腺相关病毒（rAAV）载体进行基因治疗，在视网膜疾病领域取得了突破。通过使用特定的启动子（如hRK），研究已实现在视杆和视锥细胞中同时表达转基因。此外，针对色盲等遗传性疾病的动物实验证明，通过基因干预可以成功恢复视网膜的光谱敏感性，为未来治疗多种眼部疾病提供了广阔前景。

4.  **临床诊断的重要性**：理解视网膜各层解剖结构及其与脉络膜的相互作用，是准确解读荧光素血管造影等诊断技术的关键，对于视网膜疾病的诊断至关重要。",completed,466472dc-1dbd-436a-b9fd-106f9bf217bc,"# Summary
本文档探讨了视网膜及玻璃体视网膜疾病的解剖学基础、临床诊断及前沿治疗技术。

核心内容要点如下：

1.  **视网膜与脉络膜的解剖结构**：视网膜作为中枢神经系统的一部分，具有高度复杂的层状结构，包括视网膜色素上皮（RPE）、感光细胞（视杆和视锥细胞）及神经节细胞等。脉络膜通过脉络膜毛细血管为视网膜外层提供营养，其循环系统与视网膜循环相互独立。RPE层不仅支持感光细胞的代谢，还构成了视网膜与脉络膜之间的结构屏障。

2.  **黄斑裂孔的病理与手术治疗**：黄斑裂孔表现为黄斑区的全层缺损，常伴有视网膜下液。手术治疗的核心在于通过玻璃体切除术解除切向及前后向牵引，通常包括剥除内界膜（ILM）及气体填充术。关于手术细节（如是否染色内界膜、染料的选择及白内障手术的配合）在临床上仍存在争议。

3.  **基因治疗的进展**：研究人员利用重组腺相关病毒（rAAV）载体进行基因治疗，在视网膜疾病领域取得了突破。通过使用特定的启动子（如hRK），研究已实现在视杆和视锥细胞中同时表达转基因。此外，针对色盲等遗传性疾病的动物实验证明，通过基因干预可以成功恢复视网膜的光谱敏感性，为未来治疗多种眼部疾病提供了广阔前景。

4.  **临床诊断的重要性**：理解视网膜各层解剖结构及其与脉络膜的相互作用，是准确解读荧光素血管造影等诊断技术的关键，对于视网膜疾病的诊断至关重要。",d02f8b56-945a-41f1-b072-fe3c8225ac44
01-眼科综合：基础与全身病,09c593aa-1a64-48de-af81-fc4d30d551b4,10000,5b4f8e14-ea4a-4fda-a3ff-72341bea279a,Review of Ophthalmology- William Trattler 2012_weknora.mhtml,Review of Ophthalmology- William Trattler 2012_weknora.mhtml,"《眼科学回顾》（第二版）是一部旨在为眼科专业考试提供全面复习资料的学术教材。该书由William B. Trattler、Peter K. Kaiser和Neil J. Friedman共同编写，内容涵盖了眼科学的核心知识领域，并针对考试中常见的难点和前沿医疗技术进行了重点梳理。

该书的主要内容要点包括：

1.  **基础光学原理**：详细阐述了光的物理特性，包括波粒二象性、折射率、干涉、偏振、衍射及散射等现象。书中特别解释了这些光学原理在眼科临床中的应用，例如抗反射涂层、OCT（光学相干断层扫描）、针孔效应以及角膜和晶状体对光的影响。
2.  **眼部解剖与生理**：书中深入探讨了眼部各结构的生理功能，如结膜的组织学特征、泪膜的三层结构（脂质层、水液层、黏蛋白层）及其成分，以及角膜的生理测量指标。
3.  **临床病理与诊断**：通过大量的练习题和解析，涵盖了多种眼科疾病的诊断与治疗，包括视网膜疾病（如糖尿病视网膜病变、AMD、视网膜脱离）、眼眶疾病（如甲状腺相关眼病、眼眶植入物并发症）以及角膜与外眼疾病。
4.  **考试准备与临床实践**：教材结构分为11个章节，每章末尾配有选择题，旨在帮助读者巩固核心知识。书中还强调了临床试验结果的重要性，并提醒从业者在处理药物剂量、诊断及治疗方案时，必须结合患者个体情况并遵循最新的临床实践指南。

总体而言，本书通过系统化的知识架构和针对性的练习，为眼科医生和相关专业人员提供了一份兼顾基础理论与临床实践的综合性复习参考。",completed,17b790c8-2334-4fdd-887d-457a57286ef3,"# Summary
《眼科学回顾》（第二版）是一部旨在为眼科专业考试提供全面复习资料的学术教材。该书由William B. Trattler、Peter K. Kaiser和Neil J. Friedman共同编写，内容涵盖了眼科学的核心知识领域，并针对考试中常见的难点和前沿医疗技术进行了重点梳理。

该书的主要内容要点包括：

1.  **基础光学原理**：详细阐述了光的物理特性，包括波粒二象性、折射率、干涉、偏振、衍射及散射等现象。书中特别解释了这些光学原理在眼科临床中的应用，例如抗反射涂层、OCT（光学相干断层扫描）、针孔效应以及角膜和晶状体对光的影响。
2.  **眼部解剖与生理**：书中深入探讨了眼部各结构的生理功能，如结膜的组织学特征、泪膜的三层结构（脂质层、水液层、黏蛋白层）及其成分，以及角膜的生理测量指标。
3.  **临床病理与诊断**：通过大量的练习题和解析，涵盖了多种眼科疾病的诊断与治疗，包括视网膜疾病（如糖尿病视网膜病变、AMD、视网膜脱离）、眼眶疾病（如甲状腺相关眼病、眼眶植入物并发症）以及角膜与外眼疾病。
4.  **考试准备与临床实践**：教材结构分为11个章节，每章末尾配有选择题，旨在帮助读者巩固核心知识。书中还强调了临床试验结果的重要性，并提醒从业者在处理药物剂量、诊断及治疗方案时，必须结合患者个体情况并遵循最新的临床实践指南。

总体而言，本书通过系统化的知识架构和针对性的练习，为眼科医生和相关专业人员提供了一份兼顾基础理论与临床实践的综合性复习参考。",27572be0-973a-42f4-829c-b7c76319ea71
06-眼底病与视网膜内科,f900fe21-9deb-47e0-bf36-ce06022cae92,10000,2d13f328-a6f3-47bd-ae7f-f7efd5af89ad,Springer-Retinal Vein Occlusions-David J Browning 2012_weknora.mhtml,Springer-Retinal Vein Occlusions-David J Browning 2012_weknora.mhtml,"视网膜静脉阻塞（RVO）是继糖尿病视网膜病变之后第二常见的视网膜血管病变，常由高血压、糖尿病等全身性血管风险因素引起，并可能导致严重的视力下降。该病主要分为分支视网膜静脉阻塞（BRVO）、中央视网膜静脉阻塞（CRVO）及半侧中央视网膜静脉阻塞（HCRVO）。

关于视网膜静脉阻塞的管理，主要包含以下核心要点：

1. **病理与解剖基础**：RVO的发生是多因素共同作用的结果，涉及眼部解剖结构（如眼轴长度、巩膜出口直径）与生理病理机制。研究表明，较短的眼轴可能增加CRVO的患病风险。
2. **治疗演变**：治疗手段已从早期的视网膜激光光凝术（如针对黄斑水肿的格栅样激光和针对新生血管的散射激光）演变为目前的抗血管内皮生长因子（anti-VEGF）药物玻璃体腔注射。虽然药物治疗在改善黄斑水肿和新生血管方面效果显著，但其高昂的经济成本仍是临床面临的挑战。
3. **临床诊断与争议**：该领域存在诸多争议，包括分类标准的不统一以及对发病机制（如是否属于隔室综合征或静脉炎）的不同见解。临床实践中，由于缺乏统一标准，医生需在循证医学证据与个体化临床判断之间取得平衡。
4. **病程与随访**：RVO的自然病程具有高度变异性，部分非缺血性病例可自发缓解，但也存在从非缺血性向缺血性转化的风险。因此，患者需要长期的随访监测，以应对可能出现的视网膜新生血管等迟发性并发症。

总之，视网膜静脉阻塞的管理需要结合解剖学知识、临床试验数据及患者的具体病情进行综合评估。该领域的研究旨在通过严谨的证据评价，不断优化治疗策略，以改善患者的视力预后。",completed,1ce0eed0-fa2f-4e02-bef2-f3129034df46,"# Summary
视网膜静脉阻塞（RVO）是继糖尿病视网膜病变之后第二常见的视网膜血管病变，常由高血压、糖尿病等全身性血管风险因素引起，并可能导致严重的视力下降。该病主要分为分支视网膜静脉阻塞（BRVO）、中央视网膜静脉阻塞（CRVO）及半侧中央视网膜静脉阻塞（HCRVO）。

关于视网膜静脉阻塞的管理，主要包含以下核心要点：

1. **病理与解剖基础**：RVO的发生是多因素共同作用的结果，涉及眼部解剖结构（如眼轴长度、巩膜出口直径）与生理病理机制。研究表明，较短的眼轴可能增加CRVO的患病风险。
2. **治疗演变**：治疗手段已从早期的视网膜激光光凝术（如针对黄斑水肿的格栅样激光和针对新生血管的散射激光）演变为目前的抗血管内皮生长因子（anti-VEGF）药物玻璃体腔注射。虽然药物治疗在改善黄斑水肿和新生血管方面效果显著，但其高昂的经济成本仍是临床面临的挑战。
3. **临床诊断与争议**：该领域存在诸多争议，包括分类标准的不统一以及对发病机制（如是否属于隔室综合征或静脉炎）的不同见解。临床实践中，由于缺乏统一标准，医生需在循证医学证据与个体化临床判断之间取得平衡。
4. **病程与随访**：RVO的自然病程具有高度变异性，部分非缺血性病例可自发缓解，但也存在从非缺血性向缺血性转化的风险。因此，患者需要长期的随访监测，以应对可能出现的视网膜新生血管等迟发性并发症。

总之，视网膜静脉阻塞的管理需要结合解剖学知识、临床试验数据及患者的具体病情进行综合评估。该领域的研究旨在通过严谨的证据评价，不断优化治疗策略，以改善患者的视力预后。",199e383d-ef30-401c-919f-cd989e768e9d
02-角膜与眼表,f041b2b7-3147-4deb-a2f2-0de5cc53d296,10000,8ddb2e37-6bce-442c-962d-8124f491c795,Wills-Cornea-Christopher J Rapuano 2012_weknora.mhtml,Wills-Cornea-Christopher J Rapuano 2012_weknora.mhtml,"本书《临床眼科学彩色图谱与概要：威尔斯眼科研究所》（第二版）旨在为眼科住院医师、角膜病专科医师及临床医生提供一份关于角膜、眼前节及眼表疾病的临床指南。该书通过高质量的彩色临床照片与简洁的提纲式文字相结合，强调了临床体征识别与观察能力在诊断中的核心作用。

书中涵盖了多种眼部疾病的临床特征、诊断测试、鉴别诊断及治疗方案，主要内容包括：

1.  **眼睑与结膜炎症**：详细介绍了慢性睑缘炎、睑板腺功能障碍（Meibomitis）及霰粒肿（Chalazion）的病因、症状与治疗，强调了温敷、眼睑清洁及药物（如四环素类药物）在管理中的作用。同时讨论了细菌性结膜炎的临床表现及抗生素治疗策略。
2.  **疱疹病毒性角膜炎**：重点阐述了单纯疱疹病毒（HSV）引起的盘状角膜炎及坏死性基质角膜炎。治疗上通常采用局部皮质类固醇联合抗病毒药物，并强调了在长期使用类固醇时进行预防性抗病毒治疗的重要性。
3.  **手术并发症与角膜损伤**：探讨了角膜手术（如白内障手术）后的并发症，包括上皮植入（Epithelial downgrowth）及后弹力层剥离（Descemet’s detachment）。针对后弹力层剥离，书中介绍了通过前房注射空气或长效气体进行复位的治疗方法，并指出对于严重的卷曲性剥离，可能需要手术干预。

本书通过丰富的病例照片，旨在帮助读者提升对眼部异常体征的识别能力，从而做出准确的诊断并制定有效的治疗计划，强调了临床观察在眼科实践中的基础地位。",completed,03ffdc91-7ce7-4959-b332-c4d4dae13f7e,"# Summary
本书《临床眼科学彩色图谱与概要：威尔斯眼科研究所》（第二版）旨在为眼科住院医师、角膜病专科医师及临床医生提供一份关于角膜、眼前节及眼表疾病的临床指南。该书通过高质量的彩色临床照片与简洁的提纲式文字相结合，强调了临床体征识别与观察能力在诊断中的核心作用。

书中涵盖了多种眼部疾病的临床特征、诊断测试、鉴别诊断及治疗方案，主要内容包括：

1.  **眼睑与结膜炎症**：详细介绍了慢性睑缘炎、睑板腺功能障碍（Meibomitis）及霰粒肿（Chalazion）的病因、症状与治疗，强调了温敷、眼睑清洁及药物（如四环素类药物）在管理中的作用。同时讨论了细菌性结膜炎的临床表现及抗生素治疗策略。
2.  **疱疹病毒性角膜炎**：重点阐述了单纯疱疹病毒（HSV）引起的盘状角膜炎及坏死性基质角膜炎。治疗上通常采用局部皮质类固醇联合抗病毒药物，并强调了在长期使用类固醇时进行预防性抗病毒治疗的重要性。
3.  **手术并发症与角膜损伤**：探讨了角膜手术（如白内障手术）后的并发症，包括上皮植入（Epithelial downgrowth）及后弹力层剥离（Descemet’s detachment）。针对后弹力层剥离，书中介绍了通过前房注射空气或长效气体进行复位的治疗方法，并指出对于严重的卷曲性剥离，可能需要手术干预。

本书通过丰富的病例照片，旨在帮助读者提升对眼部异常体征的识别能力，从而做出准确的诊断并制定有效的治疗计划，强调了临床观察在眼科实践中的基础地位。",2f1d896d-f77d-4cf6-908a-7c8d3ca9626e
08-葡萄膜炎与眼内炎症,2c1efff9-0960-4d4b-a4c3-7acfb9411151,10000,58074419-c8aa-4ac2-bf83-f937505adb31,Wills-葡萄膜炎-Sunir J Garg 2012_weknora.mhtml,Wills-葡萄膜炎-Sunir J Garg 2012_weknora.mhtml,"本书为《Wills临床眼科彩色图谱及精要》丛书中的《葡萄膜炎》（第2版），由Sunir J. Garg主编，杨培增等译。该书旨在为眼科医生、住院医师及相关医疗人员提供涵盖眼部炎症性疾病的简明诊疗手册，全书包含450余幅病例照片及详尽的临床概述。

本书的核心内容包括：

1. **特定葡萄膜炎疾病的诊疗**：书中详细阐述了多灶性脉络膜炎/视网膜下纤维化综合征（MFCP）及点状内层脉络膜病变（PIC）等疾病。内容涵盖了流行病学特征、临床症状、体征、鉴别诊断、影像学检查（如眼底荧光血管造影、ICGA、OCT）及治疗策略。例如，针对MFCP，强调了糖皮质激素和免疫调节剂在控制炎症及预防脉络膜新生血管并发症中的重要作用。

2. **葡萄膜炎的全身药物治疗**：书中系统总结了葡萄膜炎的药物治疗方案，包括糖皮质激素、抗代谢药物、T细胞抑制剂、烷化剂及生物制剂（如TNF-α抑制剂）。书中详细列出了各类药物的作用机制、剂量建议及必要的实验室监测指标，并强调了在治疗过程中需根据患者情况调整用药，并警惕药物副作用。

3. **临床诊断与影像学应用**：通过丰富的图谱和文字，展示了多种影像学检查在诊断中的应用价值。例如，ICGA在识别脉络膜炎症病灶方面表现出比临床检查和眼底荧光造影更高的敏感性；OCT则能有效显示视网膜外层及色素上皮层面的病变特征。

4. **预后与管理**：全书强调了早期诊断和规范化治疗对改善预后的重要性，特别是通过免疫调节治疗可显著降低黄斑并发症及视力丧失的风险。

本书作为一本临床参考书，通过图文结合的方式，为葡萄膜炎的临床诊断、鉴别诊断及个体化治疗提供了权威的参考依据。",completed,9e6d6da4-daf8-494a-a928-242d51dc51db,"# Summary
本书为《Wills临床眼科彩色图谱及精要》丛书中的《葡萄膜炎》（第2版），由Sunir J. Garg主编，杨培增等译。该书旨在为眼科医生、住院医师及相关医疗人员提供涵盖眼部炎症性疾病的简明诊疗手册，全书包含450余幅病例照片及详尽的临床概述。

本书的核心内容包括：

1. **特定葡萄膜炎疾病的诊疗**：书中详细阐述了多灶性脉络膜炎/视网膜下纤维化综合征（MFCP）及点状内层脉络膜病变（PIC）等疾病。内容涵盖了流行病学特征、临床症状、体征、鉴别诊断、影像学检查（如眼底荧光血管造影、ICGA、OCT）及治疗策略。例如，针对MFCP，强调了糖皮质激素和免疫调节剂在控制炎症及预防脉络膜新生血管并发症中的重要作用。

2. **葡萄膜炎的全身药物治疗**：书中系统总结了葡萄膜炎的药物治疗方案，包括糖皮质激素、抗代谢药物、T细胞抑制剂、烷化剂及生物制剂（如TNF-α抑制剂）。书中详细列出了各类药物的作用机制、剂量建议及必要的实验室监测指标，并强调了在治疗过程中需根据患者情况调整用药，并警惕药物副作用。

3. **临床诊断与影像学应用**：通过丰富的图谱和文字，展示了多种影像学检查在诊断中的应用价值。例如，ICGA在识别脉络膜炎症病灶方面表现出比临床检查和眼底荧光造影更高的敏感性；OCT则能有效显示视网膜外层及色素上皮层面的病变特征。

4. **预后与管理**：全书强调了早期诊断和规范化治疗对改善预后的重要性，特别是通过免疫调节治疗可显著降低黄斑并发症及视力丧失的风险。

本书作为一本临床参考书，通过图文结合的方式，为葡萄膜炎的临床诊断、鉴别诊断及个体化治疗提供了权威的参考依据。",7ca29db2-e902-43e0-b598-416567846f64
04-屈光与视光：近视、接触镜与低视力,c73385b9-c154-4103-a93e-2d4c31f2423a,10000,b96b6610-e1ec-40ee-9d53-22da6a7cfd76,高度近视-张金嵩 2013_weknora.mhtml,高度近视-张金嵩 2013_weknora.mhtml,"《高度近视》是由张金嵩主编、杨进献和金学民任副主编的一部眼科学专著，由人民卫生出版社于2013年出版，全书约70万字，图片丰富。编写团队均为从事高度近视课题的临床眼科工作者和基础研究人员，该书旨在填补高度近视领域缺乏专门参考书的空白，供眼科临床医师、视光师、研究人员和研究生参考。

前言指出，高度近视是由遗传、环境、形觉剥夺、离焦诱导、调节紊乱等多种因素共同作用，伴有不同程度眼底和眼部病理改变、视功能进行性下降的一类屈光系统综合征，又称进行性近视、病理性近视、变性近视，本书以变性近视为主要内容，同时涵盖症状性高度近视。序言强调，高度近视在亚洲和中东极为常见，发生率（-6.00D以上）已超过总人口5%，高度近视性视网膜脉络膜病变致低视力或盲目者占低视力门诊量的20%，是重要的研究课题。

全书结构上，第一章系统介绍高度近视概况；第三、四章以研究资料阐述实验性高度近视与发病机制；临床症状、体征与检查部分除传统成熟资料外，详细叙述了电脑视野、OCT、HRT等新技术应用及眼底改变新资料并配以图文详解；临床治疗部分对屈光矫正、药物治疗和手术治疗提供传统与新颖方法并加以评述。书中插图展示了豹纹状眼底、漆样裂纹、Fuchs斑、黄斑出血、视网膜劈裂、黄斑裂孔、脉络膜新生血管（CNV）、后巩膜葡萄肿等典型眼底及OCT表现。

书中相关疾病内容还包括：圆锥角膜的紫外光核黄素交联疗法，即利用核黄素在370nm紫外光作用下诱导胶原纤维交联以增强角膜机械强度，同时介绍穿透性角膜移植、深板层角膜移植等手术方式；Marfan综合征的眼部病变，如晶状体异位、高度近视、视网膜脱离等；以及视网膜色素上皮（RPE）移植的内路法、外路法手术方法、移植效果、免疫排斥反应及玫瑰花结形成等尚待解决的问题。",completed,edf024d9-6d5a-42c2-959b-c39118ce9ef9,"# Summary
《高度近视》是由张金嵩主编、杨进献和金学民任副主编的一部眼科学专著，由人民卫生出版社于2013年出版，全书约70万字，图片丰富。编写团队均为从事高度近视课题的临床眼科工作者和基础研究人员，该书旨在填补高度近视领域缺乏专门参考书的空白，供眼科临床医师、视光师、研究人员和研究生参考。

前言指出，高度近视是由遗传、环境、形觉剥夺、离焦诱导、调节紊乱等多种因素共同作用，伴有不同程度眼底和眼部病理改变、视功能进行性下降的一类屈光系统综合征，又称进行性近视、病理性近视、变性近视，本书以变性近视为主要内容，同时涵盖症状性高度近视。序言强调，高度近视在亚洲和中东极为常见，发生率（-6.00D以上）已超过总人口5%，高度近视性视网膜脉络膜病变致低视力或盲目者占低视力门诊量的20%，是重要的研究课题。

全书结构上，第一章系统介绍高度近视概况；第三、四章以研究资料阐述实验性高度近视与发病机制；临床症状、体征与检查部分除传统成熟资料外，详细叙述了电脑视野、OCT、HRT等新技术应用及眼底改变新资料并配以图文详解；临床治疗部分对屈光矫正、药物治疗和手术治疗提供传统与新颖方法并加以评述。书中插图展示了豹纹状眼底、漆样裂纹、Fuchs斑、黄斑出血、视网膜劈裂、黄斑裂孔、脉络膜新生血管（CNV）、后巩膜葡萄肿等典型眼底及OCT表现。

书中相关疾病内容还包括：圆锥角膜的紫外光核黄素交联疗法，即利用核黄素在370nm紫外光作用下诱导胶原纤维交联以增强角膜机械强度，同时介绍穿透性角膜移植、深板层角膜移植等手术方式；Marfan综合征的眼部病变，如晶状体异位、高度近视、视网膜脱离等；以及视网膜色素上皮（RPE）移植的内路法、外路法手术方法、移植效果、免疫排斥反应及玫瑰花结形成等尚待解决的问题。",c845c3f0-4482-46a2-a4a4-08ddf1ad5d70
04-屈光与视光：近视、接触镜与低视力,c73385b9-c154-4103-a93e-2d4c31f2423a,10000,f684f5ed-d4a6-4fe7-934f-b09bb3602003,"A Complete Surgical Guide for Correcting Astigmatism- An Ophthalmic Manifesto-Bonnie An Henderson, James P. Gills 2011_weknora.mhtml","A Complete Surgical Guide for Correcting Astigmatism- An Ophthalmic Manifesto-Bonnie An Henderson, James P. Gills 2011_weknora.mhtml","《散光矫正完整手术指南：眼科宣言》（第二版）由邦妮·安·亨德森（Bonnie An Henderson）和詹姆斯·P·吉尔斯（James P. Gills）编辑，是一部旨在提升眼科手术中散光矫正效果的专业临床参考书。该书汇集了全球多位眼科专家的经验，探讨了在白内障及屈光手术中实现精准视力矫正的系统性方法。

该书的核心内容涵盖了以下几个关键方面：

1.  **散光的成因与矫正重要性**：散光是一种常见的屈光不正，主要源于角膜或晶状体，导致光线无法聚焦于视网膜上的单一焦点。随着患者对术后裸眼视力期望值的提高，散光矫正已成为现代眼科手术中提升患者满意度的关键因素。
2.  **多样化的手术技术**：书中详细介绍了多种矫正散光的方法，包括调整白内障手术切口的大小与位置、实施角膜松解切口（CRI）或缘部松解切口（LRI）、植入散光矫正型人工晶状体（Toric IOL），以及应用准分子激光消融技术。针对严重的角膜散光，临床上常需联合使用多种手段。
3.  **手术精准度与定位**：书中强调了手术精准度的重要性，特别是切口位置的确定。由于患者在仰卧位时可能发生眼球旋转（cyclotorsion），建议在患者直立位时进行标记。此外，利用角膜曲率计确定陡峭轴线，并使用专门的测量工具（如Mendez环）进行精准定位，对于确保手术效果至关重要。
4.  **技术演进与临床应用**：该书回顾了从19世纪末至今的散光手术发展史，包括角膜楔形切除、散光角膜切开术（AK）以及现代微创技术。书中还探讨了如何通过切口深度控制和位置选择，在保证手术效果的同时实现切口的自闭合。

总体而言，该指南为现代前段眼科医生提供了处理散光的理论基础与实践指导，旨在通过不断优化的手术策略，改善患者的术后屈光效果。",completed,a7483295-4a31-4de6-8acc-5f1453cfe657,"# Summary
《散光矫正完整手术指南：眼科宣言》（第二版）由邦妮·安·亨德森（Bonnie An Henderson）和詹姆斯·P·吉尔斯（James P. Gills）编辑，是一部旨在提升眼科手术中散光矫正效果的专业临床参考书。该书汇集了全球多位眼科专家的经验，探讨了在白内障及屈光手术中实现精准视力矫正的系统性方法。

该书的核心内容涵盖了以下几个关键方面：

1.  **散光的成因与矫正重要性**：散光是一种常见的屈光不正，主要源于角膜或晶状体，导致光线无法聚焦于视网膜上的单一焦点。随着患者对术后裸眼视力期望值的提高，散光矫正已成为现代眼科手术中提升患者满意度的关键因素。
2.  **多样化的手术技术**：书中详细介绍了多种矫正散光的方法，包括调整白内障手术切口的大小与位置、实施角膜松解切口（CRI）或缘部松解切口（LRI）、植入散光矫正型人工晶状体（Toric IOL），以及应用准分子激光消融技术。针对严重的角膜散光，临床上常需联合使用多种手段。
3.  **手术精准度与定位**：书中强调了手术精准度的重要性，特别是切口位置的确定。由于患者在仰卧位时可能发生眼球旋转（cyclotorsion），建议在患者直立位时进行标记。此外，利用角膜曲率计确定陡峭轴线，并使用专门的测量工具（如Mendez环）进行精准定位，对于确保手术效果至关重要。
4.  **技术演进与临床应用**：该书回顾了从19世纪末至今的散光手术发展史，包括角膜楔形切除、散光角膜切开术（AK）以及现代微创技术。书中还探讨了如何通过切口深度控制和位置选择，在保证手术效果的同时实现切口的自闭合。

总体而言，该指南为现代前段眼科医生提供了处理散光的理论基础与实践指导，旨在通过不断优化的手术策略，改善患者的术后屈光效果。",29da1c90-05d2-4975-adc4-797686e2a33a
12-眼眶与眼肿瘤,e785de98-5837-4eea-89a8-6a46cacb5173,10000,b5ecf27a-ef58-4cb6-87af-ee3d0d7920e2,Atlas of Clinical and Surgical Orbital Anatomy（第2版）-Jonathan J. Dutton 2011_weknora.mhtml,Atlas of Clinical and Surgical Orbital Anatomy（第2版）-Jonathan J. Dutton 2011_weknora.mhtml,"《临床与外科眼眶解剖图谱》（第二版）详细探讨了眼眶及相关结构的解剖学、胚胎发育及临床意义。该书重点涵盖了以下核心内容：

首先，本书深入分析了海绵窦（Cavernous Sinus）的解剖结构与胚胎发育。尽管“海绵窦”这一术语在医学上存在争议，且现代解剖学研究表明其并非真正的海绵状结构，但该术语因其历史沿革及临床广泛应用而被保留。书中详细描述了海绵窦从胚胎期前主静脉发育而来的复杂过程，包括静脉通道的形成、颅神经的定位以及蝶骨与脑膜结构的演变，强调了其作为眼眶与颅底重要静脉引流通道及神经血管传输路径的关键作用。

其次，书中详细阐述了眼眶内的血管系统，特别是眼动脉及其分支（如泪腺动脉、肌肉动脉及前睫状动脉）的走行、分布及吻合情况。这些血管不仅为眼外肌提供血液供应，还通过与颅内及面部血管的吻合，形成复杂的循环网络，维持眼部及附属器的生理功能。

最后，通过轴向与冠状切面图谱，本书提供了眼眶结构的详细影像学解剖参考。这些图谱展示了眼球、眼外肌（如直肌、斜肌）、提上睑肌、泪腺、视神经以及眶内静脉与动脉的精确空间关系。通过对不同层面的切面分析，书中清晰呈现了眶内脂肪、筋膜系统及骨性结构的解剖细节，为临床医生理解眼眶病变及其手术路径提供了重要的解剖学依据。

总体而言，该书通过结合胚胎发育史、血管解剖学及高精度的影像切面，为眼科医师及外科医生提供了关于眼眶及颅底区域全面且深入的解剖学参考。",completed,4e151df1-9bc0-4f40-a0b8-5a1ae272153c,"# Summary
《临床与外科眼眶解剖图谱》（第二版）详细探讨了眼眶及相关结构的解剖学、胚胎发育及临床意义。该书重点涵盖了以下核心内容：

首先，本书深入分析了海绵窦（Cavernous Sinus）的解剖结构与胚胎发育。尽管“海绵窦”这一术语在医学上存在争议，且现代解剖学研究表明其并非真正的海绵状结构，但该术语因其历史沿革及临床广泛应用而被保留。书中详细描述了海绵窦从胚胎期前主静脉发育而来的复杂过程，包括静脉通道的形成、颅神经的定位以及蝶骨与脑膜结构的演变，强调了其作为眼眶与颅底重要静脉引流通道及神经血管传输路径的关键作用。

其次，书中详细阐述了眼眶内的血管系统，特别是眼动脉及其分支（如泪腺动脉、肌肉动脉及前睫状动脉）的走行、分布及吻合情况。这些血管不仅为眼外肌提供血液供应，还通过与颅内及面部血管的吻合，形成复杂的循环网络，维持眼部及附属器的生理功能。

最后，通过轴向与冠状切面图谱，本书提供了眼眶结构的详细影像学解剖参考。这些图谱展示了眼球、眼外肌（如直肌、斜肌）、提上睑肌、泪腺、视神经以及眶内静脉与动脉的精确空间关系。通过对不同层面的切面分析，书中清晰呈现了眶内脂肪、筋膜系统及骨性结构的解剖细节，为临床医生理解眼眶病变及其手术路径提供了重要的解剖学依据。

总体而言，该书通过结合胚胎发育史、血管解剖学及高精度的影像切面，为眼科医师及外科医生提供了关于眼眶及颅底区域全面且深入的解剖学参考。",a1789baa-4931-4f52-8914-df1a44fbf57d
02-角膜与眼表,f041b2b7-3147-4deb-a2f2-0de5cc53d296,10000,b9ed01cc-3538-4665-9de9-09d8a35252dc,"Cornea - Fundamentals, Diagnosis and Management-Jay H. Krachmer、Mark J. Mannis、Edward J. Holland 2011_weknora.mhtml","Cornea - Fundamentals, Diagnosis and Management-Jay H. Krachmer、Mark J. Mannis、Edward J. Holland 2011_weknora.mhtml","本书《角膜》（Cornea）第三版是一部关于眼科学亚专科的综合性权威著作，旨在系统梳理角膜及眼表疾病的病理生理学、诊断技术及治疗手段。该书由Jay H. Krachmer、Mark J. Mannis和Edward J. Holland主编，汇集了领域内多位专家的研究成果，并以印刷版和电子版两种形式发行，以适应现代医学对信息获取便捷性和权威性的双重需求。

本书的核心内容涵盖了以下几个关键方面：

1.  **诊断技术的进步**：书中强调了分子诊断技术在眼科感染性疾病中的应用价值。以真菌性角膜炎为例，聚合酶链反应（PCR）及分子序列分析在病原体识别的敏感性和特异性上优于传统的微生物培养法，尽管目前受限于设备成本和专业人员短缺，但其在提高诊断速度和减少并发症方面具有重要意义。
2.  **治疗策略的演变**：在真菌性角膜炎的治疗中，临床决策主要依赖于临床经验、动物实验数据及已发表的敏感性研究。书中指出，体外敏感性测试在临床应用中并不常用。目前主要治疗药物包括多烯类（如那他霉素、两性霉素B）、唑类、嘧啶类和棘白菌素类，其中那他霉素是美国目前唯一可用的局部抗真菌药物。
3.  **临床实践与安全性**：作为一部医学参考书，书中明确了医疗实践中知识更新的动态性。编者强调，临床医生在参考书中提到的药物剂量、治疗方法及实验方案时，必须结合患者的个体情况，并参考最新的厂商说明及专业指南，以确保患者安全。
4.  **广泛的病理覆盖**：通过索引内容可见，该书详细探讨了从角膜营养不良、感染性角膜炎、眼表损伤（如化学伤、烧伤）到全身性疾病引起的眼部表现（如威尔逊氏病、维生素A缺乏症导致的干眼症等）的广泛课题，并深入分析了角膜伤口愈合的生物学机制。

本书不仅为眼科住院医师和研究人员提供了深入的理论知识，也为临床实践提供了重要的参考依据，体现了该领域在诊断和治疗手段上的持续革新。",completed,22c8596a-883c-43e7-a5e1-66174f98cdd0,"# Summary
本书《角膜》（Cornea）第三版是一部关于眼科学亚专科的综合性权威著作，旨在系统梳理角膜及眼表疾病的病理生理学、诊断技术及治疗手段。该书由Jay H. Krachmer、Mark J. Mannis和Edward J. Holland主编，汇集了领域内多位专家的研究成果，并以印刷版和电子版两种形式发行，以适应现代医学对信息获取便捷性和权威性的双重需求。

本书的核心内容涵盖了以下几个关键方面：

1.  **诊断技术的进步**：书中强调了分子诊断技术在眼科感染性疾病中的应用价值。以真菌性角膜炎为例，聚合酶链反应（PCR）及分子序列分析在病原体识别的敏感性和特异性上优于传统的微生物培养法，尽管目前受限于设备成本和专业人员短缺，但其在提高诊断速度和减少并发症方面具有重要意义。
2.  **治疗策略的演变**：在真菌性角膜炎的治疗中，临床决策主要依赖于临床经验、动物实验数据及已发表的敏感性研究。书中指出，体外敏感性测试在临床应用中并不常用。目前主要治疗药物包括多烯类（如那他霉素、两性霉素B）、唑类、嘧啶类和棘白菌素类，其中那他霉素是美国目前唯一可用的局部抗真菌药物。
3.  **临床实践与安全性**：作为一部医学参考书，书中明确了医疗实践中知识更新的动态性。编者强调，临床医生在参考书中提到的药物剂量、治疗方法及实验方案时，必须结合患者的个体情况，并参考最新的厂商说明及专业指南，以确保患者安全。
4.  **广泛的病理覆盖**：通过索引内容可见，该书详细探讨了从角膜营养不良、感染性角膜炎、眼表损伤（如化学伤、烧伤）到全身性疾病引起的眼部表现（如威尔逊氏病、维生素A缺乏症导致的干眼症等）的广泛课题，并深入分析了角膜伤口愈合的生物学机制。

本书不仅为眼科住院医师和研究人员提供了深入的理论知识，也为临床实践提供了重要的参考依据，体现了该领域在诊断和治疗手段上的持续革新。",e9422d81-81f9-472f-ba76-26e0271d1b1e
02-角膜与眼表,f041b2b7-3147-4deb-a2f2-0de5cc53d296,10000,2f9b22a5-e066-4ca6-a0a2-074e656bf975,Cornea-Jay H Krachmer 2011_weknora.mhtml,Cornea-Jay H Krachmer 2011_weknora.mhtml,"这份文档包含了《角膜：基础、诊断与管理》（第三版）的部分内容，主要涵盖了DVD-ROM许可协议、单纯疱疹病毒（HSV）角膜炎的治疗指南，以及有晶状体眼人工晶状体（Phakic IOL）植入术的相关讨论。

核心内容总结如下：

1.  **DVD-ROM许可协议**：文档明确了Elsevier对该DVD-ROM产品的版权所有权，规定了用户仅能将其用于个人目的，严禁未经授权的复制、分发、修改或商业转让。协议还规定了有限保修条款，明确了Elsevier在法律允许范围内的责任限制，并指出医疗信息仅供专业人员参考。
2.  **HSV角膜炎的治疗与诊断**：文档详细列出了针对不同严重程度的HSV角膜炎（如基质角膜炎、内皮炎、神经性角膜病变等）的药物治疗方案，包括局部及口服皮质类固醇与抗病毒药物的使用。特别强调了区分“感染性上皮角膜炎”与“HSV树枝状上皮病变”的重要性，指出误诊会导致抗病毒药物的过度使用，并讨论了病毒对药物产生耐药性时的应对策略。
3.  **有晶状体眼人工晶状体（Phakic IOL）的应用**：文档对比了Phakic IOL与LASIK在高度近视治疗中的优劣。研究表明，Phakic IOL在视觉质量、对比敏感度、预测性及稳定性方面表现优异，尤其适用于LASIK效果不佳的病例。
4.  **手术联合方案（Bioptics）**：探讨了将Phakic IOL与角膜屈光手术（如LASIK）联合使用的“双重手术（Bioptics）”方案，旨在为极高度屈光不正患者提供更好的视觉矫正效果，同时强调了对术中角膜内皮损伤及白内障形成等安全风险的关注。

总体而言，该文档既提供了临床医学的专业治疗指导，也涵盖了医疗出版物的法律合规要求及前沿眼科手术技术的评估。",completed,d31f275d-a07b-4421-97e3-97e6dcea3cea,"# Summary
这份文档包含了《角膜：基础、诊断与管理》（第三版）的部分内容，主要涵盖了DVD-ROM许可协议、单纯疱疹病毒（HSV）角膜炎的治疗指南，以及有晶状体眼人工晶状体（Phakic IOL）植入术的相关讨论。

核心内容总结如下：

1.  **DVD-ROM许可协议**：文档明确了Elsevier对该DVD-ROM产品的版权所有权，规定了用户仅能将其用于个人目的，严禁未经授权的复制、分发、修改或商业转让。协议还规定了有限保修条款，明确了Elsevier在法律允许范围内的责任限制，并指出医疗信息仅供专业人员参考。
2.  **HSV角膜炎的治疗与诊断**：文档详细列出了针对不同严重程度的HSV角膜炎（如基质角膜炎、内皮炎、神经性角膜病变等）的药物治疗方案，包括局部及口服皮质类固醇与抗病毒药物的使用。特别强调了区分“感染性上皮角膜炎”与“HSV树枝状上皮病变”的重要性，指出误诊会导致抗病毒药物的过度使用，并讨论了病毒对药物产生耐药性时的应对策略。
3.  **有晶状体眼人工晶状体（Phakic IOL）的应用**：文档对比了Phakic IOL与LASIK在高度近视治疗中的优劣。研究表明，Phakic IOL在视觉质量、对比敏感度、预测性及稳定性方面表现优异，尤其适用于LASIK效果不佳的病例。
4.  **手术联合方案（Bioptics）**：探讨了将Phakic IOL与角膜屈光手术（如LASIK）联合使用的“双重手术（Bioptics）”方案，旨在为极高度屈光不正患者提供更好的视觉矫正效果，同时强调了对术中角膜内皮损伤及白内障形成等安全风险的关注。

总体而言，该文档既提供了临床医学的专业治疗指导，也涵盖了医疗出版物的法律合规要求及前沿眼科手术技术的评估。",d2a63805-9879-485a-a705-738a85df5cc2
19-检查：视觉电生理,90a38a5f-92ce-4de3-a03a-152fd1db4d8e,10000,41a60d54-0c4a-43c6-a026-c236952ba2a0,Electroretinograms-Gregor Belušič 2011_weknora.mhtml,Electroretinograms-Gregor Belušič 2011_weknora.mhtml,"视网膜电图（ERG）是一种非侵入性的电生理检测手段，用于客观评估视网膜及视觉通路的功能。该技术通过记录眼部在光刺激下产生的电位变化，能够分析视杆细胞、视锥细胞、双极细胞及神经节细胞等不同视网膜细胞层的活动。

本文档的核心内容涵盖以下几个方面：

1.  **基本原理与技术演进**：ERG的生理基础在于视网膜神经元的静息电位及光转导过程。光子触发视紫红质的构象改变，进而引发级联反应，导致细胞膜电位波动。自19世纪中叶发现眼部电位以来，ERG技术经历了从基础记录到临床应用的演变，现已发展出全视野ERG（fFERG）、多焦ERG（mfERG）和图形ERG（PERG）等多种精细化检测手段。

2.  **临床诊断应用**：ERG是诊断多种遗传性视网膜疾病的关键工具。文档详细讨论了先天性静止性夜盲症（如Rambusch型、Oguchi病）、视网膜色素上皮病变（如白点状视网膜炎）以及遗传性黄斑变性（如Stargardt病）等疾病的临床表现与ERG特征，通过分析波形变化，医生能够区分不同类型的视网膜功能障碍。

3.  **动物模型研究**：果蝇（Drosophila）作为重要的模式生物，在视觉研究及人类疾病模拟中发挥着重要作用。通过对果蝇特定基因（如*norpA*、*inaC*）突变的研究，科研人员能够利用ERG观察视网膜退行性变及光感受器功能异常。此外，ERG常与离子浓度监测、氧化还原状态测量等技术结合，为研究人类帕金森病、阿尔茨海默病等多种系统性疾病提供实验平台。

4.  **综合价值**：ERG不仅是眼科临床诊断视网膜疾病的基石，也是神经科学及基础生物医学研究中不可或缺的手段。通过对不同物种模型及人类病理状态的分析，该技术为理解视觉系统的功能完整性及病理机制提供了量化依据。",completed,2385c795-3d69-4b10-8e81-5c294440c145,"# Summary
视网膜电图（ERG）是一种非侵入性的电生理检测手段，用于客观评估视网膜及视觉通路的功能。该技术通过记录眼部在光刺激下产生的电位变化，能够分析视杆细胞、视锥细胞、双极细胞及神经节细胞等不同视网膜细胞层的活动。

本文档的核心内容涵盖以下几个方面：

1.  **基本原理与技术演进**：ERG的生理基础在于视网膜神经元的静息电位及光转导过程。光子触发视紫红质的构象改变，进而引发级联反应，导致细胞膜电位波动。自19世纪中叶发现眼部电位以来，ERG技术经历了从基础记录到临床应用的演变，现已发展出全视野ERG（fFERG）、多焦ERG（mfERG）和图形ERG（PERG）等多种精细化检测手段。

2.  **临床诊断应用**：ERG是诊断多种遗传性视网膜疾病的关键工具。文档详细讨论了先天性静止性夜盲症（如Rambusch型、Oguchi病）、视网膜色素上皮病变（如白点状视网膜炎）以及遗传性黄斑变性（如Stargardt病）等疾病的临床表现与ERG特征，通过分析波形变化，医生能够区分不同类型的视网膜功能障碍。

3.  **动物模型研究**：果蝇（Drosophila）作为重要的模式生物，在视觉研究及人类疾病模拟中发挥着重要作用。通过对果蝇特定基因（如*norpA*、*inaC*）突变的研究，科研人员能够利用ERG观察视网膜退行性变及光感受器功能异常。此外，ERG常与离子浓度监测、氧化还原状态测量等技术结合，为研究人类帕金森病、阿尔茨海默病等多种系统性疾病提供实验平台。

4.  **综合价值**：ERG不仅是眼科临床诊断视网膜疾病的基石，也是神经科学及基础生物医学研究中不可或缺的手段。通过对不同物种模型及人类病理状态的分析，该技术为理解视觉系统的功能完整性及病理机制提供了量化依据。",77ff0e75-c846-4cfa-8ad9-b97c2ab85f8d
02-角膜与眼表,f041b2b7-3147-4deb-a2f2-0de5cc53d296,10000,3d8f3a35-eff9-424a-8e57-cf38d6f82b12,Corneal Dystrophies-Lisch and Seitz 2011_weknora.mhtml,Corneal Dystrophies-Lisch and Seitz 2011_weknora.mhtml,"本书《角膜营养不良》（*Corneal Dystrophies*）由Walter Lisch和Berthold Seitz编辑，系统性地探讨了角膜营养不良的病理机制、分类、历史误区及临床治疗进展。

该书的核心内容涵盖以下几个方面：

1.  **病理生理学与分子遗传学**：角膜由上皮、基质和内皮三层组成，各层的功能障碍均可导致相应的营养不良。随着分子遗传学的发展，研究人员已明确多种角膜营养不良的基因突变，并指出表型与基因型之间存在复杂的异质性。目前，理解这些复杂的分子机制是开发未来因果疗法的关键。
2.  **分类与历史修正**：国际角膜营养不良分类委员会（IC3D）对25种角膜营养不良进行了分类，并根据证据等级进行了分级。书中特别指出，早期关于角膜营养不良的文献多以德语发表，由于语言障碍和引用失实，导致了长期的学术误传和误解（如对Reis-Bücklers角膜营养不良的错误描述），强调了基于现代科学视角重新审视历史文献的必要性。
3.  **特定疾病研究**：书中详细分析了多种疾病，如生物素结晶性营养不良（BCD），指出其与CYP4V2基因突变及脂质代谢异常相关，且在东亚人群中更为常见。通过对比酪氨酸血症II型与Schnyder角膜营养不良（SCD），阐明了临床鉴别诊断的重要性。
4.  **临床治疗策略**：治疗方案需根据病变阶段进行选择。对于浅层病变，准分子激光治疗性角膜切削术（PTK）是首选；对于深层基质病变，深板层角膜移植术（DALK）有效；而内皮营养不良则首选后弹力层剥离自动角膜内皮移植术（DSAEK）。针对角膜与白内障合并病变，书中讨论了“三联手术”与分步手术的利弊，强调了在老年患者中选择合适手术路径的重要性。

总结而言，该书强调了准确的组织学分类对于制定分阶段治疗方案的必要性，并呼吁在未来的临床研究中采用更严谨的评估指标（如内皮细胞计数、免疫反应率及视觉质量指标），以客观评价不同手术技术的临床价值。",completed,e5eed5eb-43a1-41c2-ae7f-8c81d24a320c,"# Summary
本书《角膜营养不良》（*Corneal Dystrophies*）由Walter Lisch和Berthold Seitz编辑，系统性地探讨了角膜营养不良的病理机制、分类、历史误区及临床治疗进展。

该书的核心内容涵盖以下几个方面：

1.  **病理生理学与分子遗传学**：角膜由上皮、基质和内皮三层组成，各层的功能障碍均可导致相应的营养不良。随着分子遗传学的发展，研究人员已明确多种角膜营养不良的基因突变，并指出表型与基因型之间存在复杂的异质性。目前，理解这些复杂的分子机制是开发未来因果疗法的关键。
2.  **分类与历史修正**：国际角膜营养不良分类委员会（IC3D）对25种角膜营养不良进行了分类，并根据证据等级进行了分级。书中特别指出，早期关于角膜营养不良的文献多以德语发表，由于语言障碍和引用失实，导致了长期的学术误传和误解（如对Reis-Bücklers角膜营养不良的错误描述），强调了基于现代科学视角重新审视历史文献的必要性。
3.  **特定疾病研究**：书中详细分析了多种疾病，如生物素结晶性营养不良（BCD），指出其与CYP4V2基因突变及脂质代谢异常相关，且在东亚人群中更为常见。通过对比酪氨酸血症II型与Schnyder角膜营养不良（SCD），阐明了临床鉴别诊断的重要性。
4.  **临床治疗策略**：治疗方案需根据病变阶段进行选择。对于浅层病变，准分子激光治疗性角膜切削术（PTK）是首选；对于深层基质病变，深板层角膜移植术（DALK）有效；而内皮营养不良则首选后弹力层剥离自动角膜内皮移植术（DSAEK）。针对角膜与白内障合并病变，书中讨论了“三联手术”与分步手术的利弊，强调了在老年患者中选择合适手术路径的重要性。

总结而言，该书强调了准确的组织学分类对于制定分阶段治疗方案的必要性，并呼吁在未来的临床研究中采用更严谨的评估指标（如内皮细胞计数、免疫反应率及视觉质量指标），以客观评价不同手术技术的临床价值。",aadccd98-da42-4311-8551-139f21b94a5e
12-眼眶与眼肿瘤,e785de98-5837-4eea-89a8-6a46cacb5173,10000,ee36ffee-f4b6-4f45-a415-d9d58efde075,"Retinoblastoma-Carlos Rodriguez-Galindo, Matthew W. Wilson 2010_weknora.mhtml","Retinoblastoma-Carlos Rodriguez-Galindo, Matthew W. Wilson 2010_weknora.mhtml","视网膜母细胞瘤（Retinoblastoma）是一种罕见但对癌症研究具有重要意义的疾病。该书由Carlos Rodriguez-Galindo和Matthew W. Wilson主编，汇集了多位专家，从生物学、流行病学及临床治疗等多个维度对该病进行了深入探讨。

该文档的核心内容包括以下几个方面：

1.  **遗传学基础与研究历程**：视网膜母细胞瘤的研究推动了癌症遗传学的发展。Alfred Knudson提出的“二次打击假说”（two-hit hypothesis）为肿瘤抑制基因的研究奠定了概念框架，并促成了RB1基因的发现。尽管RB1在人类肿瘤中起关键作用，但小鼠模型研究揭示了物种间的复杂性，即单纯的Rb1缺失并不足以在小鼠中诱发视网膜母细胞瘤。
2.  **多学科治疗模式**：现代视网膜母细胞瘤的治疗强调多学科协作，涵盖肿瘤学、眼科学及发育评估。治疗目标已从单纯的生存转向眼球保留及视觉功能保护。
3.  **临床治疗策略**：治疗方案根据疾病分期（R-E分期及国际分期）而定。对于早期病例，化疗（如长春新碱、卡铂等）效果显著；对于晚期病例（如D组），尽管化疗联合局部治疗已成为主流，但眼球保留率仍面临挑战，且常需结合放射治疗。此外，研究者探讨了通过环孢素等药物抑制ATP结合盒转运蛋白以克服化疗耐药的可能性。
4.  **全球医疗差异**：尽管发达国家在眼球保留方面取得了进展，但发展中国家仍面临诊断延迟、医疗资源匮乏及治疗效果不佳的严峻挑战。
5.  **鉴别诊断**：文档通过影像学资料详细列举了视网膜母细胞瘤的分期标准（A-E组），并提供了包括视网膜星形细胞瘤、脉络膜骨瘤、Coats病、髓上皮瘤、弓蛔虫脉络膜视网膜炎及永存性原始玻璃体增生症（PFV）等疾病的鉴别诊断依据。

总体而言，该书旨在总结视网膜母细胞瘤从基础生物学到临床实践的最新进展，强调了在不断进步的治疗手段中，提升全球诊疗水平与关注患者长期预后的重要性。",completed,ab03688d-e17a-4294-a326-9431266a05ee,"# Summary
视网膜母细胞瘤（Retinoblastoma）是一种罕见但对癌症研究具有重要意义的疾病。该书由Carlos Rodriguez-Galindo和Matthew W. Wilson主编，汇集了多位专家，从生物学、流行病学及临床治疗等多个维度对该病进行了深入探讨。

该文档的核心内容包括以下几个方面：

1.  **遗传学基础与研究历程**：视网膜母细胞瘤的研究推动了癌症遗传学的发展。Alfred Knudson提出的“二次打击假说”（two-hit hypothesis）为肿瘤抑制基因的研究奠定了概念框架，并促成了RB1基因的发现。尽管RB1在人类肿瘤中起关键作用，但小鼠模型研究揭示了物种间的复杂性，即单纯的Rb1缺失并不足以在小鼠中诱发视网膜母细胞瘤。
2.  **多学科治疗模式**：现代视网膜母细胞瘤的治疗强调多学科协作，涵盖肿瘤学、眼科学及发育评估。治疗目标已从单纯的生存转向眼球保留及视觉功能保护。
3.  **临床治疗策略**：治疗方案根据疾病分期（R-E分期及国际分期）而定。对于早期病例，化疗（如长春新碱、卡铂等）效果显著；对于晚期病例（如D组），尽管化疗联合局部治疗已成为主流，但眼球保留率仍面临挑战，且常需结合放射治疗。此外，研究者探讨了通过环孢素等药物抑制ATP结合盒转运蛋白以克服化疗耐药的可能性。
4.  **全球医疗差异**：尽管发达国家在眼球保留方面取得了进展，但发展中国家仍面临诊断延迟、医疗资源匮乏及治疗效果不佳的严峻挑战。
5.  **鉴别诊断**：文档通过影像学资料详细列举了视网膜母细胞瘤的分期标准（A-E组），并提供了包括视网膜星形细胞瘤、脉络膜骨瘤、Coats病、髓上皮瘤、弓蛔虫脉络膜视网膜炎及永存性原始玻璃体增生症（PFV）等疾病的鉴别诊断依据。

总体而言，该书旨在总结视网膜母细胞瘤从基础生物学到临床实践的最新进展，强调了在不断进步的治疗手段中，提升全球诊疗水平与关注患者长期预后的重要性。",2e56c945-ab6a-4cb0-b268-cc97161c5508
09-神经眼科,be1e44f1-985d-4445-b6a3-e60a0f43f85e,10000,a9d0b801-6b90-4bb6-9c33-613d5ca00bea,"Neuroimaging in Ophthalmology-Michael C. Johnson, Bruno A. Policeni, Andrew G. Lee, Wendy R.K. Smoker 2011_weknora.mhtml","Neuroimaging in Ophthalmology-Michael C. Johnson, Bruno A. Policeni, Andrew G. Lee, Wendy R.K. Smoker 2011_weknora.mhtml","《眼科神经影像学》（第三版）旨在为眼科医生提供关于神经影像学检查的临床指导，重点阐述了计算机断层扫描（CT）和磁共振成像（MRI）在评估眼眶及神经眼科疾病中的应用。该书强调了临床医生与放射科医生之间有效沟通的重要性，主张通过明确的解剖定位、临床发现与影像学结果的紧密结合，以实现更精准的诊断。

本书的核心内容涵盖以下几个方面：

1.  **影像学基础与技术更新**：书中详细介绍了CT和MRI的基本物理原理、适应症及禁忌症。更新内容包括静脉对比剂的使用规范、血管成像技术（如CTA、MRA、CTV、MRV）的进展，以及特定的MRI序列（如脂肪抑制、FLAIR、DWI等）在临床诊断中的价值。
2.  **临床决策与检查选择**：针对视力丧失、瞳孔异常、眼球突出、复视及眼眶外伤等多种临床场景，书中提供了影像学检查的决策指南。虽然MRI在多数颅内神经眼科疾病中具有优势，但CT在评估急性出血、骨骼病变、眼眶外伤及甲状腺相关眼病方面仍不可替代。
3.  **临床与影像的关联**：通过丰富的病例图示（包括垂体腺瘤、颅咽管瘤、视神经胶质瘤及视神经鞘脑膜瘤等），展示了如何通过影像学特征进行鉴别诊断。书中特别强调，眼科医生在开具检查单时，必须提供详尽的临床信息和鉴别诊断思路，以确保放射科医生能够选择最优的扫描方案并给出准确的解读。
4.  **规范化诊疗流程**：本书旨在帮助眼科医生掌握神经影像学的基本框架，从基础物理原理到具体的病理影像表现，从而提高临床诊疗的效率与准确性，减少不必要的检查，并优化患者的诊疗路径。

总体而言，该专著是眼科医生在神经眼科领域进行影像学评估的重要参考工具，强调了技术理解与临床实践相结合的必要性。",completed,2fcc3a3c-51d9-4c00-9399-e35b33dd7530,"# Summary
《眼科神经影像学》（第三版）旨在为眼科医生提供关于神经影像学检查的临床指导，重点阐述了计算机断层扫描（CT）和磁共振成像（MRI）在评估眼眶及神经眼科疾病中的应用。该书强调了临床医生与放射科医生之间有效沟通的重要性，主张通过明确的解剖定位、临床发现与影像学结果的紧密结合，以实现更精准的诊断。

本书的核心内容涵盖以下几个方面：

1.  **影像学基础与技术更新**：书中详细介绍了CT和MRI的基本物理原理、适应症及禁忌症。更新内容包括静脉对比剂的使用规范、血管成像技术（如CTA、MRA、CTV、MRV）的进展，以及特定的MRI序列（如脂肪抑制、FLAIR、DWI等）在临床诊断中的价值。
2.  **临床决策与检查选择**：针对视力丧失、瞳孔异常、眼球突出、复视及眼眶外伤等多种临床场景，书中提供了影像学检查的决策指南。虽然MRI在多数颅内神经眼科疾病中具有优势，但CT在评估急性出血、骨骼病变、眼眶外伤及甲状腺相关眼病方面仍不可替代。
3.  **临床与影像的关联**：通过丰富的病例图示（包括垂体腺瘤、颅咽管瘤、视神经胶质瘤及视神经鞘脑膜瘤等），展示了如何通过影像学特征进行鉴别诊断。书中特别强调，眼科医生在开具检查单时，必须提供详尽的临床信息和鉴别诊断思路，以确保放射科医生能够选择最优的扫描方案并给出准确的解读。
4.  **规范化诊疗流程**：本书旨在帮助眼科医生掌握神经影像学的基本框架，从基础物理原理到具体的病理影像表现，从而提高临床诊疗的效率与准确性，减少不必要的检查，并优化患者的诊疗路径。

总体而言，该专著是眼科医生在神经眼科领域进行影像学评估的重要参考工具，强调了技术理解与临床实践相结合的必要性。",c6f7ea28-1991-49a1-95a5-6a6d38443fcb
10-小儿眼科：斜视与弱视等,d6a5115a-067a-4514-afbf-9fe81b4e64c0,10000,96929618-abe1-4d66-80a4-562df226df95,Pediatric Practice Ophthalmology-Lueder 2011_weknora.mhtml,Pediatric Practice Ophthalmology-Lueder 2011_weknora.mhtml,"本书旨在弥合儿科与眼科之间的知识鸿沟，为儿科医生提供实用的眼科临床指导。作者强调，由于医学教育中眼科教学的局限性及眼科专业术语的复杂性，儿科医生在面对眼科问题时往往需要专业参考。全书分为三个部分：眼部评估、临床症状处理及眼科疾病详解，内容结合了作者的个人经验与循证医学证据。

本书的核心要点包括：

1. **评估与病史采集**：眼部检查应纳入常规儿童体检。详细的病史采集至关重要，包括围产期病史、发育情况、家族遗传史及系统性疾病回顾。对于特定的眼部症状，医生应关注发病时间、频率及进展情况，并结合家族史判断是否存在遗传性或多因素疾病。
2. **眼睑与睫毛异常**：书中详细讨论了多种先天性及获得性眼睑病变，如眼睑缺损（Coloboma）、睑缘粘连（Ankyloblepharon）、倒睫（Distichiasis）及拔毛癖（Trichotillomania）。眼睑水肿常作为系统性疾病（如红斑狼疮）的早期征兆，需引起临床警惕。
3. **眼球运动障碍与眼球震颤**：眼球震颤的评估需区分水平与垂直震颤，后者可能暗示视网膜营养不良或中枢神经系统肿瘤。此外，书中介绍了眼球运动异常的特殊表现，如视阵挛（Opsoclonus，可能与神经母细胞瘤相关）和先天性眼球运动失用（COMA）。
4. **治疗原则**：针对眼部疾病的治疗，首要任务是解决潜在的系统性病因。对于眼球震颤引起的代偿性头位，若角度较大，可通过手术调整眼外肌以改善视力；对于无法治愈的感官剥夺性眼球震颤，则应尽早提供低视力服务。

作者建议儿科医生与眼科专家建立协作关系，以便在处理复杂病例时能及时获得专业支持，从而为患儿制定最佳的诊疗计划。",completed,a8ce3d8f-9e09-465b-8dd1-21b72fdce92b,"# Summary
本书旨在弥合儿科与眼科之间的知识鸿沟，为儿科医生提供实用的眼科临床指导。作者强调，由于医学教育中眼科教学的局限性及眼科专业术语的复杂性，儿科医生在面对眼科问题时往往需要专业参考。全书分为三个部分：眼部评估、临床症状处理及眼科疾病详解，内容结合了作者的个人经验与循证医学证据。

本书的核心要点包括：

1. **评估与病史采集**：眼部检查应纳入常规儿童体检。详细的病史采集至关重要，包括围产期病史、发育情况、家族遗传史及系统性疾病回顾。对于特定的眼部症状，医生应关注发病时间、频率及进展情况，并结合家族史判断是否存在遗传性或多因素疾病。
2. **眼睑与睫毛异常**：书中详细讨论了多种先天性及获得性眼睑病变，如眼睑缺损（Coloboma）、睑缘粘连（Ankyloblepharon）、倒睫（Distichiasis）及拔毛癖（Trichotillomania）。眼睑水肿常作为系统性疾病（如红斑狼疮）的早期征兆，需引起临床警惕。
3. **眼球运动障碍与眼球震颤**：眼球震颤的评估需区分水平与垂直震颤，后者可能暗示视网膜营养不良或中枢神经系统肿瘤。此外，书中介绍了眼球运动异常的特殊表现，如视阵挛（Opsoclonus，可能与神经母细胞瘤相关）和先天性眼球运动失用（COMA）。
4. **治疗原则**：针对眼部疾病的治疗，首要任务是解决潜在的系统性病因。对于眼球震颤引起的代偿性头位，若角度较大，可通过手术调整眼外肌以改善视力；对于无法治愈的感官剥夺性眼球震颤，则应尽早提供低视力服务。

作者建议儿科医生与眼科专家建立协作关系，以便在处理复杂病例时能及时获得专业支持，从而为患儿制定最佳的诊疗计划。",122aa6ce-47b3-492b-ba77-ae1cd8bda1fc
02-角膜与眼表,f041b2b7-3147-4deb-a2f2-0de5cc53d296,10000,b10d7ac6-7797-4ba8-86af-2b48f4777872,Ocular Periphery and Disorders-Dartt et al. 2011_weknora.mhtml,Ocular Periphery and Disorders-Dartt et al. 2011_weknora.mhtml,"本书《眼周及相关疾病》（*Ocular Periphery and Disorders*）旨在全面探讨眼周组织在健康状态下的生理功能及其在病理状态下的机制。眼周组织包括眼睑、泪膜、角膜、结膜及眼外肌，它们共同构成了保护眼球免受外部环境威胁（如机械、热、化学及病原体侵害）的第一道防线，并维持视觉系统的清晰度。

本书核心内容涵盖以下四个主要方面：

1.  **眼外肌与眼睑系统**：探讨了眼睑的解剖结构、眨眼机制及其神经控制。眨眼不仅能通过泪膜维持角膜湿润，还能清除眼表异物，是保护角膜的关键生理过程。书中详细分析了眼外肌的代谢特征及相关疾病，强调了这些肌肉在维持双眼视觉中的重要性。
2.  **泪膜与眼表上皮**：详细阐述了泪膜的复杂成分及其分泌机制（涉及睑板腺、泪腺和结膜），并分析了角膜与结膜的结构功能。这些组织通过协调机制维持角膜透明度，并应对环境挑战。
3.  **免疫调节与角膜修复**：重点介绍了角膜独特的免疫与血管特权，以及在炎症、干眼症和感染性疾病中的病理反应。书中探讨了角膜伤口愈合的分子机制，特别是转化生长因子（TGF-β）在纤维化修复中的作用，并评估了包括药物治疗、基因疗法及抗纤维化策略在内的前沿修复手段。
4.  **视觉功能与屈光障碍**：讨论了角膜形态改变对视觉轴的影响，并特别关注了远视（Hyperopia）及其与弱视、斜视的关联。书中强调了儿童早期筛查和干预对于预防永久性视力丧失及促进发育的重要性。

本书通过多学科视角，整合了从基础解剖到临床诊断的知识，旨在为眼科研究人员、研究生及相关领域的科学家提供权威的参考资料，以促进对眼周疾病病理生理学的深入理解。",completed,69febc82-6808-40af-90d8-1f2cded963c9,"# Summary
本书《眼周及相关疾病》（*Ocular Periphery and Disorders*）旨在全面探讨眼周组织在健康状态下的生理功能及其在病理状态下的机制。眼周组织包括眼睑、泪膜、角膜、结膜及眼外肌，它们共同构成了保护眼球免受外部环境威胁（如机械、热、化学及病原体侵害）的第一道防线，并维持视觉系统的清晰度。

本书核心内容涵盖以下四个主要方面：

1.  **眼外肌与眼睑系统**：探讨了眼睑的解剖结构、眨眼机制及其神经控制。眨眼不仅能通过泪膜维持角膜湿润，还能清除眼表异物，是保护角膜的关键生理过程。书中详细分析了眼外肌的代谢特征及相关疾病，强调了这些肌肉在维持双眼视觉中的重要性。
2.  **泪膜与眼表上皮**：详细阐述了泪膜的复杂成分及其分泌机制（涉及睑板腺、泪腺和结膜），并分析了角膜与结膜的结构功能。这些组织通过协调机制维持角膜透明度，并应对环境挑战。
3.  **免疫调节与角膜修复**：重点介绍了角膜独特的免疫与血管特权，以及在炎症、干眼症和感染性疾病中的病理反应。书中探讨了角膜伤口愈合的分子机制，特别是转化生长因子（TGF-β）在纤维化修复中的作用，并评估了包括药物治疗、基因疗法及抗纤维化策略在内的前沿修复手段。
4.  **视觉功能与屈光障碍**：讨论了角膜形态改变对视觉轴的影响，并特别关注了远视（Hyperopia）及其与弱视、斜视的关联。书中强调了儿童早期筛查和干预对于预防永久性视力丧失及促进发育的重要性。

本书通过多学科视角，整合了从基础解剖到临床诊断的知识，旨在为眼科研究人员、研究生及相关领域的科学家提供权威的参考资料，以促进对眼周疾病病理生理学的深入理解。",b7ba0e4a-5174-4c5a-8759-cf2a9c8cfe42
12-眼眶与眼肿瘤,e785de98-5837-4eea-89a8-6a46cacb5173,10000,42ebc14f-fa92-4b6a-8e25-b1ccfc2f5b84,Springer-Ophthalmic Oncology-Bita Esmaeli 2011_weknora.mhtml,Springer-Ophthalmic Oncology-Bita Esmaeli 2011_weknora.mhtml,"本书《眼科肿瘤学》（Ophthalmic Oncology）由Bita Esmaeli编辑，是MD安德森癌症中心系列丛书之一，系统介绍了眼科肿瘤的临床管理与多学科诊疗实践。该书重点涵盖了眼部、眶部及眼附属器（眼睑、结膜及眼周软组织）肿瘤的诊断与治疗，并结合了大量临床图片与病例分析。

本书的核心内容包括以下几个方面：

1.  **眼眶肿瘤的诊断与管理**：书中详细讨论了成年人原发性眼眶肿瘤，特别是淋巴增殖性疾病。此类疾病是成年人最常见的眼眶恶性肿瘤，通常表现为无痛性肿块，且常伴有“鲑鱼斑”（salmon patch）等临床体征。诊断上强调通过开放性活检获取组织，并利用流式细胞术及免疫组化技术进行精确评估。
2.  **解剖结构与重建**：书中深入分析了眼眶及周边结构（如鼻窦、泪道及上颌骨）的解剖学特征。上颌骨作为面中部支撑的关键结构，其解剖形态对眼眶缺损修复及面部功能重建至关重要。
3.  **原发性眼内淋巴瘤的治疗挑战**：针对原发性眼内淋巴瘤，书中指出其诊断与治疗难度较大，强调了早期临床识别、玻璃体活检及多学科协作的重要性。
4.  **前沿治疗探索**：在治疗手段上，除了传统的全身化疗和眼部放疗，书中探讨了免疫疗法（如利妥昔单抗）的应用前景。研究表明，通过鞘内或玻璃体内注射利妥昔单抗，能够克服血脑屏障的限制，为难治性或复发性病例提供了潜在的治疗方向。

总体而言，该书强调了在综合性癌症中心环境下，通过多学科团队（涵盖眼科、放射肿瘤科、病理科及外科等）的紧密合作，为眼科肿瘤患者提供精准诊断与个体化治疗方案的必要性。",completed,3c6ce180-7844-4170-8be9-17bf5e4d83d2,"# Summary
本书《眼科肿瘤学》（Ophthalmic Oncology）由Bita Esmaeli编辑，是MD安德森癌症中心系列丛书之一，系统介绍了眼科肿瘤的临床管理与多学科诊疗实践。该书重点涵盖了眼部、眶部及眼附属器（眼睑、结膜及眼周软组织）肿瘤的诊断与治疗，并结合了大量临床图片与病例分析。

本书的核心内容包括以下几个方面：

1.  **眼眶肿瘤的诊断与管理**：书中详细讨论了成年人原发性眼眶肿瘤，特别是淋巴增殖性疾病。此类疾病是成年人最常见的眼眶恶性肿瘤，通常表现为无痛性肿块，且常伴有“鲑鱼斑”（salmon patch）等临床体征。诊断上强调通过开放性活检获取组织，并利用流式细胞术及免疫组化技术进行精确评估。
2.  **解剖结构与重建**：书中深入分析了眼眶及周边结构（如鼻窦、泪道及上颌骨）的解剖学特征。上颌骨作为面中部支撑的关键结构，其解剖形态对眼眶缺损修复及面部功能重建至关重要。
3.  **原发性眼内淋巴瘤的治疗挑战**：针对原发性眼内淋巴瘤，书中指出其诊断与治疗难度较大，强调了早期临床识别、玻璃体活检及多学科协作的重要性。
4.  **前沿治疗探索**：在治疗手段上，除了传统的全身化疗和眼部放疗，书中探讨了免疫疗法（如利妥昔单抗）的应用前景。研究表明，通过鞘内或玻璃体内注射利妥昔单抗，能够克服血脑屏障的限制，为难治性或复发性病例提供了潜在的治疗方向。

总体而言，该书强调了在综合性癌症中心环境下，通过多学科团队（涵盖眼科、放射肿瘤科、病理科及外科等）的紧密合作，为眼科肿瘤患者提供精准诊断与个体化治疗方案的必要性。",bf1e675b-ee85-41e0-a059-d47b836c0086
06-眼底病与视网膜内科,f900fe21-9deb-47e0-bf36-ce06022cae92,10000,9b495f02-e915-4121-be46-90e8e0c51e13,Springer-Macular Dengeration-Philip L Penfold 2005_weknora.mhtml,Springer-Macular Dengeration-Philip L Penfold 2005_weknora.mhtml,"Philip L. Penfold

Jan M. Provis

Editors

## Macular Degeneration

Springer

Philip L. Penfold

Jan M. Provis

Editors

Macular Degeneration

Philip L. Penfold

Jan M. Provis

Editors

## Macular Degeneration

With 70 Figures in 193 Separate Illustrations and 14 Tables

Dr. Philip L. Penfold

Chief Scientist

Regenera Limited

PO Box 9

2 Brindabella Circuit

Canberra Airport

ACT 2609

Australia

Dr. Jan M. Provis

Dr. Jan M. Provis

Research School of Biological Sciences

The Australian Natio",completed,c437b1d5-3b50-4691-a118-99efd1ff3e1b,"# Summary
Philip L. Penfold

Jan M. Provis

Editors

## Macular Degeneration

Springer

Philip L. Penfold

Jan M. Provis

Editors

Macular Degeneration

Philip L. Penfold

Jan M. Provis

Editors

## Macular Degeneration

With 70 Figures in 193 Separate Illustrations and 14 Tables

Dr. Philip L. Penfold

Chief Scientist

Regenera Limited

PO Box 9

2 Brindabella Circuit

Canberra Airport

ACT 2609

Australia

Dr. Jan M. Provis

Dr. Jan M. Provis

Research School of Biological Sciences

The Australian Natio",6cb3ec7f-27a2-4922-9ab2-6b6ad8e0866f
18-检查：视野,0a9523cf-e62e-47a6-ad9f-3ae295c3b564,10000,e54634cf-ac6c-4d89-9971-624e1345a279,Visual Fields Examination and Interpretation-Thomas J. Walsh 2011_weknora.mhtml,Visual Fields Examination and Interpretation-Thomas J. Walsh 2011_weknora.mhtml,"《视野：检查与解读》（第三版）是一部关于眼科视野检查技术的权威专著。该书强调了视野检查在评估视觉系统功能中的核心地位，并探讨了从传统手动技术到现代计算机自动视野计的演变。

本书的核心内容涵盖以下几个方面：

1.  **临床检查的综合性**：作者指出，尽管现代影像学技术（如CT、MRI、OCT）在识别视觉通路病变方面具有重要作用，但它们并非万能。眼科医生必须结合临床表现与视野检查结果，进行解剖定位诊断。此外，书中强调了即使在计算机化检查普及的时代，传统技术（如切线屏检查）在特定情况下仍具有不可替代的价值。
2.  **自动视野检查的演进与应用**：书中详细讨论了自动视野计的各种程序，如SITA Standard和SITA Fast，并分析了其在青光眼诊断及病情监测中的应用。同时，书中探讨了视野检查在视神经疾病、视交叉病变、视束及视放射病变以及视网膜疾病中的临床意义。
3.  **检查质量控制与伪影识别**：书中强调了检查过程中的“学习效应”，建议对初次检查者进行多次测试以建立基线。此外，书中深入分析了导致视野检查结果异常的非病理性因素，如瞳孔大小（瞳孔过小会导致视野弥漫性压抑）、环境光线干扰及患者疲劳等，并建议在必要时进行散瞳以提高检查准确性。
4.  **功能性视力丧失的评估**：针对功能性视力丧失（伪装或主观视力障碍），书中介绍了一系列客观测试方法，包括红绿滤光片测试、偏振镜测试、视动性眼震（OKN）测试及镜像测试。作者强调，通过多种测试手段的组合，可以有效识别并诊断功能性视力问题。

该书不仅回顾了视野检查的历史，还通过多位专家的贡献，将神经解剖学与视野检查紧密结合，旨在为眼科医生和住院医师提供一套系统、科学的临床诊断指南，以应对复杂的视觉系统疾病。",completed,fc5fcd63-a2f9-48be-a448-a20a04e06c35,"# Summary
《视野：检查与解读》（第三版）是一部关于眼科视野检查技术的权威专著。该书强调了视野检查在评估视觉系统功能中的核心地位，并探讨了从传统手动技术到现代计算机自动视野计的演变。

本书的核心内容涵盖以下几个方面：

1.  **临床检查的综合性**：作者指出，尽管现代影像学技术（如CT、MRI、OCT）在识别视觉通路病变方面具有重要作用，但它们并非万能。眼科医生必须结合临床表现与视野检查结果，进行解剖定位诊断。此外，书中强调了即使在计算机化检查普及的时代，传统技术（如切线屏检查）在特定情况下仍具有不可替代的价值。
2.  **自动视野检查的演进与应用**：书中详细讨论了自动视野计的各种程序，如SITA Standard和SITA Fast，并分析了其在青光眼诊断及病情监测中的应用。同时，书中探讨了视野检查在视神经疾病、视交叉病变、视束及视放射病变以及视网膜疾病中的临床意义。
3.  **检查质量控制与伪影识别**：书中强调了检查过程中的“学习效应”，建议对初次检查者进行多次测试以建立基线。此外，书中深入分析了导致视野检查结果异常的非病理性因素，如瞳孔大小（瞳孔过小会导致视野弥漫性压抑）、环境光线干扰及患者疲劳等，并建议在必要时进行散瞳以提高检查准确性。
4.  **功能性视力丧失的评估**：针对功能性视力丧失（伪装或主观视力障碍），书中介绍了一系列客观测试方法，包括红绿滤光片测试、偏振镜测试、视动性眼震（OKN）测试及镜像测试。作者强调，通过多种测试手段的组合，可以有效识别并诊断功能性视力问题。

该书不仅回顾了视野检查的历史，还通过多位专家的贡献，将神经解剖学与视野检查紧密结合，旨在为眼科医生和住院医师提供一套系统、科学的临床诊断指南，以应对复杂的视觉系统疾病。",4a435b8c-0df1-479f-93db-d02b59f1754c
23-眼科手术与操作技术,0ae37310-b90c-4b5b-9249-14be041abd93,10000,4cee46c6-3bc2-47ab-9151-9c81569645a6,Springer-Ophthalmic Microsurgical Suturing Techniques-Marian S Macsai 2007_weknora.mhtml,Springer-Ophthalmic Microsurgical Suturing Techniques-Marian S Macsai 2007_weknora.mhtml,"本书《眼科显微手术缝合技术》（Ophthalmic Microsurgical Suturing Techniques）由Marian S. Macsai主编，旨在为眼科医生提供系统化的显微缝合指导。书中强调，由于眼部组织缺乏弹性且手术对视力影响显著，精确的缝合技术对于确保手术成功、维持眼球完整性及减少术后散光至关重要。

本书的核心内容涵盖以下几个方面：

1.  **显微缝合的基本原则与挑战**：眼科显微手术与普通外科手术存在显著差异，要求医生在显微镜下进行精细操作。书中讨论了伤口愈合的生物学基础、器械的选择（如镊子的使用）、以及如何通过正确的缝合张力和伤口结构设计来避免术后感染和视功能受损。
2.  **眼部解剖与伤口愈合特性**：书中详细分析了眼部不同结构的解剖特点，特别是虹膜的特殊结构。由于虹膜基质疏松且缺乏自愈能力，手术修复（如虹膜成形术）需要特殊的缝合策略，以实现机械性对合。
3.  **缝合技术与替代方案**：除了传统的缝合方法，书中还探讨了现代手术技术的演进，例如在翼状胬肉手术中使用纤维蛋白胶（如Tisseel VH）替代缝线。这种方法能缩短手术时间、减轻患者术后不适，并可能实现更快的表面修复，尽管其涉及成本及生物制品安全性等考量。
4.  **临床实践指导**：全书通过分步骤的描述和配套的数字视频剪辑，为外科医生提供了可操作的指南。这种统一的布局设计旨在帮助医生快速定位技术要点，从而提升在复杂病例中的手术应对能力，最终改善患者的视觉预后。

总之，本书通过整合专家经验与现代技术，为眼科医生提供了一套完整的显微缝合工具箱，强调了通过精细的伤口管理和技术创新来优化手术效果的重要性。",completed,aee662b2-1ff3-45fe-afc0-e09bc6d25946,"# Summary
本书《眼科显微手术缝合技术》（Ophthalmic Microsurgical Suturing Techniques）由Marian S. Macsai主编，旨在为眼科医生提供系统化的显微缝合指导。书中强调，由于眼部组织缺乏弹性且手术对视力影响显著，精确的缝合技术对于确保手术成功、维持眼球完整性及减少术后散光至关重要。

本书的核心内容涵盖以下几个方面：

1.  **显微缝合的基本原则与挑战**：眼科显微手术与普通外科手术存在显著差异，要求医生在显微镜下进行精细操作。书中讨论了伤口愈合的生物学基础、器械的选择（如镊子的使用）、以及如何通过正确的缝合张力和伤口结构设计来避免术后感染和视功能受损。
2.  **眼部解剖与伤口愈合特性**：书中详细分析了眼部不同结构的解剖特点，特别是虹膜的特殊结构。由于虹膜基质疏松且缺乏自愈能力，手术修复（如虹膜成形术）需要特殊的缝合策略，以实现机械性对合。
3.  **缝合技术与替代方案**：除了传统的缝合方法，书中还探讨了现代手术技术的演进，例如在翼状胬肉手术中使用纤维蛋白胶（如Tisseel VH）替代缝线。这种方法能缩短手术时间、减轻患者术后不适，并可能实现更快的表面修复，尽管其涉及成本及生物制品安全性等考量。
4.  **临床实践指导**：全书通过分步骤的描述和配套的数字视频剪辑，为外科医生提供了可操作的指南。这种统一的布局设计旨在帮助医生快速定位技术要点，从而提升在复杂病例中的手术应对能力，最终改善患者的视觉预后。

总之，本书通过整合专家经验与现代技术，为眼科医生提供了一套完整的显微缝合工具箱，强调了通过精细的伤口管理和技术创新来优化手术效果的重要性。",3190b5da-d40c-4a8c-b3c4-3215d21e851e
22-检查：综合检查与仪器,16f1a07d-8623-4655-b09e-502d32d0610a,10000,1c4cc273-8cf9-441e-bcf8-8904117ad688,Signs in Ophthalmology- Causes and Differential Diagnosis-Kanski 2010_weknora.mhtml,Signs in Ophthalmology- Causes and Differential Diagnosis-Kanski 2010_weknora.mhtml,"本书《眼科体征：病因与鉴别诊断》（Signs in Ophthalmology: Causes and Differential Diagnosis）由Jack J. Kanski编写，旨在为眼科医生和验光师提供临床体征的识别、病因分析及鉴别诊断指南。该书通过简洁且全面的文字，结合丰富的临床图像，帮助读者准确解读眼部疾病的体征。

本书的核心内容涵盖以下几个方面：

1.  **眼部体征的系统性分类**：书中详细记录了从眼睑（如睫毛脱落、白发症）到虹膜（如虹膜缺损、萎缩、色素沉着异常）等多种眼部结构的临床表现。针对每种体征，书中列举了详细的病因分类，包括局部病变、全身性疾病及医源性因素。
2.  **虹膜与前房疾病的诊断**：书中深入探讨了多种虹膜异常，如假性剥脱综合征、糖尿病虹膜病变、以及由疱疹病毒、风湿性疾病或先天性发育异常（如无虹膜症、虹膜缺损）引起的虹膜改变，并强调了这些体征与青光眼及其他眼部并发症的关联。
3.  **全身性疾病的眼部表现**：书末章节专门讨论了具有眼部表现的全身性疾病，包括皮肤病变（如血管炎、坏死性脂质渐进病、鱼鳞病）、肿瘤性疾病（如Kaposi肉瘤、神经纤维瘤病）以及生殖器病变（如白塞病、史蒂文斯-约翰逊综合征、梅毒等）。
4.  **临床导航与辅助检查**：书中采用了颜色编码的导航系统，并结合荧光素血管造影和磁共振成像（MR）等特殊检查手段，为临床医生提供诊断支持。

总体而言，该书强调了临床观察在眼科诊断中的重要性，通过对特定体征的深入剖析，引导医生识别潜在的全身性病理过程，从而为患者制定准确的诊疗方案。",completed,f7f7731f-caac-483c-b4a0-a1c600577e66,"# Summary
本书《眼科体征：病因与鉴别诊断》（Signs in Ophthalmology: Causes and Differential Diagnosis）由Jack J. Kanski编写，旨在为眼科医生和验光师提供临床体征的识别、病因分析及鉴别诊断指南。该书通过简洁且全面的文字，结合丰富的临床图像，帮助读者准确解读眼部疾病的体征。

本书的核心内容涵盖以下几个方面：

1.  **眼部体征的系统性分类**：书中详细记录了从眼睑（如睫毛脱落、白发症）到虹膜（如虹膜缺损、萎缩、色素沉着异常）等多种眼部结构的临床表现。针对每种体征，书中列举了详细的病因分类，包括局部病变、全身性疾病及医源性因素。
2.  **虹膜与前房疾病的诊断**：书中深入探讨了多种虹膜异常，如假性剥脱综合征、糖尿病虹膜病变、以及由疱疹病毒、风湿性疾病或先天性发育异常（如无虹膜症、虹膜缺损）引起的虹膜改变，并强调了这些体征与青光眼及其他眼部并发症的关联。
3.  **全身性疾病的眼部表现**：书末章节专门讨论了具有眼部表现的全身性疾病，包括皮肤病变（如血管炎、坏死性脂质渐进病、鱼鳞病）、肿瘤性疾病（如Kaposi肉瘤、神经纤维瘤病）以及生殖器病变（如白塞病、史蒂文斯-约翰逊综合征、梅毒等）。
4.  **临床导航与辅助检查**：书中采用了颜色编码的导航系统，并结合荧光素血管造影和磁共振成像（MR）等特殊检查手段，为临床医生提供诊断支持。

总体而言，该书强调了临床观察在眼科诊断中的重要性，通过对特定体征的深入剖析，引导医生识别潜在的全身性病理过程，从而为患者制定准确的诊疗方案。",6fad04f6-7712-4a1a-9418-ca3f414aa246
06-眼底病与视网膜内科,f900fe21-9deb-47e0-bf36-ce06022cae92,10000,5f7c6384-7ad5-48bc-a508-c96fe7ffebb9,"The Retina and Its Disorders-Joseph C. Besharse, Dean Bok 2011_weknora.mhtml","The Retina and Its Disorders-Joseph C. Besharse, Dean Bok 2011_weknora.mhtml","《视网膜及其疾病》一书由Joseph C. Besharse和Dean Bok编辑，汇集了来自《眼科学百科全书》的111个章节，旨在为生物医学科学家、眼科医生、验光师及心理学家提供关于视网膜健康与疾病的全面参考。该书涵盖了从胚胎发育、解剖生理到视网膜血管疾病及视网膜退行性病变等广泛主题。

本书的核心内容包括以下几个方面：

1.  **视力评估与测量**：详细探讨了视力的定义，区分了检测视力（Detection Acuity）与分辨率视力（Resolution Acuity）。书中介绍了包括斯内伦视力表（Snellen chart）和兰多尔特环（Landolt C）在内的临床测量方法，并强调了标准化测试（如国家科学院标准）在评估视力时的重要性，包括对视标大小、间距及对比度的要求。

2.  **黄斑水肿的药物治疗**：分析了多种治疗黄斑水肿的临床方案。研究指出，玻璃体内注射曲安奈德（Triamcinolone）在治疗中央视网膜静脉阻塞引起的黄斑水肿方面显示出显著疗效，但在分支视网膜静脉阻塞及糖尿病性黄斑水肿中的应用效果存在差异。此外，书中还讨论了抗VEGF药物及长效缓释植入物（如氟轻松植入物）在相关疾病治疗中的应用前景与挑战。

3.  **视网膜再生与米勒胶质细胞（Müller glia）**：探讨了哺乳动物视网膜再生能力有限的原因。研究对比了哺乳动物与斑马鱼在视网膜损伤后的修复机制，指出尽管哺乳动物的米勒胶质细胞在损伤后会表现出一定的增殖和基因表达变化，但其产生的神经元前体细胞数量不足，且难以正确迁移至外核层（ONL）。通过研究斑马鱼视网膜的强健再生能力，科学家们旨在寻找激活哺乳动物视网膜再生潜能的信号通路与机制。

该书通过对视网膜基础科学与临床实践的深度整合，为理解视网膜疾病的病理机制及探索新型治疗策略提供了重要的学术参考。",completed,571a7cdc-2b55-42c4-8ef3-a04868179a68,"# Summary
《视网膜及其疾病》一书由Joseph C. Besharse和Dean Bok编辑，汇集了来自《眼科学百科全书》的111个章节，旨在为生物医学科学家、眼科医生、验光师及心理学家提供关于视网膜健康与疾病的全面参考。该书涵盖了从胚胎发育、解剖生理到视网膜血管疾病及视网膜退行性病变等广泛主题。

本书的核心内容包括以下几个方面：

1.  **视力评估与测量**：详细探讨了视力的定义，区分了检测视力（Detection Acuity）与分辨率视力（Resolution Acuity）。书中介绍了包括斯内伦视力表（Snellen chart）和兰多尔特环（Landolt C）在内的临床测量方法，并强调了标准化测试（如国家科学院标准）在评估视力时的重要性，包括对视标大小、间距及对比度的要求。

2.  **黄斑水肿的药物治疗**：分析了多种治疗黄斑水肿的临床方案。研究指出，玻璃体内注射曲安奈德（Triamcinolone）在治疗中央视网膜静脉阻塞引起的黄斑水肿方面显示出显著疗效，但在分支视网膜静脉阻塞及糖尿病性黄斑水肿中的应用效果存在差异。此外，书中还讨论了抗VEGF药物及长效缓释植入物（如氟轻松植入物）在相关疾病治疗中的应用前景与挑战。

3.  **视网膜再生与米勒胶质细胞（Müller glia）**：探讨了哺乳动物视网膜再生能力有限的原因。研究对比了哺乳动物与斑马鱼在视网膜损伤后的修复机制，指出尽管哺乳动物的米勒胶质细胞在损伤后会表现出一定的增殖和基因表达变化，但其产生的神经元前体细胞数量不足，且难以正确迁移至外核层（ONL）。通过研究斑马鱼视网膜的强健再生能力，科学家们旨在寻找激活哺乳动物视网膜再生潜能的信号通路与机制。

该书通过对视网膜基础科学与临床实践的深度整合，为理解视网膜疾病的病理机制及探索新型治疗策略提供了重要的学术参考。",9a87fea5-ca51-4cba-a119-676998b83f08
02-角膜与眼表,f041b2b7-3147-4deb-a2f2-0de5cc53d296,10000,5c13ae74-ce24-4065-8b67-73e1a0fed45d,Varicella-Zoster Virus Epithelial Keratitis in Herpes Zoster Ophthalmicus-Tabery 2011_weknora.mhtml,Varicella-Zoster Virus Epithelial Keratitis in Herpes Zoster Ophthalmicus-Tabery 2011_weknora.mhtml,"本文档探讨了带状疱疹眼炎（HZO）中水痘-带状疱疹病毒（VZV）引起的角膜上皮病变，通过高倍活体显微摄影技术记录了其形态学特征及动态演变。

核心内容包括以下几点：

1. **VZV角膜上皮炎的形态特征**：VZV感染会导致角膜上皮细胞肿胀、变圆，并形成表面隆起和斑块状结构。与单纯疱疹病毒（HSV）不同，VZV病变通常不表现为实质性溃疡，而是通过受损细胞向表面迁移并脱落进行更替。其分支状病变被称为“假树枝状角膜炎”，与HSV的树枝状病变在微观结构上存在显著差异。

2. **动态演变与修复机制**：通过连续摄影观察发现，VZV病变具有高度动态性，其形状和位置变化迅速。这表明角膜上皮在持续进行修复，且修复过程能够跟上病毒造成的损伤。相比之下，HSV感染表现为持续的局部复制和修复失败，而VZV病变则反映了病毒从三叉神经节持续释放并导致新损伤的病理过程。

3. **临床诊断与治疗观察**：HZO的诊断主要依赖临床表现，包括典型的水疱疹或无皮疹的“带状疱疹眼炎（zoster sine herpete）”。研究指出，抗病毒药物（如阿昔洛韦或伐昔洛韦）对VZV角膜上皮病变的形态和动态演变无明显影响，这与HSV感染对药物的敏感性形成鲜明对比。

4. **病毒行为的差异**：研究推测，VZV在角膜上皮内的局部复制能力较弱，可能因病毒复制速度较慢，受感染细胞在产生完整感染性病毒前即已脱落。这一发现解释了为何临床上难以从眼部拭子中分离出活体VZV，以及为何局部使用类固醇药物对VZV角膜上皮炎无明显负面影响。

该书通过独特的活体成像资料，填补了VZV角膜病变研究在文献中的空白，并为理解VZV与HSV在角膜上皮感染行为上的本质差异提供了形态学依据。",completed,c83c26c5-aff4-4e3f-9870-b30ac649794d,"# Summary
本文档探讨了带状疱疹眼炎（HZO）中水痘-带状疱疹病毒（VZV）引起的角膜上皮病变，通过高倍活体显微摄影技术记录了其形态学特征及动态演变。

核心内容包括以下几点：

1. **VZV角膜上皮炎的形态特征**：VZV感染会导致角膜上皮细胞肿胀、变圆，并形成表面隆起和斑块状结构。与单纯疱疹病毒（HSV）不同，VZV病变通常不表现为实质性溃疡，而是通过受损细胞向表面迁移并脱落进行更替。其分支状病变被称为“假树枝状角膜炎”，与HSV的树枝状病变在微观结构上存在显著差异。

2. **动态演变与修复机制**：通过连续摄影观察发现，VZV病变具有高度动态性，其形状和位置变化迅速。这表明角膜上皮在持续进行修复，且修复过程能够跟上病毒造成的损伤。相比之下，HSV感染表现为持续的局部复制和修复失败，而VZV病变则反映了病毒从三叉神经节持续释放并导致新损伤的病理过程。

3. **临床诊断与治疗观察**：HZO的诊断主要依赖临床表现，包括典型的水疱疹或无皮疹的“带状疱疹眼炎（zoster sine herpete）”。研究指出，抗病毒药物（如阿昔洛韦或伐昔洛韦）对VZV角膜上皮病变的形态和动态演变无明显影响，这与HSV感染对药物的敏感性形成鲜明对比。

4. **病毒行为的差异**：研究推测，VZV在角膜上皮内的局部复制能力较弱，可能因病毒复制速度较慢，受感染细胞在产生完整感染性病毒前即已脱落。这一发现解释了为何临床上难以从眼部拭子中分离出活体VZV，以及为何局部使用类固醇药物对VZV角膜上皮炎无明显负面影响。

该书通过独特的活体成像资料，填补了VZV角膜病变研究在文献中的空白，并为理解VZV与HSV在角膜上皮感染行为上的本质差异提供了形态学依据。",eeca5ec5-5885-4075-aab5-b44330a08032
03-白内障：晶状体与人工晶体,a0f47c80-3a66-46c8-8315-43b41ce357ea,10000,593a6d3b-0e3f-4b55-9428-1c6501d006dd,"Complications in Phacoemulsification- Avoidance, Recognition, and Management-William J. Fishkind 2002_weknora.mhtml","Complications in Phacoemulsification- Avoidance, Recognition, and Management-William J. Fishkind 2002_weknora.mhtml","# Complications in Phacoemulsification

Avoidance, Recognition, and Management

Edited by

William J. Fishkind

This page intentionally left blank

COMPLICATIONS IN PHACOEMULSIFICATION

AVOIDANCE, RECOGNITION, AND MANAGEMENT

This page intentionally left blank

# COMPLICATIONS IN PHACOEMULSIFICATION AVOIDANCE, RECOGNITION, AND MANAGEMENT

Edited by

William J. Fishkind, M.D., F.A.C.S.

Clinical Professor

Department of Ophthalmology

University of Utah

Salt Lake City, Utah

Co-Director

Fishkin",completed,67182232-f5ad-444c-9b81-5413b7576348,"# Summary
# Complications in Phacoemulsification

Avoidance, Recognition, and Management

Edited by

William J. Fishkind

This page intentionally left blank

COMPLICATIONS IN PHACOEMULSIFICATION

AVOIDANCE, RECOGNITION, AND MANAGEMENT

This page intentionally left blank

# COMPLICATIONS IN PHACOEMULSIFICATION AVOIDANCE, RECOGNITION, AND MANAGEMENT

Edited by

William J. Fishkind, M.D., F.A.C.S.

Clinical Professor

Department of Ophthalmology

University of Utah

Salt Lake City, Utah

Co-Director

Fishkin",17064378-662d-4910-ae94-f820380dfd30
05-青光眼,8bf942e4-80dc-4a8a-87cf-486f897fe2bd,10000,8085a69f-6b8e-4614-9add-0786d1103340,"Glaucoma- Science and Practice-J.C. Morrison, I.P. Pollack 2003_weknora.mhtml","Glaucoma- Science and Practice-J.C. Morrison, I.P. Pollack 2003_weknora.mhtml","Science and Practice

John C. Morrison

Irvin P. Pollack

Glaucoma

Science and Practice

# Glaucoma Science and Practice

Edited by

John C. Morrison, M.D.

Professor of Ophthalmology

Oregon Health and Science University And

Director of the Glaucoma Service

Irvin P. Pollack, M.D.

The Fred P. Thompson Glaucoma Clinic

Professor of Ophthalmology

and Casey Eye Institute

The Johns Hopkins University

And

Portland, Oregon

Emeritus

Ophthalmologist-In-Chief and

Director Krieger Eye Institute",completed,5c385a86-3d62-44c0-bc35-a5dba3623578,"# Summary
Science and Practice

John C. Morrison

Irvin P. Pollack

Glaucoma

Science and Practice

# Glaucoma Science and Practice

Edited by

John C. Morrison, M.D.

Professor of Ophthalmology

Oregon Health and Science University And

Director of the Glaucoma Service

Irvin P. Pollack, M.D.

The Fred P. Thompson Glaucoma Clinic

Professor of Ophthalmology

and Casey Eye Institute

The Johns Hopkins University

And

Portland, Oregon

Emeritus

Ophthalmologist-In-Chief and

Director Krieger Eye Institute",360f2d36-631d-4803-898f-1158d3ce151a
02-角膜与眼表,f041b2b7-3147-4deb-a2f2-0de5cc53d296,10000,fbe1b172-4e07-4202-bc10-cadb59d74b65,Springer-HSV Epithelial Keratitis-Helena M Tabery 2010_weknora.mhtml,Springer-HSV Epithelial Keratitis-Helena M Tabery 2010_weknora.mhtml,"本书探讨了单纯疱疹病毒（HSV）引起的角膜上皮炎的在体形态学特征。作者基于二十余年的高倍率裂隙灯观察经验，结合非接触式在体显微摄影技术，详细记录了HSV角膜上皮病变的形态、亚结构、愈合过程及相关并发症。

本书的核心内容包括：

1.  **病理机制与形态学特征**：HSV感染角膜上皮后，病毒复制引发细胞肿胀、变圆（细胞病变效应，CPE），进而导致上皮细胞脱落、溃疡及表面凹陷。典型的树枝状病变（dendrite）是由多个感染灶融合形成的，其形态与亚结构的细致观察对于诊断非典型病变至关重要。
2.  **诊断与鉴别诊断**：角膜上皮病变的诊断依赖于对病变形态、深度及分布的综合评估。由于多种病因（如外伤、病毒感染、营养不良等）均可导致相似的临床表现，准确识别HSV特有的亚结构是区分其与腺病毒感染、复发性糜烂等其他角膜病变的关键。
3.  **治疗与愈合过程**：使用阿昔洛韦软膏治疗可迅速改变HSV病变的形态。研究表明，治疗后24小时内典型病变特征显著减少，但随后会出现上皮缺损、囊性空间及异常细胞等短期后遗症。此外，即使治疗及时，部分患者仍可能遗留长期的上皮下损伤（“鬼影”）。
4.  **临床复杂性与后遗症**：HSV感染可能导致严重的眼部并发症，包括基质角膜炎、葡萄膜炎及角膜融解。长期随访显示，反复发作的HSV感染可能导致严重的基质瘢痕，且在干眼症等合并症存在的情况下，病情管理更为复杂。

本书通过丰富的影像资料和解释性绘图，旨在帮助眼科医生通过高倍率观察提升对HSV角膜上皮炎的识别能力，从而更有效地进行临床诊断和治疗评估。",completed,33ce1fc2-2019-4f95-98c8-e17c696649d7,"# Summary
本书探讨了单纯疱疹病毒（HSV）引起的角膜上皮炎的在体形态学特征。作者基于二十余年的高倍率裂隙灯观察经验，结合非接触式在体显微摄影技术，详细记录了HSV角膜上皮病变的形态、亚结构、愈合过程及相关并发症。

本书的核心内容包括：

1.  **病理机制与形态学特征**：HSV感染角膜上皮后，病毒复制引发细胞肿胀、变圆（细胞病变效应，CPE），进而导致上皮细胞脱落、溃疡及表面凹陷。典型的树枝状病变（dendrite）是由多个感染灶融合形成的，其形态与亚结构的细致观察对于诊断非典型病变至关重要。
2.  **诊断与鉴别诊断**：角膜上皮病变的诊断依赖于对病变形态、深度及分布的综合评估。由于多种病因（如外伤、病毒感染、营养不良等）均可导致相似的临床表现，准确识别HSV特有的亚结构是区分其与腺病毒感染、复发性糜烂等其他角膜病变的关键。
3.  **治疗与愈合过程**：使用阿昔洛韦软膏治疗可迅速改变HSV病变的形态。研究表明，治疗后24小时内典型病变特征显著减少，但随后会出现上皮缺损、囊性空间及异常细胞等短期后遗症。此外，即使治疗及时，部分患者仍可能遗留长期的上皮下损伤（“鬼影”）。
4.  **临床复杂性与后遗症**：HSV感染可能导致严重的眼部并发症，包括基质角膜炎、葡萄膜炎及角膜融解。长期随访显示，反复发作的HSV感染可能导致严重的基质瘢痕，且在干眼症等合并症存在的情况下，病情管理更为复杂。

本书通过丰富的影像资料和解释性绘图，旨在帮助眼科医生通过高倍率观察提升对HSV角膜上皮炎的识别能力，从而更有效地进行临床诊断和治疗评估。",430c9a01-a63e-454e-81fc-486201d7223e
05-青光眼,8bf942e4-80dc-4a8a-87cf-486f897fe2bd,10000,a24f7bef-00d7-41d4-bde1-7e6ae492dc63,"The Pediatric Glaucomas-Mandal, Netland 2006_weknora.mhtml","The Pediatric Glaucomas-Mandal, Netland 2006_weknora.mhtml","## THE PEDIATRIC GLAUCOMAS

Anil K Mandal

Peter A Netland

BUTTERWORTH HEINEMANN

An imprint of Elsevier Inc.

ISBN 0 7506 7336 2

## Notice

",completed,c757873d-9c04-4ec1-ab1d-fe47b71adc22,"# Summary
## THE PEDIATRIC GLAUCOMAS

Anil K Mandal

Peter A Netland

BUTTERWORTH HEINEMANN

An imprint of Elsevier Inc.

ISBN 0 7506 7336 2

## Notice

",78aa56f3-374e-4a50-a9b5-f0df36e082cd
11-整形与泪道,bdde98f8-4f6b-4b3f-89a4-3cee7f5133b4,10000,700c02bb-0871-4539-8de0-9cc8b7f9e07f,Atlas of Oculoplastic and Orbital Surgery-Spoor 2010_weknora.mhtml,Atlas of Oculoplastic and Orbital Surgery-Spoor 2010_weknora.mhtml,"《眼整形与眼眶外科图谱》（Atlas of Oculoplastic and Orbital Surgery）由托马斯·C·斯普尔（Thomas C. Spoor）博士编写，旨在为眼科医生提供一套实用、以问题为导向的眼整形与眼眶手术操作指南。该书基于作者30年的临床经验，重点介绍了常见眼部疾病的诊断与手术治疗，并强调了并发症的预防与管理。

本书的核心内容涵盖以下几个方面：

1.  **下睑手术与解剖**：详细阐述了下睑的三块脂肪垫（内、中、外）及其解剖关系。书中提倡采用经结膜入路进行下睑成形术，认为该方法能有效处理大多数下睑问题，并指出仅在特定情况下（如严重的皮肤松弛或内翻修复）才需采用经皮入路。
2.  **上睑手术与悬吊技术**：介绍了包括“捏式”睑成形术（pinch blepharoplasty）在内的多种上睑手术技巧，以及针对先天性上睑下垂或提上睑肌功能丧失患者的筋膜悬吊术。书中通过详细的步骤说明和术前术后对比，展示了如何通过深层组织固定来获得自然的外观效果。
3.  **眼眶及神经眼科手术**：书末章节涉及较为专业的眼眶手术及颞动脉活检。针对颞动脉活检，书中强调了定位动脉的技巧，并建议在手术中避免使用含肾上腺素的利多卡因，以防动脉收缩增加操作难度。
4.  **临床教学与实用技巧**：全书采用教学式风格，通过大量手术照片和图示，分步骤讲解手术过程。作者强调了手术中的“实用珍珠”（practical pearls），旨在帮助年轻医生和综合眼科医生通过简单、有效的方法处理复杂的眼部疾病，并从前人的经验与教训中获益。

总体而言，本书并非百科全书式的理论著作，而是一本侧重于临床实践的工具书，旨在通过标准化的手术步骤，帮助外科医生在保证安全的前提下，高效地完成常见的眼整形与眼眶手术。",completed,6afc05d9-1bca-404f-937f-6ae481ba2a68,"# Summary
《眼整形与眼眶外科图谱》（Atlas of Oculoplastic and Orbital Surgery）由托马斯·C·斯普尔（Thomas C. Spoor）博士编写，旨在为眼科医生提供一套实用、以问题为导向的眼整形与眼眶手术操作指南。该书基于作者30年的临床经验，重点介绍了常见眼部疾病的诊断与手术治疗，并强调了并发症的预防与管理。

本书的核心内容涵盖以下几个方面：

1.  **下睑手术与解剖**：详细阐述了下睑的三块脂肪垫（内、中、外）及其解剖关系。书中提倡采用经结膜入路进行下睑成形术，认为该方法能有效处理大多数下睑问题，并指出仅在特定情况下（如严重的皮肤松弛或内翻修复）才需采用经皮入路。
2.  **上睑手术与悬吊技术**：介绍了包括“捏式”睑成形术（pinch blepharoplasty）在内的多种上睑手术技巧，以及针对先天性上睑下垂或提上睑肌功能丧失患者的筋膜悬吊术。书中通过详细的步骤说明和术前术后对比，展示了如何通过深层组织固定来获得自然的外观效果。
3.  **眼眶及神经眼科手术**：书末章节涉及较为专业的眼眶手术及颞动脉活检。针对颞动脉活检，书中强调了定位动脉的技巧，并建议在手术中避免使用含肾上腺素的利多卡因，以防动脉收缩增加操作难度。
4.  **临床教学与实用技巧**：全书采用教学式风格，通过大量手术照片和图示，分步骤讲解手术过程。作者强调了手术中的“实用珍珠”（practical pearls），旨在帮助年轻医生和综合眼科医生通过简单、有效的方法处理复杂的眼部疾病，并从前人的经验与教训中获益。

总体而言，本书并非百科全书式的理论著作，而是一本侧重于临床实践的工具书，旨在通过标准化的手术步骤，帮助外科医生在保证安全的前提下，高效地完成常见的眼整形与眼眶手术。",69947866-8557-423e-8a1c-d47656fedf98
01-眼科综合：基础与全身病,09c593aa-1a64-48de-af81-fc4d30d551b4,10000,cb41308d-bed9-4aaf-b25c-0608ba23f69e,临床病例会诊与点评 眼科分册-赵家良 2011_weknora.mhtml,临床病例会诊与点评 眼科分册-赵家良 2011_weknora.mhtml,"《临床病例会诊与点评——眼科分册》是由赵家良主编、人民军医出版社2011年出版的""中华医学系列图书""之一。该书汇集典型、疑难及个案病例，结合临床经验与国内外进展进行分析点评，旨在培养眼科医师临床思维，适合眼科医师、研究生及科研人员阅读。

书中眼睑疾病部分包含多个病例。病例1为小睑裂综合征，5岁半男患儿表现为睑裂狭小、倒向性内眦赘皮、内眦间距增宽及完全性上睑下垂，具有阳性家族史，经内眦Spaeth双""Z""成形、外眦延长及额肌悬吊等同期手术改善外观，术后辅以弱视训练。专家点评指出该病为常染色体显性遗传的Komoto四联征，宜在学龄前手术以利于弱视治疗，同时提示手术仅能有限改善外观，需重视心理支持。病例2为先天性上睑下垂，4岁女患儿右眼重度下垂伴弱视，提上睑肌肌力仅2mm，行额肌腱膜瓣悬吊术后效果良好。点评重点讨论了手术时机（重度单侧下垂宜3岁左右手术以防弱视及脊柱后弯）及术式选择原则。病例3为睑板腺癌，58岁男性上睑肿物迅速增大伴耳前淋巴结肿大，病理确诊后行肿瘤扩大切除及眼睑成形术。

肿瘤部分收录两例睫状体髓上皮瘤：一例7岁男童以眼前房游离白色囊肿及新生血管青光眼为首发表现，另一例9岁女童表现为反复红痛、新生血管青光眼，两例均经病理确诊为恶性后行眼球摘除术。点评强调儿童期新生血管青光眼需警惕睫状体髓上皮瘤，并讨论了VEGF在虹膜红变发生中的作用。

感染性疾病部分报道两例AIDS并发巨细胞病毒（CMV）性视网膜炎，患者均有输血或卖血史，早期被误诊为视网膜血管炎或白塞病并误用糖皮质激素，后经HIV抗体检测确诊。专家点评指出，CMV性视网膜炎是AIDS最常见严重的眼部并发症，对原因不明的眼底病变应行HIV抗体检测，确诊后应停用激素，采用HAART及更昔洛韦玻璃体注射治疗，并强调提高眼科医师对HIV/AIDS眼部并发症认识的重要性。",completed,f1056fc1-b4b0-41d0-937e-6b969470c5dc,"# Summary
《临床病例会诊与点评——眼科分册》是由赵家良主编、人民军医出版社2011年出版的""中华医学系列图书""之一。该书汇集典型、疑难及个案病例，结合临床经验与国内外进展进行分析点评，旨在培养眼科医师临床思维，适合眼科医师、研究生及科研人员阅读。

书中眼睑疾病部分包含多个病例。病例1为小睑裂综合征，5岁半男患儿表现为睑裂狭小、倒向性内眦赘皮、内眦间距增宽及完全性上睑下垂，具有阳性家族史，经内眦Spaeth双""Z""成形、外眦延长及额肌悬吊等同期手术改善外观，术后辅以弱视训练。专家点评指出该病为常染色体显性遗传的Komoto四联征，宜在学龄前手术以利于弱视治疗，同时提示手术仅能有限改善外观，需重视心理支持。病例2为先天性上睑下垂，4岁女患儿右眼重度下垂伴弱视，提上睑肌肌力仅2mm，行额肌腱膜瓣悬吊术后效果良好。点评重点讨论了手术时机（重度单侧下垂宜3岁左右手术以防弱视及脊柱后弯）及术式选择原则。病例3为睑板腺癌，58岁男性上睑肿物迅速增大伴耳前淋巴结肿大，病理确诊后行肿瘤扩大切除及眼睑成形术。

肿瘤部分收录两例睫状体髓上皮瘤：一例7岁男童以眼前房游离白色囊肿及新生血管青光眼为首发表现，另一例9岁女童表现为反复红痛、新生血管青光眼，两例均经病理确诊为恶性后行眼球摘除术。点评强调儿童期新生血管青光眼需警惕睫状体髓上皮瘤，并讨论了VEGF在虹膜红变发生中的作用。

感染性疾病部分报道两例AIDS并发巨细胞病毒（CMV）性视网膜炎，患者均有输血或卖血史，早期被误诊为视网膜血管炎或白塞病并误用糖皮质激素，后经HIV抗体检测确诊。专家点评指出，CMV性视网膜炎是AIDS最常见严重的眼部并发症，对原因不明的眼底病变应行HIV抗体检测，确诊后应停用激素，采用HAART及更昔洛韦玻璃体注射治疗，并强调提高眼科医师对HIV/AIDS眼部并发症认识的重要性。",dd9a32fb-8807-47b6-8f81-39612bd66ff4
20-检查：角膜地形图、前节分析与共聚焦,4fdc823c-4867-4304-be99-71a539390709,10000,8d293fb9-6fd2-4685-a889-cf33742a7b20,三维角膜地形图的临床应用-陈跃国 2017_weknora.mhtml,三维角膜地形图的临床应用-陈跃国 2017_weknora.mhtml,"# Clinical Applications of Combined Corneal Topography and Tomography

# 三维角膜地形图的临床应用

主编 陈跃国 副主编 黄锦海 王铮

# Clinical Applications of Combined Corneal Topography and Tomography 三维角膜地形图的临床应用

## 内容提要

当前的三维角膜地形图测量系统通常结合Placido盘镜面反射测量与Scheimpflug成像技术，取长补短，以精确反映角膜前、后表面形态与三维眼前段结构。结合基于数据库与特定统计学方法的自动分析软件，三维角膜地形图测量系统可提高早期圆锥角膜诊断的敏感度与特异度，也是角膜屈光手术后疗效观察、分析和随访的重要工具。此外，还可应用于有晶状体眼人工晶状体的选择、人工晶状体度数计算、硬性角膜接触镜的适配、闭角型青光眼的辅助诊断、干眼及其他眼表疾病的诊断等，成为眼科临床医师日常诊疗工作中不可或缺的工具。

本书从发展历史、基本理论、操作方法、阅图流程、临床应用、案例分析等方面，对三维角膜地形图进行了全面详细",completed,1df19db1-4248-4e7c-a51c-490e7adc347a,"# Summary
# Clinical Applications of Combined Corneal Topography and Tomography

# 三维角膜地形图的临床应用

主编 陈跃国 副主编 黄锦海 王铮

# Clinical Applications of Combined Corneal Topography and Tomography 三维角膜地形图的临床应用

## 内容提要

当前的三维角膜地形图测量系统通常结合Placido盘镜面反射测量与Scheimpflug成像技术，取长补短，以精确反映角膜前、后表面形态与三维眼前段结构。结合基于数据库与特定统计学方法的自动分析软件，三维角膜地形图测量系统可提高早期圆锥角膜诊断的敏感度与特异度，也是角膜屈光手术后疗效观察、分析和随访的重要工具。此外，还可应用于有晶状体眼人工晶状体的选择、人工晶状体度数计算、硬性角膜接触镜的适配、闭角型青光眼的辅助诊断、干眼及其他眼表疾病的诊断等，成为眼科临床医师日常诊疗工作中不可或缺的工具。

本书从发展历史、基本理论、操作方法、阅图流程、临床应用、案例分析等方面，对三维角膜地形图进行了全面详细",a463925c-80c5-4504-83b6-b6abfbf57a32
06-眼底病与视网膜内科,f900fe21-9deb-47e0-bf36-ce06022cae92,10000,664f15a6-620c-4e9a-a317-319f2401bee8,眼底光相干断层扫描学习精要-黄厚斌 2017_weknora.mhtml,眼底光相干断层扫描学习精要-黄厚斌 2017_weknora.mhtml,"# 眼底光相干断层扫描 学习精要

编 著 / 黄厚斌 王 敏

ISBN 978-7-03-053170-4

# 眼底光相干断层扫描学习精要

黄厚斌 王 敏 编著

## 内容简介

本书是在国际上对 OCT 眼底层次结构规范命名后的国内第一本眼底 OCT
专著。它抛弃了以往根据疾病分类对 OCT
表现进行描述的叙述方式，而是站在总论的高度、病理生理学的角度，从 OCT
下的各种正常和异常表现出发进行剖析，从 OCT
的角度对临床体征的病理生理过程进行深入的分析和细致的追溯。本书分为四章：第一章介绍
OCT 的光学成像原理；第二章结合黄斑和视盘的组织结构介绍 OCT
的图像特征；第三章介绍图像测量、en face 图像、OCT 血管成像等 OCT
的高级分析；第四章介绍 OCT 下各种病变的形态、特征及其临床意义。

本书注重临床实践经验和国内外关于 OCT
的最新进展，内容丰富，实用性强，可供眼科临床医师和技师参考使用。

## 序一

光相干断层扫描（optical coherence
tomography，OCT）的问世和进展使眼科医生能够从组织层面看到眼后部的正常结构和病",completed,6ee25fe3-5569-426a-8417-37228daa80bb,"# Summary
# 眼底光相干断层扫描 学习精要

编 著 / 黄厚斌 王 敏

ISBN 978-7-03-053170-4

# 眼底光相干断层扫描学习精要

黄厚斌 王 敏 编著

## 内容简介

本书是在国际上对 OCT 眼底层次结构规范命名后的国内第一本眼底 OCT
专著。它抛弃了以往根据疾病分类对 OCT
表现进行描述的叙述方式，而是站在总论的高度、病理生理学的角度，从 OCT
下的各种正常和异常表现出发进行剖析，从 OCT
的角度对临床体征的病理生理过程进行深入的分析和细致的追溯。本书分为四章：第一章介绍
OCT 的光学成像原理；第二章结合黄斑和视盘的组织结构介绍 OCT
的图像特征；第三章介绍图像测量、en face 图像、OCT 血管成像等 OCT
的高级分析；第四章介绍 OCT 下各种病变的形态、特征及其临床意义。

本书注重临床实践经验和国内外关于 OCT
的最新进展，内容丰富，实用性强，可供眼科临床医师和技师参考使用。

## 序一

光相干断层扫描（optical coherence
tomography，OCT）的问世和进展使眼科医生能够从组织层面看到眼后部的正常结构和病",2475dcc7-2fa4-4201-9d00-75734738bcaf
04-屈光与视光：近视、接触镜与低视力,c73385b9-c154-4103-a93e-2d4c31f2423a,10000,ca1a2bd3-4a79-42bd-a10a-303e67e817b9,"Vision Rehabilitation-Penelope S. Suter, Lisa H. Harvey 2011_weknora.mhtml","Vision Rehabilitation-Penelope S. Suter, Lisa H. Harvey 2011_weknora.mhtml","本书《视觉康复：脑损伤患者的多学科护理》（Vision Rehabilitation: Multidisciplinary Care of the Patient Following Brain Injury）探讨了脑损伤后视觉功能障碍的评估与康复。该书核心内容涵盖了神经可塑性理论、视光干预手段以及多学科协作在患者康复中的重要性。

本书的主要观点包括：

1.  **神经可塑性与康复潜力**：现代科学研究已证实成人大脑具有神经可塑性，即大脑能够通过学习、练习和反馈进行重组。这一发现推翻了传统认为成人脑损伤后无法恢复的观点，为视光康复提供了理论支撑。
2.  **视觉在脑损伤康复中的关键作用**：脑损伤常导致视觉技能受损，如复视、空间感知障碍、阅读困难及注意力问题。由于视觉引导运动的过程多为潜意识，这些视觉损伤往往被忽视，导致物理治疗或职业治疗效果受限。因此，将视光康复纳入多学科护理体系至关重要。
3.  **视光评估与治疗技术**：书中详细介绍了多种评估工具（如Saladin卡片、Brock姿势板等）及治疗方法。治疗手段包括视觉训练（旨在改善双眼视觉、空间感知和视觉运动技能）以及光学辅助工具（如棱镜、遮盖片等），用于处理光敏感、视野缺失和眼位偏斜等问题。
4.  **临床决策原则**：在制定治疗方案时，临床医生应遵循“测试应尽可能模拟患者日常生活视觉需求”的原则。书中提供了一个概念性决策框架，建议优先尝试非棱镜治疗，若无法满足需求，再考虑棱镜应用或遮盖疗法，以缓解复视和视觉混乱。

总之，本书强调了视光专业在脑损伤康复中的独特价值，主张通过科学的评估与针对性的视觉训练，帮助患者重建视觉功能，从而改善其整体生活质量和空间适应能力。",completed,eafe3927-3aa3-4f87-930a-a78f45a6fc9a,"# Summary
本书《视觉康复：脑损伤患者的多学科护理》（Vision Rehabilitation: Multidisciplinary Care of the Patient Following Brain Injury）探讨了脑损伤后视觉功能障碍的评估与康复。该书核心内容涵盖了神经可塑性理论、视光干预手段以及多学科协作在患者康复中的重要性。

本书的主要观点包括：

1.  **神经可塑性与康复潜力**：现代科学研究已证实成人大脑具有神经可塑性，即大脑能够通过学习、练习和反馈进行重组。这一发现推翻了传统认为成人脑损伤后无法恢复的观点，为视光康复提供了理论支撑。
2.  **视觉在脑损伤康复中的关键作用**：脑损伤常导致视觉技能受损，如复视、空间感知障碍、阅读困难及注意力问题。由于视觉引导运动的过程多为潜意识，这些视觉损伤往往被忽视，导致物理治疗或职业治疗效果受限。因此，将视光康复纳入多学科护理体系至关重要。
3.  **视光评估与治疗技术**：书中详细介绍了多种评估工具（如Saladin卡片、Brock姿势板等）及治疗方法。治疗手段包括视觉训练（旨在改善双眼视觉、空间感知和视觉运动技能）以及光学辅助工具（如棱镜、遮盖片等），用于处理光敏感、视野缺失和眼位偏斜等问题。
4.  **临床决策原则**：在制定治疗方案时，临床医生应遵循“测试应尽可能模拟患者日常生活视觉需求”的原则。书中提供了一个概念性决策框架，建议优先尝试非棱镜治疗，若无法满足需求，再考虑棱镜应用或遮盖疗法，以缓解复视和视觉混乱。

总之，本书强调了视光专业在脑损伤康复中的独特价值，主张通过科学的评估与针对性的视觉训练，帮助患者重建视觉功能，从而改善其整体生活质量和空间适应能力。",2b3260d3-303d-45dd-a138-5020990aa6bc
06-眼底病与视网膜内科,f900fe21-9deb-47e0-bf36-ce06022cae92,10000,e5029890-e520-4ef2-bf37-2e13d8276e31,Diabetic Retinopathy Evidence-Based Management-Browning 2010_weknora.mhtml,Diabetic Retinopathy Evidence-Based Management-Browning 2010_weknora.mhtml,"本书《糖尿病视网膜病变：循证管理》（Diabetic Retinopathy: Evidence-Based Management）由David J. Browning编辑，旨在为临床医生提供关于糖尿病眼病生物学基础、临床表现及当前治疗方法的综合资源。

本书的核心内容涵盖了以下几个方面：

1.  **病理生理学基础**：详细介绍了视网膜的解剖结构，包括视网膜的层级构造及其将光能转化为神经信号的功能。书中强调了理解糖尿病视网膜病变（DR）病理生理机制的重要性，这是制定临床治疗方案的前提。
2.  **临床管理与治疗策略**：重点讨论了增殖性糖尿病视网膜病变（PDR）的治疗，特别是视网膜激光光凝术（PRP）的应用。书中基于糖尿病视网膜病变研究（DRS）和早期治疗糖尿病视网膜病变研究（ETDRS）等临床试验的证据，明确了高危增殖性糖尿病视网膜病变（HR-PDR）的诊断标准及激光治疗的指征。
3.  **多学科视角与社会影响**：除了实验室研究和临床诊疗，本书还探讨了医疗保健系统、财务激励机制以及社会因素对糖尿病视网膜病变治疗结果的影响，强调了临床实践中证据与经验的结合。
4.  **并发症与综合评估**：书中涵盖了糖尿病对角膜、虹膜、房角及视神经等眼部结构的伴随影响。通过教学病例分析，作者展示了如何将循证医学证据应用于复杂的临床决策中，特别是在面对超出经典临床试验范围的特殊患者群体（如高龄患者）时，临床经验与专业判断的重要性。

全书通过系统性的章节编排，从基础科学到临床应用，再到社会卫生政策，为医疗专业人员提供了一个全面且基于证据的糖尿病视网膜病变管理框架。",completed,dbfa3b86-8457-4f27-87c0-2e01dbd1a9c0,"# Summary
本书《糖尿病视网膜病变：循证管理》（Diabetic Retinopathy: Evidence-Based Management）由David J. Browning编辑，旨在为临床医生提供关于糖尿病眼病生物学基础、临床表现及当前治疗方法的综合资源。

本书的核心内容涵盖了以下几个方面：

1.  **病理生理学基础**：详细介绍了视网膜的解剖结构，包括视网膜的层级构造及其将光能转化为神经信号的功能。书中强调了理解糖尿病视网膜病变（DR）病理生理机制的重要性，这是制定临床治疗方案的前提。
2.  **临床管理与治疗策略**：重点讨论了增殖性糖尿病视网膜病变（PDR）的治疗，特别是视网膜激光光凝术（PRP）的应用。书中基于糖尿病视网膜病变研究（DRS）和早期治疗糖尿病视网膜病变研究（ETDRS）等临床试验的证据，明确了高危增殖性糖尿病视网膜病变（HR-PDR）的诊断标准及激光治疗的指征。
3.  **多学科视角与社会影响**：除了实验室研究和临床诊疗，本书还探讨了医疗保健系统、财务激励机制以及社会因素对糖尿病视网膜病变治疗结果的影响，强调了临床实践中证据与经验的结合。
4.  **并发症与综合评估**：书中涵盖了糖尿病对角膜、虹膜、房角及视神经等眼部结构的伴随影响。通过教学病例分析，作者展示了如何将循证医学证据应用于复杂的临床决策中，特别是在面对超出经典临床试验范围的特殊患者群体（如高龄患者）时，临床经验与专业判断的重要性。

全书通过系统性的章节编排，从基础科学到临床应用，再到社会卫生政策，为医疗专业人员提供了一个全面且基于证据的糖尿病视网膜病变管理框架。",82a90b4d-0468-4868-bd8a-35e58c397a34
01-眼科综合：基础与全身病,09c593aa-1a64-48de-af81-fc4d30d551b4,10000,36d69fb1-a7e6-4a43-a860-c9f827c42703,眼耳鼻咽喉科临床解剖学图谱-孔祥玉 2006_weknora.mhtml,眼耳鼻咽喉科临床解剖学图谱-孔祥玉 2006_weknora.mhtml,"《钟世镇临床解剖学图谱全集·眼耳鼻咽喉科临床解剖学图谱》由钟世镇总主编，承德医学院与北京同仁医院合作编写，旨在弥补既有眼耳鼻咽喉解剖学图谱以陈列馆标本或模式图为主、难以充分满足临床教学和外科实践需求的不足。图谱以真实标本图像为主要表达形式，结合局部解剖、断层解剖和手术解剖，系统展示眼、耳、鼻、咽、喉五个部分的形态结构、层次关系及相互毗邻关系，并辅以少量示意图。全书收入彩图446幅，图注采用中英文解剖学名词，内耳部分尤其使用连续厚骨切片，以帮助读者理解颞骨内耳迷路的三维形态和空间关系。

全集的编写延续了《现代临床解剖学丛书》的临床导向，同时吸收生物力学、微创外科、断层影像和数字化人体等新技术内容。总前言回顾了我国解剖学从新中国成立初期的人体体质调查，到改革开放后现代临床解剖学兴起的发展历程，并指出临床解剖学应与相关临床专科及新技术方法紧密结合，重点解决临床实践中的人体结构问题。

节选内容首先介绍眼的外观、骨性眶腔和眼睑。相关要点涉及角膜、结膜、眼睑、眦部、眼轮匝肌、泪囊窝、鼻泪管、眶上裂、眶下裂及视神经管等结构，并说明其在泪囊手术、眼睑闭合和眶内解剖中的临床意义。随后展示眼球壁和视神经、颞骨连续切面及内耳结构，重点说明面神经管、耳蜗、骨螺旋板、前庭、骨半规管和内耳道等的空间关系。喉与甲状腺部分则描述甲状腺血管、喉上神经、喉返神经、颈动脉鞘、膈神经及相关肌肉的层次和毗邻，突出其对甲状腺及喉部手术的解剖学价值。编者同时说明，受标本处理、拍摄条件和编写经验所限，部分图像清晰度、色泽及内容仍存在不足。",completed,1b2af1d1-9fe0-4e76-93f1-f0efe2aba60e,"# Summary
《钟世镇临床解剖学图谱全集·眼耳鼻咽喉科临床解剖学图谱》由钟世镇总主编，承德医学院与北京同仁医院合作编写，旨在弥补既有眼耳鼻咽喉解剖学图谱以陈列馆标本或模式图为主、难以充分满足临床教学和外科实践需求的不足。图谱以真实标本图像为主要表达形式，结合局部解剖、断层解剖和手术解剖，系统展示眼、耳、鼻、咽、喉五个部分的形态结构、层次关系及相互毗邻关系，并辅以少量示意图。全书收入彩图446幅，图注采用中英文解剖学名词，内耳部分尤其使用连续厚骨切片，以帮助读者理解颞骨内耳迷路的三维形态和空间关系。

全集的编写延续了《现代临床解剖学丛书》的临床导向，同时吸收生物力学、微创外科、断层影像和数字化人体等新技术内容。总前言回顾了我国解剖学从新中国成立初期的人体体质调查，到改革开放后现代临床解剖学兴起的发展历程，并指出临床解剖学应与相关临床专科及新技术方法紧密结合，重点解决临床实践中的人体结构问题。

节选内容首先介绍眼的外观、骨性眶腔和眼睑。相关要点涉及角膜、结膜、眼睑、眦部、眼轮匝肌、泪囊窝、鼻泪管、眶上裂、眶下裂及视神经管等结构，并说明其在泪囊手术、眼睑闭合和眶内解剖中的临床意义。随后展示眼球壁和视神经、颞骨连续切面及内耳结构，重点说明面神经管、耳蜗、骨螺旋板、前庭、骨半规管和内耳道等的空间关系。喉与甲状腺部分则描述甲状腺血管、喉上神经、喉返神经、颈动脉鞘、膈神经及相关肌肉的层次和毗邻，突出其对甲状腺及喉部手术的解剖学价值。编者同时说明，受标本处理、拍摄条件和编写经验所限，部分图像清晰度、色泽及内容仍存在不足。",c4ed783d-02cc-4903-8bb1-8411e077c88f
04-屈光与视光：近视、接触镜与低视力,c73385b9-c154-4103-a93e-2d4c31f2423a,10000,c6beb76d-cbb7-4530-8bdc-4e288442ccad,硬性角膜接触镜验配跟我学-梅颖 2018_weknora.mhtml,硬性角膜接触镜验配跟我学-梅颖 2018_weknora.mhtml,"# 硬性角膜接触镜 验配跟我学 第2版

# 硬性角膜接触镜 验配跟我学

第2版

梅颖 唐志萍 编著

一北京：人民卫生出版社，2018

ISBN 978-7-117-25966-8

## 序

梅颖医生又写了一本书，名曰《硬性角膜接触镜验配跟我学》，看题目就能猜到此书一定是验配一线工作着的专家写的，是为正在验配一线初学者写的。只有经历过在临床上探索初期的艰难和历练，才会有这样的写书感悟和写这样书给大家分享的夙愿。

梅颖医师再次邀请我写序言，我虽因词穷想推辞，但看到梅颖医师如此坚韧不拔地努力，如此不遗余力分享的品格，我也只有欣然提笔、努力“推荐”此书了。

梅颖医师去年写成了《硬性角膜接触镜验配案例图解》，以案例的形式展示临床中常见或不常见的验配经验，获得了不少同行的推崇。自然，年轻同行在临床上遇到相关疑惑，会更多地在“微信”或“圈子”里提出，梅颖医师在交流中发现，在诸多基层单位，在开展验配的过程中都面临相同的困境：缺乏一个规范化的流程指导、无法在开展初期迅速掌握验配的要点。这一短板对硬镜的推广有着极大的屏障作用，也由此带来疗效不佳、引起一些本可规避的并发症，给医患双方带来负",completed,b5cb3d13-5469-4ed4-ab43-c328570e37d6,"# Summary
# 硬性角膜接触镜 验配跟我学 第2版

# 硬性角膜接触镜 验配跟我学

第2版

梅颖 唐志萍 编著

一北京：人民卫生出版社，2018

ISBN 978-7-117-25966-8

## 序

梅颖医生又写了一本书，名曰《硬性角膜接触镜验配跟我学》，看题目就能猜到此书一定是验配一线工作着的专家写的，是为正在验配一线初学者写的。只有经历过在临床上探索初期的艰难和历练，才会有这样的写书感悟和写这样书给大家分享的夙愿。

梅颖医师再次邀请我写序言，我虽因词穷想推辞，但看到梅颖医师如此坚韧不拔地努力，如此不遗余力分享的品格，我也只有欣然提笔、努力“推荐”此书了。

梅颖医师去年写成了《硬性角膜接触镜验配案例图解》，以案例的形式展示临床中常见或不常见的验配经验，获得了不少同行的推崇。自然，年轻同行在临床上遇到相关疑惑，会更多地在“微信”或“圈子”里提出，梅颖医师在交流中发现，在诸多基层单位，在开展验配的过程中都面临相同的困境：缺乏一个规范化的流程指导、无法在开展初期迅速掌握验配的要点。这一短板对硬镜的推广有着极大的屏障作用，也由此带来疗效不佳、引起一些本可规避的并发症，给医患双方带来负",ae080f67-c904-4f98-8d5e-b1a559afca98
01-眼科综合：基础与全身病,09c593aa-1a64-48de-af81-fc4d30d551b4,10000,171a4358-ccf4-4942-bbf4-754a4da4ef84,眼科学基础-John V Forrester 2018_weknora.mhtml,眼科学基础-John V Forrester 2018_weknora.mhtml,"# 眼科学基础

The Eye

原著

John V. Forrester · Andrew D. Dick

Paul G. McMenann · Fiona Roberts · Eric Pearlman

主译

黄一飞 王丽强

ELSEVIER

# 眼科学基础

# The Eye Basic Sciences in Practice

原著 John V. Forrester Andrew D. Dick

Paul G. McMenamin Fiona Roberts

Eric Pearlman

主译 黄一飞 王丽强

译者（以姓氏笔画为序）

王群王大江王丽强叶子田磊

白芳 巩琰 许薇薇 吴星 余继锋

张远霞 陈小鸟 陈晓菲 金鑫 孟晓丽

侯豹可 姜严明 贾亮 贾烈曦

黄一炎 董莹

科学出版社

北京

## 内容简介

本书是美国和英国眼科医师资格考试的必备参考书，也是“国际眼科医师考试”的重要参考书。因出版以来广受欢迎，目前已是第4版。全书分9章，将眼科的基础知识按照眼的解剖学、组织胚胎学、遗传学、生化和细胞生物学、生理学、病理学、免疫学、药理学",completed,a7a4100b-399d-410d-aa46-832301202f0f,"# Summary
# 眼科学基础

The Eye

原著

John V. Forrester · Andrew D. Dick

Paul G. McMenann · Fiona Roberts · Eric Pearlman

主译

黄一飞 王丽强

ELSEVIER

# 眼科学基础

# The Eye Basic Sciences in Practice

原著 John V. Forrester Andrew D. Dick

Paul G. McMenamin Fiona Roberts

Eric Pearlman

主译 黄一飞 王丽强

译者（以姓氏笔画为序）

王群王大江王丽强叶子田磊

白芳 巩琰 许薇薇 吴星 余继锋

张远霞 陈小鸟 陈晓菲 金鑫 孟晓丽

侯豹可 姜严明 贾亮 贾烈曦

黄一炎 董莹

科学出版社

北京

## 内容简介

本书是美国和英国眼科医师资格考试的必备参考书，也是“国际眼科医师考试”的重要参考书。因出版以来广受欢迎，目前已是第4版。全书分9章，将眼科的基础知识按照眼的解剖学、组织胚胎学、遗传学、生化和细胞生物学、生理学、病理学、免疫学、药理学",38c8cc2a-67a4-4dad-8d71-a03de8c04016
02-角膜与眼表,f041b2b7-3147-4deb-a2f2-0de5cc53d296,10000,d8af7271-a5c4-41b0-b5ec-a5752acef960,角膜内皮病-洪晶 2019_weknora.mhtml,角膜内皮病-洪晶 2019_weknora.mhtml,"# 角膜内皮病

Corneal Endothelium Diseases

主编 洪晶

角膜内皮病

Corneal endothelium diseases

内容简介：

本书是一本匠心独运的专著，也是迄今为止国际上第一本关于角膜内皮病的专业著作。

全书分为三个篇章：基础篇、疾病篇、手术篇。基础篇：全面系统地介绍了角膜内皮细胞的解剖结构、生理特点、胚胎发育及针对角膜内皮层的各种检查法，配以图片解析；疾病篇：将各种类型的角膜内皮病变的疾病特点、诊断方法及治疗措施分门别类地进行了详细地论述，以往临床上常常不得其解的角膜水肿问题，在此可能会找到答案；手术篇：各种类型角膜内皮移植手术的方法均有详尽论述，更可贵的是将中国患者的解剖特点和疾病特征进行了分析总结，同时结合著者丰富的手术经验，结合国人眼前节解剖特点，对手术方法进行了详细的解读，逐步教会读者怎样处理并发症，并使初学者尽快入门。

本书适合眼科各级医师阅读。

## 本书增值视频：

视频8-0-1 角膜后弹力层复位——前房注气术

视频16-5-1 单镊子植入

视频16-5-2 灌注过大 虹膜脱出

视频16-5-3 植入器",completed,075516a7-e890-4f46-96ed-b20b39828b3f,"# Summary
# 角膜内皮病

Corneal Endothelium Diseases

主编 洪晶

角膜内皮病

Corneal endothelium diseases

内容简介：

本书是一本匠心独运的专著，也是迄今为止国际上第一本关于角膜内皮病的专业著作。

全书分为三个篇章：基础篇、疾病篇、手术篇。基础篇：全面系统地介绍了角膜内皮细胞的解剖结构、生理特点、胚胎发育及针对角膜内皮层的各种检查法，配以图片解析；疾病篇：将各种类型的角膜内皮病变的疾病特点、诊断方法及治疗措施分门别类地进行了详细地论述，以往临床上常常不得其解的角膜水肿问题，在此可能会找到答案；手术篇：各种类型角膜内皮移植手术的方法均有详尽论述，更可贵的是将中国患者的解剖特点和疾病特征进行了分析总结，同时结合著者丰富的手术经验，结合国人眼前节解剖特点，对手术方法进行了详细的解读，逐步教会读者怎样处理并发症，并使初学者尽快入门。

本书适合眼科各级医师阅读。

## 本书增值视频：

视频8-0-1 角膜后弹力层复位——前房注气术

视频16-5-1 单镊子植入

视频16-5-2 灌注过大 虹膜脱出

视频16-5-3 植入器",dbfea7bb-9c63-4699-961f-47358fb2a7fa
22-检查：综合检查与仪器,16f1a07d-8623-4655-b09e-502d32d0610a,10000,6688dc90-cb39-4e1a-8542-4a0e319cdd7c,Kanski-眼与全身疾病鉴别诊断图谱-2002_weknora.mhtml,Kanski-眼与全身疾病鉴别诊断图谱-2002_weknora.mhtml,"# 眼与全身疾病 鉴别诊断图谱

(英) 杰克·J·肯思基 著 姚宜 译

福建科学技术出版社

著作权合同登记号：图字13-2001-28

MOSBY, an imprint of Harcourt Publishers Limited

© Mosby International Limited 2001

原书名：Systemic Diseases and the Eye

英文版 ISBN 0723432163

The right of Jack J. Kanski to be identified as the author of this
work has been asserted by him in accordance with the Copyright, Designs
and Patents Act 1988

本书中文简体字版由英国Harcourt出版公司授权福建科学技术出版社在中国独家翻译、出版、发行

图书在版编目(CIP)数据

眼与全身疾病鉴别诊断图谱/（英）肯思基著；姚宜译.—福州：福建科学技术出版社，2002.9
ISBN 7-5335-193",completed,da0574e1-6bc9-4c4b-97f0-9634a6b8ff2b,"# Summary
# 眼与全身疾病 鉴别诊断图谱

(英) 杰克·J·肯思基 著 姚宜 译

福建科学技术出版社

著作权合同登记号：图字13-2001-28

MOSBY, an imprint of Harcourt Publishers Limited

© Mosby International Limited 2001

原书名：Systemic Diseases and the Eye

英文版 ISBN 0723432163

The right of Jack J. Kanski to be identified as the author of this
work has been asserted by him in accordance with the Copyright, Designs
and Patents Act 1988

本书中文简体字版由英国Harcourt出版公司授权福建科学技术出版社在中国独家翻译、出版、发行

图书在版编目(CIP)数据

眼与全身疾病鉴别诊断图谱/（英）肯思基著；姚宜译.—福州：福建科学技术出版社，2002.9
ISBN 7-5335-193",d7e336c0-08f7-499e-8c9d-77740a6e8bf9
21-检查：房角镜,757c926c-3b49-4a5f-9d09-fef6ea738e97,10000,67172769-2f9e-4da9-b7b2-45229c08d629,Color Atlas of Gonioscopy-Wallace L M Alward 2001_weknora.mhtml,Color Atlas of Gonioscopy-Wallace L M Alward 2001_weknora.mhtml,"# COLOR ATLAS OF GONIOSCOPY

Wallace L.M. Alward, MD

THE FOUNDATION

OF THE AMERICAN ACADEMY

OF OPHTHALMOLOGY

## THE FOUNDATION OF THE AMERICAN ACADEMY OF OPHTHALMOLOGY

655 Beach Street

PO Box 7424

San Francisco, CA 94120-7424

www.eyenet.org

Clinical Education Secretaries

Thomas A. Weingeist, PhD, MD

Senior Secretary for Clinical Education

Thomas J. Liesegang, MD

Secretary for Instruction

Academy Staff

Kathryn A. Hecht, EdD

Vice President, Clinical Education

Hal Straus

Director ",completed,4b2e9b16-99d7-4cd1-8f25-ca87515b734f,"# Summary
# COLOR ATLAS OF GONIOSCOPY

Wallace L.M. Alward, MD

THE FOUNDATION

OF THE AMERICAN ACADEMY

OF OPHTHALMOLOGY

## THE FOUNDATION OF THE AMERICAN ACADEMY OF OPHTHALMOLOGY

655 Beach Street

PO Box 7424

San Francisco, CA 94120-7424

www.eyenet.org

Clinical Education Secretaries

Thomas A. Weingeist, PhD, MD

Senior Secretary for Clinical Education

Thomas J. Liesegang, MD

Secretary for Instruction

Academy Staff

Kathryn A. Hecht, EdD

Vice President, Clinical Education

Hal Straus

Director ",71192e98-fe60-4c72-b7ef-f3132d7ee082
08-葡萄膜炎与眼内炎症,2c1efff9-0960-4d4b-a4c3-7acfb9411151,10000,39224c14-5665-4f12-b8e7-f337e9c26383,葡萄膜炎诊治概要-杨培增 2016_weknora.mhtml,葡萄膜炎诊治概要-杨培增 2016_weknora.mhtml,"# 葡萄膜炎 诊治概要

杨培增 著

Essentials of the Diagnosis & Treatment of Uveitis

葡萄膜炎

诊治概要

## Essentials of the Diagnosis & Treatment of Uveitis

《葡萄膜炎诊治概要》一书60余万字，插图519幅，全书分三篇，共69章。著者在30余年中诊治了数以万计的各种葡萄膜炎患者，积累了数十万张患者的资料图片。在此过程中著者不断体验和感悟，并根据以往所写的三本葡萄膜炎专著和国际上有关进展，提炼和概括出各种葡萄膜炎诊治经验和要点。本书具有简洁、明了、实用的特点，更有按图索骥、读文开方之便利，不仅是葡萄膜炎专科医生必备之书，是眼科各专科医生之案头参考书，也适用于研究生之教学和临床实习，对其他专科医生如风湿科、免疫科、皮肤科等医生也有参考价值。

策划编辑 刘红霞 李海凌

责任编辑 李海凌 余萌 刘红霞

封面设计 赵京津

版式设计 单斯

销售分类/眼科

人卫社官网 www.pmph.com 出版物查询，在线购书

人卫医学网 www.ipmph.com
医学考试辅导",completed,911fc412-0a9d-4e74-8451-26858970f268,"# Summary
# 葡萄膜炎 诊治概要

杨培增 著

Essentials of the Diagnosis & Treatment of Uveitis

葡萄膜炎

诊治概要

## Essentials of the Diagnosis & Treatment of Uveitis

《葡萄膜炎诊治概要》一书60余万字，插图519幅，全书分三篇，共69章。著者在30余年中诊治了数以万计的各种葡萄膜炎患者，积累了数十万张患者的资料图片。在此过程中著者不断体验和感悟，并根据以往所写的三本葡萄膜炎专著和国际上有关进展，提炼和概括出各种葡萄膜炎诊治经验和要点。本书具有简洁、明了、实用的特点，更有按图索骥、读文开方之便利，不仅是葡萄膜炎专科医生必备之书，是眼科各专科医生之案头参考书，也适用于研究生之教学和临床实习，对其他专科医生如风湿科、免疫科、皮肤科等医生也有参考价值。

策划编辑 刘红霞 李海凌

责任编辑 李海凌 余萌 刘红霞

封面设计 赵京津

版式设计 单斯

销售分类/眼科

人卫社官网 www.pmph.com 出版物查询，在线购书

人卫医学网 www.ipmph.com
医学考试辅导",49cc885b-4ae2-4b22-b16a-62a6398bb152
09-神经眼科,be1e44f1-985d-4445-b6a3-e60a0f43f85e,10000,bb83f1cb-bcb2-4250-95c8-27fbefae85f7,实用神经眼科学-Timothy J Martin 2016_weknora.mhtml,实用神经眼科学-Timothy J Martin 2016_weknora.mhtml,"蒂莫西·马丁 [美] TIMOTHY J. MARTIN 合著

詹姆士·科比特 [美] JAMES J. CORBETT

魏文斌 张晓君 主译

# 实用神经眼科学 PRACTICAL NEUROOPHTHALMOLOGY

实用神经眼科学

Practical Neuroophthalmology

著者：蒂莫西·马丁（Timothy J. Martin，MD）

美国北卡罗来纳维克森医学院眼科及神经内科

詹姆士·科比特（James J. Corbett，MD）

美国密西西比大学医学中心神经内科及眼科

美国爱荷华大学莱维特神经眼科

主译：魏文斌 张晓君

首都医科大学附属北京同仁医院

中国协和医科大学出版社

## 图书在版编目（CIP）数据

实用神经眼科学 / (美) 蒂莫西·马丁 (Timothy J. Martin), (美)
詹姆士·科比特 (James J. Corbett) 著；魏文斌，张晓君译. —
北京：中国协和医科大学出版社，2016.10

ISBN 978-7-5679-0669-3

Ⅰ. ①实… Ⅱ. ①蒂…②詹…③魏…④张… Ⅲ. ①神经眼",completed,fcad5b6d-285b-4fd7-b71a-45a0b31a2be5,"# Summary
蒂莫西·马丁 [美] TIMOTHY J. MARTIN 合著

詹姆士·科比特 [美] JAMES J. CORBETT

魏文斌 张晓君 主译

# 实用神经眼科学 PRACTICAL NEUROOPHTHALMOLOGY

实用神经眼科学

Practical Neuroophthalmology

著者：蒂莫西·马丁（Timothy J. Martin，MD）

美国北卡罗来纳维克森医学院眼科及神经内科

詹姆士·科比特（James J. Corbett，MD）

美国密西西比大学医学中心神经内科及眼科

美国爱荷华大学莱维特神经眼科

主译：魏文斌 张晓君

首都医科大学附属北京同仁医院

中国协和医科大学出版社

## 图书在版编目（CIP）数据

实用神经眼科学 / (美) 蒂莫西·马丁 (Timothy J. Martin), (美)
詹姆士·科比特 (James J. Corbett) 著；魏文斌，张晓君译. —
北京：中国协和医科大学出版社，2016.10

ISBN 978-7-5679-0669-3

Ⅰ. ①实… Ⅱ. ①蒂…②詹…③魏…④张… Ⅲ. ①神经眼",68f9cd75-3c78-41a1-bf9f-be45e2466c66
06-眼底病与视网膜内科,f900fe21-9deb-47e0-bf36-ce06022cae92,10000,828b05c3-c54e-4287-a156-a2077fa1d45f,The Retinal Atlas-Yannuzzi 2010_weknora.mhtml,The Retinal Atlas-Yannuzzi 2010_weknora.mhtml,"《视网膜图谱》（The Retinal Atlas）由劳伦斯·A·亚努齐（Lawrence A. Yannuzzi）博士主编，是一部全面且权威的眼科临床参考书。该书汇集了众多眼科专家在医学视网膜、视网膜外科、肿瘤学、儿科眼科及病理学等领域的临床病例与研究成果。

本书的核心内容及特点包括：

1.  **影像分类系统**：全书采用标准化的色彩编码系统对视网膜影像进行分类，便于临床识别。五类影像包括：普通眼底照相（黑色）、荧光素血管造影（FA，黄色）、眼底自发荧光（FAF，蓝色）、吲哚青绿血管造影（ICG，绿色）以及无赤光眼底照相（RF，红色）。
2.  **视网膜疾病的临床诊疗**：书中详细记录了多种视网膜病变的诊断与治疗案例，重点探讨了如黄斑毛细血管扩张症（Mactel type 2）继发视网膜下新生血管的治疗方案，包括激光光凝术及抗血管内皮生长因子药物（如贝伐珠单抗、雷珠单抗）和血管抑制剂（如乙酸阿内可他）的应用效果与随访结果。
3.  **视神经病变与肿瘤**：书中涵盖了多种视神经相关疾病，包括非动脉炎性前部缺血性视神经病变、副肿瘤综合征引起的视乳头炎、感染性视神经炎（如巴尔通体感染、梅毒）以及莱伯氏星状视神经病变。此外，书中还讨论了视神经肿瘤的影像学特征，如视神经胶质瘤、视神经脑膜瘤以及由肺癌或乳腺癌引起的视神经转移瘤。
4.  **多学科协作与学术贡献**：该图谱不仅展示了高质量的临床影像，还强调了多学科专家在视网膜疾病研究中的贡献。通过整合不同专家的病例，该书为临床医生提供了丰富的视觉参考，旨在提升对复杂视网膜及视神经疾病的诊断与治疗水平。

本书通过严谨的影像记录与临床分析，为眼科医生提供了处理视网膜及视神经复杂病变的宝贵资料，体现了现代眼科学在影像诊断与治疗干预方面的进展。",completed,48ccf8f7-0ca6-4177-b1dc-0224a48519a9,"# Summary
《视网膜图谱》（The Retinal Atlas）由劳伦斯·A·亚努齐（Lawrence A. Yannuzzi）博士主编，是一部全面且权威的眼科临床参考书。该书汇集了众多眼科专家在医学视网膜、视网膜外科、肿瘤学、儿科眼科及病理学等领域的临床病例与研究成果。

本书的核心内容及特点包括：

1.  **影像分类系统**：全书采用标准化的色彩编码系统对视网膜影像进行分类，便于临床识别。五类影像包括：普通眼底照相（黑色）、荧光素血管造影（FA，黄色）、眼底自发荧光（FAF，蓝色）、吲哚青绿血管造影（ICG，绿色）以及无赤光眼底照相（RF，红色）。
2.  **视网膜疾病的临床诊疗**：书中详细记录了多种视网膜病变的诊断与治疗案例，重点探讨了如黄斑毛细血管扩张症（Mactel type 2）继发视网膜下新生血管的治疗方案，包括激光光凝术及抗血管内皮生长因子药物（如贝伐珠单抗、雷珠单抗）和血管抑制剂（如乙酸阿内可他）的应用效果与随访结果。
3.  **视神经病变与肿瘤**：书中涵盖了多种视神经相关疾病，包括非动脉炎性前部缺血性视神经病变、副肿瘤综合征引起的视乳头炎、感染性视神经炎（如巴尔通体感染、梅毒）以及莱伯氏星状视神经病变。此外，书中还讨论了视神经肿瘤的影像学特征，如视神经胶质瘤、视神经脑膜瘤以及由肺癌或乳腺癌引起的视神经转移瘤。
4.  **多学科协作与学术贡献**：该图谱不仅展示了高质量的临床影像，还强调了多学科专家在视网膜疾病研究中的贡献。通过整合不同专家的病例，该书为临床医生提供了丰富的视觉参考，旨在提升对复杂视网膜及视神经疾病的诊断与治疗水平。

本书通过严谨的影像记录与临床分析，为眼科医生提供了处理视网膜及视神经复杂病变的宝贵资料，体现了现代眼科学在影像诊断与治疗干预方面的进展。",b98526b9-62b8-4da0-aeb1-0d79ff8a1870
06-眼底病与视网膜内科,f900fe21-9deb-47e0-bf36-ce06022cae92,10000,1f3c5e03-bdbb-408d-97d3-aa4f1c0210f6,玻璃体视网膜手术学-黎晓新 2014_weknora.mhtml,玻璃体视网膜手术学-黎晓新 2014_weknora.mhtml,"# 玻璃体视网膜手术学

第2版

主编 黎晓新 王景昭

副主编 魏文斌 赵明威

主编助理 佘海澄

玻璃体视网膜手术学/黎晓新，王景昭主编. —2版.
—北京：人民卫生出版社，2014

ISBN 978-7-117-19293-4

## 第1版序

视网膜脱离是严重的致盲性眼病之一。视网膜玻璃体疾病的手术治疗是从20世纪开始，首先是Gonin开辟的视网膜脱离的手术治疗，使得这一疾病从不治变为可治。20世纪70年代以后，玻璃体手术的出现，各种玻璃体替代物的更新与临床应用，使视网膜脱离手术进一步完善与提高。尤其是80年代以后，各种膨胀气体、硅油、全氟化碳液体的应用、眼内光凝、视网膜切开与切除技术的应用，对增生性玻璃体视网膜病变（PVR）的认识和研究不断地伸入，尤其是前部PVR的研究等，使玻璃体手术适应证逐步拓宽，手术技术日新月异，玻璃体视网膜手术成功率大大提高。

",completed,5f354156-f971-428e-82f4-32e314e33958,"# Summary
# 玻璃体视网膜手术学

第2版

主编 黎晓新 王景昭

副主编 魏文斌 赵明威

主编助理 佘海澄

玻璃体视网膜手术学/黎晓新，王景昭主编. —2版.
—北京：人民卫生出版社，2014

ISBN 978-7-117-19293-4

## 第1版序

视网膜脱离是严重的致盲性眼病之一。视网膜玻璃体疾病的手术治疗是从20世纪开始，首先是Gonin开辟的视网膜脱离的手术治疗，使得这一疾病从不治变为可治。20世纪70年代以后，玻璃体手术的出现，各种玻璃体替代物的更新与临床应用，使视网膜脱离手术进一步完善与提高。尤其是80年代以后，各种膨胀气体、硅油、全氟化碳液体的应用、眼内光凝、视网膜切开与切除技术的应用，对增生性玻璃体视网膜病变（PVR）的认识和研究不断地伸入，尤其是前部PVR的研究等，使玻璃体手术适应证逐步拓宽，手术技术日新月异，玻璃体视网膜手术成功率大大提高。

",42a9f433-45b5-4e80-80e9-33293637f407
04-屈光与视光：近视、接触镜与低视力,c73385b9-c154-4103-a93e-2d4c31f2423a,10000,5110504d-7503-45b4-8952-3fb0a1bc62db,飞秒激光屈光手术学-王雁、赵堪兴 2014_weknora.mhtml,飞秒激光屈光手术学-王雁、赵堪兴 2014_weknora.mhtml,"## 飞秒激光屈光手术学 Refractive Surgery with Femtosecond Laser

主编 王雁 赵堪兴

# 飞秒激光屈光手术学

主编 王雁 天津市眼科医院 天津医科大学眼科临床学院
南开大学眼科医院

赵堪兴 天津市眼科医院 天津医科大学眼科临床学院 南开大学眼科医院

副主编 张丰菊 首都医科大学附属北京同仁医院 周行涛
复旦大学附属眼耳鼻喉科医院

## 图书在版编目（CIP）数据

飞秒激光屈光手术学/王雁，赵堪兴主编．—北京：人民卫生出版社，2014

ISBN 978-7-117-18382-6

版 次：2014年4月第1版 2014年4月第1版第1次印刷

## 第一篇 飞秒激光基础

## 第一节 角膜屈光手术历史及发展

## 一、 引言

屈光手术（refractive
surgery）是指试图改变人眼屈光状态的眼科手术，角膜屈光手术（corneal
refractive
surgery）指通过重塑角膜形状或改变角膜屈光性能达到矫正眼睛屈光状态的手术，英文也称keratorefractive
surgery，kerato，意为角膜，常",completed,e3929c33-7335-47b5-bfb6-0382e319df8b,"# Summary
## 飞秒激光屈光手术学 Refractive Surgery with Femtosecond Laser

主编 王雁 赵堪兴

# 飞秒激光屈光手术学

主编 王雁 天津市眼科医院 天津医科大学眼科临床学院
南开大学眼科医院

赵堪兴 天津市眼科医院 天津医科大学眼科临床学院 南开大学眼科医院

副主编 张丰菊 首都医科大学附属北京同仁医院 周行涛
复旦大学附属眼耳鼻喉科医院

## 图书在版编目（CIP）数据

飞秒激光屈光手术学/王雁，赵堪兴主编．—北京：人民卫生出版社，2014

ISBN 978-7-117-18382-6

版 次：2014年4月第1版 2014年4月第1版第1次印刷

## 第一篇 飞秒激光基础

## 第一节 角膜屈光手术历史及发展

## 一、 引言

屈光手术（refractive
surgery）是指试图改变人眼屈光状态的眼科手术，角膜屈光手术（corneal
refractive
surgery）指通过重塑角膜形状或改变角膜屈光性能达到矫正眼睛屈光状态的手术，英文也称keratorefractive
surgery，kerato，意为角膜，常",67b7549e-e026-4983-bae3-9c0c419b172f
23-眼科手术与操作技术,0ae37310-b90c-4b5b-9249-14be041abd93,10000,a18dac88-cc88-4d26-ae6f-904818ca6f6e,同仁眼科手术操作与技巧-魏文斌 2011_weknora.mhtml,同仁眼科手术操作与技巧-魏文斌 2011_weknora.mhtml,"《眼科手术操作与技巧》是由北京同仁医院眼科专家魏文斌、施玉英主编，人民卫生出版社2011年出版的眼科手术专著。全书共九篇59章，约60万字、插图约500幅，主要介绍外眼常见小手术、白内障、青光眼、角膜、玻璃体视网膜、眼外伤、斜视及眼部整形等各类手术，重点突出手术操作技巧、术者经验体会、适应证选择、围手术期注意事项和并发症防治，以临床实用为核心，兼具年轻医生教材和有经验医生参考书的定位。

前言中说明，尽管新技术不断涌现，显微手术仍是许多眼病的重要乃至唯一治疗方法，而良好手术设计、合理掌握适应证和精湛技术是影响疗效的关键。同仁医院眼科日门诊量超过2500人次、年手术量超过5万例，编写者均为临床一线手术专家。

书中开篇论述眼科显微手术的基本技术，包括术前无菌技术（抗生素应用、泪道冲洗、备皮）、手术野消毒铺巾、开睑与眼球固定技术、软化眼球技术（药物及机械降眼压），以及眼组织的镊持、切开、缝合、打结剪线拆线和止血技巧，强调操作细节对手术安全与效果的影响。麻醉章节介绍了表面麻醉、浸润麻醉、神经阻滞麻醉等方法及球后阻滞的并发症处理。

后半部分涉及玻璃体视网膜手术的术后处理，强调术后头位姿势对裂孔闭合的重要性，须根据裂孔位置保持相应体位，同时介绍了饮食、全身疾病处理、药物应用及术后眼部检查（视功能、眼前节、眼压、眼底观察）等具体内容。斜视相关内容中，甲状腺相关性眼病限制性斜视的手术需注意后徙量控制、下睑退缩的预防及并发症处理；斜视手术并发症章节系统阐述了术中并发症（做错肌肉、眼球穿通、出血、肌肉滑脱）、术后早期并发症（前节缺血、结膜植入性囊肿、复视、感染）及晚期并发症（下斜肌粘连综合征、远期再次手术）的原因、预防和处理方法。",completed,6737759d-f185-4485-a708-0a012d398766,"# Summary
《眼科手术操作与技巧》是由北京同仁医院眼科专家魏文斌、施玉英主编，人民卫生出版社2011年出版的眼科手术专著。全书共九篇59章，约60万字、插图约500幅，主要介绍外眼常见小手术、白内障、青光眼、角膜、玻璃体视网膜、眼外伤、斜视及眼部整形等各类手术，重点突出手术操作技巧、术者经验体会、适应证选择、围手术期注意事项和并发症防治，以临床实用为核心，兼具年轻医生教材和有经验医生参考书的定位。

前言中说明，尽管新技术不断涌现，显微手术仍是许多眼病的重要乃至唯一治疗方法，而良好手术设计、合理掌握适应证和精湛技术是影响疗效的关键。同仁医院眼科日门诊量超过2500人次、年手术量超过5万例，编写者均为临床一线手术专家。

书中开篇论述眼科显微手术的基本技术，包括术前无菌技术（抗生素应用、泪道冲洗、备皮）、手术野消毒铺巾、开睑与眼球固定技术、软化眼球技术（药物及机械降眼压），以及眼组织的镊持、切开、缝合、打结剪线拆线和止血技巧，强调操作细节对手术安全与效果的影响。麻醉章节介绍了表面麻醉、浸润麻醉、神经阻滞麻醉等方法及球后阻滞的并发症处理。

后半部分涉及玻璃体视网膜手术的术后处理，强调术后头位姿势对裂孔闭合的重要性，须根据裂孔位置保持相应体位，同时介绍了饮食、全身疾病处理、药物应用及术后眼部检查（视功能、眼前节、眼压、眼底观察）等具体内容。斜视相关内容中，甲状腺相关性眼病限制性斜视的手术需注意后徙量控制、下睑退缩的预防及并发症处理；斜视手术并发症章节系统阐述了术中并发症（做错肌肉、眼球穿通、出血、肌肉滑脱）、术后早期并发症（前节缺血、结膜植入性囊肿、复视、感染）及晚期并发症（下斜肌粘连综合征、远期再次手术）的原因、预防和处理方法。",8bfa0ac6-bb26-4bf0-80ff-84bd72378064
09-神经眼科,be1e44f1-985d-4445-b6a3-e60a0f43f85e,10000,2c29650f-deba-46bc-bed0-a74b2e52c901,神经眼科疾病图解-魏世辉 2017_weknora.mhtml,神经眼科疾病图解-魏世辉 2017_weknora.mhtml,"Atlas of

Neuro-ophthalmology

# 神经眼科疾病

图解

主编魏世辉 邱怀雨 徐全刚

主审童绎

人民卫生出版社

# 神经眼科疾病图解

主 编 魏世辉 邱怀雨 徐全刚

主审童绎

人民卫生出版社

神经眼科疾病图解/魏世辉，邱怀雨，徐全刚主编

——北京：人民卫生出版社，2017

ISBN 978-7-117-24383-4

Ⅰ. ①神… Ⅱ. ①魏…②邱…③徐… Ⅲ. ①神经眼科学-图解 Ⅳ. ①R774-64

中国版本图书馆 CIP 数据核字（2017）第 080054 号

## 神经眼科疾病图解

主 编：魏世辉 邱怀雨 徐全刚

版次：2017年6月第1版 2017年6月第1次印刷

## 前言

神经眼科是医学领域中的一门交叉学科，它横跨了眼科、神经内科、神经外科、耳鼻喉科、影像科等专业，2011年中华医学会眼科学分会设立了神经眼科学组。在分会领导和各学科专家的大力支持下，学组同仁砥砺前行。经过几年努力，不但使神经眼科专业成就有了长足发展，从事神经眼科的专业医师队伍也在逐年扩大。

据国家卫生计生委2011年的门诊眼科病人种类调",completed,3870e1a3-70b4-4f69-be51-53a5dc1ec7c9,"# Summary
Atlas of

Neuro-ophthalmology

# 神经眼科疾病

图解

主编魏世辉 邱怀雨 徐全刚

主审童绎

人民卫生出版社

# 神经眼科疾病图解

主 编 魏世辉 邱怀雨 徐全刚

主审童绎

人民卫生出版社

神经眼科疾病图解/魏世辉，邱怀雨，徐全刚主编

——北京：人民卫生出版社，2017

ISBN 978-7-117-24383-4

Ⅰ. ①神… Ⅱ. ①魏…②邱…③徐… Ⅲ. ①神经眼科学-图解 Ⅳ. ①R774-64

中国版本图书馆 CIP 数据核字（2017）第 080054 号

## 神经眼科疾病图解

主 编：魏世辉 邱怀雨 徐全刚

版次：2017年6月第1版 2017年6月第1次印刷

## 前言

神经眼科是医学领域中的一门交叉学科，它横跨了眼科、神经内科、神经外科、耳鼻喉科、影像科等专业，2011年中华医学会眼科学分会设立了神经眼科学组。在分会领导和各学科专家的大力支持下，学组同仁砥砺前行。经过几年努力，不但使神经眼科专业成就有了长足发展，从事神经眼科的专业医师队伍也在逐年扩大。

据国家卫生计生委2011年的门诊眼科病人种类调",61382403-8dfd-4ea3-89f1-cd322d985217
04-屈光与视光：近视、接触镜与低视力,c73385b9-c154-4103-a93e-2d4c31f2423a,10000,37b5d83a-b69c-4d5e-9fa7-bc7c91a842ac,眼镜学-瞿佳 2017_weknora.mhtml,眼镜学-瞿佳 2017_weknora.mhtml,"## 眼镜学

供眼视光学专业用

第3版

主编瞿佳陈浩

## 供眼视光学专业用

眼镜学（第3版）

眼镜学实训指导（第2版）

眼视光器械学（第3版）

眼视光学理论和方法（第3版）

眼视光学理论和方法实训指导（第2版）

接触镜学（第3版）

接触镜学实训指导（第2版）

双眼视觉学（第3版）

眼科学基础（第3版）

低视力学（第3版）

低视力学实训指导

眼病学（第3版）

屈光手术学（第3版）

视觉神经生理学（第3版）

眼视光公共卫生学（第3版）

斜视弱视学（第2版）

眼视光应用光学（第2版）

眼视光学习题集

本书随书附赠

每章课后练习与解析、10个视频、11个动画

#### 扫描圆标二维码或登录jh.ipmph.com享受增值服务

策划编辑 李海凌 刘红霞

责任编辑 蒋 冉 李海凌

刘红霞

封面设计 周天驰

版式设计 李秋斋

人卫智网

www.ipmph.com

医学教育、学术、考试、健康，

购书智慧智能综合服务平台

人卫官网

www.pmph.com

人卫官方资讯发布平台

关注人卫健康

提升健康素养

ISBN 978",completed,641d7597-98cd-40bd-9606-a7e76a5818e2,"# Summary
## 眼镜学

供眼视光学专业用

第3版

主编瞿佳陈浩

## 供眼视光学专业用

眼镜学（第3版）

眼镜学实训指导（第2版）

眼视光器械学（第3版）

眼视光学理论和方法（第3版）

眼视光学理论和方法实训指导（第2版）

接触镜学（第3版）

接触镜学实训指导（第2版）

双眼视觉学（第3版）

眼科学基础（第3版）

低视力学（第3版）

低视力学实训指导

眼病学（第3版）

屈光手术学（第3版）

视觉神经生理学（第3版）

眼视光公共卫生学（第3版）

斜视弱视学（第2版）

眼视光应用光学（第2版）

眼视光学习题集

本书随书附赠

每章课后练习与解析、10个视频、11个动画

#### 扫描圆标二维码或登录jh.ipmph.com享受增值服务

策划编辑 李海凌 刘红霞

责任编辑 蒋 冉 李海凌

刘红霞

封面设计 周天驰

版式设计 李秋斋

人卫智网

www.ipmph.com

医学教育、学术、考试、健康，

购书智慧智能综合服务平台

人卫官网

www.pmph.com

人卫官方资讯发布平台

关注人卫健康

提升健康素养

ISBN 978",1eb90195-9d16-45c4-a828-faacf992fd56
05-青光眼,8bf942e4-80dc-4a8a-87cf-486f897fe2bd,10000,298f6d2c-ffc6-4818-bd7f-ed87866fa58f,Springer-The Glaucoma Book-Paul N Schacknow 2010_weknora.mhtml,Springer-The Glaucoma Book-Paul N Schacknow 2010_weknora.mhtml,"《青光眼手册：患者护理的实用循证方法》（*The Glaucoma Book: A Practical, Evidence-Based Approach to Patient Care*）由保罗·N·沙克诺（Paul N. Schacknow）和约翰·R·桑普尔斯（John R. Samples）编辑，旨在为眼科医生、验光师及住院医师提供一部既具学术深度又兼顾临床实操的综合性参考书。该书汇集了多位临床专家及学者的经验，旨在弥合前沿科学研究与日常临床诊疗之间的鸿沟。

本书的核心内容涵盖以下几个关键方面：

1.  **临床诊疗的实用性与多样性**：该书不局限于传统的解剖学讨论，而是通过92个章节和38个侧边栏专题，深入探讨了从常见病（如开角型青光眼）到复杂临床议题（如青光眼护理的医疗法律层面、社区研究）的广泛内容。书中允许作者表达不同的学术观点，并鼓励通过多视角论述来强化对复杂问题的理解。
2.  **眼压控制与药物治疗**：书中强调了降低眼压（IOP）作为青光眼治疗的核心地位。尽管FDA的药物审批主要基于降压效果，但临床医生在实际工作中还需考虑视野保护、血管调节、防腐剂毒性及患者依从性等因素。此外，书中探讨了眼压的昼夜节律波动及其对视神经损伤和视野缺损的影响，强调了维持24小时平稳眼压曲线的重要性。
3.  **诊断技术与评估手段**：书中详细介绍了多种诊断工具，包括超声生物显微镜（UBM）在眼前节成像中的应用、视野检查（如Humphrey视野分析仪、频率倍增技术视野检查等）、视功能评估以及针对不同类型青光眼（如葡萄膜炎相关性青光眼）的诊断策略。
4.  **循证医学与未来展望**：全书贯穿了循证医学的原则，同时通过编辑的评论和专题文章，探讨了青光眼发病的细胞生物学理论及未来研究方向。编者特别指出，尽管目前对青光眼的认知不断深入，但临床观察与深思熟虑的诊疗决策依然不可替代。

总之，该书通过整合临床经验与科学证据，为一线医生提供了处理青光眼患者的实用指南，旨在通过提升诊疗水平，最终改善全球青光眼患者的预后。",completed,13434077-e96a-4081-9814-b4f4b213ece8,"# Summary
《青光眼手册：患者护理的实用循证方法》（*The Glaucoma Book: A Practical, Evidence-Based Approach to Patient Care*）由保罗·N·沙克诺（Paul N. Schacknow）和约翰·R·桑普尔斯（John R. Samples）编辑，旨在为眼科医生、验光师及住院医师提供一部既具学术深度又兼顾临床实操的综合性参考书。该书汇集了多位临床专家及学者的经验，旨在弥合前沿科学研究与日常临床诊疗之间的鸿沟。

本书的核心内容涵盖以下几个关键方面：

1.  **临床诊疗的实用性与多样性**：该书不局限于传统的解剖学讨论，而是通过92个章节和38个侧边栏专题，深入探讨了从常见病（如开角型青光眼）到复杂临床议题（如青光眼护理的医疗法律层面、社区研究）的广泛内容。书中允许作者表达不同的学术观点，并鼓励通过多视角论述来强化对复杂问题的理解。
2.  **眼压控制与药物治疗**：书中强调了降低眼压（IOP）作为青光眼治疗的核心地位。尽管FDA的药物审批主要基于降压效果，但临床医生在实际工作中还需考虑视野保护、血管调节、防腐剂毒性及患者依从性等因素。此外，书中探讨了眼压的昼夜节律波动及其对视神经损伤和视野缺损的影响，强调了维持24小时平稳眼压曲线的重要性。
3.  **诊断技术与评估手段**：书中详细介绍了多种诊断工具，包括超声生物显微镜（UBM）在眼前节成像中的应用、视野检查（如Humphrey视野分析仪、频率倍增技术视野检查等）、视功能评估以及针对不同类型青光眼（如葡萄膜炎相关性青光眼）的诊断策略。
4.  **循证医学与未来展望**：全书贯穿了循证医学的原则，同时通过编辑的评论和专题文章，探讨了青光眼发病的细胞生物学理论及未来研究方向。编者特别指出，尽管目前对青光眼的认知不断深入，但临床观察与深思熟虑的诊疗决策依然不可替代。

总之，该书通过整合临床经验与科学证据，为一线医生提供了处理青光眼患者的实用指南，旨在通过提升诊疗水平，最终改善全球青光眼患者的预后。",c22deb13-2e3d-4dab-82e9-b02f533a551f
12-眼眶与眼肿瘤,e785de98-5837-4eea-89a8-6a46cacb5173,10000,2872ed0d-d2f1-4eba-a6ea-d958f8fd17d6,眼眶病磁共振诊断图谱-王宏 2006_weknora.mhtml,眼眶病磁共振诊断图谱-王宏 2006_weknora.mhtml,"《眼眶病磁共振（MRI）诊断图谱》由王宏、王发强、郑静昆主编，2006年由军事医学科学出版社出版。全书收录1300余幅眼眶病变图像，其中包括24幅彩色患者病变图像，资料均经病理证实，旨在为临床医师、眼科及手术医师提供诊断、鉴别诊断、教学和术前参考。

全书首先系统介绍眼眶的骨骼、软组织及MRI解剖。内容涉及眶骨结构、眶脂肪、眼外肌、眼球、视神经、三叉神经、眼动脉及眶内静脉等，并通过横轴位、矢状位和冠状位图像说明各解剖结构的MRI表现。书中指出，MRI具有无骨伪影、软组织分辨率高、组织特性显示清晰及可多方位成像等优势，能够观察液性病变与实性肿瘤的性质、视神经及视交叉病变，以及病灶边缘、内部结构和邻近组织受累范围。

疾病部分以病例图谱为主要形式，介绍眼肌病变、甲状腺相关性眼病及多种眼眶肿瘤。甲状腺相关性眼病是一种常见的自身免疫性突眼病，主要累及眼外肌和上睑提肌，MRI表现为肌腹梭形增厚而肌腱通常不增厚，并可伴有不同程度的信号改变和强化。肿瘤病例包括视神经脑膜瘤、脑膜瘤、转移瘤、腺样囊腺癌和副神经节细胞瘤等，分别展示病灶的位置、信号特点、强化方式、骨质破坏、视神经受压及邻近结构侵犯情况，并结合影像诊断与病理诊断进行对照。",completed,bbdb1f58-9bd8-4029-a943-51f827f6cfb7,"# Summary
《眼眶病磁共振（MRI）诊断图谱》由王宏、王发强、郑静昆主编，2006年由军事医学科学出版社出版。全书收录1300余幅眼眶病变图像，其中包括24幅彩色患者病变图像，资料均经病理证实，旨在为临床医师、眼科及手术医师提供诊断、鉴别诊断、教学和术前参考。

全书首先系统介绍眼眶的骨骼、软组织及MRI解剖。内容涉及眶骨结构、眶脂肪、眼外肌、眼球、视神经、三叉神经、眼动脉及眶内静脉等，并通过横轴位、矢状位和冠状位图像说明各解剖结构的MRI表现。书中指出，MRI具有无骨伪影、软组织分辨率高、组织特性显示清晰及可多方位成像等优势，能够观察液性病变与实性肿瘤的性质、视神经及视交叉病变，以及病灶边缘、内部结构和邻近组织受累范围。

疾病部分以病例图谱为主要形式，介绍眼肌病变、甲状腺相关性眼病及多种眼眶肿瘤。甲状腺相关性眼病是一种常见的自身免疫性突眼病，主要累及眼外肌和上睑提肌，MRI表现为肌腹梭形增厚而肌腱通常不增厚，并可伴有不同程度的信号改变和强化。肿瘤病例包括视神经脑膜瘤、脑膜瘤、转移瘤、腺样囊腺癌和副神经节细胞瘤等，分别展示病灶的位置、信号特点、强化方式、骨质破坏、视神经受压及邻近结构侵犯情况，并结合影像诊断与病理诊断进行对照。",f0a17891-cff6-4b07-b1bc-91355d6b8012
08-葡萄膜炎与眼内炎症,2c1efff9-0960-4d4b-a4c3-7acfb9411151,10000,bf5ad43f-818b-41c3-b1d0-fc167142baaf,Uveitis- Fundamentals and Clinical Practice-Robert B. Nussenblatt and Scott M. Whitcup 2010_weknora.mhtml,Uveitis- Fundamentals and Clinical Practice-Robert B. Nussenblatt and Scott M. Whitcup 2010_weknora.mhtml,"本文档摘自《葡萄膜炎：基础与临床实践》（第四版），主要探讨了免疫系统在眼部炎症性疾病中的作用机制、眼部弓形虫病的临床表现与并发症，以及免疫干预在青光眼治疗中的潜在应用。

核心内容包括：

1.  **免疫系统基础与发病机制**：免疫系统通过先天免疫（非特异性）和适应性免疫（特异性）识别并清除外来抗原。巨噬细胞在免疫防御中发挥核心作用，包括吞噬病原体、作为抗原呈递细胞激活T淋巴细胞，以及分泌细胞因子（如IL-1、IL-12等）调节炎症反应。眼部存在独特的免疫环境，T细胞在葡萄膜炎的发病中具有重要作用，且眼部常驻细胞与免疫系统存在复杂的相互作用。

2.  **眼部弓形虫病的临床并发症**：眼部弓形虫病可导致严重的视力丧失，特别是当病变累及黄斑时。常见的并发症包括脉络膜新生血管形成、视网膜血管阻塞、视网膜脱离及视网膜裂孔。研究指出，眼部手术可能诱发弓形虫病复发，因此围手术期预防性治疗具有临床意义。此外，该病还可能与Fuchs异色性虹膜睫状体炎等其他眼部病变存在关联。

3.  **青光眼的免疫保护机制**：研究表明，免疫系统（特别是T细胞）在视神经损伤后的神经保护中发挥作用。实验证明，特定的T细胞反应可保护视网膜神经节细胞免受损伤。基于此，研究者提出了“保护性免疫”概念，通过使用如共聚物-1（copolymer-1）等弱激动剂进行T细胞疫苗接种，在慢性高眼压模型中表现出对视网膜神经节细胞的保护作用。尽管目前尚处于实验阶段，但这些发现为通过免疫调节手段治疗青光眼提供了新的研究思路。",completed,b012ff27-d2ac-4ee1-8178-5a9a0f8e379c,"# Summary
本文档摘自《葡萄膜炎：基础与临床实践》（第四版），主要探讨了免疫系统在眼部炎症性疾病中的作用机制、眼部弓形虫病的临床表现与并发症，以及免疫干预在青光眼治疗中的潜在应用。

核心内容包括：

1.  **免疫系统基础与发病机制**：免疫系统通过先天免疫（非特异性）和适应性免疫（特异性）识别并清除外来抗原。巨噬细胞在免疫防御中发挥核心作用，包括吞噬病原体、作为抗原呈递细胞激活T淋巴细胞，以及分泌细胞因子（如IL-1、IL-12等）调节炎症反应。眼部存在独特的免疫环境，T细胞在葡萄膜炎的发病中具有重要作用，且眼部常驻细胞与免疫系统存在复杂的相互作用。

2.  **眼部弓形虫病的临床并发症**：眼部弓形虫病可导致严重的视力丧失，特别是当病变累及黄斑时。常见的并发症包括脉络膜新生血管形成、视网膜血管阻塞、视网膜脱离及视网膜裂孔。研究指出，眼部手术可能诱发弓形虫病复发，因此围手术期预防性治疗具有临床意义。此外，该病还可能与Fuchs异色性虹膜睫状体炎等其他眼部病变存在关联。

3.  **青光眼的免疫保护机制**：研究表明，免疫系统（特别是T细胞）在视神经损伤后的神经保护中发挥作用。实验证明，特定的T细胞反应可保护视网膜神经节细胞免受损伤。基于此，研究者提出了“保护性免疫”概念，通过使用如共聚物-1（copolymer-1）等弱激动剂进行T细胞疫苗接种，在慢性高眼压模型中表现出对视网膜神经节细胞的保护作用。尽管目前尚处于实验阶段，但这些发现为通过免疫调节手段治疗青光眼提供了新的研究思路。",f02a70e5-d093-477a-ad1f-8750d9849092
20-检查：角膜地形图、前节分析与共聚焦,4fdc823c-4867-4304-be99-71a539390709,10000,e3aa3736-e297-47cd-804a-87789c5cca51,角膜断层地形图形第2版-Micharl W Belin 2014_weknora.mhtml,角膜断层地形图形第2版-Micharl W Belin 2014_weknora.mhtml,"# 角膜断层地形图学

Elevation Based Corneal Tomography

第2版

主编 Michael W. Belin, MD, FACS

Stephen S. Khachikian, MD

Renato Ambrósio Jr., MD, PhD

主 译 王勤美

# 角膜断层地形图学

# Elevation Based Corneal Tomography

# 第2版

主编 Michael W. Belin, MD, FACS

Stephen S. Khachikian, MD

Renato Ambrósio Jr., MD, PhD

主 译 王勤美

副主译 黄锦海 俞阿勇

译者（按姓氏汉语笔画排序）

朱铁培 许琛琛 李坚 李智冬

吴光波 余野 陈世豪 胡亮

## 敬告

本书的作者、译者及出版者已尽力使书中的知识符合出版当时国内普遍接受的标准。但医学在不断地发展，随着科学研究的不断探索，各种诊断分析程序和临床治疗方案以及药物使用方法都在不断更新。强烈建议读者在使用本书涉及的诊疗仪器或药物时，认真研读使用说明，尤其对于新的产品更",completed,6f31a611-1ce9-4988-a321-6773fc5fd105,"# Summary
# 角膜断层地形图学

Elevation Based Corneal Tomography

第2版

主编 Michael W. Belin, MD, FACS

Stephen S. Khachikian, MD

Renato Ambrósio Jr., MD, PhD

主 译 王勤美

# 角膜断层地形图学

# Elevation Based Corneal Tomography

# 第2版

主编 Michael W. Belin, MD, FACS

Stephen S. Khachikian, MD

Renato Ambrósio Jr., MD, PhD

主 译 王勤美

副主译 黄锦海 俞阿勇

译者（按姓氏汉语笔画排序）

朱铁培 许琛琛 李坚 李智冬

吴光波 余野 陈世豪 胡亮

## 敬告

本书的作者、译者及出版者已尽力使书中的知识符合出版当时国内普遍接受的标准。但医学在不断地发展，随着科学研究的不断探索，各种诊断分析程序和临床治疗方案以及药物使用方法都在不断更新。强烈建议读者在使用本书涉及的诊疗仪器或药物时，认真研读使用说明，尤其对于新的产品更",8506995c-2d38-4daa-98b6-7dcedcaff742
13-眼外伤与急症,06e9888f-5d59-49c9-9218-d078b456f01b,10000,9291bd82-f86c-4972-b077-b74fa88ede46,中山眼科急症临床病例解-2025_weknora.mhtml,中山眼科急症临床病例解-2025_weknora.mhtml,"中山眼科疑难眼病系列

中山眼科急症

临床病例解析

2025版

总主编 | 林浩添

主编 | 李涛 娄秉盛

Clinical Case Analysis of Ocular Emergencies in Zhongshan Ophthalmic
Center

2025 Edition

# 中山眼科急症 临床病例解析 2025版

主 编 李 涛 娄秉盛

副主编 郑永欣 钟刘学颖 梁凌毅

编委（按姓氏音序排序）

陈晓卿丁小虎段芳高凯何丽文黄国富

黄晶晶 李 涛 梁凌毅 梁轩伟 刘曼丽 娄秉盛

卢蓉欧阳晨唐明君杨瑶姚抒予叶慧菁

余新平 袁钊辉 郑永欣 钟刘学颖

人民卫生出版社

·北京·

版权所有，侵权必究！

图书在版编目（CIP）数据

中山眼科急症临床病例解析：2025版/李涛，娄秉盛主编. –
北京：人民卫生出版社，2026. 1. –（中山眼科疑难眼病系列）. – ISBN
978-7-117-39355-3

I. R770.597

中国国家版本馆 CIP 数据核字第 2026XG7822 号

|  |  |  |
| --- | --- | ",completed,d1327017-24d9-4be7-8e24-cb87260ce4b9,"# Summary
中山眼科疑难眼病系列

中山眼科急症

临床病例解析

2025版

总主编 | 林浩添

主编 | 李涛 娄秉盛

Clinical Case Analysis of Ocular Emergencies in Zhongshan Ophthalmic
Center

2025 Edition

# 中山眼科急症 临床病例解析 2025版

主 编 李 涛 娄秉盛

副主编 郑永欣 钟刘学颖 梁凌毅

编委（按姓氏音序排序）

陈晓卿丁小虎段芳高凯何丽文黄国富

黄晶晶 李 涛 梁凌毅 梁轩伟 刘曼丽 娄秉盛

卢蓉欧阳晨唐明君杨瑶姚抒予叶慧菁

余新平 袁钊辉 郑永欣 钟刘学颖

人民卫生出版社

·北京·

版权所有，侵权必究！

图书在版编目（CIP）数据

中山眼科急症临床病例解析：2025版/李涛，娄秉盛主编. –
北京：人民卫生出版社，2026. 1. –（中山眼科疑难眼病系列）. – ISBN
978-7-117-39355-3

I. R770.597

中国国家版本馆 CIP 数据核字第 2026XG7822 号

|  |  |  |
| --- | --- | ",825d420a-dc66-478b-a598-3c815cbad6a5
08-葡萄膜炎与眼内炎症,2c1efff9-0960-4d4b-a4c3-7acfb9411151,10000,ac3dc215-5a2c-4934-bd9c-7db2032cae29,眼内液检测的临床应用-陶勇 2020_weknora.mhtml,眼内液检测的临床应用-陶勇 2020_weknora.mhtml,"# 眼内液检测的临床应用 Examination of Intraocular Fluids

陶勇编著

林顺潮 黄德光 主审

# 眼内液检测的临床应用

# Examination of Intraocular Fluids

陶勇编著

林顺潮 黄德光 主审

图书在版编目（CIP）数据

眼内液检测的临床应用/陶勇编著.一北京：人

民卫生出版社，2020

ISBN 978-7-117-30136-7

# 第一章

# 眼内液概论

## 一、 眼内液种类

眼内液是眼球内液体的统称，包括房水、玻璃体液、视网膜下液、脉络膜上腔积液等。房水和玻璃体液均为屈光介质的组成部分。

为了满足眼球作为视觉器官的特殊需求，屈光介质需要保持透明，这就要求眼内的免疫环境相对安静，否则眼内蛋白和细胞成分增加，势必导致屈光介质透明度下降。眼内的免疫赦免分子机制体现在三个方面：①解剖、细胞和分子屏障；②眼源性免疫容忍，或前房相关免疫偏离（anterior
chamber-associated immune deviation,
ACAID）；③免疫抑制性眼内微环境。

",completed,aefc7726-e39d-4fd3-a06b-debc0d59f8df,"# Summary
# 眼内液检测的临床应用 Examination of Intraocular Fluids

陶勇编著

林顺潮 黄德光 主审

# 眼内液检测的临床应用

# Examination of Intraocular Fluids

陶勇编著

林顺潮 黄德光 主审

图书在版编目（CIP）数据

眼内液检测的临床应用/陶勇编著.一北京：人

民卫生出版社，2020

ISBN 978-7-117-30136-7

# 第一章

# 眼内液概论

## 一、 眼内液种类

眼内液是眼球内液体的统称，包括房水、玻璃体液、视网膜下液、脉络膜上腔积液等。房水和玻璃体液均为屈光介质的组成部分。

为了满足眼球作为视觉器官的特殊需求，屈光介质需要保持透明，这就要求眼内的免疫环境相对安静，否则眼内蛋白和细胞成分增加，势必导致屈光介质透明度下降。眼内的免疫赦免分子机制体现在三个方面：①解剖、细胞和分子屏障；②眼源性免疫容忍，或前房相关免疫偏离（anterior
chamber-associated immune deviation,
ACAID）；③免疫抑制性眼内微环境。

",d20395e3-f7b5-4607-aa8a-c2892aeafce3
23-眼科手术与操作技术,0ae37310-b90c-4b5b-9249-14be041abd93,10000,dc002b7e-01cd-4cf9-821b-14ce0f550aea,眼科手术操作与技巧-魏文斌 2011_weknora.mhtml,眼科手术操作与技巧-魏文斌 2011_weknora.mhtml,"本书是首都医科大学附属北京同仁医院眼科临床专家编写的一部眼科手术专著，由魏文斌、施玉英主编，人民卫生出版社于2011年出版。全书九篇59章，约60万字，含约500幅插图，涵盖外眼小手术、白内障手术、青光眼手术、角膜手术、玻璃体视网膜手术、眼外伤手术、斜视及眼部整形手术等。该书以临床实用为中心，重手术技术与技巧、术者经验体会，以及适应证选择、术前术后注意事项和并发症防治，既可作为年轻医师的手术教材，也可供有经验医师参考。

在显微手术基础方面，书中详细介绍了准备性操作技术：眼部无菌技术包括术前抗生素应用、泪道冲洗、术眼备皮；手术野消毒范围与螺旋式消毒方法；包头巾和眼单的铺巾方法。眼球暴露技术包括开睑器开睑、金属钩开睑、单线与双线缝线开睑、外眦切开术，以及眼球固定技术（角膜缘牵引缝线、眼外肌牵引缝线、浅层巩膜固定缝线、角膜固定缝线）。软化眼球技术包括20%甘露醇药物降眼压及机械压迫降眼压。眼组织基本操作技术涉及组织的镊持（有齿镊与无齿镊的选择）、切开（刀片垂直、一次性切透）、六种缝合方式（间断、连续、褥式、8字、减张、深层错位缝合）及缝合技巧，并介绍了器械打结（方结、3~4个结扣）、剪线、埋藏线结及血管钳夹、压迫、烧灼等止血方法。

麻醉部分介绍局部麻醉的八项要求、表面麻醉滴药方法、浸润麻醉（皮下、结膜下、筋膜囊下、直肌鞘注射）及睫状神经节阻滞的注射方法与并发症处理。此外，书中还涉及玻璃体视网膜术后处理（按裂孔位置决定头位、饮食全身处理、药物应用、术后眼部检查），甲状腺相关性眼病限制性斜视手术量的掌握、眼睑处理及并发症防治，以及斜视手术并发症（做错肌肉、眼球穿通、出血、肌肉滑脱、前节缺血、结膜植入性囊肿、复视、术后感染、下斜肌粘连综合征、远期再次手术）的原因、预防和处理。",completed,019cb65e-e161-4be1-85aa-7fb484fe6d67,"# Summary
本书是首都医科大学附属北京同仁医院眼科临床专家编写的一部眼科手术专著，由魏文斌、施玉英主编，人民卫生出版社于2011年出版。全书九篇59章，约60万字，含约500幅插图，涵盖外眼小手术、白内障手术、青光眼手术、角膜手术、玻璃体视网膜手术、眼外伤手术、斜视及眼部整形手术等。该书以临床实用为中心，重手术技术与技巧、术者经验体会，以及适应证选择、术前术后注意事项和并发症防治，既可作为年轻医师的手术教材，也可供有经验医师参考。

在显微手术基础方面，书中详细介绍了准备性操作技术：眼部无菌技术包括术前抗生素应用、泪道冲洗、术眼备皮；手术野消毒范围与螺旋式消毒方法；包头巾和眼单的铺巾方法。眼球暴露技术包括开睑器开睑、金属钩开睑、单线与双线缝线开睑、外眦切开术，以及眼球固定技术（角膜缘牵引缝线、眼外肌牵引缝线、浅层巩膜固定缝线、角膜固定缝线）。软化眼球技术包括20%甘露醇药物降眼压及机械压迫降眼压。眼组织基本操作技术涉及组织的镊持（有齿镊与无齿镊的选择）、切开（刀片垂直、一次性切透）、六种缝合方式（间断、连续、褥式、8字、减张、深层错位缝合）及缝合技巧，并介绍了器械打结（方结、3~4个结扣）、剪线、埋藏线结及血管钳夹、压迫、烧灼等止血方法。

麻醉部分介绍局部麻醉的八项要求、表面麻醉滴药方法、浸润麻醉（皮下、结膜下、筋膜囊下、直肌鞘注射）及睫状神经节阻滞的注射方法与并发症处理。此外，书中还涉及玻璃体视网膜术后处理（按裂孔位置决定头位、饮食全身处理、药物应用、术后眼部检查），甲状腺相关性眼病限制性斜视手术量的掌握、眼睑处理及并发症防治，以及斜视手术并发症（做错肌肉、眼球穿通、出血、肌肉滑脱、前节缺血、结膜植入性囊肿、复视、术后感染、下斜肌粘连综合征、远期再次手术）的原因、预防和处理。",44cc66ba-1bbb-4348-b70f-914b421ba2bc
06-眼底病与视网膜内科,f900fe21-9deb-47e0-bf36-ce06022cae92,10000,9c7ebe5b-9ce0-444b-abb3-cd9adbf72aca,视网膜图谱-K Bailey Freund 2019 weknora.mhtml,视网膜图谱-K Bailey Freund 2019 weknora.mhtml,"国际经典眼科学译著

# THE RETINAL ATLAS 视网膜图谱 (2nd EDITION) (原书第2版)

原著 [美] K. BAILEY FREUND [美] DAVID SARRAF

[美] WILLIAM F. MIELER [美] LAWRENCE A. YANNUZZI

主译 赵明威 曲进锋 周鹏

ELSEVIER

## Color coding——How to use this book 彩色线框注释——如何阅读本书

眼底照相

血管荧光造影

眼底自发荧光

血管吲哚青绿造影

超广角彩色眼底相

超广角荧光造影

超广角自发荧光

超广角吲哚菁绿造影

近红外反射眼底相

无赤光眼底相

炫彩成像

光相干断层成像

眼底相中彩色扫描线对应的OCT扫描

书中的图片均采用不同颜色的边框标记，以便读者参阅。

## Abstract 内容提要

本书是一部引进自ELSEVIER出版社的国际经典眼科著作，由眼底内科学术大师Lawrence
A.
Yannuzzi联合眼科学各领域权威专家倾力打造，是一部新颖、独特、全面的眼科学参考书。本书精选了5000",completed,7d9c01c9-10ff-45f0-9817-fe957ff10dd4,"# Summary
国际经典眼科学译著

# THE RETINAL ATLAS 视网膜图谱 (2nd EDITION) (原书第2版)

原著 [美] K. BAILEY FREUND [美] DAVID SARRAF

[美] WILLIAM F. MIELER [美] LAWRENCE A. YANNUZZI

主译 赵明威 曲进锋 周鹏

ELSEVIER

## Color coding——How to use this book 彩色线框注释——如何阅读本书

眼底照相

血管荧光造影

眼底自发荧光

血管吲哚青绿造影

超广角彩色眼底相

超广角荧光造影

超广角自发荧光

超广角吲哚菁绿造影

近红外反射眼底相

无赤光眼底相

炫彩成像

光相干断层成像

眼底相中彩色扫描线对应的OCT扫描

书中的图片均采用不同颜色的边框标记，以便读者参阅。

## Abstract 内容提要

本书是一部引进自ELSEVIER出版社的国际经典眼科著作，由眼底内科学术大师Lawrence
A.
Yannuzzi联合眼科学各领域权威专家倾力打造，是一部新颖、独特、全面的眼科学参考书。本书精选了5000",193b991a-2d3f-4ceb-9905-fea6439d6ec4
03-白内障：晶状体与人工晶体,a0f47c80-3a66-46c8-8315-43b41ce357ea,10000,5a45d1d8-694f-40b9-b197-308ff204fafb,儿童白内障学-谢立信 2014_weknora.mhtml,儿童白内障学-谢立信 2014_weknora.mhtml,"## 儿童白内障学 PEDIATRIC CATARACT

# 儿童白内障学 PEDIATRIC CATARACT

主 编 谢立信 黄钰森

编者（按姓氏拼音排序）

代云海 黄钰森 蓝婕 龙潭 吴晓明

谢立信 徐英男 于常红 由彩云 张辉

## 图书在版编目（CIP）数据

儿童白内障学 / 谢立信，黄钰森主编. — 北京：人民卫生出版社，2014

ISBN 978-7-117-19282-8

Ⅰ. ①儿… Ⅱ. ①谢… ②黄… Ⅲ. ①小儿疾病－白内障－诊疗 Ⅳ. ①R776.1

中国版本图书馆 CIP 数据核字（2014）第 132568 号

|  |  |  |
| --- | --- | --- |
| 人卫社官网 | www.pmph.com | 出版物查询，在线购书 |
| 人卫医学网 | www.ipmph.com | 医学考试辅导，医学数据库服务，医学教育资源，大众健康资讯 |

版权所有，侵权必究！

## 儿童白内障学

主 编：谢立信 黄钰森

出版发行：人民卫生出版社（中继线010-59780011）

地址：北京市朝阳区潘家园南里19号

邮编",completed,1fd4f221-2107-45ed-9eb5-3baea0e45c92,"# Summary
## 儿童白内障学 PEDIATRIC CATARACT

# 儿童白内障学 PEDIATRIC CATARACT

主 编 谢立信 黄钰森

编者（按姓氏拼音排序）

代云海 黄钰森 蓝婕 龙潭 吴晓明

谢立信 徐英男 于常红 由彩云 张辉

## 图书在版编目（CIP）数据

儿童白内障学 / 谢立信，黄钰森主编. — 北京：人民卫生出版社，2014

ISBN 978-7-117-19282-8

Ⅰ. ①儿… Ⅱ. ①谢… ②黄… Ⅲ. ①小儿疾病－白内障－诊疗 Ⅳ. ①R776.1

中国版本图书馆 CIP 数据核字（2014）第 132568 号

|  |  |  |
| --- | --- | --- |
| 人卫社官网 | www.pmph.com | 出版物查询，在线购书 |
| 人卫医学网 | www.ipmph.com | 医学考试辅导，医学数据库服务，医学教育资源，大众健康资讯 |

版权所有，侵权必究！

## 儿童白内障学

主 编：谢立信 黄钰森

出版发行：人民卫生出版社（中继线010-59780011）

地址：北京市朝阳区潘家园南里19号

邮编",bfedbba5-ae04-47be-bc24-10ea14652452
02-角膜与眼表,f041b2b7-3147-4deb-a2f2-0de5cc53d296,10000,de0ce752-7f23-49f9-b602-7b369f0f6e89,Corneal Topography-Amar Agarwal; Athiya Agarwal; Soosan Jacob 2009_weknora.mhtml,Corneal Topography-Amar Agarwal; Athiya Agarwal; Soosan Jacob 2009_weknora.mhtml,"《角膜地形图》是Jaypee Gold Standard Mini Atlas系列中的一部专著，由Amar Agarwal、Athiya Agarwal和Soosan Jacob主编，Elizabeth A Davis撰写前言，Jaypee Brothers Medical Publishers出版。前言指出，计算机辅助角膜地形图（视频角膜地形图）已成为眼科医师分析角膜形态的重要工具，可用于角膜营养不良（如圆锥角膜、透明边缘变性）的诊断、角膜接触镜验配、屈光手术和白内障手术的术前评估及术后管理；现代设备还能提供屈光度测量、后表面曲率分析、角膜厚度数据、不规则性量化、球面性及光学质量信息。前言还概括了本书内容：Orbscan地形图仪及其在筛查和诊断圆锥角膜（扩张）中的作用、Pentacam地形图仪、地形图与波前像差测量仪的结合应用，以及地形图在白内障手术中的用途。前言与序言均强调术前评估是屈光手术的关键，白内障手术也离不开地形图检查。

正文Orbscan章节介绍了该设备的基本原理：传统角膜曲率计和Placido盘系统只能测量角膜前表面曲率，无法进行裂隙扫描；Orbscan由Bausch and Lomb生产，结合裂隙扫描与Placido图像，获得更完整的地形图数据。文中对比了近轴光学与光线追踪（几何）光学：眼镜矫正只能处理离焦和散光等近轴像差，而屈光手术效果不理想往往是由于引入球差、彗差等其他像差，原因包括偏中心消融、不对称愈合、生物力学反应、手术规划不当及信息不足。Orbscan采用光线追踪原理，不依赖曲率，而以角膜高度（elevation）和表面斜率为基础。角膜前表面高度图以“最佳拟合球”为参照，术后角膜呈扁长形时中央显示为蓝色区域。后表面高度图是Orbscan的独特功能，因后表面角膜屈光力为负值，可降低总角膜屈光力；解读时需关注后表面漂移最陡峭的位置及漂移差值，一般认为45至50微米为异常上限，孤立发现临床价值有限。Karpecki和Moyes提出“三步法则”用于LASIK术前筛查：一张地形图异常需谨慎，两张异常应引起关注，三张异常则禁忌手术。

在白内障手术部分，文中讨论了利用地形图上的红色数字确定正柱镜轴，并通过在陡峭轴向制作角膜切口来减少散光；还通过病例说明拆线后散光可能显著增加（如从+1.8D增至+5.7D），拆线时须谨慎分析地形图，必要时可行散光角膜切开术。最后介绍了Amar Agarwal创立的Phakonit技术，即通过0.9mm切口完成白内障摘除，相比2.6mm切口产生的散光更小，配合可折叠式或Acritec超小切口人工晶状体，可通过小于1.4mm的切口植入，术前术后地形图差异很小。",completed,dc139f0c-0d00-42dc-ae31-6e67831d845a,"# Summary
《角膜地形图》是Jaypee Gold Standard Mini Atlas系列中的一部专著，由Amar Agarwal、Athiya Agarwal和Soosan Jacob主编，Elizabeth A Davis撰写前言，Jaypee Brothers Medical Publishers出版。前言指出，计算机辅助角膜地形图（视频角膜地形图）已成为眼科医师分析角膜形态的重要工具，可用于角膜营养不良（如圆锥角膜、透明边缘变性）的诊断、角膜接触镜验配、屈光手术和白内障手术的术前评估及术后管理；现代设备还能提供屈光度测量、后表面曲率分析、角膜厚度数据、不规则性量化、球面性及光学质量信息。前言还概括了本书内容：Orbscan地形图仪及其在筛查和诊断圆锥角膜（扩张）中的作用、Pentacam地形图仪、地形图与波前像差测量仪的结合应用，以及地形图在白内障手术中的用途。前言与序言均强调术前评估是屈光手术的关键，白内障手术也离不开地形图检查。

正文Orbscan章节介绍了该设备的基本原理：传统角膜曲率计和Placido盘系统只能测量角膜前表面曲率，无法进行裂隙扫描；Orbscan由Bausch and Lomb生产，结合裂隙扫描与Placido图像，获得更完整的地形图数据。文中对比了近轴光学与光线追踪（几何）光学：眼镜矫正只能处理离焦和散光等近轴像差，而屈光手术效果不理想往往是由于引入球差、彗差等其他像差，原因包括偏中心消融、不对称愈合、生物力学反应、手术规划不当及信息不足。Orbscan采用光线追踪原理，不依赖曲率，而以角膜高度（elevation）和表面斜率为基础。角膜前表面高度图以“最佳拟合球”为参照，术后角膜呈扁长形时中央显示为蓝色区域。后表面高度图是Orbscan的独特功能，因后表面角膜屈光力为负值，可降低总角膜屈光力；解读时需关注后表面漂移最陡峭的位置及漂移差值，一般认为45至50微米为异常上限，孤立发现临床价值有限。Karpecki和Moyes提出“三步法则”用于LASIK术前筛查：一张地形图异常需谨慎，两张异常应引起关注，三张异常则禁忌手术。

在白内障手术部分，文中讨论了利用地形图上的红色数字确定正柱镜轴，并通过在陡峭轴向制作角膜切口来减少散光；还通过病例说明拆线后散光可能显著增加（如从+1.8D增至+5.7D），拆线时须谨慎分析地形图，必要时可行散光角膜切开术。最后介绍了Amar Agarwal创立的Phakonit技术，即通过0.9mm切口完成白内障摘除，相比2.6mm切口产生的散光更小，配合可折叠式或Acritec超小切口人工晶状体，可通过小于1.4mm的切口植入，术前术后地形图差异很小。",49291bf8-bbe2-427c-9797-a710ef43f35e
05-青光眼,8bf942e4-80dc-4a8a-87cf-486f897fe2bd,10000,a0b16ded-0ab9-4e7a-92bb-ec863bc741ca,"Becker-Shaffer's Diagnosis and Therapy of the Glaucomas-Robert L. Stamper, Marc F. Lieberman and Michael V. Drake 2009_weknora.mhtml","Becker-Shaffer's Diagnosis and Therapy of the Glaucomas-Robert L. Stamper, Marc F. Lieberman and Michael V. Drake 2009_weknora.mhtml","本摘要基于《Becker-Shaffer青光眼诊断与治疗》一书的节选，涵盖青光眼定义分类、流行病学、主要临床试验、发育性青光眼及手术技术等专题。

在定义与分类方面，文本指出青光眼概念在过去百年间持续演变，原义为""混浊""，如今并非单一疾病，而是一组临床表现、病理生理和治疗各异，但共同具有视神经盘凹陷萎缩及相应视野缺损的疾病。本书将青光眼定义为可通过充分降低眼压而阻止或减轻的视神经结构或功能完整性障碍。原发性开角型青光眼被明确界定为一种在房角开放情况下发生的多因素视神经病变，以视神经特征性获得性萎缩和视网膜神经节细胞丧失为特点；而其他类型青光眼（尤其继发性青光眼）则首先以眼压升高来定义。原发性青光眼通常双侧且与遗传易感性相关，继发性青光眼常为单侧、后天获得。眼压由房水生成速率、房水流出阻力及巩膜静脉压共同决定，眼压升高通常源于房水流出阻力增加。

流行病学方面，青光眼是全球第二大致盲",completed,2ef41d9b-7301-4ef8-b03e-e5da4d0df68e,"# Summary
本摘要基于《Becker-Shaffer青光眼诊断与治疗》一书的节选，涵盖青光眼定义分类、流行病学、主要临床试验、发育性青光眼及手术技术等专题。

在定义与分类方面，文本指出青光眼概念在过去百年间持续演变，原义为""混浊""，如今并非单一疾病，而是一组临床表现、病理生理和治疗各异，但共同具有视神经盘凹陷萎缩及相应视野缺损的疾病。本书将青光眼定义为可通过充分降低眼压而阻止或减轻的视神经结构或功能完整性障碍。原发性开角型青光眼被明确界定为一种在房角开放情况下发生的多因素视神经病变，以视神经特征性获得性萎缩和视网膜神经节细胞丧失为特点；而其他类型青光眼（尤其继发性青光眼）则首先以眼压升高来定义。原发性青光眼通常双侧且与遗传易感性相关，继发性青光眼常为单侧、后天获得。眼压由房水生成速率、房水流出阻力及巩膜静脉压共同决定，眼压升高通常源于房水流出阻力增加。

流行病学方面，青光眼是全球第二大致盲",4a83c54a-703c-4dcb-9714-36bf00ad90a2
01-眼科综合：基础与全身病,09c593aa-1a64-48de-af81-fc4d30d551b4,10000,bb912440-341b-4481-a045-77ba8a87be33,"Geriatric Ophthalmology- A Competency-based Approach-Andrew G. Lee, Hilary A. Beaver 2009_weknora.mhtml","Geriatric Ophthalmology- A Competency-based Approach-Andrew G. Lee, Hilary A. Beaver 2009_weknora.mhtml","《Geriatric Ophthalmology: A Competency-based Approach》由 Andrew G. Lee 和 Hilary Beaver 编辑，是一部以能力为本、面向老年眼科的专著。前言指出，美国65岁以上人口快速增长，老年医疗保健质量亟待提升，而眼科领域必须加强对老年患者的关注。本书的核心理念源于三大范式转变：第一，从传统“疾病—诊断—治疗”模式转向强调“疾病预防、情境化诊断、功能评估、治疗与康复”的整体性模式；第二，认识到老年患者并非简单的“年龄较大的成人”，其在解剖、生理、病理生理、药理学、临床表现及治疗反应等方面均有特殊性；第三，从以医学知识为基础的教育转向以能力为本的教育模式。

本书采用病例驱动形式，并与美国毕业后医学教育认证委员会（ACGME）提出的六项通用能力框架相对齐，包括：患者照护、医学知识、基于实践的学习与改进、人际交往与沟通技能、职业精神，以及基于系统的实践。各章通过具体病例展示这些能力在老年眼科诊疗中的应用。

书中关于年龄相关性黄斑变性（AMD）的内容涉及营养补充剂（如AREDS配方）的安全性注意事项：β-胡萝卜素可能使皮肤发黄，并增加吸烟者罹患肺癌的风险；锌可能增加泌尿生殖系统住院风险，尤其见于男性；维生素E的使用需与初级保健医生协调，因老年人常服用华法林等影响凝血通路的药物。在新生血管性AMD的管理方面，临床怀疑或发现脉络膜新生血管（CNV）时，需通过荧光素血管造影确诊并判断病灶范围、位置与构成，光学相干断层扫描（OCT）亦可用于监测和疗效评估。对于边界清晰、未累及中心且症状明显的病灶，可考虑激光光凝；对于以CNV为主的病灶，ANCHOR III期试验显示，接受雷珠单抗0.5 mg治疗的患者中94%在1年时避免了显著视力损失（视力表丧失15个字母或以上），而维替泊芬光动力治疗组为64%。

书中还涉及第三颅神经麻痹的处理。对于瞳孔不受累的缺血性第三神经麻痹，通常由内科医生评估糖尿病、高血压等动脉硬化危险因素；部分患者需筛查胶原血管病、血管炎、结节病或癌性脑膜炎。若考虑动脉瘤性病因，应转诊神经外科或神经内科。眼科医生可通过遮盖、棱镜或手术处理复视，多数主张发病6个月后病情稳定再考虑手术。病例总结显示，一名因糖尿病导致缺血性孤立性第三神经麻痹的患者，初诊时症状已开始改善，经3个月观察后恢复；同时转诊其至初级保健医生，发现血糖高达300 mg/dL以上，遂启动胰岛素治疗，并发现高胆固醇与高甘油三酯，给予药物及饮食干预。患者此后服药依从性改善，视网膜病变亦有好转。书中强调，眼科医生应积极筛查并转诊老年患者的共病，以改善其整体生活质量。",completed,75fafe4f-3dfd-4daa-89bc-41de93c7cf79,"# Summary
《Geriatric Ophthalmology: A Competency-based Approach》由 Andrew G. Lee 和 Hilary Beaver 编辑，是一部以能力为本、面向老年眼科的专著。前言指出，美国65岁以上人口快速增长，老年医疗保健质量亟待提升，而眼科领域必须加强对老年患者的关注。本书的核心理念源于三大范式转变：第一，从传统“疾病—诊断—治疗”模式转向强调“疾病预防、情境化诊断、功能评估、治疗与康复”的整体性模式；第二，认识到老年患者并非简单的“年龄较大的成人”，其在解剖、生理、病理生理、药理学、临床表现及治疗反应等方面均有特殊性；第三，从以医学知识为基础的教育转向以能力为本的教育模式。

本书采用病例驱动形式，并与美国毕业后医学教育认证委员会（ACGME）提出的六项通用能力框架相对齐，包括：患者照护、医学知识、基于实践的学习与改进、人际交往与沟通技能、职业精神，以及基于系统的实践。各章通过具体病例展示这些能力在老年眼科诊疗中的应用。

书中关于年龄相关性黄斑变性（AMD）的内容涉及营养补充剂（如AREDS配方）的安全性注意事项：β-胡萝卜素可能使皮肤发黄，并增加吸烟者罹患肺癌的风险；锌可能增加泌尿生殖系统住院风险，尤其见于男性；维生素E的使用需与初级保健医生协调，因老年人常服用华法林等影响凝血通路的药物。在新生血管性AMD的管理方面，临床怀疑或发现脉络膜新生血管（CNV）时，需通过荧光素血管造影确诊并判断病灶范围、位置与构成，光学相干断层扫描（OCT）亦可用于监测和疗效评估。对于边界清晰、未累及中心且症状明显的病灶，可考虑激光光凝；对于以CNV为主的病灶，ANCHOR III期试验显示，接受雷珠单抗0.5 mg治疗的患者中94%在1年时避免了显著视力损失（视力表丧失15个字母或以上），而维替泊芬光动力治疗组为64%。

书中还涉及第三颅神经麻痹的处理。对于瞳孔不受累的缺血性第三神经麻痹，通常由内科医生评估糖尿病、高血压等动脉硬化危险因素；部分患者需筛查胶原血管病、血管炎、结节病或癌性脑膜炎。若考虑动脉瘤性病因，应转诊神经外科或神经内科。眼科医生可通过遮盖、棱镜或手术处理复视，多数主张发病6个月后病情稳定再考虑手术。病例总结显示，一名因糖尿病导致缺血性孤立性第三神经麻痹的患者，初诊时症状已开始改善，经3个月观察后恢复；同时转诊其至初级保健医生，发现血糖高达300 mg/dL以上，遂启动胰岛素治疗，并发现高胆固醇与高甘油三酯，给予药物及饮食干预。患者此后服药依从性改善，视网膜病变亦有好转。书中强调，眼科医生应积极筛查并转诊老年患者的共病，以改善其整体生活质量。",73ab1965-200b-4b12-a404-665aff37b1b8
02-角膜与眼表,f041b2b7-3147-4deb-a2f2-0de5cc53d296,10000,75b3fc6c-4adc-453e-acb0-77a775b0545f,角膜胶原交联技术及临床应用-吴护平 2016_weknora.mhtml,角膜胶原交联技术及临床应用-吴护平 2016_weknora.mhtml,"吴护平 林志荣 著

刘祖国 主审

Corneal Collagen Cross-Linking

and Its Clinical Application

# 角膜胶原交联技术及 临床应用

## 图书在版编目(CIP)数据

角膜胶原交联技术及临床应用/吴护平，林志荣著. —
厦门：厦门大学出版社，2016.3 ISBN 978-7-5615-5940-6

## 内容简介

20世纪90年代后期，角膜交联作为一项崭新的技术出现以后，相关的基础和临床研究已经如火如荼地进行了20余年。在国外，角膜交联已经成为以圆锥角膜为代表的角膜扩张性疾病的标准治疗之一。在我国，关于角膜交联的临床应用和研究尚处于初步阶段，国内学者能够借鉴的经验很少，且大多数医院还没有开展角膜交联。

本书以编者团队的临床诊治及研究经验为基础，以自主临床数据和循证医学相结合的方法，详细介绍了角膜的生物力学、交联的原理、常规手术步骤及参数的优化、交联在各种疾病中的应用、常见并发症及其处理等，对交联在圆锥角膜及感染性角膜病中的应用做了详细阐述。同时，对最新的各种跨上皮角膜交联方法和仪器也做了较详细的介绍。本书是国内最",completed,139cbead-1298-4da1-840c-58d2f4053725,"# Summary
吴护平 林志荣 著

刘祖国 主审

Corneal Collagen Cross-Linking

and Its Clinical Application

# 角膜胶原交联技术及 临床应用

## 图书在版编目(CIP)数据

角膜胶原交联技术及临床应用/吴护平，林志荣著. —
厦门：厦门大学出版社，2016.3 ISBN 978-7-5615-5940-6

## 内容简介

20世纪90年代后期，角膜交联作为一项崭新的技术出现以后，相关的基础和临床研究已经如火如荼地进行了20余年。在国外，角膜交联已经成为以圆锥角膜为代表的角膜扩张性疾病的标准治疗之一。在我国，关于角膜交联的临床应用和研究尚处于初步阶段，国内学者能够借鉴的经验很少，且大多数医院还没有开展角膜交联。

本书以编者团队的临床诊治及研究经验为基础，以自主临床数据和循证医学相结合的方法，详细介绍了角膜的生物力学、交联的原理、常规手术步骤及参数的优化、交联在各种疾病中的应用、常见并发症及其处理等，对交联在圆锥角膜及感染性角膜病中的应用做了详细阐述。同时，对最新的各种跨上皮角膜交联方法和仪器也做了较详细的介绍。本书是国内最",baf3ba55-0e4e-46f6-a554-d3cfb5195959
09-神经眼科,be1e44f1-985d-4445-b6a3-e60a0f43f85e,10000,afafa41a-6531-4b8b-a980-53b3771243b9,神经眼科-Savino等 2005_weknora.mhtml,神经眼科-Savino等 2005_weknora.mhtml,"本书为《美国威尔斯眼科医院临床眼科图谱和精要》中的神经眼科分册，系统介绍神经眼科常见疾病及其流行病学、病因、临床表现、诊断、鉴别诊断、治疗和预后，并配有大量典型图片，旨在为临床眼科医师提供便于快速查阅的参考资料。

前几章重点讲述视觉传入系统的检查方法。神经眼科评估应建立在完整病史和全面眼部检查基础上，重点判断视力、色觉、瞳孔反应、中心视功能和视野是否异常。最佳矫正视力、验光、针孔试验和潜在视力测定有助于区分屈光不正或介质混浊与神经眼科病因；色觉异常尤其支持视神经、视交叉或少数枕叶病变。相对性传入瞳孔阻滞可见于视神经、视交叉、视束及严重视网膜病变，但通常不见于白内障、屈光不正和外侧膝状体以后病变。Amsler方格、对比敏感度、亮度比较和明负荷恢复试验可进一步识别视网膜、黄斑或视神经功能异常，检眼镜检查则用于观察视盘等结构。

视野检查是视觉传入系统疾病评估的核心。视网膜神经纤维的解剖分布决定了弓形缺损、中心暗点和颞侧楔形缺损等表现。临床可采用对照视野、静态自动视野计、Goldmann动态视野计及正切视野屏；其中24-2阈值程序常作为主要检查，10-2适用于发现中央小范围缺损。

MRI因软组织对比度高、可多平面成像，尤其适合检查视神经和其他视觉通路的微小病变；其不使用离子化辐射，但受金属植入物和幽闭恐怖症等因素限制。

书中还讨论了外伤性视神经病变、视交叉疾病及眼眶疾病。外伤后即刻失明多提示剪切损伤，延迟性视力下降则需警惕骨折片或血肿压迫；视交叉病变典型产生遵循垂直子午线的视野缺损，最常见为双颞侧偏盲。眼眶炎症通常依靠影像学、必要时活检诊断，并以皮质类固醇为主要治疗。海绵窦瘘可表现为突眼、复视、红眼、结膜血管动脉化和眼压升高，高流量瘘多需介入封闭，低流量瘘在无严重并发症时可观察。",completed,4a2b4bff-f1f4-4086-b6c1-69eb2f22e210,"# Summary
本书为《美国威尔斯眼科医院临床眼科图谱和精要》中的神经眼科分册，系统介绍神经眼科常见疾病及其流行病学、病因、临床表现、诊断、鉴别诊断、治疗和预后，并配有大量典型图片，旨在为临床眼科医师提供便于快速查阅的参考资料。

前几章重点讲述视觉传入系统的检查方法。神经眼科评估应建立在完整病史和全面眼部检查基础上，重点判断视力、色觉、瞳孔反应、中心视功能和视野是否异常。最佳矫正视力、验光、针孔试验和潜在视力测定有助于区分屈光不正或介质混浊与神经眼科病因；色觉异常尤其支持视神经、视交叉或少数枕叶病变。相对性传入瞳孔阻滞可见于视神经、视交叉、视束及严重视网膜病变，但通常不见于白内障、屈光不正和外侧膝状体以后病变。Amsler方格、对比敏感度、亮度比较和明负荷恢复试验可进一步识别视网膜、黄斑或视神经功能异常，检眼镜检查则用于观察视盘等结构。

视野检查是视觉传入系统疾病评估的核心。视网膜神经纤维的解剖分布决定了弓形缺损、中心暗点和颞侧楔形缺损等表现。临床可采用对照视野、静态自动视野计、Goldmann动态视野计及正切视野屏；其中24-2阈值程序常作为主要检查，10-2适用于发现中央小范围缺损。

MRI因软组织对比度高、可多平面成像，尤其适合检查视神经和其他视觉通路的微小病变；其不使用离子化辐射，但受金属植入物和幽闭恐怖症等因素限制。

书中还讨论了外伤性视神经病变、视交叉疾病及眼眶疾病。外伤后即刻失明多提示剪切损伤，延迟性视力下降则需警惕骨折片或血肿压迫；视交叉病变典型产生遵循垂直子午线的视野缺损，最常见为双颞侧偏盲。眼眶炎症通常依靠影像学、必要时活检诊断，并以皮质类固醇为主要治疗。海绵窦瘘可表现为突眼、复视、红眼、结膜血管动脉化和眼压升高，高流量瘘多需介入封闭，低流量瘘在无严重并发症时可观察。",9733be71-73e0-4e10-9dfd-70634eedfef8
10-小儿眼科：斜视与弱视等,d6a5115a-067a-4514-afbf-9fe81b4e64c0,10000,a19aaaaa-e0ed-42dd-93d8-658233a4dc23,Harley小儿眼科学-Leonard B Nelson 2009_weknora.mhtml,Harley小儿眼科学-Leonard B Nelson 2009_weknora.mhtml,"该文档为人民卫生出版社2009年10月出版的中文译著《Harley小儿眼科学》（第5版）的节选，主译为谢立信，原著由Leonard B. Nelson和Scott E. Olitsky主编，全书定价120元。

前言部分指出，小儿眼科在我国起步较晚、专业医师不足，而我国儿童弱视患者约1000万，居全球首位，亟需建立小儿眼科医师培养平台。原书前言强调该书是30年来小儿眼科经典教科书，第5版新增了法医学进展、遗传学新发现、循证医学等内容，并吸纳了小儿眼科界后起之秀参与编写。

正文涉及多个专业主题。其一为眼病的遗传学概论：回顾了从1903年Sutton发现染色体与孟德尔遗传法则的关系，到2003年人类基因组计划基本完成测序的历史；指出OMIM数据库中与""眼""相关的记录有647条，约150条基因的突变与角膜或视网膜营养不良、眼肿瘤、白内障、青光眼等相关。章节系统阐述了DNA双链结构、转录翻译过程、密码子、等位基因、基因型与表型、人类23对染色体的分组与核型分析，以及缺失、重复、倒置、易位等染色体结构改变，并介绍了OMIM、LDDB、POSSUM、人类基因突变数据库等临床可用遗传学数据库。

其二为先天性白内障术后并发症：眼内炎发生率约万分之七，常见葡萄球菌和链球菌感染；青光眼发生率3%～40%，开角型青光眼最常见于出生9个月前手术的患儿，确诊平均间隔7年，治疗多需手术；视网膜脱离可在术后多年发生，危险因素包括高度近视和多次手术；继发膜需YAG激光切开或手术切除。

其三为儿童无晶状体眼的光学矫正，包括框架眼镜（最安全）、接触镜（美国最常用）、表层角膜镜片术（1980年始用，存在持续角膜混浊问题）和人工晶状体植入（日益普及，需考虑患儿近视移动，建议欠矫，可采用骑跨式IOL）。

其四为斜视手术历史，回顾了Dieffenbach、Critchett、Wilde、Guerin等早期术者的探索，以及从肌切开术到后徙、前徙等现代手术方法的演变。

文档还包含六组彩图说明，展示结膜炎、角膜营养不良、Wilson病K-F环、Best卵黄样变性、白化病眼底、Fabry病等疾病的眼部表现。",completed,e3c01f34-eb80-40af-b40c-26693133e351,"# Summary
该文档为人民卫生出版社2009年10月出版的中文译著《Harley小儿眼科学》（第5版）的节选，主译为谢立信，原著由Leonard B. Nelson和Scott E. Olitsky主编，全书定价120元。

前言部分指出，小儿眼科在我国起步较晚、专业医师不足，而我国儿童弱视患者约1000万，居全球首位，亟需建立小儿眼科医师培养平台。原书前言强调该书是30年来小儿眼科经典教科书，第5版新增了法医学进展、遗传学新发现、循证医学等内容，并吸纳了小儿眼科界后起之秀参与编写。

正文涉及多个专业主题。其一为眼病的遗传学概论：回顾了从1903年Sutton发现染色体与孟德尔遗传法则的关系，到2003年人类基因组计划基本完成测序的历史；指出OMIM数据库中与""眼""相关的记录有647条，约150条基因的突变与角膜或视网膜营养不良、眼肿瘤、白内障、青光眼等相关。章节系统阐述了DNA双链结构、转录翻译过程、密码子、等位基因、基因型与表型、人类23对染色体的分组与核型分析，以及缺失、重复、倒置、易位等染色体结构改变，并介绍了OMIM、LDDB、POSSUM、人类基因突变数据库等临床可用遗传学数据库。

其二为先天性白内障术后并发症：眼内炎发生率约万分之七，常见葡萄球菌和链球菌感染；青光眼发生率3%～40%，开角型青光眼最常见于出生9个月前手术的患儿，确诊平均间隔7年，治疗多需手术；视网膜脱离可在术后多年发生，危险因素包括高度近视和多次手术；继发膜需YAG激光切开或手术切除。

其三为儿童无晶状体眼的光学矫正，包括框架眼镜（最安全）、接触镜（美国最常用）、表层角膜镜片术（1980年始用，存在持续角膜混浊问题）和人工晶状体植入（日益普及，需考虑患儿近视移动，建议欠矫，可采用骑跨式IOL）。

其四为斜视手术历史，回顾了Dieffenbach、Critchett、Wilde、Guerin等早期术者的探索，以及从肌切开术到后徙、前徙等现代手术方法的演变。

文档还包含六组彩图说明，展示结膜炎、角膜营养不良、Wilson病K-F环、Best卵黄样变性、白化病眼底、Fabry病等疾病的眼部表现。",ce7621da-bc72-4684-ab9f-8b3ba6f0f255
02-角膜与眼表,f041b2b7-3147-4deb-a2f2-0de5cc53d296,10000,a594c4e6-1596-42f8-b2dc-1e43f445a4b4,Mastering Corneal Collagen Cross-linking Techniques-Garg et al. 2009_weknora.mhtml,Mastering Corneal Collagen Cross-linking Techniques-Garg et al. 2009_weknora.mhtml,"该资料为《掌握角膜胶原交联技术（C3-R/CCL/CxL）》一书的综合性内容摘录，包括前言、序言及若干章节节选。该书由Ashok Garg等国际专家编辑，旨在为屈光手术医生全面介绍角膜胶原交联技术，共23章，涵盖适应证、禁忌证、手术步骤、并发症处理等内容，并附有手术视频DVD。

前言部分强调，角膜胶原交联是当前角膜与屈光手术领域最具前景的技术之一。其原理是利用核黄素（维生素B₂）作为光敏剂，在370 nm波长的紫外线照射下，增强角膜基质胶原纤维间的交联，从而提升角膜的生物力学强度和抗张强度，稳定角膜曲率，防止角膜进一步前凸和变薄。该技术首次为圆锥角膜和LASIK/PRK术后角膜膨隆（角膜扩张）提供了除角膜移植外的真正治疗手段。资料指出，角膜扩张是LASIK的少见但严重的并发症，危险因素包括高度近视、深基质切削、残余角膜床过薄、年轻、角膜薄及术前角膜不规则；而圆锥角膜在普通人群中发病率约为1/2000，是美国第三位穿透性角膜移植适应证。

书中还讨论了不规则散光的治疗，尤其是角膜基质环段（ICRS）的应用。资料介绍了Intacs、Intacs SK和KeraRings等不同类型环段的设计参数、光学区及植入方式，并对比了传统手工隧道制作与飞秒激光辅助隧道制作的优缺点及可能并发症。

此外，资料详细列举了胶原交联的潜在并发症，包括角膜感染、过度或不足交联、自由基导致的角膜内皮毒性、术后一过性角膜水肿，以及与PRK联合治疗时可能出现的持续性上皮缺损和角膜瘢痕。作者还提到，在近千例病例中偶见一过性水肿但内皮细胞计数未明显下降；同时指出，妊娠或交联后行PRK可能增加角膜扩张复发的风险。尽管如此，资料认为该技术的获益远大于风险，已显著减少圆锥角膜和角膜扩张患者接受穿透性角膜移植的例数。",completed,30bf3e0d-00bc-4b00-ab8a-508a3f467185,"# Summary
该资料为《掌握角膜胶原交联技术（C3-R/CCL/CxL）》一书的综合性内容摘录，包括前言、序言及若干章节节选。该书由Ashok Garg等国际专家编辑，旨在为屈光手术医生全面介绍角膜胶原交联技术，共23章，涵盖适应证、禁忌证、手术步骤、并发症处理等内容，并附有手术视频DVD。

前言部分强调，角膜胶原交联是当前角膜与屈光手术领域最具前景的技术之一。其原理是利用核黄素（维生素B₂）作为光敏剂，在370 nm波长的紫外线照射下，增强角膜基质胶原纤维间的交联，从而提升角膜的生物力学强度和抗张强度，稳定角膜曲率，防止角膜进一步前凸和变薄。该技术首次为圆锥角膜和LASIK/PRK术后角膜膨隆（角膜扩张）提供了除角膜移植外的真正治疗手段。资料指出，角膜扩张是LASIK的少见但严重的并发症，危险因素包括高度近视、深基质切削、残余角膜床过薄、年轻、角膜薄及术前角膜不规则；而圆锥角膜在普通人群中发病率约为1/2000，是美国第三位穿透性角膜移植适应证。

书中还讨论了不规则散光的治疗，尤其是角膜基质环段（ICRS）的应用。资料介绍了Intacs、Intacs SK和KeraRings等不同类型环段的设计参数、光学区及植入方式，并对比了传统手工隧道制作与飞秒激光辅助隧道制作的优缺点及可能并发症。

此外，资料详细列举了胶原交联的潜在并发症，包括角膜感染、过度或不足交联、自由基导致的角膜内皮毒性、术后一过性角膜水肿，以及与PRK联合治疗时可能出现的持续性上皮缺损和角膜瘢痕。作者还提到，在近千例病例中偶见一过性水肿但内皮细胞计数未明显下降；同时指出，妊娠或交联后行PRK可能增加角膜扩张复发的风险。尽管如此，资料认为该技术的获益远大于风险，已显著减少圆锥角膜和角膜扩张患者接受穿透性角膜移植的例数。",8040314c-622f-4bb0-9896-591c11e15316
13-眼外伤与急症,06e9888f-5d59-49c9-9218-d078b456f01b,10000,bb8b2f12-3dd6-47db-b01e-58fd25a785f4,同仁眼外伤手术治疗学-庞秀琴 2016_weknora.mhtml,同仁眼外伤手术治疗学-庞秀琴 2016_weknora.mhtml,"TONGREN YANWAISHANG

SHOUSHU ZHILIAOXUE

# 同仁眼外伤 手术治疗学

第2版

主编 庞秀琴 卢海 王海燕

副主编 何 雷 刘 毅

主审 王文伟 宋维贤

# 同仁眼外伤 手术治疗学

第2版

责任编辑：张青山 张运华

责任校对：贾荣

装帧设计 耕者 设计工作室 www.zjk.com.cn

# 同仁眼外伤手术治疗学

## 第2版

主编 庞秀琴 卢海 王海燕

副主编 何 雷 刘 毅

主审 王文伟 宋维贤

## 图书在版编目（CIP）数据

同仁眼外伤手术治疗学/庞秀琴，卢海，王海燕主编.—2版.—北京：北京科学技术出版社，2016.1

ISBN 978-7-5304-7673-4

Ⅰ. ①同… Ⅱ. ①庞… ②卢… ③王… Ⅲ. ①眼外科手术 Ⅳ. ①R779.6

中国版本图书馆CIP数据核字（2015）第040375号

## 同仁眼外伤手术治疗学（第2版）

主 编：庞秀琴 卢 海 王海燕

责任编辑：张青山 张运华

责任校对：贾荣

责任印制：李茗

封面设计：耕者设计工作室

版式设计：锋尚制版

图文制作",completed,dfc20d52-1082-481c-8cb3-1ce7025e0e44,"# Summary
TONGREN YANWAISHANG

SHOUSHU ZHILIAOXUE

# 同仁眼外伤 手术治疗学

第2版

主编 庞秀琴 卢海 王海燕

副主编 何 雷 刘 毅

主审 王文伟 宋维贤

# 同仁眼外伤 手术治疗学

第2版

责任编辑：张青山 张运华

责任校对：贾荣

装帧设计 耕者 设计工作室 www.zjk.com.cn

# 同仁眼外伤手术治疗学

## 第2版

主编 庞秀琴 卢海 王海燕

副主编 何 雷 刘 毅

主审 王文伟 宋维贤

## 图书在版编目（CIP）数据

同仁眼外伤手术治疗学/庞秀琴，卢海，王海燕主编.—2版.—北京：北京科学技术出版社，2016.1

ISBN 978-7-5304-7673-4

Ⅰ. ①同… Ⅱ. ①庞… ②卢… ③王… Ⅲ. ①眼外科手术 Ⅳ. ①R779.6

中国版本图书馆CIP数据核字（2015）第040375号

## 同仁眼外伤手术治疗学（第2版）

主 编：庞秀琴 卢 海 王海燕

责任编辑：张青山 张运华

责任校对：贾荣

责任印制：李茗

封面设计：耕者设计工作室

版式设计：锋尚制版

图文制作",fd26083a-c3a5-4e62-8855-f5c0c5cb86f7
05-青光眼,8bf942e4-80dc-4a8a-87cf-486f897fe2bd,10000,6cbdb30e-6f05-4f4c-ae05-77eed5ad6472,图解青光眼手术操作与技巧-张秀兰 2016_weknora.mhtml,图解青光眼手术操作与技巧-张秀兰 2016_weknora.mhtml,"# 图解青光眼手术 操作与技巧

Illustrated

Surgical Techniques and Pearls of Glaucoma

张秀兰 王宁利/著

Xiulan Zhang Ningli Wang ( Author)

葛坚 叶天才/审

Jian Ge Tiancai Ye (Review)

# 图解青光眼手术 操作与技巧

张秀兰 王宁利 / 著

葛坚 叶天才/审

张秀兰 中山大学中山眼科中心

王宁利 首都医科大学北京同仁眼科中心

葛坚 中山大学中山眼科中心

叶天才 中山大学中山眼科中心

## 图书在版编目（CIP）数据

图解青光眼手术操作与技巧 /
张秀兰，王宁利著．—北京：人民卫生出版社，2016

ISBN 978-7-117-22819-0

版次：2016年9月第1版 2016年9月第1版第1次印刷

标准书号：ISBN 978-7-117-22819-0/R·22820

## Illustrated

# Surgical Techniques and Pearls of Glaucoma

## Authored by

Xiu",completed,373f2c86-c905-4a2d-b2bc-6423270cc060,"# Summary
# 图解青光眼手术 操作与技巧

Illustrated

Surgical Techniques and Pearls of Glaucoma

张秀兰 王宁利/著

Xiulan Zhang Ningli Wang ( Author)

葛坚 叶天才/审

Jian Ge Tiancai Ye (Review)

# 图解青光眼手术 操作与技巧

张秀兰 王宁利 / 著

葛坚 叶天才/审

张秀兰 中山大学中山眼科中心

王宁利 首都医科大学北京同仁眼科中心

葛坚 中山大学中山眼科中心

叶天才 中山大学中山眼科中心

## 图书在版编目（CIP）数据

图解青光眼手术操作与技巧 /
张秀兰，王宁利著．—北京：人民卫生出版社，2016

ISBN 978-7-117-22819-0

版次：2016年9月第1版 2016年9月第1版第1次印刷

标准书号：ISBN 978-7-117-22819-0/R·22820

## Illustrated

# Surgical Techniques and Pearls of Glaucoma

## Authored by

Xiu",8fe71274-71e0-4f86-b603-d5018493df21
01-眼科综合：基础与全身病,09c593aa-1a64-48de-af81-fc4d30d551b4,10000,f61c77ef-f115-459f-9cac-5edad4fea206,Ocular Pathology-Myron Yanoff 2009_weknora.mhtml,Ocular Pathology-Myron Yanoff 2009_weknora.mhtml,"该文档为病理学相关眼科内容的节选，主要涵盖三部分核心内容。

第一部分关于炎症的基本原理。炎症是组织对有害刺激的反应，刺激可为感染性或非感染性，反应可为局部或全身性。非感染性病因包括外源性因素（如眼部物理损伤、化学伤、过敏反应）和内源性因素（如细胞免疫介导的炎症、邻近结构蔓延、血源性播散及原因不明的疾病），感染性病因包括病毒、立克次体、细菌、真菌和寄生虫。急性炎症期具有红、热、肿、痛及功能丧失五大体征，其发生与组胺、激肽、纤溶酶、补体系统、前列腺素等化学介质相关。补体可通过经典途径和替代途径激活，发挥促组胺释放、调理吞噬、趋化中性粒细胞及裂解细菌等功能。文档还介绍了主要组织相容性复合体（人类白细胞抗原系统）及其与眼病的关系，例如HLA-B27与急性前葡萄膜炎、强直性脊柱炎和赖特综合征相关，HLA-B5与白塞病相关。此外，细胞因子、肿瘤坏死因子配体家族等非特异性可溶性介质也参与炎症与免疫应答调控。损伤后小动脉先短暂收缩，随后扩张、血流增加，白细胞发生边集和游出，并通过细胞间或细胞内途径穿越血管内皮。

第二部分为剥脱综合征（PEX综合征）。该病早期体征为Sampaolesi线，约50%以上患者为双眼受累，单眼患者10年内对侧眼受累概率约38%。约8%患者合并青光眼（囊膜性青光眼），约12%存在高眼压。PEX眼5年和10年眼压升高的累积概率分别约为5%和15%。剥脱物质沉积于虹膜后表面、晶状体悬韧带和睫状上皮，可限制虹膜扩张，并导致虹膜色素上皮变性及前房角色素沉着。青光眼病因尚不明确，可能与PEX物质或色素在小梁网中沉积、阻塞房水流出有关，其严重程度可能与小梁网中部PEX物质的量相关。

第三部分为可模拟视网膜母细胞瘤的病变列表。文档列举了多种需与视网膜母细胞瘤鉴别的疾病，包括内源性眼内炎、先天性神经视网膜不附着、继发性视网膜脱离、少年性视网膜劈裂、髓上皮瘤、视网膜黑色素性神经外胚层肿瘤、先天性白内障所致的白瞳症、孤立性大视网膜星形细胞瘤、眼内异位脑组织、骨质疏松假神经胶质瘤综合征及炎症性假瘤等。在视网膜或脉络膜视网膜局灶性小病变方面，需鉴别的包括视网膜错构瘤、有髓神经纤维、脉络膜缺损、视网膜脉络膜炎、Coats病、犬弓蛔虫幼虫肉芽肿、脉络膜炎或急性渗出性视网膜炎、von Hippel-Lindau血管瘤病及视网膜色素上皮增生性病变。",completed,bdc1fb6f-ee05-4866-b2bc-3c45468e75a3,"# Summary
该文档为病理学相关眼科内容的节选，主要涵盖三部分核心内容。

第一部分关于炎症的基本原理。炎症是组织对有害刺激的反应，刺激可为感染性或非感染性，反应可为局部或全身性。非感染性病因包括外源性因素（如眼部物理损伤、化学伤、过敏反应）和内源性因素（如细胞免疫介导的炎症、邻近结构蔓延、血源性播散及原因不明的疾病），感染性病因包括病毒、立克次体、细菌、真菌和寄生虫。急性炎症期具有红、热、肿、痛及功能丧失五大体征，其发生与组胺、激肽、纤溶酶、补体系统、前列腺素等化学介质相关。补体可通过经典途径和替代途径激活，发挥促组胺释放、调理吞噬、趋化中性粒细胞及裂解细菌等功能。文档还介绍了主要组织相容性复合体（人类白细胞抗原系统）及其与眼病的关系，例如HLA-B27与急性前葡萄膜炎、强直性脊柱炎和赖特综合征相关，HLA-B5与白塞病相关。此外，细胞因子、肿瘤坏死因子配体家族等非特异性可溶性介质也参与炎症与免疫应答调控。损伤后小动脉先短暂收缩，随后扩张、血流增加，白细胞发生边集和游出，并通过细胞间或细胞内途径穿越血管内皮。

第二部分为剥脱综合征（PEX综合征）。该病早期体征为Sampaolesi线，约50%以上患者为双眼受累，单眼患者10年内对侧眼受累概率约38%。约8%患者合并青光眼（囊膜性青光眼），约12%存在高眼压。PEX眼5年和10年眼压升高的累积概率分别约为5%和15%。剥脱物质沉积于虹膜后表面、晶状体悬韧带和睫状上皮，可限制虹膜扩张，并导致虹膜色素上皮变性及前房角色素沉着。青光眼病因尚不明确，可能与PEX物质或色素在小梁网中沉积、阻塞房水流出有关，其严重程度可能与小梁网中部PEX物质的量相关。

第三部分为可模拟视网膜母细胞瘤的病变列表。文档列举了多种需与视网膜母细胞瘤鉴别的疾病，包括内源性眼内炎、先天性神经视网膜不附着、继发性视网膜脱离、少年性视网膜劈裂、髓上皮瘤、视网膜黑色素性神经外胚层肿瘤、先天性白内障所致的白瞳症、孤立性大视网膜星形细胞瘤、眼内异位脑组织、骨质疏松假神经胶质瘤综合征及炎症性假瘤等。在视网膜或脉络膜视网膜局灶性小病变方面，需鉴别的包括视网膜错构瘤、有髓神经纤维、脉络膜缺损、视网膜脉络膜炎、Coats病、犬弓蛔虫幼虫肉芽肿、脉络膜炎或急性渗出性视网膜炎、von Hippel-Lindau血管瘤病及视网膜色素上皮增生性病变。",6550640e-df82-4802-b483-246d56c3b006
03-白内障：晶状体与人工晶体,a0f47c80-3a66-46c8-8315-43b41ce357ea,10000,5a37cbfb-e94b-4f7a-b445-a914774e5689,Master’s Guide to Manual Small Incision Cataract Surgery-Ashok Garg等主编 2009_weknora.mhtml,Master’s Guide to Manual Small Incision Cataract Surgery-Ashok Garg等主编 2009_weknora.mhtml,"# 《Master's Guide to Manual Small Incision Cataract Surgery (MSICS)》内容摘要

本文档是《Master's Guide to Manual Small Incision Cataract Surgery (MSICS)》（《手法小切口白内障手术大师指南》）一书的节选内容，该书由Jaypee Brothers Medical Publishers于2009年出版，主编为Ashok Garg、Amulya Sahu、Francisco J Gutierrez-Carmona和Carlos Infantes，并配有可播放手术视频的DVD光盘。

## 书籍与DVD概况

该专著汇集了多国眼科专家的手术技术与经验。随书DVD收录了约29个手术教学视频，涵盖多种MSICS技术，包括：Luther L Fry（美国）的小切口计划性囊外摘除术；Francisco J Gutiérrez-Carmona（西班牙）的徒手超声乳化碎片化技术（含3.5 mm巩膜隧道切口入路）；Carlos Infantes（西班牙）的尼龙圈套徒手超声乳化碎片化技术；Amulya Sahu（印度）的3 mm颞侧表面麻醉SICS折叠型人工晶体植入术及12点钟方向3 mm MSICS；KPS Malik、Ruchi Goel（印度）的ACM技术；Praputsaorn Kosakarn（泰国）的徒手碎核技术及双尼龙圈套技术；Debashish Bhattacharya（印度）的灌注向量技术；Albrecht Hennig（尼泊尔）的鱼钩技术无缝合白内障手术；Ranjit S Dhaliwal等（印度）的高龄期白内障SICS、后极性白内障手法SICS、SICS联合小梁切除术等；Geoffrey Tabin（美国）与Sanduk Ruit（尼泊尔）的颞侧入路小切口无缝线囊外手术；以及Santosh Kumar Nair（印度）的大批量手术SICS改良与MSICS压力参数等。

## 前言要点

Luther L Fry在前言中指出，在无法负担超声乳化（phako）设备成本的地区，以及遇到适合手法小切口技术的致密白内障病例时，MSICS日益普及。对于致密白内障，手法小切口手术不仅比超声乳化更快，对角膜损伤更小，且效果与超声乳化相当甚至更优。即使主要实施超声乳化的医生也应掌握MSICS技术，以应对偶发的黑核白内障。

## 核心技术内容

文档详细描述了多个手术操作要点：

**连续环形撕囊（Capsulorhexis）：** 较大的撕囊口具有诸多优势——核容易进入前房、手术更简便、可移除囊下上皮从而减少术后后发性白内障形成，且撕囊边缘光滑坚韧不易向悬韧带放射。具体操作方法包括用26 G弯针在前囊中央穿孔、提起囊瓣并沿环形方向牵引，最终使撕囊末端自外向内与起点重叠形成连续边缘；也可用撕囊镊完成。前房变浅时易因悬韧带应力导致前囊放射状撕裂。

**角膜切口扩展：** 用11号刀片沿巩膜隧道一侧平行扩展内角膜切口，再扩展另一端，形成内长外短的角膜瓣样切口。

**水分离操作（Hydroprocedure）：** 通过注水使核、epinucleus和皮质与囊袋分离，水化组织、缩小核体积、松散皮质，便于核进入前房。操作前应移除部分粘弹剂以降低眼压，防止虹膜脱出。

**小瞳孔处理：** 可采用Kuglen钩牵拉瞳孔成形术或括约肌切开术；对于假性剥脱综合征伴硬核的高危病例，可行扇形虹膜切除术或钥匙孔虹膜切除术。另介绍了一种""双手技术""：用Sinskey钩将核推向6点钟方向，用睫状体分离铲将核上极翘起并作为支点旋转拨出核。

**半脱位白内障：** 部分瞳孔散大良好且核不硬的病例可选用MSICS，用Trypan蓝染色囊膜辅助撕囊，经穿刺口徒手植入囊袋张力环（CTR），水分离分层后使核的一极脱出囊袋，再用Sinskey钩将核旋入前房。

**要点总结：** 核脱出术仅需简单器械（Sinskey钩和带26 G套管注射器）。学习阶段可先行开罐式截囊并机械性脱核，掌握技术后宜采用撕囊联合水分离脱核或囊袋内翻转法；囊膜染色剂的使用使白核和棕核白内障的处理更加安全便捷。",completed,92d1840d-dcc0-427f-b802-37b0589dc8ed,"# Summary
# 《Master's Guide to Manual Small Incision Cataract Surgery (MSICS)》内容摘要

本文档是《Master's Guide to Manual Small Incision Cataract Surgery (MSICS)》（《手法小切口白内障手术大师指南》）一书的节选内容，该书由Jaypee Brothers Medical Publishers于2009年出版，主编为Ashok Garg、Amulya Sahu、Francisco J Gutierrez-Carmona和Carlos Infantes，并配有可播放手术视频的DVD光盘。

## 书籍与DVD概况

该专著汇集了多国眼科专家的手术技术与经验。随书DVD收录了约29个手术教学视频，涵盖多种MSICS技术，包括：Luther L Fry（美国）的小切口计划性囊外摘除术；Francisco J Gutiérrez-Carmona（西班牙）的徒手超声乳化碎片化技术（含3.5 mm巩膜隧道切口入路）；Carlos Infantes（西班牙）的尼龙圈套徒手超声乳化碎片化技术；Amulya Sahu（印度）的3 mm颞侧表面麻醉SICS折叠型人工晶体植入术及12点钟方向3 mm MSICS；KPS Malik、Ruchi Goel（印度）的ACM技术；Praputsaorn Kosakarn（泰国）的徒手碎核技术及双尼龙圈套技术；Debashish Bhattacharya（印度）的灌注向量技术；Albrecht Hennig（尼泊尔）的鱼钩技术无缝合白内障手术；Ranjit S Dhaliwal等（印度）的高龄期白内障SICS、后极性白内障手法SICS、SICS联合小梁切除术等；Geoffrey Tabin（美国）与Sanduk Ruit（尼泊尔）的颞侧入路小切口无缝线囊外手术；以及Santosh Kumar Nair（印度）的大批量手术SICS改良与MSICS压力参数等。

## 前言要点

Luther L Fry在前言中指出，在无法负担超声乳化（phako）设备成本的地区，以及遇到适合手法小切口技术的致密白内障病例时，MSICS日益普及。对于致密白内障，手法小切口手术不仅比超声乳化更快，对角膜损伤更小，且效果与超声乳化相当甚至更优。即使主要实施超声乳化的医生也应掌握MSICS技术，以应对偶发的黑核白内障。

## 核心技术内容

文档详细描述了多个手术操作要点：

**连续环形撕囊（Capsulorhexis）：** 较大的撕囊口具有诸多优势——核容易进入前房、手术更简便、可移除囊下上皮从而减少术后后发性白内障形成，且撕囊边缘光滑坚韧不易向悬韧带放射。具体操作方法包括用26 G弯针在前囊中央穿孔、提起囊瓣并沿环形方向牵引，最终使撕囊末端自外向内与起点重叠形成连续边缘；也可用撕囊镊完成。前房变浅时易因悬韧带应力导致前囊放射状撕裂。

**角膜切口扩展：** 用11号刀片沿巩膜隧道一侧平行扩展内角膜切口，再扩展另一端，形成内长外短的角膜瓣样切口。

**水分离操作（Hydroprocedure）：** 通过注水使核、epinucleus和皮质与囊袋分离，水化组织、缩小核体积、松散皮质，便于核进入前房。操作前应移除部分粘弹剂以降低眼压，防止虹膜脱出。

**小瞳孔处理：** 可采用Kuglen钩牵拉瞳孔成形术或括约肌切开术；对于假性剥脱综合征伴硬核的高危病例，可行扇形虹膜切除术或钥匙孔虹膜切除术。另介绍了一种""双手技术""：用Sinskey钩将核推向6点钟方向，用睫状体分离铲将核上极翘起并作为支点旋转拨出核。

**半脱位白内障：** 部分瞳孔散大良好且核不硬的病例可选用MSICS，用Trypan蓝染色囊膜辅助撕囊，经穿刺口徒手植入囊袋张力环（CTR），水分离分层后使核的一极脱出囊袋，再用Sinskey钩将核旋入前房。

**要点总结：** 核脱出术仅需简单器械（Sinskey钩和带26 G套管注射器）。学习阶段可先行开罐式截囊并机械性脱核，掌握技术后宜采用撕囊联合水分离脱核或囊袋内翻转法；囊膜染色剂的使用使白核和棕核白内障的处理更加安全便捷。",b3932ae6-11fa-4b3e-a490-6e727caefbb8
11-整形与泪道,bdde98f8-4f6b-4b3f-89a4-3cee7f5133b4,10000,530a0fdd-6b52-4250-82b5-83f166086be3,Oculoplastic Surgery-Long 2009_weknora.mhtml,Oculoplastic Surgery-Long 2009_weknora.mhtml,"本文件为眼科手术学专著《眼整形外科》（Oculoplastic Surgery）的节选，由John A. Long主编，内容涵盖三项眼睑及眼眶手术技术及其相关要点。

**一、睑内翻矫正术（Entropion Repair）**

文件首先介绍了睑内翻的定义与分型：睑内翻是眼睑缘向内旋转的睑缘位置异常，睫毛摩擦角膜导致疼痛和眼部刺激，分为先天性、痉挛性、退行性和瘢痕性四类。其中退行性睑内翻最常见，发病率随年龄增长而增加。其四大病因包括：水平眼睑松弛（由内、外眦肌腱延长所致）、下睑缩肌断裂、眼轮匝肌痉挛（可通过“挤压试验”demonstrated）以及眼球内陷（眶容积随年龄丢失所致）。文件强调，现代矫正手术须同时修复多种病因（水平眼睑松弛、断裂的下睑缩肌及上移的眼轮匝肌），以提高远期成功率。手术步骤依次为：局部麻醉（2%利多卡因与肾上腺素、Wydase及碳酸氢钠混合液经结膜注射）、睫毛下切口设计并延伸至外眦、皮下剥离至眶隔平面、切除部分眶隔暴露眶脂肪、辨认断裂的下睑缩肌（嘱患者上下注视以助识别）、通过外眦腱缩短矫正水平松弛，并将下睑缩肌重新固定于睑板下缘。临床要点提示：过度收紧眼睑或过度前徙下睑缩肌可导致下睑退缩，这是睑内翻手术的主要并发症。

**二、眼球摘除术（Evisceration）相关步骤**

该节段描述了眼内容物剜出术的操作流程：用剜出匙伸入巩膜下腔（subuveal space）将葡萄膜与巩膜分离并取出眼内容物；在视神经颞侧切开后部巩膜并延长切口，剪断视神经；随后制备20 mm生物可整合眼眶植入体——将其置入装有0.75%布比卡因（Marcaine）的注射器中，通过负压使药液置换植入体孔隙内的空气，再以塑料填塞器植入。临床要点包括：葡萄膜在睫状突、涡静脉及视神经乳头处与巩膜粘连紧密，需注意分离；如需植入较大植入体，可在内外侧角巩膜缘做3–4 mm的松弛性切口。

**三、金质眼睑植入物（Gold Weight Implantation）**

该节段阐述为眼睑负载金质重量的手术：先用Westcott剪在睑板前表面制备容纳金片的“口袋”（避免广泛剥离以防植入物移位）；通常选用1.0或1.2克金片，患者坐位下试戴不同重量以确定最佳尺寸——理想重量应在睁眼时产生约1 mm的上睑下垂、闭眼时完全闭合；以5-0 Dexon缝线穿过金片预置孔固定于睑板上缘，眼轮匝肌分层缝合，皮肤以6-0 prolene不可吸收缝线关闭以防细菌沿缝道接触金片。并发症包括感染（须取出植入物，抗生素无效）、排出、移位（需手术调整）、过重所致上睑下垂（需更换更轻植入物）及薄睑患者可见局部隆起；若面神经麻痹（Bell’s palsy）自行恢复，则取出金片。该手术可显著改善眼表暴露症状，患者耐受性良好。",completed,013f2d1f-d13e-4fb6-9057-6d55272b291b,"# Summary
本文件为眼科手术学专著《眼整形外科》（Oculoplastic Surgery）的节选，由John A. Long主编，内容涵盖三项眼睑及眼眶手术技术及其相关要点。

**一、睑内翻矫正术（Entropion Repair）**

文件首先介绍了睑内翻的定义与分型：睑内翻是眼睑缘向内旋转的睑缘位置异常，睫毛摩擦角膜导致疼痛和眼部刺激，分为先天性、痉挛性、退行性和瘢痕性四类。其中退行性睑内翻最常见，发病率随年龄增长而增加。其四大病因包括：水平眼睑松弛（由内、外眦肌腱延长所致）、下睑缩肌断裂、眼轮匝肌痉挛（可通过“挤压试验”demonstrated）以及眼球内陷（眶容积随年龄丢失所致）。文件强调，现代矫正手术须同时修复多种病因（水平眼睑松弛、断裂的下睑缩肌及上移的眼轮匝肌），以提高远期成功率。手术步骤依次为：局部麻醉（2%利多卡因与肾上腺素、Wydase及碳酸氢钠混合液经结膜注射）、睫毛下切口设计并延伸至外眦、皮下剥离至眶隔平面、切除部分眶隔暴露眶脂肪、辨认断裂的下睑缩肌（嘱患者上下注视以助识别）、通过外眦腱缩短矫正水平松弛，并将下睑缩肌重新固定于睑板下缘。临床要点提示：过度收紧眼睑或过度前徙下睑缩肌可导致下睑退缩，这是睑内翻手术的主要并发症。

**二、眼球摘除术（Evisceration）相关步骤**

该节段描述了眼内容物剜出术的操作流程：用剜出匙伸入巩膜下腔（subuveal space）将葡萄膜与巩膜分离并取出眼内容物；在视神经颞侧切开后部巩膜并延长切口，剪断视神经；随后制备20 mm生物可整合眼眶植入体——将其置入装有0.75%布比卡因（Marcaine）的注射器中，通过负压使药液置换植入体孔隙内的空气，再以塑料填塞器植入。临床要点包括：葡萄膜在睫状突、涡静脉及视神经乳头处与巩膜粘连紧密，需注意分离；如需植入较大植入体，可在内外侧角巩膜缘做3–4 mm的松弛性切口。

**三、金质眼睑植入物（Gold Weight Implantation）**

该节段阐述为眼睑负载金质重量的手术：先用Westcott剪在睑板前表面制备容纳金片的“口袋”（避免广泛剥离以防植入物移位）；通常选用1.0或1.2克金片，患者坐位下试戴不同重量以确定最佳尺寸——理想重量应在睁眼时产生约1 mm的上睑下垂、闭眼时完全闭合；以5-0 Dexon缝线穿过金片预置孔固定于睑板上缘，眼轮匝肌分层缝合，皮肤以6-0 prolene不可吸收缝线关闭以防细菌沿缝道接触金片。并发症包括感染（须取出植入物，抗生素无效）、排出、移位（需手术调整）、过重所致上睑下垂（需更换更轻植入物）及薄睑患者可见局部隆起；若面神经麻痹（Bell’s palsy）自行恢复，则取出金片。该手术可显著改善眼表暴露症状，患者耐受性良好。",2dc2ee79-239a-4e56-8cfe-d7a2d0e87ac3
04-屈光与视光：近视、接触镜与低视力,c73385b9-c154-4103-a93e-2d4c31f2423a,10000,9f3e7028-a659-40e6-864f-e31db7bea3c9,Ophthalmic Lenses-Ajay Kumar Bhootra 2009_weknora.mhtml,Ophthalmic Lenses-Ajay Kumar Bhootra 2009_weknora.mhtml,"《眼用镜片》(Ophthalmic Lenses) 是由印度加尔各答验光师兼义眼师阿贾伊·库马尔·布特拉（Ajay Kumar Bhootra）撰写、Jaypee Brothers Medical Publishers于2009年出版的专著。作者在序言中指出，发达国家对新镜片设计和新材料接受迅速，而发展中国家（尤其是低收入群体）往往希望以最经济价格获得最佳产品，因此有必要深入了解镜片技术及其应用。本书基于作者22年眼镜验配经验编写，旨在弥补该领域书籍的不足，面向验光专业学生，同时适用于眼科医生、验光师、镜片制造商等相关从业者。书中照片、图表及设计理念得到了全球领先镜片制造商依视路（Essilor）的支持。

在基础光学原理部分，书中阐述了镜片理论基于几何光学定律：光沿直线传播，遇界面后被吸收、透射或反射；反射定律指出入射光线、反射光线与法线位于同一平面。

关于非球面镜片，书中重点介绍了无晶状体眼（白内障术后）的矫正。早期的白内障镜片多采用透镜设计，中央孔径包含光学矫正度数，周围为低度数或无边度的支撑区，但孔径与边缘间的分界线会造成环形暗点。1970年代引入非球面镜片后，分界线被融合；随着CNC磨削技术问世，可制造多项式凸面，使镜片兼具良好光学性能与美观性，并消除环形暗点。如今人工晶体植入已基本取代此类镜片。测量非球面镜片光度时，需通过焦度计对准几何中心区域，该区域才能保证100%的验配度数。

书中还介绍了增强近用视力镜片，适用于使用电脑的老视患者，可兼顾近视力和中距离视力，通常按单眼近用瞳距验配，装配位置在瞳孔中心下方3至5毫米（多与镜架基准线对应）。此外，复曲面非球面（atoric）镜片以非精确圆环曲面替代球面设计，可为散光处方两个主子午线提供不同偏心率，较传统最佳形态镜片拥有更宽广的清晰视野，尤其适合高柱镜度数。

最后，总结指出过去十年镜片行业在设计及镀膜方面发展迅猛，理想镜片应具备高折射率、低色散、不易破碎或刮花、低密度、非球面设计、可制成多种多焦点形式、易于染色和镀减反射膜，并兼顾患者的经济性与从业者的利润空间。",completed,80a564c4-e4cd-4d8f-8ae0-7da52d38db97,"# Summary
《眼用镜片》(Ophthalmic Lenses) 是由印度加尔各答验光师兼义眼师阿贾伊·库马尔·布特拉（Ajay Kumar Bhootra）撰写、Jaypee Brothers Medical Publishers于2009年出版的专著。作者在序言中指出，发达国家对新镜片设计和新材料接受迅速，而发展中国家（尤其是低收入群体）往往希望以最经济价格获得最佳产品，因此有必要深入了解镜片技术及其应用。本书基于作者22年眼镜验配经验编写，旨在弥补该领域书籍的不足，面向验光专业学生，同时适用于眼科医生、验光师、镜片制造商等相关从业者。书中照片、图表及设计理念得到了全球领先镜片制造商依视路（Essilor）的支持。

在基础光学原理部分，书中阐述了镜片理论基于几何光学定律：光沿直线传播，遇界面后被吸收、透射或反射；反射定律指出入射光线、反射光线与法线位于同一平面。

关于非球面镜片，书中重点介绍了无晶状体眼（白内障术后）的矫正。早期的白内障镜片多采用透镜设计，中央孔径包含光学矫正度数，周围为低度数或无边度的支撑区，但孔径与边缘间的分界线会造成环形暗点。1970年代引入非球面镜片后，分界线被融合；随着CNC磨削技术问世，可制造多项式凸面，使镜片兼具良好光学性能与美观性，并消除环形暗点。如今人工晶体植入已基本取代此类镜片。测量非球面镜片光度时，需通过焦度计对准几何中心区域，该区域才能保证100%的验配度数。

书中还介绍了增强近用视力镜片，适用于使用电脑的老视患者，可兼顾近视力和中距离视力，通常按单眼近用瞳距验配，装配位置在瞳孔中心下方3至5毫米（多与镜架基准线对应）。此外，复曲面非球面（atoric）镜片以非精确圆环曲面替代球面设计，可为散光处方两个主子午线提供不同偏心率，较传统最佳形态镜片拥有更宽广的清晰视野，尤其适合高柱镜度数。

最后，总结指出过去十年镜片行业在设计及镀膜方面发展迅猛，理想镜片应具备高折射率、低色散、不易破碎或刮花、低密度、非球面设计、可制成多种多焦点形式、易于染色和镀减反射膜，并兼顾患者的经济性与从业者的利润空间。",d1934a3c-aee0-442c-a5c2-b453c4d48f83
09-神经眼科,be1e44f1-985d-4445-b6a3-e60a0f43f85e,10000,9a46e1f7-5d2b-410c-8080-72332fa5fc9b,现代神经疾病学上-吕雪飞 2016_weknora.mhtml,现代神经疾病学上-吕雪飞 2016_weknora.mhtml,"## 现代 神经疾病学

吕雪飞等◎主编

# 现代神经疾病学

（上）

吕雪飞等◎主编

图书在版编目（CIP）数据

现代神经疾病学/吕雪飞，衣永尚，李兆生主编

. —— 长春：吉林科学技术出版社，2016.7

ISBN 978-7-5578-1143-3

Ⅰ．①现…Ⅱ．①吕…②衣…③李…Ⅲ．①神经病学Ⅳ．①R741

中国版本图书馆CIP数据核字（2016）第167842号

## 现代神经疾病学

XIANDAI SHENJING JIBING XUE

主 编 吕雪飞 衣永尚 李兆生 王娟娟 边世春 郑鸿伟

出版人李梁

责任编辑 孟波

封面设计 长春创意广告图文制作有限责任公司

制版长春创意广告图文制作有限责任公司

开本 787mm×1092mm 1/16

字数840千字

印 张 38.5

版次2016年7月第1版

印次2017年6月第1版第2次印刷

出版吉林科学技术出版社

发行 吉林科学技术出版社

地址 长春市人民大街4646号

邮编130021

发行部电话/传真 0431-85635177 85651759 85651628

8565",completed,4b114be3-ee0a-433d-b2bc-b5bb39068f60,"# Summary
## 现代 神经疾病学

吕雪飞等◎主编

# 现代神经疾病学

（上）

吕雪飞等◎主编

图书在版编目（CIP）数据

现代神经疾病学/吕雪飞，衣永尚，李兆生主编

. —— 长春：吉林科学技术出版社，2016.7

ISBN 978-7-5578-1143-3

Ⅰ．①现…Ⅱ．①吕…②衣…③李…Ⅲ．①神经病学Ⅳ．①R741

中国版本图书馆CIP数据核字（2016）第167842号

## 现代神经疾病学

XIANDAI SHENJING JIBING XUE

主 编 吕雪飞 衣永尚 李兆生 王娟娟 边世春 郑鸿伟

出版人李梁

责任编辑 孟波

封面设计 长春创意广告图文制作有限责任公司

制版长春创意广告图文制作有限责任公司

开本 787mm×1092mm 1/16

字数840千字

印 张 38.5

版次2016年7月第1版

印次2017年6月第1版第2次印刷

出版吉林科学技术出版社

发行 吉林科学技术出版社

地址 长春市人民大街4646号

邮编130021

发行部电话/传真 0431-85635177 85651759 85651628

8565",314d2bd3-1210-4092-afdc-b7f3b60d35f7
09-神经眼科,be1e44f1-985d-4445-b6a3-e60a0f43f85e,10000,3182df64-81e5-43db-a8b7-959b3c98b637,现代神经疾病学下-吕雪飞 2016_weknora.mhtml,现代神经疾病学下-吕雪飞 2016_weknora.mhtml,"## 现代 神经疾病学

吕雪飞等◎主编

# 现代神经疾病学

（下）

吕雪飞等 $ ^{©} $主编

## 第十五章 颅内压增高与脑疝患者的护理

## 第一节 颅内压增高患者的护理

颅内压（ICP）是指颅腔内容物对颅腔壁所产生的压力，通常以侧卧位时腰段脊髓蛛网膜下腔穿刺所测得的脑脊液压为代表。正常为
0.8～0.18kPa（80～180mmH₂O，6～13.5mmHg），儿童较低，为
0.5～1.0kPa（50～100mmH₂O，3.7～7.4mmHg）。颅内压也可经颅内压监护系统直接测得。在病理情况下，当颅内压监护测得的压力或腰椎穿刺测得的脑脊液压超过
2kPa（200mmH₂O）时，即颅内压增高。颅内压增高是神经科医生在临床工作中经常遇到的问题，如不能及时诊断、去除病因或者采取措施以缓解颅内压，患者极可能发生脑疝，继而出现生命危险。

## 一、 病因及发病机制

在成人，当颅缝闭合后，颅腔的容积即固定不变，约为 1400 ～
1500ml。颅腔内容物主要为脑、血液和脑脊液三种成分：其中脑体积约为 1150 ～
1350cm³；颅内血容量约占颅腔容积的 2%～11%，变",completed,216e9fd5-1fdf-483c-9443-b84c52245015,"# Summary
## 现代 神经疾病学

吕雪飞等◎主编

# 现代神经疾病学

（下）

吕雪飞等 $ ^{©} $主编

## 第十五章 颅内压增高与脑疝患者的护理

## 第一节 颅内压增高患者的护理

颅内压（ICP）是指颅腔内容物对颅腔壁所产生的压力，通常以侧卧位时腰段脊髓蛛网膜下腔穿刺所测得的脑脊液压为代表。正常为
0.8～0.18kPa（80～180mmH₂O，6～13.5mmHg），儿童较低，为
0.5～1.0kPa（50～100mmH₂O，3.7～7.4mmHg）。颅内压也可经颅内压监护系统直接测得。在病理情况下，当颅内压监护测得的压力或腰椎穿刺测得的脑脊液压超过
2kPa（200mmH₂O）时，即颅内压增高。颅内压增高是神经科医生在临床工作中经常遇到的问题，如不能及时诊断、去除病因或者采取措施以缓解颅内压，患者极可能发生脑疝，继而出现生命危险。

## 一、 病因及发病机制

在成人，当颅缝闭合后，颅腔的容积即固定不变，约为 1400 ～
1500ml。颅腔内容物主要为脑、血液和脑脊液三种成分：其中脑体积约为 1150 ～
1350cm³；颅内血容量约占颅腔容积的 2%～11%，变",f6db3eca-6420-4f0d-99f1-8d90b78970d9
06-眼底病与视网膜内科,f900fe21-9deb-47e0-bf36-ce06022cae92,10000,b6434337-5900-490c-9c74-2c707e01ff06,Springer-OCT in AMD-Gabriel Coscas 2009_weknora.mhtml,Springer-OCT in AMD-Gabriel Coscas 2009_weknora.mhtml,"该文档为《年龄相关性黄斑变性中的光学相干断层扫描》（OCT in AMD）一书的年度报告内容，由Gabriel Coscas教授及其团队编写，法国眼科学会年度报告出版。文档涵盖前言、临床病例分析以及多种OCT设备的技术介绍。

前言部分指出，尽管基础与临床研究不断推进，AMD的病因、病理生理、临床特征及自然病程仍不完全清楚，因此早期诊断对优化新治疗方案至关重要。书中通过对比普通眼底照相、自发荧光、荧光素血管造影和吲哚菁绿血管造影，系统阐述了OCT提供的信息。文档将OCT的发展划分为三个阶段：第一阶段为间接征象的显示，即渗出和积液（曾被不恰当地称为“视网膜”增厚）；第二阶段借助频域OCT获得更清晰的病灶、脱离及炎性反应图像，并能与血管造影精确对应；第三阶段刚起步，侧重于外层视网膜改变及光感受器细胞损伤的分析与监测。

临床病例部分展示了“中等大小隐匿性脉络膜新生血管（CNV）”的18个月延长抗VEGF治疗过程。患者在第2次注射后出现短暂恶化，视力下降且液体持续移位；第6次注射后视力显著改善，视网膜内积液吸收，色素上皮脱离（PED）塌陷；第2年虽病灶看似稳定，但出现复发，频域OCT显示IS/OS界面和外界膜局部断裂或增厚，外核层被高反射物质及亮高反射点侵犯，提示CNV复发。继续每2个月一次注射后，视力稳定在20/40，PED持续存在但被认为与缓慢瘢痕化有关，而非新并发症。

技术部分介绍了多种频域OCT设备：OTI Spectral OCT/SLO可整合微视野计，将视网膜功能与厚度图关联，并支持3D地形图/断层图及青光眼视盘和神经纤维层分析；比较表列出了频域OCT与Stratus时域OCT的技术差异，如扫描速度（18,000–40,000次/秒 vs 400次/秒）、分辨率及3D分析能力；Cirrus HD-OCT则强调高清、高分辨率、眼底图像引导精确定位及ILM和RPE分层等功能。",completed,05b6398c-3b81-4b6a-ae10-5875911f81d0,"# Summary
该文档为《年龄相关性黄斑变性中的光学相干断层扫描》（OCT in AMD）一书的年度报告内容，由Gabriel Coscas教授及其团队编写，法国眼科学会年度报告出版。文档涵盖前言、临床病例分析以及多种OCT设备的技术介绍。

前言部分指出，尽管基础与临床研究不断推进，AMD的病因、病理生理、临床特征及自然病程仍不完全清楚，因此早期诊断对优化新治疗方案至关重要。书中通过对比普通眼底照相、自发荧光、荧光素血管造影和吲哚菁绿血管造影，系统阐述了OCT提供的信息。文档将OCT的发展划分为三个阶段：第一阶段为间接征象的显示，即渗出和积液（曾被不恰当地称为“视网膜”增厚）；第二阶段借助频域OCT获得更清晰的病灶、脱离及炎性反应图像，并能与血管造影精确对应；第三阶段刚起步，侧重于外层视网膜改变及光感受器细胞损伤的分析与监测。

临床病例部分展示了“中等大小隐匿性脉络膜新生血管（CNV）”的18个月延长抗VEGF治疗过程。患者在第2次注射后出现短暂恶化，视力下降且液体持续移位；第6次注射后视力显著改善，视网膜内积液吸收，色素上皮脱离（PED）塌陷；第2年虽病灶看似稳定，但出现复发，频域OCT显示IS/OS界面和外界膜局部断裂或增厚，外核层被高反射物质及亮高反射点侵犯，提示CNV复发。继续每2个月一次注射后，视力稳定在20/40，PED持续存在但被认为与缓慢瘢痕化有关，而非新并发症。

技术部分介绍了多种频域OCT设备：OTI Spectral OCT/SLO可整合微视野计，将视网膜功能与厚度图关联，并支持3D地形图/断层图及青光眼视盘和神经纤维层分析；比较表列出了频域OCT与Stratus时域OCT的技术差异，如扫描速度（18,000–40,000次/秒 vs 400次/秒）、分辨率及3D分析能力；Cirrus HD-OCT则强调高清、高分辨率、眼底图像引导精确定位及ILM和RPE分层等功能。",23eec4d6-1534-42e5-b8ce-9885ef851f3a
21-检查：房角镜,757c926c-3b49-4a5f-9d09-fef6ea738e97,10000,83d06469-edaf-40d3-bdd4-7be064919274,临床前房角图谱-黄秀贞 2010_weknora.mhtml,临床前房角图谱-黄秀贞 2010_weknora.mhtml,"《临床前房角图谱》是由黄秀贞主编、人民卫生出版社2010年出版的眼科学专著，系作者继1992年《前房角图谱》之后的再版之作，汇集了其四十余年眼科工作中积累的300余幅前房角图片，并附有作者多年的临床经验与独到见解。

全书首先阐述前房角检查的意义。前房角虽仅约1毫米宽，但构造精密，对维持正常眼压、保持眼球功能至关重要，该部位发育异常或病变常致失明，故房角检查是眼科医生的常规检查。青光眼的开角、闭角分型依赖房角检查；先天性青光眼多因房水排泄系统发育不良，盲目行房角切开术反而会造成更坚固的组织粘连，应先查房角再定术式。眼球挫伤后常出现房角后退、虹膜根部离断、睫状体剥离等改变，初期眼压低继而升高，只有通过房角检查才能补充临床遗漏的诊断。书中还提到，使用瓶型房角镜（黄树春1974年首先发现）可清晰看到铁锈症的角膜黄色反射，为眼内铁质异物提供诊断依据。

在检查方法方面，介绍坐式（Goldmann型等棱镜）与卧式（Koeppe型、Troncoso型）两类房角镜，并指出传统房角镜存在价格昂贵、操作复杂、需助手配合、镜像倒像、患者痛苦等局限，而改进的瓶型前房角镜具有方便、价廉、无痛、结果一目了然等优点，便于推广应用。

书中案例涵盖多种房角病变，如铁屑崩伤、木刺伤、麦芒刺伤所致房角异物及穿通伤，以及一例锥子刺伤后发生交感性眼炎的患者，详细记录了其房角镜下角膜粘连、色素沉着、Schlemm管充血等表现及治疗前后视力恢复情况。

附录2为1964年257人（500眼）的房角普查资料，结果显示我国正常人眼绝大多数为宽角或中等角，窄角极少；Schwalbe线下方有色素沉积者占99.2%；滤帘透明度随年龄增大而降低；Schlemm管充血占35%；梳状韧带出现率46.2%。作者还提出诸多见解，如先天性青光眼手术减压越早越好、肝豆状核变性患者的K-F环并非从房水中沉积等。",completed,990eea63-7866-4436-9c7a-df081c8d6206,"# Summary
《临床前房角图谱》是由黄秀贞主编、人民卫生出版社2010年出版的眼科学专著，系作者继1992年《前房角图谱》之后的再版之作，汇集了其四十余年眼科工作中积累的300余幅前房角图片，并附有作者多年的临床经验与独到见解。

全书首先阐述前房角检查的意义。前房角虽仅约1毫米宽，但构造精密，对维持正常眼压、保持眼球功能至关重要，该部位发育异常或病变常致失明，故房角检查是眼科医生的常规检查。青光眼的开角、闭角分型依赖房角检查；先天性青光眼多因房水排泄系统发育不良，盲目行房角切开术反而会造成更坚固的组织粘连，应先查房角再定术式。眼球挫伤后常出现房角后退、虹膜根部离断、睫状体剥离等改变，初期眼压低继而升高，只有通过房角检查才能补充临床遗漏的诊断。书中还提到，使用瓶型房角镜（黄树春1974年首先发现）可清晰看到铁锈症的角膜黄色反射，为眼内铁质异物提供诊断依据。

在检查方法方面，介绍坐式（Goldmann型等棱镜）与卧式（Koeppe型、Troncoso型）两类房角镜，并指出传统房角镜存在价格昂贵、操作复杂、需助手配合、镜像倒像、患者痛苦等局限，而改进的瓶型前房角镜具有方便、价廉、无痛、结果一目了然等优点，便于推广应用。

书中案例涵盖多种房角病变，如铁屑崩伤、木刺伤、麦芒刺伤所致房角异物及穿通伤，以及一例锥子刺伤后发生交感性眼炎的患者，详细记录了其房角镜下角膜粘连、色素沉着、Schlemm管充血等表现及治疗前后视力恢复情况。

附录2为1964年257人（500眼）的房角普查资料，结果显示我国正常人眼绝大多数为宽角或中等角，窄角极少；Schwalbe线下方有色素沉积者占99.2%；滤帘透明度随年龄增大而降低；Schlemm管充血占35%；梳状韧带出现率46.2%。作者还提出诸多见解，如先天性青光眼手术减压越早越好、肝豆状核变性患者的K-F环并非从房水中沉积等。",d87db947-8334-437a-856d-5abd4a361767
03-白内障：晶状体与人工晶体,a0f47c80-3a66-46c8-8315-43b41ce357ea,10000,f94e07b6-8e8e-45a6-ba96-ce0e9ebe1dc1,超声乳化与飞秒激光白内障手术-Lucio Buratto 2015_weknora.mhtml,超声乳化与飞秒激光白内障手术-Lucio Buratto 2015_weknora.mhtml,"# 超声乳化与飞秒激光 白内障手术

Cataract Surgery With Phaco and Femtophaco Techniques

著者 Lucio Buratto Stephen F. Brint Rosalia Sorce

主 译 解正高

副主译 杜 伟 朱 俊

审校管怀进钟勇

## 超声乳化与飞秒激光 白内障手术

## Cataract Surgery With Phaco and Femtophaco Techniques

著者 Lucio Buratto

Stephen F. Brint

Rosalia Sorce

主 译 解正高 江苏省苏北人民医院眼科

副主译 杜 伟 江苏省苏北人民医院眼科

朱俊 江苏省苏北人民医院眼科

参译人员 童俊 江苏省苏北人民医院眼科

陈曦 江苏省苏北人民医院眼科

审校管怀进 南通大学附属医院眼科

钟勇 北京协和医院眼科

## 内容提要

",completed,5d3448b0-6418-479b-a16b-69ff62db2b6f,"# Summary
# 超声乳化与飞秒激光 白内障手术

Cataract Surgery With Phaco and Femtophaco Techniques

著者 Lucio Buratto Stephen F. Brint Rosalia Sorce

主 译 解正高

副主译 杜 伟 朱 俊

审校管怀进钟勇

## 超声乳化与飞秒激光 白内障手术

## Cataract Surgery With Phaco and Femtophaco Techniques

著者 Lucio Buratto

Stephen F. Brint

Rosalia Sorce

主 译 解正高 江苏省苏北人民医院眼科

副主译 杜 伟 江苏省苏北人民医院眼科

朱俊 江苏省苏北人民医院眼科

参译人员 童俊 江苏省苏北人民医院眼科

陈曦 江苏省苏北人民医院眼科

审校管怀进 南通大学附属医院眼科

钟勇 北京协和医院眼科

## 内容提要

",5ddec7a3-3d1d-496f-a051-6313201ce9e6
06-眼底病与视网膜内科,f900fe21-9deb-47e0-bf36-ce06022cae92,10000,b5af3055-63a9-46af-b8d8-547075d66ebb,Springer-Retinal Angiography and OCT-J Fernando Arevalo 2009_weknora.mhtml,Springer-Retinal Angiography and OCT-J Fernando Arevalo 2009_weknora.mhtml,该文档是《视网膜血管造影与光学相干断层扫描》（Retinal Angiography and Optical Coherence Tomography）一书的节选内容，由J. Fernando Arevalo主编，Springer于2009年出版。前言指出，荧光素血管造影（FA）问世已逾40年，吲哚菁绿血管造影（ICGA）逾20年，光学相干断层扫描（OCT）逾10年，本书旨在系统呈现这些诊断方法的当前技术与临床应用。全书分三部分：第一部分为荧光素与吲哚菁绿血管造影，共9章，涵盖视网膜摄影、血管造影技术及图像解读，以及黄斑病、视网膜血管病、炎症性疾病、视神经疾病、视网膜脉络膜肿瘤和药物视网膜毒性等应用；第二部分为光学相干断层扫描，共12章，阐述OCT工作原理及其在黄斑病、糖尿病视网膜病变、年龄相关性黄斑变性、光动力与抗血管生成治疗评估、牵拉性黄斑病变、眼内炎症、青光眼、视神经疾病和眼内肿瘤中的应用，并讨论OCT图像解读的局限性；第三部分为眼成像、频域与新技术，共6章，涉及眼底成像、超广角荧光素血管造影、眼底自发荧光、超高分辨率OCT、高速傅里叶域OCT及频域OCT/扫描激光检眼镜（SLO）。撰稿人来自美国、西班牙、墨西哥、哥斯达黎加、意大利和委内瑞拉。序言评价该书结构严谨、图解丰富，汇集了FA、ICG与OCT的最新知识，是重要的参考资料。节选还详细介绍了OCT技术原理：通过低相干干涉测量法，利用820纳米近红外光生成眼组织横断面图像，轴向分辨率约10微米，实验室超高分辨率可达3微米；每个断层图像由128至768个A扫描（各含1024个数据点）构成，并以伪彩色显示不同结构的反射率。关于频域OCT/SLO功能成像部分，说明借助血管模式精确配准，可将微视野功能数据叠加到三维地形图上，从而将视网膜表面特征、OCT内部解剖结构与阈值视敏度精确关联，并以年龄相关性黄斑变性及近视性脉络膜新生血管病例为例进行展示。结论认为该设备可为诊断和患者管理提供丰富信息，其效用取决于对设备能力的理解与对结果的准确解读。,completed,a51a1848-6af2-45ae-bc92-19355c3973b4,"# Summary
该文档是《视网膜血管造影与光学相干断层扫描》（Retinal Angiography and Optical Coherence Tomography）一书的节选内容，由J. Fernando Arevalo主编，Springer于2009年出版。前言指出，荧光素血管造影（FA）问世已逾40年，吲哚菁绿血管造影（ICGA）逾20年，光学相干断层扫描（OCT）逾10年，本书旨在系统呈现这些诊断方法的当前技术与临床应用。全书分三部分：第一部分为荧光素与吲哚菁绿血管造影，共9章，涵盖视网膜摄影、血管造影技术及图像解读，以及黄斑病、视网膜血管病、炎症性疾病、视神经疾病、视网膜脉络膜肿瘤和药物视网膜毒性等应用；第二部分为光学相干断层扫描，共12章，阐述OCT工作原理及其在黄斑病、糖尿病视网膜病变、年龄相关性黄斑变性、光动力与抗血管生成治疗评估、牵拉性黄斑病变、眼内炎症、青光眼、视神经疾病和眼内肿瘤中的应用，并讨论OCT图像解读的局限性；第三部分为眼成像、频域与新技术，共6章，涉及眼底成像、超广角荧光素血管造影、眼底自发荧光、超高分辨率OCT、高速傅里叶域OCT及频域OCT/扫描激光检眼镜（SLO）。撰稿人来自美国、西班牙、墨西哥、哥斯达黎加、意大利和委内瑞拉。序言评价该书结构严谨、图解丰富，汇集了FA、ICG与OCT的最新知识，是重要的参考资料。节选还详细介绍了OCT技术原理：通过低相干干涉测量法，利用820纳米近红外光生成眼组织横断面图像，轴向分辨率约10微米，实验室超高分辨率可达3微米；每个断层图像由128至768个A扫描（各含1024个数据点）构成，并以伪彩色显示不同结构的反射率。关于频域OCT/SLO功能成像部分，说明借助血管模式精确配准，可将微视野功能数据叠加到三维地形图上，从而将视网膜表面特征、OCT内部解剖结构与阈值视敏度精确关联，并以年龄相关性黄斑变性及近视性脉络膜新生血管病例为例进行展示。结论认为该设备可为诊断和患者管理提供丰富信息，其效用取决于对设备能力的理解与对结果的准确解读。",54bca4ec-efe4-4293-8255-556f31a7b947
23-眼科手术与操作技术,0ae37310-b90c-4b5b-9249-14be041abd93,10000,65f9a4e8-efce-42d0-b723-f2f06b7ac37c,眼科基本技术标准操作流程-林晓峰 2017_weknora.mhtml,眼科基本技术标准操作流程-林晓峰 2017_weknora.mhtml,"# 住院医师规范化培训

# 眼科基本技术 标准操作流程

Standard Operation Procedure for Resident Training of
Ophthalmology

林晓峰 主编

SPM南方出版传媒

广东科技出版社 | 全国优秀出版社

# 住院医师规范化培训 眼科基本技术 标准操作流程

Standard Operation Procedure for Resident Training of
Ophthalmology

扫一扫，更精彩

广东科技出版社

官网

广东科技出版社

天猫旗舰店

ISBN 978-7-5359-6827

定价：58.00元

住院医师规范化培训

## 眼科基本技术 标准操作流程

Standard Operation Procedure for Resident Training of
Ophthalmology

主 编 林晓峰

副主编 卓业鸿 郑丹莹 丁小燕

SPM南方出版传媒

广东科技出版社 | 全国优秀出版社

· 广州 ·

## 图书在版编目（CIP）数据

住院医师规范化培训眼科基本技术标",completed,f3b2f1af-37b6-44e6-9954-075ff866fa1a,"# Summary
# 住院医师规范化培训

# 眼科基本技术 标准操作流程

Standard Operation Procedure for Resident Training of
Ophthalmology

林晓峰 主编

SPM南方出版传媒

广东科技出版社 | 全国优秀出版社

# 住院医师规范化培训 眼科基本技术 标准操作流程

Standard Operation Procedure for Resident Training of
Ophthalmology

扫一扫，更精彩

广东科技出版社

官网

广东科技出版社

天猫旗舰店

ISBN 978-7-5359-6827

定价：58.00元

住院医师规范化培训

## 眼科基本技术 标准操作流程

Standard Operation Procedure for Resident Training of
Ophthalmology

主 编 林晓峰

副主编 卓业鸿 郑丹莹 丁小燕

SPM南方出版传媒

广东科技出版社 | 全国优秀出版社

· 广州 ·

## 图书在版编目（CIP）数据

住院医师规范化培训眼科基本技术标",91e8beda-ba15-4064-9961-3b0af343d91f
07-玻璃体视网膜外科,a6b50bbd-5223-4776-88b7-ac57a59a3fcf,10000,3bccccaa-a681-49f7-bb2d-9a08131cd456,"Textbook of Vitreoretinal Diseases and Surgery-S Natarajan, Nazimul Hussain 2009_weknora.mhtml","Textbook of Vitreoretinal Diseases and Surgery-S Natarajan, Nazimul Hussain 2009_weknora.mhtml","该文档为医学教科书《玻璃体视网膜疾病与手术学》（Textbook of Vitreoretinal Diseases and Surgery）的节选内容，由S Natarajan、Nazimul Hussain担任主编，Supriya Dabir担任副主编，SS Badrinath与Tarun Sharma作序，Jaypee Brothers出版，2009年第一版。文档主体涉及两大主题：年龄相关性黄斑变性（AMD）的遗传学与治疗。

在AMD遗传学部分，文档指出AMD是一种晚发性、多因素复杂性疾病，在全球致盲原因中位居第三（WHO数据显示约占8.7%）。家族聚集、分离研究和连锁分析为其遗传基础提供了证据。早期定位的候选基因如APOE、ABCA4、FBLN6和EFEMP1仅能解释少数病例；近年研究鉴定了1q32上的补体因子H（CFH）以及10q26上的LOC387715和HTRA1基因簇。CFH的Y402H、LOC387715的A69S及HTRA1启动子变异等单核苷酸多态性与AMD显著相关，并在不同种族人群中得到广泛重复验证。风险因素方面，性别（75岁以上女性发病率更高，可能与绝经后雌激素保护作用丧失有关）、种族（白种人更常见）、吸烟（降低抗氧化水平、改变脉络膜血流，吸烟者发病可提前5–10年）及饮酒（增加氧化应激）均被提及。

在治疗与影像部分，文档强调OCT在AMD管理中的重要作用：可用于监测光动力疗法（PDT）或抗VEGF药物后的反应，PDT后积液常于15–30天内消退，液体的再出现提示需要重复治疗。OCT在发现隐匿性脉络膜新生血管的活动性方面优于FFA，可使无效重复治疗率从35%降至20%。目前AMD治疗药物包括雷珠单抗（人源化抗体片段，半衰期短、亲和力高）和贝伐珠单抗（超适应症全长的单克隆抗体，半衰期长）；MARINA和ANCHOR研究显示每月注射雷珠单抗较假治疗组平均视力改善多17个字母，25%–34%患者视力提高15个字母以上。

关于中心性浆液性脉络膜视网膜病变（CSC），文档介绍了经瞳孔热疗（TTT）和PDT两种治疗方法。TTT研究显示40只患眼中25眼接受治疗，其中24眼单次治疗即消退，8只对照眼持续存在渗漏。PDT使用维替泊芬，有研究采用半剂量或6 mg/m²维替泊芬联合ICGA引导激光，多数患眼渗漏停止、脉络膜血管扩张减轻，但个别病例出现脉络膜新生血管等并发症。文档还建议通过运动、冥想或瑜伽等减压活动辅助治疗。",completed,e8fdb581-aa54-44b1-b78b-0e9b690390f9,"# Summary
该文档为医学教科书《玻璃体视网膜疾病与手术学》（Textbook of Vitreoretinal Diseases and Surgery）的节选内容，由S Natarajan、Nazimul Hussain担任主编，Supriya Dabir担任副主编，SS Badrinath与Tarun Sharma作序，Jaypee Brothers出版，2009年第一版。文档主体涉及两大主题：年龄相关性黄斑变性（AMD）的遗传学与治疗。

在AMD遗传学部分，文档指出AMD是一种晚发性、多因素复杂性疾病，在全球致盲原因中位居第三（WHO数据显示约占8.7%）。家族聚集、分离研究和连锁分析为其遗传基础提供了证据。早期定位的候选基因如APOE、ABCA4、FBLN6和EFEMP1仅能解释少数病例；近年研究鉴定了1q32上的补体因子H（CFH）以及10q26上的LOC387715和HTRA1基因簇。CFH的Y402H、LOC387715的A69S及HTRA1启动子变异等单核苷酸多态性与AMD显著相关，并在不同种族人群中得到广泛重复验证。风险因素方面，性别（75岁以上女性发病率更高，可能与绝经后雌激素保护作用丧失有关）、种族（白种人更常见）、吸烟（降低抗氧化水平、改变脉络膜血流，吸烟者发病可提前5–10年）及饮酒（增加氧化应激）均被提及。

在治疗与影像部分，文档强调OCT在AMD管理中的重要作用：可用于监测光动力疗法（PDT）或抗VEGF药物后的反应，PDT后积液常于15–30天内消退，液体的再出现提示需要重复治疗。OCT在发现隐匿性脉络膜新生血管的活动性方面优于FFA，可使无效重复治疗率从35%降至20%。目前AMD治疗药物包括雷珠单抗（人源化抗体片段，半衰期短、亲和力高）和贝伐珠单抗（超适应症全长的单克隆抗体，半衰期长）；MARINA和ANCHOR研究显示每月注射雷珠单抗较假治疗组平均视力改善多17个字母，25%–34%患者视力提高15个字母以上。

关于中心性浆液性脉络膜视网膜病变（CSC），文档介绍了经瞳孔热疗（TTT）和PDT两种治疗方法。TTT研究显示40只患眼中25眼接受治疗，其中24眼单次治疗即消退，8只对照眼持续存在渗漏。PDT使用维替泊芬，有研究采用半剂量或6 mg/m²维替泊芬联合ICGA引导激光，多数患眼渗漏停止、脉络膜血管扩张减轻，但个别病例出现脉络膜新生血管等并发症。文档还建议通过运动、冥想或瑜伽等减压活动辅助治疗。",e9f4b9d7-1db6-4225-9267-2348a82cb42d
05-青光眼,8bf942e4-80dc-4a8a-87cf-486f897fe2bd,10000,d5175b5e-f320-4a47-a5a3-7cd32d7eac07,"The Glaucomas, Volume 1- Pediatric Glaucomas-Sampaolesi, Zárate, Sampaolesi 2009_weknora.mhtml","The Glaucomas, Volume 1- Pediatric Glaucomas-Sampaolesi, Zárate, Sampaolesi 2009_weknora.mhtml","该文档是《青光眼》第一卷《儿童青光眼》（The Glaucomas, Volume 1: Pediatric Glaucomas）一书的内容摘录，主编为 R. Sampaolesi、J. Zarate 和 J.R. Sampaolesi，由 Springer 于 2009 年出版，并配有随书 DVD。

文档开篇为献词。作者将此书献给妻子 Erica，感谢她40年来参与先天性青光眼患儿麻醉与检查、支持患儿家长并记录病例索引；同时缅怀父母，并感谢子女与孙辈。随后为 M. Bruce Shields 所写的序言，盛赞 Sampaolesi 教授57年间为超过800名青光眼患儿手术并随访40余年的经验，指出儿童青光眼在诊断、药物与手术治疗及弱视处理上均极具挑战。序言概括了书中若干章节：第12章介绍新生儿及儿童正常眼前段形态；第13章阐述先天性青光眼的病理性房角及其手术适应证，并涉及裂隙灯光学相干断层扫描的应用；第17章呈现真实临床病例，强调儿童青光眼易被误诊，并鼓励年轻医生面对失败保持坚持；第20章讨论青春期发育性青光眼（goniodysgenesis）及色素性青光眼。

文档主体还包含一项关于“巨大视盘”（megalopapilla）的研究摘要，回顾了Collier、Hirokane、Jonas、Maisel等人的相关文献，指出巨大视盘可与先天性青光眼性大视杯混淆，需借助黄斑直径与视盘直径之比等指标鉴别。该研究分为四组：先天性巨大视盘、先天性青光眼术后获得性巨大视盘、围期开角型青光眼及正常对照，采用HRT与Octopus视野计等检查。

文档还包含两个临床病例：病例3为儿童双眼视盘不对称，各项检查正常，视野呈儿童典型的“三叶草”样伪缺损；病例4为18岁女性，曾被误诊为正常眼压青光眼，停药后眼压及视野正常。结论认为二者均为先天性双眼巨大视盘，属青光眼假阳性。文末指出，未来若实现24小时眼压监测，青光眼概念可能改变，眼压将不再被视为危险因素，而是青光眼性视神经病变的病因。",completed,780f91c0-948d-458f-90e9-f4240afce6d6,"# Summary
该文档是《青光眼》第一卷《儿童青光眼》（The Glaucomas, Volume 1: Pediatric Glaucomas）一书的内容摘录，主编为 R. Sampaolesi、J. Zarate 和 J.R. Sampaolesi，由 Springer 于 2009 年出版，并配有随书 DVD。

文档开篇为献词。作者将此书献给妻子 Erica，感谢她40年来参与先天性青光眼患儿麻醉与检查、支持患儿家长并记录病例索引；同时缅怀父母，并感谢子女与孙辈。随后为 M. Bruce Shields 所写的序言，盛赞 Sampaolesi 教授57年间为超过800名青光眼患儿手术并随访40余年的经验，指出儿童青光眼在诊断、药物与手术治疗及弱视处理上均极具挑战。序言概括了书中若干章节：第12章介绍新生儿及儿童正常眼前段形态；第13章阐述先天性青光眼的病理性房角及其手术适应证，并涉及裂隙灯光学相干断层扫描的应用；第17章呈现真实临床病例，强调儿童青光眼易被误诊，并鼓励年轻医生面对失败保持坚持；第20章讨论青春期发育性青光眼（goniodysgenesis）及色素性青光眼。

文档主体还包含一项关于“巨大视盘”（megalopapilla）的研究摘要，回顾了Collier、Hirokane、Jonas、Maisel等人的相关文献，指出巨大视盘可与先天性青光眼性大视杯混淆，需借助黄斑直径与视盘直径之比等指标鉴别。该研究分为四组：先天性巨大视盘、先天性青光眼术后获得性巨大视盘、围期开角型青光眼及正常对照，采用HRT与Octopus视野计等检查。

文档还包含两个临床病例：病例3为儿童双眼视盘不对称，各项检查正常，视野呈儿童典型的“三叶草”样伪缺损；病例4为18岁女性，曾被误诊为正常眼压青光眼，停药后眼压及视野正常。结论认为二者均为先天性双眼巨大视盘，属青光眼假阳性。文末指出，未来若实现24小时眼压监测，青光眼概念可能改变，眼压将不再被视为危险因素，而是青光眼性视神经病变的病因。",212fa869-5a10-4abe-89c8-b9406c4a60ce
02-角膜与眼表,f041b2b7-3147-4deb-a2f2-0de5cc53d296,10000,87d16915-e2b3-4029-84fb-b10835fabcd0,Aravind's Atlas of Fungal Corneal Ulcers - Clinical Features and Laboratory Identification Methods-Lalitha Prajna 等 2008_weknora.mhtml,Aravind's Atlas of Fungal Corneal Ulcers - Clinical Features and Laboratory Identification Methods-Lalitha Prajna 等 2008_weknora.mhtml,"本文件为《Aravind真菌性角膜溃疡图谱：临床特征与实验室鉴定方法》（Aravind’s Atlas of Fungal Corneal Ulcers）一书的节选，作者为印度马杜赖Aravind眼科医院角膜与外眼病科及眼微生物学部门的Lalitha Prajna、Vijayakumar、N Venkatesh Prajna和M Srinivasan，由Jaypee Brothers医学出版社于2008年出版。

前言与引言指出，世界卫生组织将角膜疾病列为仅次于白内障的主要致盲原因，眼外伤与角膜溃疡每年导致150万至200万新发角膜盲病例。真菌性角膜炎在亚洲尤其是南印度构成严重的致盲眼病，占南印度全部中央角膜溃疡的44%。早期识别真菌性角膜病变有助于及时治疗，诊断需结合临床发现与溃疡部位的真菌分离，通过角膜刮片、染色及培养可早期确诊；PCR和共聚焦显微镜虽为新的快速诊断手段，但价格昂贵，难以在真菌性角膜炎高发地区普及。

引言部分提供了流行病学数据：Srinivasan等（2004）的研究显示，镰刀菌属（Fusarium，47%）和曲霉属（Aspergillus，16%）是主要病原，南印度真菌性角膜炎的病原比例显著高于尼泊尔（17%）、孟加拉国（36%）、加纳（37.6%）及南佛罗里达（35%）。局部危险因素包括外伤、隐形眼镜和局部类固醇使用，常与植物相关的轻微外伤在丝状真菌感染中作用突出；农业劳动者及农产品仓库工作人员尤其高危。发病存在气候与季节差异，印度以9至10月收获季为高峰。

书中按章节具体描述多种真菌：Curvularia irregularis菌落生长迅速、呈棉絮状白色，显微镜下可见透明、短小、无柄、分隔的分生孢子梗，着生成簇的淡褐色、多为双细胞、梨形或三角形分生孢子，南印度Tiruchirapalli和Vellore先后报道过该菌所致角膜炎病例；枝孢霉属（Cladosporium）是引起角膜炎和眼内炎最常见的暗色真菌之一，在马铃薯葡萄糖琼脂上25℃生长适中，菌落呈绒状至粉状、橄榄绿至黑色，分生孢子椭圆形至圆柱形、淡褐至深褐色，具深色脐点，呈易分离的分枝链状排列；炭疽菌属（Colletotrichum）通常与外伤相关，可表现为角膜炎或皮下病变，并以外伤性植入后的角膜炎为主，已有五种该属菌种感染人类的报道。

文末还包含真菌学形态学术语表，对分生孢子梗、孢子囊、假根、菌核、盾形细胞、酵母及接合孢子等概念给出了定义。",completed,3ca13e7c-6dfe-437e-898d-0b5e861c100c,"# Summary
本文件为《Aravind真菌性角膜溃疡图谱：临床特征与实验室鉴定方法》（Aravind’s Atlas of Fungal Corneal Ulcers）一书的节选，作者为印度马杜赖Aravind眼科医院角膜与外眼病科及眼微生物学部门的Lalitha Prajna、Vijayakumar、N Venkatesh Prajna和M Srinivasan，由Jaypee Brothers医学出版社于2008年出版。

前言与引言指出，世界卫生组织将角膜疾病列为仅次于白内障的主要致盲原因，眼外伤与角膜溃疡每年导致150万至200万新发角膜盲病例。真菌性角膜炎在亚洲尤其是南印度构成严重的致盲眼病，占南印度全部中央角膜溃疡的44%。早期识别真菌性角膜病变有助于及时治疗，诊断需结合临床发现与溃疡部位的真菌分离，通过角膜刮片、染色及培养可早期确诊；PCR和共聚焦显微镜虽为新的快速诊断手段，但价格昂贵，难以在真菌性角膜炎高发地区普及。

引言部分提供了流行病学数据：Srinivasan等（2004）的研究显示，镰刀菌属（Fusarium，47%）和曲霉属（Aspergillus，16%）是主要病原，南印度真菌性角膜炎的病原比例显著高于尼泊尔（17%）、孟加拉国（36%）、加纳（37.6%）及南佛罗里达（35%）。局部危险因素包括外伤、隐形眼镜和局部类固醇使用，常与植物相关的轻微外伤在丝状真菌感染中作用突出；农业劳动者及农产品仓库工作人员尤其高危。发病存在气候与季节差异，印度以9至10月收获季为高峰。

书中按章节具体描述多种真菌：Curvularia irregularis菌落生长迅速、呈棉絮状白色，显微镜下可见透明、短小、无柄、分隔的分生孢子梗，着生成簇的淡褐色、多为双细胞、梨形或三角形分生孢子，南印度Tiruchirapalli和Vellore先后报道过该菌所致角膜炎病例；枝孢霉属（Cladosporium）是引起角膜炎和眼内炎最常见的暗色真菌之一，在马铃薯葡萄糖琼脂上25℃生长适中，菌落呈绒状至粉状、橄榄绿至黑色，分生孢子椭圆形至圆柱形、淡褐至深褐色，具深色脐点，呈易分离的分枝链状排列；炭疽菌属（Colletotrichum）通常与外伤相关，可表现为角膜炎或皮下病变，并以外伤性植入后的角膜炎为主，已有五种该属菌种感染人类的报道。

文末还包含真菌学形态学术语表，对分生孢子梗、孢子囊、假根、菌核、盾形细胞、酵母及接合孢子等概念给出了定义。",9d5453b6-ad22-4c70-a316-0d0fdd4baada
03-白内障：晶状体与人工晶体,a0f47c80-3a66-46c8-8315-43b41ce357ea,10000,577ed1ff-371f-4d02-87c1-3773f63f3519,儿童白内障手术学-M Edward Wilson 2017_weknora.mhtml,儿童白内障手术学-M Edward Wilson 2017_weknora.mhtml,"# 儿童白内障手术学

# ——技术、并发症及处理

Pediatric Cataract Surgery

Techniques, Complications and Management

原著者 M. Edward Wilson

Rupal H. Trivedi

主 译 叶 剑 陈春林

# 儿童白内障手术学

# —— 技术、并发症及处理

# Pediatric Cataract Surgery

# Techniques, Complications and Management

原书第2版

原著者 M. Edward Wilson

Rupal H. Trivedi

主译叶剑陈春林

主审王莉（美）刘少章

科学出版社

北京

## 内容简介

本书由美国南卡罗来纳医科大学 Strom 眼科研究所的 M. Edward Wilson
教授领衔，来自美国、英国、比利时、伊朗、印度、以色列等国的眼科学、儿科学、麻醉学等领域的专家集中编写，由第三军医大学大坪医院的专家翻译。全书分为五个部分：儿童白内障术前评价、准备和思考，外科技术，眼和系统性先天疾患相关白内障的处理",completed,37ca6c3b-87f8-4bbd-ab41-95a9fb6dc4ff,"# Summary
# 儿童白内障手术学

# ——技术、并发症及处理

Pediatric Cataract Surgery

Techniques, Complications and Management

原著者 M. Edward Wilson

Rupal H. Trivedi

主 译 叶 剑 陈春林

# 儿童白内障手术学

# —— 技术、并发症及处理

# Pediatric Cataract Surgery

# Techniques, Complications and Management

原书第2版

原著者 M. Edward Wilson

Rupal H. Trivedi

主译叶剑陈春林

主审王莉（美）刘少章

科学出版社

北京

## 内容简介

本书由美国南卡罗来纳医科大学 Strom 眼科研究所的 M. Edward Wilson
教授领衔，来自美国、英国、比利时、伊朗、印度、以色列等国的眼科学、儿科学、麻醉学等领域的专家集中编写，由第三军医大学大坪医院的专家翻译。全书分为五个部分：儿童白内障术前评价、准备和思考，外科技术，眼和系统性先天疾患相关白内障的处理",863b1f24-18f2-4b90-af36-0e61e82232be
01-眼科综合：基础与全身病,09c593aa-1a64-48de-af81-fc4d30d551b4,10000,5cd367a2-37b7-4119-b623-baa24fefd807,人体寄生虫学（八年制第二版）-张希美 2005_weknora.mhtml,人体寄生虫学（八年制第二版）-张希美 2005_weknora.mhtml,"《人体寄生虫学》第2版是面向全国高等学校八年制、七年制临床医学等专业的规划教材，由詹希美主编，2010年由人民卫生出版社出版。本版在第一版基础上修订，旨在适应医学科学发展、教学改革和长学制医学人才培养需求。教材坚持“三基”“三严”“三高”要求，强调自学、实践、思维、创新以及理论联系实际等综合能力的培养，并注重医学学科交叉、内容更新和启发式教学。

全书主要包括总论、医学原虫、医学蠕虫、医学节肢动物、寄生虫学检查及治疗药物五篇二十五章。内容以寄生虫及其与宿主的关系为核心，涉及寄生虫的形态结构、生态与生活史、致病机制、流行规律、防治原则，以及寄生虫病与临床医学的联系。教材还增加了分子生物学等近年来发展的内容，并通过概述、思考题、章节小结和参考文献帮助学习，配有电子教材、实验指导、专业英语词汇及相关参考资源。

总论阐述了人体寄生虫学的学科范围及其在病原生物学、预防医学和临床医学中的基础地位，介绍了共栖、互利共生和寄生三种共生关系，以及寄生虫由自由生活向寄生生活演化时在形态、生理、代谢、侵入和繁殖等方面形成的适应性变化。书中有关线虫的内容进一步讨论了其形态结构、卵壳特点、生活史分类、幼虫蜕皮、组织内移行和能量代谢，并说明部分驱虫药物通过影响线虫神经系统或能量代谢发挥作用。教材末尾还收录寄生虫学及医学节肢动物学专业术语、彩色形态图谱，展示疟原虫、原虫、蠕虫和主要寄生虫卵的形态特征。",completed,fa7ef45e-8ddc-4890-bb48-c2bfdf99f683,"# Summary
《人体寄生虫学》第2版是面向全国高等学校八年制、七年制临床医学等专业的规划教材，由詹希美主编，2010年由人民卫生出版社出版。本版在第一版基础上修订，旨在适应医学科学发展、教学改革和长学制医学人才培养需求。教材坚持“三基”“三严”“三高”要求，强调自学、实践、思维、创新以及理论联系实际等综合能力的培养，并注重医学学科交叉、内容更新和启发式教学。

全书主要包括总论、医学原虫、医学蠕虫、医学节肢动物、寄生虫学检查及治疗药物五篇二十五章。内容以寄生虫及其与宿主的关系为核心，涉及寄生虫的形态结构、生态与生活史、致病机制、流行规律、防治原则，以及寄生虫病与临床医学的联系。教材还增加了分子生物学等近年来发展的内容，并通过概述、思考题、章节小结和参考文献帮助学习，配有电子教材、实验指导、专业英语词汇及相关参考资源。

总论阐述了人体寄生虫学的学科范围及其在病原生物学、预防医学和临床医学中的基础地位，介绍了共栖、互利共生和寄生三种共生关系，以及寄生虫由自由生活向寄生生活演化时在形态、生理、代谢、侵入和繁殖等方面形成的适应性变化。书中有关线虫的内容进一步讨论了其形态结构、卵壳特点、生活史分类、幼虫蜕皮、组织内移行和能量代谢，并说明部分驱虫药物通过影响线虫神经系统或能量代谢发挥作用。教材末尾还收录寄生虫学及医学节肢动物学专业术语、彩色形态图谱，展示疟原虫、原虫、蠕虫和主要寄生虫卵的形态特征。",2e224247-eb00-4317-971c-b988d0d9176c
02-角膜与眼表,f041b2b7-3147-4deb-a2f2-0de5cc53d296,10000,5c195e52-443a-436b-911e-43097eff3a3c,干眼-刘祖国 2017_weknora.mhtml,干眼-刘祖国 2017_weknora.mhtml,"## Dry Eye

## 干眼

## 主编 刘祖国

干眼/刘祖国主编.—北京：人民卫生出版社，2017 ISBN
978-7-117-25286-7

版次：2017年11月第1版 2017年11月第1版第1次印刷

标准书号：ISBN 978-7-117-25286-7/R·25287

## 前言

干眼已成为除屈光不正以外最常见的眼科疾病。目前全球干眼发病率约为5%35%，不同人种、不同年龄、不同地区，其发病率会有所差异。我国干眼发病率与其他亚洲国家相似，较欧美为高，发病率约为21%30%。干眼也是眼科门诊中最常见的疾病，研究表明，门诊干眼病人已占全部病人30%左右。轻中度干眼已成为影响我国人口工作效率与生活质量的最常见的眼表疾病，而重度干眼会导致视力障碍，甚至失明。

",completed,f84c8e22-eaff-4d6b-8a54-7d343e4f6fc9,"# Summary
## Dry Eye

## 干眼

## 主编 刘祖国

干眼/刘祖国主编.—北京：人民卫生出版社，2017 ISBN
978-7-117-25286-7

版次：2017年11月第1版 2017年11月第1版第1次印刷

标准书号：ISBN 978-7-117-25286-7/R·25287

## 前言

干眼已成为除屈光不正以外最常见的眼科疾病。目前全球干眼发病率约为5%35%，不同人种、不同年龄、不同地区，其发病率会有所差异。我国干眼发病率与其他亚洲国家相似，较欧美为高，发病率约为21%30%。干眼也是眼科门诊中最常见的疾病，研究表明，门诊干眼病人已占全部病人30%左右。轻中度干眼已成为影响我国人口工作效率与生活质量的最常见的眼表疾病，而重度干眼会导致视力障碍，甚至失明。

",d3e5e98c-b706-47d2-9ba0-6ed6e94d364c
02-角膜与眼表,f041b2b7-3147-4deb-a2f2-0de5cc53d296,10000,30541adb-cdd8-4bda-a707-2fc59ec4eac4,角膜光学特性与人工晶状体优选-俞阿勇 2017_weknora.mhtml,角膜光学特性与人工晶状体优选-俞阿勇 2017_weknora.mhtml,"屈光性白内障手术系列

# 角膜光学特性 与人工晶状体优选

主 编 俞阿勇

# 屈光性白内障手术系列

角膜光学特性与人工晶状体优选

双通道客观视觉质量分析的临床实践

环曲面人工晶状体的临床实践

多焦点人工晶状体的临床实践

飞秒激光白内障手术的临床实践

人工晶状体视光学知识百问

《角膜光学特性与人工晶状体优选》一书对角膜光学特性主要参数及其意义做了系统性的梳理，介绍了各参数的检查、判读、注意事项等，便于眼科医疗单位开展临床应用。更难得的是，本书分享了丰富的典型病例和详细诊疗思路，图文并茂，并结合国内外研究结果来指导临床实践。

在白内障手术向屈光手术发展的今天，本书的出版填补了在该领域缺乏系统全面著作的空白，将为眼科同道在屈光性白内障手术临床实践中应用基于角膜光学特性的人工晶状体优选方案提供系统的参考。

——姚克

策划编辑 李海凌 刘红霞

责任编辑 李海凌 刘红霞

封面设计 连平 尹岩

版式设计 李秋斋

人卫智网

www.ipmph.com

医学教育、学术、考试、健康，

购书智慧智能综合服务平台

人卫官网

www.pmph.com

人卫官方资讯发",completed,1572349a-3bbc-4e7e-a207-ce0a7edaea0f,"# Summary
屈光性白内障手术系列

# 角膜光学特性 与人工晶状体优选

主 编 俞阿勇

# 屈光性白内障手术系列

角膜光学特性与人工晶状体优选

双通道客观视觉质量分析的临床实践

环曲面人工晶状体的临床实践

多焦点人工晶状体的临床实践

飞秒激光白内障手术的临床实践

人工晶状体视光学知识百问

《角膜光学特性与人工晶状体优选》一书对角膜光学特性主要参数及其意义做了系统性的梳理，介绍了各参数的检查、判读、注意事项等，便于眼科医疗单位开展临床应用。更难得的是，本书分享了丰富的典型病例和详细诊疗思路，图文并茂，并结合国内外研究结果来指导临床实践。

在白内障手术向屈光手术发展的今天，本书的出版填补了在该领域缺乏系统全面著作的空白，将为眼科同道在屈光性白内障手术临床实践中应用基于角膜光学特性的人工晶状体优选方案提供系统的参考。

——姚克

策划编辑 李海凌 刘红霞

责任编辑 李海凌 刘红霞

封面设计 连平 尹岩

版式设计 李秋斋

人卫智网

www.ipmph.com

医学教育、学术、考试、健康，

购书智慧智能综合服务平台

人卫官网

www.pmph.com

人卫官方资讯发",a6fa7f21-4ec5-4e19-8d0f-e0dee7207156
01-眼科综合：基础与全身病,09c593aa-1a64-48de-af81-fc4d30d551b4,10000,8c3fdfda-33ad-4788-99b8-09531076972b,Clinical Ocular Toxicology-Fraunfelder Fraunfelder Chambers 2008_weknora.mhtml,Clinical Ocular Toxicology-Fraunfelder Fraunfelder Chambers 2008_weknora.mhtml,"本文内容出自临床眼科毒理学参考文献，涵盖药效学基础理论及多种药物的眼部不良反应。

**药效学原理**：药效学定义为活性药物组织浓度与其药理效应之间的定量关系。药物作用靶点多样，包括膜蛋白受体、离子通道、细胞内骨架结构、酶、DNA启动子区域及信使RNA等。生物技术药物（""生物制剂""）可针对特定细胞因子、表面受体或信号转导关键环节，但存在抗原性风险。药物按作用方式分为激动剂、拮抗剂、部分激动剂、反向激动剂、变构调节剂及酶抑制剂/激活剂等类别；竞争性拮抗可被增加激动剂浓度所克服，非竞争性拮抗则不能。受体主要分为四型：直接偶联离子通道的1型受体、经G蛋白偶联的2型受体、直接偶联酶的3型受体，以及位于核内或胞质中通过DNA偶联基因转录的4型受体。药物-受体结合触发信号转导级联反应。

**ACE抑制剂**：全身给药可致视力下降、眼睑血管神经性水肿、棕色变色、睑结膜炎、荨麻疹、类天疱疮损害、结膜炎、光敏反应及视幻觉等。该类药引起累及眼和眼球的血管性水肿发生率较高，常伴面部荨麻疹；结膜炎是最常见的眼部不良事件。

**可乐定**：全身用于高血压治疗，局部滴眼曾研究性用于降低眼压。全身给药的眼部反应包括视力下降、眼压降低、血管神经性水肿、荨麻疹、眼部刺激感、视幻觉、瞳孔缩小及异常眼电图等；局部用药可致视物模糊、眼压降低、刺激感、滤",completed,2447f090-17fc-4f7c-8194-9d47fc6dac2e,"# Summary
本文内容出自临床眼科毒理学参考文献，涵盖药效学基础理论及多种药物的眼部不良反应。

**药效学原理**：药效学定义为活性药物组织浓度与其药理效应之间的定量关系。药物作用靶点多样，包括膜蛋白受体、离子通道、细胞内骨架结构、酶、DNA启动子区域及信使RNA等。生物技术药物（""生物制剂""）可针对特定细胞因子、表面受体或信号转导关键环节，但存在抗原性风险。药物按作用方式分为激动剂、拮抗剂、部分激动剂、反向激动剂、变构调节剂及酶抑制剂/激活剂等类别；竞争性拮抗可被增加激动剂浓度所克服，非竞争性拮抗则不能。受体主要分为四型：直接偶联离子通道的1型受体、经G蛋白偶联的2型受体、直接偶联酶的3型受体，以及位于核内或胞质中通过DNA偶联基因转录的4型受体。药物-受体结合触发信号转导级联反应。

**ACE抑制剂**：全身给药可致视力下降、眼睑血管神经性水肿、棕色变色、睑结膜炎、荨麻疹、类天疱疮损害、结膜炎、光敏反应及视幻觉等。该类药引起累及眼和眼球的血管性水肿发生率较高，常伴面部荨麻疹；结膜炎是最常见的眼部不良事件。

**可乐定**：全身用于高血压治疗，局部滴眼曾研究性用于降低眼压。全身给药的眼部反应包括视力下降、眼压降低、血管神经性水肿、荨麻疹、眼部刺激感、视幻觉、瞳孔缩小及异常眼电图等；局部用药可致视物模糊、眼压降低、刺激感、滤",0ab5c476-6697-40e4-b552-330f117cae03
17-检查：眼科超声与 UBM,8ba4bb92-4b55-4e98-94d7-e8322b102084,10000,efa9cc31-b5de-449c-83be-10d5efe8725c,Clinical Ophthalmic Echography A Case Study Approach-Roger P. Harrie 2008_weknora.mhtml,Clinical Ophthalmic Echography A Case Study Approach-Roger P. Harrie 2008_weknora.mhtml,"该文档是《临床眼超声检查：病例研究法》（作者 Roger P. Harrie）一书的节选，主要阐述眼部超声在眼科临床中的应用价值、技术特点及其与 CT、MRI 等影像手段的比较。

文档首先强调，很多临床医生对超声检查认识不足，常将患者转诊做 CT 或 MRI。作者指出，结合病史、体格检查和超声检查，许多眼及眼周问题无需昂贵影像学检查即可确诊。文中列举超声检查的常见适应证，包括眼周疼痛、复视、闪光、漂浮物、眼球突出及眼睑肿块等。超声检查还具有显著成本优势：脑 MRI 约 1500 美元、CT 约 800 美元、颈动脉多普勒约 600 美元，而诊断性眼超声（A 超与 B 超联合，CPT 编码 76510）约 300 美元。

首个病例为 10 岁男孩因头痛和视盘隆起接受约 2 万美元的神经系统检查（包括 CT、MRI、脑血管造影和腰椎穿刺）均阴性，最终 B 超发现埋藏性钙化视神经玻璃膜疣，A 超显示眶内视神经直径正常。该病例说明超声检查在避免不必要检查方面的重要价值。

文档随后对比 A 超与 B 超：B 超可显示眼内病变的形态和空间关系，对异物、钙化等强反射物质敏感，并可用于眼眶前部肿瘤、肌炎、上眼静脉扩张等检测；标准化 A 超虽较难掌握，但能定量测量眼外肌和视神经厚度、分析肿瘤内部结构，提供其他手段难以获得的信息。设备方面，含专用 A 超探头的诊断设备优于单一 A/B 探头，价格约 2 万至 5 万美元。

另有病例涉及白内障术后人工晶状体脱位，B 超显示晶状体在玻璃体内过度活动；还有一例 75 岁女性睫状体黑色素瘤，B 超发现近球形肿块，A 超显示低而规则的内部反射伴中度自发性血管搏动，病理证实为梭形 B 型黑色素瘤，因肿瘤过大行眼球摘除术。

文档还涉及眼眶创伤影像学，强调骨折需同时获取骨窗和软组织窗，眼眶内气体提示眶—窦沟通；需排查眶内异物；外伤性视神经病变可能伴视神经管骨折。儿童最常见的良性眶肿瘤为毛细血管瘤，最常见的恶性眶肿瘤为横纹肌肉瘤。颈动脉海绵窦瘘可表现为上眼静脉增宽和眼球突出，彩色多普勒可显示动脉化血流，血管造影仍是金标准。总结指出，CT 最适合骨性病变，MRI 利于软组织评估，超声是有力辅助手段。",completed,78df2606-4c40-45aa-9e16-7fa00c2263ba,"# Summary
该文档是《临床眼超声检查：病例研究法》（作者 Roger P. Harrie）一书的节选，主要阐述眼部超声在眼科临床中的应用价值、技术特点及其与 CT、MRI 等影像手段的比较。

文档首先强调，很多临床医生对超声检查认识不足，常将患者转诊做 CT 或 MRI。作者指出，结合病史、体格检查和超声检查，许多眼及眼周问题无需昂贵影像学检查即可确诊。文中列举超声检查的常见适应证，包括眼周疼痛、复视、闪光、漂浮物、眼球突出及眼睑肿块等。超声检查还具有显著成本优势：脑 MRI 约 1500 美元、CT 约 800 美元、颈动脉多普勒约 600 美元，而诊断性眼超声（A 超与 B 超联合，CPT 编码 76510）约 300 美元。

首个病例为 10 岁男孩因头痛和视盘隆起接受约 2 万美元的神经系统检查（包括 CT、MRI、脑血管造影和腰椎穿刺）均阴性，最终 B 超发现埋藏性钙化视神经玻璃膜疣，A 超显示眶内视神经直径正常。该病例说明超声检查在避免不必要检查方面的重要价值。

文档随后对比 A 超与 B 超：B 超可显示眼内病变的形态和空间关系，对异物、钙化等强反射物质敏感，并可用于眼眶前部肿瘤、肌炎、上眼静脉扩张等检测；标准化 A 超虽较难掌握，但能定量测量眼外肌和视神经厚度、分析肿瘤内部结构，提供其他手段难以获得的信息。设备方面，含专用 A 超探头的诊断设备优于单一 A/B 探头，价格约 2 万至 5 万美元。

另有病例涉及白内障术后人工晶状体脱位，B 超显示晶状体在玻璃体内过度活动；还有一例 75 岁女性睫状体黑色素瘤，B 超发现近球形肿块，A 超显示低而规则的内部反射伴中度自发性血管搏动，病理证实为梭形 B 型黑色素瘤，因肿瘤过大行眼球摘除术。

文档还涉及眼眶创伤影像学，强调骨折需同时获取骨窗和软组织窗，眼眶内气体提示眶—窦沟通；需排查眶内异物；外伤性视神经病变可能伴视神经管骨折。儿童最常见的良性眶肿瘤为毛细血管瘤，最常见的恶性眶肿瘤为横纹肌肉瘤。颈动脉海绵窦瘘可表现为上眼静脉增宽和眼球突出，彩色多普勒可显示动脉化血流，血管造影仍是金标准。总结指出，CT 最适合骨性病变，MRI 利于软组织评估，超声是有力辅助手段。",3d7fc448-49eb-4015-8eb5-54cbe639a08c
11-整形与泪道,bdde98f8-4f6b-4b3f-89a4-3cee7f5133b4,10000,aa942d6f-7533-43fa-8915-69fe22b6acdc,"Colour Atlas of Ophthalmic Plastic Surgery-Anthony G. Tyers, J. R. O. Collin 2008_weknora.mhtml","Colour Atlas of Ophthalmic Plastic Surgery-Anthony G. Tyers, J. R. O. Collin 2008_weknora.mhtml","本文档节选自《眼整形外科学彩色图谱》（第三版，Tyers 与 Collin 著），内容涵盖眼睑及眶周解剖基础、眼睑成形术及其并发症处理、上睑下垂矫正，以及眼轮匝肌条切除手术。

首先为解剖章节总论。文档指出眼睑具有保护视功能的作用，眼睑结构或功能异常可威胁视力，重建手术必须建立在理解眼睑解剖与生理的基础上；眼睑须结合额部、颞部、面颊等周围结构整体研究。面部肌肉分为表情肌与咀嚼肌，肌间充填有独立命名的脂肪垫，面部的浅表肌肉腱膜系统（SMAS）和多条纤维性支持韧带支撑并传导肌肉活动，其松弛与皮肤弹性丧失是面部老化的主要原因。

1.1 节详述骨性眼眶。眼眶为锥体形腔隙，深约 4 cm，容积约 30 mL；内侧壁相互平行，外侧壁与内侧壁成 45° 角、互相成 90° 角。眶尖为视神经孔，与眶上裂、眶下裂相邻；泪腺窝位于眶缘外上方，泪囊窝位于内下方，由前、后泪嵴围成。眶缘测量约 40 mm，外侧眶缘较内侧者偏后。可扪及的标志包括 Whitnall 结节、滑车、眶上切迹及眶下孔。眶内衬骨膜（periorbita），除眶缘、缝线、裂孔及泪囊窝边缘外均易于剥离。

1.2 节为眼睑表面解剖。成人睑裂水平约 30 mm、垂直约 10 mm；上睑覆盖角膜上方 1–3 mm，下睑位于下角膜缘水平，外侧睑缘可有不超过 2 mm 的巩膜显露为正常变异。外眦高于内眦约 3–10°。上睑皮肤皱襞位于睑缘上方 6–10 mm，由提上睑肌腱膜止于眼轮匝肌而形成。眉的位置与形状存在性别差异：女性眉稍弓形、位于眶上缘上方，男性眉低平且更靠下。文档还给出 0–16 岁儿童睑部测量值表（内、外眦间距、瞳距、睑裂长度等随年龄增长），并描述了上、下注视时眼睑皱襞及外眦的动态变化。

第十章节选讨论眼睑成形术并发症的预防与处理：眶内血肿应避免牵引脂肪、注意止血，术后严重血肿需重新打开眼睑引流，必要时横向切开下睑全层减压；组织水肿可冷敷；暴露性不适可用润滑剂，角膜溃疡罕见；皮肤皱襞处可形成粟粒疹；上、下睑瘢痕",completed,8a697001-e786-4a35-88ca-ec45d0ae151a,"# Summary
本文档节选自《眼整形外科学彩色图谱》（第三版，Tyers 与 Collin 著），内容涵盖眼睑及眶周解剖基础、眼睑成形术及其并发症处理、上睑下垂矫正，以及眼轮匝肌条切除手术。

首先为解剖章节总论。文档指出眼睑具有保护视功能的作用，眼睑结构或功能异常可威胁视力，重建手术必须建立在理解眼睑解剖与生理的基础上；眼睑须结合额部、颞部、面颊等周围结构整体研究。面部肌肉分为表情肌与咀嚼肌，肌间充填有独立命名的脂肪垫，面部的浅表肌肉腱膜系统（SMAS）和多条纤维性支持韧带支撑并传导肌肉活动，其松弛与皮肤弹性丧失是面部老化的主要原因。

1.1 节详述骨性眼眶。眼眶为锥体形腔隙，深约 4 cm，容积约 30 mL；内侧壁相互平行，外侧壁与内侧壁成 45° 角、互相成 90° 角。眶尖为视神经孔，与眶上裂、眶下裂相邻；泪腺窝位于眶缘外上方，泪囊窝位于内下方，由前、后泪嵴围成。眶缘测量约 40 mm，外侧眶缘较内侧者偏后。可扪及的标志包括 Whitnall 结节、滑车、眶上切迹及眶下孔。眶内衬骨膜（periorbita），除眶缘、缝线、裂孔及泪囊窝边缘外均易于剥离。

1.2 节为眼睑表面解剖。成人睑裂水平约 30 mm、垂直约 10 mm；上睑覆盖角膜上方 1–3 mm，下睑位于下角膜缘水平，外侧睑缘可有不超过 2 mm 的巩膜显露为正常变异。外眦高于内眦约 3–10°。上睑皮肤皱襞位于睑缘上方 6–10 mm，由提上睑肌腱膜止于眼轮匝肌而形成。眉的位置与形状存在性别差异：女性眉稍弓形、位于眶上缘上方，男性眉低平且更靠下。文档还给出 0–16 岁儿童睑部测量值表（内、外眦间距、瞳距、睑裂长度等随年龄增长），并描述了上、下注视时眼睑皱襞及外眦的动态变化。

第十章节选讨论眼睑成形术并发症的预防与处理：眶内血肿应避免牵引脂肪、注意止血，术后严重血肿需重新打开眼睑引流，必要时横向切开下睑全层减压；组织水肿可冷敷；暴露性不适可用润滑剂，角膜溃疡罕见；皮肤皱襞处可形成粟粒疹；上、下睑瘢痕",b3af729e-6bad-40ef-8455-e1662b7f7464
15-检查：眼底血管造影（FFA/ICGA）,b12450f6-99ea-4f03-8765-a0a9b2753124,10000,debfb160-165a-44b2-9b5c-3f2a3725ec76,"Fluorescence Angiography in Ophthalmology-S. Dithmar, F.G. Holz 2008_weknora.mhtml","Fluorescence Angiography in Ophthalmology-S. Dithmar, F.G. Holz 2008_weknora.mhtml","本材料摘自Dithmar与Holz主编的眼科学专著《眼科荧光血管造影》（Springer Medizin Verlag Heidelberg，2008年出版），是一本以图谱形式系统介绍荧光素血管造影、吲哚菁绿血管造影及眼底自发荧光成像的著作。前言指出，共焦激光扫描技术的应用是近年最重要的进展，使成像实现数字化、实时化，并支持荧光素与吲哚菁绿血管造影同步进行；书中图像主要基于海德堡大学眼科与应用海德堡视网膜血管造影仪2（HRA 2）积累的病例资料。该书既阐明技术原理，也以大量病例展示视网膜脉络膜疾病的病理性荧光现象，重点关注黄斑疾病、年龄相关性黄斑变性及抗VEGF治疗，并涵盖视网膜血管病、炎症性疾病、视神经疾病及眼内肿瘤等。

第一章阐述荧光血管造影的物理化学基础：荧光物质受电磁辐射激发后，自由电子跃迁至较高能级，回落时重新发射能量，发射光波长恒长于吸收光波长；荧光在激发光停止后立即终止，延迟发射则称磷光。荧光素为水溶性晶体，吸收光谱位于465–490纳米（蓝光区），发射光谱位于520–530纳米，呈黄绿色荧光，强度依赖pH，在血液中性pH下达最大；常规以10%溶液5毫升静脉注射，70%–80%与血浆蛋白结合，其余部分可透过除脉络膜大血管、视网膜血管（血-视网膜内屏障）及脑血管外的血管壁，视网膜色素上皮亦构成染料弥散屏障。

疾病各论部分涵盖多种眼底病变。RPE图案样营养不良以放射状排列的色素线条为特征，自发荧光成像中色素线呈明显高荧光，荧光素血管造影中则因遮挡背景荧光而呈低荧光，两种影像互为""负片""关系，且无染料渗漏。先天性X连锁视网膜劈裂仅累及男性，视力降至20/50至20/100，常伴远视，ERG的b波振幅降低；黄斑部呈星状内界膜扭曲伴视网膜内囊肿，约70%患者合并颞下周边视网膜劈裂，血管造影仅显示视网膜扭曲与囊肿而无渗漏，恰与黄斑囊样水肿相反。脉络膜血管瘤为良性肿瘤，多位于后极部，眼底呈红橙色边界清晰的视网膜下隆起；荧光素血管造影早期呈不规则高荧光（反映瘤内血管腔充盈），随病程进展高荧光增强，晚期持续高荧光可源于染料在血管腔内的积聚或视网膜下液积存；吲哚菁绿血管造影能清晰显示瘤内血管腔，晚期周围脉络膜荧光消退后肿瘤区仍残留持续荧光。",completed,94e7b208-3fc0-49b8-8c7c-96ea1aa6ed72,"# Summary
本材料摘自Dithmar与Holz主编的眼科学专著《眼科荧光血管造影》（Springer Medizin Verlag Heidelberg，2008年出版），是一本以图谱形式系统介绍荧光素血管造影、吲哚菁绿血管造影及眼底自发荧光成像的著作。前言指出，共焦激光扫描技术的应用是近年最重要的进展，使成像实现数字化、实时化，并支持荧光素与吲哚菁绿血管造影同步进行；书中图像主要基于海德堡大学眼科与应用海德堡视网膜血管造影仪2（HRA 2）积累的病例资料。该书既阐明技术原理，也以大量病例展示视网膜脉络膜疾病的病理性荧光现象，重点关注黄斑疾病、年龄相关性黄斑变性及抗VEGF治疗，并涵盖视网膜血管病、炎症性疾病、视神经疾病及眼内肿瘤等。

第一章阐述荧光血管造影的物理化学基础：荧光物质受电磁辐射激发后，自由电子跃迁至较高能级，回落时重新发射能量，发射光波长恒长于吸收光波长；荧光在激发光停止后立即终止，延迟发射则称磷光。荧光素为水溶性晶体，吸收光谱位于465–490纳米（蓝光区），发射光谱位于520–530纳米，呈黄绿色荧光，强度依赖pH，在血液中性pH下达最大；常规以10%溶液5毫升静脉注射，70%–80%与血浆蛋白结合，其余部分可透过除脉络膜大血管、视网膜血管（血-视网膜内屏障）及脑血管外的血管壁，视网膜色素上皮亦构成染料弥散屏障。

疾病各论部分涵盖多种眼底病变。RPE图案样营养不良以放射状排列的色素线条为特征，自发荧光成像中色素线呈明显高荧光，荧光素血管造影中则因遮挡背景荧光而呈低荧光，两种影像互为""负片""关系，且无染料渗漏。先天性X连锁视网膜劈裂仅累及男性，视力降至20/50至20/100，常伴远视，ERG的b波振幅降低；黄斑部呈星状内界膜扭曲伴视网膜内囊肿，约70%患者合并颞下周边视网膜劈裂，血管造影仅显示视网膜扭曲与囊肿而无渗漏，恰与黄斑囊样水肿相反。脉络膜血管瘤为良性肿瘤，多位于后极部，眼底呈红橙色边界清晰的视网膜下隆起；荧光素血管造影早期呈不规则高荧光（反映瘤内血管腔充盈），随病程进展高荧光增强，晚期持续高荧光可源于染料在血管腔内的积聚或视网膜下液积存；吲哚菁绿血管造影能清晰显示瘤内血管腔，晚期周围脉络膜荧光消退后肿瘤区仍残留持续荧光。",d274e1f1-4f6f-419d-af1f-b8a05057edbd
09-神经眼科,be1e44f1-985d-4445-b6a3-e60a0f43f85e,10000,8a8d1325-f6e6-4c42-a231-8f9977a99a33,Manual of Neuro-ophthalmology-Amar Agarwal、Athiya Agarwal 2008_weknora.mhtml,Manual of Neuro-ophthalmology-Amar Agarwal、Athiya Agarwal 2008_weknora.mhtml,"该文档是《Manual of Neuro-ophthalmology》（神经眼科学手册）的部分内容，由 Amar Agarwal 与 Athiya Agarwal 编写，Uday Devgan 撰写前言，并由 Jaypee Brothers Medical Publishers 出版。前言指出神经眼科学是一门复杂的亚专科，需要敏锐的临床观察和细致思考；本书旨在面向从医学生到执业眼科医生的广泛读者群体。作者在序言中说明，编写本书是为了帮助读者更轻松地理解神经眼科学这一难点。

正文内容涵盖三大部分：

第一部分介绍眼球运动的核上通路。文档区分了从大脑皮层到脑神经核的核上通路（相当于上运动神经元通路）与从脑神经核到眼外肌的核下通路（相当于下运动神经元通路），并指出脑神经核受损会产生类似下运动神经元病变的表现。书中列出五种核上眼球运动系统：扫视系统、追踪系统、会聚系统、非视觉反射系统和位置维持系统。其中扫视系统又称快速眼球运动系统，负责快速命令性眼球运动，起自额叶，经额叶-中脑通路传导；水平扫视由额叶皮层等结构控制。

第二部分讲解三叉神经的解剖。内容包括三叉神经的运动核与感觉核的位置、神经在脑桥水平的出脑部位、三叉神经半月节（Meckel腔）以及与下颌神经的关系。其中眼神经（V1）在海绵窦内接收交感纤维，并借道眶上裂进入眼眶，分为泪腺神经、额神经和鼻睫神经三支，文档还详述了各分支的走行与分布。

第三部分涉及神经系统影像学中的炎症与脱髓鞘疾病鉴别。结节病可表现为脑室周围或胼胝体周围卵圆形病灶（类似 Dawson 指状征），累及视交叉和视神经较多见，需与多发性硬化、系统性红斑狼疮、淋巴瘤等鉴别，软脑膜受累提示结节病可能。弓形虫病的典型影像为单发或多发环形强化灶伴周围水肿，呈“靶征”，主要需与原发性中枢神经系统淋巴瘤鉴别。急性播散性脑脊髓炎（ADEM）则多为病毒感染或疫苗接种后急性单相病程，常见于儿童和青少年，MRI 显示皮质下融合性高信号病灶，可与多发性硬化相区分。",completed,be353a31-3ec0-44b9-adde-4d1535e1e5df,"# Summary
该文档是《Manual of Neuro-ophthalmology》（神经眼科学手册）的部分内容，由 Amar Agarwal 与 Athiya Agarwal 编写，Uday Devgan 撰写前言，并由 Jaypee Brothers Medical Publishers 出版。前言指出神经眼科学是一门复杂的亚专科，需要敏锐的临床观察和细致思考；本书旨在面向从医学生到执业眼科医生的广泛读者群体。作者在序言中说明，编写本书是为了帮助读者更轻松地理解神经眼科学这一难点。

正文内容涵盖三大部分：

第一部分介绍眼球运动的核上通路。文档区分了从大脑皮层到脑神经核的核上通路（相当于上运动神经元通路）与从脑神经核到眼外肌的核下通路（相当于下运动神经元通路），并指出脑神经核受损会产生类似下运动神经元病变的表现。书中列出五种核上眼球运动系统：扫视系统、追踪系统、会聚系统、非视觉反射系统和位置维持系统。其中扫视系统又称快速眼球运动系统，负责快速命令性眼球运动，起自额叶，经额叶-中脑通路传导；水平扫视由额叶皮层等结构控制。

第二部分讲解三叉神经的解剖。内容包括三叉神经的运动核与感觉核的位置、神经在脑桥水平的出脑部位、三叉神经半月节（Meckel腔）以及与下颌神经的关系。其中眼神经（V1）在海绵窦内接收交感纤维，并借道眶上裂进入眼眶，分为泪腺神经、额神经和鼻睫神经三支，文档还详述了各分支的走行与分布。

第三部分涉及神经系统影像学中的炎症与脱髓鞘疾病鉴别。结节病可表现为脑室周围或胼胝体周围卵圆形病灶（类似 Dawson 指状征），累及视交叉和视神经较多见，需与多发性硬化、系统性红斑狼疮、淋巴瘤等鉴别，软脑膜受累提示结节病可能。弓形虫病的典型影像为单发或多发环形强化灶伴周围水肿，呈“靶征”，主要需与原发性中枢神经系统淋巴瘤鉴别。急性播散性脑脊髓炎（ADEM）则多为病毒感染或疫苗接种后急性单相病程，常见于儿童和青少年，MRI 显示皮质下融合性高信号病灶，可与多发性硬化相区分。",c1da5a0a-7ef9-415d-bb3f-e5116bbb1bb2
03-白内障：晶状体与人工晶体,a0f47c80-3a66-46c8-8315-43b41ce357ea,10000,d7a4732e-bd01-4d1e-869b-e65bbf1a4a53,复杂病例白内障手术学-姚克 2004_weknora.mhtml,复杂病例白内障手术学-姚克 2004_weknora.mhtml,"文档围绕复杂病例中的白内障手术，重点介绍硬核白内障超声乳化及相关器械、人工晶状体和囊袋支持技术。首先，硬核程度可依据晶状体核颜色、混浊情况、眼底红光反射及患者年龄进行评估，通常参照Emery和Little的Ⅰ～Ⅴ级标准。硬核白内障常伴有核大而硬、红光反射差或消失、囊膜脆弱及悬韧带松弱等特点，手术中主要面临撕囊困难、后囊破裂风险增加以及超声能量和操作时间较长导致角膜内皮、虹膜损伤等问题。

为提高手术安全性，术前需进行充分准备，包括抗感染、镇静、控制咳嗽和便秘、合理使用抗炎或激素药物、降低眼压以及充分散瞳。完整而连续的前囊撕囊是硬核超声乳化的重要基础，可采用开罐式截囊或连续环形撕囊，并根据人工晶状体植入位置控制囊口大小。充分的囊下水分离和层间水分离能够使晶状体核、皮质及囊膜分层游离，减少对后囊和悬韧带的牵拉。

文中还系统介绍了多种硬核处理方法，包括中央蚀刻与核去除、四分原位碎核、刻槽式及多方向分块清除、弹坑式分块清除、乳化劈裂和拦截劈裂等。不同方法应根据核硬度、大小、皮质情况及术者经验选择，并强调保持前房稳定、使用粘弹剂保护角膜内皮、降低超声能量和轻柔操作。

对于悬韧带损伤或晶状体脱位病例，囊袋张力环可通过均匀的环形支撑稳定囊袋、减少玻璃体脱出和人工晶状体偏位，必要时可结合巩膜缝线固定或采用自制聚丙烯张力环。随着小切口超声乳化的发展，折叠式人工晶状体逐渐取代硬性PMMA晶状体，相关材料包括硅凝胶、水凝胶和可折叠丙烯酸酯。文末介绍Sovereign超声乳化系统的同步反馈、数字化脚踏板、轻巧手柄、可重复使用管道及“白星”冷超声技术，强调通过高负压、低能量和减少热效应来维持前房稳定、保护角膜并促进术后视力恢复。",completed,fe175e47-fe38-4648-83e5-ad193d523cf6,"# Summary
文档围绕复杂病例中的白内障手术，重点介绍硬核白内障超声乳化及相关器械、人工晶状体和囊袋支持技术。首先，硬核程度可依据晶状体核颜色、混浊情况、眼底红光反射及患者年龄进行评估，通常参照Emery和Little的Ⅰ～Ⅴ级标准。硬核白内障常伴有核大而硬、红光反射差或消失、囊膜脆弱及悬韧带松弱等特点，手术中主要面临撕囊困难、后囊破裂风险增加以及超声能量和操作时间较长导致角膜内皮、虹膜损伤等问题。

为提高手术安全性，术前需进行充分准备，包括抗感染、镇静、控制咳嗽和便秘、合理使用抗炎或激素药物、降低眼压以及充分散瞳。完整而连续的前囊撕囊是硬核超声乳化的重要基础，可采用开罐式截囊或连续环形撕囊，并根据人工晶状体植入位置控制囊口大小。充分的囊下水分离和层间水分离能够使晶状体核、皮质及囊膜分层游离，减少对后囊和悬韧带的牵拉。

文中还系统介绍了多种硬核处理方法，包括中央蚀刻与核去除、四分原位碎核、刻槽式及多方向分块清除、弹坑式分块清除、乳化劈裂和拦截劈裂等。不同方法应根据核硬度、大小、皮质情况及术者经验选择，并强调保持前房稳定、使用粘弹剂保护角膜内皮、降低超声能量和轻柔操作。

对于悬韧带损伤或晶状体脱位病例，囊袋张力环可通过均匀的环形支撑稳定囊袋、减少玻璃体脱出和人工晶状体偏位，必要时可结合巩膜缝线固定或采用自制聚丙烯张力环。随着小切口超声乳化的发展，折叠式人工晶状体逐渐取代硬性PMMA晶状体，相关材料包括硅凝胶、水凝胶和可折叠丙烯酸酯。文末介绍Sovereign超声乳化系统的同步反馈、数字化脚踏板、轻巧手柄、可重复使用管道及“白星”冷超声技术，强调通过高负压、低能量和减少热效应来维持前房稳定、保护角膜并促进术后视力恢复。",0d22a5e1-2cb7-40ff-abda-8f5a46f6ea79
05-青光眼,8bf942e4-80dc-4a8a-87cf-486f897fe2bd,10000,8bda1254-5ebc-45b3-bb51-934c56e5706d,Mechanisms of the Glaucomas-Joyce Tombran Tink 2008_weknora.mhtml,Mechanisms of the Glaucomas-Joyce Tombran Tink 2008_weknora.mhtml,"《Mechanisms of the Glaucomas: Disease Processes and Therapeutic Modalities》是由Joyce Tombran-Tink、Colin J. Barnstable和M. Bruce Shields编辑、Humana Press于2008年出版的学术著作，属于“Ophthalmology Research”系列。本书聚焦青光眼的疾病机制与治疗方式，并题献给已故的Douglas H. Johnson博士。

在序言部分，作者回顾了20世纪青光眼领域的重大进展，包括Goldmann压平眼压计、视野计与视神经头影像分析等诊断技术，以及前列腺素类、β受体阻滞剂、肾上腺素能激动剂、碳酸酐酶抑制剂等药物和激光、滤过手术、引流植入物等治疗手段的发展。作者指出，尽管这些技术成就显著，但20世纪对青光眼最大的贡献并非某项具体技术，而是通过科学研究积累的知识，这些知识将成为未来理解青光眼机制与管理的基础。

书中节选内容还涉及视神经头星形胶质细胞的研究。正常状态下，星形胶质细胞为视神经轴突提供能量底物，维持细胞外pH和离子稳态，并表达水通道AQP4、骨形态发生蛋白、神经营养因子等。青光眼等损伤后，静止的星形胶质细胞转变为反应性表型，表现为细胞体增大、突起增粗、GFAP和波形蛋白表达增加，并表达多种细胞外基质蛋白、细胞因子和生长因子，在视神经头形成胶质瘢痕。文中还提及用于研究视神经头星形胶质细胞机械转导的细胞培养模型。

另一部分内容讨论新型青光眼引流装置。将房水引流至结膜穹窿等外眼表面的装置尚处初期阶段，临床数据极少。将引流管连接至泪囊或筛窦的手术采用特制Ahmed阀，在19例患者（多为人工角膜眼）中，随访1–31个月，14眼无需药物即可将眼压控制在低十几毫米汞柱，但亦有部分眼需取出阀体、加药或再次手术，未见眼内炎报告；另有将房水引流至额窦的装置在3只原发性青光眼犬中初步成功。

结论部分指出，当前青光眼手术的安全性和有效性尚不理想，具有不可预测性且缺乏可调性。所述新术式的共同优点是消除结膜滤过泡、无需赤道部巩膜板，从而避免巩膜外或结膜下纤维化及相关并发症，但多数结果仅见于会议摘要，缺乏同行评审文献和大规模多中心对照临床试验验证。",completed,9b45041c-cc61-405d-808e-ad88373a9cf0,"# Summary
《Mechanisms of the Glaucomas: Disease Processes and Therapeutic Modalities》是由Joyce Tombran-Tink、Colin J. Barnstable和M. Bruce Shields编辑、Humana Press于2008年出版的学术著作，属于“Ophthalmology Research”系列。本书聚焦青光眼的疾病机制与治疗方式，并题献给已故的Douglas H. Johnson博士。

在序言部分，作者回顾了20世纪青光眼领域的重大进展，包括Goldmann压平眼压计、视野计与视神经头影像分析等诊断技术，以及前列腺素类、β受体阻滞剂、肾上腺素能激动剂、碳酸酐酶抑制剂等药物和激光、滤过手术、引流植入物等治疗手段的发展。作者指出，尽管这些技术成就显著，但20世纪对青光眼最大的贡献并非某项具体技术，而是通过科学研究积累的知识，这些知识将成为未来理解青光眼机制与管理的基础。

书中节选内容还涉及视神经头星形胶质细胞的研究。正常状态下，星形胶质细胞为视神经轴突提供能量底物，维持细胞外pH和离子稳态，并表达水通道AQP4、骨形态发生蛋白、神经营养因子等。青光眼等损伤后，静止的星形胶质细胞转变为反应性表型，表现为细胞体增大、突起增粗、GFAP和波形蛋白表达增加，并表达多种细胞外基质蛋白、细胞因子和生长因子，在视神经头形成胶质瘢痕。文中还提及用于研究视神经头星形胶质细胞机械转导的细胞培养模型。

另一部分内容讨论新型青光眼引流装置。将房水引流至结膜穹窿等外眼表面的装置尚处初期阶段，临床数据极少。将引流管连接至泪囊或筛窦的手术采用特制Ahmed阀，在19例患者（多为人工角膜眼）中，随访1–31个月，14眼无需药物即可将眼压控制在低十几毫米汞柱，但亦有部分眼需取出阀体、加药或再次手术，未见眼内炎报告；另有将房水引流至额窦的装置在3只原发性青光眼犬中初步成功。

结论部分指出，当前青光眼手术的安全性和有效性尚不理想，具有不可预测性且缺乏可调性。所述新术式的共同优点是消除结膜滤过泡、无需赤道部巩膜板，从而避免巩膜外或结膜下纤维化及相关并发症，但多数结果仅见于会议摘要，缺乏同行评审文献和大规模多中心对照临床试验验证。",d4f2ceb7-1abb-45d0-9d7b-75f4db0653e6
12-眼眶与眼肿瘤,e785de98-5837-4eea-89a8-6a46cacb5173,10000,ee64ce6e-cd9b-42d3-8650-e603c615acaf,眼眶病学-宋国祥 2010_weknora.mhtml,眼眶病学-宋国祥 2010_weknora.mhtml,"《眼眶病学》由宋国祥主编，系第2版专著，全书70余万字、图片1000余幅，系统介绍眼眶的正常解剖、影像技术检查、各类眼眶疾病与外伤的病理改变、临床表现、诊断方法、治疗预后及手术操作，是眼科及相关专业医师和研究生的参考书。

第一章概论部分详细阐述眼眶解剖和生理。眼眶是由7块颅骨构成的左右对称骨腔，分骨壁和眶内容；骨壁分内、上、外、下四壁，各壁与鼻窦、颅脑关系密切。文中给出眼眶测量数据及骨壁标志间距，强调其对诊断和手术的指导意义。眼外肌包括四直肌和两斜肌，另有提上睑肌、平滑肌、骨膜、筋膜及四个眶内间隙（中央间隙、周围间隙、骨膜下间隙、巩膜表面间隙），并介绍脂肪体和泪腺结构。这些解剖基础与爆裂性骨折、甲状腺相关眼病、肿瘤蔓延及手术入路选择密切相关。

第九章介绍骨、软骨肿瘤及类肿瘤。骨瘤为较常见的良性骨源性肿瘤，多原发于鼻窦并蔓延至眶内，分象牙性、成熟性和纤维性三种病理类型；症状取决于部位，影像学包括X线、超声和CT，治疗依肿瘤大小和症状决定，多数预后良好。骨母细胞瘤极罕见，分良性和侵袭性，由骨母细胞、骨组织和富含血管的纤维间质构成，常需与骨化纤维瘤等鉴别。

文档还涉及眼内肿瘤眼眶蔓延，如视网膜母细胞瘤和脉络膜恶性黑色素瘤的诊断与眶内容摘除术；组织细胞增生病、眼眶转移癌的临床表现和影像特征；眼眶穿刺及肿瘤活检的适应证与操作要点；儿童眶肿瘤手术的特殊性；以及眼眶手术近期并发症（视力丧失、眶压增高、出血、感染、角膜损伤）的处理原则。整体内容强调多学科知识在眼眶病诊断和治疗中的重要性。",completed,eaf7ae2b-254a-499b-adc2-d2e7850be393,"# Summary
《眼眶病学》由宋国祥主编，系第2版专著，全书70余万字、图片1000余幅，系统介绍眼眶的正常解剖、影像技术检查、各类眼眶疾病与外伤的病理改变、临床表现、诊断方法、治疗预后及手术操作，是眼科及相关专业医师和研究生的参考书。

第一章概论部分详细阐述眼眶解剖和生理。眼眶是由7块颅骨构成的左右对称骨腔，分骨壁和眶内容；骨壁分内、上、外、下四壁，各壁与鼻窦、颅脑关系密切。文中给出眼眶测量数据及骨壁标志间距，强调其对诊断和手术的指导意义。眼外肌包括四直肌和两斜肌，另有提上睑肌、平滑肌、骨膜、筋膜及四个眶内间隙（中央间隙、周围间隙、骨膜下间隙、巩膜表面间隙），并介绍脂肪体和泪腺结构。这些解剖基础与爆裂性骨折、甲状腺相关眼病、肿瘤蔓延及手术入路选择密切相关。

第九章介绍骨、软骨肿瘤及类肿瘤。骨瘤为较常见的良性骨源性肿瘤，多原发于鼻窦并蔓延至眶内，分象牙性、成熟性和纤维性三种病理类型；症状取决于部位，影像学包括X线、超声和CT，治疗依肿瘤大小和症状决定，多数预后良好。骨母细胞瘤极罕见，分良性和侵袭性，由骨母细胞、骨组织和富含血管的纤维间质构成，常需与骨化纤维瘤等鉴别。

文档还涉及眼内肿瘤眼眶蔓延，如视网膜母细胞瘤和脉络膜恶性黑色素瘤的诊断与眶内容摘除术；组织细胞增生病、眼眶转移癌的临床表现和影像特征；眼眶穿刺及肿瘤活检的适应证与操作要点；儿童眶肿瘤手术的特殊性；以及眼眶手术近期并发症（视力丧失、眶压增高、出血、感染、角膜损伤）的处理原则。整体内容强调多学科知识在眼眶病诊断和治疗中的重要性。",ceb8bad7-f9ce-4a24-9ae2-d3677e133e46
03-白内障：晶状体与人工晶体,a0f47c80-3a66-46c8-8315-43b41ce357ea,10000,e9234f97-3106-416e-847a-6db332d53c59,人工晶状体手术  适应证、并发症及复杂病例-J Bradley Randleman 2018_weknora.mhtml,人工晶状体手术  适应证、并发症及复杂病例-J Bradley Randleman 2018_weknora.mhtml,"# 人工晶状体手术 适应证、并发症及复杂病例

Editor

J. Bradley Randleman

Associate Editor

Iqbal Ike K. Ahmed

主编〔美〕J.布拉德利·兰德尔曼

副主编〔美〕伊克巴尔·艾克·K. 艾哈迈德

主 译 姚 克

天津出版传媒集团

天津科技翻译出版有限公司

眼科手术技术不断进步。人工晶状体及其植入方法的选择范围持续拓宽，使视力障碍患者的生活质量得到改善。虽然白内障手术的成功率很高，但也有可能发生意外并发症。要获得良好的临床效果，必须有能力迎接挑战。

本书共28章内容，由顶级专家分享了他们在人工晶状体技术的应用及改良方面积累的经验和手术技巧。本书内容全面，讲解清晰，并配有精美的插图和手术视频，为人工晶状体手术提供了宝贵的资源，包括各种复杂情况下的处理方法，如囊袋缺陷患者的手术策略等。

本书特色：

论述了现有所有人工晶状体的设计、材料和技术规格

● 涵盖新一代人工晶状体的相关介绍

最新手术技术操作步骤详解

50多个视频，提供来自手术现场的实时教学

关于残余散光、光晕、混浊、后囊破裂、虹膜炎-青光眼-前房",completed,5bb465fc-1aea-4564-9f3a-df5621d2772f,"# Summary
# 人工晶状体手术 适应证、并发症及复杂病例

Editor

J. Bradley Randleman

Associate Editor

Iqbal Ike K. Ahmed

主编〔美〕J.布拉德利·兰德尔曼

副主编〔美〕伊克巴尔·艾克·K. 艾哈迈德

主 译 姚 克

天津出版传媒集团

天津科技翻译出版有限公司

眼科手术技术不断进步。人工晶状体及其植入方法的选择范围持续拓宽，使视力障碍患者的生活质量得到改善。虽然白内障手术的成功率很高，但也有可能发生意外并发症。要获得良好的临床效果，必须有能力迎接挑战。

本书共28章内容，由顶级专家分享了他们在人工晶状体技术的应用及改良方面积累的经验和手术技巧。本书内容全面，讲解清晰，并配有精美的插图和手术视频，为人工晶状体手术提供了宝贵的资源，包括各种复杂情况下的处理方法，如囊袋缺陷患者的手术策略等。

本书特色：

论述了现有所有人工晶状体的设计、材料和技术规格

● 涵盖新一代人工晶状体的相关介绍

最新手术技术操作步骤详解

50多个视频，提供来自手术现场的实时教学

关于残余散光、光晕、混浊、后囊破裂、虹膜炎-青光眼-前房",da85a587-8aef-4f4a-aacd-aae6e7955e8b
13-眼外伤与急症,06e9888f-5d59-49c9-9218-d078b456f01b,10000,83bbb414-eecd-4e54-a2aa-3a967f95ffeb,Springer-Ocular Traumatology-Ferenc Kuhn 2008_weknora.mhtml,Springer-Ocular Traumatology-Ferenc Kuhn 2008_weknora.mhtml,"《眼外伤学》（Ocular Traumatology）是Ferenc Kuhn编著的眼科专著。书中前言部分指出，该书虽沿用前作《眼外伤：原理与实践》的部分体例（如以组织而非眼前节/眼后节划分章节），但大部分内容为新增且由作者独自撰写以保证风格统一。作者强调，手术应以恢复整个眼球解剖与功能为终点，而不能只满足于伤口缝合；医生需在术前自问是否有能力完成最佳手术，并重视“为什么”而不仅是“何时、何物、如何”。前言还分析了眼外伤领域的困难：通用原则多而具体指导少、成功率低于白内障手术、需在设备有限条件下长时间手术、患者焦虑且期望不切实际、医患信任需偶然建立并须靠沟通技巧赢得；术中因角膜水肿、晶状体混浊和玻璃体出血等导致可视性差。尽管如此，作者认为成功救治“无望”眼伤带来的成就感是这一领域的独特吸引力，并指出美国医学院校中仅不到三分之一要求正规眼科训练。

书中的手术技术部分涉及人工晶状体（IOL）脱位至玻璃体腔的处理：可经睫状体平坦部或角膜缘取出，也可在晶状体囊袋完整时用镊子抓持襻、旋转180°后将襻复位入囊袋；还可通过巩膜隧道或睫状体平坦部巩膜切口将襻外置并埋藏固定，内窥镜对此类操作有重要辅助作用。注意事项包括：仔细评估晶状体损伤以选择最佳治疗、避免在晶状体摘除时误吸玻璃体、不要急于摘除晶状体。

身体创伤所致眼部并发症一节描述了黄斑部灰白肿胀、直径小于100微米的火山口样凹陷伴视网膜色素上皮改变，伤后荧光造影可见小范围高荧光；该病无已知治疗，视力多恢复至20/20。文中提醒，怀疑虐待儿童时应仔细检查；玻璃体或黄斑出血是否手术需权衡利弊；身体创伤可造成多种眼部后遗症，严重时可致命，婴幼儿受虐者甚至可能死亡。

文末为勘误：更正图1.9.1、“Controversial”定义（新鲜眼内异物一般不应留置，但若异物确认惰性、无眼内炎风险且未造成眼内病变，则手术可能比异物本身带来更多并发症），以及表2.17.3细菌性外伤性眼内炎的药物治疗剂量，包括玻璃体腔内注射头孢他啶2.2mg/0.1ml、万古霉素1-2mg/0.1ml、地塞米松0.4mg/0.1ml，以及灌注液、结膜下、局部、口服莫西沙星和静脉给药方案。",completed,92c6733f-4926-4371-ac55-596e12f17f84,"# Summary
《眼外伤学》（Ocular Traumatology）是Ferenc Kuhn编著的眼科专著。书中前言部分指出，该书虽沿用前作《眼外伤：原理与实践》的部分体例（如以组织而非眼前节/眼后节划分章节），但大部分内容为新增且由作者独自撰写以保证风格统一。作者强调，手术应以恢复整个眼球解剖与功能为终点，而不能只满足于伤口缝合；医生需在术前自问是否有能力完成最佳手术，并重视“为什么”而不仅是“何时、何物、如何”。前言还分析了眼外伤领域的困难：通用原则多而具体指导少、成功率低于白内障手术、需在设备有限条件下长时间手术、患者焦虑且期望不切实际、医患信任需偶然建立并须靠沟通技巧赢得；术中因角膜水肿、晶状体混浊和玻璃体出血等导致可视性差。尽管如此，作者认为成功救治“无望”眼伤带来的成就感是这一领域的独特吸引力，并指出美国医学院校中仅不到三分之一要求正规眼科训练。

书中的手术技术部分涉及人工晶状体（IOL）脱位至玻璃体腔的处理：可经睫状体平坦部或角膜缘取出，也可在晶状体囊袋完整时用镊子抓持襻、旋转180°后将襻复位入囊袋；还可通过巩膜隧道或睫状体平坦部巩膜切口将襻外置并埋藏固定，内窥镜对此类操作有重要辅助作用。注意事项包括：仔细评估晶状体损伤以选择最佳治疗、避免在晶状体摘除时误吸玻璃体、不要急于摘除晶状体。

身体创伤所致眼部并发症一节描述了黄斑部灰白肿胀、直径小于100微米的火山口样凹陷伴视网膜色素上皮改变，伤后荧光造影可见小范围高荧光；该病无已知治疗，视力多恢复至20/20。文中提醒，怀疑虐待儿童时应仔细检查；玻璃体或黄斑出血是否手术需权衡利弊；身体创伤可造成多种眼部后遗症，严重时可致命，婴幼儿受虐者甚至可能死亡。

文末为勘误：更正图1.9.1、“Controversial”定义（新鲜眼内异物一般不应留置，但若异物确认惰性、无眼内炎风险且未造成眼内病变，则手术可能比异物本身带来更多并发症），以及表2.17.3细菌性外伤性眼内炎的药物治疗剂量，包括玻璃体腔内注射头孢他啶2.2mg/0.1ml、万古霉素1-2mg/0.1ml、地塞米松0.4mg/0.1ml，以及灌注液、结膜下、局部、口服莫西沙星和静脉给药方案。",a3943c94-d4d4-418c-b51d-d64b5785d1b3
09-神经眼科,be1e44f1-985d-4445-b6a3-e60a0f43f85e,10000,5173a006-713f-4478-80db-ca3026d61493,神经眼科学 病例引导式-Roy W Beck 2004_weknora.mhtml,神经眼科学 病例引导式-Roy W Beck 2004_weknora.mhtml,"本书是一部以病例为引导的神经眼科学临床参考书，旨在整合眼科、神经科及全科医学知识，帮助临床医生识别以眼部症状为表现的神经系统疾病。全书围绕约35个常见或典型专题展开，每章以病史、症状和神经眼科检查为基础，结合鉴别诊断、临床分析、治疗方案及预后讨论，并配有视野、眼底、眼球运动和神经影像学资料，强调通过系统查体而非过度依赖实验室或影像检查完成诊断。

书中首先介绍神经眼科检查程序，重点包括最佳矫正视力、色觉、传入性瞳孔反应及视野检查。交替光试验可发现相对性传入性瞳孔障碍；Amsler方格、面对面检查、Goldmann视野计、自动视野计和正切屏则用于评价不同范围和类型的视野损害。视野缺损的单眼或双眼分布、是否以垂直或水平中线为界，以及与视力、色觉和瞳孔表现的结合，有助于将病变定位于视网膜、视神经、视交叉、视束、视放射或枕叶。

病例内容涉及视神经炎、缺血性或压迫性视神经病变、结节病、梅毒、放射性及休克诱导的视神经损害、视盘梗塞等，并展示不同疾病在视力、视野、视盘和治疗反应方面的差异。书中还通过双颞侧视野缺损、垂体功能障碍和影像学检查，说明视交叉综合征及垂体瘤的定位、辅助检查和治疗原则。

此外，后部章节讨论眼睑痉挛、Meige病、偏侧面肌痉挛和面部肌纤维颤搐等运动障碍，介绍其临床鉴别、可能机制及肉毒杆菌注射、手术和药物治疗。总体而言，本书强调病例思维和基础检查，适用于眼科、神经科、神经外科医师、住院医生及相关医学生。",completed,d0056c30-3ed1-42e5-90e3-23d60ea1e487,"# Summary
本书是一部以病例为引导的神经眼科学临床参考书，旨在整合眼科、神经科及全科医学知识，帮助临床医生识别以眼部症状为表现的神经系统疾病。全书围绕约35个常见或典型专题展开，每章以病史、症状和神经眼科检查为基础，结合鉴别诊断、临床分析、治疗方案及预后讨论，并配有视野、眼底、眼球运动和神经影像学资料，强调通过系统查体而非过度依赖实验室或影像检查完成诊断。

书中首先介绍神经眼科检查程序，重点包括最佳矫正视力、色觉、传入性瞳孔反应及视野检查。交替光试验可发现相对性传入性瞳孔障碍；Amsler方格、面对面检查、Goldmann视野计、自动视野计和正切屏则用于评价不同范围和类型的视野损害。视野缺损的单眼或双眼分布、是否以垂直或水平中线为界，以及与视力、色觉和瞳孔表现的结合，有助于将病变定位于视网膜、视神经、视交叉、视束、视放射或枕叶。

病例内容涉及视神经炎、缺血性或压迫性视神经病变、结节病、梅毒、放射性及休克诱导的视神经损害、视盘梗塞等，并展示不同疾病在视力、视野、视盘和治疗反应方面的差异。书中还通过双颞侧视野缺损、垂体功能障碍和影像学检查，说明视交叉综合征及垂体瘤的定位、辅助检查和治疗原则。

此外，后部章节讨论眼睑痉挛、Meige病、偏侧面肌痉挛和面部肌纤维颤搐等运动障碍，介绍其临床鉴别、可能机制及肉毒杆菌注射、手术和药物治疗。总体而言，本书强调病例思维和基础检查，适用于眼科、神经科、神经外科医师、住院医生及相关医学生。",128a3fa3-aa45-47cf-8401-6992d5ba6cb1
12-眼眶与眼肿瘤,e785de98-5837-4eea-89a8-6a46cacb5173,10000,0b98e0f7-c7e9-46d3-9036-a920669698af,Surgical Atlas of Orbital Diseases-Subrahmanyam 2008_weknora.mhtml,Surgical Atlas of Orbital Diseases-Subrahmanyam 2008_weknora.mhtml,"该文档为医学著作《Surgical Atlas of Orbital Diseases》（眼眶疾病手术图谱）的内容节选，作者为印度眼科医师 Subrahmanyam Mallajosyula，由 Jaypee Brothers Medical Publishers 出版，2009 年第一版，并附有一张仅供电脑播放的 DVD 光盘，书中注明了系统要求和播放软件配置。

前言由加拿大英属哥伦比亚大学的 Jack Rootman 教授撰写，介绍作者曾于1998年在其指导下进修眼眶及眼整形专业，并称赞作者在印度海得拉巴长期从事公共服务，积累了丰富的眼眶疾病诊疗经验。作者在自序中指出，“突眼是潘多拉之盒”这一传统观念已因影像学、病理学、麻醉及放化疗等领域的进步而改变，如今多数突眼病例可通过非手术或小手术处理。本书旨在以彩色图谱结合病例展示的方式，分享作者二十年临床经验，涵盖常见及部分罕见突眼病因，并邀请国际专家撰写特定章节，如 Jack Rootman 撰写间叶组织肿瘤、Peter J Dolman 撰写甲状腺相关眼病、Mark J Lucarelli 撰写眼眶解剖与骨折。

正文选段首先介绍几种眼眶骨病变。胆固醇肉芽肿表现为额骨溶骨性病变，可扩展入眶及颅内，组织学见胆固醇裂隙和异物巨细胞反应，经皮刮除可治愈。动脉瘤样骨囊肿常以无痛性突眼就诊于青少年，刮除术可治愈，组织学见无内皮衬覆的含血纤维间隙。巨细胞病变包括巨细胞瘤、巨细胞肉芽肿及甲状旁腺功能亢进的“棕色瘤”，三者组织学相似但发病年龄、巨细胞分布及治疗方式不同。骨肉瘤罕见，多见于曾接受放疗的视网膜母细胞瘤或骨纤维异常增殖症患者，进展迅速，表现为突眼、疼痛、复视及视力损害。

文档还列举了多种与眼眶疾病相关的综合征及其眼部与全身表现，包括 Apert 综合征、脑膨出、Wegener 肉芽肿病、Wyburn-Mason 综合征、朗格汉斯细胞组织细胞增生症、Hurler 综合征等，并列出非特异性眼眶炎症、硬化性眼眶炎症、骨瘤、骨纤维异常增殖症、结节性硬化症及血管母细胞瘤等疾病的相关综合征关联，如 Gardner 综合征、McCune-Albright 综合征及 Von Hippel-Lindau 病。整体内容兼具临床病理特征、影像表现、治疗要点及综合征系统概括。",completed,62382b83-3cbb-449f-b16e-1bac4637d06b,"# Summary
该文档为医学著作《Surgical Atlas of Orbital Diseases》（眼眶疾病手术图谱）的内容节选，作者为印度眼科医师 Subrahmanyam Mallajosyula，由 Jaypee Brothers Medical Publishers 出版，2009 年第一版，并附有一张仅供电脑播放的 DVD 光盘，书中注明了系统要求和播放软件配置。

前言由加拿大英属哥伦比亚大学的 Jack Rootman 教授撰写，介绍作者曾于1998年在其指导下进修眼眶及眼整形专业，并称赞作者在印度海得拉巴长期从事公共服务，积累了丰富的眼眶疾病诊疗经验。作者在自序中指出，“突眼是潘多拉之盒”这一传统观念已因影像学、病理学、麻醉及放化疗等领域的进步而改变，如今多数突眼病例可通过非手术或小手术处理。本书旨在以彩色图谱结合病例展示的方式，分享作者二十年临床经验，涵盖常见及部分罕见突眼病因，并邀请国际专家撰写特定章节，如 Jack Rootman 撰写间叶组织肿瘤、Peter J Dolman 撰写甲状腺相关眼病、Mark J Lucarelli 撰写眼眶解剖与骨折。

正文选段首先介绍几种眼眶骨病变。胆固醇肉芽肿表现为额骨溶骨性病变，可扩展入眶及颅内，组织学见胆固醇裂隙和异物巨细胞反应，经皮刮除可治愈。动脉瘤样骨囊肿常以无痛性突眼就诊于青少年，刮除术可治愈，组织学见无内皮衬覆的含血纤维间隙。巨细胞病变包括巨细胞瘤、巨细胞肉芽肿及甲状旁腺功能亢进的“棕色瘤”，三者组织学相似但发病年龄、巨细胞分布及治疗方式不同。骨肉瘤罕见，多见于曾接受放疗的视网膜母细胞瘤或骨纤维异常增殖症患者，进展迅速，表现为突眼、疼痛、复视及视力损害。

文档还列举了多种与眼眶疾病相关的综合征及其眼部与全身表现，包括 Apert 综合征、脑膨出、Wegener 肉芽肿病、Wyburn-Mason 综合征、朗格汉斯细胞组织细胞增生症、Hurler 综合征等，并列出非特异性眼眶炎症、硬化性眼眶炎症、骨瘤、骨纤维异常增殖症、结节性硬化症及血管母细胞瘤等疾病的相关综合征关联，如 Gardner 综合征、McCune-Albright 综合征及 Von Hippel-Lindau 病。整体内容兼具临床病理特征、影像表现、治疗要点及综合征系统概括。",ba8e368f-0986-4fcf-8ed8-ca7bd82d04ea
11-整形与泪道,bdde98f8-4f6b-4b3f-89a4-3cee7f5133b4,10000,ddbd0524-76b3-42d7-912a-bae8f018f8bf,Atlas of Lacrimal Surgery-Weber等 2007_weknora.mhtml,Atlas of Lacrimal Surgery-Weber等 2007_weknora.mhtml,"该文档为《Atlas of Lacrimal Surgery》（泪道手术图谱）一书的摘录内容，由R.K. Weber、R. Keerl、S.D. Schaefer和R.C. Della Rocca主编，Springer出版社于2007年出版。前言指出，泪道手术旨在解决“干眼”患者溢泪的问题，由于眼与鼻关系密切，需由眼科、耳鼻喉科及整形外科医生跨学科协作；本书第一部分涵盖手术解剖、生理与病理生理及临床和放射学评估，第二部分由全球知名专家介绍各类手术，并附有手术视频DVD。

第1章“鼻泪管的解剖与生理”由Friedrich Paulsen撰写，核心内容包括：泪膜由泪腺和眼睑结构产生，其组成受泪腺功能单元调控；眼表上皮与泪腺共同产生膜结合型及分泌型黏蛋白，对稳定泪膜、黏附上皮及抗菌具有重要作用；结膜来源的TFF肽影响泪膜流变学特性。泪液引流涉及多种机制，其中眼轮匝肌泪部的作用最为关键，而上皮分泌物、周围海绵体及结缔组织纤维排列有助于泪液从泪囊引流至鼻下鼻道。鼻泪管上皮通过产生黏蛋白和TFF肽促进泪液流动，参与抗菌防御，并能吸收泪液成分；泪囊和鼻泪管周围的海绵体可通过血管舒缩调节管腔开闭，从而调控泪液流出。

文档还涉及第7章关于泪道临床评估的内容，包括通过生理盐水冲洗测试泪道通畅性，并根据结果分类：无阻塞属功能性问题（如泪点位置异常或泪泵功能不足）；无法进入泪点或泪小管提示近端阻塞，可尝试探通扩张或“三剪术”；冲洗液从下泪点反流则提示远端阻塞，即鼻泪管梗阻。术前需行鼻内镜检查排除鼻中隔偏曲、鼻息肉、慢性鼻窦炎及肿瘤等，活动性Wegener肉芽肿为手术禁忌；CT仅在有肿瘤可疑时进行。

第13章讨论了介入放射技术在泪道梗阻中的应用，如球囊泪囊成形术可作为鼻泪管狭窄的一线非手术疗法，初始成功者长期通畅率较高。聚氨酯支架置入虽操作简单、安全、可逆且无面部瘢痕，但长期效果欠佳，成功率随时间下降，故应谨慎作为首选；新型亲水性涂层TearLeader支架初步显示更优趋势，仍需更长随访验证。",completed,76571223-8539-43d8-b3e0-fcf28b34db24,"# Summary
该文档为《Atlas of Lacrimal Surgery》（泪道手术图谱）一书的摘录内容，由R.K. Weber、R. Keerl、S.D. Schaefer和R.C. Della Rocca主编，Springer出版社于2007年出版。前言指出，泪道手术旨在解决“干眼”患者溢泪的问题，由于眼与鼻关系密切，需由眼科、耳鼻喉科及整形外科医生跨学科协作；本书第一部分涵盖手术解剖、生理与病理生理及临床和放射学评估，第二部分由全球知名专家介绍各类手术，并附有手术视频DVD。

第1章“鼻泪管的解剖与生理”由Friedrich Paulsen撰写，核心内容包括：泪膜由泪腺和眼睑结构产生，其组成受泪腺功能单元调控；眼表上皮与泪腺共同产生膜结合型及分泌型黏蛋白，对稳定泪膜、黏附上皮及抗菌具有重要作用；结膜来源的TFF肽影响泪膜流变学特性。泪液引流涉及多种机制，其中眼轮匝肌泪部的作用最为关键，而上皮分泌物、周围海绵体及结缔组织纤维排列有助于泪液从泪囊引流至鼻下鼻道。鼻泪管上皮通过产生黏蛋白和TFF肽促进泪液流动，参与抗菌防御，并能吸收泪液成分；泪囊和鼻泪管周围的海绵体可通过血管舒缩调节管腔开闭，从而调控泪液流出。

文档还涉及第7章关于泪道临床评估的内容，包括通过生理盐水冲洗测试泪道通畅性，并根据结果分类：无阻塞属功能性问题（如泪点位置异常或泪泵功能不足）；无法进入泪点或泪小管提示近端阻塞，可尝试探通扩张或“三剪术”；冲洗液从下泪点反流则提示远端阻塞，即鼻泪管梗阻。术前需行鼻内镜检查排除鼻中隔偏曲、鼻息肉、慢性鼻窦炎及肿瘤等，活动性Wegener肉芽肿为手术禁忌；CT仅在有肿瘤可疑时进行。

第13章讨论了介入放射技术在泪道梗阻中的应用，如球囊泪囊成形术可作为鼻泪管狭窄的一线非手术疗法，初始成功者长期通畅率较高。聚氨酯支架置入虽操作简单、安全、可逆且无面部瘢痕，但长期效果欠佳，成功率随时间下降，故应谨慎作为首选；新型亲水性涂层TearLeader支架初步显示更优趋势，仍需更长随访验证。",70977f6d-8e0e-48fb-b2f3-d98abd02ee1f
01-眼科综合：基础与全身病,09c593aa-1a64-48de-af81-fc4d30d551b4,10000,d57f9a96-7e5b-4ee6-90c7-865a269ffb54,Handbook of Nutrition and Ophthalmology-Richard D. Semba 2007_weknora.mhtml,Handbook of Nutrition and Ophthalmology-Richard D. Semba 2007_weknora.mhtml,"《Handbook of Nutrition and Ophthalmology》（《营养与眼科学手册》）由约翰斯·霍普金斯大学威尔默眼科研究所的Richard D. Semba教授独著，是“Nutrition and Health”系列中第三部以“Handbook”命名的综合卷。丛书引言指出，该书的使命在于为健康专业人员提供关于营养与眼健康的权威参考，具备详尽参考文献、表格、索引，并强调基于全部证据而非单项研究的结论。

前言部分回顾了学科发展脉络：早在1851年检眼镜发明之前，干眼病等营养缺乏已被视为视力丧失的重要病因；但直到20世纪70年代起，营养与慢性眼病（如白内障、年龄相关性黄斑变性）的关系才通过大规模人群研究（如Beaver Dam、Blue Mountains研究）和随机对照试验（如AREDS）得到系统验证。这得益于眼底和晶状体照片分级标准化方案以及营养流行病学工具的完善。

文档随后涉及糖尿病视网膜病变的流行病学内容。随着肥胖流行，糖尿病患病率不断上升，全球糖尿病患者估计有1.5亿至2亿，预计到2025年增至3亿，增幅最大的地区为亚洲、非洲和拉丁美洲。代谢综合征被定义为2型糖尿病、糖耐量受损或胰岛素抵抗中的至少一项，加上高血压、肥胖、高甘油三酯/低HDL或微量白蛋白尿等多项指标；美国成人中代谢综合征患病率约为23.7%，60至69岁人群达43.5%。患有代谢综合征的糖尿病患者发生糖尿病视网膜病变的风险更高。1997年美国糖尿病直接医疗支出达441亿美元，且肥胖会进一步增加2型糖尿病患者视网膜病变风险。

在先天性代谢缺陷方面，文档描述了枫糖尿症：其眼部表现包括视神经萎缩、眼肌麻痹、斜视、眼球震颤和皮质性盲，治疗以限制亮氨酸、异亮氨酸和缬氨酸摄入为主，并试用硫胺素。钼辅因子缺乏和孤立性亚硫酸盐氧化酶缺乏则与严重神经异常、球形晶状体和晶状体异位相关，前者无法通过饮食逆转，后者限制含硫氨基酸摄入有一定效果。家族性高赖氨酸血症可致晶状体半脱位，限制蛋白质摄入虽可降低血浆赖氨酸，但长期发育可能不受影响。

结论部分指出，部分先天性代谢缺陷可通过营养干预降低视力丧失风险或延缓疾病进展，而另一些则效果有限；未来研究重点包括Refsum病的发病机制、植烷酸限制饮食的长期眼病效果、半乳糖完全去除饮食的疗效，以及Menkes综合征的有效治疗。",completed,edcc7e1b-3b57-4e90-be5d-547e32e6fac2,"# Summary
《Handbook of Nutrition and Ophthalmology》（《营养与眼科学手册》）由约翰斯·霍普金斯大学威尔默眼科研究所的Richard D. Semba教授独著，是“Nutrition and Health”系列中第三部以“Handbook”命名的综合卷。丛书引言指出，该书的使命在于为健康专业人员提供关于营养与眼健康的权威参考，具备详尽参考文献、表格、索引，并强调基于全部证据而非单项研究的结论。

前言部分回顾了学科发展脉络：早在1851年检眼镜发明之前，干眼病等营养缺乏已被视为视力丧失的重要病因；但直到20世纪70年代起，营养与慢性眼病（如白内障、年龄相关性黄斑变性）的关系才通过大规模人群研究（如Beaver Dam、Blue Mountains研究）和随机对照试验（如AREDS）得到系统验证。这得益于眼底和晶状体照片分级标准化方案以及营养流行病学工具的完善。

文档随后涉及糖尿病视网膜病变的流行病学内容。随着肥胖流行，糖尿病患病率不断上升，全球糖尿病患者估计有1.5亿至2亿，预计到2025年增至3亿，增幅最大的地区为亚洲、非洲和拉丁美洲。代谢综合征被定义为2型糖尿病、糖耐量受损或胰岛素抵抗中的至少一项，加上高血压、肥胖、高甘油三酯/低HDL或微量白蛋白尿等多项指标；美国成人中代谢综合征患病率约为23.7%，60至69岁人群达43.5%。患有代谢综合征的糖尿病患者发生糖尿病视网膜病变的风险更高。1997年美国糖尿病直接医疗支出达441亿美元，且肥胖会进一步增加2型糖尿病患者视网膜病变风险。

在先天性代谢缺陷方面，文档描述了枫糖尿症：其眼部表现包括视神经萎缩、眼肌麻痹、斜视、眼球震颤和皮质性盲，治疗以限制亮氨酸、异亮氨酸和缬氨酸摄入为主，并试用硫胺素。钼辅因子缺乏和孤立性亚硫酸盐氧化酶缺乏则与严重神经异常、球形晶状体和晶状体异位相关，前者无法通过饮食逆转，后者限制含硫氨基酸摄入有一定效果。家族性高赖氨酸血症可致晶状体半脱位，限制蛋白质摄入虽可降低血浆赖氨酸，但长期发育可能不受影响。

结论部分指出，部分先天性代谢缺陷可通过营养干预降低视力丧失风险或延缓疾病进展，而另一些则效果有限；未来研究重点包括Refsum病的发病机制、植烷酸限制饮食的长期眼病效果、半乳糖完全去除饮食的疗效，以及Menkes综合征的有效治疗。",1c6d80af-21ea-40bd-a0fb-30b7b6498f66
01-眼科综合：基础与全身病,09c593aa-1a64-48de-af81-fc4d30d551b4,10000,a306b87a-27a2-40e2-af1a-0105b70d8eb3,眼科治疗手册 临床指南-Bruce E Onofrey 2013_weknora.mhtml,眼科治疗手册 临床指南-Bruce E Onofrey 2013_weknora.mhtml,"《眼科治疗手册——临床指南》是美国眼科学领域有影响力的临床参考专著（第3版），由Bruce E. Onofrey、Leonid Skorin Jr.和Nicky R. Holdeman原著，赵培泉、金海鹰主译，北京大学医学出版社出版。全书以简明、快速易得的形式为临床医生提供眼科问题的诊治信息，结构分为快速查阅、眼科治疗和附录三部分。快速查阅部分涵盖眼科微生物分类、实验室检查方法等内容；治疗部分论述疾病的病理生理学、病因学、流行病学特点和推荐治疗方案；附录提供眼科缩写与转换表。书中收录150多个病例解析，采用“问题导向”式设计，围绕每个病例系统论述病理生理学、病因学、临床症状和体征、流行病学、家族史、临床检查、推荐疗法和时间表，便于医生在临床中高效检索关键信息。

从内容选段来看，书中详细介绍了眼科微生物相关的实用信息，包括微生物学和细胞学实验所需材料、眼科重要细菌的分类（革兰阳性菌与革兰阴性菌）、耐甲氧西林金黄色葡萄球菌（MRSA）的社区相关性与诊所相关性区别、常见眼睑细菌特点、结膜炎患者与正常人的菌群比较、革兰染色及多种眼部标本染色方法（PAS、抗酸染色、瑞特-吉姆萨染色、Diff-Quick等）以及常用眼科培养基的使用。此外，书中还包含化学性眼外伤的分级（Hugh分级）与治疗时间表，涵盖急诊冲洗（持续冲洗至泪液pH中性）、碱烧伤与酸烧伤的后续治疗、睫状肌麻痹剂与抗生素的使用、激素应用的时机与限制、降眼压药物选择，以及远期处理如角膜移植术等，并附有角膜曲率屈光度与曲率半径换算表等附录资料。

本书的翻译出版获得国家自然科学基金、上海市级医院新兴前沿技术联合攻关项目、教育部留学回国人员科研启动基金、广东省医学科研基金等多项资助，可供眼科学、视光学临床医生、住院医师、培训医生、研究生与实习医生作为临床工作参考用书。",completed,abf2cdd1-9ec1-4807-be3b-35540a497c88,"# Summary
《眼科治疗手册——临床指南》是美国眼科学领域有影响力的临床参考专著（第3版），由Bruce E. Onofrey、Leonid Skorin Jr.和Nicky R. Holdeman原著，赵培泉、金海鹰主译，北京大学医学出版社出版。全书以简明、快速易得的形式为临床医生提供眼科问题的诊治信息，结构分为快速查阅、眼科治疗和附录三部分。快速查阅部分涵盖眼科微生物分类、实验室检查方法等内容；治疗部分论述疾病的病理生理学、病因学、流行病学特点和推荐治疗方案；附录提供眼科缩写与转换表。书中收录150多个病例解析，采用“问题导向”式设计，围绕每个病例系统论述病理生理学、病因学、临床症状和体征、流行病学、家族史、临床检查、推荐疗法和时间表，便于医生在临床中高效检索关键信息。

从内容选段来看，书中详细介绍了眼科微生物相关的实用信息，包括微生物学和细胞学实验所需材料、眼科重要细菌的分类（革兰阳性菌与革兰阴性菌）、耐甲氧西林金黄色葡萄球菌（MRSA）的社区相关性与诊所相关性区别、常见眼睑细菌特点、结膜炎患者与正常人的菌群比较、革兰染色及多种眼部标本染色方法（PAS、抗酸染色、瑞特-吉姆萨染色、Diff-Quick等）以及常用眼科培养基的使用。此外，书中还包含化学性眼外伤的分级（Hugh分级）与治疗时间表，涵盖急诊冲洗（持续冲洗至泪液pH中性）、碱烧伤与酸烧伤的后续治疗、睫状肌麻痹剂与抗生素的使用、激素应用的时机与限制、降眼压药物选择，以及远期处理如角膜移植术等，并附有角膜曲率屈光度与曲率半径换算表等附录资料。

本书的翻译出版获得国家自然科学基金、上海市级医院新兴前沿技术联合攻关项目、教育部留学回国人员科研启动基金、广东省医学科研基金等多项资助，可供眼科学、视光学临床医生、住院医师、培训医生、研究生与实习医生作为临床工作参考用书。",9dddc394-e9d2-4ae6-9139-85c02bcd19e9
02-角膜与眼表,f041b2b7-3147-4deb-a2f2-0de5cc53d296,10000,d72d048f-c19f-4404-a681-806242e40799,角膜 下-Mark J Mannis 2018_weknora.mhtml,角膜 下-Mark J Mannis 2018_weknora.mhtml,"第4版

## 角膜 CORNEA Surgery of the Cornea and Conjunctiva

下卷

主编 MARK J. MANNIS

EDWARD J. HOLLAND

主译 史伟云

## 角膜

Cornea

Surgery of the Cornea and Conjunctiva

第4版

下卷

主 编 Mark J Mannis, MD, FACS

Edward J Holland, MD

主译史伟云

副主译 高华

## 图书在版编目（CIP）数据

角膜：全2册/（美）马克·曼尼斯

（Mark J. Mannis）主编；史伟云主译．—北京：人民卫生出版社，2018

ISBN 978-7-117-27331-2

Ⅰ. ①角… Ⅱ. ①马…②史… Ⅲ. ①角膜疾病－诊疗 Ⅳ. ①R772.2

中国版本图书馆 CIP 数据核字（2018）第 196449 号

# 第108章

## 现代角膜移植进展

Lisa M. Nijm, Mark J. Mannis, Mausam R. Damani, Edward J. Hollan",completed,f3befa99-b26a-4c1d-90d2-2f59cf3ad4df,"# Summary
第4版

## 角膜 CORNEA Surgery of the Cornea and Conjunctiva

下卷

主编 MARK J. MANNIS

EDWARD J. HOLLAND

主译 史伟云

## 角膜

Cornea

Surgery of the Cornea and Conjunctiva

第4版

下卷

主 编 Mark J Mannis, MD, FACS

Edward J Holland, MD

主译史伟云

副主译 高华

## 图书在版编目（CIP）数据

角膜：全2册/（美）马克·曼尼斯

（Mark J. Mannis）主编；史伟云主译．—北京：人民卫生出版社，2018

ISBN 978-7-117-27331-2

Ⅰ. ①角… Ⅱ. ①马…②史… Ⅲ. ①角膜疾病－诊疗 Ⅳ. ①R772.2

中国版本图书馆 CIP 数据核字（2018）第 196449 号

# 第108章

## 现代角膜移植进展

Lisa M. Nijm, Mark J. Mannis, Mausam R. Damani, Edward J. Hollan",0fd545b3-f23b-482f-84b4-1911faaf89cf
02-角膜与眼表,f041b2b7-3147-4deb-a2f2-0de5cc53d296,10000,d06d5c9b-09a8-47a1-b7c5-c7c8826dcf7d,角膜 上-Mark J Mannis 2018_weknora.mhtml,角膜 上-Mark J Mannis 2018_weknora.mhtml,"## 角膜

## CORNEA

Fundamentals, Diagnosis and Management

上卷

主编 MARK J. MANNIS

EDWARD J. HOLLAND

主译 史伟云

## 角膜

Cornea

Fundamentals, Diagnosis and Management

第4版

上卷

主 编 Mark J Mannis, MD, FACS Edward J Holland, MD

主译 史伟云

副主译高

## 图书在版编目（CIP）数据

角膜：全2册/（美）马克·曼尼斯

（Mark J. Mannis）主编；史伟云主译. — 北京：人民卫生出版社，2018

ISBN 978-7-117-27331-2

Ⅰ. ①角… Ⅱ. ①马…②史… Ⅲ. ①角膜疾病－诊疗 Ⅳ. ①R772.2

中国版本图书馆 CIP 数据核字（2018）第 196449 号

人卫智网 www.ipmph.com

人卫官网 www.pmph.com

医学教育、学术、考试、健康，购书智慧智能综合服务平台

人卫官方资讯发布平台

版权所有，",completed,62d20957-7ea5-47e6-a9e0-86d38da3e8f9,"# Summary
## 角膜

## CORNEA

Fundamentals, Diagnosis and Management

上卷

主编 MARK J. MANNIS

EDWARD J. HOLLAND

主译 史伟云

## 角膜

Cornea

Fundamentals, Diagnosis and Management

第4版

上卷

主 编 Mark J Mannis, MD, FACS Edward J Holland, MD

主译 史伟云

副主译高

## 图书在版编目（CIP）数据

角膜：全2册/（美）马克·曼尼斯

（Mark J. Mannis）主编；史伟云主译. — 北京：人民卫生出版社，2018

ISBN 978-7-117-27331-2

Ⅰ. ①角… Ⅱ. ①马…②史… Ⅲ. ①角膜疾病－诊疗 Ⅳ. ①R772.2

中国版本图书馆 CIP 数据核字（2018）第 196449 号

人卫智网 www.ipmph.com

人卫官网 www.pmph.com

医学教育、学术、考试、健康，购书智慧智能综合服务平台

人卫官方资讯发布平台

版权所有，",54675e18-d8d2-4124-8089-e9ed5171f76b
01-眼科综合：基础与全身病,09c593aa-1a64-48de-af81-fc4d30d551b4,10000,64091830-6d0a-4a0b-90b6-0d5d09dd8699,Moorfields Manual of Ophthalmology-Timothy L. Jackson 2007_weknora.mhtml,Moorfields Manual of Ophthalmology-Timothy L. Jackson 2007_weknora.mhtml,该文档摘自《Moorfields 眼科学手册》（Moorfields Manual of Ophthalm,completed,0d202fa9-6bca-4714-b375-4b60e5ca1289,"# Summary
该文档摘自《Moorfields 眼科学手册》（Moorfields Manual of Ophthalm",05b12215-67df-417d-8295-0b04be223fed
17-检查：眼科超声与 UBM,8ba4bb92-4b55-4e98-94d7-e8322b102084,10000,6ee75593-8bc6-4761-b7bd-e3f69e4c77d4,Ophthalmic Ultrasound A Diagnostic Atlas-Cathy W. DiBernardo、Ellen F. Greenberg 2007_weknora.mhtml,Ophthalmic Ultrasound A Diagnostic Atlas-Cathy W. DiBernardo、Ellen F. Greenberg 2007_weknora.mhtml,"该文档为《眼科超声：诊断图谱》（Ophthalmic Ultrasound: A Diagnostic Atlas）第二版的内容摘录，作者为Cathy W. DiBernardo与Ellen F. Greenberg，包含前言、序言、技术章节及多个临床病例图像说明。

在前言中，Neil R. Miller教授高度评价眼科超声在眼病诊疗中的价值，指出其在白内障术前人工晶状体度数测算、屈光介质混浊时组织状态评估及眼眶疾病检查等方面不可或缺，并认为是甲状腺相关眼病最敏感的检测手段，还能判断视神经增大的性质。同时强调该技术高度依赖操作者经验。

作者在序言中回顾了技术进展：三十年前探头频率仅限于8-12 MHz，如今已有针对前节20、50、100 MHz及后节20 MHz的不同探头，三维成像亦已应用于临床。第二版更新了大量图像，扩展了前节超声生物显微镜（UBM）图像，并将眼眶评估分为视神经、眼外肌和眼眶病变三章。

技术章节介绍了标准化的超声检查法，该术语由Karl Ossoinig博士首创，指结合接触式B扫描（亮度调制）与标准化A扫描（振幅调制）进行眼病评估。A扫描提供一维振幅信息，可判断组织反射性、结构、声衰减及精确测量；B扫描提供二维图像，适用于确定正常及异常结构的形态特征。文中以彩色眼底照相类比B扫描、荧光血管造影类比A扫描来阐明两者互补关系。检查要点包括患者体位、双眼表面麻醉、注视引导装置、探头直接置于眼球并使用甲基纤维素耦合剂等。B扫描探头标记方向与声束方向对应，标记指向鼻侧用于水平横向扫描评估上、下方眼底，指向12点钟方向用于垂直横向扫描评估鼻、颞侧眼底。

图像说明部分涵盖多种临床病例：视网膜劈裂症（包括X连锁遗传型）的B超与A超特征；视网膜脱离合并视网膜下出血的超声表现；马凡综合征的晶状体脱位、白内障及全视网膜脱离；巩膜内折；以及眼轴测量的三种方法（接触法、 immersion 浸没法和干涉测量法），其中浸没法因探头不接触角膜可避免角膜受压缩短眼球，干涉测量强调需双眼多次测量并获得可重复的高尖波峰信号。",completed,d85b6925-3b52-468d-b81d-efebe5e558f1,"# Summary
该文档为《眼科超声：诊断图谱》（Ophthalmic Ultrasound: A Diagnostic Atlas）第二版的内容摘录，作者为Cathy W. DiBernardo与Ellen F. Greenberg，包含前言、序言、技术章节及多个临床病例图像说明。

在前言中，Neil R. Miller教授高度评价眼科超声在眼病诊疗中的价值，指出其在白内障术前人工晶状体度数测算、屈光介质混浊时组织状态评估及眼眶疾病检查等方面不可或缺，并认为是甲状腺相关眼病最敏感的检测手段，还能判断视神经增大的性质。同时强调该技术高度依赖操作者经验。

作者在序言中回顾了技术进展：三十年前探头频率仅限于8-12 MHz，如今已有针对前节20、50、100 MHz及后节20 MHz的不同探头，三维成像亦已应用于临床。第二版更新了大量图像，扩展了前节超声生物显微镜（UBM）图像，并将眼眶评估分为视神经、眼外肌和眼眶病变三章。

技术章节介绍了标准化的超声检查法，该术语由Karl Ossoinig博士首创，指结合接触式B扫描（亮度调制）与标准化A扫描（振幅调制）进行眼病评估。A扫描提供一维振幅信息，可判断组织反射性、结构、声衰减及精确测量；B扫描提供二维图像，适用于确定正常及异常结构的形态特征。文中以彩色眼底照相类比B扫描、荧光血管造影类比A扫描来阐明两者互补关系。检查要点包括患者体位、双眼表面麻醉、注视引导装置、探头直接置于眼球并使用甲基纤维素耦合剂等。B扫描探头标记方向与声束方向对应，标记指向鼻侧用于水平横向扫描评估上、下方眼底，指向12点钟方向用于垂直横向扫描评估鼻、颞侧眼底。

图像说明部分涵盖多种临床病例：视网膜劈裂症（包括X连锁遗传型）的B超与A超特征；视网膜脱离合并视网膜下出血的超声表现；马凡综合征的晶状体脱位、白内障及全视网膜脱离；巩膜内折；以及眼轴测量的三种方法（接触法、 immersion 浸没法和干涉测量法），其中浸没法因探头不接触角膜可避免角膜受压缩短眼球，干涉测量强调需双眼多次测量并获得可重复的高尖波峰信号。",fef958af-47e0-457a-90ed-3c96a164b253
16-检查：CT 与 MRI,c9231d63-fc70-4995-be25-876189e90f6d,10000,47cbdcfb-8c88-434d-a47a-9450eb04476b,眼科CT与MRI学习精要-唐伟强 2015_weknora.mhtml,眼科CT与MRI学习精要-唐伟强 2015_weknora.mhtml,"# 眼科CT与MRI 学习精要

YANKE CT YU MRI

XUEXI JINGYAO

主编 / 唐维强

# 眼科CT与MRI 学习精要

YANKE CT YU MRI

XUEXI JINGYAO

二策划编辑 梁紫岩

编辑邮箱 PMMP999@aliyun.com

二封面设计 吴朝洪

二销售分类 眼科学

9787509184776>

定价：29.00元

YANKE CT YU MRI XUEXI JING YAO

# 眼科CT与MRI学习精要 ——眼科入门系列

主 编 唐维强

北京

## 图书在版编目(CIP)数据

眼科CT与MRI学习精要：眼科入门系列/唐维强主编.

—北京：人民军医出版社，2015.7

ISBN 978-7-5091-8477-6

Ⅰ. ①眼… Ⅱ. ①唐… Ⅲ. ①眼病—常见病—计算机 X 线扫描体层摄影—基本知识
②眼病—常见病—核磁共振成像—基本知识 Ⅳ. ①R816.97 ②R770.4

中国版本图书馆 CIP 数据核字（2015）第 128499 号

策划编辑：梁紫岩

文字编辑：吴昌远 杨芳

责任审读：",completed,8fb221a4-fec9-44ce-ac75-1b4713066e33,"# Summary
# 眼科CT与MRI 学习精要

YANKE CT YU MRI

XUEXI JINGYAO

主编 / 唐维强

# 眼科CT与MRI 学习精要

YANKE CT YU MRI

XUEXI JINGYAO

二策划编辑 梁紫岩

编辑邮箱 PMMP999@aliyun.com

二封面设计 吴朝洪

二销售分类 眼科学

9787509184776>

定价：29.00元

YANKE CT YU MRI XUEXI JING YAO

# 眼科CT与MRI学习精要 ——眼科入门系列

主 编 唐维强

北京

## 图书在版编目(CIP)数据

眼科CT与MRI学习精要：眼科入门系列/唐维强主编.

—北京：人民军医出版社，2015.7

ISBN 978-7-5091-8477-6

Ⅰ. ①眼… Ⅱ. ①唐… Ⅲ. ①眼病—常见病—计算机 X 线扫描体层摄影—基本知识
②眼病—常见病—核磁共振成像—基本知识 Ⅳ. ①R816.97 ②R770.4

中国版本图书馆 CIP 数据核字（2015）第 128499 号

策划编辑：梁紫岩

文字编辑：吴昌远 杨芳

责任审读：",898d3c7d-d4b3-4b47-b292-1f6214c533d4
06-眼底病与视网膜内科,f900fe21-9deb-47e0-bf36-ce06022cae92,10000,dd67aa04-92cb-4506-90e9-521174f3b610,Springer-Retinal Vascular Disease-Antonia M Joussen 2007_weknora.mhtml,Springer-Retinal Vascular Disease-Antonia M Joussen 2007_weknora.mhtml,"该文献为《视网膜血管疾病》一书的前言、编者序及部分章节内容，主题涵盖视网膜血管疾病的基础机制、诊断治疗及具体病种。全书强调抗血管生成疗法从肿瘤研究向眼科临床的转化：血管生成抑制剂已获FDA批准用于年龄相关性黄斑变性，并正在糖尿病视网膜病变中开展临床试验。前言还提出未来研究方向，如开发血液或尿液生物标志物、口服抗血管生成药物维持疗效等。

在视网膜血管功能解剖与基本病理部分，内容指出视网膜血管呈三维网络结构，其异常是视网膜功能障碍以及糖尿病、高血压、镰状细胞病等全身循环疾病的重要提示；视网膜及其血管对应激和疾病存在特定反应，涉及血流动力学改变、氧饱和度变化、闭塞缺血、修复与重塑，以及对创伤、辐射、药物毒性和炎症的反应。

关于糖尿病黄斑水肿的治疗，内容重点阐述以血管内皮生长因子为靶点的策略。VEGF是血管生成和血管通透性的强效诱导剂，与血-视网膜屏障破坏密切相关；pegaptanib作为特异性针对VEGF165的适体，在动物实验中可逆转血-视网膜屏障破坏。一项纳入172例糖尿病黄斑水肿患者的2期试验显示，与假注射相比，pegaptanib在视力、视网膜厚度及减少光凝需求等主要结局上均带来临床获益，但需3期试验进一步证实。

在视网膜血管增生性肿瘤部分，内容介绍了多种治疗方式：对于小而周边、渗出不多的病变可观察；冷冻疗法适用于多数前部病变；冷冻无效或较大肿瘤可选择敷贴放疗；光动力疗法对后部病变可能减少视力损失；玻璃体视网膜手术用于处理玻璃体积血和视网膜前膜。玻璃体腔注射曲安奈德或贝伐珠单抗等抗血管生成药物也可能有用。该病预后个体差异大，部分患者进展缓慢，部分可出现严重渗出、视网膜纤维化、牵拉性视网膜脱离或新生血管性青光眼。",completed,6453c26d-cb07-4eea-8c48-e0c6f27dd7d0,"# Summary
该文献为《视网膜血管疾病》一书的前言、编者序及部分章节内容，主题涵盖视网膜血管疾病的基础机制、诊断治疗及具体病种。全书强调抗血管生成疗法从肿瘤研究向眼科临床的转化：血管生成抑制剂已获FDA批准用于年龄相关性黄斑变性，并正在糖尿病视网膜病变中开展临床试验。前言还提出未来研究方向，如开发血液或尿液生物标志物、口服抗血管生成药物维持疗效等。

在视网膜血管功能解剖与基本病理部分，内容指出视网膜血管呈三维网络结构，其异常是视网膜功能障碍以及糖尿病、高血压、镰状细胞病等全身循环疾病的重要提示；视网膜及其血管对应激和疾病存在特定反应，涉及血流动力学改变、氧饱和度变化、闭塞缺血、修复与重塑，以及对创伤、辐射、药物毒性和炎症的反应。

关于糖尿病黄斑水肿的治疗，内容重点阐述以血管内皮生长因子为靶点的策略。VEGF是血管生成和血管通透性的强效诱导剂，与血-视网膜屏障破坏密切相关；pegaptanib作为特异性针对VEGF165的适体，在动物实验中可逆转血-视网膜屏障破坏。一项纳入172例糖尿病黄斑水肿患者的2期试验显示，与假注射相比，pegaptanib在视力、视网膜厚度及减少光凝需求等主要结局上均带来临床获益，但需3期试验进一步证实。

在视网膜血管增生性肿瘤部分，内容介绍了多种治疗方式：对于小而周边、渗出不多的病变可观察；冷冻疗法适用于多数前部病变；冷冻无效或较大肿瘤可选择敷贴放疗；光动力疗法对后部病变可能减少视力损失；玻璃体视网膜手术用于处理玻璃体积血和视网膜前膜。玻璃体腔注射曲安奈德或贝伐珠单抗等抗血管生成药物也可能有用。该病预后个体差异大，部分患者进展缓慢，部分可出现严重渗出、视网膜纤维化、牵拉性视网膜脱离或新生血管性青光眼。",758f6adc-c833-4d4f-bf0d-db370813c757
11-整形与泪道,bdde98f8-4f6b-4b3f-89a4-3cee7f5133b4,10000,b551bea9-e801-47f5-9d36-8548d408f5aa,眼整形手术彩色图谱-David T Tse 2015_weknora.mhtml,眼整形手术彩色图谱-David T Tse 2015_weknora.mhtml,"Color Atlas of Oculoplastic Surgery

# 眼整形手术 彩色图谱

原著 David T. Tse

主译秦伟 阴正勤

第2版

# 眼整形手术彩色图谱

## 第2版

原著 David T. Tse

主 译 秦 伟 阴正勤

## 图书在版编目（CIP）数据

眼整形手术彩色图谱 / （美）彻（Tse，D.T.）原著；秦伟，阴正勤译.

–2 版. – 北京：人民军医出版社，2015.1

ISBN 978-7-5091-8147-8

Ⅰ．①眼… Ⅱ．①彻… ②秦… ③阴… Ⅲ．①眼外科手术－整形外科学－图谱
Ⅳ．①R779.6-64

中国版本图书馆 CIP 数据核字（2014）第 309706 号

本书提供了药物的适应证、副作用和剂量疗程，可能根据实际情况进行调整。读者须阅读药品包括盒内的使用说明书，并遵照医嘱使用。本书的作者、编辑、出版者或发行者对因使用本书信息所造成的错误、疏忽或任何后果不承担责任，对出版物的内容不做明示的或隐含的保证。作者、编辑、出版者或发行者对由本书引起的任何人身伤害或财产损害不承担任何责任。

## 内容提要
",completed,4d842801-c4e2-4f9f-bb18-6d522f75521d,"# Summary
Color Atlas of Oculoplastic Surgery

# 眼整形手术 彩色图谱

原著 David T. Tse

主译秦伟 阴正勤

第2版

# 眼整形手术彩色图谱

## 第2版

原著 David T. Tse

主 译 秦 伟 阴正勤

## 图书在版编目（CIP）数据

眼整形手术彩色图谱 / （美）彻（Tse，D.T.）原著；秦伟，阴正勤译.

–2 版. – 北京：人民军医出版社，2015.1

ISBN 978-7-5091-8147-8

Ⅰ．①眼… Ⅱ．①彻… ②秦… ③阴… Ⅲ．①眼外科手术－整形外科学－图谱
Ⅳ．①R779.6-64

中国版本图书馆 CIP 数据核字（2014）第 309706 号

本书提供了药物的适应证、副作用和剂量疗程，可能根据实际情况进行调整。读者须阅读药品包括盒内的使用说明书，并遵照医嘱使用。本书的作者、编辑、出版者或发行者对因使用本书信息所造成的错误、疏忽或任何后果不承担责任，对出版物的内容不做明示的或隐含的保证。作者、编辑、出版者或发行者对由本书引起的任何人身伤害或财产损害不承担任何责任。

## 内容提要
",893c1d71-4347-44be-926a-499efec74dd8
12-眼眶与眼肿瘤,e785de98-5837-4eea-89a8-6a46cacb5173,10000,99c24e2a-a536-4b73-a73a-e8fc8b89576e,Imaging of Orbital and Visual Pathway Pathology-W.S. Müller-Forell 2006_weknora.mhtml,Imaging of Orbital and Visual Pathway Pathology-W.S. Müller-Forell 2006_weknora.mhtml,"本文内容来自医学影像学专著《眼眶及视觉通路病变影像学》（Imaging of Orbital and Visual Pathway Pathology），由神经放射学家W.S. Müller-Forell主编，并与E. Boltshauser、S. Kollias、W. Lieb、E. Martin、S. Pitz、U. Schwarz、W. Wichmann等多位国际专家合作完成，属于Medical Radiology系列。

该书前言阐述了视觉系统的复杂性：视觉信号经视神经、视交叉、视束传至外侧膝状体，再经视放射到达枕叶初级视觉皮层，并与眼球及头身运动协调机制密切相关。视觉系统从眼球前部延伸至枕叶尖端，病变可以是局限于视通路的内在病变，也可来自邻近结构的外在病变，因此受累部位繁多。前言强调，由于医学知识快速增长，单一作者已难以全面覆盖一个专题，现代影像学也不应只关注形态学，还应纳入近年取得巨大进展的功能性磁共振成像（fMRI），故本书采用多学科合作模式。

眼科专家撰写的序言介绍，本书总论部分以最新水平详细描述了眼科影像技术，并展示了从眼眶到视觉皮层的视觉通路解剖，图像质量极高；功能磁共振成像章节有助于读者理解并充分利用这一新技术。各论部分全面系统地展示了眼眶及颅内视通路病变，以真实病例为基础，常配有患者照片、病史、相应影像检查以及治疗和组织学结果，既系统又可按病例作为测验阅读。其中儿童视通路病变章节被认为独具特色，对处理儿童神经眼科问题者极为有用。

书中示例病例展示了海绵状血管瘤的影像与病理特征：MRI显示边界清楚、有包膜的肌锥内肿瘤，压迫眼球后外侧，增强后仅中央区强化，推移下直肌和外直肌并扩大肌锥；组织学表现为单层内皮细胞衬覆的多个血管腔隙，腔内可见散在红细胞。另一病例为眼球突出持续15年以上伴进行性视力下降的患者，CT测量眼球突出达33 mm，肿瘤位于视神经外侧致其向内侧移位，并在视神经管入口处形成压迫。此外，文中列出的大量缩略语涉及MRI序列、神经眼科、肿瘤及遗传代谢病等领域，反映出本书内容覆盖面广泛。",completed,f8f938e7-d45d-4bf7-8235-a1aafa4322c5,"# Summary
本文内容来自医学影像学专著《眼眶及视觉通路病变影像学》（Imaging of Orbital and Visual Pathway Pathology），由神经放射学家W.S. Müller-Forell主编，并与E. Boltshauser、S. Kollias、W. Lieb、E. Martin、S. Pitz、U. Schwarz、W. Wichmann等多位国际专家合作完成，属于Medical Radiology系列。

该书前言阐述了视觉系统的复杂性：视觉信号经视神经、视交叉、视束传至外侧膝状体，再经视放射到达枕叶初级视觉皮层，并与眼球及头身运动协调机制密切相关。视觉系统从眼球前部延伸至枕叶尖端，病变可以是局限于视通路的内在病变，也可来自邻近结构的外在病变，因此受累部位繁多。前言强调，由于医学知识快速增长，单一作者已难以全面覆盖一个专题，现代影像学也不应只关注形态学，还应纳入近年取得巨大进展的功能性磁共振成像（fMRI），故本书采用多学科合作模式。

眼科专家撰写的序言介绍，本书总论部分以最新水平详细描述了眼科影像技术，并展示了从眼眶到视觉皮层的视觉通路解剖，图像质量极高；功能磁共振成像章节有助于读者理解并充分利用这一新技术。各论部分全面系统地展示了眼眶及颅内视通路病变，以真实病例为基础，常配有患者照片、病史、相应影像检查以及治疗和组织学结果，既系统又可按病例作为测验阅读。其中儿童视通路病变章节被认为独具特色，对处理儿童神经眼科问题者极为有用。

书中示例病例展示了海绵状血管瘤的影像与病理特征：MRI显示边界清楚、有包膜的肌锥内肿瘤，压迫眼球后外侧，增强后仅中央区强化，推移下直肌和外直肌并扩大肌锥；组织学表现为单层内皮细胞衬覆的多个血管腔隙，腔内可见散在红细胞。另一病例为眼球突出持续15年以上伴进行性视力下降的患者，CT测量眼球突出达33 mm，肿瘤位于视神经外侧致其向内侧移位，并在视神经管入口处形成压迫。此外，文中列出的大量缩略语涉及MRI序列、神经眼科、肿瘤及遗传代谢病等领域，反映出本书内容覆盖面广泛。",a978127d-adf4-4f79-86bc-c2d37384fb59
10-小儿眼科：斜视与弱视等,d6a5115a-067a-4514-afbf-9fe81b4e64c0,10000,4087e8a5-4301-41ee-b910-6ecd8496e39d,Springer-Handbook of Pediatric Retinal Disease-Kenneth W Wright 2006_weknora.mhtml,Springer-Handbook of Pediatric Retinal Disease-Kenneth W Wright 2006_weknora.mhtml,"《Handbook of Pediatric Retinal Disease》由Kenneth W. Wright、Peter H. Spiegel和Lisa S. Thompson主编，Springer出版，系从《Pediatric Ophthalmology and Strabismus》第二版重印的儿科视网膜疾病实用参考书。前言指出，该手册旨在为从业者提供关于常见及罕见视网膜疾病诊断与处理的简明而详细的参考，包含大量彩色照片、表格和信息框，并附有充分参考文献；书中还特别强调了对儿童不可逆视力丧失患者家属的沟通技巧，以及利用手册内容进行患者与家庭教育。

书中节选内容涵盖多个主题。第一章“Pediatric Visual Electrophysiology”介绍了视觉电生理检查在儿科中的价值：视网膜电图反映视网膜功能，眼电图反映色素上皮功能，视觉诱发电位反映视神经至视皮层的通路功能。这些检查客观、安全、快速，可用于婴儿早期诊断、区分眼球震颤或注视不良的原因、评估弱视遮盖疗效、辅助判断头痛或功能性视力下降，并可作为基因治疗的功能评估手段。文中还解释了波形参数（潜伏期与振幅）、ISCEV等国际标准，以及针对儿童约每年1500例的测试方案。

血管性病变部分指出，儿童视网膜分支静脉阻塞极为罕见，多与高黏滞综合征、镰状血红蛋白病及视网膜静脉襻相关；先天性血管襻多位于视盘，约80%为动脉性，并发症包括动静脉阻塞、玻璃体出血、一过性黑矇及前房积血。非血管性错构瘤章节以脉络膜痣为例，描述其由神经嵴来源的良性黑色素细胞构成，临床表现为棕至石板灰色、边界清楚的扁平或轻度隆起病灶，多见于赤道后部，白种人较黑人常见。

此外，内容还涉及多种代谢性视网膜疾病的治疗，如高胱氨酸尿症、无β脂蛋白血症、Refsum病、胱氨酸病、黏多糖贮积症（骨髓移植与酶替代治疗取得进展）、Alagille综合征的维生素补充、梅毒抗生素治疗、维生素A缺乏及去铁胺视网膜毒性的处理等，并提及维生素A可能延缓常见视网膜色素变性的进展，以及基因治疗和药物治疗的未来前景。",completed,67ea49b2-d766-4ced-87b1-7d95faf693c9,"# Summary
《Handbook of Pediatric Retinal Disease》由Kenneth W. Wright、Peter H. Spiegel和Lisa S. Thompson主编，Springer出版，系从《Pediatric Ophthalmology and Strabismus》第二版重印的儿科视网膜疾病实用参考书。前言指出，该手册旨在为从业者提供关于常见及罕见视网膜疾病诊断与处理的简明而详细的参考，包含大量彩色照片、表格和信息框，并附有充分参考文献；书中还特别强调了对儿童不可逆视力丧失患者家属的沟通技巧，以及利用手册内容进行患者与家庭教育。

书中节选内容涵盖多个主题。第一章“Pediatric Visual Electrophysiology”介绍了视觉电生理检查在儿科中的价值：视网膜电图反映视网膜功能，眼电图反映色素上皮功能，视觉诱发电位反映视神经至视皮层的通路功能。这些检查客观、安全、快速，可用于婴儿早期诊断、区分眼球震颤或注视不良的原因、评估弱视遮盖疗效、辅助判断头痛或功能性视力下降，并可作为基因治疗的功能评估手段。文中还解释了波形参数（潜伏期与振幅）、ISCEV等国际标准，以及针对儿童约每年1500例的测试方案。

血管性病变部分指出，儿童视网膜分支静脉阻塞极为罕见，多与高黏滞综合征、镰状血红蛋白病及视网膜静脉襻相关；先天性血管襻多位于视盘，约80%为动脉性，并发症包括动静脉阻塞、玻璃体出血、一过性黑矇及前房积血。非血管性错构瘤章节以脉络膜痣为例，描述其由神经嵴来源的良性黑色素细胞构成，临床表现为棕至石板灰色、边界清楚的扁平或轻度隆起病灶，多见于赤道后部，白种人较黑人常见。

此外，内容还涉及多种代谢性视网膜疾病的治疗，如高胱氨酸尿症、无β脂蛋白血症、Refsum病、胱氨酸病、黏多糖贮积症（骨髓移植与酶替代治疗取得进展）、Alagille综合征的维生素补充、梅毒抗生素治疗、维生素A缺乏及去铁胺视网膜毒性的处理等，并提及维生素A可能延缓常见视网膜色素变性的进展，以及基因治疗和药物治疗的未来前景。",9336182c-cd67-43da-b69b-df5db3b637e8
11-整形与泪道,bdde98f8-4f6b-4b3f-89a4-3cee7f5133b4,10000,8e8e0e0b-054a-4cc5-953f-b7bff546b7f1,The Lacrimal System-Cohen、Mercandetti、Grazzo 2006_weknora.mhtml,The Lacrimal System-Cohen、Mercandetti、Grazzo 2006_weknora.mhtml,"## The Lacrimal System

Diagnosis, Management and Surgery

The Lacrimal System

# The Lacrimal System Diagnosis, Management, and Surgery

Edited by

Adam J. Cohen, MD

Consulting Surgeon, Eyelid and Facial Aesthetic and Reconstructive
Surgery,

Craniofacial Surgery, Neuro-Ophthalmology, Evanston, Illinois

Michael Mercandetti, MD, MBA, FACS

Attending Staff, Department of Surgery, Doctor’s Hospital, Sarasota,
Florida

### Brian G. Brazzo, MD

",completed,bed72f85-1ba6-4625-b42c-d492ad6fec95,"# Summary
## The Lacrimal System

Diagnosis, Management and Surgery

The Lacrimal System

# The Lacrimal System Diagnosis, Management, and Surgery

Edited by

Adam J. Cohen, MD

Consulting Surgeon, Eyelid and Facial Aesthetic and Reconstructive
Surgery,

Craniofacial Surgery, Neuro-Ophthalmology, Evanston, Illinois

Michael Mercandetti, MD, MBA, FACS

Attending Staff, Department of Surgery, Doctor’s Hospital, Sarasota,
Florida

### Brian G. Brazzo, MD

",72575a57-3c63-4939-8aff-2bd57889b3d1
20-检查：角膜地形图、前节分析与共聚焦,4fdc823c-4867-4304-be99-71a539390709,10000,111823a1-5997-4fe7-aa52-69b53609a66b,阅读PENTACAM角膜地形图-Mazen M Sinjab 2017_weknora.mhtml,阅读PENTACAM角膜地形图-Mazen M Sinjab 2017_weknora.mhtml,"医学精萃系列

阅读Pentacam角膜地形图：

从入门到精通

Step by Step: Reading Pentacam Topography

[原著第2版] Second Edition

（叙利亚）M.M.辛贾伯（Mazen M. Sinjab）编

李耀宇 译

阅读Pentacam角膜地形图：从入门到精通

Step by Step: Reading Pentacam Topography

原著第2版

Second Edition

www.cip.com.cn

读科技图书 上化工社网

销售分类建议：医学 / 眼科

ISBN 978-7-122-28383-2

定价：98.00元

医学精萃系列

# 阅读Pentacam角膜地形图：从入门到精通

# Step by Step: Reading Pentacam Topography

原著第2版 Second Edition

（叙利亚）M.M.辛贾伯（Mazen M. Sinjab）编

李耀宇 译

Pentacam
是最具代表性的角膜断层地形图检查仪器，是角膜屈光手术术前筛查圆锥角膜等角膜问题的重",completed,4c52ae7d-df90-4b2b-9691-f8631258888c,"# Summary
医学精萃系列

阅读Pentacam角膜地形图：

从入门到精通

Step by Step: Reading Pentacam Topography

[原著第2版] Second Edition

（叙利亚）M.M.辛贾伯（Mazen M. Sinjab）编

李耀宇 译

阅读Pentacam角膜地形图：从入门到精通

Step by Step: Reading Pentacam Topography

原著第2版

Second Edition

www.cip.com.cn

读科技图书 上化工社网

销售分类建议：医学 / 眼科

ISBN 978-7-122-28383-2

定价：98.00元

医学精萃系列

# 阅读Pentacam角膜地形图：从入门到精通

# Step by Step: Reading Pentacam Topography

原著第2版 Second Edition

（叙利亚）M.M.辛贾伯（Mazen M. Sinjab）编

李耀宇 译

Pentacam
是最具代表性的角膜断层地形图检查仪器，是角膜屈光手术术前筛查圆锥角膜等角膜问题的重",68db1ec5-6c68-4037-ba91-5c4032016b6b
22-检查：综合检查与仪器,16f1a07d-8623-4655-b09e-502d32d0610a,10000,d28ff1ff-8a05-4c69-9cda-2264c5f53f10,实用眼科诊断-施殿雄 2004_weknora.mhtml,实用眼科诊断-施殿雄 2004_weknora.mhtml,"《实用眼科诊断》是一部面向眼科临床，尤其适合初入门及住院医师使用的诊断学参考书。作者施殿雄曾在国内医院从事眼科工作近30年，并在美国眼科研究机构工作约20年，本书是在《眼科检查与诊断》的基础上结合中美临床经验大幅重写而成，旨在为中国眼科医师提供较新的诊疗资料，帮助其改进常规、提高诊疗水平。

全书以临床实用为核心，系统介绍常用检查方法、临床理论、病史采集、症状与体征的分析逻辑，以及常见眼病的临床诊断和鉴别诊断。作者强调诊断要点、常见病优先原则和容易出现的诊断误区，并通过插图、彩图及相似疾病组合图，帮助读者比较不同疾病的表现；书中还选择性介绍治疗原则，并附有美国眼科诊疗概况、英文缩写、眼病综合征及索引。

书中关于病史采集指出，主诉应简明记录眼别、发作方式、主要症状、严重程度、病情变化和病程；现病史则需围绕症状性质、部位、时间、经过、既往史及全身情况进行有针对性的追问。视觉性症状包括视物模糊、飞蚊症、虹视、视野缺损、复视、视物变形、闪光感、色视症和夜盲等，不同表现分别提示屈光问题、青光眼、玻璃体或视网膜病变、黄斑疾病、视神经及视路异常等。感觉性症状包括眼部不适、奇痒、异物感、畏光、流泪、视疲劳和眼痛，诊断时需结合症状的部位、诱因、持续时间及伴随表现。

节选内容还涉及视网膜和脉络膜的解剖、生理、血供及临床区域划分，介绍了黄斑、中心凹、锯齿缘、Müller细胞和脉络膜各层等关键结构。此外，书后综合征资料将眼部表现与全身异常联系起来，涵盖神经系统、遗传性、内分泌、血管及肿瘤等多种疾病，体现了眼科诊断中结合全身状况进行判断的重要性。",completed,a7b79c8a-b3f1-4483-9ca5-156317cb3472,"# Summary
《实用眼科诊断》是一部面向眼科临床，尤其适合初入门及住院医师使用的诊断学参考书。作者施殿雄曾在国内医院从事眼科工作近30年，并在美国眼科研究机构工作约20年，本书是在《眼科检查与诊断》的基础上结合中美临床经验大幅重写而成，旨在为中国眼科医师提供较新的诊疗资料，帮助其改进常规、提高诊疗水平。

全书以临床实用为核心，系统介绍常用检查方法、临床理论、病史采集、症状与体征的分析逻辑，以及常见眼病的临床诊断和鉴别诊断。作者强调诊断要点、常见病优先原则和容易出现的诊断误区，并通过插图、彩图及相似疾病组合图，帮助读者比较不同疾病的表现；书中还选择性介绍治疗原则，并附有美国眼科诊疗概况、英文缩写、眼病综合征及索引。

书中关于病史采集指出，主诉应简明记录眼别、发作方式、主要症状、严重程度、病情变化和病程；现病史则需围绕症状性质、部位、时间、经过、既往史及全身情况进行有针对性的追问。视觉性症状包括视物模糊、飞蚊症、虹视、视野缺损、复视、视物变形、闪光感、色视症和夜盲等，不同表现分别提示屈光问题、青光眼、玻璃体或视网膜病变、黄斑疾病、视神经及视路异常等。感觉性症状包括眼部不适、奇痒、异物感、畏光、流泪、视疲劳和眼痛，诊断时需结合症状的部位、诱因、持续时间及伴随表现。

节选内容还涉及视网膜和脉络膜的解剖、生理、血供及临床区域划分，介绍了黄斑、中心凹、锯齿缘、Müller细胞和脉络膜各层等关键结构。此外，书后综合征资料将眼部表现与全身异常联系起来，涵盖神经系统、遗传性、内分泌、血管及肿瘤等多种疾病，体现了眼科诊断中结合全身状况进行判断的重要性。",6f434e61-b139-4b71-b079-c9c3fb37b601
04-屈光与视光：近视、接触镜与低视力,c73385b9-c154-4103-a93e-2d4c31f2423a,10000,2352f4df-1661-4d1b-ba39-4f8688debaf4,视光学理论和方法-瞿佳 2004_weknora.mhtml,视光学理论和方法-瞿佳 2004_weknora.mhtml,"《视光学理论和方法》是普通高等教育“十五”国家级规划教材，供眼视光学专业本科教学使用，主编为瞿佳，2004年由人民卫生出版社出版。该书属于眼视光学系列教材中的临床基础课程，编写目标是在借鉴国外课程体系的基础上结合我国实际，贯彻全面、全程眼保健理念，将基础理论、临床检测技术和分析流程结合起来，帮助学生掌握眼科检测基本技术，形成视光学诊断、鉴别诊断及临床处理的规范思路。

节选内容首先介绍视觉的基本概念及视觉发育过程，重点阐述视角、视力和视标设计。视力以眼睛分辨两个物点间最小距离的能力表示，常用Landolt环、字母、翻滚E、数字和图画等视标进行检查，并可用Snellen分数、小数视力、最小分辨角（MAR）、logMAR及五分记录法表达。文中还比较了Snellen视力表、标准对数视力表和Bailey-Lovie视力表的设计原则及适用特点，说明印刷、投影和视频视力表的不同形式。

节选还讨论了近视的发病机制及矫治。近视可与持续视近、眼内外肌作用、眼球充血、角膜散光等因素有关，也可分为先天性、继发性和并发性近视。其病理改变涉及眼轴延长、巩膜异常以及视网膜、脉络膜和玻璃体变性。当前近视矫治主要包括框架眼镜、角膜接触镜、药物及手术，但有效方法主要是矫正屈光状态，尚不能根治或完全阻止病理进展。远视则源于眼球屈光力相对眼轴长度不足，患者常通过过度调节维持视力，容易出现视疲劳，通常采用正镜片矫正。

此外，书中介绍了波前像差检查及其影响因素。瞳孔扩大、泪膜破坏、调节状态、年龄和屈光力等均会影响检查结果。波前像差主要借助Zernike多项式和波前像差图进行描述，其中低阶像差可用球柱镜矫正，高阶像差如彗差、球差则不能通过传统球柱镜矫正。",completed,347aec81-b09e-481a-ad41-7df71ab9d71d,"# Summary
《视光学理论和方法》是普通高等教育“十五”国家级规划教材，供眼视光学专业本科教学使用，主编为瞿佳，2004年由人民卫生出版社出版。该书属于眼视光学系列教材中的临床基础课程，编写目标是在借鉴国外课程体系的基础上结合我国实际，贯彻全面、全程眼保健理念，将基础理论、临床检测技术和分析流程结合起来，帮助学生掌握眼科检测基本技术，形成视光学诊断、鉴别诊断及临床处理的规范思路。

节选内容首先介绍视觉的基本概念及视觉发育过程，重点阐述视角、视力和视标设计。视力以眼睛分辨两个物点间最小距离的能力表示，常用Landolt环、字母、翻滚E、数字和图画等视标进行检查，并可用Snellen分数、小数视力、最小分辨角（MAR）、logMAR及五分记录法表达。文中还比较了Snellen视力表、标准对数视力表和Bailey-Lovie视力表的设计原则及适用特点，说明印刷、投影和视频视力表的不同形式。

节选还讨论了近视的发病机制及矫治。近视可与持续视近、眼内外肌作用、眼球充血、角膜散光等因素有关，也可分为先天性、继发性和并发性近视。其病理改变涉及眼轴延长、巩膜异常以及视网膜、脉络膜和玻璃体变性。当前近视矫治主要包括框架眼镜、角膜接触镜、药物及手术，但有效方法主要是矫正屈光状态，尚不能根治或完全阻止病理进展。远视则源于眼球屈光力相对眼轴长度不足，患者常通过过度调节维持视力，容易出现视疲劳，通常采用正镜片矫正。

此外，书中介绍了波前像差检查及其影响因素。瞳孔扩大、泪膜破坏、调节状态、年龄和屈光力等均会影响检查结果。波前像差主要借助Zernike多项式和波前像差图进行描述，其中低阶像差可用球柱镜矫正，高阶像差如彗差、球差则不能通过传统球柱镜矫正。",b2644f46-fdc5-4979-a0d7-9aad107ede24
04-屈光与视光：近视、接触镜与低视力,c73385b9-c154-4103-a93e-2d4c31f2423a,10000,232c2551-7af6-4a5d-83a4-7228561733ae,角膜接触镜并发症 诊断与治疗-Nathan Efron 2016_weknora.mhtml,角膜接触镜并发症 诊断与治疗-Nathan Efron 2016_weknora.mhtml,"# 角膜接触镜并发症 ——诊断与治疗

第3版

CONTACT LENS COMPLICATIONS Third Edition

Nathan Efron

编 著 [澳] 内森·埃弗龙

主 译 魏瑞华

# Contact Lens Complications Third Edition

# 角膜接触镜并发症

# ——诊断与治疗

第3版

编 著 [澳] 内森· $ $弗龙

主 译 魏瑞华

天津出版传媒集团

天津科技翻译出版有限公司

## 图书在版编目（CIP）数据

角膜接触镜并发症：诊断与治疗 / （澳）内森·埃弗龙（Nathan
Efron）编著；魏瑞华等译. —天津：天津科技翻译出版有限公司，2016.10

书名原文：Contact Lens Complications

ISBN 978-7-5433-3611-7

# 中文版序

角膜接触镜技术的有效性与安全性历来是眼视光学领域高度关注的课题，其中最为重要的是客观、深入地认识相关并发症的发生原因、频率、诊断分级、预防以及治疗。但国内专门论及角膜接触镜并发症的专著十分缺少，尽管我曾于2008年主编了国",completed,ba4a99a5-9cfd-495f-9e6d-39b30adbcb00,"# Summary
# 角膜接触镜并发症 ——诊断与治疗

第3版

CONTACT LENS COMPLICATIONS Third Edition

Nathan Efron

编 著 [澳] 内森·埃弗龙

主 译 魏瑞华

# Contact Lens Complications Third Edition

# 角膜接触镜并发症

# ——诊断与治疗

第3版

编 著 [澳] 内森· $ $弗龙

主 译 魏瑞华

天津出版传媒集团

天津科技翻译出版有限公司

## 图书在版编目（CIP）数据

角膜接触镜并发症：诊断与治疗 / （澳）内森·埃弗龙（Nathan
Efron）编著；魏瑞华等译. —天津：天津科技翻译出版有限公司，2016.10

书名原文：Contact Lens Complications

ISBN 978-7-5433-3611-7

# 中文版序

角膜接触镜技术的有效性与安全性历来是眼视光学领域高度关注的课题，其中最为重要的是客观、深入地认识相关并发症的发生原因、频率、诊断分级、预防以及治疗。但国内专门论及角膜接触镜并发症的专著十分缺少，尽管我曾于2008年主编了国",701b855f-72fd-4a16-9686-583113f18106
02-角膜与眼表,f041b2b7-3147-4deb-a2f2-0de5cc53d296,10000,20c4564f-9d39-4b91-83ac-e448ba6c4a9a,结膜松弛症基础与临床-张兴儒 2016_weknora.mhtml,结膜松弛症基础与临床-张兴儒 2016_weknora.mhtml,"B ASICS AND CLINICS OF CONJUNCTIVOCHALASIS

## 结膜松弛症 基础与临床

主编

张兴儒 项敏泓

上海科学技术出版社

结膜松弛症

基础与临床

BASICS AND CLINICS OF CONJUNCTIVOCHALASIS

上海科学技术出版社 www.sstp.cn

上架建议：临床医学·眼科

定价：98.00元

易文网 www.ewen.co

主 编

张兴儒 项敏泓

# 结膜松弛症 基础与临床

上海科学技术出版社

## 图书在版编目（CIP）数据

结膜松弛症基础与临床/张兴儒，项敏泓主编.—

上海：上海科学技术出版社，2016.1

ISBN 978-7-5478-2931-8

Ⅰ. ①结… Ⅱ. ①张… ②项… Ⅲ. ①结膜疾病 - 研究 Ⅳ. ①R777.39

中国版本图书馆CIP数据核字（2015）第293201号

结膜松弛症基础与临床

主编 张兴儒 项敏泓

上海世纪出版股份有限公司

上海科学技术出版社

（上海钦州南路71号 邮政编码200235）

上海世纪出版股份有限公司发行中心发行
",completed,00e0dad2-2efc-4b89-9f33-94088f2a241a,"# Summary
B ASICS AND CLINICS OF CONJUNCTIVOCHALASIS

## 结膜松弛症 基础与临床

主编

张兴儒 项敏泓

上海科学技术出版社

结膜松弛症

基础与临床

BASICS AND CLINICS OF CONJUNCTIVOCHALASIS

上海科学技术出版社 www.sstp.cn

上架建议：临床医学·眼科

定价：98.00元

易文网 www.ewen.co

主 编

张兴儒 项敏泓

# 结膜松弛症 基础与临床

上海科学技术出版社

## 图书在版编目（CIP）数据

结膜松弛症基础与临床/张兴儒，项敏泓主编.—

上海：上海科学技术出版社，2016.1

ISBN 978-7-5478-2931-8

Ⅰ. ①结… Ⅱ. ①张… ②项… Ⅲ. ①结膜疾病 - 研究 Ⅳ. ①R777.39

中国版本图书馆CIP数据核字（2015）第293201号

结膜松弛症基础与临床

主编 张兴儒 项敏泓

上海世纪出版股份有限公司

上海科学技术出版社

（上海钦州南路71号 邮政编码200235）

上海世纪出版股份有限公司发行中心发行
",b0086d20-85c9-4a91-a7b4-eed02e75847c
02-角膜与眼表,f041b2b7-3147-4deb-a2f2-0de5cc53d296,10000,8a42fd25-b309-4389-9cdb-0a81fc1faabb,眼表病诊疗策略与技术-朱志忠 2016_weknora.mhtml,眼表病诊疗策略与技术-朱志忠 2016_weknora.mhtml,"YANBIAOBING ZHENLIAO CELUE YU JISHU

## 诊疗策略与技术

朱志忠 编著

# 眼表病诊疗策略与技术

朱志忠 编著

## 图书在版编目（CIP）数据

眼表病诊疗策略与技术 / 朱志忠编著. — 北京：北京科学技术出版社，2016.1
ISBN 978-7-5304-8142-4

Ⅰ. ①眼… Ⅱ. ①朱… Ⅲ. ①眼病—诊疗 IV. ①R772

中国版本图书馆 CIP 数据核字（2015）第 311812 号

## 眼表病诊疗策略与技术

|  |  |
| --- | --- |
| 作 者：朱志忠 | |
| 策划编辑：何晓菲 | |
| 责任编辑：张晓雪 张运华 | |
| 责任校对：贾荣 | |
| 责任印制：李 茗 | |
| 图文制作：艺典华章 | |
| 封面设计：耕者设计工作室 | |
| 出版人：曾庆宇 | |
| 出版发行：北京科学技术出版社 | |
| 社址：北京西直门南大街16号 | |
| 邮政编码：100035 | |
| 电话传真：0086-10-66135495（总编室） | |
| 0086-10-66",completed,f6e137af-15a1-4878-883c-10aaaac6ca1d,"# Summary
YANBIAOBING ZHENLIAO CELUE YU JISHU

## 诊疗策略与技术

朱志忠 编著

# 眼表病诊疗策略与技术

朱志忠 编著

## 图书在版编目（CIP）数据

眼表病诊疗策略与技术 / 朱志忠编著. — 北京：北京科学技术出版社，2016.1
ISBN 978-7-5304-8142-4

Ⅰ. ①眼… Ⅱ. ①朱… Ⅲ. ①眼病—诊疗 IV. ①R772

中国版本图书馆 CIP 数据核字（2015）第 311812 号

## 眼表病诊疗策略与技术

|  |  |
| --- | --- |
| 作 者：朱志忠 | |
| 策划编辑：何晓菲 | |
| 责任编辑：张晓雪 张运华 | |
| 责任校对：贾荣 | |
| 责任印制：李 茗 | |
| 图文制作：艺典华章 | |
| 封面设计：耕者设计工作室 | |
| 出版人：曾庆宇 | |
| 出版发行：北京科学技术出版社 | |
| 社址：北京西直门南大街16号 | |
| 邮政编码：100035 | |
| 电话传真：0086-10-66135495（总编室） | |
| 0086-10-66",13a96cf8-bd32-4848-8a18-991970d1c3cd
06-眼底病与视网膜内科,f900fe21-9deb-47e0-bf36-ce06022cae92,10000,0abdab40-e6d3-4298-9f60-0c0059930a76,眼底病诊断与治疗-黄叔仁 2016_weknora.mhtml,眼底病诊断与治疗-黄叔仁 2016_weknora.mhtml,"## 眼底病 诊断与治疗

主 编 黄叔仁 张晓峰

副主编 魏文斌 陈积中

第3版

# 眼底病诊断与治疗

# （第3版）

主 编

黄叔仁 张晓峰

副主编

魏文斌 陈积中

编委（按姓氏笔画排序）

张晓峰 陈积中 黄叔仁 魏文斌

图书在版编目（CIP）数据

眼底病诊断与治疗/黄叔仁，张晓峰主编. —3版.

一北京：人民卫生出版社，2016

ISBN 978-7-117-22887-9

Ⅰ. ①眼… Ⅱ. ①黄…②张… Ⅲ. ①眼底疾病-诊疗Ⅳ. ①R773.4

中国版本图书馆 CIP 数据核字（2016）第 148654 号

人卫智网 www.ipmph.com 医学教育、学术、考试、健康，

购书智慧智能综合服务平台

人卫官网 www.pmph.com 人卫官方资讯发布平台

版权所有,侵权必究!

## 眼底病诊断与治疗 第3版

主 编：黄叔仁 张晓峰

出版发行：人民卫生出版社（中继线010-59780011）

地址：北京市朝阳区潘家园南里19号

邮编：100021

E - mail: pmph @ pmph.com

购书热线：010-5",completed,29878ddb-5616-4d91-9b20-0935ee7847a9,"# Summary
## 眼底病 诊断与治疗

主 编 黄叔仁 张晓峰

副主编 魏文斌 陈积中

第3版

# 眼底病诊断与治疗

# （第3版）

主 编

黄叔仁 张晓峰

副主编

魏文斌 陈积中

编委（按姓氏笔画排序）

张晓峰 陈积中 黄叔仁 魏文斌

图书在版编目（CIP）数据

眼底病诊断与治疗/黄叔仁，张晓峰主编. —3版.

一北京：人民卫生出版社，2016

ISBN 978-7-117-22887-9

Ⅰ. ①眼… Ⅱ. ①黄…②张… Ⅲ. ①眼底疾病-诊疗Ⅳ. ①R773.4

中国版本图书馆 CIP 数据核字（2016）第 148654 号

人卫智网 www.ipmph.com 医学教育、学术、考试、健康，

购书智慧智能综合服务平台

人卫官网 www.pmph.com 人卫官方资讯发布平台

版权所有,侵权必究!

## 眼底病诊断与治疗 第3版

主 编：黄叔仁 张晓峰

出版发行：人民卫生出版社（中继线010-59780011）

地址：北京市朝阳区潘家园南里19号

邮编：100021

E - mail: pmph @ pmph.com

购书热线：010-5",4f071c9a-a406-4597-9b21-184c0a456882
22-检查：综合检查与仪器,16f1a07d-8623-4655-b09e-502d32d0610a,10000,374de8a1-37af-4002-992d-d0051824c392,眼科影像学-李文华 2004_weknora.mhtml,眼科影像学-李文华 2004_weknora.mhtml,"本书系统介绍眼科疾病的影像学检查方法、影像表现及临床应用，重点涉及超声、超声生物显微镜（UBM）、CT、MRI及介入治疗等技术，内容分为四篇十九章，涵盖眼球、眼眶、视路及相关疾病。全书强调比较影像学思路，对多数疾病分析诊断要点，提出检查顺序、诊断与鉴别诊断方法，并说明各种检查的适用范围和局限。

前言指出，现代影像学技术的发展显著提高了眼科疾病的诊断、手术指导和预后评价水平。传统眼眶X线平片、眶造影及血管造影因有创性、成功率低或信息有限，已基本被淘汰。现代CT能够提供薄层、连续及三维重建图像，并可进行CT血管造影；MRI具有高对比分辨率、多维和多参数成像优势，可显示眼眶、视神经、视交叉、视束及视觉中枢。扩散、灌注、波谱和PET等功能或代谢成像则仍处于研究和有限应用阶段。影像诊断必须结合临床资料，通过规范检查、图像识别和科学解读完成，且CT、MRI仍主要反映宏观形态，存在组织层次和细胞学显示方面的限制。

总论部分首先阐述眼眶及眶周解剖，包括眶壁、眶缘、视神经孔、眶上裂、眶下裂、筛骨孔、骨缝、鼻窦关系、筋膜、脂肪、眼睑和结膜，并介绍眼球的形态、大小、眼轴及眼球壁结构。书中病例内容展示了眼眶血管瘤和视网膜母细胞瘤的X线、超声、彩色多普勒、CT及MRI表现，强调钙化、强化、血流、视神经侵犯和颅内蔓延等影像特征。此外，文中还列举多种先天性发育异常及综合征，涉及眼眶、颅面骨、骨骼、心肺、神经和生殖系统等影像学表现，体现了眼科影像学与全身疾病评估的联系。",completed,5a4fbb07-3a86-497f-85fd-c4f380cfb2dd,"# Summary
本书系统介绍眼科疾病的影像学检查方法、影像表现及临床应用，重点涉及超声、超声生物显微镜（UBM）、CT、MRI及介入治疗等技术，内容分为四篇十九章，涵盖眼球、眼眶、视路及相关疾病。全书强调比较影像学思路，对多数疾病分析诊断要点，提出检查顺序、诊断与鉴别诊断方法，并说明各种检查的适用范围和局限。

前言指出，现代影像学技术的发展显著提高了眼科疾病的诊断、手术指导和预后评价水平。传统眼眶X线平片、眶造影及血管造影因有创性、成功率低或信息有限，已基本被淘汰。现代CT能够提供薄层、连续及三维重建图像，并可进行CT血管造影；MRI具有高对比分辨率、多维和多参数成像优势，可显示眼眶、视神经、视交叉、视束及视觉中枢。扩散、灌注、波谱和PET等功能或代谢成像则仍处于研究和有限应用阶段。影像诊断必须结合临床资料，通过规范检查、图像识别和科学解读完成，且CT、MRI仍主要反映宏观形态，存在组织层次和细胞学显示方面的限制。

总论部分首先阐述眼眶及眶周解剖，包括眶壁、眶缘、视神经孔、眶上裂、眶下裂、筛骨孔、骨缝、鼻窦关系、筋膜、脂肪、眼睑和结膜，并介绍眼球的形态、大小、眼轴及眼球壁结构。书中病例内容展示了眼眶血管瘤和视网膜母细胞瘤的X线、超声、彩色多普勒、CT及MRI表现，强调钙化、强化、血流、视神经侵犯和颅内蔓延等影像特征。此外，文中还列举多种先天性发育异常及综合征，涉及眼眶、颅面骨、骨骼、心肺、神经和生殖系统等影像学表现，体现了眼科影像学与全身疾病评估的联系。",50199712-2ddc-45ed-8e43-6a4e4df06c96
17-检查：眼科超声与 UBM,8ba4bb92-4b55-4e98-94d7-e8322b102084,10000,b220ffb3-1491-4f52-b798-8a98d3c4d83f,超声生物显微镜-陈倩 2015_weknora.mhtml,超声生物显微镜-陈倩 2015_weknora.mhtml,"眼科新技术应用丛书

总主编 孙兴怀

# 超声生物显微镜

主编 陈倩 孙兴怀

ISBN 978-7-309-11210-8

## 前言

超声生物显微镜是20世纪90年代后期开始应用于眼科临床的一种新型眼科超高频超声诊断设备，由于其对于眼前节结构和病变具有出色的分辨能力，可在活体条件下观察眼前节组织结构的细微改变，近年来在青光眼的发病机制探讨、眼前节肿瘤的评价及眼外伤诊断方面愈发显现出重要的临床价值。

复旦大学附属眼耳鼻喉科医院自2000年引入这一设备至今已有10余年，积累了丰富的临床经验及大量珍贵的图片资料。本书力求以精炼的文字和丰富的图片资料阐释这一技术的操作方法及临床应用，内容涵盖常见病、多发病及部分少见病和疑难病例，希望为眼科临床医师及仪器使用者提供一本便于翻查的参考书。

## 第一章

# 眼超声生物显微镜的基本原理及检查技术

第一节 超声波的物理特性

弹性物体振动引起周围介质波动并向远方传递，这种传递的能量称作声。声波是一种机械波，其产生及传播具有两个必要的条件：一是有振动；二是要有传播介质。具有类似特性的波有很宽的频率范围，称这一范围为声谱。其中除了我们熟",completed,285e1630-cfe7-430d-b081-b1cf860d7998,"# Summary
眼科新技术应用丛书

总主编 孙兴怀

# 超声生物显微镜

主编 陈倩 孙兴怀

ISBN 978-7-309-11210-8

## 前言

超声生物显微镜是20世纪90年代后期开始应用于眼科临床的一种新型眼科超高频超声诊断设备，由于其对于眼前节结构和病变具有出色的分辨能力，可在活体条件下观察眼前节组织结构的细微改变，近年来在青光眼的发病机制探讨、眼前节肿瘤的评价及眼外伤诊断方面愈发显现出重要的临床价值。

复旦大学附属眼耳鼻喉科医院自2000年引入这一设备至今已有10余年，积累了丰富的临床经验及大量珍贵的图片资料。本书力求以精炼的文字和丰富的图片资料阐释这一技术的操作方法及临床应用，内容涵盖常见病、多发病及部分少见病和疑难病例，希望为眼科临床医师及仪器使用者提供一本便于翻查的参考书。

## 第一章

# 眼超声生物显微镜的基本原理及检查技术

第一节 超声波的物理特性

弹性物体振动引起周围介质波动并向远方传递，这种传递的能量称作声。声波是一种机械波，其产生及传播具有两个必要的条件：一是有振动；二是要有传播介质。具有类似特性的波有很宽的频率范围，称这一范围为声谱。其中除了我们熟",6c2b9477-59f5-4c84-b9a9-4d1d6e612d81
03-白内障：晶状体与人工晶体,a0f47c80-3a66-46c8-8315-43b41ce357ea,10000,1a33480e-e06c-46ad-ab6f-07d1962f087b,儿童白内障-张红 2015_weknora.mhtml,儿童白内障-张红 2015_weknora.mhtml,"# 儿童白内障

# The Childhood Cataract

# 儿童白内障

主编 张 红 王晓红

天津出版传媒集团

儿童白内障/张红，王晓红主编.一天津科技翻译出版有限公司，2015.3

ISBN 978-7-5433-3272-0

## 序

儿童白内障的患病率约为1/10
000，各种晶状体混浊可初次发现于任何年龄，可能是单眼或双眼，对称性或非对称性，遗传性或获得性，通常在出生时便已存在。白内障手术是目前公认的儿童可避免盲目的最常见手术，可以防止盲目50年甚至更久，因此在所有眼科治疗中，儿童白内障手术是最有价值的。

目前，先天性白内障的治疗发展迅速，因其手术难度大、术后反应重及眼球发育带来的屈光状态的改变等，使围手术期方案的制定更为复杂。而且儿童白内障常合并有全身疾病或具有家族遗传性，这些并发症使儿童白内障医生面临巨大挑战。因此，该领域的发展是全世界医生共同合作的结果，本书作者把自己的经验与大家分享也必将继续促进其发展。

所有治疗白内障的医生都面临着如何将熟练的成人手术技术非常好地应用于儿童眼科的问题，本书作者对儿童白内障的“处理艺术”做了全面总结，可以满足",completed,f4fb8582-ba9f-4b23-8f6f-7105bc2c420c,"# Summary
# 儿童白内障

# The Childhood Cataract

# 儿童白内障

主编 张 红 王晓红

天津出版传媒集团

儿童白内障/张红，王晓红主编.一天津科技翻译出版有限公司，2015.3

ISBN 978-7-5433-3272-0

## 序

儿童白内障的患病率约为1/10
000，各种晶状体混浊可初次发现于任何年龄，可能是单眼或双眼，对称性或非对称性，遗传性或获得性，通常在出生时便已存在。白内障手术是目前公认的儿童可避免盲目的最常见手术，可以防止盲目50年甚至更久，因此在所有眼科治疗中，儿童白内障手术是最有价值的。

目前，先天性白内障的治疗发展迅速，因其手术难度大、术后反应重及眼球发育带来的屈光状态的改变等，使围手术期方案的制定更为复杂。而且儿童白内障常合并有全身疾病或具有家族遗传性，这些并发症使儿童白内障医生面临巨大挑战。因此，该领域的发展是全世界医生共同合作的结果，本书作者把自己的经验与大家分享也必将继续促进其发展。

所有治疗白内障的医生都面临着如何将熟练的成人手术技术非常好地应用于儿童眼科的问题，本书作者对儿童白内障的“处理艺术”做了全面总结，可以满足",fbc25f5b-24bf-426f-8eca-b894319ae2b7
02-角膜与眼表,f041b2b7-3147-4deb-a2f2-0de5cc53d296,10000,c9a32565-f665-4c00-aac5-7a1b261f53be,临床角膜病学 -谢立信 2014_weknora.mhtml,临床角膜病学 -谢立信 2014_weknora.mhtml,"# Clinical Cornea 临床角膜病学

谢立信 著

|  |  |
| --- | --- |
| ☐ | 人民卫生出版社 |
| ☐ | ☐ |
| ☐ | ☐ |
| ☐ | ☐ |
| ☐ | ☐ |
| <ecel> |  |

# Clinical Cornea 临床角膜病学

策划编辑 刘红霞 李海凌

责任编辑 李海凌 刘红霞

封面设计华昌印联郭淼

版式设计 魏红波

销售分类/眼科

人卫社官网 www.pmph.com 出版物查询，在线购书

人卫医学网 www.ipmph.com
医学考试辅导，医学数据库服务，医学教育资源，大众健康资讯

9787117181945>

定 价：148.00 元

## 临床角膜病学

谢立信 著

## 人民卫生出版社

图书在版编目（CIP）数据

临床角膜病学 / 谢立信 著. — 北京：人民卫生出版社，2014

ISBN 978-7-117-18194-5

Ⅰ. ①临… Ⅱ. ①谢… Ⅲ. ①角膜疾病 - 诊疗 Ⅳ. ①R772.2

中国版本图书馆 CIP 数据核字（2013）第 280576 号

",completed,3994e0aa-3143-414e-b49d-501a2dec924e,"# Summary
# Clinical Cornea 临床角膜病学

谢立信 著

|  |  |
| --- | --- |
| ☐ | 人民卫生出版社 |
| ☐ | ☐ |
| ☐ | ☐ |
| ☐ | ☐ |
| ☐ | ☐ |
| <ecel> |  |

# Clinical Cornea 临床角膜病学

策划编辑 刘红霞 李海凌

责任编辑 李海凌 刘红霞

封面设计华昌印联郭淼

版式设计 魏红波

销售分类/眼科

人卫社官网 www.pmph.com 出版物查询，在线购书

人卫医学网 www.ipmph.com
医学考试辅导，医学数据库服务，医学教育资源，大众健康资讯

9787117181945>

定 价：148.00 元

## 临床角膜病学

谢立信 著

## 人民卫生出版社

图书在版编目（CIP）数据

临床角膜病学 / 谢立信 著. — 北京：人民卫生出版社，2014

ISBN 978-7-117-18194-5

Ⅰ. ①临… Ⅱ. ①谢… Ⅲ. ①角膜疾病 - 诊疗 Ⅳ. ①R772.2

中国版本图书馆 CIP 数据核字（2013）第 280576 号

",c9953a5b-8b46-4fb2-aa1a-2c11b953ec6b
10-小儿眼科：斜视与弱视等,d6a5115a-067a-4514-afbf-9fe81b4e64c0,10000,bc3a0d04-5c50-497d-ac72-1c2348efa86b,眼外肌病学-杨景存 2003_weknora.mhtml,眼外肌病学-杨景存 2003_weknora.mhtml,"本书系统介绍眼外肌相关的胚胎发育、解剖生理、斜视与弱视、先天性眼球震颤及斜视矫正手术，共分六章。胚胎学部分说明了胚胎由受精卵、桑椹胚、囊胚逐步发育形成胚盘和各器官原基的过程，重点叙述视泡、视杯、晶状体及胚裂的形成，并指出眼外肌约于胚胎第5周开始出现，第6周可辨认四条直肌和两条斜肌；孕期营养障碍、代谢异常及疾病可能导致眼外肌缺如、融合或止端附着异常等先天缺陷。

解剖生理部分概述六条眼外肌的结构、神经支配、血供、接触弧及运动作用。眼外肌虽属横纹肌，但具有肌纤维细小、运动单位少、神经支配丰富、收缩灵敏、血供充足且不易疲劳等特点。内、外直肌主要负责水平转动，上、下直肌兼有垂直、水平和旋转作用，上斜肌主要使眼球内旋，下斜肌主要使眼球外旋；各肌肉的筋膜、鞘膜和节制韧带共同影响眼球运动及手术效果。

书中还讨论了眼眶爆裂性骨折及其所致限制性斜视。该病多由拳击、车祸等钝性暴力引起，主要累及眶下壁和内壁，可因眶内压力骤增或眶缘受力造成骨折，导致眼外肌及软组织嵌顿、眼球运动受限、垂直复视、眼球内陷和眶下神经感觉减退。文中介绍了其分类、临床表现及眶路、窦路和联合进路等治疗方式。

斜视手术部分涉及周期性内斜、先天性下直肌缺如所致上斜、眼眶爆裂性骨折所致垂直斜视及动眼神经麻痹所致外斜等特殊情况。最后，书中强调斜视显微手术可提高操作精确性，减少组织损伤和术后粘连，并通过分离、保留睫状前动脉，降低眼球前段缺血综合征风险。",completed,0f3de86f-e728-42ac-948a-bb9b416502df,"# Summary
本书系统介绍眼外肌相关的胚胎发育、解剖生理、斜视与弱视、先天性眼球震颤及斜视矫正手术，共分六章。胚胎学部分说明了胚胎由受精卵、桑椹胚、囊胚逐步发育形成胚盘和各器官原基的过程，重点叙述视泡、视杯、晶状体及胚裂的形成，并指出眼外肌约于胚胎第5周开始出现，第6周可辨认四条直肌和两条斜肌；孕期营养障碍、代谢异常及疾病可能导致眼外肌缺如、融合或止端附着异常等先天缺陷。

解剖生理部分概述六条眼外肌的结构、神经支配、血供、接触弧及运动作用。眼外肌虽属横纹肌，但具有肌纤维细小、运动单位少、神经支配丰富、收缩灵敏、血供充足且不易疲劳等特点。内、外直肌主要负责水平转动，上、下直肌兼有垂直、水平和旋转作用，上斜肌主要使眼球内旋，下斜肌主要使眼球外旋；各肌肉的筋膜、鞘膜和节制韧带共同影响眼球运动及手术效果。

书中还讨论了眼眶爆裂性骨折及其所致限制性斜视。该病多由拳击、车祸等钝性暴力引起，主要累及眶下壁和内壁，可因眶内压力骤增或眶缘受力造成骨折，导致眼外肌及软组织嵌顿、眼球运动受限、垂直复视、眼球内陷和眶下神经感觉减退。文中介绍了其分类、临床表现及眶路、窦路和联合进路等治疗方式。

斜视手术部分涉及周期性内斜、先天性下直肌缺如所致上斜、眼眶爆裂性骨折所致垂直斜视及动眼神经麻痹所致外斜等特殊情况。最后，书中强调斜视显微手术可提高操作精确性，减少组织损伤和术后粘连，并通过分离、保留睫状前动脉，降低眼球前段缺血综合征风险。",66156dfd-3633-451b-b32e-a337114abc0c
02-角膜与眼表,f041b2b7-3147-4deb-a2f2-0de5cc53d296,10000,fbe96bfb-73f4-47f7-bc8b-9e5fa6fd835a,睑缘炎与睑板腺功能障碍-孙旭光 2015_weknora.mhtml,睑缘炎与睑板腺功能障碍-孙旭光 2015_weknora.mhtml,"# 睑缘炎与睑板腺功能障碍

# 主编 孙旭光

## 内容提要

本书汇集了睑缘炎与睑板腺功能障碍的基础知识及最新认识，并介绍了著者的临床诊治经验。全书分为两篇：基础篇和临床篇，共7章。

通过基础篇，读者可以全面了解睑缘和睑板腺的解剖、特殊标志性结构、病理生理、免疫反应及其与眼表疾病的关系等知识，为临床深入认识睑缘炎与睑板腺功能障碍，以及开展相关的研究提供知识基础。临床篇共分5章，分别对睑缘炎、蠕形螨睑缘炎、睑缘炎相关角结膜病变、睑板腺功能障碍、睑板腺功能障碍相关干眼进行了较详尽的论述，内容涉及疾病的流行病学、病因学、病理机制、临床表现与诊断，以及治疗与预防等诸多方面。另外，为了帮助读者更好地了解相关疾病，在临床篇每章的结尾，著者不仅提纲挈领地总结了该章要点，而且提供了典型病例与读者分享，以作为临床实例性参考。

常言道，一图值千字，本书提供了丰富的相关疾病图片，共150余幅，并努力做到图文并茂，希望本书能够对广大眼科工作者的临床及相关研究有所帮助。

策划编辑 刘红霞 李海凌

责任编辑 李海凌 刘红霞

封面设计 郭淼

版式设计 陈 朊

人卫社官网 www.pmph.com",completed,8d8bba65-5f25-45b2-a03b-2396b3604ee9,"# Summary
# 睑缘炎与睑板腺功能障碍

# 主编 孙旭光

## 内容提要

本书汇集了睑缘炎与睑板腺功能障碍的基础知识及最新认识，并介绍了著者的临床诊治经验。全书分为两篇：基础篇和临床篇，共7章。

通过基础篇，读者可以全面了解睑缘和睑板腺的解剖、特殊标志性结构、病理生理、免疫反应及其与眼表疾病的关系等知识，为临床深入认识睑缘炎与睑板腺功能障碍，以及开展相关的研究提供知识基础。临床篇共分5章，分别对睑缘炎、蠕形螨睑缘炎、睑缘炎相关角结膜病变、睑板腺功能障碍、睑板腺功能障碍相关干眼进行了较详尽的论述，内容涉及疾病的流行病学、病因学、病理机制、临床表现与诊断，以及治疗与预防等诸多方面。另外，为了帮助读者更好地了解相关疾病，在临床篇每章的结尾，著者不仅提纲挈领地总结了该章要点，而且提供了典型病例与读者分享，以作为临床实例性参考。

常言道，一图值千字，本书提供了丰富的相关疾病图片，共150余幅，并努力做到图文并茂，希望本书能够对广大眼科工作者的临床及相关研究有所帮助。

策划编辑 刘红霞 李海凌

责任编辑 李海凌 刘红霞

封面设计 郭淼

版式设计 陈 朊

人卫社官网 www.pmph.com",16ee6ab7-4776-4b64-939e-1d6f4538eea9
12-眼眶与眼肿瘤,e785de98-5837-4eea-89a8-6a46cacb5173,10000,adfa4234-2858-4775-8855-c3e928232efc,现代眼肿瘤眼眶病学-吴中耀 2002_weknora.mhtml,现代眼肿瘤眼眶病学-吴中耀 2002_weknora.mhtml,"《现代眼肿瘤眼眶病学》是一部系统介绍眼部肿瘤与眼眶疾病现代诊断、治疗及手术技术的专著。全书分为总论、各论和手术3篇，共19章，内容涵盖眼睑、结膜、角膜、巩膜、泪器、眼内及眼眶的良恶性肿瘤和其他病变，并结合现代影像学、实验诊断、病理学、分子生物学及多学科协作的发展，介绍国内外研究进展、诊疗原则、新技术和作者的临床经验，旨在为眼科及相关专科医师提供参考。

节选重点讨论葡萄膜肿瘤。葡萄膜富含色素和血管，是眼部肿瘤常见部位，既可发生虹膜囊肿、虹膜及脉络膜痣、血管瘤等良性病变，也可发生成人常见的恶性黑色素瘤及儿童髓上皮瘤；后部脉络膜还容易出现全身肿瘤转移。虹膜囊肿包括原发性、外伤或手术植入性及其他继发性类型，临床表现和并发症与病理来源、位置及生长情况有关，可导致继发性青光眼、角膜内皮损害、白内障、葡萄膜炎和弱视。裂隙灯、房角镜及UBM有助于诊断和鉴别，治疗可采用观察、激光、穿刺抽吸联合冷冻或手术切除。虹膜痣和脉络膜痣通常为良性，但需通过定期随访警惕恶性黑色素瘤。

节选还涉及眼眶平滑肌瘤、平滑肌肉瘤、纤维瘤和纤维组织细胞瘤等间叶组织肿瘤，以及眼眶静脉曲张和动脉瘤。此类疾病多表现为眼球突出、视力下降、眼球移位或运动障碍，影像学检查用于定位、判断范围及提示良恶性，确诊常需病理检查。良性肿瘤以完整手术切除为主，恶性或易复发病变需更积极处理；眼眶静脉曲张可根据病情观察或手术，动脉瘤则可采用血管结扎、切除或介入栓塞治疗。",completed,0cc6286a-3443-4c84-acd0-a745ec2b8521,"# Summary
《现代眼肿瘤眼眶病学》是一部系统介绍眼部肿瘤与眼眶疾病现代诊断、治疗及手术技术的专著。全书分为总论、各论和手术3篇，共19章，内容涵盖眼睑、结膜、角膜、巩膜、泪器、眼内及眼眶的良恶性肿瘤和其他病变，并结合现代影像学、实验诊断、病理学、分子生物学及多学科协作的发展，介绍国内外研究进展、诊疗原则、新技术和作者的临床经验，旨在为眼科及相关专科医师提供参考。

节选重点讨论葡萄膜肿瘤。葡萄膜富含色素和血管，是眼部肿瘤常见部位，既可发生虹膜囊肿、虹膜及脉络膜痣、血管瘤等良性病变，也可发生成人常见的恶性黑色素瘤及儿童髓上皮瘤；后部脉络膜还容易出现全身肿瘤转移。虹膜囊肿包括原发性、外伤或手术植入性及其他继发性类型，临床表现和并发症与病理来源、位置及生长情况有关，可导致继发性青光眼、角膜内皮损害、白内障、葡萄膜炎和弱视。裂隙灯、房角镜及UBM有助于诊断和鉴别，治疗可采用观察、激光、穿刺抽吸联合冷冻或手术切除。虹膜痣和脉络膜痣通常为良性，但需通过定期随访警惕恶性黑色素瘤。

节选还涉及眼眶平滑肌瘤、平滑肌肉瘤、纤维瘤和纤维组织细胞瘤等间叶组织肿瘤，以及眼眶静脉曲张和动脉瘤。此类疾病多表现为眼球突出、视力下降、眼球移位或运动障碍，影像学检查用于定位、判断范围及提示良恶性，确诊常需病理检查。良性肿瘤以完整手术切除为主，恶性或易复发病变需更积极处理；眼眶静脉曲张可根据病情观察或手术，动脉瘤则可采用血管结扎、切除或介入栓塞治疗。",fde7884e-f3ea-4448-be39-70aedf85f1da
05-青光眼,8bf942e4-80dc-4a8a-87cf-486f897fe2bd,10000,8f7877bf-ac84-41f9-9579-d5368cf5c6d7,临床青光眼-葛坚 2015_weknora.mhtml,临床青光眼-葛坚 2015_weknora.mhtml,"第3版

## 临床青光眼 Clinical Glaucoma

主编葛坚

副主编 余敏斌

卓业鸿

刘杏

第3版

# 临床青光眼

# Clinical Glaucoma

主 编 葛 坚

副主编 余敏斌 卓业鸿 刘 杏

编者 叶天才 彭寿雄 林明楷

张秀兰 凌运兰 黄晶晶

钟毅敏 王梅

秘书 王忠浩

## 前言

青光眼是目前世界主要的致盲性眼病之一。WHO预计到2020年，全世界将有7960万人患有青光眼，其中1120万人最终可能发展为双眼盲；而约有2000万原发性青光眼患者在中国。由于青光眼患者数量大、种类多、病情复杂、致盲率高，严重影响患者的生活质量，因此积极开展青光眼防治研究成为当前我国眼科工作者面临的严峻挑战。

",completed,60e50e07-69f6-48f8-b431-aea7699f2d22,"# Summary
第3版

## 临床青光眼 Clinical Glaucoma

主编葛坚

副主编 余敏斌

卓业鸿

刘杏

第3版

# 临床青光眼

# Clinical Glaucoma

主 编 葛 坚

副主编 余敏斌 卓业鸿 刘 杏

编者 叶天才 彭寿雄 林明楷

张秀兰 凌运兰 黄晶晶

钟毅敏 王梅

秘书 王忠浩

## 前言

青光眼是目前世界主要的致盲性眼病之一。WHO预计到2020年，全世界将有7960万人患有青光眼，其中1120万人最终可能发展为双眼盲；而约有2000万原发性青光眼患者在中国。由于青光眼患者数量大、种类多、病情复杂、致盲率高，严重影响患者的生活质量，因此积极开展青光眼防治研究成为当前我国眼科工作者面临的严峻挑战。

",7effc173-f9ac-47e8-890b-6839d6477fc2
09-神经眼科,be1e44f1-985d-4445-b6a3-e60a0f43f85e,10000,d7e3e1f4-10c3-47da-af3f-e1b209fb33f6,神经眼科速查手册-Lanning B Kline 2015_weknora.mhtml,神经眼科速查手册-Lanning B Kline 2015_weknora.mhtml,"# 神经眼科速查手册

Neuro-Ophthalmology Review Manual

·第7版·

原著者 Lanning B. Kline

Rod Foroozan

主 译 魏世辉 钟敬祥

# 神经眼科速查手册

版

原著者 Lanning B. Kline Rod Foroozan

主译魏世辉钟敬祥

副主译 邱怀雨

译者（以姓氏笔画为序）

马嘉田国红刘莲米雪松

孙传宾 李晓明 邱怀雨 张爱迪

周清盂晶赵朔钟敬祥

黄若静 曹珊珊 康皓 魏世辉

北京

## 图书在版编目(CIP)数据

神经眼科速查手册/（美）克莱恩（Kline，L.B.），（美）法罗赞（Foroozan，R.）原著；魏世辉，钟敬祥主译.—7版.一北京：人民军医出版社，2015.9

ISBN 978-7-5091-8677-0

Ⅰ. ①神… Ⅱ. ①克…②法…③魏…④钟… Ⅲ. ①神经眼科学—手册 Ⅳ. ①R774-62

中国版本图书馆 CIP 数据核字（2015）第 219453 号

Neuro-Ophthalmology Review Manual, 7E

ISBN: 9",completed,ac764c8b-11b9-485f-8e2b-0c6afd930eb5,"# Summary
# 神经眼科速查手册

Neuro-Ophthalmology Review Manual

·第7版·

原著者 Lanning B. Kline

Rod Foroozan

主 译 魏世辉 钟敬祥

# 神经眼科速查手册

版

原著者 Lanning B. Kline Rod Foroozan

主译魏世辉钟敬祥

副主译 邱怀雨

译者（以姓氏笔画为序）

马嘉田国红刘莲米雪松

孙传宾 李晓明 邱怀雨 张爱迪

周清盂晶赵朔钟敬祥

黄若静 曹珊珊 康皓 魏世辉

北京

## 图书在版编目(CIP)数据

神经眼科速查手册/（美）克莱恩（Kline，L.B.），（美）法罗赞（Foroozan，R.）原著；魏世辉，钟敬祥主译.—7版.一北京：人民军医出版社，2015.9

ISBN 978-7-5091-8677-0

Ⅰ. ①神… Ⅱ. ①克…②法…③魏…④钟… Ⅲ. ①神经眼科学—手册 Ⅳ. ①R774-62

中国版本图书馆 CIP 数据核字（2015）第 219453 号

Neuro-Ophthalmology Review Manual, 7E

ISBN: 9",4eede724-845a-4932-8abe-53dc3fde804a
06-眼底病与视网膜内科,f900fe21-9deb-47e0-bf36-ce06022cae92,10000,a73a7f8a-4115-4c2c-9af5-e2809f0008de,临床眼底病 内科卷-文峰 2015_weknora.mhtml,临床眼底病 内科卷-文峰 2015_weknora.mhtml,"## 主编 刘文

## 临床眼底病 内科卷

内科卷主编文峰易长贤

内科卷副主编 闫 宏 于 强

名誉主编高汝龙吴启崇胡兆科

## 临床眼底病内科卷

本书是《临床眼底病.外科卷》的姊妹卷，包括了各种以非手术治疗为主的常见眼底疾病论述，分为基础篇和单个疾病的各论。在基础篇，简单介绍了眼底内科疾病相关的解剖、生理、病理、检查方法和治疗方法。在各论篇，全面系统地介绍了各种常见眼底疾病的临床表现、诊断和鉴别诊断、治疗及治疗效果。本书的特点是用了大量先进检查仪器的图片来解说临床表现，包括精选出的2220幅眼底疾病图片和80个典型病例，方便读者理解和处理各种眼底疾病。本书在写作手法上采用了图文并茂，由浅入深的编写方式。很适合于各级眼科医师、大中专医学生、研究生、眼科教学及研究人员阅读和参考。

策划编辑 李海凌 刘红霞

责任编辑 李海凌 刘红霞

封面设计 尹岩

版式设计 单斯

销售分类 眼科

人卫社官网 www.pmph.com 出版物查询，在线购书

人卫医学网 www.ipmph.com
医学考试辅导，医学数据库服务，医学教育资源，大众健康资讯

定价：428.00元

主",completed,7b2c8c19-8fbc-4ac4-8e20-1bb2cda8c0d3,"# Summary
## 主编 刘文

## 临床眼底病 内科卷

内科卷主编文峰易长贤

内科卷副主编 闫 宏 于 强

名誉主编高汝龙吴启崇胡兆科

## 临床眼底病内科卷

本书是《临床眼底病.外科卷》的姊妹卷，包括了各种以非手术治疗为主的常见眼底疾病论述，分为基础篇和单个疾病的各论。在基础篇，简单介绍了眼底内科疾病相关的解剖、生理、病理、检查方法和治疗方法。在各论篇，全面系统地介绍了各种常见眼底疾病的临床表现、诊断和鉴别诊断、治疗及治疗效果。本书的特点是用了大量先进检查仪器的图片来解说临床表现，包括精选出的2220幅眼底疾病图片和80个典型病例，方便读者理解和处理各种眼底疾病。本书在写作手法上采用了图文并茂，由浅入深的编写方式。很适合于各级眼科医师、大中专医学生、研究生、眼科教学及研究人员阅读和参考。

策划编辑 李海凌 刘红霞

责任编辑 李海凌 刘红霞

封面设计 尹岩

版式设计 单斯

销售分类 眼科

人卫社官网 www.pmph.com 出版物查询，在线购书

人卫医学网 www.ipmph.com
医学考试辅导，医学数据库服务，医学教育资源，大众健康资讯

定价：428.00元

主",bc9af198-5765-442b-99ff-ae08748f3575
18-检查：视野,0a9523cf-e62e-47a6-ad9f-3ae295c3b564,10000,b84c2b1f-0aed-4ac0-ba40-3b350019141b,现代临床视野检测-袁援生 2015_weknora.mhtml,现代临床视野检测-袁援生 2015_weknora.mhtml,"## 第2版

# 现代临床 视野检测

主编 袁援生 钟华

# 现代临床视野检测

## 内容提要

计算机自动视野计在近十余年来有了长足的发展，视野检查技术也得到了不断的改进和提高。无论是从硬件设施还是软件的设计，都给临床诊疗提供了最需要的支持。为了让更多的眼科及相关专业医师能及时地了解视野检查发展的动态，我们重新修订了《现代临床视野检测》一书，从视野计的发展开始，先介绍了视野检查的原理、视野计的硬件和软件设计等基础性内容，同时对视野检查中程序与策略的选择、影响因素和需要注意的事项等进行说明，对视野结果的阅读分析也做了重点的阐述（特别是青光眼相关的视野特点和分析方法），最后，将视野在眼科临床常见疾病中的应用特点结合实际的病例进行了分析总结。

本书的目的是为广大读者提供了一本详尽的现代临床视野实际应用的参考书籍。

策划编辑 郝巨为

责任编辑 郝巨为 杨帆

封面设计 水长流文化 尹岩

版式设计 单斯

人卫社官网 www.pmph.com 出版物查询，在线购书

人卫医学网 www.ipmph.com
医学考试辅导，医学数据库服务，医学教育资源，大众健康资讯

销售分类/眼",completed,fb7a5ef3-82f2-42d9-bc85-c17e55eff509,"# Summary
## 第2版

# 现代临床 视野检测

主编 袁援生 钟华

# 现代临床视野检测

## 内容提要

计算机自动视野计在近十余年来有了长足的发展，视野检查技术也得到了不断的改进和提高。无论是从硬件设施还是软件的设计，都给临床诊疗提供了最需要的支持。为了让更多的眼科及相关专业医师能及时地了解视野检查发展的动态，我们重新修订了《现代临床视野检测》一书，从视野计的发展开始，先介绍了视野检查的原理、视野计的硬件和软件设计等基础性内容，同时对视野检查中程序与策略的选择、影响因素和需要注意的事项等进行说明，对视野结果的阅读分析也做了重点的阐述（特别是青光眼相关的视野特点和分析方法），最后，将视野在眼科临床常见疾病中的应用特点结合实际的病例进行了分析总结。

本书的目的是为广大读者提供了一本详尽的现代临床视野实际应用的参考书籍。

策划编辑 郝巨为

责任编辑 郝巨为 杨帆

封面设计 水长流文化 尹岩

版式设计 单斯

人卫社官网 www.pmph.com 出版物查询，在线购书

人卫医学网 www.ipmph.com
医学考试辅导，医学数据库服务，医学教育资源，大众健康资讯

销售分类/眼",a2bc0bba-0bc1-4204-b323-6209e9d2ae5d
06-眼底病与视网膜内科,f900fe21-9deb-47e0-bf36-ce06022cae92,10000,b1bc972c-3cc8-404f-b523-d5ac3beb60b9,眼底荧光素血管造影学习精要-黄厚斌 2015_weknora.mhtml,眼底荧光素血管造影学习精要-黄厚斌 2015_weknora.mhtml,"# 眼底荧光素血管造影 学习精要

YANDI YINGGUANGSU XUEGUAN ZAOYING XUEXI JINGYAO

编 著 / 黄厚斌

# 眼底荧光素血管造影 学习精要

YANDI YINGGUANGSU XUEGUAN ZAOYING XUEXI JINGYAO

二策划编辑 梁紫岩

编辑邮箱 PMMP999@aliyun.com

二封面设计 吴朝洪

二销售分类 眼科学

定价：70.00元

眼科入门系列

# 眼底荧光素血管造影学习精要

# YANDI YINGGUANGSU XUEGUAN ZAOYING XUEXI JINGYAO

## 编 著 黄厚斌

北京

图书在版编目(CIP)数据

眼底荧光素血管造影学习精要/黄厚斌编著. —
北京：人民军医出版社，2015.11

ISBN 978-7-5091-8837-8

Ⅰ. ①眼… Ⅱ. ①黄… Ⅲ. ①眼底荧光摄影—血管造影—基本知识 Ⅳ. ①R770.41

中国版本图书馆 CIP 数据核字（2015）第 256026 号

策划编辑：梁紫岩 文字编辑：韩志 责任审读：王三荣

出版发",completed,f6ecd8e2-e6fd-47b1-b0ec-4519638902e4,"# Summary
# 眼底荧光素血管造影 学习精要

YANDI YINGGUANGSU XUEGUAN ZAOYING XUEXI JINGYAO

编 著 / 黄厚斌

# 眼底荧光素血管造影 学习精要

YANDI YINGGUANGSU XUEGUAN ZAOYING XUEXI JINGYAO

二策划编辑 梁紫岩

编辑邮箱 PMMP999@aliyun.com

二封面设计 吴朝洪

二销售分类 眼科学

定价：70.00元

眼科入门系列

# 眼底荧光素血管造影学习精要

# YANDI YINGGUANGSU XUEGUAN ZAOYING XUEXI JINGYAO

## 编 著 黄厚斌

北京

图书在版编目(CIP)数据

眼底荧光素血管造影学习精要/黄厚斌编著. —
北京：人民军医出版社，2015.11

ISBN 978-7-5091-8837-8

Ⅰ. ①眼… Ⅱ. ①黄… Ⅲ. ①眼底荧光摄影—血管造影—基本知识 Ⅳ. ①R770.41

中国版本图书馆 CIP 数据核字（2015）第 256026 号

策划编辑：梁紫岩 文字编辑：韩志 责任审读：王三荣

出版发",58971387-4c2c-4eec-9ac3-bc7642282ba6
02-角膜与眼表,f041b2b7-3147-4deb-a2f2-0de5cc53d296,10000,9e747750-8807-4fff-b304-6ef29d18082a,眼前节疾病图谱-赖盛辉 2002_weknora.mhtml,眼前节疾病图谱-赖盛辉 2002_weknora.mhtml,"本书是一部中英文对照的眼前节疾病临床摄影图谱，共分十章，记录眼睑与附属器、结膜、角膜、虹膜睫状体及瞳孔、青光眼、白内障、斜视、眼眶及眼球突出、眼外伤和眼综合征等疾病，共涉及211种病变，并配有大量彩色、黑白及裂隙灯照片，附中英文索引，主要供眼科医师、医学生、临床医生和科研人员用于教学、临床参考及继续教育。

第1章重点介绍眼睑及其附属器疾病。内容涵盖眼睑炎症、过敏和水肿，特应性皮炎、脂溢性皮炎、带状疱疹性眼病及眼部天疱疮等皮肤病变；还介绍药物过敏、皮脂腺囊肿、乳头瘤、色素痣、黄色瘤、麦粒肿、霰粒肿、脓肿、血管瘤和眼睑皮肤癌等。章节同时讨论老年性或瘢痕性睑外翻、睑内翻、倒睫以及先天性和获得性上睑下垂，并强调相关疾病的临床表现、鉴别诊断及手术治疗。

第5章图像内容显示了先天性和老年性白内障的多种形态，包括核性、绕核性、花冠状、车轮状、成熟期、过熟期白内障，以及晶状体半脱位、核下沉、棕色核和白内障囊外摘除术后的皮质残留、后囊膜色素沉着等情况。

第10章涉及全身性疾病和眼部表现，包括Stevens-Johnson综合征所致的双眼睑结膜及口腔黏膜水肿、充血、糜烂和全身多形性红斑；还展示Vogt-Koyanagi-Harada综合征的睫毛变白、羊脂样角膜后沉着物、虹膜后粘连、浆液性视网膜脱离及晚期“晚霞样”眼底改变。",completed,51333bc3-7ba1-47f9-8118-dd0b8e2e74c6,"# Summary
本书是一部中英文对照的眼前节疾病临床摄影图谱，共分十章，记录眼睑与附属器、结膜、角膜、虹膜睫状体及瞳孔、青光眼、白内障、斜视、眼眶及眼球突出、眼外伤和眼综合征等疾病，共涉及211种病变，并配有大量彩色、黑白及裂隙灯照片，附中英文索引，主要供眼科医师、医学生、临床医生和科研人员用于教学、临床参考及继续教育。

第1章重点介绍眼睑及其附属器疾病。内容涵盖眼睑炎症、过敏和水肿，特应性皮炎、脂溢性皮炎、带状疱疹性眼病及眼部天疱疮等皮肤病变；还介绍药物过敏、皮脂腺囊肿、乳头瘤、色素痣、黄色瘤、麦粒肿、霰粒肿、脓肿、血管瘤和眼睑皮肤癌等。章节同时讨论老年性或瘢痕性睑外翻、睑内翻、倒睫以及先天性和获得性上睑下垂，并强调相关疾病的临床表现、鉴别诊断及手术治疗。

第5章图像内容显示了先天性和老年性白内障的多种形态，包括核性、绕核性、花冠状、车轮状、成熟期、过熟期白内障，以及晶状体半脱位、核下沉、棕色核和白内障囊外摘除术后的皮质残留、后囊膜色素沉着等情况。

第10章涉及全身性疾病和眼部表现，包括Stevens-Johnson综合征所致的双眼睑结膜及口腔黏膜水肿、充血、糜烂和全身多形性红斑；还展示Vogt-Koyanagi-Harada综合征的睫毛变白、羊脂样角膜后沉着物、虹膜后粘连、浆液性视网膜脱离及晚期“晚霞样”眼底改变。",18410256-ce3c-4926-b962-03cbde5da4cf
22-检查：综合检查与仪器,16f1a07d-8623-4655-b09e-502d32d0610a,10000,de6f61d4-8d5b-413f-a698-87c9c8f2967f,眼与全身疾病鉴别诊断图谱-杰克·J·肯思基 2002_weknora.mhtml,眼与全身疾病鉴别诊断图谱-杰克·J·肯思基 2002_weknora.mhtml,"《眼与全身疾病鉴别诊断图谱》旨在帮助眼科医师识别全身疾病的眼部表现，同时帮助非眼科医师了解全身疾病可能累及眼部的方式。全书按三部分组织：第一部分从眼部体征出发，列出相关全身疾病及其重要表现；第二部分从全身体征出发，归纳相应眼部病变；第三部分按疾病总结全身与眼部表现，并配合大量图标和图片，以便快速查阅。内容主要涉及具有明确眼部表现的常见或重要疾病，未收录无眼部表现的疾病及部分罕见儿科疾病。

书中展示了多种眼部体征与系统性疾病之间的鉴别关系。例如，上睑下垂可见于第3对颅神经麻痹、霍纳综合征、重症肌无力、强直性肌营养不良、眼肌病及某些遗传代谢病；眼睑退缩和眼球突出常提示甲状腺毒症，也可能与中脑病变、颈动脉海绵体瘘、Wegener肉芽肿病、淋巴瘤、转移癌及神经纤维瘤病有关。角结膜干燥、结膜炎、结膜瘢痕、结膜血管异常和巩膜炎，则分别与Sjögren综合征、风湿性疾病、感染、严重皮肤黏膜病、大血管异常及系统性血管炎等相关。

全身体征部分进一步说明，肠炎、吸收障碍、肝病、肾炎、生殖器溃疡、尿道炎及周围神经病变等，也可通过葡萄膜炎、视网膜病变、角膜病变、巩膜炎、眼球运动障碍和结膜改变提示潜在全身疾病。书中还总结了多种遗传性、代谢性和多系统疾病，如Usher综合征、Vogt-Koyanagi-Harada综合征、Von Hippel-Lindau综合征、Waardenburg综合征、Wilson病、Wegener肉芽肿病、Whipple病、Wernicke脑病及着色性干皮病，强调其眼部表现有时虽少见，却可能严重，或成为早期识别全身病变的重要线索。",completed,70385189-346c-4b0f-b8be-fc416cf50333,"# Summary
《眼与全身疾病鉴别诊断图谱》旨在帮助眼科医师识别全身疾病的眼部表现，同时帮助非眼科医师了解全身疾病可能累及眼部的方式。全书按三部分组织：第一部分从眼部体征出发，列出相关全身疾病及其重要表现；第二部分从全身体征出发，归纳相应眼部病变；第三部分按疾病总结全身与眼部表现，并配合大量图标和图片，以便快速查阅。内容主要涉及具有明确眼部表现的常见或重要疾病，未收录无眼部表现的疾病及部分罕见儿科疾病。

书中展示了多种眼部体征与系统性疾病之间的鉴别关系。例如，上睑下垂可见于第3对颅神经麻痹、霍纳综合征、重症肌无力、强直性肌营养不良、眼肌病及某些遗传代谢病；眼睑退缩和眼球突出常提示甲状腺毒症，也可能与中脑病变、颈动脉海绵体瘘、Wegener肉芽肿病、淋巴瘤、转移癌及神经纤维瘤病有关。角结膜干燥、结膜炎、结膜瘢痕、结膜血管异常和巩膜炎，则分别与Sjögren综合征、风湿性疾病、感染、严重皮肤黏膜病、大血管异常及系统性血管炎等相关。

全身体征部分进一步说明，肠炎、吸收障碍、肝病、肾炎、生殖器溃疡、尿道炎及周围神经病变等，也可通过葡萄膜炎、视网膜病变、角膜病变、巩膜炎、眼球运动障碍和结膜改变提示潜在全身疾病。书中还总结了多种遗传性、代谢性和多系统疾病，如Usher综合征、Vogt-Koyanagi-Harada综合征、Von Hippel-Lindau综合征、Waardenburg综合征、Wilson病、Wegener肉芽肿病、Whipple病、Wernicke脑病及着色性干皮病，强调其眼部表现有时虽少见，却可能严重，或成为早期识别全身病变的重要线索。",454835b6-e849-411b-a62e-ad29fe247d19
17-检查：眼科超声与 UBM,8ba4bb92-4b55-4e98-94d7-e8322b102084,10000,8e03975e-d0e0-4008-a06a-2cea5e451a82,简明眼超声诊断手册-杨文利 2015 weknora.mhtml,简明眼超声诊断手册-杨文利 2015 weknora.mhtml,"本书根据疾病的部位，根据眼球壁到眼内容的顺序结合超声图片对 $ ^{37}
$种疾病的超声诊断特点进行总结分析，同时对超声伪像等也通过图片进行介绍，涵盖的眼常见病和多发病，为日常的超声诊断提供帮助。

# 简明 眼超声 诊断手册

主编 杨文利

简明 眼超声

诊断手册

# 简明 眼 超 声 诊断手册

## 图书在版编目(CIP)数据

简明眼超声诊断手册 / 杨文利主编. — 北京：人民卫生出版社，2015

ISBN 978-7-117-20416-3

## 第一章 眼超声临床诊断基础

超声医学的发展已经使许多新技术不仅很快应用于临床诊断，而且随着诊断仪器性能的逐步完善，应用范围和研究领域也越来越广泛。尽管彩色多普勒超声诊断技术已经基本普及，组织谐波成像、超声造影、三维成像、弹性成像等新技术也逐渐为广大超声医师所熟悉，但二维超声始终是超声医学的主体。作为超声诊断医师必须掌握正确的超声诊断方法，掌握器官、组织的正常声像图，分辨超声伪像。此外，还应有坚实广泛的临床知识、正确的诊断思维方式，才能得出合理、准确的诊断报告。

## 第一节 解剖概要

眼为人体的视觉器官，分为眼球",completed,1ce8d4f3-09c4-4d7a-9621-0c1de1724664,"# Summary
本书根据疾病的部位，根据眼球壁到眼内容的顺序结合超声图片对 $ ^{37}
$种疾病的超声诊断特点进行总结分析，同时对超声伪像等也通过图片进行介绍，涵盖的眼常见病和多发病，为日常的超声诊断提供帮助。

# 简明 眼超声 诊断手册

主编 杨文利

简明 眼超声

诊断手册

# 简明 眼 超 声 诊断手册

## 图书在版编目(CIP)数据

简明眼超声诊断手册 / 杨文利主编. — 北京：人民卫生出版社，2015

ISBN 978-7-117-20416-3

## 第一章 眼超声临床诊断基础

超声医学的发展已经使许多新技术不仅很快应用于临床诊断，而且随着诊断仪器性能的逐步完善，应用范围和研究领域也越来越广泛。尽管彩色多普勒超声诊断技术已经基本普及，组织谐波成像、超声造影、三维成像、弹性成像等新技术也逐渐为广大超声医师所熟悉，但二维超声始终是超声医学的主体。作为超声诊断医师必须掌握正确的超声诊断方法，掌握器官、组织的正常声像图，分辨超声伪像。此外，还应有坚实广泛的临床知识、正确的诊断思维方式，才能得出合理、准确的诊断报告。

## 第一节 解剖概要

眼为人体的视觉器官，分为眼球",ec8e1b66-d67b-4eed-ab02-b80ec77cb912
20-检查：角膜地形图、前节分析与共聚焦,4fdc823c-4867-4304-be99-71a539390709,10000,33970c2c-5ed4-4f02-ac4c-ce4d9174f456,角膜地形图学-刘祖国 2000_weknora.mhtml,角膜地形图学-刘祖国 2000_weknora.mhtml,"本书系统介绍角膜地形图学的形成、基础理论、临床应用及检查判读方法。角膜地形图学是在计算机技术、图像处理技术、光学与眼科学发展的基础上形成的新兴交叉学科，研究重点从早期的角膜前表面形态观察，发展到对角膜前、后表面形态、屈光状态及角膜厚度的定量分析。书中回顾了从角膜镜、Placido盘、角膜曲率计到计算机辅助角膜地形图仪的发展历程，并介绍了基于Placido盘反射、立体三角和光学扫描等不同检测原理的仪器。

全书还阐述了角膜的大体解剖、显微结构、生理功能及其光学特性，强调角膜约承担眼球主要屈光力，角膜形态、泪膜、上皮状态和组织结构的细微变化均可能影响视功能。角膜地形图被广泛用于正常角膜研究、圆锥角膜和边缘部角膜变性等疾病的早期诊断，以及角膜接触镜设计、角膜屈光手术方案制定、手术量控制、术后变化和预后评价。

书中重点讨论了角膜散光及其地形图表现，区分规则散光与不规则散光，并分析外伤、翼状胬肉、白内障手术、角膜移植、巩膜手术及眼球变形等因素对角膜形态和散光的影响。同时介绍了PRK、LASIK及角膜基质内环植入术后的地形变化，包括角膜曲率、厚度和前后表面形态的改变，以及手术源性圆锥角膜等并发症的识别价值。

最后，本书提出阅读角膜地形图应结合仪器原理、图形类型、参数含义、正常范围、颜色编码方式及特殊疾病特征，并与临床表现和其他检查结果综合分析，从而提高角膜疾病诊断及角膜、眼前段手术设计的准确性。",completed,eb873e1c-d8c7-48b8-9305-61eb64f1441a,"# Summary
本书系统介绍角膜地形图学的形成、基础理论、临床应用及检查判读方法。角膜地形图学是在计算机技术、图像处理技术、光学与眼科学发展的基础上形成的新兴交叉学科，研究重点从早期的角膜前表面形态观察，发展到对角膜前、后表面形态、屈光状态及角膜厚度的定量分析。书中回顾了从角膜镜、Placido盘、角膜曲率计到计算机辅助角膜地形图仪的发展历程，并介绍了基于Placido盘反射、立体三角和光学扫描等不同检测原理的仪器。

全书还阐述了角膜的大体解剖、显微结构、生理功能及其光学特性，强调角膜约承担眼球主要屈光力，角膜形态、泪膜、上皮状态和组织结构的细微变化均可能影响视功能。角膜地形图被广泛用于正常角膜研究、圆锥角膜和边缘部角膜变性等疾病的早期诊断，以及角膜接触镜设计、角膜屈光手术方案制定、手术量控制、术后变化和预后评价。

书中重点讨论了角膜散光及其地形图表现，区分规则散光与不规则散光，并分析外伤、翼状胬肉、白内障手术、角膜移植、巩膜手术及眼球变形等因素对角膜形态和散光的影响。同时介绍了PRK、LASIK及角膜基质内环植入术后的地形变化，包括角膜曲率、厚度和前后表面形态的改变，以及手术源性圆锥角膜等并发症的识别价值。

最后，本书提出阅读角膜地形图应结合仪器原理、图形类型、参数含义、正常范围、颜色编码方式及特殊疾病特征，并与临床表现和其他检查结果综合分析，从而提高角膜疾病诊断及角膜、眼前段手术设计的准确性。",6b0aa609-ed2c-45f4-b903-cac54f400709
20-检查：角膜地形图、前节分析与共聚焦,4fdc823c-4867-4304-be99-71a539390709,10000,6968afb0-fb54-43c6-880f-c88d65a4c816,角膜断层地形图学（第2版）-王勤美译 2014_weknora.mhtml,角膜断层地形图学（第2版）-王勤美译 2014_weknora.mhtml,"# 角膜断层地形图学

Elevation Based Corneal Tomography

第2版

主编 Michael W. Belin, MD, FACS

Stephen S. Khachikian, MD

Renato Ambrósio Jr., MD, PhD

主译 王勤美

# 角膜断层地形图学

# Elevation Based Corneal Tomography

# 第2版

主编 Michael W. Belin, MD, FACS

Stephen S. Khachikian, MD

Renato Ambrósio Jr., MD, PhD

主 译 王勤美

副主译 黄锦海 俞阿勇

译者（按姓氏汉语笔画排序）

朱铁培 许琛琛 李坚 李智冬

吴光波 余野 陈世豪 胡亮

人民卫生出版社

## 敬告

本书的作者、译者及出版者已尽力使书中的知识符合出版当时国内普遍接受的标准。但医学在不断地发展，随着科学研究的不断探索，各种诊断分析程序和临床治疗方案以及药物使用方法都在不断更新。强烈建议读者在使用本书涉及的诊疗仪器或药物时，认真研读使用说明，尤",completed,4ae6f990-b455-4c31-b471-8aa6d5aa1be5,"# Summary
# 角膜断层地形图学

Elevation Based Corneal Tomography

第2版

主编 Michael W. Belin, MD, FACS

Stephen S. Khachikian, MD

Renato Ambrósio Jr., MD, PhD

主译 王勤美

# 角膜断层地形图学

# Elevation Based Corneal Tomography

# 第2版

主编 Michael W. Belin, MD, FACS

Stephen S. Khachikian, MD

Renato Ambrósio Jr., MD, PhD

主 译 王勤美

副主译 黄锦海 俞阿勇

译者（按姓氏汉语笔画排序）

朱铁培 许琛琛 李坚 李智冬

吴光波 余野 陈世豪 胡亮

人民卫生出版社

## 敬告

本书的作者、译者及出版者已尽力使书中的知识符合出版当时国内普遍接受的标准。但医学在不断地发展，随着科学研究的不断探索，各种诊断分析程序和临床治疗方案以及药物使用方法都在不断更新。强烈建议读者在使用本书涉及的诊疗仪器或药物时，认真研读使用说明，尤",a9ff600c-8ee2-4ebc-b7ff-8cfc8e966a9b
03-白内障：晶状体与人工晶体,a0f47c80-3a66-46c8-8315-43b41ce357ea,10000,33ba90ed-027f-43f5-90d4-8b817caf8a48,晶状体病学-何守志 2014_weknora.mhtml,晶状体病学-何守志 2014_weknora.mhtml,"## 第 $ ^{②} $版 Diseases of the Lens 晶状体病学

何守志 编著

纵观《晶状体病学》第2版，有三个突出特点。第一是坚持瞄准国内外前沿，围绕“新”字做出其新颖性；第二是坚持学术性导向，博采众家所长，基础和临床并举，以表现其全面性和权威性；全部灰度图均由作者结合自己经验在电脑绘制，使文字和图例互补，以体现所表达内容的生动和真实

本书参阅了大量国内外文献，还邀请十几位国内顶尖白内障学者参编，彰显编著者对本书倾注的大量精力和心血。本书内容丰富，文字流畅，图文并茂，实用性强，堪称精品。

—谢立信

何守志教授是我的老朋友，特别是在白内障学术领域共同走过了数十年，他的组织天赋和学术创新思维，正像他的歌声一样充满激情，热烈奔放，令人十分敬佩。

—谢立信

本书是一本全面介绍晶状体及其白内障基础理论和临床实践，以及相关新技术、新进展的专业参考书。自2004年第1版出版以来，受到广泛欢迎和各方面赞誉。几年来，眼科发展日新月异，有关白内障的基础研究及临床新技术更是层出不穷。为保持本书既注重基本知识又瞄准学术前沿的特色，迫切需要更新和增加新内容。为此特邀请国内众多顶",completed,9a53a906-5705-4758-8267-d8c86119fdb8,"# Summary
## 第 $ ^{②} $版 Diseases of the Lens 晶状体病学

何守志 编著

纵观《晶状体病学》第2版，有三个突出特点。第一是坚持瞄准国内外前沿，围绕“新”字做出其新颖性；第二是坚持学术性导向，博采众家所长，基础和临床并举，以表现其全面性和权威性；全部灰度图均由作者结合自己经验在电脑绘制，使文字和图例互补，以体现所表达内容的生动和真实

本书参阅了大量国内外文献，还邀请十几位国内顶尖白内障学者参编，彰显编著者对本书倾注的大量精力和心血。本书内容丰富，文字流畅，图文并茂，实用性强，堪称精品。

—谢立信

何守志教授是我的老朋友，特别是在白内障学术领域共同走过了数十年，他的组织天赋和学术创新思维，正像他的歌声一样充满激情，热烈奔放，令人十分敬佩。

—谢立信

本书是一本全面介绍晶状体及其白内障基础理论和临床实践，以及相关新技术、新进展的专业参考书。自2004年第1版出版以来，受到广泛欢迎和各方面赞誉。几年来，眼科发展日新月异，有关白内障的基础研究及临床新技术更是层出不穷。为保持本书既注重基本知识又瞄准学术前沿的特色，迫切需要更新和增加新内容。为此特邀请国内众多顶",fd237d29-9c5b-4dc0-9a21-8aebc8fd5a59
20-检查：角膜地形图、前节分析与共聚焦,4fdc823c-4867-4304-be99-71a539390709,10000,663e0838-d32d-4cb1-885d-5f5d2dd7e38c,活体角膜激光共聚焦显微镜图谱-孙旭光 2014_weknora.mhtml,活体角膜激光共聚焦显微镜图谱-孙旭光 2014_weknora.mhtml,"# 活体角膜激光共聚焦显微镜图谱

主编 孙旭光

人民军医出版社

# 活体角膜激光共聚焦 显微镜图谱

主 编 孙旭光

副主编 邓世靖

编委（以姓氏笔画为序）

王森 王智群 邓世靖 刘畅

孙旭光 李炜炜 张琛 张小艳

张丰菊 侯文博 姜 超 梁庆丰

图书在版编目(CIP)数据

活体角膜激光共聚焦显微镜图谱/孙旭光主编．—北京：人民军医出版社，2014.4

ISBN 978-7-5091-7457-9

Ⅰ. ①活… Ⅱ. ①孙… Ⅲ. ①角膜—共聚焦激光扫描显微镜—图谱 Ⅳ. ①R322.9-64

中国版本图书馆 CIP 数据核字（2014）第 066659 号

## 内容提要

本图谱共分为14章，集中了作者及其课题组多年来积累的、典型角结膜疾病的活体角膜激光共聚焦显微镜观察图片和角膜外伤图片，共312幅，内容主要涉及正常角结膜组织、感染性角膜病、免疫性角膜病、角膜营养不良与变性、神经营养性角膜病变、角膜手术后、药源性角膜病变及全身疾病相关性角膜病与角膜外伤等。为了使广大眼科医师能够更好地将活体角膜激光共聚焦显微镜图像信息与临床相结合，本图谱编写中还在部分章节",completed,016c066a-9e49-4bbc-9152-bc878e45a801,"# Summary
# 活体角膜激光共聚焦显微镜图谱

主编 孙旭光

人民军医出版社

# 活体角膜激光共聚焦 显微镜图谱

主 编 孙旭光

副主编 邓世靖

编委（以姓氏笔画为序）

王森 王智群 邓世靖 刘畅

孙旭光 李炜炜 张琛 张小艳

张丰菊 侯文博 姜 超 梁庆丰

图书在版编目(CIP)数据

活体角膜激光共聚焦显微镜图谱/孙旭光主编．—北京：人民军医出版社，2014.4

ISBN 978-7-5091-7457-9

Ⅰ. ①活… Ⅱ. ①孙… Ⅲ. ①角膜—共聚焦激光扫描显微镜—图谱 Ⅳ. ①R322.9-64

中国版本图书馆 CIP 数据核字（2014）第 066659 号

## 内容提要

本图谱共分为14章，集中了作者及其课题组多年来积累的、典型角结膜疾病的活体角膜激光共聚焦显微镜观察图片和角膜外伤图片，共312幅，内容主要涉及正常角结膜组织、感染性角膜病、免疫性角膜病、角膜营养不良与变性、神经营养性角膜病变、角膜手术后、药源性角膜病变及全身疾病相关性角膜病与角膜外伤等。为了使广大眼科医师能够更好地将活体角膜激光共聚焦显微镜图像信息与临床相结合，本图谱编写中还在部分章节",95b16496-852c-4bb9-a49f-326779b7a638
04-屈光与视光：近视、接触镜与低视力,c73385b9-c154-4103-a93e-2d4c31f2423a,10000,712c223d-8ccd-4e23-8a46-dc1ff30c178f,临床视光学-杨智宽 2014_weknora.mhtml,临床视光学-杨智宽 2014_weknora.mhtml,"# 临床视光学

第2版

主编 杨智宽

|  |
| --- |
| (R-4735.01) |
| www.sciencep.com |
|  |
| 科学出版社 医药卫生出版分社：010-64006727 (投稿) 64034601 (购书)-mail: med-prof@mail.sciencep.com |
| 定价：128.00 元 |

# 临床视光学

第2版

主编 杨智宽

## 内容简介

本书共二十二章，涵盖了眼科屈光学和传统视光学的基本内容，从眼球的胚胎发育、正视化过程入手，对视觉感知过程及其影响因素进行阐述，然后对各种屈光不正、调节与老视、双眼视觉异常、低视力等问题进行详细深入的介绍。最值得一提的是，本书紧密结合临床，对影响视觉成像的眼科疾病、眼科疾病手术后的屈光问题、各种屈光不正的配镜原则和常见错误、影响屈光的药物以及验光配镜的质量控制进行了专题讨论，对角膜接触镜重点介绍其在眼科疾病中的临床应用。

本书适合眼科医师、视光医师、验光师以及视觉科学研究人员阅读，还可供在校负责卫生工作的相关人员及关注青少年视觉问题的人士参考，部分内容对眼镜店进行医学验光配镜",completed,9097581d-59e1-403e-ad40-0f41ea22810f,"# Summary
# 临床视光学

第2版

主编 杨智宽

|  |
| --- |
| (R-4735.01) |
| www.sciencep.com |
|  |
| 科学出版社 医药卫生出版分社：010-64006727 (投稿) 64034601 (购书)-mail: med-prof@mail.sciencep.com |
| 定价：128.00 元 |

# 临床视光学

第2版

主编 杨智宽

## 内容简介

本书共二十二章，涵盖了眼科屈光学和传统视光学的基本内容，从眼球的胚胎发育、正视化过程入手，对视觉感知过程及其影响因素进行阐述，然后对各种屈光不正、调节与老视、双眼视觉异常、低视力等问题进行详细深入的介绍。最值得一提的是，本书紧密结合临床，对影响视觉成像的眼科疾病、眼科疾病手术后的屈光问题、各种屈光不正的配镜原则和常见错误、影响屈光的药物以及验光配镜的质量控制进行了专题讨论，对角膜接触镜重点介绍其在眼科疾病中的临床应用。

本书适合眼科医师、视光医师、验光师以及视觉科学研究人员阅读，还可供在校负责卫生工作的相关人员及关注青少年视觉问题的人士参考，部分内容对眼镜店进行医学验光配镜",41aa5309-a259-4a72-bb6f-d82a0b437779
07-玻璃体视网膜外科,a6b50bbd-5223-4776-88b7-ac57a59a3fcf,10000,f8a4ec0e-a3e4-458a-8ac7-a277851f606f,临床眼底病 外科卷-张少冲 2014_weknora.mhtml,临床眼底病 外科卷-张少冲 2014_weknora.mhtml,"《临床眼底病·外科卷》是由刘文主编、人民卫生出版社于2014年出版的眼科学专著，外科卷主编为张少冲、吕林。该书是国内外首次将眼底疾病分为内科卷与外科卷论述的尝试，外科卷着重介绍眼底手术的基本原理、手术步骤与治疗效果，配有1 915张图片和94个典型病例，强调以图像直观展示诊疗过程，帮助读者掌握各类眼底外科疾病的处理技术。

图书内容包括序言、前言、基础篇及各论篇。美国视网膜专家David S. Dyer在序中回顾了视网膜疾病治疗从限制视力丧失向最大程度恢复视力的转变，并高度评价本书为眼底病诊疗的全面资源。正文节选部分首先介绍了周边部视网膜的改变，区分了无临床意义的正常变异（如径向褶、锯齿凹闭合）与发育性异常（如非囊性视网膜突起、悬韧带牵拉突起），以及周边囊样变性、铺路石样变性等周边变性，强调认识这些改变以避免不必要的治疗。随后阐述后极部裂孔性视网膜脱离的病因与发病机制，涉及高度近视、眼外伤、血管性疾病、感染及手术等因素，并描述其症状与体征，强调找到视网膜裂孔是诊断和治疗的关键。书中还附有典型病例诊治过程及抗病毒药物用量附录。

编后记详细记录了本书五年编写历程，包括大量原始资料的核实、病例随访及治疗前后图像的采集整理，同时表达了作者对恩师、家人及参与编写各单位的感谢。",completed,88188bf9-c552-444b-bfaf-29bb8a3a1e76,"# Summary
《临床眼底病·外科卷》是由刘文主编、人民卫生出版社于2014年出版的眼科学专著，外科卷主编为张少冲、吕林。该书是国内外首次将眼底疾病分为内科卷与外科卷论述的尝试，外科卷着重介绍眼底手术的基本原理、手术步骤与治疗效果，配有1 915张图片和94个典型病例，强调以图像直观展示诊疗过程，帮助读者掌握各类眼底外科疾病的处理技术。

图书内容包括序言、前言、基础篇及各论篇。美国视网膜专家David S. Dyer在序中回顾了视网膜疾病治疗从限制视力丧失向最大程度恢复视力的转变，并高度评价本书为眼底病诊疗的全面资源。正文节选部分首先介绍了周边部视网膜的改变，区分了无临床意义的正常变异（如径向褶、锯齿凹闭合）与发育性异常（如非囊性视网膜突起、悬韧带牵拉突起），以及周边囊样变性、铺路石样变性等周边变性，强调认识这些改变以避免不必要的治疗。随后阐述后极部裂孔性视网膜脱离的病因与发病机制，涉及高度近视、眼外伤、血管性疾病、感染及手术等因素，并描述其症状与体征，强调找到视网膜裂孔是诊断和治疗的关键。书中还附有典型病例诊治过程及抗病毒药物用量附录。

编后记详细记录了本书五年编写历程，包括大量原始资料的核实、病例随访及治疗前后图像的采集整理，同时表达了作者对恩师、家人及参与编写各单位的感谢。",25020411-b7f3-44d3-937b-a23a9c0c3286
05-青光眼,8bf942e4-80dc-4a8a-87cf-486f897fe2bd,10000,d50eb963-7f68-4bbc-8d6b-c8502e71864d,青光眼诊断图谱-唐炘 2014_weknora.mhtml,青光眼诊断图谱-唐炘 2014_weknora.mhtml,"《青光眼诊断图谱》是由首都医科大学附属北京同仁医院唐炘主编、人民卫生出版社2014年出版的眼科诊断图谱类专著。序言与前言指出，青光眼是一组复杂、顽固、善变的疾病，本书基于同仁眼科近130年诊治大量青光眼患者的丰富经验编纂而成，旨在通过图文并茂的形式展现各类青光眼的典型临床表现和鉴别诊断要点，特别是体现剥脱综合征、色素性青光眼、虹膜角膜内皮综合征、Fuchs综合征等疾病在中国人中的眼部特征，帮助各级眼科医生减少疑难青光眼的误诊漏诊，降低致盲率。

全书收录上千幅珍贵图片。第一章阐述原发性开角型青光眼（POAG）：起病隐匿、双眼发病，以眼压升高为主要危险因素，特征为房角开放、视盘盘沿变窄或切迹、视网膜神经纤维层缺损（RNFLD）及旁中心暗点、鼻侧阶梯、弓形暗点等青光眼性视野缺损，并给出诊断标准及与高眼压症、生理性大视杯、前部缺血性视神经病变、视神经压迫性损害、先天性视神经发育异常等的鉴别要点。第二章第一节介绍急性闭角型青光眼，好发于40岁以上女性，发病机制主要为瞳孔阻滞致房角突然关闭，按临床经过分为临床前期、先兆期、急性发作期、缓解期、慢性期和绝对期六期，典型体征包括色素性KP、虹膜节段性萎缩、“青光眼斑”、瞳孔散大固定等，并详述与恶性青光眼、真性小眼球、急性虹膜睫状体炎等的鉴别。

第七章节选部分涉及青光眼睫状体炎综合征（单眼反复发作、眼压显著升高伴特征性羊脂状KP、房角开放）及Fuchs综合征（经典三联征为轻度前葡萄膜炎、虹膜异色和白内障，KP经久不消，虹膜虫蚀样萎缩但无前后粘连，19%～38%继发开角型青光眼），以及单纯疱疹病毒感染导致眼压升高（单疱病毒性角膜葡萄膜炎约28%出现眼压升高）。第十四章介绍抗青光眼药物相关并发症，包括滤泡性结膜炎、防腐剂（苯扎氯铵）所致眼表损伤与假性树枝状角膜炎、毛果芸香碱长期使用引起的慢性前葡萄膜炎，以及滤过泡针拨联合MMC注射或术中药物误用等诱",completed,7762eeef-114c-4507-ac21-9fb3883c2568,"# Summary
《青光眼诊断图谱》是由首都医科大学附属北京同仁医院唐炘主编、人民卫生出版社2014年出版的眼科诊断图谱类专著。序言与前言指出，青光眼是一组复杂、顽固、善变的疾病，本书基于同仁眼科近130年诊治大量青光眼患者的丰富经验编纂而成，旨在通过图文并茂的形式展现各类青光眼的典型临床表现和鉴别诊断要点，特别是体现剥脱综合征、色素性青光眼、虹膜角膜内皮综合征、Fuchs综合征等疾病在中国人中的眼部特征，帮助各级眼科医生减少疑难青光眼的误诊漏诊，降低致盲率。

全书收录上千幅珍贵图片。第一章阐述原发性开角型青光眼（POAG）：起病隐匿、双眼发病，以眼压升高为主要危险因素，特征为房角开放、视盘盘沿变窄或切迹、视网膜神经纤维层缺损（RNFLD）及旁中心暗点、鼻侧阶梯、弓形暗点等青光眼性视野缺损，并给出诊断标准及与高眼压症、生理性大视杯、前部缺血性视神经病变、视神经压迫性损害、先天性视神经发育异常等的鉴别要点。第二章第一节介绍急性闭角型青光眼，好发于40岁以上女性，发病机制主要为瞳孔阻滞致房角突然关闭，按临床经过分为临床前期、先兆期、急性发作期、缓解期、慢性期和绝对期六期，典型体征包括色素性KP、虹膜节段性萎缩、“青光眼斑”、瞳孔散大固定等，并详述与恶性青光眼、真性小眼球、急性虹膜睫状体炎等的鉴别。

第七章节选部分涉及青光眼睫状体炎综合征（单眼反复发作、眼压显著升高伴特征性羊脂状KP、房角开放）及Fuchs综合征（经典三联征为轻度前葡萄膜炎、虹膜异色和白内障，KP经久不消，虹膜虫蚀样萎缩但无前后粘连，19%～38%继发开角型青光眼），以及单纯疱疹病毒感染导致眼压升高（单疱病毒性角膜葡萄膜炎约28%出现眼压升高）。第十四章介绍抗青光眼药物相关并发症，包括滤泡性结膜炎、防腐剂（苯扎氯铵）所致眼表损伤与假性树枝状角膜炎、毛果芸香碱长期使用引起的慢性前葡萄膜炎，以及滤过泡针拨联合MMC注射或术中药物误用等诱",8ab94545-5abd-4bf5-85d4-8bc1c2995704
02-角膜与眼表,f041b2b7-3147-4deb-a2f2-0de5cc53d296,10000,2f064609-b9e2-4cd1-a1df-1c1ca954ce18,同仁角结膜病例精解-孙旭光 2014_weknora.mhtml,同仁角结膜病例精解-孙旭光 2014_weknora.mhtml,"《同仁角结膜病例精粹》是由孙旭光主编、人民军医出版社于2014年4月出版的临床眼科学专著，副主编为梁庆丰。全书约118千字，定价56.00元。该书汇集了北京同仁医院眼科研究组在临床实践中积累的典型与疑难角结膜病例，旨在通过实际病例从疾病、患者及医生经验三方面分享角膜疾病的诊治思路，提高临床诊疗水平。

前言指出，典型病例是认识疾病的出发点，疑难病例是建立临床诊疗思路与积累经验的基础。书中病例覆盖范围广泛，包括在不同危险因素下发生的多种病原体角膜感染，如外伤或角膜塑形镜相关的阿米巴及奴卡菌性角膜炎；与全身疾病相关的角膜病变，如银屑病相关性角膜病变、先天性红细胞生成性卟啉病合并巩膜病变、甲状腺功能亢进相关性Theodore上方角膜缘角结膜炎；常见的典型病例，如眼睑阴虱感染、红斑痤疮并发眼部病变、药源性角膜病变；少见的准分子激光角膜磨镶术后非结核分枝杆菌性角膜炎及儿童眼部带状疱疹；以及罕见的先天性痛觉缺失伴角膜溃疡等。

第1章“感染性角结膜病”收录多个具体病例，包括放射状角膜切开术后铜绿假单胞菌性角膜炎、角膜塑形镜相关奴卡菌性角膜炎、准分子激光角膜磨镶术后单眼及双眼非结核分枝杆菌性角膜炎、蕈状芽胞杆菌性角膜炎以及外伤后放线菌性角膜炎。各病例均按“病例摘要—病例讨论”结构编排，详述患者病史、眼部检查、实验室检查、临床诊断、治疗经过及经验总结。后续章节还涉及红斑痤疮性眼部病变、Theodore上方角膜缘角结膜炎、眼睑板腺癌及原发性虹膜基质囊肿等病例，并配有裂隙灯照片、病理检查及影像学图片。全书强调药物与手术相结合、局部与全身治疗相结合的诊治原则，并提醒注意医源性感染防控及疑难病例的鉴别诊断。",completed,3c800633-9e56-473c-8ed7-67c0408ebbbf,"# Summary
《同仁角结膜病例精粹》是由孙旭光主编、人民军医出版社于2014年4月出版的临床眼科学专著，副主编为梁庆丰。全书约118千字，定价56.00元。该书汇集了北京同仁医院眼科研究组在临床实践中积累的典型与疑难角结膜病例，旨在通过实际病例从疾病、患者及医生经验三方面分享角膜疾病的诊治思路，提高临床诊疗水平。

前言指出，典型病例是认识疾病的出发点，疑难病例是建立临床诊疗思路与积累经验的基础。书中病例覆盖范围广泛，包括在不同危险因素下发生的多种病原体角膜感染，如外伤或角膜塑形镜相关的阿米巴及奴卡菌性角膜炎；与全身疾病相关的角膜病变，如银屑病相关性角膜病变、先天性红细胞生成性卟啉病合并巩膜病变、甲状腺功能亢进相关性Theodore上方角膜缘角结膜炎；常见的典型病例，如眼睑阴虱感染、红斑痤疮并发眼部病变、药源性角膜病变；少见的准分子激光角膜磨镶术后非结核分枝杆菌性角膜炎及儿童眼部带状疱疹；以及罕见的先天性痛觉缺失伴角膜溃疡等。

第1章“感染性角结膜病”收录多个具体病例，包括放射状角膜切开术后铜绿假单胞菌性角膜炎、角膜塑形镜相关奴卡菌性角膜炎、准分子激光角膜磨镶术后单眼及双眼非结核分枝杆菌性角膜炎、蕈状芽胞杆菌性角膜炎以及外伤后放线菌性角膜炎。各病例均按“病例摘要—病例讨论”结构编排，详述患者病史、眼部检查、实验室检查、临床诊断、治疗经过及经验总结。后续章节还涉及红斑痤疮性眼部病变、Theodore上方角膜缘角结膜炎、眼睑板腺癌及原发性虹膜基质囊肿等病例，并配有裂隙灯照片、病理检查及影像学图片。全书强调药物与手术相结合、局部与全身治疗相结合的诊治原则，并提醒注意医源性感染防控及疑难病例的鉴别诊断。",6c5dd800-fd6b-4d28-a818-66853ed4ad40
06-眼底病与视网膜内科,f900fe21-9deb-47e0-bf36-ce06022cae92,10000,33e63b89-d943-4034-b852-21801d82d164,同仁眼底激光治疗手册-魏文斌 2014_weknora.mhtml,同仁眼底激光治疗手册-魏文斌 2014_weknora.mhtml,"《同仁眼底激光治疗手册》由魏文斌、史雪辉编著，首都医科大学附属北京同仁医院眼科编写，2014年由人民卫生出版社出版。手册基于同仁医院眼科临床经验，系统介绍眼底病激光治疗的基本原理、适应证、操作规范及并发症防范，强调激光自20世纪60年代应用于眼科以来，已成为眼底病最基本的治疗技术。

手册首先阐述激光的基本概念与物理特性：激光即“受激辐射光放大”，1960年诞生首台红宝石激光器，1963年应用于眼科临床。激光具有单色性好、方向性好、相干性好、能量密度高等特性。在眼组织应用基础方面，激光依赖眼球屈光间质透明及眼底色素吸收特性；450～1000nm波长激光在透明屈光间质透射率达95%。眼底黑色素、血红蛋白和叶黄素对不同波长激光的吸收各异，影响治疗波长选择。激光生物学效应包括光热效应（温热、凝固、汽化、炭化、气化）、电离效应（如Q-Nd:YAG激光）和光化学效应（如光动力疗法）。

在激光器选择方面，手册按波长分类介绍了绿、黄、红、红外激光器的特点与适用情况：绿色激光常用于屈光间质透明时的视网膜光凝；黄色激光适合黄斑部病变及血管性疾病；红色及红外激光穿透力强，适用于屈光间质混浊、视网膜下及脉络膜疾病。激光治疗四要素为波长、光斑直径、曝光时间和输出功率，能量密度公式为D=P×T/A，参数需根据病变灵活调节。

临床部分涉及多种疾病：视网膜血管炎需根据FFA对无灌注区、新生血管及渗漏区进行播散光凝，出现视盘新生血管时行全视网膜光凝；急性视网膜坏死综合征可通过“堤坝式”光凝阻止坏死灶向后极部扩展，预防视网膜脱离。脉络膜骨瘤可选用激光光凝、TTT或PDT治疗；脉络膜转移癌首选TTT，也可用光凝或PDT，同时需关注患者全身状况，其生命预后较差。",completed,7f492349-8bde-4483-883f-f2949583e283,"# Summary
《同仁眼底激光治疗手册》由魏文斌、史雪辉编著，首都医科大学附属北京同仁医院眼科编写，2014年由人民卫生出版社出版。手册基于同仁医院眼科临床经验，系统介绍眼底病激光治疗的基本原理、适应证、操作规范及并发症防范，强调激光自20世纪60年代应用于眼科以来，已成为眼底病最基本的治疗技术。

手册首先阐述激光的基本概念与物理特性：激光即“受激辐射光放大”，1960年诞生首台红宝石激光器，1963年应用于眼科临床。激光具有单色性好、方向性好、相干性好、能量密度高等特性。在眼组织应用基础方面，激光依赖眼球屈光间质透明及眼底色素吸收特性；450～1000nm波长激光在透明屈光间质透射率达95%。眼底黑色素、血红蛋白和叶黄素对不同波长激光的吸收各异，影响治疗波长选择。激光生物学效应包括光热效应（温热、凝固、汽化、炭化、气化）、电离效应（如Q-Nd:YAG激光）和光化学效应（如光动力疗法）。

在激光器选择方面，手册按波长分类介绍了绿、黄、红、红外激光器的特点与适用情况：绿色激光常用于屈光间质透明时的视网膜光凝；黄色激光适合黄斑部病变及血管性疾病；红色及红外激光穿透力强，适用于屈光间质混浊、视网膜下及脉络膜疾病。激光治疗四要素为波长、光斑直径、曝光时间和输出功率，能量密度公式为D=P×T/A，参数需根据病变灵活调节。

临床部分涉及多种疾病：视网膜血管炎需根据FFA对无灌注区、新生血管及渗漏区进行播散光凝，出现视盘新生血管时行全视网膜光凝；急性视网膜坏死综合征可通过“堤坝式”光凝阻止坏死灶向后极部扩展，预防视网膜脱离。脉络膜骨瘤可选用激光光凝、TTT或PDT治疗；脉络膜转移癌首选TTT，也可用光凝或PDT，同时需关注患者全身状况，其生命预后较差。",7b8071e6-cc7b-4c2f-84bb-bc5737c4591a
22-检查：综合检查与仪器,16f1a07d-8623-4655-b09e-502d32d0610a,10000,d68a78ee-768d-4c74-93e8-c6a9239f0276,同仁眼科诊疗指南-魏文斌 2014_weknora.mhtml,同仁眼科诊疗指南-魏文斌 2014_weknora.mhtml,"《同仁眼科诊疗指南》是由魏文斌主编、人民卫生出版社于2014年出版的眼科临床诊疗规范手册，内容基于北京同仁医院眼科百余年临床经验的积累。该院眼科为国家重点学科及首批国家临床重点专科，日接诊量达数千人次，为此本次修订旨在统一诊疗操作规范，以保障医疗质量。

在病史采集方面，指南规定了按一般资料、主诉、现病史、既往史、个人史、家族史逐项询问记录的要求，并强调两眼分别记录、患眼在先的注意事项。视功能检查部分详细介绍了远视力、近视力、视网膜功能、婴幼儿视力的检查方法，如国际标准视力表操作流程、指数/手动/光感的递进检测，以及注视反应、选择性观看、视动性眼震等婴幼儿检查法；同时涵盖动态与静态视野检查、色觉检查、立体视检查，并系统列出了伪装单眼全盲及视力减退的多种伪盲鉴别试验方法（如瞬目试验、三棱镜试验、Jackson试验等）及其与癔症性盲目、皮质盲、球后视神经炎的鉴别要点。

裂隙灯检查部分阐述了裂隙灯的结构、6种基本检查方法及角膜、前房、虹膜、瞳孔、晶状体、玻璃体、眼底等各部位的具体检查内容和操作要点，并介绍了前置镜、前房角镜等附件的应用。指南还涉及眼内感染性疾病的诊治，包括术后及外伤性眼内炎的急诊处理原则、内源性细菌性眼内炎的抗生素选择（头孢唑林、庆大霉素、环丙沙星等）及玻璃体切除术的适应证、晶状体过敏性眼内炎的诊断，以及虹膜囊肿（原发与继发性）和脉络膜血管瘤（孤立性与弥漫性）的临床表现、鉴别诊断与治疗方法。

书末附有大量临床参考数据，包括眼外肌解剖参数、眼眶及睫状神经节数据、小儿视力发育表、视力记录法换算表、WHO低视力与盲分级标准、各年龄调节力与近点距离、正常视野范围、隐斜及融合力参考值、眼压及激发试验正常参考值等。",completed,b8898738-0bfd-4289-9777-eb0d0ca0b326,"# Summary
《同仁眼科诊疗指南》是由魏文斌主编、人民卫生出版社于2014年出版的眼科临床诊疗规范手册，内容基于北京同仁医院眼科百余年临床经验的积累。该院眼科为国家重点学科及首批国家临床重点专科，日接诊量达数千人次，为此本次修订旨在统一诊疗操作规范，以保障医疗质量。

在病史采集方面，指南规定了按一般资料、主诉、现病史、既往史、个人史、家族史逐项询问记录的要求，并强调两眼分别记录、患眼在先的注意事项。视功能检查部分详细介绍了远视力、近视力、视网膜功能、婴幼儿视力的检查方法，如国际标准视力表操作流程、指数/手动/光感的递进检测，以及注视反应、选择性观看、视动性眼震等婴幼儿检查法；同时涵盖动态与静态视野检查、色觉检查、立体视检查，并系统列出了伪装单眼全盲及视力减退的多种伪盲鉴别试验方法（如瞬目试验、三棱镜试验、Jackson试验等）及其与癔症性盲目、皮质盲、球后视神经炎的鉴别要点。

裂隙灯检查部分阐述了裂隙灯的结构、6种基本检查方法及角膜、前房、虹膜、瞳孔、晶状体、玻璃体、眼底等各部位的具体检查内容和操作要点，并介绍了前置镜、前房角镜等附件的应用。指南还涉及眼内感染性疾病的诊治，包括术后及外伤性眼内炎的急诊处理原则、内源性细菌性眼内炎的抗生素选择（头孢唑林、庆大霉素、环丙沙星等）及玻璃体切除术的适应证、晶状体过敏性眼内炎的诊断，以及虹膜囊肿（原发与继发性）和脉络膜血管瘤（孤立性与弥漫性）的临床表现、鉴别诊断与治疗方法。

书末附有大量临床参考数据，包括眼外肌解剖参数、眼眶及睫状神经节数据、小儿视力发育表、视力记录法换算表、WHO低视力与盲分级标准、各年龄调节力与近点距离、正常视野范围、隐斜及融合力参考值、眼压及激发试验正常参考值等。",b70244ee-7bdb-425e-8dfc-d1be20e37bc6
06-眼底病与视网膜内科,f900fe21-9deb-47e0-bf36-ce06022cae92,10000,9c37e131-0d3c-4d4c-b8c6-9692eb0f67df,同仁荧光素眼底血管造影-魏文斌 2014_weknora.mhtml,同仁荧光素眼底血管造影-魏文斌 2014_weknora.mhtml,"《同仁荧光素眼底血管造影手册》由魏文斌、杨丽红编著，属同仁眼科手册系列，2014年由人民卫生出版社出版。前言指出，该手册基于北京同仁医院眼科的临床积累，同仁医院眼科已有127年历史，为国家级重点学科和首批国家临床重点专科，2012年门诊量达93万人次。眼底荧光血管造影（FFA）自20世纪60年代应用于临床，至今仍是眼底病诊断、鉴别诊断、治疗与随诊的基本影像技术。

第一章阐述基本理论。荧光素钠吸收光谱位于465—490nm蓝光区，发射光谱位于520—530nm黄绿区，可通过滤光片区分激发光与荧光；其80%以上与血浆蛋白结合，游离分子可自由通过脉络膜毛细血管和Bruch膜，但无法通过血视网膜屏障及RPE封闭小带。造影流程包括造影前眼底检查、自发荧光拍摄（对卵黄样病变、Stargardt病、中浆等有价值）、皮试、静脉注射（成人常规3—5ml）及分期拍片。不良反应分轻、中、重度，恶心呕吐最常见（发生率低于5%），重度反应罕见，文献报道22万例研究中出现1例相关性死亡。设备部分重点介绍海德堡HRA-Ⅱ共焦激光扫描造影仪，其优势包括分辨率高、曝光量低、立体造影、动态造影、FFA与ICGA同步造影以及对老幼患者更安全。

第二章总结读片六原则：同病异影、异病同影、形影不离（须结合眼底彩照）、时移影异（以时间为主线动态观察）、鉴影度形（分析异常荧光形态）、相时而动（对特定病变做动态观察）。

第七章介绍视网膜静脉阻塞，将中央静脉阻塞分为不完全性、轻中度及严重缺血性三类，FFA是区分缺血型与非缺血型的可靠手段；视网膜分支静脉阻塞多发生于动静脉交叉处，44%—60%累及颞上支，无灌注区超过5个视盘面积者须密切随诊有无新生血管。另介绍IRVAN综合征，以多发后极部动脉瘤、周边视网膜血管阻塞和血管炎为特征，需与Coats病鉴别。第八章提及梅毒性脉络膜视网膜炎眼底表现多样。第十五章讲述脉络膜骨瘤、黑色素瘤、转移癌及黑色素细胞瘤等肿瘤的FFA与ICGA特征。",completed,6a0f8973-7f8d-4dfa-b3a3-949ef84b09e5,"# Summary
《同仁荧光素眼底血管造影手册》由魏文斌、杨丽红编著，属同仁眼科手册系列，2014年由人民卫生出版社出版。前言指出，该手册基于北京同仁医院眼科的临床积累，同仁医院眼科已有127年历史，为国家级重点学科和首批国家临床重点专科，2012年门诊量达93万人次。眼底荧光血管造影（FFA）自20世纪60年代应用于临床，至今仍是眼底病诊断、鉴别诊断、治疗与随诊的基本影像技术。

第一章阐述基本理论。荧光素钠吸收光谱位于465—490nm蓝光区，发射光谱位于520—530nm黄绿区，可通过滤光片区分激发光与荧光；其80%以上与血浆蛋白结合，游离分子可自由通过脉络膜毛细血管和Bruch膜，但无法通过血视网膜屏障及RPE封闭小带。造影流程包括造影前眼底检查、自发荧光拍摄（对卵黄样病变、Stargardt病、中浆等有价值）、皮试、静脉注射（成人常规3—5ml）及分期拍片。不良反应分轻、中、重度，恶心呕吐最常见（发生率低于5%），重度反应罕见，文献报道22万例研究中出现1例相关性死亡。设备部分重点介绍海德堡HRA-Ⅱ共焦激光扫描造影仪，其优势包括分辨率高、曝光量低、立体造影、动态造影、FFA与ICGA同步造影以及对老幼患者更安全。

第二章总结读片六原则：同病异影、异病同影、形影不离（须结合眼底彩照）、时移影异（以时间为主线动态观察）、鉴影度形（分析异常荧光形态）、相时而动（对特定病变做动态观察）。

第七章介绍视网膜静脉阻塞，将中央静脉阻塞分为不完全性、轻中度及严重缺血性三类，FFA是区分缺血型与非缺血型的可靠手段；视网膜分支静脉阻塞多发生于动静脉交叉处，44%—60%累及颞上支，无灌注区超过5个视盘面积者须密切随诊有无新生血管。另介绍IRVAN综合征，以多发后极部动脉瘤、周边视网膜血管阻塞和血管炎为特征，需与Coats病鉴别。第八章提及梅毒性脉络膜视网膜炎眼底表现多样。第十五章讲述脉络膜骨瘤、黑色素瘤、转移癌及黑色素细胞瘤等肿瘤的FFA与ICGA特征。",e6097dbf-10d3-49a5-960a-6c8f47665c91
06-眼底病与视网膜内科,f900fe21-9deb-47e0-bf36-ce06022cae92,10000,0693625e-b460-4d60-bd01-c77b45a6aa03,眼底血管造影图谱-Heimann 2014_weknora.mhtml,眼底血管造影图谱-Heimann 2014_weknora.mhtml,"《眼底血管造影图谱》是由海因里希·海曼、乌尔里希·克尔纳和米夏埃尔·弗尔斯特原著、赵红姝主译、照日格图与魏文斌译审的医学专著，由人民军医出版社于2014年出版。全书共10章，系统讲述荧光眼底血管造影与吲哚青绿血管造影的检查方法、不良反应、常见疾病的典型造影表现、发病机制及治疗原则，以大量配有细致描述的造影图像架起造影解读与临床决策之间的桥梁。

原版序言回顾了荧光血管造影自20世纪60年代确立为现代眼科标准检查方法以来的发展历程，指出ETDRS研究提出“有临床意义的黄斑水肿”概念，CNV新疗法使三级医疗中心造影数量倍增，并讨论了OCT、眼底自发荧光等技术对比于荧光造影的优势与局限。

第一章详述检查方法。荧光素钠是最常用的造影染料，70%～80%与血浆蛋白结合，通过肾清除。检查前需做好急救准备、建立可靠静脉通路，配备相应激发与记录滤光器。操作时静脉推注5ml 10%荧光素钠，连续拍摄动脉期至动静脉期图像，并在5、10、15分钟拍摄晚期像。图像判读具有主观性，应结合病史、彩色照片和既往造影结果综合诊断。作者强调避免不必要的血管造影，并列举了常被过度检查的疾病，如单纯临床诊断的年龄相关性黄斑病变、糖尿病视网膜病变常规检查等。正常造影中，染料依次充盈脉络膜与视网膜血管，RPE作为屏障阻止荧光素渗漏；异常表现分为高荧光与低荧光，前者见于窗样缺损、新生血管、屏障功能损害，后者源于遮蔽或灌注减少。

后续章节涉及多种眼底疾病。脉络膜痣多无需治疗，但需与小的葡萄膜黑色素瘤鉴别，肿瘤宽度＞2.0mm、邻近视盘、出现橙色色素、视网膜下液或复杂微循环为生长危险因素。脉络膜黑色素瘤是最常见的眼内原发性恶性肿瘤，白种人发病率7～8/1000 000，5年病死率10%～50%，造影中典型表现为“双循环”、早期低荧光及晚期高荧光。视盘水肿由颅内压高于眼压引起，多为双侧，造影显示扩张的视盘毛细血管过早渗漏，晚期弥漫高荧光。视盘旁视网膜和视网膜色素上皮联合错构瘤为罕见良性病变，特征为早期遮蔽、中期微血管瘤与扩张毛细血管网、晚期明显渗漏。视盘周围脉络膜新生血管可源于多种病因，造影显示早期中等量渗漏、晚期边界不清的高荧光，治疗可考虑激光光凝、视网膜下手术或光动力疗法。",completed,1f0d4edf-f367-4609-b190-f7f07e32a4d6,"# Summary
《眼底血管造影图谱》是由海因里希·海曼、乌尔里希·克尔纳和米夏埃尔·弗尔斯特原著、赵红姝主译、照日格图与魏文斌译审的医学专著，由人民军医出版社于2014年出版。全书共10章，系统讲述荧光眼底血管造影与吲哚青绿血管造影的检查方法、不良反应、常见疾病的典型造影表现、发病机制及治疗原则，以大量配有细致描述的造影图像架起造影解读与临床决策之间的桥梁。

原版序言回顾了荧光血管造影自20世纪60年代确立为现代眼科标准检查方法以来的发展历程，指出ETDRS研究提出“有临床意义的黄斑水肿”概念，CNV新疗法使三级医疗中心造影数量倍增，并讨论了OCT、眼底自发荧光等技术对比于荧光造影的优势与局限。

第一章详述检查方法。荧光素钠是最常用的造影染料，70%～80%与血浆蛋白结合，通过肾清除。检查前需做好急救准备、建立可靠静脉通路，配备相应激发与记录滤光器。操作时静脉推注5ml 10%荧光素钠，连续拍摄动脉期至动静脉期图像，并在5、10、15分钟拍摄晚期像。图像判读具有主观性，应结合病史、彩色照片和既往造影结果综合诊断。作者强调避免不必要的血管造影，并列举了常被过度检查的疾病，如单纯临床诊断的年龄相关性黄斑病变、糖尿病视网膜病变常规检查等。正常造影中，染料依次充盈脉络膜与视网膜血管，RPE作为屏障阻止荧光素渗漏；异常表现分为高荧光与低荧光，前者见于窗样缺损、新生血管、屏障功能损害，后者源于遮蔽或灌注减少。

后续章节涉及多种眼底疾病。脉络膜痣多无需治疗，但需与小的葡萄膜黑色素瘤鉴别，肿瘤宽度＞2.0mm、邻近视盘、出现橙色色素、视网膜下液或复杂微循环为生长危险因素。脉络膜黑色素瘤是最常见的眼内原发性恶性肿瘤，白种人发病率7～8/1000 000，5年病死率10%～50%，造影中典型表现为“双循环”、早期低荧光及晚期高荧光。视盘水肿由颅内压高于眼压引起，多为双侧，造影显示扩张的视盘毛细血管过早渗漏，晚期弥漫高荧光。视盘旁视网膜和视网膜色素上皮联合错构瘤为罕见良性病变，特征为早期遮蔽、中期微血管瘤与扩张毛细血管网、晚期明显渗漏。视盘周围脉络膜新生血管可源于多种病因，造影显示早期中等量渗漏、晚期边界不清的高荧光，治疗可考虑激光光凝、视网膜下手术或光动力疗法。",eda29d0d-bc06-4557-bbdd-41e155e893b6
01-眼科综合：基础与全身病,09c593aa-1a64-48de-af81-fc4d30d551b4,10000,7f1c652f-ae14-4523-876c-1bd908e0ebae,眼科病理学-赵桂秋 2014_weknora.mhtml,眼科病理学-赵桂秋 2014_weknora.mhtml,"《眼科病理学》第2版由赵桂秋、孙为荣主编，人民卫生出版社2014年出版。前言回顾了我国眼科病理学的发展历程，并阐明本书编写原则为先进性、科学性、实用性和可读性，全书共16章、50万字、图2193幅，图片均取自国人眼科病理切片。

第一章总论系统阐述了细胞、组织的适应与损伤。适应包括肥大（代偿性、内分泌性）、增生（生理性、病理性）、萎缩（生理性、病理性）和化生；损伤因素归纳为物理、化学、生物、免疫、遗传和营养六类；损伤机制涉及缺血缺氧性损伤及化学性毒性损伤等；形态学改变涵盖可逆性变性（细胞水肿、脂肪变性、玻璃样变性、淀粉样变性、黏液样变性、纤维素样变性、病理性色素沉积等）和不可逆性细胞死亡。

后续内容涉及多种视网膜血管疾病的病理改变，包括糖尿病性视网膜病变（微血管瘤、出血渗出、神经纤维层梗死、新生血管及增生膜形成等）、视网膜静脉周围炎（Eales病）、巨细胞动脉炎及Coats病（外层渗出性视网膜病变）的临床表现与病理特征。

此外，还介绍了现代眼科病理学技术：PCR基因重排检测、比较基因组杂交技术（CGH）、比较蛋白质组学技术、流式细胞技术以及形态计量与图像分析技术，说明了各自原理、方法、优点及临床应用。",completed,2343a7ea-d53b-4e49-b61d-35862fe5b61e,"# Summary
《眼科病理学》第2版由赵桂秋、孙为荣主编，人民卫生出版社2014年出版。前言回顾了我国眼科病理学的发展历程，并阐明本书编写原则为先进性、科学性、实用性和可读性，全书共16章、50万字、图2193幅，图片均取自国人眼科病理切片。

第一章总论系统阐述了细胞、组织的适应与损伤。适应包括肥大（代偿性、内分泌性）、增生（生理性、病理性）、萎缩（生理性、病理性）和化生；损伤因素归纳为物理、化学、生物、免疫、遗传和营养六类；损伤机制涉及缺血缺氧性损伤及化学性毒性损伤等；形态学改变涵盖可逆性变性（细胞水肿、脂肪变性、玻璃样变性、淀粉样变性、黏液样变性、纤维素样变性、病理性色素沉积等）和不可逆性细胞死亡。

后续内容涉及多种视网膜血管疾病的病理改变，包括糖尿病性视网膜病变（微血管瘤、出血渗出、神经纤维层梗死、新生血管及增生膜形成等）、视网膜静脉周围炎（Eales病）、巨细胞动脉炎及Coats病（外层渗出性视网膜病变）的临床表现与病理特征。

此外，还介绍了现代眼科病理学技术：PCR基因重排检测、比较基因组杂交技术（CGH）、比较蛋白质组学技术、流式细胞技术以及形态计量与图像分析技术，说明了各自原理、方法、优点及临床应用。",79cc1ca7-750b-4edf-b407-7474a2b79464
06-眼底病与视网膜内科,f900fe21-9deb-47e0-bf36-ce06022cae92,10000,f7fb433d-07ea-47c3-8949-bcb15ef7c428,荧光素眼底血管造影-李筱荣 2014_weknora.mhtml,荧光素眼底血管造影-李筱荣 2014_weknora.mhtml,"本书为《荧光素眼底血管造影》（修订本），由李筱荣、陈有信、李志清主编，天津科技翻译出版有限公司2014年出版。全书共15章、约30万字，旨在以简洁、图文并茂的形式系统介绍眼底血管造影的原理、操作方法及疾病特征性表现，并纳入眼底自发荧光及光相干断层扫描（OCT）对照内容，供眼科医生、研究生、进修生及技术人员作为手边参考书使用。该书是在2007年版《荧光素眼底血管造影手册》基础上编纂修订而成。

内容重点涵盖荧光素眼底血管造影（FFA）与吲哚青绿眼底血管造影（ICGA）两大技术。FFA以荧光素钠为造影剂，静脉快速注入后以蓝光（465~490nm）激发黄绿色荧光（520~530nm），通过血-视网膜内屏障（视网膜毛细血管内皮紧密连接）与外屏障（视网膜色素上皮闭锁小带）的完整性观察异常渗漏；成人剂量为20%荧光素钠3~5mL，儿童或不能静脉注射者可口服。ICGA因吲哚青绿分子量大（775道尔顿）、与血浆蛋白结合率达98%、近红外光穿透力强，适用于脉络膜血循环研究、隐匿性脉络膜新生血管、息肉状脉络膜血管病变（PCV）等诊断，也可用于屈光间质混浊及荧光素过敏患者的替代检查。

书中详述了正常造影表现：臂-视网膜循环时间约10~15秒，双眼相差大于1秒应考虑异常；造影分期包括动脉前期（脉络膜期）、动脉期、动静脉期、静脉期及再循环期；黄斑拱环在糖尿病等病理状态下可被破坏。异常荧光分为强荧光（窗样缺损、荧光素渗漏、新生血管、组织着染等）与弱荧光（出血或色素遮蔽荧光、充盈缺损、Stargardt病脉络膜暗背景等）。副作用方面，荧光素钠偶见恶心、呕吐、晕厥，需做皮肤过敏试验并备抢救药品；ICG含碘，碘过敏及严重肝功能不全者慎用，但过敏发生率较荧光素钠低。

后续内容涉及视神经萎缩（原发性、继发性、上行性）的眼底及FFA表现，以及眼",completed,a4096c82-b617-4dc8-84e6-c55eae8acc98,"# Summary
本书为《荧光素眼底血管造影》（修订本），由李筱荣、陈有信、李志清主编，天津科技翻译出版有限公司2014年出版。全书共15章、约30万字，旨在以简洁、图文并茂的形式系统介绍眼底血管造影的原理、操作方法及疾病特征性表现，并纳入眼底自发荧光及光相干断层扫描（OCT）对照内容，供眼科医生、研究生、进修生及技术人员作为手边参考书使用。该书是在2007年版《荧光素眼底血管造影手册》基础上编纂修订而成。

内容重点涵盖荧光素眼底血管造影（FFA）与吲哚青绿眼底血管造影（ICGA）两大技术。FFA以荧光素钠为造影剂，静脉快速注入后以蓝光（465~490nm）激发黄绿色荧光（520~530nm），通过血-视网膜内屏障（视网膜毛细血管内皮紧密连接）与外屏障（视网膜色素上皮闭锁小带）的完整性观察异常渗漏；成人剂量为20%荧光素钠3~5mL，儿童或不能静脉注射者可口服。ICGA因吲哚青绿分子量大（775道尔顿）、与血浆蛋白结合率达98%、近红外光穿透力强，适用于脉络膜血循环研究、隐匿性脉络膜新生血管、息肉状脉络膜血管病变（PCV）等诊断，也可用于屈光间质混浊及荧光素过敏患者的替代检查。

书中详述了正常造影表现：臂-视网膜循环时间约10~15秒，双眼相差大于1秒应考虑异常；造影分期包括动脉前期（脉络膜期）、动脉期、动静脉期、静脉期及再循环期；黄斑拱环在糖尿病等病理状态下可被破坏。异常荧光分为强荧光（窗样缺损、荧光素渗漏、新生血管、组织着染等）与弱荧光（出血或色素遮蔽荧光、充盈缺损、Stargardt病脉络膜暗背景等）。副作用方面，荧光素钠偶见恶心、呕吐、晕厥，需做皮肤过敏试验并备抢救药品；ICG含碘，碘过敏及严重肝功能不全者慎用，但过敏发生率较荧光素钠低。

后续内容涉及视神经萎缩（原发性、继发性、上行性）的眼底及FFA表现，以及眼",82f942a8-9436-4d4c-857e-a767e264e6f7
01-眼科综合：基础与全身病,09c593aa-1a64-48de-af81-fc4d30d551b4,10000,9c5a7060-2db7-4f62-be12-e45ed8de1a42,中华眼科学 第3版 上册-李凤鸣 2014_weknora.mhtml,中华眼科学 第3版 上册-李凤鸣 2014_weknora.mhtml,"《中华眼科学》第3版（上、中、下册）是由李凤鸣、谢立信主编，人民卫生出版社于2014年出版的大型眼科学术专著，属“十二五”国家重点图书出版规划项目。该书前身为1996年首版的《眼科全书》。第一卷前言回顾了20世纪60年代毕华德教授曾组织编写《眼科全书》并出版第一卷的历史，1996年版即是对这一传统的继承与发展；第二版前言说明2004年修订时内容更新约35%～40%，文字由560万字扩至600余万字，作者由130余位增至190余位，并更名为《中华眼科学》；第3版前言指出，本次修订内容约占原书30%，重点补充新理论、新技术，文字扩展至700余万字，编委会由41位增补至55位，作者增至257位，旨在使该书成为眼科医师的“百科全书”，同时保持了注重基础理论与临床实践联系、突出临床指导性的风格。

节选正文包含两大部分内容。第一部分为第一卷“眼科学基础”第一章“国际眼科学发展史”，系统梳理了古代巴比伦、埃及、印度以及古希腊、罗马的眼科成就，继而介绍阿拉伯眼科学、欧洲中世纪与文艺复兴后的眼科学发展，直至19世纪眼科学独立成为专门学科的过程，涉及白内障手术、眼解剖发现、光学理论及眼科机构与刊物的创立等关键进展。第二部分为眼科药物学内容，分类介绍了镇静催眠药（如氯氮草、三唑仑、水合氯醛等）与镇痛药（如芬太尼、喷他佐辛、布桂嗪等）的主要作用、临床应用及不良反应。此外，文档还包含眼眶水平与冠状断层解剖、正常视网膜血管超声显像、眼部肿瘤病理组织像及Crouzon综合征等病例的彩图说明。",completed,e6906109-2196-499e-9d83-528854f65461,"# Summary
《中华眼科学》第3版（上、中、下册）是由李凤鸣、谢立信主编，人民卫生出版社于2014年出版的大型眼科学术专著，属“十二五”国家重点图书出版规划项目。该书前身为1996年首版的《眼科全书》。第一卷前言回顾了20世纪60年代毕华德教授曾组织编写《眼科全书》并出版第一卷的历史，1996年版即是对这一传统的继承与发展；第二版前言说明2004年修订时内容更新约35%～40%，文字由560万字扩至600余万字，作者由130余位增至190余位，并更名为《中华眼科学》；第3版前言指出，本次修订内容约占原书30%，重点补充新理论、新技术，文字扩展至700余万字，编委会由41位增补至55位，作者增至257位，旨在使该书成为眼科医师的“百科全书”，同时保持了注重基础理论与临床实践联系、突出临床指导性的风格。

节选正文包含两大部分内容。第一部分为第一卷“眼科学基础”第一章“国际眼科学发展史”，系统梳理了古代巴比伦、埃及、印度以及古希腊、罗马的眼科成就，继而介绍阿拉伯眼科学、欧洲中世纪与文艺复兴后的眼科学发展，直至19世纪眼科学独立成为专门学科的过程，涉及白内障手术、眼解剖发现、光学理论及眼科机构与刊物的创立等关键进展。第二部分为眼科药物学内容，分类介绍了镇静催眠药（如氯氮草、三唑仑、水合氯醛等）与镇痛药（如芬太尼、喷他佐辛、布桂嗪等）的主要作用、临床应用及不良反应。此外，文档还包含眼眶水平与冠状断层解剖、正常视网膜血管超声显像、眼部肿瘤病理组织像及Crouzon综合征等病例的彩图说明。",8e8dde70-29b7-4378-9417-a2034544a391
01-眼科综合：基础与全身病,09c593aa-1a64-48de-af81-fc4d30d551b4,10000,54d1cb2f-a262-4cb7-a0ca-65b03aeec831,中华眼科学 第3版 下册-李凤鸣 2014_weknora.mhtml,中华眼科学 第3版 下册-李凤鸣 2014_weknora.mhtml,"该文档为《中华眼科学》（第3版，李凤鸣、谢立信主编，人民卫生出版社2014年出版）的部分内容摘录，属""十二五""国家重点图书出版规划项目。文档主要包括以下核心内容：

**一、第八卷""眼屈光学""基础理论**。该卷系统阐述光的本质与传播：回顾了从牛顿微粒说、惠更斯波动说到麦克斯韦电磁理论的发展历程，指出光具有波粒二象性；可见光波长范围为380～780nm，并列出红、橙、黄、绿、青、蓝、紫各色对应的波长区间。在光传播部分，介绍了波阵面、光束（发散、平行、会聚）的概念，光速约为3×10⁸m/s，以及光遇到物体时的透射、反射和吸收现象。在波动特性部分，详述了干涉（含杨氏双缝实验、薄膜干涉原理及产生干涉的三个必要条件）、衍射（含夫琅禾费衍射、艾里斑概念、光学系统分辨力与瑞利判据）和偏振（含线偏振光、布儒斯特角、二向色性、双折射晶体及起偏器/检偏器的应用），并给出眼球屈光系统衍射图的相关计算实例。

**二、Leber遗传性视神经病变（LHON）**。内容涉及该病的治疗进展，包括美国FDA批准的药物EPI-743（以NADPH醌氧化还原酶1为靶向）尚处临床验证阶段；基因治疗目前仍停留在细胞及动物模型实验阶段。文档还讨论了饮食控制、避免感染和精神刺激、慎用影响线粒体功能的药物等预防措施，以及有氧锻炼的作用。在遗传咨询方面，明确指出男性患者后代一般不发病，女性患者子女均可能发病（其子约50%发病，其女约20%发病，不发病的女儿多为携带者）。

**三、常染色体显性视神经萎缩（ADOA，即Kjer型视神经萎缩）**。介绍了其发病率（1:10 000～1:50 000）、外显率（40%～90%）、相关候选基因位点（以OPA1为主），临床多呈慢性隐匿性，多在10岁前发病，表现为视力中重度减退、视乳头颞侧萎缩、中心暗点及蓝黄色盲等。发病机制研究聚焦于OPA1突变通过线粒体功能障碍影响视网膜神经节细胞。

**四、书中插图说明及部分索引条目**。包括角膜地形图各类显示模式（轴向曲率图、即时曲率图、高度图、Holladay诊断综述等）的含义，视盘多种先天异常（牵牛花综合征、视盘缺损、玻璃膜疣、有髓神经纤维等）的眼底表现，以及高血压视网膜病变、视网膜动静脉阻塞等血管性疾病的影像特征；索引部分列有Amsler方格表、Argyll Robertson瞳孔等条目。",completed,36a1db2a-fbf0-4b04-937a-a4c667167b07,"# Summary
该文档为《中华眼科学》（第3版，李凤鸣、谢立信主编，人民卫生出版社2014年出版）的部分内容摘录，属""十二五""国家重点图书出版规划项目。文档主要包括以下核心内容：

**一、第八卷""眼屈光学""基础理论**。该卷系统阐述光的本质与传播：回顾了从牛顿微粒说、惠更斯波动说到麦克斯韦电磁理论的发展历程，指出光具有波粒二象性；可见光波长范围为380～780nm，并列出红、橙、黄、绿、青、蓝、紫各色对应的波长区间。在光传播部分，介绍了波阵面、光束（发散、平行、会聚）的概念，光速约为3×10⁸m/s，以及光遇到物体时的透射、反射和吸收现象。在波动特性部分，详述了干涉（含杨氏双缝实验、薄膜干涉原理及产生干涉的三个必要条件）、衍射（含夫琅禾费衍射、艾里斑概念、光学系统分辨力与瑞利判据）和偏振（含线偏振光、布儒斯特角、二向色性、双折射晶体及起偏器/检偏器的应用），并给出眼球屈光系统衍射图的相关计算实例。

**二、Leber遗传性视神经病变（LHON）**。内容涉及该病的治疗进展，包括美国FDA批准的药物EPI-743（以NADPH醌氧化还原酶1为靶向）尚处临床验证阶段；基因治疗目前仍停留在细胞及动物模型实验阶段。文档还讨论了饮食控制、避免感染和精神刺激、慎用影响线粒体功能的药物等预防措施，以及有氧锻炼的作用。在遗传咨询方面，明确指出男性患者后代一般不发病，女性患者子女均可能发病（其子约50%发病，其女约20%发病，不发病的女儿多为携带者）。

**三、常染色体显性视神经萎缩（ADOA，即Kjer型视神经萎缩）**。介绍了其发病率（1:10 000～1:50 000）、外显率（40%～90%）、相关候选基因位点（以OPA1为主），临床多呈慢性隐匿性，多在10岁前发病，表现为视力中重度减退、视乳头颞侧萎缩、中心暗点及蓝黄色盲等。发病机制研究聚焦于OPA1突变通过线粒体功能障碍影响视网膜神经节细胞。

**四、书中插图说明及部分索引条目**。包括角膜地形图各类显示模式（轴向曲率图、即时曲率图、高度图、Holladay诊断综述等）的含义，视盘多种先天异常（牵牛花综合征、视盘缺损、玻璃膜疣、有髓神经纤维等）的眼底表现，以及高血压视网膜病变、视网膜动静脉阻塞等血管性疾病的影像特征；索引部分列有Amsler方格表、Argyll Robertson瞳孔等条目。",c7bad411-5d7b-4788-b292-d6137eb30ddb
16-检查：CT 与 MRI,c9231d63-fc70-4995-be25-876189e90f6d,10000,77098070-903e-4f30-9aa6-88edbc629137,眼科常见疾病的CT及MRI图谱-李若溪 2014_weknora.mhtml,眼科常见疾病的CT及MRI图谱-李若溪 2014_weknora.mhtml,"本书为《眼科常见疾病的CT及MRI图谱》（李若溪主编），采用手册式写法，对常见眼科疾病的主要临床特点、适宜的影像学检查方法及其CT或MRI表现进行介绍，并配以图像，力求精练、直观、查找方便，旨在为临床医生认识疾病和正确选择影像学检查提供参考。书中图片均来自眼科临床诊治患者。

内容首先阐述眼部正常结构，包括眼球壁三层结构（纤维膜、葡萄膜、视网膜）、眼内容物（房水、晶状体、玻璃体）及眼附属器的解剖，并分别描述正常CT与MRI表现，如CT上晶状体呈双凸透镜状高密度影、玻璃体呈低密度影、眼外肌构成肌锥；MRI上玻璃体T1低信号、T2高信号，眼外肌呈中等信号等。

随后按疾病部位逐章介绍。眼前段疾病包括结膜皮样脂肪瘤（呈脂肪密度/信号）和睫状体黑色素瘤（MRI呈短T1、长T2信号）。眼底疾病涵盖视网膜脱离（MRI呈花瓣状长T1长T2信号）、视网膜母细胞瘤（婴幼儿常见眼内恶性肿瘤，CT显示钙化是最主要诊断证据）、脉络膜黑色素瘤（因黑色素顺磁性作用呈短T1短T2信号）、脉络膜骨瘤（CT显示与眶骨一致的高密度影）、后巩膜葡萄肿及眼内转移癌（MRI为首选）。眼外伤部分介绍了眼球破裂的CT与MRI表现及眶壁骨折的诊断。眼眶疾病涉及海绵状血管瘤（动态增强呈渐进性“渗漏”强化）、视神经鞘瘤（“轨道征”）、视神经脑膜瘤（增强后“双轨征”）及神经母细胞瘤（CT显示溶骨性破坏及针状骨质影）。视神经及视路疾病包括视神经胶质瘤（视神经梭形增粗）、垂体瘤（视交叉受压上抬）、枕叶肿瘤及枕叶出血（急性期CT高密度）。

每种疾病均按临床表现、影像学诊断要点（超声、CT或MRI）及鉴别诊断的结构阐述，强调了CT对钙化和骨质改变的显示优势、MRI对软组织分辨力的优势。文档中包含部分省略内容标记，但所涉章节主题均已在上述概括中体现。",completed,4d312e37-a168-48ba-86cd-2362cf185de1,"# Summary
本书为《眼科常见疾病的CT及MRI图谱》（李若溪主编），采用手册式写法，对常见眼科疾病的主要临床特点、适宜的影像学检查方法及其CT或MRI表现进行介绍，并配以图像，力求精练、直观、查找方便，旨在为临床医生认识疾病和正确选择影像学检查提供参考。书中图片均来自眼科临床诊治患者。

内容首先阐述眼部正常结构，包括眼球壁三层结构（纤维膜、葡萄膜、视网膜）、眼内容物（房水、晶状体、玻璃体）及眼附属器的解剖，并分别描述正常CT与MRI表现，如CT上晶状体呈双凸透镜状高密度影、玻璃体呈低密度影、眼外肌构成肌锥；MRI上玻璃体T1低信号、T2高信号，眼外肌呈中等信号等。

随后按疾病部位逐章介绍。眼前段疾病包括结膜皮样脂肪瘤（呈脂肪密度/信号）和睫状体黑色素瘤（MRI呈短T1、长T2信号）。眼底疾病涵盖视网膜脱离（MRI呈花瓣状长T1长T2信号）、视网膜母细胞瘤（婴幼儿常见眼内恶性肿瘤，CT显示钙化是最主要诊断证据）、脉络膜黑色素瘤（因黑色素顺磁性作用呈短T1短T2信号）、脉络膜骨瘤（CT显示与眶骨一致的高密度影）、后巩膜葡萄肿及眼内转移癌（MRI为首选）。眼外伤部分介绍了眼球破裂的CT与MRI表现及眶壁骨折的诊断。眼眶疾病涉及海绵状血管瘤（动态增强呈渐进性“渗漏”强化）、视神经鞘瘤（“轨道征”）、视神经脑膜瘤（增强后“双轨征”）及神经母细胞瘤（CT显示溶骨性破坏及针状骨质影）。视神经及视路疾病包括视神经胶质瘤（视神经梭形增粗）、垂体瘤（视交叉受压上抬）、枕叶肿瘤及枕叶出血（急性期CT高密度）。

每种疾病均按临床表现、影像学诊断要点（超声、CT或MRI）及鉴别诊断的结构阐述，强调了CT对钙化和骨质改变的显示优势、MRI对软组织分辨力的优势。文档中包含部分省略内容标记，但所涉章节主题均已在上述概括中体现。",056adf76-bbd1-4386-a702-8da5dde9261d
08-葡萄膜炎与眼内炎症,2c1efff9-0960-4d4b-a4c3-7acfb9411151,10000,1fc37df3-65e0-4dad-8558-a7696da44645,葡萄膜炎图谱-杨柳 2013_weknora.mhtml,葡萄膜炎图谱-杨柳 2013_weknora.mhtml,"该图谱由杨柳主编，北京大学医学出版社2013年出版，系统阐述葡萄膜炎及葡萄膜异常。第一章总论界定葡萄膜炎为葡萄膜（虹膜、睫状体、脉络膜）的炎症，是眼科常见致盲性眼病，多与免疫因素相关并可能伴有全身疾病。分类包括按解剖部位（前、中间、后、全葡萄膜炎）、病程、病因及组织病理分型，并介绍了SUN工作组确立的以解剖部位为基础的分类和炎症程度分级标准。

病因部分强调内因性葡萄膜炎的地域及时代差异：结节病常见于欧美，Vogt-小柳原田病多见于亚洲，Behçet病在古丝绸之路国家多发，感染性葡萄膜炎在发展中国家的发病率可达30%～50%。时代变迁亦影响病因构成，如艾滋病相关葡萄膜炎的出现、日本最常见病因由Behçet病转为结节病等。病因体系涵盖外因性（外伤、理化损伤）、继发性（眼球及邻近组织炎症、眼内毒素刺激）与内因性（结核、麻风、梅毒、钩端螺旋体病、Lyme病、单纯疱疹病毒等感染因素，以及晶状体源性等非感染性免疫因素）。

随后各章节详述不同类型葡萄膜炎的临床特征，如麻风性葡萄膜炎的慢性结节型及虹膜表面麻风珠表现，梅毒性葡萄膜炎的获得性与先天性各型（包括虹膜蔷薇疹、椒盐样眼底、急性梅毒性后极部鳞状脉络膜视网膜炎），Lyme病性葡萄膜炎的分期眼部表现（肉芽肿性前葡萄膜炎、中间葡萄膜炎、弥漫性脉络膜视网膜炎等），以及单纯疱疹性葡萄膜炎的疱疹性角膜-虹膜睫状体炎、虹膜睫状体炎和视网膜脉络膜炎等类型。第四章介绍多灶性脉络膜炎的眼底、FFA、ICGA及OCT影像特征，以及急性区域性隐匿性外层视网膜病变（AZOOR）——好发于年轻女性，以突然视力下降、闪光感为特征，眼底检查和FFA多正常而视野及ERG异常。第五章述及葡萄膜先天异常（瞳孔残膜、虹膜缺损、脉络膜缺损）及其他异常（虹膜结节、虹膜硅油吸附、虹膜新生血管等），并配有大量影像图例。",completed,0b08bd94-ebaf-44af-abdc-8c44865abc57,"# Summary
该图谱由杨柳主编，北京大学医学出版社2013年出版，系统阐述葡萄膜炎及葡萄膜异常。第一章总论界定葡萄膜炎为葡萄膜（虹膜、睫状体、脉络膜）的炎症，是眼科常见致盲性眼病，多与免疫因素相关并可能伴有全身疾病。分类包括按解剖部位（前、中间、后、全葡萄膜炎）、病程、病因及组织病理分型，并介绍了SUN工作组确立的以解剖部位为基础的分类和炎症程度分级标准。

病因部分强调内因性葡萄膜炎的地域及时代差异：结节病常见于欧美，Vogt-小柳原田病多见于亚洲，Behçet病在古丝绸之路国家多发，感染性葡萄膜炎在发展中国家的发病率可达30%～50%。时代变迁亦影响病因构成，如艾滋病相关葡萄膜炎的出现、日本最常见病因由Behçet病转为结节病等。病因体系涵盖外因性（外伤、理化损伤）、继发性（眼球及邻近组织炎症、眼内毒素刺激）与内因性（结核、麻风、梅毒、钩端螺旋体病、Lyme病、单纯疱疹病毒等感染因素，以及晶状体源性等非感染性免疫因素）。

随后各章节详述不同类型葡萄膜炎的临床特征，如麻风性葡萄膜炎的慢性结节型及虹膜表面麻风珠表现，梅毒性葡萄膜炎的获得性与先天性各型（包括虹膜蔷薇疹、椒盐样眼底、急性梅毒性后极部鳞状脉络膜视网膜炎），Lyme病性葡萄膜炎的分期眼部表现（肉芽肿性前葡萄膜炎、中间葡萄膜炎、弥漫性脉络膜视网膜炎等），以及单纯疱疹性葡萄膜炎的疱疹性角膜-虹膜睫状体炎、虹膜睫状体炎和视网膜脉络膜炎等类型。第四章介绍多灶性脉络膜炎的眼底、FFA、ICGA及OCT影像特征，以及急性区域性隐匿性外层视网膜病变（AZOOR）——好发于年轻女性，以突然视力下降、闪光感为特征，眼底检查和FFA多正常而视野及ERG异常。第五章述及葡萄膜先天异常（瞳孔残膜、虹膜缺损、脉络膜缺损）及其他异常（虹膜结节、虹膜硅油吸附、虹膜新生血管等），并配有大量影像图例。",23e40d28-5a52-489e-b213-8a1ca0395d93
05-青光眼,8bf942e4-80dc-4a8a-87cf-486f897fe2bd,10000,e03a5505-1509-4147-b532-bf8d4e305805,青光眼手术操作与技巧-Teresa C Chen 2013_weknora.mhtml,青光眼手术操作与技巧-Teresa C Chen 2013_weknora.mhtml,"本书内容为《青光眼手术操作与技巧》中文译本，属“眼科手术操作与技巧丛书”之一，原著由 Teresa C. Chen 主编，经 Elsevier 授权出版。丛书序及前言指出，现代眼科手术对医师的临床应变能力要求很高，本丛书旨在为眼科住院医师及专科医师提供实用手术指导；青光眼手术是除白内障外最基本的眼科手术，本书介绍20种附有手术视频的青光眼手术，作者包括多位术式发明者，来自美国、加拿大、新西兰及中国香港等不同机构。

书中正文涵盖多个具体术式。小梁切除术部分首先讨论青光眼诊断解释困难、手术适应证与禁忌证，提出“青光眼量表”用于分期（绿区、黄区、红区）和预测视神经损伤进展，并据此确定手术时机和“靶眼内压”。手术技术包括术前沟通与麻醉、上直肌或角膜牵引缝线、角膜缘为基底与穹隆为基底两种结膜瓣的制作及优缺点比较（穹隆为基底者暴露好、易形成弥散滤过泡，角巩膜缘为基底者术后可施压处理），以及板层巩膜瓣制作、前房穿刺和滤口操作，强调轻柔处理结膜、充分向前分离等要点。

关于青光眼引流阀，摘录涉及无阀门引流装置和 Molteno 引流阀。两章均阐述适应证、滤过泡包囊形成机制、术后炎症反应控制的重要性；Molteno 引流阀部分详述了眼内压变化的低眼压期、高眼压期和稳定期，以及使用泼尼松、双氯芬酸等抗炎药物和 5-0 薇乔缝线结扎引流管延迟引流的“薇乔缝线结扎技术”；还涉及引流管堵塞的处理（溶解纤维组织、玻璃体切除）和预后。

内镜睫状体光凝术部分介绍其器械（内镜探头、810nm 二极管激光等）、适应证（多种类型青光眼，可联合白内障手术）、经透明角膜与经睫状体平坦部两种手术径路、激光参数设置、术后用药及护理，并引用 Chen 等研究：平均随访 12.9 个月眼内压平均下降 10.7mmHg，并发症包括炎性渗出（24%）、前房出血（12%）、黄斑囊样水肿（10%）和脉络膜脱离（4%）。",completed,677b5b7c-3533-45e6-a817-0b4a8a2421d2,"# Summary
本书内容为《青光眼手术操作与技巧》中文译本，属“眼科手术操作与技巧丛书”之一，原著由 Teresa C. Chen 主编，经 Elsevier 授权出版。丛书序及前言指出，现代眼科手术对医师的临床应变能力要求很高，本丛书旨在为眼科住院医师及专科医师提供实用手术指导；青光眼手术是除白内障外最基本的眼科手术，本书介绍20种附有手术视频的青光眼手术，作者包括多位术式发明者，来自美国、加拿大、新西兰及中国香港等不同机构。

书中正文涵盖多个具体术式。小梁切除术部分首先讨论青光眼诊断解释困难、手术适应证与禁忌证，提出“青光眼量表”用于分期（绿区、黄区、红区）和预测视神经损伤进展，并据此确定手术时机和“靶眼内压”。手术技术包括术前沟通与麻醉、上直肌或角膜牵引缝线、角膜缘为基底与穹隆为基底两种结膜瓣的制作及优缺点比较（穹隆为基底者暴露好、易形成弥散滤过泡，角巩膜缘为基底者术后可施压处理），以及板层巩膜瓣制作、前房穿刺和滤口操作，强调轻柔处理结膜、充分向前分离等要点。

关于青光眼引流阀，摘录涉及无阀门引流装置和 Molteno 引流阀。两章均阐述适应证、滤过泡包囊形成机制、术后炎症反应控制的重要性；Molteno 引流阀部分详述了眼内压变化的低眼压期、高眼压期和稳定期，以及使用泼尼松、双氯芬酸等抗炎药物和 5-0 薇乔缝线结扎引流管延迟引流的“薇乔缝线结扎技术”；还涉及引流管堵塞的处理（溶解纤维组织、玻璃体切除）和预后。

内镜睫状体光凝术部分介绍其器械（内镜探头、810nm 二极管激光等）、适应证（多种类型青光眼，可联合白内障手术）、经透明角膜与经睫状体平坦部两种手术径路、激光参数设置、术后用药及护理，并引用 Chen 等研究：平均随访 12.9 个月眼内压平均下降 10.7mmHg，并发症包括炎性渗出（24%）、前房出血（12%）、黄斑囊样水肿（10%）和脉络膜脱离（4%）。",c095a9b4-0297-46ac-bb1d-999f34e2ac4d
10-小儿眼科：斜视与弱视等,d6a5115a-067a-4514-afbf-9fe81b4e64c0,10000,454773d5-4372-46b2-bd82-6f913626e8aa,小儿视网膜-James D Reynolds 2013_weknora.mhtml,小儿视网膜-James D Reynolds 2013_weknora.mhtml,"《小儿视网膜》是一本由第四军医大学出版社于2013年出版的眼科学译著，原著由美国学者詹姆斯·D. 雷诺兹和斯科特·E. 奥利茨基主编，中文版由王雨生主译，窦国睿、李蓉、刘涛、储昭节任副主译。全书共500余页，包含220余幅插图和彩色照片，定价160元。内容简介指出，该书旨在为小儿视网膜疾病提供综合性资源，涵盖从视神经到葡萄膜的各类疾病，包括发育性、遗传性、代谢性、炎性、肿瘤和外伤性病变，并设有胚胎学、解剖学、生理学和电生理检测等拓展章节。

原著前言阐述了本书的编写理念，强调将儿科医师与视网膜外科医师的观点相结合、实验室与临床相结合、发病机制与临床表现相结合，并针对疾病自然病程和发病机制给予同等关注。译者序以“陆之尽，海之始”为喻，表达了对学术探索无止境的感悟，并介绍了翻译本书的初衷——国内尚缺乏儿童眼底病中文专著。

书中摘录的章节内容涉及多个主题。视网膜发育章节详细讨论了视网膜的比较进化、胚胎诱导机制、视泡与视杯的形成，以及晶状体发育的潜能与组织间相互作用，并引用了Spemann-Mangold组织体实验等经典研究。视网膜母细胞瘤章节以标准化操作规程（SOP）形式列出了化疗、放疗、支持疗法和心理支持的适应证、实施流程与临床结果，包括CEV/CSA化疗方案、外放射治疗的风险（如第二恶性肿瘤发生风险）及长期随访要求。先天性梅毒章节则介绍了其经胎盘传播的机制、早期与晚期先天性梅毒的全身及眼部临床表现（如“椒盐样”眼底、角膜基质炎）、诊断方法（血清学检测）以及青霉素治疗方案。

译后记中，主译王雨生回顾了一年半的翻译历程，指出原著的专业深度与涉及的文化社会背景带来了诸多挑战，同时说明了译著中对部分章节标题、结构、图表及参考文献格式所做的调整，并重申了本书对从事儿童眼底病工作的医护人员的参考价值。",completed,56697d99-1a54-4131-8e71-42493c6782b4,"# Summary
《小儿视网膜》是一本由第四军医大学出版社于2013年出版的眼科学译著，原著由美国学者詹姆斯·D. 雷诺兹和斯科特·E. 奥利茨基主编，中文版由王雨生主译，窦国睿、李蓉、刘涛、储昭节任副主译。全书共500余页，包含220余幅插图和彩色照片，定价160元。内容简介指出，该书旨在为小儿视网膜疾病提供综合性资源，涵盖从视神经到葡萄膜的各类疾病，包括发育性、遗传性、代谢性、炎性、肿瘤和外伤性病变，并设有胚胎学、解剖学、生理学和电生理检测等拓展章节。

原著前言阐述了本书的编写理念，强调将儿科医师与视网膜外科医师的观点相结合、实验室与临床相结合、发病机制与临床表现相结合，并针对疾病自然病程和发病机制给予同等关注。译者序以“陆之尽，海之始”为喻，表达了对学术探索无止境的感悟，并介绍了翻译本书的初衷——国内尚缺乏儿童眼底病中文专著。

书中摘录的章节内容涉及多个主题。视网膜发育章节详细讨论了视网膜的比较进化、胚胎诱导机制、视泡与视杯的形成，以及晶状体发育的潜能与组织间相互作用，并引用了Spemann-Mangold组织体实验等经典研究。视网膜母细胞瘤章节以标准化操作规程（SOP）形式列出了化疗、放疗、支持疗法和心理支持的适应证、实施流程与临床结果，包括CEV/CSA化疗方案、外放射治疗的风险（如第二恶性肿瘤发生风险）及长期随访要求。先天性梅毒章节则介绍了其经胎盘传播的机制、早期与晚期先天性梅毒的全身及眼部临床表现（如“椒盐样”眼底、角膜基质炎）、诊断方法（血清学检测）以及青霉素治疗方案。

译后记中，主译王雨生回顾了一年半的翻译历程，指出原著的专业深度与涉及的文化社会背景带来了诸多挑战，同时说明了译著中对部分章节标题、结构、图表及参考文献格式所做的调整，并重申了本书对从事儿童眼底病工作的医护人员的参考价值。",6e2064be-76d1-44bf-b84d-039be8ff45f6
10-小儿眼科：斜视与弱视等,d6a5115a-067a-4514-afbf-9fe81b4e64c0,10000,4c3ec2ea-e244-4a42-a9ff-fa162dc029e0,斜视手术操作与技巧-John D Ferris 2013_weknora.mhtml,斜视手术操作与技巧-John D Ferris 2013_weknora.mhtml,本资料为《斜视手术操作与技巧》一书的节选，系统介绍斜视手术的器械、基本技术及多种术式。开篇说明丛书旨在为眼科医师提供手术理论与实用指导，强调术中应变与团队协作。第一章详列手术器械与缝线：Clark开睑器、Moorfields镊、St.Martins镊、锁定镊、Westcott剪、多种斜视钩、拉钩、眼用规、双极电凝、持针器等；缝线以6-0薇乔最常用，7-0薇乔缝结膜，丝线作牵引，爱惜邦用于上斜肌和faden术，Prolen用于调整缝线，并用Bulldog夹保护线结。第二章介绍手术准备与常用技术：头位固定、碘伏消毒、肾上腺素滴眼减少出血、牵引缝线、角膜保护；被动牵拉试验的目的、操作及Guyton改良法；角巩膜缘切口和穹隆切口、眼外肌暴露、分离与缝合要点。后续章节涉及faden术的常见错误与并发症（如欠矫、眼球运动受限、巩膜穿通率约15%但严重并发症少见），内直肌pulley后固定缝线术；下斜肌功能解剖、减弱术式（后徙、切除、前转位）及其适应证与手术步骤；代偿头位的测量、术前沟通、改良Parks手术量、四条或两条肌肉手术，以及眼球震颤合并斜视的处理。附录列出内斜视、外斜视的手术设计量表；最后介绍严重并发症：巩膜穿孔（发生率1%～2%，推荐口服环丙沙星）、眼内炎（,completed,59a6c15a-1f05-4d82-adec-a123a263f09f,"# Summary
本资料为《斜视手术操作与技巧》一书的节选，系统介绍斜视手术的器械、基本技术及多种术式。开篇说明丛书旨在为眼科医师提供手术理论与实用指导，强调术中应变与团队协作。第一章详列手术器械与缝线：Clark开睑器、Moorfields镊、St.Martins镊、锁定镊、Westcott剪、多种斜视钩、拉钩、眼用规、双极电凝、持针器等；缝线以6-0薇乔最常用，7-0薇乔缝结膜，丝线作牵引，爱惜邦用于上斜肌和faden术，Prolen用于调整缝线，并用Bulldog夹保护线结。第二章介绍手术准备与常用技术：头位固定、碘伏消毒、肾上腺素滴眼减少出血、牵引缝线、角膜保护；被动牵拉试验的目的、操作及Guyton改良法；角巩膜缘切口和穹隆切口、眼外肌暴露、分离与缝合要点。后续章节涉及faden术的常见错误与并发症（如欠矫、眼球运动受限、巩膜穿通率约15%但严重并发症少见），内直肌pulley后固定缝线术；下斜肌功能解剖、减弱术式（后徙、切除、前转位）及其适应证与手术步骤；代偿头位的测量、术前沟通、改良Parks手术量、四条或两条肌肉手术，以及眼球震颤合并斜视的处理。附录列出内斜视、外斜视的手术设计量表；最后介绍严重并发症：巩膜穿孔（发生率1%～2%，推荐口服环丙沙星）、眼内炎（",6ba128fa-c677-4106-a9d7-3cbc091ab041
17-检查：眼科超声与 UBM,8ba4bb92-4b55-4e98-94d7-e8322b102084,10000,2ec6c2d8-f70e-434b-a1e3-0b1f6ff75b17,眼部超声诊断图谱-李立新 2013_weknora.mhtml,眼部超声诊断图谱-李立新 2013_weknora.mhtml,"《眼部超声诊断图谱》第2版是由李立新主编、石璇参编的眼科超声诊断专著，人民卫生出版社2013年出版。全书按概论、眼内疾病、眼眶疾病等篇章编排，收入大量典型超声图像及CT、MRI等影像资料，并配有鉴别诊断列表，是一部内容系统、图像丰富的图谱类参考书。

本书再版距第1版（2003年）已10年。再版时对结构进行了调整，新增青光眼、眼前段肿瘤、外伤等章节，主要有三方面变化：一是增加了超声生物显微镜（UBM）在眼前段疾病及各类青光眼中的应用，并配以大量UBM图像；二是恶性肿瘤部分尽量选用有病理结论的病例，补充了视网膜母细胞瘤和脉络膜黑色素瘤治疗理念更新方面的内容，并增加少见病例；三是删减了对超声诊断价值有限的黄斑病变，精简了国内应用较少的标准化A型超声内容，保留并扼要改写眼眶疾病部分。序言指出，眼球构造规则、界面整齐，是人体最适于超声检查的部位，A型、B型、三维超声、彩色多普勒及UBM等多种显像形式各有优势。

在解剖与基础部分，第一章系统介绍了眼部超声显像实用解剖，包括眼球壁三层结构（纤维膜、葡萄膜、视网膜）、眼内容（房水、晶状体、玻璃体）以及眼眶的眶脂肪体、视神经、眼外肌、泪腺、眶骨壁和眼部血管；第二章阐述了超声基础知识，如超声波频率大于",completed,2653e1ee-e458-4d99-b29e-6ae92fdeea6a,"# Summary
《眼部超声诊断图谱》第2版是由李立新主编、石璇参编的眼科超声诊断专著，人民卫生出版社2013年出版。全书按概论、眼内疾病、眼眶疾病等篇章编排，收入大量典型超声图像及CT、MRI等影像资料，并配有鉴别诊断列表，是一部内容系统、图像丰富的图谱类参考书。

本书再版距第1版（2003年）已10年。再版时对结构进行了调整，新增青光眼、眼前段肿瘤、外伤等章节，主要有三方面变化：一是增加了超声生物显微镜（UBM）在眼前段疾病及各类青光眼中的应用，并配以大量UBM图像；二是恶性肿瘤部分尽量选用有病理结论的病例，补充了视网膜母细胞瘤和脉络膜黑色素瘤治疗理念更新方面的内容，并增加少见病例；三是删减了对超声诊断价值有限的黄斑病变，精简了国内应用较少的标准化A型超声内容，保留并扼要改写眼眶疾病部分。序言指出，眼球构造规则、界面整齐，是人体最适于超声检查的部位，A型、B型、三维超声、彩色多普勒及UBM等多种显像形式各有优势。

在解剖与基础部分，第一章系统介绍了眼部超声显像实用解剖，包括眼球壁三层结构（纤维膜、葡萄膜、视网膜）、眼内容（房水、晶状体、玻璃体）以及眼眶的眶脂肪体、视神经、眼外肌、泪腺、眶骨壁和眼部血管；第二章阐述了超声基础知识，如超声波频率大于",54ddbf5a-069f-45d0-b0aa-01c1345d334b
23-眼科手术与操作技术,0ae37310-b90c-4b5b-9249-14be041abd93,10000,0a6c7a53-36f7-4bbc-94c7-55f860ee6e96,眼科手术学-葛坚 2013_weknora.mhtml,眼科手术学-葛坚 2013_weknora.mhtml,"《眼科手术学》第3版由葛坚、刘奕志主编，人民卫生出版社于2015年出版。该书基于1996年第2版（由已故李绍珍院士主编）修订而成，是中山大学中山眼科中心团队历时两年多的合作成果，旨在融合经典内容与近年眼科手术领域的新知识、新技术、新设备。

书前内容阐述了全球防盲治盲的严峻形势。据WHO资料，2010年全球视力受损人群约2.85亿，其中白内障致盲率最高（51%），中国是全世界盲人最多的国家，约500万盲人，占全球18%。为此，WHO与多国签署了“视觉2020：享有看见的权利”行动及西太平洋地区眼健康行动计划，目标是在2020年前根除可避免盲。书中强调我国CSR（白内障手术率）和GSR（青光眼手术率）仍落后于发达国家，培养合格的基层眼科手术医生是提高防盲治盲水平的关键。

该书系统回顾了眼科手术发展史：从古印度的“金针拨障术”到1949年首例白内障摘除联合人工晶状体植入，再到1967年超声乳化术及当代飞秒激光辅助手术；角膜移植从穿透移植发展到成分移植和人工角膜；青光眼手术从小梁切除术演进到微创青光眼手术（MIGS）；玻璃体手术从“开天窗”技术发展到25G/27G微创PPV。书中指出，精密制造业的发展推动了手术设备和器械的进步，但中国在高端医疗器械研发领域鲜有自主知识产权，“中国声音”不足，亟需转向以临床应用为导向、以创新核心技术为驱动的研发进程。

正文选摘涉及两部分具体临床内容：一是先天性内斜视、后天性非调节性内斜视、继发性内斜视及间歇性外斜视等斜视的手术时机与术式选择原则；二是有晶体眼人工晶状体（PIOL）植入术的术后护理与随访流程，包括术后第1天、1周、1个月检查要点，以及联合散光性角膜切开术或激光屈光手术的时机选择与注意事项。",completed,adb6463c-e159-4855-9e18-d5480bd4a209,"# Summary
《眼科手术学》第3版由葛坚、刘奕志主编，人民卫生出版社于2015年出版。该书基于1996年第2版（由已故李绍珍院士主编）修订而成，是中山大学中山眼科中心团队历时两年多的合作成果，旨在融合经典内容与近年眼科手术领域的新知识、新技术、新设备。

书前内容阐述了全球防盲治盲的严峻形势。据WHO资料，2010年全球视力受损人群约2.85亿，其中白内障致盲率最高（51%），中国是全世界盲人最多的国家，约500万盲人，占全球18%。为此，WHO与多国签署了“视觉2020：享有看见的权利”行动及西太平洋地区眼健康行动计划，目标是在2020年前根除可避免盲。书中强调我国CSR（白内障手术率）和GSR（青光眼手术率）仍落后于发达国家，培养合格的基层眼科手术医生是提高防盲治盲水平的关键。

该书系统回顾了眼科手术发展史：从古印度的“金针拨障术”到1949年首例白内障摘除联合人工晶状体植入，再到1967年超声乳化术及当代飞秒激光辅助手术；角膜移植从穿透移植发展到成分移植和人工角膜；青光眼手术从小梁切除术演进到微创青光眼手术（MIGS）；玻璃体手术从“开天窗”技术发展到25G/27G微创PPV。书中指出，精密制造业的发展推动了手术设备和器械的进步，但中国在高端医疗器械研发领域鲜有自主知识产权，“中国声音”不足，亟需转向以临床应用为导向、以创新核心技术为驱动的研发进程。

正文选摘涉及两部分具体临床内容：一是先天性内斜视、后天性非调节性内斜视、继发性内斜视及间歇性外斜视等斜视的手术时机与术式选择原则；二是有晶体眼人工晶状体（PIOL）植入术的术后护理与随访流程，包括术后第1天、1周、1个月检查要点，以及联合散光性角膜切开术或激光屈光手术的时机选择与注意事项。",efc1ceaf-48e3-43e3-8a92-795e982aa678
03-白内障：晶状体与人工晶体,a0f47c80-3a66-46c8-8315-43b41ce357ea,10000,f16ff445-6189-41ae-91c2-8f00173b1290,白内障手术学-Roger F Steinert 2012_weknora.mhtml,白内障手术学-Roger F Steinert 2012_weknora.mhtml,"本书为《白内障手术学》（第3版）的中文译本，由Roger F. Steinert主编、刘奕志主译，人民军医出版社2012年出版。译者序指出，该书系统阐述了白内障手术治疗的基础理论与最新进展，各章节自成一体，涵盖历史回顾、理论研究、临床经验及手术技巧，并配有大量高质量图片，具有较强的实用性和可读性。前言回顾了超声乳化及人工晶状体植入术领域先驱的贡献，特别向Charles Kelman博士致敬，并说明第3版在以往版本基础上进行了全面更新和修订。

第一章“白内障病理学”详细介绍了晶状体的胚胎发育过程，包括晶状体板、晶状体泡及原始晶状体纤维的形成；阐述了正常晶状体的解剖结构，如囊膜、上皮细胞、皮质与核的分层及各部分所占比例；系统描述了各类白内障的组织病理学特征，包括先天性白内障（板层、绕核性、极性等）、核性白内障、皮质性白内障（水隙、轮辐状混浊、Morgagnian小体）、后囊下白内障（Wedl细胞）、前囊下异常改变、外伤性白内障（Vossius环、Soemmerings环、Elschnig珠）以及假性剥脱与真性剥脱的区别，并指出全面理解这些病理改变有助于术者做好术前准备。

第30章涉及外伤性白内障的手术处理，重点包括晶状体悬韧带损伤时皮质的轻柔清除技巧、玻璃体脱出时的处理方法（如经睫状体平坦部玻璃体切除术）、干吸晶状体皮质技术、致密囊膜混浊斑块的处理、致密核合并后囊破口时采用黏弹剂或滑板辅助超声乳化及人工晶状体植入策略，以及眼内感染的诊断与治疗规范。

第58章“白内障手术的发展前景”以Robert Osher博士的个人观点展望未来：屈光性晶状体置换术将普及，透明晶状体摘除可能成为常规；手术切口日趋微小化；人工晶状体将具备矫正高阶像差、术后度数调整、药物缓释、疾病监测等复合功能；同时批评了FDA审批程序对新技术的阻碍，并对医疗保险支付体系带来的挑战发表了看法。",completed,60808939-328d-4008-8e53-fa35a56d4db2,"# Summary
本书为《白内障手术学》（第3版）的中文译本，由Roger F. Steinert主编、刘奕志主译，人民军医出版社2012年出版。译者序指出，该书系统阐述了白内障手术治疗的基础理论与最新进展，各章节自成一体，涵盖历史回顾、理论研究、临床经验及手术技巧，并配有大量高质量图片，具有较强的实用性和可读性。前言回顾了超声乳化及人工晶状体植入术领域先驱的贡献，特别向Charles Kelman博士致敬，并说明第3版在以往版本基础上进行了全面更新和修订。

第一章“白内障病理学”详细介绍了晶状体的胚胎发育过程，包括晶状体板、晶状体泡及原始晶状体纤维的形成；阐述了正常晶状体的解剖结构，如囊膜、上皮细胞、皮质与核的分层及各部分所占比例；系统描述了各类白内障的组织病理学特征，包括先天性白内障（板层、绕核性、极性等）、核性白内障、皮质性白内障（水隙、轮辐状混浊、Morgagnian小体）、后囊下白内障（Wedl细胞）、前囊下异常改变、外伤性白内障（Vossius环、Soemmerings环、Elschnig珠）以及假性剥脱与真性剥脱的区别，并指出全面理解这些病理改变有助于术者做好术前准备。

第30章涉及外伤性白内障的手术处理，重点包括晶状体悬韧带损伤时皮质的轻柔清除技巧、玻璃体脱出时的处理方法（如经睫状体平坦部玻璃体切除术）、干吸晶状体皮质技术、致密囊膜混浊斑块的处理、致密核合并后囊破口时采用黏弹剂或滑板辅助超声乳化及人工晶状体植入策略，以及眼内感染的诊断与治疗规范。

第58章“白内障手术的发展前景”以Robert Osher博士的个人观点展望未来：屈光性晶状体置换术将普及，透明晶状体摘除可能成为常规；手术切口日趋微小化；人工晶状体将具备矫正高阶像差、术后度数调整、药物缓释、疾病监测等复合功能；同时批评了FDA审批程序对新技术的阻碍，并对医疗保险支付体系带来的挑战发表了看法。",3c8ef2c9-c930-4ba6-9d97-97ea5f7bd369
01-眼科综合：基础与全身病,09c593aa-1a64-48de-af81-fc4d30d551b4,10000,0d15958d-3410-4e87-a80e-974cec88a15f,临床眼科彩色图谱-龚向明 2012_weknora.mhtml,临床眼科彩色图谱-龚向明 2012_weknora.mhtml,"《临床眼科彩色图谱》是由龚向明、钟兴武、杨晓主编，广东科技出版社于2012年出版的眼科学图谱专著，为广东省优秀科技专著出版基金资助项目。全书共十七章、660千字，收录330多种眼病及930多幅真实病例彩色照片，内容涵盖眼附属器官、眼球前节与后节组织疾病、颅神经病、常见全身病在眼部的表现等眼科学全部篇章，附录收录眼科治疗常用药物。该书以图文并重方式编写，对每一病种的临床要点、鉴别诊断与治疗作扼要文字描述，并配以典型病例图谱，兼具理性认识与直观感知。

全书具体内容可从抽样章节窥见。第一章为眼睑病，分节阐述眼睑位置与形态功能异常及眼睑炎症两大类病变，详述了睑内翻（分为疤痕性、老年性痉挛性、婴幼儿性、机械性四类）、睑外翻、上睑下垂、下颌瞬目综合征、老年性眼睑皮肤松垂症、眼睑皮肤松弛症、睑痉挛、眼睑闭合不全、眼睑退缩、内眦赘皮、先天性睑裂狭小综合征、眼睑缺损、倒睫、双行睫及睑腺炎等的临床特点、鉴别诊断和治疗方法。第八章涉及葡萄膜炎症性疾病，包括后葡萄膜炎、Behcet病、Vogt-小柳-原田综合征、交感性眼炎及急性视网膜坏死综合征等，重点描述了反复发作的葡萄膜炎、视网膜血管炎、前房积脓、晚霞状眼底、Dalen-Fuch结节等特征性表现及糖皮质激素、免疫抑制剂等治疗策略。附录部分则介绍了眼科常用药物，包括促进组织修复的酶类及生物制剂、以活血化瘀、清肝明目、补益肝肾等为主要功效的眼科常用中成药，以及中山大学中山眼科中心经验的协定中草药处方。

书中还收录了不少在其他图谱中少见的眼病珍贵彩色照片。据序言评价，本书病种齐全、系统性及实用性强，适用于各级眼科医师、眼视光师、研究生、全科医师、眼科实习医师及其他医务工作者作为临床诊病和教学参考书使用。",completed,51b7de7a-9188-4c90-ab03-386762bdc8af,"# Summary
《临床眼科彩色图谱》是由龚向明、钟兴武、杨晓主编，广东科技出版社于2012年出版的眼科学图谱专著，为广东省优秀科技专著出版基金资助项目。全书共十七章、660千字，收录330多种眼病及930多幅真实病例彩色照片，内容涵盖眼附属器官、眼球前节与后节组织疾病、颅神经病、常见全身病在眼部的表现等眼科学全部篇章，附录收录眼科治疗常用药物。该书以图文并重方式编写，对每一病种的临床要点、鉴别诊断与治疗作扼要文字描述，并配以典型病例图谱，兼具理性认识与直观感知。

全书具体内容可从抽样章节窥见。第一章为眼睑病，分节阐述眼睑位置与形态功能异常及眼睑炎症两大类病变，详述了睑内翻（分为疤痕性、老年性痉挛性、婴幼儿性、机械性四类）、睑外翻、上睑下垂、下颌瞬目综合征、老年性眼睑皮肤松垂症、眼睑皮肤松弛症、睑痉挛、眼睑闭合不全、眼睑退缩、内眦赘皮、先天性睑裂狭小综合征、眼睑缺损、倒睫、双行睫及睑腺炎等的临床特点、鉴别诊断和治疗方法。第八章涉及葡萄膜炎症性疾病，包括后葡萄膜炎、Behcet病、Vogt-小柳-原田综合征、交感性眼炎及急性视网膜坏死综合征等，重点描述了反复发作的葡萄膜炎、视网膜血管炎、前房积脓、晚霞状眼底、Dalen-Fuch结节等特征性表现及糖皮质激素、免疫抑制剂等治疗策略。附录部分则介绍了眼科常用药物，包括促进组织修复的酶类及生物制剂、以活血化瘀、清肝明目、补益肝肾等为主要功效的眼科常用中成药，以及中山大学中山眼科中心经验的协定中草药处方。

书中还收录了不少在其他图谱中少见的眼病珍贵彩色照片。据序言评价，本书病种齐全、系统性及实用性强，适用于各级眼科医师、眼视光师、研究生、全科医师、眼科实习医师及其他医务工作者作为临床诊病和教学参考书使用。",c86ce3a2-9c73-428c-b179-03a6d13c225e
04-屈光与视光：近视、接触镜与低视力,c73385b9-c154-4103-a93e-2d4c31f2423a,10000,fc534190-6911-436d-8769-1b65ed962b4b,眼的光学成像原理-徐庆 2012_weknora.mhtml,眼的光学成像原理-徐庆 2012_weknora.mhtml,"《眼的光学成像原理》由徐庆编著，上海科技教育出版社2012年出版，是一部系统阐述人眼光学成像原理的眼科学著作。内容提要指出，全书共十章，涵盖眼屈光系统的组成与光学特征、光线与眼组织的相互作用、眼的光学成像过程、视网膜像的质量与评价方法、影响成像质量的因素、屈光不正的测量与矫正、眼的年龄相关性光学变化，并介绍模型眼发展历史、常用模型、光学成像理论与像差理论。

前言强调眼是人类最重要的感觉器官，约90%的外界信息经眼接收，但以往研究多集中于生理与病理过程，对眼最基本的光学成像功能关注不足；本书以屈光系统为对象，比较模型眼与真实眼中的研究成果，探讨眼的光学结构与成像原理。

正文第一章概述眼光学系统。眼球壁由外层角膜与巩膜、中层葡萄膜、内层视网膜构成。视网膜含视杆细胞和视锥细胞：视杆细胞约1.1亿至1.5亿个，在距中央凹约20°处密度最大；视锥细胞约630万至680万个，密集于中央凹中心，负责高光线水平下的高分辨视觉。眼内容物包括房水、晶状体和玻璃体，与角膜共同构成屈光系统；晶状体通过形状变化实现调节。眼的基本光学特征包括焦点、主点、结点等基点，等效屈光力约60D，以及光轴、视轴、转动中心等概念，瞳孔作为孔径光阑控制进入眼内的光束。视觉表现部分讨论了中心视力、视野、双眼视觉，以及视觉分辨力极限理论（光感受器理论和光的波动理论），并列举影响视力的因素如衍射、对比敏感度、最小可分性、游标视力等。

第五章内容涉及屈光不正的测量，将测量技术分为主观、主客观联合和客观三类，介绍常规主观验光技术、简易验光仪和Badal验光仪的原理及光学方程，指出理想验光仪应满足测量值与标靶位移线性相关、标靶外观大小独立、测量范围适当、眼净空足够等要求；同时给出角膜、房水、晶状体、折射面曲率半径及眼轴距离等参数变化对屈光不正影响的数值表。

第十章涉及视网膜像质量计算，介绍了振幅点扩散函数、瞳孔函数和波像差函数的数学表达，以及散焦、纵向色差和横向色差在波像差中的表示方法，多色光源通过波长加权叠加各单色点扩散函数得到；光学传递函数可由瞳孔函数与其复共轭的自相关积分求得，并提供了几种结果验算方法。",completed,211c8a3e-4129-40dc-bb07-d96b6dad3547,"# Summary
《眼的光学成像原理》由徐庆编著，上海科技教育出版社2012年出版，是一部系统阐述人眼光学成像原理的眼科学著作。内容提要指出，全书共十章，涵盖眼屈光系统的组成与光学特征、光线与眼组织的相互作用、眼的光学成像过程、视网膜像的质量与评价方法、影响成像质量的因素、屈光不正的测量与矫正、眼的年龄相关性光学变化，并介绍模型眼发展历史、常用模型、光学成像理论与像差理论。

前言强调眼是人类最重要的感觉器官，约90%的外界信息经眼接收，但以往研究多集中于生理与病理过程，对眼最基本的光学成像功能关注不足；本书以屈光系统为对象，比较模型眼与真实眼中的研究成果，探讨眼的光学结构与成像原理。

正文第一章概述眼光学系统。眼球壁由外层角膜与巩膜、中层葡萄膜、内层视网膜构成。视网膜含视杆细胞和视锥细胞：视杆细胞约1.1亿至1.5亿个，在距中央凹约20°处密度最大；视锥细胞约630万至680万个，密集于中央凹中心，负责高光线水平下的高分辨视觉。眼内容物包括房水、晶状体和玻璃体，与角膜共同构成屈光系统；晶状体通过形状变化实现调节。眼的基本光学特征包括焦点、主点、结点等基点，等效屈光力约60D，以及光轴、视轴、转动中心等概念，瞳孔作为孔径光阑控制进入眼内的光束。视觉表现部分讨论了中心视力、视野、双眼视觉，以及视觉分辨力极限理论（光感受器理论和光的波动理论），并列举影响视力的因素如衍射、对比敏感度、最小可分性、游标视力等。

第五章内容涉及屈光不正的测量，将测量技术分为主观、主客观联合和客观三类，介绍常规主观验光技术、简易验光仪和Badal验光仪的原理及光学方程，指出理想验光仪应满足测量值与标靶位移线性相关、标靶外观大小独立、测量范围适当、眼净空足够等要求；同时给出角膜、房水、晶状体、折射面曲率半径及眼轴距离等参数变化对屈光不正影响的数值表。

第十章涉及视网膜像质量计算，介绍了振幅点扩散函数、瞳孔函数和波像差函数的数学表达，以及散焦、纵向色差和横向色差在波像差中的表示方法，多色光源通过波长加权叠加各单色点扩散函数得到；光学传递函数可由瞳孔函数与其复共轭的自相关积分求得，并提供了几种结果验算方法。",68313990-e64b-4f8b-b780-c35fe940cbea
06-眼底病与视网膜内科,f900fe21-9deb-47e0-bf36-ce06022cae92,10000,be41a6e2-7aaf-4799-a3f3-54199c70331e,眼底病激光治疗-张惠蓉 2012_weknora.mhtml,眼底病激光治疗-张惠蓉 2012_weknora.mhtml,"《眼底病激光治疗》是由张惠蓉主编、人民卫生出版社出版的一部眼底病激光治疗图谱专著。全书基于编者所在科室数十年积累的临床资料，以图谱形式直观展示激光治疗眼底病的方法与效果，共12章，含590余幅插图，包括彩色眼底图、荧光血管造影、吲哚菁绿造影、频域相干光断层扫描、视野及多焦眼电图等资料，并专门设有光动力学治疗章节。该书既可供从事眼底病激光治疗的医师参考，也可用于临床教学。

在基础概述部分，书中详细介绍了视网膜十层组织结构、脉络膜结构与血供，以及视网膜色素上皮、脉络膜色素、视色素、叶黄素、血色素等不同色素对激光吸收的影响。传统激光方面，阐述了激光方向性好、单色性好、相干性好的特性及其热作用、光化学作用、压强作用、电磁场作用和生物刺激作用等生物学效应；并按波长对绿色激光（氩绿、氪绿、倍频Nd:YAG）、黄色激光（氪黄、染料黄）、红色激光（氪红、红宝石、半导体）等不同激光的优缺点和适应证逐一说明，强调应根据病变部位、水肿和出血情况选择合适波长。

针对传统激光可能损伤视网膜神经感觉层和脉络膜的问题，书中还介绍了阈值下微脉冲激光和短脉冲模式扫描激光等新型激光，前者损伤小、可用于黄斑水肿等病变并可重复治疗，后者可一次曝光形成多点光斑，显著缩短全视网膜光凝时间。

在具体疾病治疗方面，以脉络膜新生血管为例，书中系统介绍了激光治疗的目的、适应证（新生血管需位于中心凹外约0.5DD，中心凹下者为禁忌并可改用光动力治疗）、激光前2～3天行荧光血管造影的必要性，以及激光参数选择、光斑重叠、重复治疗和避免中心凹损伤等技术要点，并强调术后2～3周复查造影和OCT以判断新生血管是否闭塞。治疗效果与新生血管的部位、大小及病因相关。

关于光动力治疗的并发症，书中分别介绍了全身并发症如注射时背痛、光敏反应、注射处局部反应，以及眼部并发症如视力严重下降、视网膜色素上皮改变与萎缩、视网膜色素上皮撕裂、脉络膜缺血、黄斑下出血、玻璃体积血和新生血管形成等，并引用了国内外多项研究的发生率数据，提示临床注意相关风险。",completed,117aff4c-6079-4c5d-8cad-6ea697fd74fd,"# Summary
《眼底病激光治疗》是由张惠蓉主编、人民卫生出版社出版的一部眼底病激光治疗图谱专著。全书基于编者所在科室数十年积累的临床资料，以图谱形式直观展示激光治疗眼底病的方法与效果，共12章，含590余幅插图，包括彩色眼底图、荧光血管造影、吲哚菁绿造影、频域相干光断层扫描、视野及多焦眼电图等资料，并专门设有光动力学治疗章节。该书既可供从事眼底病激光治疗的医师参考，也可用于临床教学。

在基础概述部分，书中详细介绍了视网膜十层组织结构、脉络膜结构与血供，以及视网膜色素上皮、脉络膜色素、视色素、叶黄素、血色素等不同色素对激光吸收的影响。传统激光方面，阐述了激光方向性好、单色性好、相干性好的特性及其热作用、光化学作用、压强作用、电磁场作用和生物刺激作用等生物学效应；并按波长对绿色激光（氩绿、氪绿、倍频Nd:YAG）、黄色激光（氪黄、染料黄）、红色激光（氪红、红宝石、半导体）等不同激光的优缺点和适应证逐一说明，强调应根据病变部位、水肿和出血情况选择合适波长。

针对传统激光可能损伤视网膜神经感觉层和脉络膜的问题，书中还介绍了阈值下微脉冲激光和短脉冲模式扫描激光等新型激光，前者损伤小、可用于黄斑水肿等病变并可重复治疗，后者可一次曝光形成多点光斑，显著缩短全视网膜光凝时间。

在具体疾病治疗方面，以脉络膜新生血管为例，书中系统介绍了激光治疗的目的、适应证（新生血管需位于中心凹外约0.5DD，中心凹下者为禁忌并可改用光动力治疗）、激光前2～3天行荧光血管造影的必要性，以及激光参数选择、光斑重叠、重复治疗和避免中心凹损伤等技术要点，并强调术后2～3周复查造影和OCT以判断新生血管是否闭塞。治疗效果与新生血管的部位、大小及病因相关。

关于光动力治疗的并发症，书中分别介绍了全身并发症如注射时背痛、光敏反应、注射处局部反应，以及眼部并发症如视力严重下降、视网膜色素上皮改变与萎缩、视网膜色素上皮撕裂、脉络膜缺血、黄斑下出血、玻璃体积血和新生血管形成等，并引用了国内外多项研究的发生率数据，提示临床注意相关风险。",9a93c16e-3b78-4330-ba2d-a5ffd4a220d3
06-眼底病与视网膜内科,f900fe21-9deb-47e0-bf36-ce06022cae92,10000,c1e5dca3-7356-4a6f-bb1f-e24780c8f61c,眼底病疑难病例解析精选-刘宁朴 2012_weknora.mhtml,眼底病疑难病例解析精选-刘宁朴 2012_weknora.mhtml,"本书《眼底病疑难病例解析精选2012》由刘宁朴主编，选取了23种眼底病疑难临床真实病例进行讨论分析，旨在通过典型病例的总结分析展示扩展的临床思维方式，帮助开阔视野、积累经验，提高为患者服务的能力。全书分为视网膜疾病、葡萄膜疾病和其他疾病三部分，包含109幅眼底彩色照相、光学断层扫描、荧光血管造影、吲哚菁绿造影、彩色超声多普勒及磁共振成像等检查图片，可供各级眼科医生参考。

书中对每个病例均提炼出诊疗过程中的经验、教训和体会，具体内容涉及多个疑难病例的诊治分析。例如，一则原因不明的黄斑区视网膜前出血病例，患者因过度悲伤哭泣一夜后发病，最终诊断为Valsalva视网膜病变，经玻璃体手术后视力恢复良好，说明此类出血可能与类似Valsalva动作的憋气现象有关，且临床上倾向保守治疗。小口氏病病例介绍了该罕见先天性疾病的特征，即眼底呈灰暗金黄色反光，长时间暗适应后颜色恢复正常（水尾现象）。日食性视网膜病变病例通过OCT观察到中心凹IS/OS层断裂，分析其热损伤与光化学损伤机制，并指出轻度损伤可自行修复。急性视网膜坏死综合征病例详细阐述了其病因、分期、药物治疗及玻璃体视网膜联合手术的处理方案。Terson综合征病例针对双眼玻璃体积血合并黄斑区内界膜下出血患者实施玻璃体切除术，讨论了手术时机、内界膜剥离的必要性及术后视网膜前膜形成的并发症。全书强调正确的临床思维是决定眼底病诊断及治疗效果的关键。",completed,b6ca5280-24bb-424c-b88b-8a4721206ff5,"# Summary
本书《眼底病疑难病例解析精选2012》由刘宁朴主编，选取了23种眼底病疑难临床真实病例进行讨论分析，旨在通过典型病例的总结分析展示扩展的临床思维方式，帮助开阔视野、积累经验，提高为患者服务的能力。全书分为视网膜疾病、葡萄膜疾病和其他疾病三部分，包含109幅眼底彩色照相、光学断层扫描、荧光血管造影、吲哚菁绿造影、彩色超声多普勒及磁共振成像等检查图片，可供各级眼科医生参考。

书中对每个病例均提炼出诊疗过程中的经验、教训和体会，具体内容涉及多个疑难病例的诊治分析。例如，一则原因不明的黄斑区视网膜前出血病例，患者因过度悲伤哭泣一夜后发病，最终诊断为Valsalva视网膜病变，经玻璃体手术后视力恢复良好，说明此类出血可能与类似Valsalva动作的憋气现象有关，且临床上倾向保守治疗。小口氏病病例介绍了该罕见先天性疾病的特征，即眼底呈灰暗金黄色反光，长时间暗适应后颜色恢复正常（水尾现象）。日食性视网膜病变病例通过OCT观察到中心凹IS/OS层断裂，分析其热损伤与光化学损伤机制，并指出轻度损伤可自行修复。急性视网膜坏死综合征病例详细阐述了其病因、分期、药物治疗及玻璃体视网膜联合手术的处理方案。Terson综合征病例针对双眼玻璃体积血合并黄斑区内界膜下出血患者实施玻璃体切除术，讨论了手术时机、内界膜剥离的必要性及术后视网膜前膜形成的并发症。全书强调正确的临床思维是决定眼底病诊断及治疗效果的关键。",1f86ca23-d504-4fc8-bf92-6238c05420cc
06-眼底病与视网膜内科,f900fe21-9deb-47e0-bf36-ce06022cae92,10000,4da7ae0f-2b5d-4733-9ce3-36f18df6dffd,眼底病鉴别诊断学-魏文斌 2012_weknora.mhtml,眼底病鉴别诊断学-魏文斌 2012_weknora.mhtml,"《眼底病鉴别诊断学》是由魏文斌、陈积中主编、黄叔仁主审的眼底病学专著，2012年由人民卫生出版社出版。全书共17章144节，约100余万字，涵盖约220个病种，配有约1000幅图片，重点突出眼底病的鉴别诊断，并附有大量“眼底病误诊、误治原因分析与防范”病例，旨在总结经验、提高诊疗水平。

本书强调眼底是“机体橱窗”，其组织结构精细、功能复杂，诊断需借助OCT、荧光素眼底血管造影、视觉电生理等精密设备，因此误诊误治时有发生。第一章从医学认识论出发，论述疾病诊断的本质是抓住疾病的特征性表现，并介绍了“一元论”“概率”“排除法”“整体性”等诊断原则，强调正确诊断需具备全面诊察、现代知识资料库和科学思维路线三个要素。该书还界定了眼底和眼底病的概念，指出眼底包括视网膜、视盘、黄斑，眼底病涵盖视网膜、视盘、脉络膜及玻璃体疾病，并列举了眼底病的八大分类。

第二章介绍眼底病相关解剖与胚胎发育，详述玻璃体的结构、分区（皮质、中央玻璃体、中央管）、组成成分及其与周围组织的附着关系，为理解玻璃体后脱离等病变提供解剖基础。节选内容还涉及多个具体疾病的临床与鉴别诊断：病理性近视（包括漆裂纹、Fuchs斑、脉络膜新生血管、黄斑劈裂等眼底改变及并发症）、视神经脊髓炎（与多发性硬化的鉴别要点）、同型胱氨酸尿症（与Marfan综合征的鉴别）以及血栓闭塞性脉管炎，展示了本书理论与实践结合、注重鉴别诊断的特色。",completed,a6c1e838-3183-4286-9a34-0d4ecd7bc326,"# Summary
《眼底病鉴别诊断学》是由魏文斌、陈积中主编、黄叔仁主审的眼底病学专著，2012年由人民卫生出版社出版。全书共17章144节，约100余万字，涵盖约220个病种，配有约1000幅图片，重点突出眼底病的鉴别诊断，并附有大量“眼底病误诊、误治原因分析与防范”病例，旨在总结经验、提高诊疗水平。

本书强调眼底是“机体橱窗”，其组织结构精细、功能复杂，诊断需借助OCT、荧光素眼底血管造影、视觉电生理等精密设备，因此误诊误治时有发生。第一章从医学认识论出发，论述疾病诊断的本质是抓住疾病的特征性表现，并介绍了“一元论”“概率”“排除法”“整体性”等诊断原则，强调正确诊断需具备全面诊察、现代知识资料库和科学思维路线三个要素。该书还界定了眼底和眼底病的概念，指出眼底包括视网膜、视盘、黄斑，眼底病涵盖视网膜、视盘、脉络膜及玻璃体疾病，并列举了眼底病的八大分类。

第二章介绍眼底病相关解剖与胚胎发育，详述玻璃体的结构、分区（皮质、中央玻璃体、中央管）、组成成分及其与周围组织的附着关系，为理解玻璃体后脱离等病变提供解剖基础。节选内容还涉及多个具体疾病的临床与鉴别诊断：病理性近视（包括漆裂纹、Fuchs斑、脉络膜新生血管、黄斑劈裂等眼底改变及并发症）、视神经脊髓炎（与多发性硬化的鉴别要点）、同型胱氨酸尿症（与Marfan综合征的鉴别）以及血栓闭塞性脉管炎，展示了本书理论与实践结合、注重鉴别诊断的特色。",65986a8c-4cc5-4e90-875f-cb95244e705d
06-眼底病与视网膜内科,f900fe21-9deb-47e0-bf36-ce06022cae92,10000,08c6ec01-4af0-43bf-bdc8-0a7646136a28,眼底病影像诊断图谱-王光璐 2012_weknora.mhtml,眼底病影像诊断图谱-王光璐 2012_weknora.mhtml,"《眼底病影像诊断图谱（第2版）》是由王光璐主编、北京科学技术出版社2012年出版的医学影像图谱专著，属“同仁眼科系列图谱”之一。全书960千字，图片资料主要来自北京同仁医院，并邀请多家医院专家参与编写。再版在首版基础上新增500余幅图片，补充了眼底先天性异常、早期老年黄斑变性、球内注射雷珠单抗观察、炎症变性类眼底病及全身病所致眼底疾病等内容，旨在以影像图谱形式直观展示眼底疾病，辅助临床诊断。

第一章系统介绍荧光素眼底血管造影（FFA）技术。内容包括造影的基本原理：荧光素钠为水溶性荧光染料，激发光波长465～490nm，发射荧光波长520～530nm；注入后60%～80%与血浆蛋白结合，仅有游离部分可发出荧光。眼底存在血－视网膜屏障（内屏障）和血－色素上皮屏障（外屏障），屏障破坏可导致荧光渗漏。正常眼底造影分为动脉前期、动脉期、动静脉期和晚期，臂－视网膜循环时间为10～15秒，黄斑呈暗区并有拱环结构。异常眼底荧光包括自发荧光/假荧光、高荧光（透见荧光即窗样缺损、荧光渗漏所致的组织着染和荧光素积存）以及低荧光（遮挡荧光、无灌注）等类型，各配以典型病例图像说明。

第十一章涉及黄斑裂孔的影像诊断与治疗。OCT对黄斑裂孔的诊断、鉴别诊断和定量评估具有重要价值，可将板层裂孔、全层裂孔、假性黄斑裂孔等区分开来，并按Gass分期描述Ⅰ～Ⅳ期OCT特征。治疗以玻璃体手术（内界膜剥离、解除玻璃体牵引）为主，可辅以自体血清等生物辅助剂。继发性黄斑裂孔可继发于外伤、高度近视、黄斑前膜牵拉、长期黄斑囊样水肿及炎症性疾病等。

第二十章介绍多种全身性疾病引起的眼底病变，包括混合性结缔组织病继发视网膜静脉阻塞、成人斯蒂尔病引起的视网膜血管炎（表现为棉絮斑、出血）、脆骨－蓝巩膜综合征（van der Hoeve综合征）的眼部异常如蓝巩膜、后巩膜葡萄肿、视网膜裂孔及脱离，以及抗磷脂综合征（APS）所致眼底血管闭塞、出血及黄斑囊样水肿，并附典型病例和影像资料。",completed,19259b77-9266-4521-8043-3261a4a108a3,"# Summary
《眼底病影像诊断图谱（第2版）》是由王光璐主编、北京科学技术出版社2012年出版的医学影像图谱专著，属“同仁眼科系列图谱”之一。全书960千字，图片资料主要来自北京同仁医院，并邀请多家医院专家参与编写。再版在首版基础上新增500余幅图片，补充了眼底先天性异常、早期老年黄斑变性、球内注射雷珠单抗观察、炎症变性类眼底病及全身病所致眼底疾病等内容，旨在以影像图谱形式直观展示眼底疾病，辅助临床诊断。

第一章系统介绍荧光素眼底血管造影（FFA）技术。内容包括造影的基本原理：荧光素钠为水溶性荧光染料，激发光波长465～490nm，发射荧光波长520～530nm；注入后60%～80%与血浆蛋白结合，仅有游离部分可发出荧光。眼底存在血－视网膜屏障（内屏障）和血－色素上皮屏障（外屏障），屏障破坏可导致荧光渗漏。正常眼底造影分为动脉前期、动脉期、动静脉期和晚期，臂－视网膜循环时间为10～15秒，黄斑呈暗区并有拱环结构。异常眼底荧光包括自发荧光/假荧光、高荧光（透见荧光即窗样缺损、荧光渗漏所致的组织着染和荧光素积存）以及低荧光（遮挡荧光、无灌注）等类型，各配以典型病例图像说明。

第十一章涉及黄斑裂孔的影像诊断与治疗。OCT对黄斑裂孔的诊断、鉴别诊断和定量评估具有重要价值，可将板层裂孔、全层裂孔、假性黄斑裂孔等区分开来，并按Gass分期描述Ⅰ～Ⅳ期OCT特征。治疗以玻璃体手术（内界膜剥离、解除玻璃体牵引）为主，可辅以自体血清等生物辅助剂。继发性黄斑裂孔可继发于外伤、高度近视、黄斑前膜牵拉、长期黄斑囊样水肿及炎症性疾病等。

第二十章介绍多种全身性疾病引起的眼底病变，包括混合性结缔组织病继发视网膜静脉阻塞、成人斯蒂尔病引起的视网膜血管炎（表现为棉絮斑、出血）、脆骨－蓝巩膜综合征（van der Hoeve综合征）的眼部异常如蓝巩膜、后巩膜葡萄肿、视网膜裂孔及脱离，以及抗磷脂综合征（APS）所致眼底血管闭塞、出血及黄斑囊样水肿，并附典型病例和影像资料。",4ab2c3c4-aa75-487c-b73e-5bbfbdcaccde
01-眼科综合：基础与全身病,09c593aa-1a64-48de-af81-fc4d30d551b4,10000,63bd5f4d-be01-4af5-84c1-a3f9653a557b,眼科疾病的发病机制与治疗-莱文、艾伯特著 2012_weknora.mhtml,眼科疾病的发病机制与治疗-莱文、艾伯特著 2012_weknora.mhtml,"《眼科疾病的发病机制与治疗》（Ocular Disease: Mechanisms and Management）是由Leonard A. Levin和Daniel M. Albert于2010年主编的眼科学专著，汇集了美、英、加等国上百位眼科专家的研究成果与临床经验。中译本由张丰菊、宋旭东主译，魏文斌主审，北京大学医学出版社于2012年出版。译者序言、前言及原著序言均强调，该书摒弃传统按解剖部位分章的编写模式，以临床问题为核心，从病理生理和分子机制角度阐释疾病，旨在帮助眼科医生“知其然，亦知其所以然”。原著序言还介绍了遗传学进展，如已鉴定出超过500个导致孟德尔眼疾病的基因，以及补体因子H等年龄相关性黄斑变性风险基因的发现。

文档摘录了三个章节内容。其一为角膜透明度丧失的机制，从角膜胶原纤维排列、晶格理论、短程有序理论等透明度理论出发，分析了角膜水肿时“湖”的形成及其对光散射的影响，以及角膜瘢痕和屈光手术后混浊的结构基础。其二为Leber遗传性视神经病变（LHON），阐述了其线粒体DNA突变（3460、14484、11778位点）、外显率差异、X染色体敏感位点、视网膜神经节细胞选择性易损的病理生理机制，以及吸烟饮酒等环境诱因。其三为结节病的病因与病理生理，介绍了其非干酪样肉芽肿的病理特征（绍曼小体、草酸钙结晶等）、CD4+T细胞在肺泡灌洗液中的诊断价值，以及分枝杆菌、痤疮丙酸杆菌等感染因素和遗传易感性的相关研究。",completed,53e35de9-c980-442d-be30-ee6ba38a6344,"# Summary
《眼科疾病的发病机制与治疗》（Ocular Disease: Mechanisms and Management）是由Leonard A. Levin和Daniel M. Albert于2010年主编的眼科学专著，汇集了美、英、加等国上百位眼科专家的研究成果与临床经验。中译本由张丰菊、宋旭东主译，魏文斌主审，北京大学医学出版社于2012年出版。译者序言、前言及原著序言均强调，该书摒弃传统按解剖部位分章的编写模式，以临床问题为核心，从病理生理和分子机制角度阐释疾病，旨在帮助眼科医生“知其然，亦知其所以然”。原著序言还介绍了遗传学进展，如已鉴定出超过500个导致孟德尔眼疾病的基因，以及补体因子H等年龄相关性黄斑变性风险基因的发现。

文档摘录了三个章节内容。其一为角膜透明度丧失的机制，从角膜胶原纤维排列、晶格理论、短程有序理论等透明度理论出发，分析了角膜水肿时“湖”的形成及其对光散射的影响，以及角膜瘢痕和屈光手术后混浊的结构基础。其二为Leber遗传性视神经病变（LHON），阐述了其线粒体DNA突变（3460、14484、11778位点）、外显率差异、X染色体敏感位点、视网膜神经节细胞选择性易损的病理生理机制，以及吸烟饮酒等环境诱因。其三为结节病的病因与病理生理，介绍了其非干酪样肉芽肿的病理特征（绍曼小体、草酸钙结晶等）、CD4+T细胞在肺泡灌洗液中的诊断价值，以及分枝杆菌、痤疮丙酸杆菌等感染因素和遗传易感性的相关研究。",e8a1703d-ec9d-4ce9-b9e2-349dda71ca49
23-眼科手术与操作技术,0ae37310-b90c-4b5b-9249-14be041abd93,10000,8ddac434-3b8a-47f2-a2a8-ce15b31bbb76,眼科手术操作技术-管怀进 2012_weknora.mhtml,眼科手术操作技术-管怀进 2012_weknora.mhtml,"《眼科手术操作技术》（第2版）由管怀进主编，是一部系统论述眼科手术操作原理、方法、技术、技巧及注意事项的专著。全书共5篇26章：第一篇介绍镊取、切开、分离、缝合、打结、止血等基本操作的器械与技巧，以及无菌、麻醉、暴露、软化眼球、黏弹剂应用等基础操作；第二篇讲述显微手术与内镜微创手术基本技术；第三篇阐明结膜、角膜、角膜缘、巩膜、虹膜、晶状体等组织的切开缝合操作；第四篇论述白内障超声乳化、青光眼、角膜移植、玻璃体视网膜及眼外伤、斜视、眼肿瘤、眼整形等常见手术；第五篇介绍实验室训练方法与技巧。书前序言和前言指出，眼科手术医师既要“精于勤”反复实践，也要“知其理”掌握操作原理；第2版在保留第1版特色的基础上，采用全彩色插图，新增内镜微创手术、新术式操作细节及手术培训等内容。

在具体操作技术方面，第一章重点剖析眼组织镊持的力学原理：镊取组织须使摩擦力大于牵拉力，摩擦力取决于作用力、镊尖接触及夹持方向。无齿镊分为夹持面可变型、固定型、凹槽型和环型，各有适用范围；有齿镊（直角齿、成角齿/鼠齿镊）通过使组织变形增强把持，常用于角膜、巩膜等坚韧组织，操作时需注意持镊位置和制动挡的调节。第二章介绍眼用手术刀的类型，包括尖点刃、线状刃、环形刃等，并阐述不同刀片切开直线、弧形切口的特性。

节选还涵盖多种屈光手术：传导性角膜成形术与激光角膜热成形术通过加热使角膜胶原收缩以矫正远视；单眼视LASIK对主视眼全矫、非主视眼欠矫，利用大脑抑制模糊成像获得看远看近能力；激光老视逆转术通过巩膜激光切削增加巩膜弹性；有晶状体眼人工晶状体植入术则在前房或后房植入人工晶状体矫正屈光不正。各手术均列出适应证、禁忌证、操作要点及并发症处理。

最后的训练部分介绍了动物眼实验室训练，包括连续环形撕囊、超声乳化刻槽与劈核、皮质吸除、复杂病例处理等技能，强调实验室训练与临床手术的差异；计算机虚拟手术训练（如Eyesi、Phaco Vision模拟仪）利用仿真眼、仿真器械和三维手术界面进行白内障及玻璃体视网膜手术训练，并具有实时警告和量化评分功能。",completed,13451ea5-8eec-483a-b06a-f0902b24b078,"# Summary
《眼科手术操作技术》（第2版）由管怀进主编，是一部系统论述眼科手术操作原理、方法、技术、技巧及注意事项的专著。全书共5篇26章：第一篇介绍镊取、切开、分离、缝合、打结、止血等基本操作的器械与技巧，以及无菌、麻醉、暴露、软化眼球、黏弹剂应用等基础操作；第二篇讲述显微手术与内镜微创手术基本技术；第三篇阐明结膜、角膜、角膜缘、巩膜、虹膜、晶状体等组织的切开缝合操作；第四篇论述白内障超声乳化、青光眼、角膜移植、玻璃体视网膜及眼外伤、斜视、眼肿瘤、眼整形等常见手术；第五篇介绍实验室训练方法与技巧。书前序言和前言指出，眼科手术医师既要“精于勤”反复实践，也要“知其理”掌握操作原理；第2版在保留第1版特色的基础上，采用全彩色插图，新增内镜微创手术、新术式操作细节及手术培训等内容。

在具体操作技术方面，第一章重点剖析眼组织镊持的力学原理：镊取组织须使摩擦力大于牵拉力，摩擦力取决于作用力、镊尖接触及夹持方向。无齿镊分为夹持面可变型、固定型、凹槽型和环型，各有适用范围；有齿镊（直角齿、成角齿/鼠齿镊）通过使组织变形增强把持，常用于角膜、巩膜等坚韧组织，操作时需注意持镊位置和制动挡的调节。第二章介绍眼用手术刀的类型，包括尖点刃、线状刃、环形刃等，并阐述不同刀片切开直线、弧形切口的特性。

节选还涵盖多种屈光手术：传导性角膜成形术与激光角膜热成形术通过加热使角膜胶原收缩以矫正远视；单眼视LASIK对主视眼全矫、非主视眼欠矫，利用大脑抑制模糊成像获得看远看近能力；激光老视逆转术通过巩膜激光切削增加巩膜弹性；有晶状体眼人工晶状体植入术则在前房或后房植入人工晶状体矫正屈光不正。各手术均列出适应证、禁忌证、操作要点及并发症处理。

最后的训练部分介绍了动物眼实验室训练，包括连续环形撕囊、超声乳化刻槽与劈核、皮质吸除、复杂病例处理等技能，强调实验室训练与临床手术的差异；计算机虚拟手术训练（如Eyesi、Phaco Vision模拟仪）利用仿真眼、仿真器械和三维手术界面进行白内障及玻璃体视网膜手术训练，并具有实时警告和量化评分功能。",04586490-62dc-44b9-88b2-b23018ca93e6
02-角膜与眼表,f041b2b7-3147-4deb-a2f2-0de5cc53d296,10000,3cc79388-33de-42f0-a42b-b3de1aa23e72,角膜手术学-史伟云 2012 weknora.mhtml,角膜手术学-史伟云 2012 weknora.mhtml,"该文档为《角膜手术学》一书的节选，内容涉及角膜基础解剖与生理、常用检查方法、角膜移植术后并发症处理以及感染复发时的非常规移植手术等多个方面。

在基础解剖生理部分，文档介绍了泪膜厚约7～10μm，由脂质层、水液层和黏液层三层构成，并阐述泪液动力学及其与眼表和角膜移植手术的关系。角膜大体解剖方面，给出了角膜直径、中央及周边厚度、前后表面曲率半径与屈光力等具体数据；组织学上详述了角膜上皮层、前弹力膜（Bowman膜）、基质层、后弹力层（Descemet膜）和内皮层的结构特点，并指出角膜因无血管而处于免疫赦免状态，这是角膜移植成功率高的主要原因。

检查方法部分涵盖：角膜内皮显微镜的工作原理、类型及内皮细胞密度和形态随年龄的变化；泪功能检查包括泪河观察、Schirmer试验1及基础试验、Schirmer试验2、泪膜破裂时间（BUT）和虎红染色，并说明了干眼症、Sjögren综合征、Stevens-Johnson综合征等疾病的染色特征；裂隙灯照相则系统介绍了弥散光、直接焦点、间接光、角膜缘分光及后部反光等照明方法，并附有不同角膜病变的照相参考表。

角膜移植术后并发症部分，论述了创口渗漏与缝线问题的临床表现、处理及拆线时机和技巧；角膜植片上皮持续不愈合并发溃疡穿孔的多种处理策略，如永久性睑裂缝合和再次移植；术后无前房继发青光眼的手术处理要点；以及虹膜前粘连的成因、危害和分离手术时机。

在感染复发治疗部分，文档重点介绍了非常规移植手术的应用：真菌性角膜炎移植术后复发时行异形部分穿透性角膜移植及病灶清除；角巩膜切口真菌感染采用部分中央穿透性角膜移植联合异形移植修复；棘阿米巴角膜炎移植术后复发则通过异形部分穿透性角膜移植修补，并指出因糖皮质激素可能增加棘阿米巴复发几率，术后半年内未予使用，后期再权衡应用以控制新生血管。",completed,462a85c7-90e8-4f5f-866d-a69179492ef2,"# Summary
该文档为《角膜手术学》一书的节选，内容涉及角膜基础解剖与生理、常用检查方法、角膜移植术后并发症处理以及感染复发时的非常规移植手术等多个方面。

在基础解剖生理部分，文档介绍了泪膜厚约7～10μm，由脂质层、水液层和黏液层三层构成，并阐述泪液动力学及其与眼表和角膜移植手术的关系。角膜大体解剖方面，给出了角膜直径、中央及周边厚度、前后表面曲率半径与屈光力等具体数据；组织学上详述了角膜上皮层、前弹力膜（Bowman膜）、基质层、后弹力层（Descemet膜）和内皮层的结构特点，并指出角膜因无血管而处于免疫赦免状态，这是角膜移植成功率高的主要原因。

检查方法部分涵盖：角膜内皮显微镜的工作原理、类型及内皮细胞密度和形态随年龄的变化；泪功能检查包括泪河观察、Schirmer试验1及基础试验、Schirmer试验2、泪膜破裂时间（BUT）和虎红染色，并说明了干眼症、Sjögren综合征、Stevens-Johnson综合征等疾病的染色特征；裂隙灯照相则系统介绍了弥散光、直接焦点、间接光、角膜缘分光及后部反光等照明方法，并附有不同角膜病变的照相参考表。

角膜移植术后并发症部分，论述了创口渗漏与缝线问题的临床表现、处理及拆线时机和技巧；角膜植片上皮持续不愈合并发溃疡穿孔的多种处理策略，如永久性睑裂缝合和再次移植；术后无前房继发青光眼的手术处理要点；以及虹膜前粘连的成因、危害和分离手术时机。

在感染复发治疗部分，文档重点介绍了非常规移植手术的应用：真菌性角膜炎移植术后复发时行异形部分穿透性角膜移植及病灶清除；角巩膜切口真菌感染采用部分中央穿透性角膜移植联合异形移植修复；棘阿米巴角膜炎移植术后复发则通过异形部分穿透性角膜移植修补，并指出因糖皮质激素可能增加棘阿米巴复发几率，术后半年内未予使用，后期再权衡应用以控制新生血管。",c32df66c-1673-4a8b-ac6e-865067a1f82f
03-白内障：晶状体与人工晶体,a0f47c80-3a66-46c8-8315-43b41ce357ea,10000,e54827b4-a81a-40f5-bcff-ea685a1d971f,白内障与人工晶状体-李筱荣 2011_weknora.mhtml,白内障与人工晶状体-李筱荣 2011_weknora.mhtml,"本书为《白内障与人工晶状体》专业著作，由李筱荣主编，袁佳琴作序。全书以白内障治疗为切入点，分上下两篇，系统介绍了白内障的发病机制、分类、治疗手段及人工晶状体的选择与应用，旨在为临床医生提供参考。

上篇为白内障部分。第一章详述晶状体的解剖、组织形态学及生理，包括晶状体的双凸透镜结构、悬韧带功能、囊膜/上皮细胞/纤维的组织学特点，以及屈光、调节、保护三大生理功能。白内障各论部分介绍了先天性白内障，涵盖其遗传与非遗传病因、白瞳症等临床表现及核性、绕核性、全白内障等九种临床类型和诊断要点；年龄相关性白内障是最常见的类型，书中详述了其流行病学、皮质性/核性/后囊下性三种分型及各期的临床特征与手术时机；并发性白内障则概述了眼部炎症、退行性病变等导致的晶状体混浊。

术式部分介绍了抗青光眼术后白内障超声乳化术的解剖特点及手术技巧，以及儿童白内障手术的时机选择、手术方法（如连续环形撕囊、人工晶状体植入、后囊膜处理）和常见并发症处理。此外，还介绍了无晶状体眼的矫正方式，如角膜接触镜的优缺点与适用人群、表层角膜镜片术的评价，以及人工晶状体二期植入的适应证、禁忌证和不同类型植入方法的选择。",completed,49fe432d-6595-4655-9000-b067518d2f1f,"# Summary
本书为《白内障与人工晶状体》专业著作，由李筱荣主编，袁佳琴作序。全书以白内障治疗为切入点，分上下两篇，系统介绍了白内障的发病机制、分类、治疗手段及人工晶状体的选择与应用，旨在为临床医生提供参考。

上篇为白内障部分。第一章详述晶状体的解剖、组织形态学及生理，包括晶状体的双凸透镜结构、悬韧带功能、囊膜/上皮细胞/纤维的组织学特点，以及屈光、调节、保护三大生理功能。白内障各论部分介绍了先天性白内障，涵盖其遗传与非遗传病因、白瞳症等临床表现及核性、绕核性、全白内障等九种临床类型和诊断要点；年龄相关性白内障是最常见的类型，书中详述了其流行病学、皮质性/核性/后囊下性三种分型及各期的临床特征与手术时机；并发性白内障则概述了眼部炎症、退行性病变等导致的晶状体混浊。

术式部分介绍了抗青光眼术后白内障超声乳化术的解剖特点及手术技巧，以及儿童白内障手术的时机选择、手术方法（如连续环形撕囊、人工晶状体植入、后囊膜处理）和常见并发症处理。此外，还介绍了无晶状体眼的矫正方式，如角膜接触镜的优缺点与适用人群、表层角膜镜片术的评价，以及人工晶状体二期植入的适应证、禁忌证和不同类型植入方法的选择。",e51eaaaa-dd3d-4a3f-9981-ab01edcdc723
11-整形与泪道,bdde98f8-4f6b-4b3f-89a4-3cee7f5133b4,10000,5f7c9a10-14f3-4324-9923-277007294c74,韩国眼睑整形手术图谱-李相烈 2011_weknora.mhtml,韩国眼睑整形手术图谱-李相烈 2011_weknora.mhtml,"《眼睑整形手术图谱》是由韩国学者李相烈、金润德、郭相忍、金星宙原著、叶娟翻译的中文版专著，由北京科学技术出版社于2011年出版。该书旨在通过介绍韩国人眼睑整形手术方法，帮助读者掌握亚洲人群的手术特点，弥补既有图谱多以西方人眼睑结构为对象的不足。全书以大量实际手术照片详细展示手术步骤，重点放在手术设计和操作上，涵盖重睑成形、皮肤松弛矫正、眼睑内翻、眼睑外翻、上睑下垂、眼睑退缩及眼睑重建等术式，麻醉、并发症处理不作为重点。译者结合其在韩国延世大学师从李相烈教授的学习经历及临床经验完成翻译。

书中第一章系统介绍眼睑解剖。表面结构方面，描述了眉毛的性别差异及纤毛朝向、韩国成人睑裂高度约8~9mm、宽度约26~28mm、内眦间距36~37mm等数据，并阐释亚洲人重睑线较低的原因在于眶隔与提上睑肌腱膜融合位置偏低，以及皮下脂肪、睑板前脂肪发达；内眦赘皮在韩国人群发生率为50%~70%，可致假性内斜视。组织层次方面，介绍了眼睑皮肤为全身最薄皮肤、眼轮匝肌三部分（睑板前、眶隔前、眶部）及Riolan肌、Horner肌、皱眉肌和降眉间肌，以及ROOF与SOOF脂肪层。结缔组织部分详述眶隔的起止与融合位置、上睑睑板高度7~9mm、下睑3~4mm、内外眦韧带和Whitnall结节。眼眶脂肪部分说明上睑有中央和内侧两个脂肪垫，下睑有外侧、中央、内侧三组脂肪垫，由下斜肌及其弓状扩展部隔开。开睑肌部分涉及提上睑肌、Whitnall韧带、Müller肌及下睑缩肌（睑囊筋膜和下睑板肌）的结构与功能，并简述眼睑血供来源。

后续章节摘录展示了重睑成形术的多种术式：埋线法Ⅱ沿重睑线做4个小切口、以6-0尼龙线行3对经睑板的褥式缝合并将线结埋入皮下；6-0 vicryl缝线间断缝合法在重睑线上做3处全层缝合、线结留于皮外；连续缝合埋线法Ⅰ则以不可吸收线做连续全层缝合后埋藏线结。眼睑重建部分包括下睑肌皮瓣转移修复上睑缺损及其二期皮瓣切开要点，以及内眦缺损重建的三种方法——全厚皮片移植、眉间皮瓣法（皮瓣固定于内眦韧带）和双叶皮瓣法，并配有基底细胞癌等病例的术前术后图片。",completed,1d29b1bb-12b8-4767-b4fe-33d76b7ba192,"# Summary
《眼睑整形手术图谱》是由韩国学者李相烈、金润德、郭相忍、金星宙原著、叶娟翻译的中文版专著，由北京科学技术出版社于2011年出版。该书旨在通过介绍韩国人眼睑整形手术方法，帮助读者掌握亚洲人群的手术特点，弥补既有图谱多以西方人眼睑结构为对象的不足。全书以大量实际手术照片详细展示手术步骤，重点放在手术设计和操作上，涵盖重睑成形、皮肤松弛矫正、眼睑内翻、眼睑外翻、上睑下垂、眼睑退缩及眼睑重建等术式，麻醉、并发症处理不作为重点。译者结合其在韩国延世大学师从李相烈教授的学习经历及临床经验完成翻译。

书中第一章系统介绍眼睑解剖。表面结构方面，描述了眉毛的性别差异及纤毛朝向、韩国成人睑裂高度约8~9mm、宽度约26~28mm、内眦间距36~37mm等数据，并阐释亚洲人重睑线较低的原因在于眶隔与提上睑肌腱膜融合位置偏低，以及皮下脂肪、睑板前脂肪发达；内眦赘皮在韩国人群发生率为50%~70%，可致假性内斜视。组织层次方面，介绍了眼睑皮肤为全身最薄皮肤、眼轮匝肌三部分（睑板前、眶隔前、眶部）及Riolan肌、Horner肌、皱眉肌和降眉间肌，以及ROOF与SOOF脂肪层。结缔组织部分详述眶隔的起止与融合位置、上睑睑板高度7~9mm、下睑3~4mm、内外眦韧带和Whitnall结节。眼眶脂肪部分说明上睑有中央和内侧两个脂肪垫，下睑有外侧、中央、内侧三组脂肪垫，由下斜肌及其弓状扩展部隔开。开睑肌部分涉及提上睑肌、Whitnall韧带、Müller肌及下睑缩肌（睑囊筋膜和下睑板肌）的结构与功能，并简述眼睑血供来源。

后续章节摘录展示了重睑成形术的多种术式：埋线法Ⅱ沿重睑线做4个小切口、以6-0尼龙线行3对经睑板的褥式缝合并将线结埋入皮下；6-0 vicryl缝线间断缝合法在重睑线上做3处全层缝合、线结留于皮外；连续缝合埋线法Ⅰ则以不可吸收线做连续全层缝合后埋藏线结。眼睑重建部分包括下睑肌皮瓣转移修复上睑缺损及其二期皮瓣切开要点，以及内眦缺损重建的三种方法——全厚皮片移植、眉间皮瓣法（皮瓣固定于内眦韧带）和双叶皮瓣法，并配有基底细胞癌等病例的术前术后图片。",ade598f9-dc68-4fe4-9995-f8d15f24b7a4
10-小儿眼科：斜视与弱视等,d6a5115a-067a-4514-afbf-9fe81b4e64c0,10000,7b5072ec-b1a9-4aca-ac7f-c00dc4e1e64a,斜视弱视学-赵堪兴 2011_weknora.mhtml,斜视弱视学-赵堪兴 2011_weknora.mhtml,"《斜视弱视学》是由赵堪兴主编、人民卫生出版社2011年出版的眼视光学专业规划教材，为卫生部""十二五""规划教材，也是第二轮规划教材中新增的品种，与原《双眼视觉学》互为姊妹篇，侧重讲述斜视和弱视等与双眼视觉功能密切相关疾病的临床诊断和处理。教材前言指出，斜视和弱视的患病率分别约为3%和2%～4%，学习本教材需掌握三个基本知识：眼外肌解剖和眼球运动生理、双眼视觉生理和斜视后的代偿、视觉发育与弱视的形成，并强调规范化的专科检查技能（知觉功能检查和眼球运动功能检查）及早期干预的重要性。

在解剖章节中，教材系统介绍了七条眼外肌（四条直肌、两条斜肌及提上睑肌）的起点、走行、附着点和作用，如内直肌止点距角膜缘5.5mm、上直肌与视轴夹角23°等，并阐述了Tillaux螺旋、直肌pulley结构。神经支配方面，上直肌、下直肌、内直肌、下斜肌及提上睑肌受动眼神经支配，外直肌受展神经支配，上斜肌受滑车神经支配。内容还涉及眼外肌的血液供应、慢纤维与快纤维两类肌纤维的结构特点，以及眼眶骨性结构、Tenon囊、肌锥、肌鞘、节制韧带、Lockwood韧带和眶脂肪等筋膜关系及其临床意义。

在内斜视部分，教材介绍了Duane眼球后退综合征（属先天性颅神经异常支配性眼病，分为三型）、Möbius综合征及盲点综合征等特殊类型内斜视，以及知觉性内斜视和手术后内斜视等继发性内斜视的病因与处理原则。外斜视章节概述了其发病过程四期分期（从视远外隐斜到视近、视远均外斜）、假性外斜视的鉴别及外隐斜视的病因。此外，教材还涉及先天性眼球震颤的遗传学研究进展，包括X连锁遗传位点（Xp11.4-p11.3、Xq26.3-27.1）、FRMD7致病基因的发现与功能，以及常染色体显性遗传位点和合并眼球震颤疾病的相关遗传因素。",completed,e261edf7-305e-479e-bf86-0b953cbc9889,"# Summary
《斜视弱视学》是由赵堪兴主编、人民卫生出版社2011年出版的眼视光学专业规划教材，为卫生部""十二五""规划教材，也是第二轮规划教材中新增的品种，与原《双眼视觉学》互为姊妹篇，侧重讲述斜视和弱视等与双眼视觉功能密切相关疾病的临床诊断和处理。教材前言指出，斜视和弱视的患病率分别约为3%和2%～4%，学习本教材需掌握三个基本知识：眼外肌解剖和眼球运动生理、双眼视觉生理和斜视后的代偿、视觉发育与弱视的形成，并强调规范化的专科检查技能（知觉功能检查和眼球运动功能检查）及早期干预的重要性。

在解剖章节中，教材系统介绍了七条眼外肌（四条直肌、两条斜肌及提上睑肌）的起点、走行、附着点和作用，如内直肌止点距角膜缘5.5mm、上直肌与视轴夹角23°等，并阐述了Tillaux螺旋、直肌pulley结构。神经支配方面，上直肌、下直肌、内直肌、下斜肌及提上睑肌受动眼神经支配，外直肌受展神经支配，上斜肌受滑车神经支配。内容还涉及眼外肌的血液供应、慢纤维与快纤维两类肌纤维的结构特点，以及眼眶骨性结构、Tenon囊、肌锥、肌鞘、节制韧带、Lockwood韧带和眶脂肪等筋膜关系及其临床意义。

在内斜视部分，教材介绍了Duane眼球后退综合征（属先天性颅神经异常支配性眼病，分为三型）、Möbius综合征及盲点综合征等特殊类型内斜视，以及知觉性内斜视和手术后内斜视等继发性内斜视的病因与处理原则。外斜视章节概述了其发病过程四期分期（从视远外隐斜到视近、视远均外斜）、假性外斜视的鉴别及外隐斜视的病因。此外，教材还涉及先天性眼球震颤的遗传学研究进展，包括X连锁遗传位点（Xp11.4-p11.3、Xq26.3-27.1）、FRMD7致病基因的发现与功能，以及常染色体显性遗传位点和合并眼球震颤疾病的相关遗传因素。",f2412c62-4fa1-4f22-a983-728dc5700de8
01-眼科综合：基础与全身病,09c593aa-1a64-48de-af81-fc4d30d551b4,10000,05a541f8-45b1-4f18-8c31-649d6a4ceecf,眼科病理学图谱-赵桂秋 2011_weknora.mhtml,眼科病理学图谱-赵桂秋 2011_weknora.mhtml,"《眼科病理学图谱》是由赵桂秋、林锦镛、林红主编、孙为荣主审，人民卫生出版社2011年出版的眼科病理学专著。前言指出，病理学检查能准确揭示病变的病理属性、严重程度和发展趋势，是影像学检查无法取代的重要诊断手段，眼科病理学是基础医学与临床医学之间的桥梁。全书共10章，按眼的解剖部位排列，收录近千幅典型的临床影像及组织病理学彩色图片，涵盖眼科常见病、多发病及肿瘤与非肿瘤性疾患。

书中第一部分讲述眼睑及眼附属器病变。正常眼睑由皮肤、皮下疏松结缔组织、肌层、睑板和结膜5层构成，含Zeis腺、Moll腺、Krause和Wolfring腺、Meibomian腺等附属结构。感染性炎性病变方面，结核性肉芽肿以干酪样坏死和Langhans多核巨细胞为特征；传染性软疣由痘病毒引起，表皮细胞内有嗜酸性软疣小体；寻常疣与HPV感染有关，可见空泡状细胞；蠕形螨感染可致睑缘炎症。非感染性炎症方面，睑板腺囊肿为导管阻塞引起的慢性无菌性肉芽肿性炎症；结节病表现为无干酪样坏死的肉芽肿结节，需与结核性肉芽肿鉴别；巨噬细胞性肉芽肿多由异物引起。眼睑表皮良性肿瘤中，鳞状细胞乳头状瘤呈乳头状外生性生长，中央含纤维血管束；脂溢性角化病为基底细胞增生，分棘层肥厚型、网状型和色素型，可含假性角质囊肿。

第二部分涉及视网膜变性病变。周边部视网膜微小囊样变性好发于老年人，囊腔位于外丛状层与内核层之间；黄斑囊性水肿由多种原因导致黄斑部液体聚积于外丛状层；变性性视网膜劈裂症指视网膜自外丛状层劈裂为两层，是视网膜脱离的重要原因；铺路石样变性表现为周边部视网膜变薄萎缩、色素上皮消失；年龄相关性黄斑变性临床分萎缩型和渗出型，渗出型伴脉络膜新生血管。

第三部分为眼眶肿瘤。邻近结构恶性肿瘤可蔓延至眶内，包括鼻窦肿瘤、眼睑或结膜恶性肿瘤、眼球内肿瘤（如视网膜母细胞瘤、脉络膜黑色素瘤）及颅内肿瘤。眼眶转移性肿瘤均经血源性转移，儿童以神经母细胞瘤等胚胎性肉瘤为主，成人以癌瘤为主，女性多源于乳腺癌，男性多源于肺癌，并介绍了白血病及粒细胞肉瘤侵犯眼眶的病理特征。",completed,c9490e33-67b4-4963-a787-8924e7c240ea,"# Summary
《眼科病理学图谱》是由赵桂秋、林锦镛、林红主编、孙为荣主审，人民卫生出版社2011年出版的眼科病理学专著。前言指出，病理学检查能准确揭示病变的病理属性、严重程度和发展趋势，是影像学检查无法取代的重要诊断手段，眼科病理学是基础医学与临床医学之间的桥梁。全书共10章，按眼的解剖部位排列，收录近千幅典型的临床影像及组织病理学彩色图片，涵盖眼科常见病、多发病及肿瘤与非肿瘤性疾患。

书中第一部分讲述眼睑及眼附属器病变。正常眼睑由皮肤、皮下疏松结缔组织、肌层、睑板和结膜5层构成，含Zeis腺、Moll腺、Krause和Wolfring腺、Meibomian腺等附属结构。感染性炎性病变方面，结核性肉芽肿以干酪样坏死和Langhans多核巨细胞为特征；传染性软疣由痘病毒引起，表皮细胞内有嗜酸性软疣小体；寻常疣与HPV感染有关，可见空泡状细胞；蠕形螨感染可致睑缘炎症。非感染性炎症方面，睑板腺囊肿为导管阻塞引起的慢性无菌性肉芽肿性炎症；结节病表现为无干酪样坏死的肉芽肿结节，需与结核性肉芽肿鉴别；巨噬细胞性肉芽肿多由异物引起。眼睑表皮良性肿瘤中，鳞状细胞乳头状瘤呈乳头状外生性生长，中央含纤维血管束；脂溢性角化病为基底细胞增生，分棘层肥厚型、网状型和色素型，可含假性角质囊肿。

第二部分涉及视网膜变性病变。周边部视网膜微小囊样变性好发于老年人，囊腔位于外丛状层与内核层之间；黄斑囊性水肿由多种原因导致黄斑部液体聚积于外丛状层；变性性视网膜劈裂症指视网膜自外丛状层劈裂为两层，是视网膜脱离的重要原因；铺路石样变性表现为周边部视网膜变薄萎缩、色素上皮消失；年龄相关性黄斑变性临床分萎缩型和渗出型，渗出型伴脉络膜新生血管。

第三部分为眼眶肿瘤。邻近结构恶性肿瘤可蔓延至眶内，包括鼻窦肿瘤、眼睑或结膜恶性肿瘤、眼球内肿瘤（如视网膜母细胞瘤、脉络膜黑色素瘤）及颅内肿瘤。眼眶转移性肿瘤均经血源性转移，儿童以神经母细胞瘤等胚胎性肉瘤为主，成人以癌瘤为主，女性多源于乳腺癌，男性多源于肺癌，并介绍了白血病及粒细胞肉瘤侵犯眼眶的病理特征。",56384f9e-4dea-439f-a5d2-0fd9ffe03b5f
01-眼科综合：基础与全身病,09c593aa-1a64-48de-af81-fc4d30d551b4,10000,f17f66ae-f7a6-4556-8542-433dd18d49ea,眼科疾病临床诊疗思维-王宁利 2011_weknora.mhtml,眼科疾病临床诊疗思维-王宁利 2011_weknora.mhtml,"《眼科疾病临床诊疗思维》是由王宁利、谢立信、崔浩主编，马建民任副主编，人民卫生出版社于2011年出版的临床诊疗思维系列丛书之一。该书以培养医学生和低年资医师主动、科学的临床诊疗思维为宗旨，约60万字，精选56个病例，涵盖眼睑病、角膜病、青光眼、眼眶病等多个眼科领域，并专设2个章节介绍中医眼科的临床诊疗思维模式。全书以临床病例为依托，围绕问诊、体格检查、辅助检查选择、诊断确立、治疗方案制订与调整、术后随访及失败病例经验总结等完整诊疗过程展开，重点展现医生的临床思维变化。

节选内容中，病例1完整展示了4岁男性患儿先天性上睑下垂的诊疗过程。患儿出生后即双眼睁不大且大小不一，经病史询问、体格检查、散瞳验光、新斯的明试验及胸片检查，最终诊断为双眼先天性上睑下垂伴右眼弱视，排除了重症肌无力。治疗采用全麻下双眼提上睑肌缩短术，术后给予人工泪液及眼膏保护角膜，并配合弱视训练，术后随访半年视力和眼睑外观均明显改善。该病例还系统阐述了上睑下垂的分类（先天性、后天性）、鉴别诊断要点及手术方式选择原则。

其他节选病例包括：病例2为54岁男性右眼反复红痛、视力下降20余年，考虑病毒性角膜炎；病例29为儿童牵牛花综合征并发陈旧性视网膜脱离，行玻璃体切除联合眼内激光、硅油填充手术，术后出现硅油进入视网膜下等复杂情况，经二次手术处理，并介绍了牵牛花综合征的临床特征与发病机制；病例30为60岁糖尿病史20年女性双眼渐进性视力下降，考虑糖尿病性视网膜病变及代谢性白内障。

中医眼科部分论述了眼底出血""止血、消瘀、宁血、补虚""的治血四法及其在不同出血阶段的应用，单纯疱疹病毒性角膜炎的中西医结合辨证论治思路，以及眼科围手术期应用益气养阴、清热解毒、活血化瘀等中药调理的原则。书末附有56个病例的最终诊断结果列表，涉及先天性上睑下垂、各种类型角膜炎与青光眼、糖尿病性视网膜病变、眼内异物、眼眶骨折、眼部肿瘤及全身病相关眼病等多种疾病。",completed,28b8c33e-2d04-4a7f-8495-39cc574071a1,"# Summary
《眼科疾病临床诊疗思维》是由王宁利、谢立信、崔浩主编，马建民任副主编，人民卫生出版社于2011年出版的临床诊疗思维系列丛书之一。该书以培养医学生和低年资医师主动、科学的临床诊疗思维为宗旨，约60万字，精选56个病例，涵盖眼睑病、角膜病、青光眼、眼眶病等多个眼科领域，并专设2个章节介绍中医眼科的临床诊疗思维模式。全书以临床病例为依托，围绕问诊、体格检查、辅助检查选择、诊断确立、治疗方案制订与调整、术后随访及失败病例经验总结等完整诊疗过程展开，重点展现医生的临床思维变化。

节选内容中，病例1完整展示了4岁男性患儿先天性上睑下垂的诊疗过程。患儿出生后即双眼睁不大且大小不一，经病史询问、体格检查、散瞳验光、新斯的明试验及胸片检查，最终诊断为双眼先天性上睑下垂伴右眼弱视，排除了重症肌无力。治疗采用全麻下双眼提上睑肌缩短术，术后给予人工泪液及眼膏保护角膜，并配合弱视训练，术后随访半年视力和眼睑外观均明显改善。该病例还系统阐述了上睑下垂的分类（先天性、后天性）、鉴别诊断要点及手术方式选择原则。

其他节选病例包括：病例2为54岁男性右眼反复红痛、视力下降20余年，考虑病毒性角膜炎；病例29为儿童牵牛花综合征并发陈旧性视网膜脱离，行玻璃体切除联合眼内激光、硅油填充手术，术后出现硅油进入视网膜下等复杂情况，经二次手术处理，并介绍了牵牛花综合征的临床特征与发病机制；病例30为60岁糖尿病史20年女性双眼渐进性视力下降，考虑糖尿病性视网膜病变及代谢性白内障。

中医眼科部分论述了眼底出血""止血、消瘀、宁血、补虚""的治血四法及其在不同出血阶段的应用，单纯疱疹病毒性角膜炎的中西医结合辨证论治思路，以及眼科围手术期应用益气养阴、清热解毒、活血化瘀等中药调理的原则。书末附有56个病例的最终诊断结果列表，涉及先天性上睑下垂、各种类型角膜炎与青光眼、糖尿病性视网膜病变、眼内异物、眼眶骨折、眼部肿瘤及全身病相关眼病等多种疾病。",79362d82-a3d1-4a3b-b547-dc5dd4672af2
15-检查：眼底血管造影（FFA/ICGA）,b12450f6-99ea-4f03-8765-a0a9b2753124,10000,bcbda05c-ceaa-4c33-91a6-f3229912b5e2,眼科荧光血管造影-翁景宁 2011_weknora.mhtml,眼科荧光血管造影-翁景宁 2011_weknora.mhtml,"《眼科荧光血管造影》是由S. Dithmar与F.G. Holz原著、翁景宁等主译的眼科影像学专著。全书基于海德堡大学眼科应用第二代海德堡视网膜血管造影仪（HRA2）的临床经验编写，系统介绍荧光素血管造影（FA）、吲哚青绿血管造影（ICGA）与眼底自发荧光（AF）三种技术，配合大量典型病例图例及解析，适于眼科医师临床参考。

在理化基础方面，书中阐述了荧光产生原理，并介绍两种造影剂：荧光素钠吸收光谱位于465～490nm，激发光谱520～530nm，注射后70%～80%与血浆蛋白结合，经肝肾排泄；常见不良反应为恶心呕吐，偶有过敏性休克，妊娠及过敏史者禁用。吲哚青绿吸收与激发光谱均位于红外区（790～805nm、825～835nm），98%与血浆蛋白结合，几乎不溢出血管，经肝脏代谢，不良反应较少，但甲亢、贝类过敏及严重肝功能不全者禁用，其红外光穿透性强，特别适用于脉络膜循环研究。

技术原理部分，书中重点介绍共焦激光扫描检眼镜（SLO）的设计与成像原理，包括激光光源（氩离子激光及倍频半导体激光）、共焦光圈对晶状体等杂散光的屏蔽作用、横向与纵向分辨率参数，以及HRA2设备的基本成像模式：FA（488nm）、ICGA、无赤光（RF）与红外照相（IR），并支持同步成像、拼图模式、广角物镜、ART运动校正、眼前节检查与立体成像等扩展功能。

临床应用方面，黄斑疾病部分描述了黄斑囊样水肿的囊腔样强荧光与三叶草样外观；遗传性黄斑病变中，Stargardt病表现为脂褐质沉积导致的暗脉络膜、RPE缺失区窗样缺损及AF增强，眼底黄色斑点症为其相关表型；Best病（卵状黄斑营养不良）以脂褐质盘状积存及强AF为特征；图形状RPE营养不良呈对称性色素纹。视神经疾病部分，视盘水肿在FA中显示毛细血管扩张与晚期染料渗漏，视盘旁脉络膜新生血管表现与其他部位CNV类似的强荧光和渗漏。眼内肿瘤部分，脉络膜黑色素瘤的FA/ICGA表现随色素沉着与血管化程度而异；脉络膜转移癌多表现为背景荧光遮蔽及晚期不规则强荧光；脉络膜血管瘤则因瘤体内血管充盈呈特征性强荧光，ICGA可持续显示肿瘤内血管网。",completed,49de3201-c6b9-4cdd-9f30-98985358d841,"# Summary
《眼科荧光血管造影》是由S. Dithmar与F.G. Holz原著、翁景宁等主译的眼科影像学专著。全书基于海德堡大学眼科应用第二代海德堡视网膜血管造影仪（HRA2）的临床经验编写，系统介绍荧光素血管造影（FA）、吲哚青绿血管造影（ICGA）与眼底自发荧光（AF）三种技术，配合大量典型病例图例及解析，适于眼科医师临床参考。

在理化基础方面，书中阐述了荧光产生原理，并介绍两种造影剂：荧光素钠吸收光谱位于465～490nm，激发光谱520～530nm，注射后70%～80%与血浆蛋白结合，经肝肾排泄；常见不良反应为恶心呕吐，偶有过敏性休克，妊娠及过敏史者禁用。吲哚青绿吸收与激发光谱均位于红外区（790～805nm、825～835nm），98%与血浆蛋白结合，几乎不溢出血管，经肝脏代谢，不良反应较少，但甲亢、贝类过敏及严重肝功能不全者禁用，其红外光穿透性强，特别适用于脉络膜循环研究。

技术原理部分，书中重点介绍共焦激光扫描检眼镜（SLO）的设计与成像原理，包括激光光源（氩离子激光及倍频半导体激光）、共焦光圈对晶状体等杂散光的屏蔽作用、横向与纵向分辨率参数，以及HRA2设备的基本成像模式：FA（488nm）、ICGA、无赤光（RF）与红外照相（IR），并支持同步成像、拼图模式、广角物镜、ART运动校正、眼前节检查与立体成像等扩展功能。

临床应用方面，黄斑疾病部分描述了黄斑囊样水肿的囊腔样强荧光与三叶草样外观；遗传性黄斑病变中，Stargardt病表现为脂褐质沉积导致的暗脉络膜、RPE缺失区窗样缺损及AF增强，眼底黄色斑点症为其相关表型；Best病（卵状黄斑营养不良）以脂褐质盘状积存及强AF为特征；图形状RPE营养不良呈对称性色素纹。视神经疾病部分，视盘水肿在FA中显示毛细血管扩张与晚期染料渗漏，视盘旁脉络膜新生血管表现与其他部位CNV类似的强荧光和渗漏。眼内肿瘤部分，脉络膜黑色素瘤的FA/ICGA表现随色素沉着与血管化程度而异；脉络膜转移癌多表现为背景荧光遮蔽及晚期不规则强荧光；脉络膜血管瘤则因瘤体内血管充盈呈特征性强荧光，ICGA可持续显示肿瘤内血管网。",f1609bc1-6e20-41b4-aeb9-f0832994766a
21-检查：房角镜,757c926c-3b49-4a5f-9d09-fef6ea738e97,10000,20d4d1ad-2fc8-4310-9e55-3a883e706472,眼前房角镜检查-张莉林 2011_weknora.mhtml,眼前房角镜检查-张莉林 2011_weknora.mhtml,"《眼前房角镜检查》是由张莉林、阴正勤主编，人民卫生出版社出版的眼科学专著，由第三军医大学第一附属医院眼科团队编写。全书分为基础篇和临床篇，配有260多幅彩色活体前房角正常结构与病理变化的照片，旨在为眼科医师特别是初学者和基层医师提供简便实用的前房角检查参考。

该书强调前房角镜检查在眼科特别是青光眼诊治中的重要性。前房角解剖位置隐蔽，不借助前房角镜无法直接观察。该检查可用于判断房水外流阻滞部位、将原发性青光眼准确区分为闭角型和开角型、发现前房角各种先天性和继发性改变，以及直接在前房角镜下进行手术。书中指出，即使超声生物显微镜（UBM）问世后，前房角镜检查的重要性也未减弱，二者可互为补充。

前房角镜的发展历程部分，追溯了自1907年Trantas首次观察前房角以来，历经Salzmann提出""全反射""概念、接触镜的试用、Koeppe接触镜的应用、Uribe Troncoso命名""前房角镜""，直至1938年Goldmann发明反光镜型接触镜这一重大革新，以及此后Zeiss四面镜型等各类棱镜的发展。书中阐述了前房角镜的原理，即通过接触镜消除角膜—空气界面的全反射，使房角光线进入检查者眼内，并介绍了直接型（Koeppe型）与间接型（Goldmann型）两大类房角镜的结构、种类及临床应用。

基础篇还介绍了前房角的组织胚胎发育与解剖生理，包括胚胎期前房角的形成过程，以及虹膜、睫状体等组织的结构特点。临床篇通过具体病例，展示了马凡综合征、颜面血管瘤综合征（Sturge-Weber综合征）、眼皮肤黑变病、白化病、眼前段上皮植入性囊肿，以及虹膜与房角色素异常等多种疾病的前房角病理改变，如虹膜突粗大、凝胶状黑色素充满房角、房角结构无色素、囊肿突入前房、周边前粘连等。此外，书中还系统论述了前房角镜检查的记录方法（方位记录法与钟点位记录法）、检查描述规范，以及房角镜的清洁、消毒、保管和检查注意事项。",completed,0a65464e-6192-4ed8-a7d1-608fbe5edde0,"# Summary
《眼前房角镜检查》是由张莉林、阴正勤主编，人民卫生出版社出版的眼科学专著，由第三军医大学第一附属医院眼科团队编写。全书分为基础篇和临床篇，配有260多幅彩色活体前房角正常结构与病理变化的照片，旨在为眼科医师特别是初学者和基层医师提供简便实用的前房角检查参考。

该书强调前房角镜检查在眼科特别是青光眼诊治中的重要性。前房角解剖位置隐蔽，不借助前房角镜无法直接观察。该检查可用于判断房水外流阻滞部位、将原发性青光眼准确区分为闭角型和开角型、发现前房角各种先天性和继发性改变，以及直接在前房角镜下进行手术。书中指出，即使超声生物显微镜（UBM）问世后，前房角镜检查的重要性也未减弱，二者可互为补充。

前房角镜的发展历程部分，追溯了自1907年Trantas首次观察前房角以来，历经Salzmann提出""全反射""概念、接触镜的试用、Koeppe接触镜的应用、Uribe Troncoso命名""前房角镜""，直至1938年Goldmann发明反光镜型接触镜这一重大革新，以及此后Zeiss四面镜型等各类棱镜的发展。书中阐述了前房角镜的原理，即通过接触镜消除角膜—空气界面的全反射，使房角光线进入检查者眼内，并介绍了直接型（Koeppe型）与间接型（Goldmann型）两大类房角镜的结构、种类及临床应用。

基础篇还介绍了前房角的组织胚胎发育与解剖生理，包括胚胎期前房角的形成过程，以及虹膜、睫状体等组织的结构特点。临床篇通过具体病例，展示了马凡综合征、颜面血管瘤综合征（Sturge-Weber综合征）、眼皮肤黑变病、白化病、眼前段上皮植入性囊肿，以及虹膜与房角色素异常等多种疾病的前房角病理改变，如虹膜突粗大、凝胶状黑色素充满房角、房角结构无色素、囊肿突入前房、周边前粘连等。此外，书中还系统论述了前房角镜检查的记录方法（方位记录法与钟点位记录法）、检查描述规范，以及房角镜的清洁、消毒、保管和检查注意事项。",f0f812c5-8612-41c5-84b8-b8ac2076cf91
04-屈光与视光：近视、接触镜与低视力,c73385b9-c154-4103-a93e-2d4c31f2423a,10000,88bc0555-0957-4580-930b-7c4cf92fda05,眼视光学理论和方法（第2版）-瞿佳 2011_weknora.mhtml,眼视光学理论和方法（第2版）-瞿佳 2011_weknora.mhtml,"《眼视光学理论和方法》第2版是卫生部“十二五”规划教材和全国高等学校眼视光学专业第二轮规划教材之一，由瞿佳主编，人民卫生出版社出版。该书是眼视光学专业本科系列教材中的核心课程用书，本轮教材共13本，新增了《斜视弱视学》和《眼视光应用光学》，并将《眼视光影像学》内容整合至相关教材。

该教材以“全面、全程眼睛保健医疗”理念为主线，将基础理论与临床技术紧密结合。再版修订时新增了“概述”“病史与临床问题分析”“病例分析与讨论”等章节，并配套出版实训指导，以强化学生从课堂到临床的实践衔接。

教材第一章概述阐述了眼视光学的学科定位，强调“理论”是对眼疾病因、机制的认识，“方法”是临床规范诊断流程中的检测技术，二者相互交融共同完成科学诊断。眼睛既是具有全身共性的生物器官，又是以光为适宜刺激的光学器官，全身许多疾病可在眼部有所表现。流行病学资料对临床诊疗思维有重要参考价值，如不同年龄段近视、远视、散光、老视的发病率规律各有特点。临床诊疗需遵循规范流程，可采用SOAP框架（主观、客观、评估、方案）组织诊断过程，并将系统检查归类为验光、视觉功能、眼球运动、眼部健康状况四大部分。

第七章论述双眼视功能的理论基础与临床方法，包括双眼视、感觉融像、运动融像等概念，强调双眼视可提供立体视和更大视野。章节还通过高度近视病例展示了临床诊断、治疗计划制定及有晶状体眼人工晶状体植入术的适应人群选择、术前教育和术后随访等完整处理思路。",completed,5ea5d39c-31fa-44ed-8dda-0bc257b2672a,"# Summary
《眼视光学理论和方法》第2版是卫生部“十二五”规划教材和全国高等学校眼视光学专业第二轮规划教材之一，由瞿佳主编，人民卫生出版社出版。该书是眼视光学专业本科系列教材中的核心课程用书，本轮教材共13本，新增了《斜视弱视学》和《眼视光应用光学》，并将《眼视光影像学》内容整合至相关教材。

该教材以“全面、全程眼睛保健医疗”理念为主线，将基础理论与临床技术紧密结合。再版修订时新增了“概述”“病史与临床问题分析”“病例分析与讨论”等章节，并配套出版实训指导，以强化学生从课堂到临床的实践衔接。

教材第一章概述阐述了眼视光学的学科定位，强调“理论”是对眼疾病因、机制的认识，“方法”是临床规范诊断流程中的检测技术，二者相互交融共同完成科学诊断。眼睛既是具有全身共性的生物器官，又是以光为适宜刺激的光学器官，全身许多疾病可在眼部有所表现。流行病学资料对临床诊疗思维有重要参考价值，如不同年龄段近视、远视、散光、老视的发病率规律各有特点。临床诊疗需遵循规范流程，可采用SOAP框架（主观、客观、评估、方案）组织诊断过程，并将系统检查归类为验光、视觉功能、眼球运动、眼部健康状况四大部分。

第七章论述双眼视功能的理论基础与临床方法，包括双眼视、感觉融像、运动融像等概念，强调双眼视可提供立体视和更大视野。章节还通过高度近视病例展示了临床诊断、治疗计划制定及有晶状体眼人工晶状体植入术的适应人群选择、术前教育和术后随访等完整处理思路。",9b25d633-47f8-410a-8c7f-d9ea20e1871d
02-角膜与眼表,f041b2b7-3147-4deb-a2f2-0de5cc53d296,10000,d32d0b93-5732-4110-802b-081f3bbc175a,临床角结膜图谱-曾庆延 2011 weknora.mhtml,临床角结膜图谱-曾庆延 2011 weknora.mhtml,"《临床角结膜病图谱》是由曾庆延主编、湖北科学技术出版社2011年出版的专著，属“爱尔眼科系列丛书”。书中汇集武汉爱尔眼科医院8年间的眼表及角膜病影像资料，以图谱形式展示疾病特点、治疗方法与转归；编排上按病因分类而非传统解剖部位分类，便于临床医师从病因角度理解眼表疾病，主要面向初、中级眼科医师。

文档内容涵盖多个章节。第一章“感染性眼表疾病”首先介绍病毒感染，包括：单纯疱疹病毒性角膜炎（HSV角膜炎），详述其病因、危险因素及各临床分型，如感染性角膜上皮炎、坏死性角膜基质炎、免疫性角膜基质炎、角膜内皮炎、神经营养性角膜炎及混合型，并给出相应抗病毒、糖皮质激素及手术治疗原则；眼带状疱疹（VZV）的临床表现与治疗；流行性角结膜炎（腺病毒所致）的流行病学特点、体征及支持治疗；流行性出血性结膜炎（肠道病毒70型、柯萨奇病毒）及麻疹性角膜炎。随后为细菌感染，重点阐述细菌性角膜炎的病原学（链球菌、葡萄球菌、绿脓杆菌、非典型分枝杆菌等）、危险因素、不同病原菌的临床特征、实验室诊断和抗菌治疗策略。

后部内容涉及角膜变性及角膜扩张性疾病，包括带状角膜变性（钙质沉着，可用EDTA-Na治疗）、气候性滴状角膜变性（与日光、紫外线暴露相关）、角膜环（老年环与青年环，青年需查血脂）以及圆锥角膜（病因、早晚期体征、急性水肿及相关疾病）。

后半部分还涵盖角膜术后与角膜病变相关主题：感染性结晶样角膜病变（生物膜致常规用药效果差，多需手术联合治疗）、大泡性角膜病变（角膜内皮失代偿所致，治疗包括高渗剂、角膜接触镜及角膜移植术）、后弹力层脱离（前房注气术可复位）、角膜小凹（泪膜覆盖不良致局部变薄，以润滑治疗为主），以及视网膜脱离巩膜扣带术后的硅胶排斥与暴露，指出多数需手术拆除硅胶条并联合抗炎治疗。文档配有大量临床病例图片及图注，展示典型病变形态与治疗前后变化。",completed,87391b0a-9ac3-4cc1-a2fa-a0b7b1291c45,"# Summary
《临床角结膜病图谱》是由曾庆延主编、湖北科学技术出版社2011年出版的专著，属“爱尔眼科系列丛书”。书中汇集武汉爱尔眼科医院8年间的眼表及角膜病影像资料，以图谱形式展示疾病特点、治疗方法与转归；编排上按病因分类而非传统解剖部位分类，便于临床医师从病因角度理解眼表疾病，主要面向初、中级眼科医师。

文档内容涵盖多个章节。第一章“感染性眼表疾病”首先介绍病毒感染，包括：单纯疱疹病毒性角膜炎（HSV角膜炎），详述其病因、危险因素及各临床分型，如感染性角膜上皮炎、坏死性角膜基质炎、免疫性角膜基质炎、角膜内皮炎、神经营养性角膜炎及混合型，并给出相应抗病毒、糖皮质激素及手术治疗原则；眼带状疱疹（VZV）的临床表现与治疗；流行性角结膜炎（腺病毒所致）的流行病学特点、体征及支持治疗；流行性出血性结膜炎（肠道病毒70型、柯萨奇病毒）及麻疹性角膜炎。随后为细菌感染，重点阐述细菌性角膜炎的病原学（链球菌、葡萄球菌、绿脓杆菌、非典型分枝杆菌等）、危险因素、不同病原菌的临床特征、实验室诊断和抗菌治疗策略。

后部内容涉及角膜变性及角膜扩张性疾病，包括带状角膜变性（钙质沉着，可用EDTA-Na治疗）、气候性滴状角膜变性（与日光、紫外线暴露相关）、角膜环（老年环与青年环，青年需查血脂）以及圆锥角膜（病因、早晚期体征、急性水肿及相关疾病）。

后半部分还涵盖角膜术后与角膜病变相关主题：感染性结晶样角膜病变（生物膜致常规用药效果差，多需手术联合治疗）、大泡性角膜病变（角膜内皮失代偿所致，治疗包括高渗剂、角膜接触镜及角膜移植术）、后弹力层脱离（前房注气术可复位）、角膜小凹（泪膜覆盖不良致局部变薄，以润滑治疗为主），以及视网膜脱离巩膜扣带术后的硅胶排斥与暴露，指出多数需手术拆除硅胶条并联合抗炎治疗。文档配有大量临床病例图片及图注，展示典型病变形态与治疗前后变化。",6922ab8a-6a88-4125-849a-788cf04ff8f1
11-整形与泪道,bdde98f8-4f6b-4b3f-89a4-3cee7f5133b4,10000,69c275e1-853d-43d7-a6af-1a2558131e4a,泪道手术图谱-R.K. Weber 2010_weknora.mhtml,泪道手术图谱-R.K. Weber 2010_weknora.mhtml,"《泪道手术图谱》中文版是一部由R.K. Weber、R. Keerl、S.D. Schaefer、R.C. Della Rocca等国际专家主编，陶海、侯世科主译，吴海洋、马志中审阅的眼科手术学专著，由北京科学技术出版社于2010年出版。全书共13章，含插图232幅、表格20个，附手术操作录像DVD及主题索引，内容涉及眼科、耳鼻喉科、整形科和放射科等多个领域。

该书内容涵盖泪道的解剖学、生理学、病理生理学和诊断学特点，并系统介绍了鼻泪管探通与置管、泪囊鼻腔造口术、儿童泪囊鼻腔造口术、激光辅助泪囊鼻腔造口术、结膜泪囊鼻腔吻合术及伴Jones管置入、泪道外伤修复等手术操作，还包括鼻内窥镜下泪囊鼻腔造口术的并发症处理、泪道显微内窥镜应用及泪道介入放射学研究进展，为临床医生提供了阶梯式诊疗方案。

书前部分强调，泪道外科需要眼科、耳鼻喉科及整形外科的跨学科合作，其目标是针对不同部位狭窄、肿瘤或外伤导致的泪溢，为每位患者制定个性化手术方案。译序和译者前言指出，国内泪道病诊治虽有进展，但在基础研究和某些先进手术技术方面与国外仍有差距，翻译出版此书有助于吸纳国际先进理论与技术。

从所摘录的章节内容看，解剖生理部分重点阐述了泪膜的结构与功能，包括脂质层、水液层、黏蛋白层，以及黏蛋白和TFF肽在泪膜稳定、抗菌防御中的作用；同时说明泪囊和鼻泪管周围海绵体血管丛通过膨胀和收缩调节泪液引流。诊断部分介绍了Schirmer试验、泪膜破裂时间、孟加拉红染色、溶菌酶溶胞试验等检查方法，并强调应明确阻塞位置和程度后选择相应手术方式。探通与置管部分针对先天性鼻泪管阻塞，介绍了Hasner瓣阻塞这一常见原因及操作要点，如先探上泪小管、避免损伤泪小管垂直部、防止形成假道等。泪道内窥镜部分则介绍了内窥镜设备、铒YAG激光等治疗工具，以及正常和病理状态下的内镜下表现。",completed,1a6102ed-bb12-4fea-9127-4686035aa279,"# Summary
《泪道手术图谱》中文版是一部由R.K. Weber、R. Keerl、S.D. Schaefer、R.C. Della Rocca等国际专家主编，陶海、侯世科主译，吴海洋、马志中审阅的眼科手术学专著，由北京科学技术出版社于2010年出版。全书共13章，含插图232幅、表格20个，附手术操作录像DVD及主题索引，内容涉及眼科、耳鼻喉科、整形科和放射科等多个领域。

该书内容涵盖泪道的解剖学、生理学、病理生理学和诊断学特点，并系统介绍了鼻泪管探通与置管、泪囊鼻腔造口术、儿童泪囊鼻腔造口术、激光辅助泪囊鼻腔造口术、结膜泪囊鼻腔吻合术及伴Jones管置入、泪道外伤修复等手术操作，还包括鼻内窥镜下泪囊鼻腔造口术的并发症处理、泪道显微内窥镜应用及泪道介入放射学研究进展，为临床医生提供了阶梯式诊疗方案。

书前部分强调，泪道外科需要眼科、耳鼻喉科及整形外科的跨学科合作，其目标是针对不同部位狭窄、肿瘤或外伤导致的泪溢，为每位患者制定个性化手术方案。译序和译者前言指出，国内泪道病诊治虽有进展，但在基础研究和某些先进手术技术方面与国外仍有差距，翻译出版此书有助于吸纳国际先进理论与技术。

从所摘录的章节内容看，解剖生理部分重点阐述了泪膜的结构与功能，包括脂质层、水液层、黏蛋白层，以及黏蛋白和TFF肽在泪膜稳定、抗菌防御中的作用；同时说明泪囊和鼻泪管周围海绵体血管丛通过膨胀和收缩调节泪液引流。诊断部分介绍了Schirmer试验、泪膜破裂时间、孟加拉红染色、溶菌酶溶胞试验等检查方法，并强调应明确阻塞位置和程度后选择相应手术方式。探通与置管部分针对先天性鼻泪管阻塞，介绍了Hasner瓣阻塞这一常见原因及操作要点，如先探上泪小管、避免损伤泪小管垂直部、防止形成假道等。泪道内窥镜部分则介绍了内窥镜设备、铒YAG激光等治疗工具，以及正常和病理状态下的内镜下表现。",d93219e4-a43e-4f5e-9e2f-a35502c11d3a
19-检查：视觉电生理,90a38a5f-92ce-4de3-a03a-152fd1db4d8e,10000,13fa0b9c-7110-4b7e-b676-1eaa418ff3f4,视网膜疾病电生理诊断-姜利斌 2010_weknora.mhtml,视网膜疾病电生理诊断-姜利斌 2010_weknora.mhtml,"《视网膜疾病电生理诊断》是日本名古屋大学三宅养三（Y. Miyake）教授的专著，系统总结了他30余年来在临床视觉电生理领域的研究经验。全书以随笔短文形式写成，并未囊括所有视网膜疾病，仅选取作者团队曾深入识别和研究过的病种。中译本由姜利斌、陈长征主译，吴乐正、黄时洲主审，于2010年出版。

第一章介绍原理与方法。全视野视网膜电图（ERG）采用Ganzfeld刺激器使刺激与背景光均匀覆盖全视网膜，记录条件遵循国际临床视觉电生理学会（ISCEV）标准。随刺激强度递增，ERG依次出现暗视阈值反应（STR）、b波和a波：STR起源于与光感受器形成突触的视网膜神经元；a波反映光感受器电位前沿；b波间接源自双极细胞与Müller细胞；振荡电位则代表无长突细胞对b波的抑制或调节效应。为分别评价视杆与视锥细胞功能，需在不同适应条件下记录多种ERG。作者团队开发了内置白光LED的角膜接触镜电极，兼具刺激与背景光源功能，可记录符合ISCEV标准的ERG，尤其适用于全身麻醉下婴幼儿的检查，以及玻璃体视网膜手术中的30Hz闪烁光ERG监测；术中监测显示玻璃体切割、气液交换及灌注液温度均可影响ERG振幅与峰时。此外，长闪光明视ERG可分离on/off反应，其a、b、d波与双极细胞的超极化、去极化活动有关。

第二章有关先天性静止性夜盲（CSNB）。完全型与不完全型X连锁CSNB的女性携带者均表现为振荡电位选择性降低而a波、b波正常。分子遗传学证实不完全型CSNB与CACNA1F基因突变相关，完全型CSNB多由NYX基因突变所致；各类患者的全视野ERG波形高度一致，提示ERG表型对诊断具有重要价值。发病机制上，完全型表现为视杆、视锥通路on型双极细胞突触传递的完全阻断，不完全型则为on/off通路的不完全缺陷。多数患者长期随访视力稳定，提示疾病基本静止，但部分CACNA1F突变患者呈进展性病程，出现脉络膜视网膜萎缩与视功能恶化。

第四章讨论年龄相关性黄斑变性（AMD）的手术治疗。视网膜下出血经玻璃体切割联合组织纤溶酶原激活剂清除后，光感受",completed,2a82b711-d1b5-42d9-9b27-90e9546a5cb0,"# Summary
《视网膜疾病电生理诊断》是日本名古屋大学三宅养三（Y. Miyake）教授的专著，系统总结了他30余年来在临床视觉电生理领域的研究经验。全书以随笔短文形式写成，并未囊括所有视网膜疾病，仅选取作者团队曾深入识别和研究过的病种。中译本由姜利斌、陈长征主译，吴乐正、黄时洲主审，于2010年出版。

第一章介绍原理与方法。全视野视网膜电图（ERG）采用Ganzfeld刺激器使刺激与背景光均匀覆盖全视网膜，记录条件遵循国际临床视觉电生理学会（ISCEV）标准。随刺激强度递增，ERG依次出现暗视阈值反应（STR）、b波和a波：STR起源于与光感受器形成突触的视网膜神经元；a波反映光感受器电位前沿；b波间接源自双极细胞与Müller细胞；振荡电位则代表无长突细胞对b波的抑制或调节效应。为分别评价视杆与视锥细胞功能，需在不同适应条件下记录多种ERG。作者团队开发了内置白光LED的角膜接触镜电极，兼具刺激与背景光源功能，可记录符合ISCEV标准的ERG，尤其适用于全身麻醉下婴幼儿的检查，以及玻璃体视网膜手术中的30Hz闪烁光ERG监测；术中监测显示玻璃体切割、气液交换及灌注液温度均可影响ERG振幅与峰时。此外，长闪光明视ERG可分离on/off反应，其a、b、d波与双极细胞的超极化、去极化活动有关。

第二章有关先天性静止性夜盲（CSNB）。完全型与不完全型X连锁CSNB的女性携带者均表现为振荡电位选择性降低而a波、b波正常。分子遗传学证实不完全型CSNB与CACNA1F基因突变相关，完全型CSNB多由NYX基因突变所致；各类患者的全视野ERG波形高度一致，提示ERG表型对诊断具有重要价值。发病机制上，完全型表现为视杆、视锥通路on型双极细胞突触传递的完全阻断，不完全型则为on/off通路的不完全缺陷。多数患者长期随访视力稳定，提示疾病基本静止，但部分CACNA1F突变患者呈进展性病程，出现脉络膜视网膜萎缩与视功能恶化。

第四章讨论年龄相关性黄斑变性（AMD）的手术治疗。视网膜下出血经玻璃体切割联合组织纤溶酶原激活剂清除后，光感受",655204a0-86f4-4b56-b747-77731f887972
13-眼外伤与急症,06e9888f-5d59-49c9-9218-d078b456f01b,10000,0b3e12a5-fabd-40b1-9f71-e19a555970a5,眼外伤 理论与实践-张卯年 2010_weknora.mhtml,眼外伤 理论与实践-张卯年 2010_weknora.mhtml,"本书《眼外伤——理论与实践》是由Ferenc Kuhn和Dante J. Pieramici原著、张卯年主译的中文译本，由人民军医出版社2010年出版，全书共38章，系统介绍眼外伤的基础理论与临床知识，涵盖生理、病理、感染、免疫等理论，以及生理检查、影像诊断、造影检查等技术，并阐述各类眼外伤的临床表现、诊断及手术和药物治疗。

前言和“关于本书”部分强调，该书不同于以往眼外伤专著，力求便于查找、便于使用，以表格和粗体圆点替代冗长段落，并设置“要点”“注意点”“特殊考虑”等栏目；纳入患者观点、眼外伤分类和术语、严重眼外伤预后、康复、治疗方案等以往较少涉及的主题，同时依托美国眼外伤登记处等数据库，体现国际多中心视角。

“重症眼外伤：患者的观点”部分收录了Ellen、Emily及其丈夫的亲身叙述，展现炸弹爆炸等致盲性眼外伤对患者视力、心理、家庭和生活能力的巨大影响，描述了康复训练、多次手术及医患关系的支持作用，强调医生将患者作为“人”而非“没有名字的脸”来对待的重要性。

临床内容方面，第23章讨论眼后节外伤与玻璃体积血，包括外伤后增殖性玻璃体视网膜病变的病理过程、玻璃体积血的病因与处理、早期与延迟玻璃体切割术的比较，以及硅油与SF6/C3F8在严重PVR治疗中的效果对比。第24章介绍眼内异物的定义、历史、流行病学和处理原则，强调治疗的首要目标是防治眼内炎、视网膜脱离等并发症，玻璃体切除时代将重点从取出异物转向视力恢复。

附录部分依据NEISS和USEIR数据分析运动相关眼外伤的流行病学，指出防护眼镜标准（如ASTM F803）对降低运动眼外伤发病和严重程度的作用，并提出通过标准分类和加强教育来减少眼外伤发生。",completed,b6d2e80c-55f1-4fe2-bb5e-2b9731ba5f2c,"# Summary
本书《眼外伤——理论与实践》是由Ferenc Kuhn和Dante J. Pieramici原著、张卯年主译的中文译本，由人民军医出版社2010年出版，全书共38章，系统介绍眼外伤的基础理论与临床知识，涵盖生理、病理、感染、免疫等理论，以及生理检查、影像诊断、造影检查等技术，并阐述各类眼外伤的临床表现、诊断及手术和药物治疗。

前言和“关于本书”部分强调，该书不同于以往眼外伤专著，力求便于查找、便于使用，以表格和粗体圆点替代冗长段落，并设置“要点”“注意点”“特殊考虑”等栏目；纳入患者观点、眼外伤分类和术语、严重眼外伤预后、康复、治疗方案等以往较少涉及的主题，同时依托美国眼外伤登记处等数据库，体现国际多中心视角。

“重症眼外伤：患者的观点”部分收录了Ellen、Emily及其丈夫的亲身叙述，展现炸弹爆炸等致盲性眼外伤对患者视力、心理、家庭和生活能力的巨大影响，描述了康复训练、多次手术及医患关系的支持作用，强调医生将患者作为“人”而非“没有名字的脸”来对待的重要性。

临床内容方面，第23章讨论眼后节外伤与玻璃体积血，包括外伤后增殖性玻璃体视网膜病变的病理过程、玻璃体积血的病因与处理、早期与延迟玻璃体切割术的比较，以及硅油与SF6/C3F8在严重PVR治疗中的效果对比。第24章介绍眼内异物的定义、历史、流行病学和处理原则，强调治疗的首要目标是防治眼内炎、视网膜脱离等并发症，玻璃体切除时代将重点从取出异物转向视力恢复。

附录部分依据NEISS和USEIR数据分析运动相关眼外伤的流行病学，指出防护眼镜标准（如ASTM F803）对降低运动眼外伤发病和严重程度的作用，并提出通过标准分类和加强教育来减少眼外伤发生。",d83c9642-9f7b-4e76-b76a-fa2561c585e4
17-检查：眼科超声与 UBM,8ba4bb92-4b55-4e98-94d7-e8322b102084,10000,c5b2f3bf-9bf2-4fc5-a79b-71e98b4a1922,活体超声生物显微镜眼科学-王宁利 2010 weknora.mhtml,活体超声生物显微镜眼科学-王宁利 2010 weknora.mhtml,"《活体超声生物显微镜眼科学》是由王宁利、刘文主编、科学出版社出版的眼科学专著（第二版），系统总结了超声生物显微镜（UBM）技术在眼科领域的应用成果。全书分为三篇：基础篇介绍UBM成像原理与检查方法；临床篇阐述正常眼的UBM表现、各类眼前段疾病及激光治疗前后的图像特征；实验篇涵盖UBM在实验研究中的应用、国产全景UBM的研制以及高频UBM的发展情况。书中强调，UBM的应用为眼科基础研究与临床诊治提供了大量新知识、新观点和新理论。

第二版在保留第一版特色的基础上进行了修订：将部分图像拼接技术获得的眼前段图像替换为由全景UBM采集的一次性全景图像，并新增全景UBM在眼科的应用、UBM在泪道疾病中的应用以及小动物眼高分辨率超声成像等内容。第二版序言指出，UBM自1990年诞生以来已广泛应用20年，王宁利团队研制成功的国产全景UBM使扫描宽度由5mm增至16mm、深度由5mm增至9mm，并开发了一次性快速全景成像的活体高频超声显微镜，推动了该领域设备研发的重要进展。

本书前言回顾了UBM的学术发展脉络：加拿大医师Pavlin于1991年设计了首台高频超声诊断仪，分辨率达到光学显微镜水平。我国学者利用UBM系统观察了闭角型青光眼房角关闭机制，发现中国人闭角型青光眼发病机制呈多样性，提出了新的分类体系和诊治流程；还率先设计UBM暗室激发试验、提出恶性青光眼新分类，并对前段增殖性玻璃体视网膜病变的UBM图像特征进行了系统研究。

正文基础部分阐述了高频超声基本原理：临床诊断超声多位于1—10MHz范围，而UBM频率为40—100MHz；超声成像的三个基本特征是衰减、反射和声速，波长决定图像分辨率，100MHz波长约15μm。临床部分展示了UBM在睫状沟距离测量、玻璃体疾病（包括玻璃体脱离、尘样浑浊、浓缩、积血）诊断中的典型图像特征。实验部分介绍了小动物超声系统（最高频率70MHz，最小分辨率30μm）的应用，以及超声微泡造影技术在靶向药物/基因递送、肿瘤新生血管评价等方面的研究进展，为该领域未来向临床应用转化提供了方向。",completed,8966c875-78a1-45c7-ae45-7d0bd9fd2d72,"# Summary
《活体超声生物显微镜眼科学》是由王宁利、刘文主编、科学出版社出版的眼科学专著（第二版），系统总结了超声生物显微镜（UBM）技术在眼科领域的应用成果。全书分为三篇：基础篇介绍UBM成像原理与检查方法；临床篇阐述正常眼的UBM表现、各类眼前段疾病及激光治疗前后的图像特征；实验篇涵盖UBM在实验研究中的应用、国产全景UBM的研制以及高频UBM的发展情况。书中强调，UBM的应用为眼科基础研究与临床诊治提供了大量新知识、新观点和新理论。

第二版在保留第一版特色的基础上进行了修订：将部分图像拼接技术获得的眼前段图像替换为由全景UBM采集的一次性全景图像，并新增全景UBM在眼科的应用、UBM在泪道疾病中的应用以及小动物眼高分辨率超声成像等内容。第二版序言指出，UBM自1990年诞生以来已广泛应用20年，王宁利团队研制成功的国产全景UBM使扫描宽度由5mm增至16mm、深度由5mm增至9mm，并开发了一次性快速全景成像的活体高频超声显微镜，推动了该领域设备研发的重要进展。

本书前言回顾了UBM的学术发展脉络：加拿大医师Pavlin于1991年设计了首台高频超声诊断仪，分辨率达到光学显微镜水平。我国学者利用UBM系统观察了闭角型青光眼房角关闭机制，发现中国人闭角型青光眼发病机制呈多样性，提出了新的分类体系和诊治流程；还率先设计UBM暗室激发试验、提出恶性青光眼新分类，并对前段增殖性玻璃体视网膜病变的UBM图像特征进行了系统研究。

正文基础部分阐述了高频超声基本原理：临床诊断超声多位于1—10MHz范围，而UBM频率为40—100MHz；超声成像的三个基本特征是衰减、反射和声速，波长决定图像分辨率，100MHz波长约15μm。临床部分展示了UBM在睫状沟距离测量、玻璃体疾病（包括玻璃体脱离、尘样浑浊、浓缩、积血）诊断中的典型图像特征。实验部分介绍了小动物超声系统（最高频率70MHz，最小分辨率30μm）的应用，以及超声微泡造影技术在靶向药物/基因递送、肿瘤新生血管评价等方面的研究进展，为该领域未来向临床应用转化提供了方向。",18523d89-942e-4173-b47a-0a3f526a46fb
03-白内障：晶状体与人工晶体,a0f47c80-3a66-46c8-8315-43b41ce357ea,10000,a4d0347e-6e83-476a-819d-fc31f789c78c,白内障和屈光手术-Thomas Kohnen 2009_weknora.mhtml,白内障和屈光手术-Thomas Kohnen 2009_weknora.mhtml,"《白内障和屈光手术》是""眼科精粹系列丛书""的第二分册，由德国学者托马斯·库能和道格拉斯·科赫主编、刘虎主译，辽宁科学技术出版社出版，系统综述了白内障与屈光手术领域的最新进展。丛书序言指出，全书在白内障部分涵盖麻醉方式、小切口超声乳化技术、眼用粘弹剂和人工晶状体等新型手术耗材、并发症防治及疑难病例处理；屈光手术部分则介绍准分子激光角膜表层和板层切削、角膜切开、眼内人工晶状体植入等术式，并重点阐述波前像差、视觉质量评估和瞳孔检测等内容。丛书前言说明，鉴于医学知识半衰期仅约5年，本丛书旨在期刊与教科书之间架起桥梁，加速新知识向临床实践的转化。

第1章综述白内障手术的表面麻醉和眼内麻醉。其机制是药物直接作用于神经末梢钠离子通道、抑制神经冲动产生而非阻断冲动传导，可使痛觉丧失但眼球转动未被制动，适用于无需制动眼球的小切口超声乳化术。酯类药物（地卡因、奥布卡因等）起效快但维持时间短，氨基类药物（利多卡因、布吡卡因等）起效慢但角膜穿透性好、作用持久。首选方案为不含防腐剂的4%利多卡因点眼，合并或不合并1",completed,beaff294-6be4-4958-92de-a6b1970ab816,"# Summary
《白内障和屈光手术》是""眼科精粹系列丛书""的第二分册，由德国学者托马斯·库能和道格拉斯·科赫主编、刘虎主译，辽宁科学技术出版社出版，系统综述了白内障与屈光手术领域的最新进展。丛书序言指出，全书在白内障部分涵盖麻醉方式、小切口超声乳化技术、眼用粘弹剂和人工晶状体等新型手术耗材、并发症防治及疑难病例处理；屈光手术部分则介绍准分子激光角膜表层和板层切削、角膜切开、眼内人工晶状体植入等术式，并重点阐述波前像差、视觉质量评估和瞳孔检测等内容。丛书前言说明，鉴于医学知识半衰期仅约5年，本丛书旨在期刊与教科书之间架起桥梁，加速新知识向临床实践的转化。

第1章综述白内障手术的表面麻醉和眼内麻醉。其机制是药物直接作用于神经末梢钠离子通道、抑制神经冲动产生而非阻断冲动传导，可使痛觉丧失但眼球转动未被制动，适用于无需制动眼球的小切口超声乳化术。酯类药物（地卡因、奥布卡因等）起效快但维持时间短，氨基类药物（利多卡因、布吡卡因等）起效慢但角膜穿透性好、作用持久。首选方案为不含防腐剂的4%利多卡因点眼，合并或不合并1",56c98585-f838-479c-bae2-66a8c568e02e
03-白内障：晶状体与人工晶体,a0f47c80-3a66-46c8-8315-43b41ce357ea,10000,199fe87c-a479-4026-974d-2a08bf74fe29,白内障显微手术彩色图谱-李筱荣 2009_weknora.mhtml,白内障显微手术彩色图谱-李筱荣 2009_weknora.mhtml,"本书《白内障显微手术彩色图谱》由李筱荣、袁佳琴主编，科学出版社出版，系统介绍了各类白内障手术的步骤与技巧。全书共16章，含近400幅彩色插图，内容涵盖白内障术前检查与准备、现代及改良的囊外白内障摘除术、小切口非超声乳化白内障摘除术、超声乳化吸除术、儿童及复杂情况下的白内障手术、白内障与其他眼病的联合手术，以及眼内屈光矫正术、人工晶状体新进展等前沿信息，适合各级眼科医师、护士、进修医师及研究生参考。

第一章回顾了白内障手术发展史：自1745年Daniel首次施行白内障摘除术以来，历经囊内摘除术、酶制剂与冷冻器的应用，进入显微手术时代；1968年Kelman发明超声乳化仪，20世纪90年代超声乳化由动力型向抽吸型转变。在我国，现代囊外白内障摘除术曾为主要术式，在此基础上发展出小切口非超声乳化术；超声乳化技术自20世纪90年代初引入后迅速推广，出现了分而治之、拦截劈裂、预劈核等多种核处理技巧。激光乳化术则以Er:YAG激光较为成熟。天津医科大学眼科中心是国内最早进行人工晶状体培训的中心，培养了3000余名眼科医生并合作完成16万例复明手术。

第二章介绍显微手术基础，包括手术显微镜的选择与调节（0位、瞳距、屈光度、倍率、照明等）及常规显微手术器械（侧切刀、前房穿刺刀、巩膜隧道刀、撕囊镊、截囊针、劈核钩等）的规格与用途。

第九章节选部分讨论术中并发症的防治，包括切口灼伤、前囊撕裂、前房出血、后囊破裂、悬韧带断裂及暴发性脉络膜上腔出血等，详细阐述了各自的发生原因、预防措施及处理方法，如后囊破裂时可根据破孔大小选择囊袋内植入、睫状沟固定或放弃植入等策略。

第十六章节选部分介绍新型人工晶状体，包括拟调节人工晶状体（单光学面CrystaLens、1CU、Tetraflex，双光学面Synchrony、Sarfarazi，囊袋填充型Smart Lens及光控性晶状体）、基于菲涅耳透镜原理的微小切口ThinOptX晶状体，以及抗囊袋张力的Centerflex晶状体等，反映了该领域的最新技术进展。",completed,a0e28fb6-a12d-4cd9-a08c-9d828bdcc8b8,"# Summary
本书《白内障显微手术彩色图谱》由李筱荣、袁佳琴主编，科学出版社出版，系统介绍了各类白内障手术的步骤与技巧。全书共16章，含近400幅彩色插图，内容涵盖白内障术前检查与准备、现代及改良的囊外白内障摘除术、小切口非超声乳化白内障摘除术、超声乳化吸除术、儿童及复杂情况下的白内障手术、白内障与其他眼病的联合手术，以及眼内屈光矫正术、人工晶状体新进展等前沿信息，适合各级眼科医师、护士、进修医师及研究生参考。

第一章回顾了白内障手术发展史：自1745年Daniel首次施行白内障摘除术以来，历经囊内摘除术、酶制剂与冷冻器的应用，进入显微手术时代；1968年Kelman发明超声乳化仪，20世纪90年代超声乳化由动力型向抽吸型转变。在我国，现代囊外白内障摘除术曾为主要术式，在此基础上发展出小切口非超声乳化术；超声乳化技术自20世纪90年代初引入后迅速推广，出现了分而治之、拦截劈裂、预劈核等多种核处理技巧。激光乳化术则以Er:YAG激光较为成熟。天津医科大学眼科中心是国内最早进行人工晶状体培训的中心，培养了3000余名眼科医生并合作完成16万例复明手术。

第二章介绍显微手术基础，包括手术显微镜的选择与调节（0位、瞳距、屈光度、倍率、照明等）及常规显微手术器械（侧切刀、前房穿刺刀、巩膜隧道刀、撕囊镊、截囊针、劈核钩等）的规格与用途。

第九章节选部分讨论术中并发症的防治，包括切口灼伤、前囊撕裂、前房出血、后囊破裂、悬韧带断裂及暴发性脉络膜上腔出血等，详细阐述了各自的发生原因、预防措施及处理方法，如后囊破裂时可根据破孔大小选择囊袋内植入、睫状沟固定或放弃植入等策略。

第十六章节选部分介绍新型人工晶状体，包括拟调节人工晶状体（单光学面CrystaLens、1CU、Tetraflex，双光学面Synchrony、Sarfarazi，囊袋填充型Smart Lens及光控性晶状体）、基于菲涅耳透镜原理的微小切口ThinOptX晶状体，以及抗囊袋张力的Centerflex晶状体等，反映了该领域的最新技术进展。",e5d59cc8-a12b-464c-b46e-fe1ec5f8445c
03-白内障：晶状体与人工晶体,a0f47c80-3a66-46c8-8315-43b41ce357ea,10000,6548b3d2-6d37-4c63-a406-7f31e3537e6a,白内障与屈光手术学-朱思泉 2009_weknora.mhtml,白内障与屈光手术学-朱思泉 2009_weknora.mhtml,"该材料为《白内障与屈光手术学》一书的汇编内容。该书由朱思泉主编，张丰菊、王开杰任副主编，北京大学医学出版社出版，获国家科学技术学术著作出版基金资助，面向高年资眼科医生、研究生及相关研究人员。全书分两部分：第一部分为白内障手术，涵盖麻醉、小切口手术、黏弹剂、人工晶状体、复杂类型白内障及术后并发症处理等；第二部分为屈光手术，介绍LASIK、LASEK、PRK、有晶状体眼人工晶状体植入、个体化切削、飞秒激光、屈光性晶状体置换术等，并将提高视觉质量作为贯穿全文的主线。

材料中具体展开的内容包括四个方面。第一，白内障手术表面麻醉与前房内麻醉：追溯了从1884年可卡因应用到现代表面麻醉复兴的历史，阐述其生理学与药理学基础，即通过阻断感觉神经末梢痛觉的产生而非神经传导实现麻醉；比较了酯类与酰胺类麻醉药物的特性，指出利多卡因最为常用；讨论了pH值、防腐剂、温度对药液的影响，以及滴注次数、双眼滴注等给药方式，并说明该麻醉方式全身副作用极小，但可引起眼干、角膜上皮水肿等局部反应。

第二，儿童白内障术后并发症：包括后发性白内障、瞳孔偏心与夹持、继发性青光眼以及人工晶状体表面沉积物、偏位、混浊等，并提出相应临床建议，如致密先天性白内障应尽早手术，术后需终身随诊，1岁以上可考虑人工晶状体植入，后囊膜撕开联合前部玻璃体切除有助于减少后发障。

第三，白内障术后感染的预防和治疗：工业化国家术后眼内炎发生率约为0.1%，感染来源以患者自身眼表细菌为主，术前结膜培养阳性率可达51%～76%；预防措施包括术前局部应用抗生素及规范消毒，其中术前24小时消毒的抗菌效果优于抗生素应用。

第四，屈光手术后视觉质量：准分子激光术后短期内对比敏感度下降，多在3～6个月恢复；影响因素包括瞳孔大小、切削区直径、术前屈光度、偏中心切削、手术方式及haze等并发症，波前像差引导的个体化切削可改善视觉质量。有晶状体眼人工晶状体植入后常见眩光与光晕，原因与光学区大小、偏中心等有关；Verisyse植入可改善对比敏感度与眩光敏感度。屈光性晶状体置换术后视觉障碍则与人工晶状体偏中心、倾斜、后囊膜混浊及设计等因素相关。",completed,719ec215-c875-45aa-b820-234760fe1ff0,"# Summary
该材料为《白内障与屈光手术学》一书的汇编内容。该书由朱思泉主编，张丰菊、王开杰任副主编，北京大学医学出版社出版，获国家科学技术学术著作出版基金资助，面向高年资眼科医生、研究生及相关研究人员。全书分两部分：第一部分为白内障手术，涵盖麻醉、小切口手术、黏弹剂、人工晶状体、复杂类型白内障及术后并发症处理等；第二部分为屈光手术，介绍LASIK、LASEK、PRK、有晶状体眼人工晶状体植入、个体化切削、飞秒激光、屈光性晶状体置换术等，并将提高视觉质量作为贯穿全文的主线。

材料中具体展开的内容包括四个方面。第一，白内障手术表面麻醉与前房内麻醉：追溯了从1884年可卡因应用到现代表面麻醉复兴的历史，阐述其生理学与药理学基础，即通过阻断感觉神经末梢痛觉的产生而非神经传导实现麻醉；比较了酯类与酰胺类麻醉药物的特性，指出利多卡因最为常用；讨论了pH值、防腐剂、温度对药液的影响，以及滴注次数、双眼滴注等给药方式，并说明该麻醉方式全身副作用极小，但可引起眼干、角膜上皮水肿等局部反应。

第二，儿童白内障术后并发症：包括后发性白内障、瞳孔偏心与夹持、继发性青光眼以及人工晶状体表面沉积物、偏位、混浊等，并提出相应临床建议，如致密先天性白内障应尽早手术，术后需终身随诊，1岁以上可考虑人工晶状体植入，后囊膜撕开联合前部玻璃体切除有助于减少后发障。

第三，白内障术后感染的预防和治疗：工业化国家术后眼内炎发生率约为0.1%，感染来源以患者自身眼表细菌为主，术前结膜培养阳性率可达51%～76%；预防措施包括术前局部应用抗生素及规范消毒，其中术前24小时消毒的抗菌效果优于抗生素应用。

第四，屈光手术后视觉质量：准分子激光术后短期内对比敏感度下降，多在3～6个月恢复；影响因素包括瞳孔大小、切削区直径、术前屈光度、偏中心切削、手术方式及haze等并发症，波前像差引导的个体化切削可改善视觉质量。有晶状体眼人工晶状体植入后常见眩光与光晕，原因与光学区大小、偏中心等有关；Verisyse植入可改善对比敏感度与眩光敏感度。屈光性晶状体置换术后视觉障碍则与人工晶状体偏中心、倾斜、后囊膜混浊及设计等因素相关。",f227db8e-6733-4075-8fb2-eec1d592ce01
20-检查：角膜地形图、前节分析与共聚焦,4fdc823c-4867-4304-be99-71a539390709,10000,d40783d2-9ebb-4fee-8f83-71a49be4edd0,波前时代角膜地形图的临床应用-余克明译 2009_weknora.mhtml,波前时代角膜地形图的临床应用-余克明译 2009_weknora.mhtml,"《波前时代角膜地形图的临床应用》是一部由王明旭（Ming Wang）主编、余克明主译的眼科学专著，汇集了来自世界各地的数十位专家参与撰写。全书分为四部分：角膜地形图的基本原理、角膜地形图的临床应用、以角膜地形图为基础的个性化治疗，以及各类商用角膜地形图仪的具体介绍。

主编王明旭为医学、物理学双博士，毕业于中国科技大学并赴美深造，先后取得马里兰大学激光光谱学博士和哈佛大学医学博士学位（magna cum laude），在威尔士眼科医院完成住院医师培训，在巴斯康帕默眼科医院接受角膜专科训练，现为田纳西州大学眼科教授及王氏眼科中心创办人。他在实验原子物理、分子生物学和眼科三个领域均有建树，完成了25000例LASIK手术，实施了世界首例飞秒激光辅助人工角膜移植术，并创建慈善基金会帮助角膜盲患者。

前言明确指出，尽管波前测量技术提供了眼睛的全方位信息，角膜地形图仍然不可或缺，理由包括：角膜是眼球最大的屈光结构、手术矫正屈光不正主要针对角膜、现代地形图技术能测量角膜后表面和厚度（对圆锥角膜诊断至关重要）、波前技术存在内在限制（无法区分像差来源、缺少瞳孔外数据等）。21世纪将是角膜地形图与波前像差技术共同指导眼前段手术的时代。

第1章回顾了角膜地形图的发展历史，阐述了角膜光学基础：角膜提供约43D屈光力（占人眼总屈光力60D的2/3），正常角膜呈非球面形态，伴有0.5～1.0D顺规散光。

书中节选内容还涉及个体化治疗技术，如VISX的ACAP系统通过构建患者眼球的相位板模型，整合角膜地形图与波前像差数据来预测和优化手术效果；以Precisio和CIPTA软件为代表的个性化地形图切削技术，可用于圆锥角膜及屈光手术后并发症的处理。第26章展望未来，指出角膜地形图仍是术前评估的金标准，将与波前技术、OCT成像、术中实时地形图监测等手段融合，以提高屈光手术的预测性和安全性。",completed,b2cabaf6-61b0-4e98-ab7f-e71fe112330d,"# Summary
《波前时代角膜地形图的临床应用》是一部由王明旭（Ming Wang）主编、余克明主译的眼科学专著，汇集了来自世界各地的数十位专家参与撰写。全书分为四部分：角膜地形图的基本原理、角膜地形图的临床应用、以角膜地形图为基础的个性化治疗，以及各类商用角膜地形图仪的具体介绍。

主编王明旭为医学、物理学双博士，毕业于中国科技大学并赴美深造，先后取得马里兰大学激光光谱学博士和哈佛大学医学博士学位（magna cum laude），在威尔士眼科医院完成住院医师培训，在巴斯康帕默眼科医院接受角膜专科训练，现为田纳西州大学眼科教授及王氏眼科中心创办人。他在实验原子物理、分子生物学和眼科三个领域均有建树，完成了25000例LASIK手术，实施了世界首例飞秒激光辅助人工角膜移植术，并创建慈善基金会帮助角膜盲患者。

前言明确指出，尽管波前测量技术提供了眼睛的全方位信息，角膜地形图仍然不可或缺，理由包括：角膜是眼球最大的屈光结构、手术矫正屈光不正主要针对角膜、现代地形图技术能测量角膜后表面和厚度（对圆锥角膜诊断至关重要）、波前技术存在内在限制（无法区分像差来源、缺少瞳孔外数据等）。21世纪将是角膜地形图与波前像差技术共同指导眼前段手术的时代。

第1章回顾了角膜地形图的发展历史，阐述了角膜光学基础：角膜提供约43D屈光力（占人眼总屈光力60D的2/3），正常角膜呈非球面形态，伴有0.5～1.0D顺规散光。

书中节选内容还涉及个体化治疗技术，如VISX的ACAP系统通过构建患者眼球的相位板模型，整合角膜地形图与波前像差数据来预测和优化手术效果；以Precisio和CIPTA软件为代表的个性化地形图切削技术，可用于圆锥角膜及屈光手术后并发症的处理。第26章展望未来，指出角膜地形图仍是术前评估的金标准，将与波前技术、OCT成像、术中实时地形图监测等手段融合，以提高屈光手术的预测性和安全性。",b5ad077c-0301-4a22-89af-66bcac904b4b
05-青光眼,8bf942e4-80dc-4a8a-87cf-486f897fe2bd,10000,d899f7b8-10b0-468a-832a-3b5cf77a5642,非穿透青光眼手术-王宁利 2009_weknora.mhtml,非穿透青光眼手术-王宁利 2009_weknora.mhtml,"《非穿透青光眼手术》由王宁利、李美玉主编，科学出版社2009年出版。全书共20章，系统介绍了非穿透青光眼手术（NPGS）的基础研究成果、手术原理、手术方法、适应证、并发症及术后处理，并收录了专家临床体会及对该类手术的争论与共识；书中配有大量手术照片、三维模式图和适应证、并发症图片。前言指出，青光眼治疗以控制眼压为核心，传统小梁切除术虽经改良仍难以精确控制房水引流，非穿透手术因此被重新重视；我国自20世纪90年代引入该手术以来已发表百余篇论文，编者据此成书，旨在系统总结。

第一章回顾了NPGS的历史、现状与未来。NPGS包括深层巩膜切除术（DS）、非穿透小梁手术联合交联透明质酸凝胶植入术及黏弹物质小管切开术（viscocanalostomy）等术式，其共同特点是板层切除外侧小梁网，保留小梁网-狄氏膜（TDM），形成减压室。历史脉络从Epstein、Krasnov的早期探索，到Fyodorov 1984年开创现代深层巩膜切除术，再到Kozlov胶原植入、Stegmann黏弹物质小管切开及Sourdille透明质酸钠凝胶植入，核心始终围绕“房水滤过的适度平衡”。目前资料显示NPGS降眼压效果与传统小梁切除术相似，但并发症明显减少；研究热点包括UBM观察、降眼压机制（巩膜内吸收、脉络膜上腔引流、结膜下外滤过、Schlemm管断端排出）及植入材料改进。存在的主要问题包括手术操作技巧要求高、降眼压机制未明、术后晚期瘢痕化及植入物降解。

后续章节涉及房水生理与生成、NPGS的降压原理及临床疗效比较。多项研究显示，单纯DS远期成功率低于小梁切除术；DS联合胶原植入（DSCI）完全成功率为44.6%～75.6%，质量成功率为80.32%～100%；联合SK胶及黏弹物质小管切开术的成功率报告不一，是否优于小梁切除术仍有争议，需多中心随机对照试验证实，但NPGS在降压同时明显减少并发症。另有章节介绍了改良黏小管切开术治疗先天性青光眼，强调掌握巩膜突与Schlemm管解剖关系的关键性，并讨论了外滤过的重要性、抗瘢痕化措施、失败后滤过道再通术，以及由小梁切除术过渡到NPGS的巩膜小梁切除术。",completed,447aea02-7ed6-4808-8562-4fce265dde50,"# Summary
《非穿透青光眼手术》由王宁利、李美玉主编，科学出版社2009年出版。全书共20章，系统介绍了非穿透青光眼手术（NPGS）的基础研究成果、手术原理、手术方法、适应证、并发症及术后处理，并收录了专家临床体会及对该类手术的争论与共识；书中配有大量手术照片、三维模式图和适应证、并发症图片。前言指出，青光眼治疗以控制眼压为核心，传统小梁切除术虽经改良仍难以精确控制房水引流，非穿透手术因此被重新重视；我国自20世纪90年代引入该手术以来已发表百余篇论文，编者据此成书，旨在系统总结。

第一章回顾了NPGS的历史、现状与未来。NPGS包括深层巩膜切除术（DS）、非穿透小梁手术联合交联透明质酸凝胶植入术及黏弹物质小管切开术（viscocanalostomy）等术式，其共同特点是板层切除外侧小梁网，保留小梁网-狄氏膜（TDM），形成减压室。历史脉络从Epstein、Krasnov的早期探索，到Fyodorov 1984年开创现代深层巩膜切除术，再到Kozlov胶原植入、Stegmann黏弹物质小管切开及Sourdille透明质酸钠凝胶植入，核心始终围绕“房水滤过的适度平衡”。目前资料显示NPGS降眼压效果与传统小梁切除术相似，但并发症明显减少；研究热点包括UBM观察、降眼压机制（巩膜内吸收、脉络膜上腔引流、结膜下外滤过、Schlemm管断端排出）及植入材料改进。存在的主要问题包括手术操作技巧要求高、降眼压机制未明、术后晚期瘢痕化及植入物降解。

后续章节涉及房水生理与生成、NPGS的降压原理及临床疗效比较。多项研究显示，单纯DS远期成功率低于小梁切除术；DS联合胶原植入（DSCI）完全成功率为44.6%～75.6%，质量成功率为80.32%～100%；联合SK胶及黏弹物质小管切开术的成功率报告不一，是否优于小梁切除术仍有争议，需多中心随机对照试验证实，但NPGS在降压同时明显减少并发症。另有章节介绍了改良黏小管切开术治疗先天性青光眼，强调掌握巩膜突与Schlemm管解剖关系的关键性，并讨论了外滤过的重要性、抗瘢痕化措施、失败后滤过道再通术，以及由小梁切除术过渡到NPGS的巩膜小梁切除术。",cf63ad0e-ad80-4942-918d-5aeb6fe2ad1e
08-葡萄膜炎与眼内炎症,2c1efff9-0960-4d4b-a4c3-7acfb9411151,10000,042d5f57-2254-4c2a-b8cd-14124d4496e5,葡萄膜炎诊断与治疗-杨培增 2009_weknora.mhtml,葡萄膜炎诊断与治疗-杨培增 2009_weknora.mhtml,"本书《葡萄膜炎诊断与治疗》由杨培增著，系统阐述了著者在长期临床实践中形成的葡萄膜炎诊治思想体系，即""四种思维、三项原则、五个策略""。

在治疗思想上，著者提出四种思维：系统思维强调从整体系统间因果关系处理疾病，注意治疗先后顺序并从根本上解决病因，书中以炎症未控制即行白内障手术或角膜移植导致失明等反面案例说明其重要性；辨证思维要求辨别葡萄膜炎的复杂性、可变性和伪装性，辨患者个体差异及辨药物和治疗方法，并以误将视网膜母细胞瘤伪装综合征当作葡萄膜炎治疗、险些危及患儿生命的病例加以警示；整体思维主张从全身着眼治疗局部病变，而非仅着眼于局部；唯美思维强调以最少药物、最小剂量、最优方案恢复人体和谐，反对过度治疗和滥用糖皮质激素。

在治疗原则上，个体化原则要求根据患者类型、体质、基础疾病等制定个体化方案；简单化原则强调用针对性强的少数药物从根源治疗，指出大包围式用药每年造成数亿元药物浪费；""长治久安""原则着眼于长远，通过规范治疗消除慢性化和复发根源，使炎症长期安静。

治疗策略部分论述了急性炎症宜采取""速战速决""，慢性炎症宜采取小剂量""持久战""策略，并对慢性炎症滥用大剂量""冲击式""治疗的危害提出告诫，另述及""急则治标""等策略。

书末附一例右眼全巩膜炎（巩膜葡萄膜炎）伴继发性视网膜脱离的完整病例，详述了CT、B超、FFA等影像学检查结果、中西医结合治疗方案（糖皮质激素、环孢素、环磷酰胺及中药）及15个月随访中炎症逐步消退的过程，并总结三点体会：巩膜炎病因鉴别诊断（感染性与非感染性）至关重要；前后巩膜可同时受累，应诊为全巩膜炎；长期规范治疗是使顽固性炎症完全消退的关键。",completed,1a456993-1dbe-4937-a475-6d600e673f45,"# Summary
本书《葡萄膜炎诊断与治疗》由杨培增著，系统阐述了著者在长期临床实践中形成的葡萄膜炎诊治思想体系，即""四种思维、三项原则、五个策略""。

在治疗思想上，著者提出四种思维：系统思维强调从整体系统间因果关系处理疾病，注意治疗先后顺序并从根本上解决病因，书中以炎症未控制即行白内障手术或角膜移植导致失明等反面案例说明其重要性；辨证思维要求辨别葡萄膜炎的复杂性、可变性和伪装性，辨患者个体差异及辨药物和治疗方法，并以误将视网膜母细胞瘤伪装综合征当作葡萄膜炎治疗、险些危及患儿生命的病例加以警示；整体思维主张从全身着眼治疗局部病变，而非仅着眼于局部；唯美思维强调以最少药物、最小剂量、最优方案恢复人体和谐，反对过度治疗和滥用糖皮质激素。

在治疗原则上，个体化原则要求根据患者类型、体质、基础疾病等制定个体化方案；简单化原则强调用针对性强的少数药物从根源治疗，指出大包围式用药每年造成数亿元药物浪费；""长治久安""原则着眼于长远，通过规范治疗消除慢性化和复发根源，使炎症长期安静。

治疗策略部分论述了急性炎症宜采取""速战速决""，慢性炎症宜采取小剂量""持久战""策略，并对慢性炎症滥用大剂量""冲击式""治疗的危害提出告诫，另述及""急则治标""等策略。

书末附一例右眼全巩膜炎（巩膜葡萄膜炎）伴继发性视网膜脱离的完整病例，详述了CT、B超、FFA等影像学检查结果、中西医结合治疗方案（糖皮质激素、环孢素、环磷酰胺及中药）及15个月随访中炎症逐步消退的过程，并总结三点体会：巩膜炎病因鉴别诊断（感染性与非感染性）至关重要；前后巩膜可同时受累，应诊为全巩膜炎；长期规范治疗是使顽固性炎症完全消退的关键。",ba164fa8-3005-4405-9539-c216e7f72f82
03-白内障：晶状体与人工晶体,a0f47c80-3a66-46c8-8315-43b41ce357ea,10000,38f6dd05-57a3-4a26-802f-dd4e8b0cda02,人工晶状体屈光手术学-张振平 2009_weknora.mhtml,人工晶状体屈光手术学-张振平 2009_weknora.mhtml,"《人工晶状体屈光手术学》是由张振平主编、陈子林副主编的一部眼科学专业著作，2009年由人民卫生出版社出版。全书共分5篇72章，系统涵盖人工晶状体屈光手术的各个领域，包括常规单焦点可折叠人工晶状体的临床应用及并发症处理、后发性白内障防治、非球面人工晶状体的设计与屈光度优化、可调节和多焦点人工晶状体的适应证与手术原则、有晶状体眼人工晶状体矫正屈光不正等。该书以简练文字配合丰富照片，面向高年资眼科医生、白内障专科医师及角膜屈光手术医师，兼具学术性与实用性。

书中序言指出，白内障是全球首位可手术复明的眼病，手术已从复明性时代迈入屈光性时代。中国有超过500万白内障致盲患者，每年仅实施约60万例手术，眼科医生仅2.3万名，该书对眼科医师教育及防盲治盲工作具有重要意义。

正文历史部分回顾了白内障手术与屈光矫正的发展：古代印度针拨术历经数千年；1747年Jacques Daviel首创白内障囊外摘除术；眼镜自13世纪末在意大利出现，后经双焦点镜片、圆柱镜片及标准视力表等发展逐步完善；1949年Harold Ridley受飞行员眼内PMMA异物启发，研制并植入世界首枚人工晶状体，开辟屈光手术新纪元；1967年Charles Kelman发明超声乳化术，使白内障手术向屈光性手术转变。书中还系统梳理了老视与调节机制的理论演变，包括Young-Helmholtz晶状体弹性理论等。

关于后发性白内障，书中详述了E细胞增殖引起的再生性后发障（珍珠样混浊）与A细胞导致的前囊膜混浊（纤维化）的临床特点、定量评价方法（如EPCO、POCO、AQUA软件）及影响因素，指出材料、光学面边缘设计和撕囊方式等均影响囊膜混浊发生，并讨论去除赤道部上皮细胞等手术防治策略。

前沿部分介绍了新型人工晶状体研究：NuLens可调节人工晶状体通过睫状肌驱动活塞产生高达40.0D以上调节幅度；光控屈光度调整人工晶状体（LAL）利用光束改变硅凝胶曲率，术后可无创调整度数并矫正散光及高阶像差；望远镜式人工晶状体（IOTL）结合伽利略望远镜，用于老年性黄斑变性终末期患者，临床研究显示术后1年67%术眼最佳矫正远视力提高≥3行，但内皮细胞损失约25%。",completed,b84df66e-251a-4744-b766-09dc30a9b8d5,"# Summary
《人工晶状体屈光手术学》是由张振平主编、陈子林副主编的一部眼科学专业著作，2009年由人民卫生出版社出版。全书共分5篇72章，系统涵盖人工晶状体屈光手术的各个领域，包括常规单焦点可折叠人工晶状体的临床应用及并发症处理、后发性白内障防治、非球面人工晶状体的设计与屈光度优化、可调节和多焦点人工晶状体的适应证与手术原则、有晶状体眼人工晶状体矫正屈光不正等。该书以简练文字配合丰富照片，面向高年资眼科医生、白内障专科医师及角膜屈光手术医师，兼具学术性与实用性。

书中序言指出，白内障是全球首位可手术复明的眼病，手术已从复明性时代迈入屈光性时代。中国有超过500万白内障致盲患者，每年仅实施约60万例手术，眼科医生仅2.3万名，该书对眼科医师教育及防盲治盲工作具有重要意义。

正文历史部分回顾了白内障手术与屈光矫正的发展：古代印度针拨术历经数千年；1747年Jacques Daviel首创白内障囊外摘除术；眼镜自13世纪末在意大利出现，后经双焦点镜片、圆柱镜片及标准视力表等发展逐步完善；1949年Harold Ridley受飞行员眼内PMMA异物启发，研制并植入世界首枚人工晶状体，开辟屈光手术新纪元；1967年Charles Kelman发明超声乳化术，使白内障手术向屈光性手术转变。书中还系统梳理了老视与调节机制的理论演变，包括Young-Helmholtz晶状体弹性理论等。

关于后发性白内障，书中详述了E细胞增殖引起的再生性后发障（珍珠样混浊）与A细胞导致的前囊膜混浊（纤维化）的临床特点、定量评价方法（如EPCO、POCO、AQUA软件）及影响因素，指出材料、光学面边缘设计和撕囊方式等均影响囊膜混浊发生，并讨论去除赤道部上皮细胞等手术防治策略。

前沿部分介绍了新型人工晶状体研究：NuLens可调节人工晶状体通过睫状肌驱动活塞产生高达40.0D以上调节幅度；光控屈光度调整人工晶状体（LAL）利用光束改变硅凝胶曲率，术后可无创调整度数并矫正散光及高阶像差；望远镜式人工晶状体（IOTL）结合伽利略望远镜，用于老年性黄斑变性终末期患者，临床研究显示术后1年67%术眼最佳矫正远视力提高≥3行，但内皮细胞损失约25%。",a152231c-10a8-4b22-9692-4a2ad584ab5f
01-眼科综合：基础与全身病,09c593aa-1a64-48de-af81-fc4d30d551b4,10000,4f573732-6a08-48e7-b5f8-c7d054139666,实用眼科临床病理-陈荣家 2009_weknora.mhtml,实用眼科临床病理-陈荣家 2009_weknora.mhtml,"《实用眼科临床病理》是由陈荣家、毕颖文编著、复旦大学出版社2009年出版的眼科病理学专著，属于孙兴怀总主编的“眼病诊治图谱与精要丛书”。据序言与前言介绍，该丛书旨在借助大量临床图片与诊治要点相结合的方式，帮助各级眼科医师尤其是年轻医师掌握眼病特征；本书则基于复旦大学附属眼耳鼻喉科医院眼科病理室自1953年建立以来积累的丰富病例资料，突出临床病理诊断的实用性与科学性。

正文内容按眼部组织学顺序展开。第一章为眼球组织常见病变的病理形态学，先展示正常角膜、房角、眼球壁、视网膜、视神经及泪腺的组织学形态；随后分述角膜营养不良（颗粒状、斑点状、格子状）、角膜带状变性、角膜炎症、大泡性角膜病变和角膜葡萄肿的病理特点，并介绍后巩膜炎、巩膜穿孔伤与眼内炎、眼球痨。青光眼的组织病理表现包括房角结构破坏、虹膜睫状体萎缩、视神经乳头凹陷加深等；葡萄膜病变涵盖急性化脓性葡萄膜炎和交感性眼炎；视网膜玻璃体病变涉及玻璃体混浊的先天性、内因性、外因性分类，视网膜劈裂，早产儿视网膜病变及增殖性玻璃体视网膜症；此外还总结了眼球萎缩的临床表现与组织病理变化。

后续章节涉及眼部肿瘤性病变。虹膜睫状体部分述及上皮细胞增生、虹膜囊肿、睫状体无色素上皮腺瘤与腺癌、髓上皮瘤（好发于2～4岁幼儿，可表现为青光眼、白瞳症等，Zimmerman将其分为畸胎瘤样和非畸胎瘤样两型），以及眼球内神经鞘瘤和睫状体平滑肌瘤；另记载一例4月龄男婴中间型分化脉络膜黑色素细胞性肿瘤。第八章系统阐述黏膜相关淋巴组织结外边缘区B细胞淋巴瘤（MALT）的概述、组织病理学形态（边缘区B细胞增生、淋巴上皮病变、淋巴滤泡植入等）、鉴别诊断及预后，指出其病程惰性、对放疗敏感，但可向弥漫大B细胞淋巴瘤转化。",completed,2ae946f4-80c2-4d88-91d9-cb3a4f382271,"# Summary
《实用眼科临床病理》是由陈荣家、毕颖文编著、复旦大学出版社2009年出版的眼科病理学专著，属于孙兴怀总主编的“眼病诊治图谱与精要丛书”。据序言与前言介绍，该丛书旨在借助大量临床图片与诊治要点相结合的方式，帮助各级眼科医师尤其是年轻医师掌握眼病特征；本书则基于复旦大学附属眼耳鼻喉科医院眼科病理室自1953年建立以来积累的丰富病例资料，突出临床病理诊断的实用性与科学性。

正文内容按眼部组织学顺序展开。第一章为眼球组织常见病变的病理形态学，先展示正常角膜、房角、眼球壁、视网膜、视神经及泪腺的组织学形态；随后分述角膜营养不良（颗粒状、斑点状、格子状）、角膜带状变性、角膜炎症、大泡性角膜病变和角膜葡萄肿的病理特点，并介绍后巩膜炎、巩膜穿孔伤与眼内炎、眼球痨。青光眼的组织病理表现包括房角结构破坏、虹膜睫状体萎缩、视神经乳头凹陷加深等；葡萄膜病变涵盖急性化脓性葡萄膜炎和交感性眼炎；视网膜玻璃体病变涉及玻璃体混浊的先天性、内因性、外因性分类，视网膜劈裂，早产儿视网膜病变及增殖性玻璃体视网膜症；此外还总结了眼球萎缩的临床表现与组织病理变化。

后续章节涉及眼部肿瘤性病变。虹膜睫状体部分述及上皮细胞增生、虹膜囊肿、睫状体无色素上皮腺瘤与腺癌、髓上皮瘤（好发于2～4岁幼儿，可表现为青光眼、白瞳症等，Zimmerman将其分为畸胎瘤样和非畸胎瘤样两型），以及眼球内神经鞘瘤和睫状体平滑肌瘤；另记载一例4月龄男婴中间型分化脉络膜黑色素细胞性肿瘤。第八章系统阐述黏膜相关淋巴组织结外边缘区B细胞淋巴瘤（MALT）的概述、组织病理学形态（边缘区B细胞增生、淋巴上皮病变、淋巴滤泡植入等）、鉴别诊断及预后，指出其病程惰性、对放疗敏感，但可向弥漫大B细胞淋巴瘤转化。",cfb38792-c30b-44a2-ad59-cfac274e949d
09-神经眼科,be1e44f1-985d-4445-b6a3-e60a0f43f85e,10000,5b594301-cf7d-42d6-bdb3-0a44342544af,视神经疾病-Lanning B Kline 2009_weknora.mhtml,视神经疾病-Lanning B Kline 2009_weknora.mhtml,"该文档为《视神经疾病》（Optic Nerve Disorders）第2版的中文译本（人民卫生出版社2014年出版），由Lanning B. Kline和Rod Foroozan主编。全书共十章，旨在对临床常见的视神经疾病作简要而全面的复习，涵盖视神经解剖生理、临床检查技术及各类视神经病变的诊断与治疗。

第一章详细阐述了视神经的解剖与生理。视神经分为球内、眶内、管内和颅内四段，包含约120万根神经轴突，胚胎学上属大脑白质通路而非典型颅神经。球内段视神经乳头由神经纤维层、脉络膜板层和筛板构成；筛板由6至10层结缔组织板层组成，上下方筛孔较大且板层较薄，与青光眼的易感部位相关。神经纤维走行具有规律性：乳头黄斑纤维进入视盘颞侧，弓形束经上下极进入；视交叉内鼻侧纤维交叉而颞侧纤维不",completed,60582f66-c688-4a50-9cfa-5dba6cd2ac4e,"# Summary
该文档为《视神经疾病》（Optic Nerve Disorders）第2版的中文译本（人民卫生出版社2014年出版），由Lanning B. Kline和Rod Foroozan主编。全书共十章，旨在对临床常见的视神经疾病作简要而全面的复习，涵盖视神经解剖生理、临床检查技术及各类视神经病变的诊断与治疗。

第一章详细阐述了视神经的解剖与生理。视神经分为球内、眶内、管内和颅内四段，包含约120万根神经轴突，胚胎学上属大脑白质通路而非典型颅神经。球内段视神经乳头由神经纤维层、脉络膜板层和筛板构成；筛板由6至10层结缔组织板层组成，上下方筛孔较大且板层较薄，与青光眼的易感部位相关。神经纤维走行具有规律性：乳头黄斑纤维进入视盘颞侧，弓形束经上下极进入；视交叉内鼻侧纤维交叉而颞侧纤维不",3c982e02-e6bb-4234-a6a1-369234a058e5
06-眼底病与视网膜内科,f900fe21-9deb-47e0-bf36-ce06022cae92,10000,2f6d9cf1-d4b6-4f5e-bd7e-358d184e98dd,眼底病激光治疗指南-黎晓新、廖菊生 2009_weknora.mhtml,眼底病激光治疗指南-黎晓新、廖菊生 2009_weknora.mhtml,"《眼底病激光治疗指南》（黎晓新、廖菊生编著）以循证医学为基础，系统阐述眼底病激光治疗的理论与实践。总论部分介绍激光原理与三类激光效应：光热效应用于眼底光凝，光电离效应用于虹膜造孔和晶状体后囊切开，光化学效应即光动力学治疗；回顾了从1949年阳光凝固、红宝石激光、氩激光到半导体532nm/810nm及多波长激光的发展进程。组织生物学方面，讨论了不同波长的穿透性、视网膜色素上皮和脉络膜吸收、血红蛋白吸收（600nm以上吸收少）及叶黄素吸收特性（避免蓝光损伤视锥细胞）。波长选择依病变部位和性质而定：视网膜血管病多用绿光，黄斑水肿选黄光，脉络膜病变及出血性疾病选红光。常设参数包括光斑大小（黄斑区100～200μm，周边200～600μm）、曝光时间（黄斑区0.1s、周边0.2s，TTT 60s、PDT 83s）和功率递增方法；光斑反应分为1～4级，PRP和裂孔封闭用3级，TTT用1级，需借助接触镜放大系数和眼底标志（视盘1500μm、中心凹无血管区500μm）定位。

治疗模式部分详述全视网膜播散光凝的适应证（增殖期糖尿病视网膜病变、严重非增殖期合并黄斑水肿、缺血型视网膜中央静脉阻塞、视网膜静脉周围炎）、方法（距视盘1～1.5PD，光斑200～500μm，间隔1～1.5个光斑，总量1600～2000点）、单次与多次治疗及再激光原则；区域性播散光凝用于分支静脉阻塞和静脉周围炎；局灶光凝针对临床有意义黄斑水肿，微动脉瘤直接光凝选用50～100μm黄光，距中心凹750μm以外。此外涉及视网膜毛细血管扩张症、Coats病、特发性中心凹旁毛细血管扩张症的治疗适应证，糖尿病弥漫性黄斑水肿采用格栅光凝。后半部分介绍中心凹下脉络膜新生血管膜的光动力疗法，包括CNV分型（经典为主型、微小经典型、隐匿型、脉络膜息肉样变）及病理性近视、特发性CNV的病例选择和再治疗、终止治疗指标，并引述ANCHOR与MARINA研究显示Ranibizumab联合PDT优于单纯PDT。最后列举光凝并发症：玻璃体积血、视网膜裂孔、脉络膜脱离、脉络膜新生血管、虹膜灼伤和牵拉性视网膜脱离，强调规范操作、遵循循证方案以减少医源性损伤。",completed,26510467-e2dd-4dec-8cc2-b30c605a37aa,"# Summary
《眼底病激光治疗指南》（黎晓新、廖菊生编著）以循证医学为基础，系统阐述眼底病激光治疗的理论与实践。总论部分介绍激光原理与三类激光效应：光热效应用于眼底光凝，光电离效应用于虹膜造孔和晶状体后囊切开，光化学效应即光动力学治疗；回顾了从1949年阳光凝固、红宝石激光、氩激光到半导体532nm/810nm及多波长激光的发展进程。组织生物学方面，讨论了不同波长的穿透性、视网膜色素上皮和脉络膜吸收、血红蛋白吸收（600nm以上吸收少）及叶黄素吸收特性（避免蓝光损伤视锥细胞）。波长选择依病变部位和性质而定：视网膜血管病多用绿光，黄斑水肿选黄光，脉络膜病变及出血性疾病选红光。常设参数包括光斑大小（黄斑区100～200μm，周边200～600μm）、曝光时间（黄斑区0.1s、周边0.2s，TTT 60s、PDT 83s）和功率递增方法；光斑反应分为1～4级，PRP和裂孔封闭用3级，TTT用1级，需借助接触镜放大系数和眼底标志（视盘1500μm、中心凹无血管区500μm）定位。

治疗模式部分详述全视网膜播散光凝的适应证（增殖期糖尿病视网膜病变、严重非增殖期合并黄斑水肿、缺血型视网膜中央静脉阻塞、视网膜静脉周围炎）、方法（距视盘1～1.5PD，光斑200～500μm，间隔1～1.5个光斑，总量1600～2000点）、单次与多次治疗及再激光原则；区域性播散光凝用于分支静脉阻塞和静脉周围炎；局灶光凝针对临床有意义黄斑水肿，微动脉瘤直接光凝选用50～100μm黄光，距中心凹750μm以外。此外涉及视网膜毛细血管扩张症、Coats病、特发性中心凹旁毛细血管扩张症的治疗适应证，糖尿病弥漫性黄斑水肿采用格栅光凝。后半部分介绍中心凹下脉络膜新生血管膜的光动力疗法，包括CNV分型（经典为主型、微小经典型、隐匿型、脉络膜息肉样变）及病理性近视、特发性CNV的病例选择和再治疗、终止治疗指标，并引述ANCHOR与MARINA研究显示Ranibizumab联合PDT优于单纯PDT。最后列举光凝并发症：玻璃体积血、视网膜裂孔、脉络膜脱离、脉络膜新生血管、虹膜灼伤和牵拉性视网膜脱离，强调规范操作、遵循循证方案以减少医源性损伤。",d2ee3d49-00f7-4c58-924d-d7959b417611
01-眼科综合：基础与全身病,09c593aa-1a64-48de-af81-fc4d30d551b4,10000,deccec2d-25df-47c9-8e8b-4f2a5b7cf3c2,眼科临床解剖学-刘祖国 2009_weknora.mhtml,眼科临床解剖学-刘祖国 2009_weknora.mhtml,"《眼科临床解剖学》是""钟世镇现代临床解剖学全集""的一个分册，由刘祖国、颜建华主编，山东科学技术出版社出版。全书以临床应用为导向，旨在为临床医生、研究生和教师提供一本实用、简练的眼科临床解剖学专著，强调从临床医师的角度用临床思维审视解剖学内容，在解剖学与临床疾病的结合点上展开论述。

全书共分八章，系统介绍了眼的胚胎发育、眼球解剖、眼附属器解剖、眼表结构与临床、眼眶及其毗邻解剖关系、眼部血液循环和神经分布等内容。在眼的胚胎发育部分，详细阐述了视泡、视杯和胚裂的形成过程及其发育异常，包括先天性无眼球或小眼球、先天性囊性眼、眼组织缺损及牵牛花综合征等，并指出视网膜脱离实质是视网膜神经上皮层与色素上皮层之间的分离。

在眼球内容物部分，重点介绍了房水、晶状体和玻璃体。房水由睫状体无色素上皮分泌，经瞳孔流入前房，再通过小梁网及Schlemm管排出，其生成与排出的动态平衡维持正常眼内压（10～21 mmHg）；睫状体、虹膜炎症可破坏血—房水屏障。晶状体由囊膜、上皮、晶状体细胞及悬韧带构成，囊膜各部位厚度不一，白内障手术涉及前后囊膜的处理，术后晶状体上皮细胞残留迁移可致后囊膜混浊。

在眼眶解剖部分，阐述了额窦、上颌窦、筛窦和蝶窦与眼眶的毗邻关系及其临床意义，如筛窦纸样板极薄，炎症或囊肿易侵犯眼眶；蝶窦上方毗邻视神经，蝶窦炎可波及视神经引起球后视神经炎。此外还分析了眼眶与口腔的解剖关系，包括眶下裂与翼腭窝的通道、颞窝与眼眶的肿瘤相互侵犯、颧弓与下颌关节联合损伤以及上颌骨牙源性感染波及眼眶的途径，并强调多专科协作处理相关骨折的必要性。",completed,f52ecc15-98a6-4833-94d8-7c425f025d96,"# Summary
《眼科临床解剖学》是""钟世镇现代临床解剖学全集""的一个分册，由刘祖国、颜建华主编，山东科学技术出版社出版。全书以临床应用为导向，旨在为临床医生、研究生和教师提供一本实用、简练的眼科临床解剖学专著，强调从临床医师的角度用临床思维审视解剖学内容，在解剖学与临床疾病的结合点上展开论述。

全书共分八章，系统介绍了眼的胚胎发育、眼球解剖、眼附属器解剖、眼表结构与临床、眼眶及其毗邻解剖关系、眼部血液循环和神经分布等内容。在眼的胚胎发育部分，详细阐述了视泡、视杯和胚裂的形成过程及其发育异常，包括先天性无眼球或小眼球、先天性囊性眼、眼组织缺损及牵牛花综合征等，并指出视网膜脱离实质是视网膜神经上皮层与色素上皮层之间的分离。

在眼球内容物部分，重点介绍了房水、晶状体和玻璃体。房水由睫状体无色素上皮分泌，经瞳孔流入前房，再通过小梁网及Schlemm管排出，其生成与排出的动态平衡维持正常眼内压（10～21 mmHg）；睫状体、虹膜炎症可破坏血—房水屏障。晶状体由囊膜、上皮、晶状体细胞及悬韧带构成，囊膜各部位厚度不一，白内障手术涉及前后囊膜的处理，术后晶状体上皮细胞残留迁移可致后囊膜混浊。

在眼眶解剖部分，阐述了额窦、上颌窦、筛窦和蝶窦与眼眶的毗邻关系及其临床意义，如筛窦纸样板极薄，炎症或囊肿易侵犯眼眶；蝶窦上方毗邻视神经，蝶窦炎可波及视神经引起球后视神经炎。此外还分析了眼眶与口腔的解剖关系，包括眶下裂与翼腭窝的通道、颞窝与眼眶的肿瘤相互侵犯、颧弓与下颌关节联合损伤以及上颌骨牙源性感染波及眼眶的途径，并强调多专科协作处理相关骨折的必要性。",4f7c8803-092e-409c-8291-5707ed516313
18-检查：视野,0a9523cf-e62e-47a6-ad9f-3ae295c3b564,10000,f4c0b408-9faf-40a5-8639-6b5de438b029,自动视野检查-Albert Weijland 2009_weknora.mhtml,自动视野检查-Albert Weijland 2009_weknora.mhtml,"该文档是《自动视野检查 视野概述》（第5版）中文版的内容，系统介绍了以OCTOPUS自动视野计为核心的视野检查原理、方法、结果判读与设备应用。全书强调视野检查在青光眼诊治中的核心地位，也适用于其他眼病和视路病变的早期诊断与随访。

文档首先回顾了视野检查的发展史：从手工Goldmann动态视野检查，到1975年Fankhauser引入计算机辅助静态视野检查，以及Flammer的G1程序、Bebie的累积缺损曲线、Weber和Gonzalez de la Rosa的快速检查策略（如TOP）等关键进展。在此基础上，介绍了视野检查的基本概念，包括视野的定义、光差灵敏度阈值（50%概率看见刺激的亮度）、分贝（dB）表示方法、标准检查条件、视丘三维模型、正常视野的年龄相关变化，以及临床上重点检测中心30度视野的原因。

文档还重点讨论了自动视野检查的主观性特点及其对结果可靠性的影响。由于检查结果取决于患者的配合程度，书中详细说明了假阳性应答、假阴性应答、学习效应和疲劳效应，并给出了改善配合度的具体指导，如提前告知患者并非所有刺激都能看见、及时反馈进度、必要时重复检查等。眼固视控制被强调为保证结果可靠的关键环节。

在结果报告方面，文档介绍了视野指数的使用，尤其是MD（平均缺损）和LV（丢失方差）的组合，以及Bebie累积缺损曲线对判断视野缺损特征和深度的重要作用，并强调瞳孔大小等信息对结果比较的意义。

最后，文档介绍了OCTOPUS 101和OCTOPUS 300系列视野计的特点：101支持蓝-黄视野法、闪烁视野和自动化Goldmann动态视野检查；300系列采用直射光学系统，无需暗室，具有自动眼固视跟踪、数据传输和局域网功能。总体而言，该书以OCTOPUS设备为主线，为临床医师提供了从操作到报告解读的实用参考。",completed,63069350-66a3-4b9d-b954-ae5ca307c59c,"# Summary
该文档是《自动视野检查 视野概述》（第5版）中文版的内容，系统介绍了以OCTOPUS自动视野计为核心的视野检查原理、方法、结果判读与设备应用。全书强调视野检查在青光眼诊治中的核心地位，也适用于其他眼病和视路病变的早期诊断与随访。

文档首先回顾了视野检查的发展史：从手工Goldmann动态视野检查，到1975年Fankhauser引入计算机辅助静态视野检查，以及Flammer的G1程序、Bebie的累积缺损曲线、Weber和Gonzalez de la Rosa的快速检查策略（如TOP）等关键进展。在此基础上，介绍了视野检查的基本概念，包括视野的定义、光差灵敏度阈值（50%概率看见刺激的亮度）、分贝（dB）表示方法、标准检查条件、视丘三维模型、正常视野的年龄相关变化，以及临床上重点检测中心30度视野的原因。

文档还重点讨论了自动视野检查的主观性特点及其对结果可靠性的影响。由于检查结果取决于患者的配合程度，书中详细说明了假阳性应答、假阴性应答、学习效应和疲劳效应，并给出了改善配合度的具体指导，如提前告知患者并非所有刺激都能看见、及时反馈进度、必要时重复检查等。眼固视控制被强调为保证结果可靠的关键环节。

在结果报告方面，文档介绍了视野指数的使用，尤其是MD（平均缺损）和LV（丢失方差）的组合，以及Bebie累积缺损曲线对判断视野缺损特征和深度的重要作用，并强调瞳孔大小等信息对结果比较的意义。

最后，文档介绍了OCTOPUS 101和OCTOPUS 300系列视野计的特点：101支持蓝-黄视野法、闪烁视野和自动化Goldmann动态视野检查；300系列采用直射光学系统，无需暗室，具有自动眼固视跟踪、数据传输和局域网功能。总体而言，该书以OCTOPUS设备为主线，为临床医师提供了从操作到报告解读的实用参考。",54e10093-76bf-4137-8cd7-c1f42c3ea71b
12-眼眶与眼肿瘤,e785de98-5837-4eea-89a8-6a46cacb5173,10000,57fbef46-95ae-46f0-b9a8-c830aad992ad,临床眼科肿瘤学-Singh、Damato、Pe'er、Murphree、Perry 2008_weknora.mhtml,临床眼科肿瘤学-Singh、Damato、Pe'er、Murphree、Perry 2008_weknora.mhtml,"《临床眼科肿瘤学》由多国眼科专家共同编撰，系统介绍眼睑、结膜、角膜、葡萄膜、视网膜及眼眶肿瘤的基础理论、临床表现、病理特征、影像学诊断、鉴别诊断和治疗方法，并配有大量疾病图片。书中同时涉及临床流行病学、肿瘤病因学、肿瘤病理学、血管发生学和肿瘤免疫学等基础内容。

临床流行病学部分阐述患病率、发病率、死亡率、病死率和生存质量等结果指标，并介绍相对危险度、危害比、比值比、危险度差异及均值差异等关联指标。内容还讨论混杂偏倚、选择偏倚和信息偏倚，以及病例系列、横断面研究、队列研究、随机对照试验、病例对照研究、试点研究和系统性综述等研究设计。

肿瘤病因学将致癌因素归纳为化学因素、紫外线和其他放射线、感染、饮食及医源性因素，并说明遗传易感性、免疫抑制、化疗和放疗与肿瘤发生风险的关系。病理学部分区分良性与恶性肿瘤，介绍癌、肉瘤、母细胞瘤、白血病、淋巴瘤和黑色素瘤等类型，以及转移、细胞学、细针吸取活检、组织学、免疫组织化学、电镜和分子生物学诊断技术。

血管发生学重点说明肿瘤依赖新生血管生长，涉及“血管生成开关”、共择、肿瘤血管异常、VEGF及其受体、缺氧调控机制和抗血管生成治疗。免疫学部分则讨论固有免疫、特异性免疫、眼部免疫赦免、前房相关免疫偏离及葡萄膜黑色素瘤的免疫逃逸。

书中还介绍脉络膜血管瘤、葡萄膜神经纤维瘤和神经鞘瘤、脉络膜骨瘤等具体肿瘤的临床诊断与治疗，并详细说明眼眶肿瘤手术路径的选择原则，包括肿瘤位置、与视神经及眼外肌的关系、肿瘤边缘和组织成分，以及结膜入路、经泪阜入路、上方或下方开眶术和眶尖部手术等技术。",completed,e5b27ffc-e8f1-418c-b54c-e3af7761118c,"# Summary
《临床眼科肿瘤学》由多国眼科专家共同编撰，系统介绍眼睑、结膜、角膜、葡萄膜、视网膜及眼眶肿瘤的基础理论、临床表现、病理特征、影像学诊断、鉴别诊断和治疗方法，并配有大量疾病图片。书中同时涉及临床流行病学、肿瘤病因学、肿瘤病理学、血管发生学和肿瘤免疫学等基础内容。

临床流行病学部分阐述患病率、发病率、死亡率、病死率和生存质量等结果指标，并介绍相对危险度、危害比、比值比、危险度差异及均值差异等关联指标。内容还讨论混杂偏倚、选择偏倚和信息偏倚，以及病例系列、横断面研究、队列研究、随机对照试验、病例对照研究、试点研究和系统性综述等研究设计。

肿瘤病因学将致癌因素归纳为化学因素、紫外线和其他放射线、感染、饮食及医源性因素，并说明遗传易感性、免疫抑制、化疗和放疗与肿瘤发生风险的关系。病理学部分区分良性与恶性肿瘤，介绍癌、肉瘤、母细胞瘤、白血病、淋巴瘤和黑色素瘤等类型，以及转移、细胞学、细针吸取活检、组织学、免疫组织化学、电镜和分子生物学诊断技术。

血管发生学重点说明肿瘤依赖新生血管生长，涉及“血管生成开关”、共择、肿瘤血管异常、VEGF及其受体、缺氧调控机制和抗血管生成治疗。免疫学部分则讨论固有免疫、特异性免疫、眼部免疫赦免、前房相关免疫偏离及葡萄膜黑色素瘤的免疫逃逸。

书中还介绍脉络膜血管瘤、葡萄膜神经纤维瘤和神经鞘瘤、脉络膜骨瘤等具体肿瘤的临床诊断与治疗，并详细说明眼眶肿瘤手术路径的选择原则，包括肿瘤位置、与视神经及眼外肌的关系、肿瘤边缘和组织成分，以及结膜入路、经泪阜入路、上方或下方开眶术和眶尖部手术等技术。",1379c7ab-11f2-49d6-885a-74bc959ee8cb
01-眼科综合：基础与全身病,09c593aa-1a64-48de-af81-fc4d30d551b4,10000,e90379dd-2e11-4512-a072-6e6a955af261,常见眼病综合征-林顺潮 2008_weknora.mhtml,常见眼病综合征-林顺潮 2008_weknora.mhtml,"文档系统介绍多种常见眼病综合征，内容涵盖其概要、病因病理、眼部及全身表现、诊断、治疗和鉴别诊断。部分综合征以视疲劳或眼部局部症状为主，如过度调节综合征表现为近距离阅读后视疲劳、视物模糊及调节功能异常，主要通过屈光矫正和改善调节功能治疗；急性出血性结膜炎则由柯萨奇病毒A24或肠病毒70引起，具有传染性强、双眼受累、结膜水肿出血及耳前淋巴结肿大等特点，治疗以局部抗病毒和预防继发感染为主。

文档还重点描述梅毒、高山综合征和获得性免疫缺陷综合征。梅毒可累及结膜、角膜、葡萄膜、视网膜及视神经，并伴有不同阶段的皮肤黏膜、心血管和中枢神经系统损害，诊断依靠血清学检查，治疗以大剂量青霉素为主。高山综合征由高海拔低氧引起，可出现视物模糊、视乳头水肿、视网膜出血以及头痛、意识障碍、发绀等全身症状，急救包括吸氧、脱水和转移至低海拔地区。AIDS由HIV破坏CD4 T辅助细胞所致，可发生巨细胞病毒性视网膜炎、弓形虫性视网膜脉络膜炎、棉絮斑、Kaposi肉瘤、视网膜血管病变及神经眼部异常，诊断结合抗HIV抗体、CD4细胞减少及机会性感染表现，治疗包括抗逆转录病毒疗法、机会性感染处理和眼部并发症治疗。

此外，文档介绍多种遗传性、代谢性及神经系统综合征。肢端-胼胝体综合征以发育迟缓、精神障碍、胼胝体缺如和多指（趾）畸形为主；高胱氨酸尿综合征常见晶状体向下鼻侧脱位、智力障碍、骨骼异常和血栓形成，需与Marfan综合征鉴别；泽韦格综合征累及脑、肝、肾并伴严重眼部异常。文末还涉及外伤或手术后眼部缺血、空间定向障碍、酒精相关高脂血症溶血性贫血、先天性角化不良及卓-艾综合征等疾病，治疗多依据病因采取手术、药物或对症处理。",completed,26332acc-59f3-416e-a6ae-648af459cd16,"# Summary
文档系统介绍多种常见眼病综合征，内容涵盖其概要、病因病理、眼部及全身表现、诊断、治疗和鉴别诊断。部分综合征以视疲劳或眼部局部症状为主，如过度调节综合征表现为近距离阅读后视疲劳、视物模糊及调节功能异常，主要通过屈光矫正和改善调节功能治疗；急性出血性结膜炎则由柯萨奇病毒A24或肠病毒70引起，具有传染性强、双眼受累、结膜水肿出血及耳前淋巴结肿大等特点，治疗以局部抗病毒和预防继发感染为主。

文档还重点描述梅毒、高山综合征和获得性免疫缺陷综合征。梅毒可累及结膜、角膜、葡萄膜、视网膜及视神经，并伴有不同阶段的皮肤黏膜、心血管和中枢神经系统损害，诊断依靠血清学检查，治疗以大剂量青霉素为主。高山综合征由高海拔低氧引起，可出现视物模糊、视乳头水肿、视网膜出血以及头痛、意识障碍、发绀等全身症状，急救包括吸氧、脱水和转移至低海拔地区。AIDS由HIV破坏CD4 T辅助细胞所致，可发生巨细胞病毒性视网膜炎、弓形虫性视网膜脉络膜炎、棉絮斑、Kaposi肉瘤、视网膜血管病变及神经眼部异常，诊断结合抗HIV抗体、CD4细胞减少及机会性感染表现，治疗包括抗逆转录病毒疗法、机会性感染处理和眼部并发症治疗。

此外，文档介绍多种遗传性、代谢性及神经系统综合征。肢端-胼胝体综合征以发育迟缓、精神障碍、胼胝体缺如和多指（趾）畸形为主；高胱氨酸尿综合征常见晶状体向下鼻侧脱位、智力障碍、骨骼异常和血栓形成，需与Marfan综合征鉴别；泽韦格综合征累及脑、肝、肾并伴严重眼部异常。文末还涉及外伤或手术后眼部缺血、空间定向障碍、酒精相关高脂血症溶血性贫血、先天性角化不良及卓-艾综合征等疾病，治疗多依据病因采取手术、药物或对症处理。",7399fcaa-80d7-43ce-b468-66b9d59657c8
08-葡萄膜炎与眼内炎症,2c1efff9-0960-4d4b-a4c3-7acfb9411151,10000,ad4fae95-735b-4a89-906e-7670e6254664,葡萄膜炎和免疫异常-Uwe Pleyer 2008_weknora.mhtml,葡萄膜炎和免疫异常-Uwe Pleyer 2008_weknora.mhtml,"该文为《葡萄膜炎和免疫异常》眼科综述性著作的节选，内容旨在介绍葡萄膜炎及多种免疫相关眼病的基础研究、临床表现和治疗进展，并在基础研究与临床实践之间建立联系。全书强调免疫病理、免疫遗传学、诊断和药物及手术治疗等主题，面向眼科医生、视光师及不同阶段的眼科医师。

节选首先讨论眼部变态反应，指出过敏性结膜炎是涉及IgE、Th2细胞、肥大细胞、嗜酸性粒细胞、细胞因子、趋化因子、黏附分子、神经肽和生长因子的眼表炎症。季节性、终年型、特应性角膜结膜炎和春季角膜结膜炎具有不同的临床特点，其中春季角膜结膜炎多见于儿童，表现为明显瘙痒、乳头或角膜缘病变，严重时可发生角膜溃疡、瘢痕并导致视力丧失。慢性炎症还可通过成纤维细胞、肌成纤维细胞及细胞外基质代谢异常，引起巨乳头形成、胶原沉积和结膜组织重构；MMPs与TIMPs失衡被认为与纤维化有关。

关于青少年型慢性关节炎合并葡萄膜炎，文中强调应由眼科和儿科医生密切协作，并尽早发现眼部并发症。治疗通常从足量局部糖皮质激素开始，必要时采用全身激素或结膜下注射；非甾体抗炎药可作为辅助治疗，但眼部疗效仍不确定。对于复发或激素副作用明显者，可考虑氨甲蝶呤、环孢霉素A及肿瘤坏死因子拮抗剂，不过这些药物对葡萄膜炎的长期疗效和潜在风险仍需进一步评估。

节选还系统概述葡萄膜炎玻璃体切除术的术后并发症、特殊适应证及禁忌证。术后可能出现低眼压、视网膜脱离、玻璃体积血和炎症复发。手术可用于药物治疗无效且严重影响视力的玻璃体混浊、视网膜前膜、玻璃体黄斑牵引、部分感染性视网膜炎及复杂性视网膜脱离，但对药物无效的黄斑囊样水肿等情况仍存在争议。急性活动性炎症、视力未受影响的病变、光感受器已受损的慢性黄斑水肿及某些稳定性视网膜脱离通常不宜手术。",completed,94ea6cff-887e-459f-88c5-da368af52f15,"# Summary
该文为《葡萄膜炎和免疫异常》眼科综述性著作的节选，内容旨在介绍葡萄膜炎及多种免疫相关眼病的基础研究、临床表现和治疗进展，并在基础研究与临床实践之间建立联系。全书强调免疫病理、免疫遗传学、诊断和药物及手术治疗等主题，面向眼科医生、视光师及不同阶段的眼科医师。

节选首先讨论眼部变态反应，指出过敏性结膜炎是涉及IgE、Th2细胞、肥大细胞、嗜酸性粒细胞、细胞因子、趋化因子、黏附分子、神经肽和生长因子的眼表炎症。季节性、终年型、特应性角膜结膜炎和春季角膜结膜炎具有不同的临床特点，其中春季角膜结膜炎多见于儿童，表现为明显瘙痒、乳头或角膜缘病变，严重时可发生角膜溃疡、瘢痕并导致视力丧失。慢性炎症还可通过成纤维细胞、肌成纤维细胞及细胞外基质代谢异常，引起巨乳头形成、胶原沉积和结膜组织重构；MMPs与TIMPs失衡被认为与纤维化有关。

关于青少年型慢性关节炎合并葡萄膜炎，文中强调应由眼科和儿科医生密切协作，并尽早发现眼部并发症。治疗通常从足量局部糖皮质激素开始，必要时采用全身激素或结膜下注射；非甾体抗炎药可作为辅助治疗，但眼部疗效仍不确定。对于复发或激素副作用明显者，可考虑氨甲蝶呤、环孢霉素A及肿瘤坏死因子拮抗剂，不过这些药物对葡萄膜炎的长期疗效和潜在风险仍需进一步评估。

节选还系统概述葡萄膜炎玻璃体切除术的术后并发症、特殊适应证及禁忌证。术后可能出现低眼压、视网膜脱离、玻璃体积血和炎症复发。手术可用于药物治疗无效且严重影响视力的玻璃体混浊、视网膜前膜、玻璃体黄斑牵引、部分感染性视网膜炎及复杂性视网膜脱离，但对药物无效的黄斑囊样水肿等情况仍存在争议。急性活动性炎症、视力未受影响的病变、光感受器已受损的慢性黄斑水肿及某些稳定性视网膜脱离通常不宜手术。",324497d1-33b6-4a57-a214-7cc0d80883ce
11-整形与泪道,bdde98f8-4f6b-4b3f-89a4-3cee7f5133b4,10000,431f5fd5-fa01-4329-9883-2da449261fca,眼部整形美容手术图谱-李冬梅 2008_weknora.mhtml,眼部整形美容手术图谱-李冬梅 2008_weknora.mhtml,"《眼部整形美容手术图谱》是李冬梅主编的一部眼部整形美容外科专著，内容源于作者近20年的临床与科研经验。全书分为眼部整形美容外科基础、眼睑、结膜、泪器、眼窝及眼眶五篇，共5篇36章，系统涉及相关解剖、畸形矫治、整复重建和美容手术，并配有大量手术图片及示意图，强调从术前设计、手术步骤到操作技巧、注意事项和并发症防治的连续讲解。

前言和概述部分指出，眼部整形外科学是眼科学、整形外科学与现代美学相结合的交叉学科，既要恢复眼部功能，也要改善外形。其治疗范围包括先天性畸形、外伤及感染造成的缺损、肿瘤切除后畸形、医源性畸形以及重睑、睑袋切除等美容性手术。眼部手术具有高度精细、计划性强和个体化明显等特点，医师不仅需要扎实的眼科和整形外科知识，还应具备熟练的显微操作技能、美学素养、心理学修养、职业责任感和持续总结提高的能力。

基础技术部分强调无菌操作和无创操作，要求切口尽量沿皮肤自然皱褶线或其他隐蔽部位设计，以减少张力和瘢痕；同时介绍了锐性剥离、压迫止血、结扎止血、双频射频止血、创面清洗、引流及缝合等基本方法。

书中眼睑重建内容以缺损范围和累及层次为依据，介绍了小范围缺损直接拉拢缝合、Tenzel半圆形旋转皮瓣、局部滑行及旋转皮瓣、睑板滑行瓣等修复方式，并强调眼睑缘对位、组织血运、缝合张力及术后包扎拆线管理。后部还详细介绍了义眼模型制作、虹膜与义眼成形、义眼摘戴、清洁、复查和日常保养等内容。",completed,39153205-d990-4c36-9364-181a5d8c96ae,"# Summary
《眼部整形美容手术图谱》是李冬梅主编的一部眼部整形美容外科专著，内容源于作者近20年的临床与科研经验。全书分为眼部整形美容外科基础、眼睑、结膜、泪器、眼窝及眼眶五篇，共5篇36章，系统涉及相关解剖、畸形矫治、整复重建和美容手术，并配有大量手术图片及示意图，强调从术前设计、手术步骤到操作技巧、注意事项和并发症防治的连续讲解。

前言和概述部分指出，眼部整形外科学是眼科学、整形外科学与现代美学相结合的交叉学科，既要恢复眼部功能，也要改善外形。其治疗范围包括先天性畸形、外伤及感染造成的缺损、肿瘤切除后畸形、医源性畸形以及重睑、睑袋切除等美容性手术。眼部手术具有高度精细、计划性强和个体化明显等特点，医师不仅需要扎实的眼科和整形外科知识，还应具备熟练的显微操作技能、美学素养、心理学修养、职业责任感和持续总结提高的能力。

基础技术部分强调无菌操作和无创操作，要求切口尽量沿皮肤自然皱褶线或其他隐蔽部位设计，以减少张力和瘢痕；同时介绍了锐性剥离、压迫止血、结扎止血、双频射频止血、创面清洗、引流及缝合等基本方法。

书中眼睑重建内容以缺损范围和累及层次为依据，介绍了小范围缺损直接拉拢缝合、Tenzel半圆形旋转皮瓣、局部滑行及旋转皮瓣、睑板滑行瓣等修复方式，并强调眼睑缘对位、组织血运、缝合张力及术后包扎拆线管理。后部还详细介绍了义眼模型制作、虹膜与义眼成形、义眼摘戴、清洁、复查和日常保养等内容。",188df0ce-23d7-4f31-8a04-f4ba36b1bff7
23-眼科手术与操作技术,0ae37310-b90c-4b5b-9249-14be041abd93,10000,4f0dfbe4-3760-4e04-93f0-9667aafd950a,眼科手术学-宋琛 2008_weknora.mhtml,眼科手术学-宋琛 2008_weknora.mhtml,"本书为《眼科手术学》第二版，系统介绍眼科手术的基础理论、常用经典术式及近年来经临床验证的新术式。全书按眼睑、泪器、结膜、眼肌、角膜、晶状体、青光眼、视网膜脱离、玻璃体、眼外伤、眼球、眼眶及激光治疗等内容分章，重点围绕适应证、禁忌证、术前准备、麻醉、手术步骤、术中注意事项、术后处理和并发症展开，并配有大量操作图示。第二版强调与科技发展同步，更新新理论、新技术和新术式，删除不再适用的方法，同时突出围手术期处理的重要性。

眼科手术具有高度专科化特点。眼睛是重要的视觉感受器，手术成败直接关系患者视功能、生活质量和劳动能力；显微技术的发展使手术更加精细、准确和安全，也对术者的理论知识、操作技巧及临床经验提出更高要求。眼科医师除应具备良好医德、责任心和沟通能力外，还需具有严谨的临床思维、钻研创新精神、稳定灵巧的手眼协调能力、持久耐力以及处理术中意外和并发症的专业能力。

书中还介绍眼科仪器、器械的使用、维护与消毒，包括紫外线、熏气、高压蒸气、煮沸、浸泡和环氧乙烷等方法，并具体说明冷凝器、电凝器等设备的类型、适应证、操作程序和注意事项。角膜手术部分涉及不同类型人工角膜的结构、适应证及植入步骤；晶状体手术部分概述现代囊外白内障摘除、人工晶状体植入和超声乳化技术的发展，以及小切口手术、专用器械、折叠人工晶状体材料和麻醉方式的改进。激光治疗部分则涉及Nd:YAG激光瞳孔成形、虹膜后粘连松解、前后玻璃体牵引松解及前囊膜切开等操作，强调治疗适应证、能量控制、定位、安全距离和术后抗炎、散瞳及眼压监测。",completed,66d9b342-c1f4-4968-ac8a-ff5c8fb81450,"# Summary
本书为《眼科手术学》第二版，系统介绍眼科手术的基础理论、常用经典术式及近年来经临床验证的新术式。全书按眼睑、泪器、结膜、眼肌、角膜、晶状体、青光眼、视网膜脱离、玻璃体、眼外伤、眼球、眼眶及激光治疗等内容分章，重点围绕适应证、禁忌证、术前准备、麻醉、手术步骤、术中注意事项、术后处理和并发症展开，并配有大量操作图示。第二版强调与科技发展同步，更新新理论、新技术和新术式，删除不再适用的方法，同时突出围手术期处理的重要性。

眼科手术具有高度专科化特点。眼睛是重要的视觉感受器，手术成败直接关系患者视功能、生活质量和劳动能力；显微技术的发展使手术更加精细、准确和安全，也对术者的理论知识、操作技巧及临床经验提出更高要求。眼科医师除应具备良好医德、责任心和沟通能力外，还需具有严谨的临床思维、钻研创新精神、稳定灵巧的手眼协调能力、持久耐力以及处理术中意外和并发症的专业能力。

书中还介绍眼科仪器、器械的使用、维护与消毒，包括紫外线、熏气、高压蒸气、煮沸、浸泡和环氧乙烷等方法，并具体说明冷凝器、电凝器等设备的类型、适应证、操作程序和注意事项。角膜手术部分涉及不同类型人工角膜的结构、适应证及植入步骤；晶状体手术部分概述现代囊外白内障摘除、人工晶状体植入和超声乳化技术的发展，以及小切口手术、专用器械、折叠人工晶状体材料和麻醉方式的改进。激光治疗部分则涉及Nd:YAG激光瞳孔成形、虹膜后粘连松解、前后玻璃体牵引松解及前囊膜切开等操作，强调治疗适应证、能量控制、定位、安全距离和术后抗炎、散瞳及眼压监测。",96cd9c33-e476-4b91-89ff-cadb4e90cccc
01-眼科综合：基础与全身病,09c593aa-1a64-48de-af81-fc4d30d551b4,10000,06e49f4b-7e5f-436e-b589-b5f2597599ce,眼科学彩色图谱-杨钧 2008_weknora.mhtml,眼科学彩色图谱-杨钧 2008_weknora.mhtml,"《眼科学彩色图谱》第2版以真实、清晰的彩色图像展示眼科临床疾病征象，旨在辅助眼科初学者、临床医师和研究者理解眼部形态学改变及现代检查结果。再版内容根据检查技术进步、新病种发现和原图质量进行更新，重点反映我国眼病谱的变化：天花、麻疹、维生素A缺乏所致角膜软化及沙眼已明显减少，病毒性、霉菌性和过敏性角膜病增多；青光眼、白内障及糖尿病、高血压相关眼底病仍较常见；眼部及眶内、颅内肿瘤检出增多，早产儿视网膜病变也受到重视。全书分为15章，包括常用检查法、按解剖部位介绍的各类眼病以及眼外伤，并附参考书目和中英文病名索引。

第一章概述视力、视野、色觉等主观检查，以及裂隙灯、检眼镜、影像学和眼电生理等仪器检查。视力检查依据视角和最小视角原理，通过E字视标、Landolt环及对数视力表评估视觉分辨能力，并介绍近视力、儿童视力和弱视眼检查方法。视野检查包括面对面法、动态视野计、静态及自动定量视野计，可用于判断视野缺损范围和视觉敏感度。色觉部分说明三种锥细胞及红绿、黄蓝对立机制，并介绍假性同色图、色相排列等色觉障碍检查。

节选内容还展示了青光眼视乳头损害的表现，包括视杯扩大、盘沿切迹、视网膜神经纤维层（RNFL）缺损、血管改变和视乳头出血，以及这些征象的进行性变化。眼外伤部分重点描述酸、碱及染料化学伤造成的结膜缺血、角膜水肿混浊、上皮缺损、新生血管、瘢痕和严重并发症。视神经管骨折则强调HRCT在早期诊断和指导减压手术中的价值，并提出横轴位、冠状位、高分辨率骨算法及小于2mm层厚等检查要求。",completed,a31b0f25-979a-445d-a45d-f35ad241ef51,"# Summary
《眼科学彩色图谱》第2版以真实、清晰的彩色图像展示眼科临床疾病征象，旨在辅助眼科初学者、临床医师和研究者理解眼部形态学改变及现代检查结果。再版内容根据检查技术进步、新病种发现和原图质量进行更新，重点反映我国眼病谱的变化：天花、麻疹、维生素A缺乏所致角膜软化及沙眼已明显减少，病毒性、霉菌性和过敏性角膜病增多；青光眼、白内障及糖尿病、高血压相关眼底病仍较常见；眼部及眶内、颅内肿瘤检出增多，早产儿视网膜病变也受到重视。全书分为15章，包括常用检查法、按解剖部位介绍的各类眼病以及眼外伤，并附参考书目和中英文病名索引。

第一章概述视力、视野、色觉等主观检查，以及裂隙灯、检眼镜、影像学和眼电生理等仪器检查。视力检查依据视角和最小视角原理，通过E字视标、Landolt环及对数视力表评估视觉分辨能力，并介绍近视力、儿童视力和弱视眼检查方法。视野检查包括面对面法、动态视野计、静态及自动定量视野计，可用于判断视野缺损范围和视觉敏感度。色觉部分说明三种锥细胞及红绿、黄蓝对立机制，并介绍假性同色图、色相排列等色觉障碍检查。

节选内容还展示了青光眼视乳头损害的表现，包括视杯扩大、盘沿切迹、视网膜神经纤维层（RNFL）缺损、血管改变和视乳头出血，以及这些征象的进行性变化。眼外伤部分重点描述酸、碱及染料化学伤造成的结膜缺血、角膜水肿混浊、上皮缺损、新生血管、瘢痕和严重并发症。视神经管骨折则强调HRCT在早期诊断和指导减压手术中的价值，并提出横轴位、冠状位、高分辨率骨算法及小于2mm层厚等检查要求。",e507b36b-de0b-4b72-99b7-a2b3f38993ad
04-屈光与视光：近视、接触镜与低视力,c73385b9-c154-4103-a93e-2d4c31f2423a,10000,cc65c340-be64-48f4-9691-2fb7fba0e58e,眼视光学-王玉良 2008_weknora.mhtml,眼视光学-王玉良 2008_weknora.mhtml,"本书将视光学与眼科学相关知识融为一体，旨在弥补验光师和眼科医师在彼此相关领域中的知识不足，强调视光学是眼科学不可分割的组成部分。内容既涉及验光、配镜、接触镜、屈光手术和人工晶状体，也涵盖眼科检查、眼病治疗及玻璃体视网膜手术等领域，体现了视光学与眼科学相互结合的发展趋势。书中还指出，中国内地眼镜行业发展迅速，但验光人员水平不一，部分眼科住院医师忽视检影验光训练，因此需要加强医学验光及相关眼科知识。

基础篇重点介绍视光学和视觉神经系统，包括几何光学、光的波动理论及几何像差理论。几何光学阐述光的直线传播、独立传播、反射折射和全反射，并说明这些定律成立所需的均匀、各向同性介质及可忽略衍射和非线性效应等条件。波动光学部分讨论光的干涉和衍射，说明干涉需要频率相同、振动方向相同、相位差恒定及适当光程差等条件，并介绍OCT和视网膜调制传递函数测定等眼科临床应用。衍射则与玻璃体混浊畏光、加膜镜片、准分子激光及衍射型人工晶体等问题相关。

像差理论分析理想成像受到的限制，区分单色像差和色像差，并具体说明球差、彗差、像散、像场弯曲和畸变的成因及影响。书中后续内容还涉及微创玻璃体视网膜手术及其器械，包括25G和23G系统、玻璃体切割头、灌注、照明、电凝、气液交换、晶体粉碎和超声乳化等装置，同时介绍眼内冷凝和激光等辅助设备，强调微创手术具有损伤小、效率高和恢复快等特点。末尾图谱覆盖衍射、视网膜疾病、OCT、波阵面像差、屈光手术、人工晶状体及眼外伤等多种临床资料。",completed,08a9b853-8790-4771-a371-632f3c587d13,"# Summary
本书将视光学与眼科学相关知识融为一体，旨在弥补验光师和眼科医师在彼此相关领域中的知识不足，强调视光学是眼科学不可分割的组成部分。内容既涉及验光、配镜、接触镜、屈光手术和人工晶状体，也涵盖眼科检查、眼病治疗及玻璃体视网膜手术等领域，体现了视光学与眼科学相互结合的发展趋势。书中还指出，中国内地眼镜行业发展迅速，但验光人员水平不一，部分眼科住院医师忽视检影验光训练，因此需要加强医学验光及相关眼科知识。

基础篇重点介绍视光学和视觉神经系统，包括几何光学、光的波动理论及几何像差理论。几何光学阐述光的直线传播、独立传播、反射折射和全反射，并说明这些定律成立所需的均匀、各向同性介质及可忽略衍射和非线性效应等条件。波动光学部分讨论光的干涉和衍射，说明干涉需要频率相同、振动方向相同、相位差恒定及适当光程差等条件，并介绍OCT和视网膜调制传递函数测定等眼科临床应用。衍射则与玻璃体混浊畏光、加膜镜片、准分子激光及衍射型人工晶体等问题相关。

像差理论分析理想成像受到的限制，区分单色像差和色像差，并具体说明球差、彗差、像散、像场弯曲和畸变的成因及影响。书中后续内容还涉及微创玻璃体视网膜手术及其器械，包括25G和23G系统、玻璃体切割头、灌注、照明、电凝、气液交换、晶体粉碎和超声乳化等装置，同时介绍眼内冷凝和激光等辅助设备，强调微创手术具有损伤小、效率高和恢复快等特点。末尾图谱覆盖衍射、视网膜疾病、OCT、波阵面像差、屈光手术、人工晶状体及眼外伤等多种临床资料。",14eb7ccf-fe3e-4021-8522-44e8f83d54fa
02-角膜与眼表,f041b2b7-3147-4deb-a2f2-0de5cc53d296,10000,9435ac7e-de4e-44e0-a343-000b29aecd3e,角膜病学-谢立信 2007_weknora.mhtml,角膜病学-谢立信 2007_weknora.mhtml,"《角膜病学》是一部围绕角膜基础、检查、疾病与手术展开的综合性眼科学专著，全书约120万字，配有1000余幅图片，主要面向眼科研究生、住院医师以及从事角膜病临床和研究的医务人员。作者结合多年医疗、教学、科研和临床病例积累，重点介绍感染性角膜病、角膜内皮细胞、眼库技术、药物缓释系统及角膜移植等方面的研究与实践经验。

书中指出，中国角膜病致盲人数超过100万，角膜移植因器官捐献制度和传统观念等因素长期受到限制。近年来，分子生物学、免疫学、遗传学和组织工程学的发展推动了角膜病基础与临床研究，并在真菌性角膜炎、角膜移植免疫排斥、角膜内皮研究等领域取得进展，但仍存在研究规模不足、原始创新不够和国际影响力有限等问题。相关研究涉及单纯疱疹性角膜炎的病毒潜伏与免疫机制、真菌感染方式、免疫抑制剂及眼部缓释制剂、组织工程角膜、角膜缘干细胞移植和基因治疗等。

节选内容还重点讨论了棘阿米巴性角膜炎。该病早期可出现不典型树枝状浸润，晚期形成环形浸润，并常伴与体征不相称的严重神经放射痛，容易被误诊为单纯疱疹性角膜炎或真菌性角膜炎。对于治疗无效的病例，应结合聚合酶链反应、病理检查和共焦显微镜进行鉴别；回顾性病理研究显示，部分病例因认识不足而漏诊，延误治疗后可能导致移植失败、眼内炎甚至眼球摘除。

此外，书中强调角膜移植围手术期需关注全身情况，尤其是高血压和上消化道出血风险。术前应反复评估血压、心脑肾损害及用药情况，稳定情绪并监测血压；对有溃疡病史或使用糖皮质激素者，应采取胃黏膜保护和出血预防措施，及时识别呕血、便血及循环衰竭等表现。",completed,4f7329d6-19f6-4354-9d6a-8a85be60be87,"# Summary
《角膜病学》是一部围绕角膜基础、检查、疾病与手术展开的综合性眼科学专著，全书约120万字，配有1000余幅图片，主要面向眼科研究生、住院医师以及从事角膜病临床和研究的医务人员。作者结合多年医疗、教学、科研和临床病例积累，重点介绍感染性角膜病、角膜内皮细胞、眼库技术、药物缓释系统及角膜移植等方面的研究与实践经验。

书中指出，中国角膜病致盲人数超过100万，角膜移植因器官捐献制度和传统观念等因素长期受到限制。近年来，分子生物学、免疫学、遗传学和组织工程学的发展推动了角膜病基础与临床研究，并在真菌性角膜炎、角膜移植免疫排斥、角膜内皮研究等领域取得进展，但仍存在研究规模不足、原始创新不够和国际影响力有限等问题。相关研究涉及单纯疱疹性角膜炎的病毒潜伏与免疫机制、真菌感染方式、免疫抑制剂及眼部缓释制剂、组织工程角膜、角膜缘干细胞移植和基因治疗等。

节选内容还重点讨论了棘阿米巴性角膜炎。该病早期可出现不典型树枝状浸润，晚期形成环形浸润，并常伴与体征不相称的严重神经放射痛，容易被误诊为单纯疱疹性角膜炎或真菌性角膜炎。对于治疗无效的病例，应结合聚合酶链反应、病理检查和共焦显微镜进行鉴别；回顾性病理研究显示，部分病例因认识不足而漏诊，延误治疗后可能导致移植失败、眼内炎甚至眼球摘除。

此外，书中强调角膜移植围手术期需关注全身情况，尤其是高血压和上消化道出血风险。术前应反复评估血压、心脑肾损害及用药情况，稳定情绪并监测血压；对有溃疡病史或使用糖皮质激素者，应采取胃黏膜保护和出血预防措施，及时识别呕血、便血及循环衰竭等表现。",2f67d196-d817-4fbb-8512-cefdd59e25f0
06-眼底病与视网膜内科,f900fe21-9deb-47e0-bf36-ce06022cae92,10000,dfb45e98-e3de-403d-be90-0d6ecba39f05,临床眼黄斑病学-吴乐正 2007_weknora.mhtml,临床眼黄斑病学-吴乐正 2007_weknora.mhtml,"《临床眼黄斑病学》是一部由中国大陆及香港、美国、澳大利亚等地眼科专家共同编写的黄斑疾病专著，内容兼顾基础知识与临床应用，系统介绍黄斑病的解剖、生理、胚胎发育、流行病学、特殊检查、视功能评估、诊断、治疗及视觉康复。全书按照疾病病因和类型，涵盖获得性、血管性及血液性、炎症性、遗传性、先天性以及与全身疾病相关的黄斑病，并讨论中西医药物、激光、手术等治疗进展。

书中强调黄斑位于视网膜后极部，是精细视觉、对比觉和色觉的主要功能区域；其中心凹、中心小凹及中心凹无血管区具有重要的解剖和临床意义。黄斑发育迟缓且持续至出生后早期，视网膜、血管、脉络膜和视神经的发育异常均可能与黄斑疾病发生相关。黄斑疾病的诊断已因眼底荧光血管造影（FFA）、吲哚菁绿血管造影（ICGA）、光学相干断层扫描（OCT）、多焦视网膜电图及计算机视野等技术的发展而得到明显改进。

节选重点介绍了眼弓浆虫病及急性视网膜坏死。眼弓浆虫病可表现为先天性或后天性感染，常见局灶性渗出性脉络膜视网膜炎、玻璃体炎、视网膜血管炎及瘢痕复发，诊断需结合病史、眼底表现和血清学或眼内抗体检查，治疗可使用乙胺嘧啶、磺胺甲基异噁唑、螺旋霉素，必要时联合糖皮质激素。急性视网膜坏死则是由水痘-带状疱疹病毒或单纯疱疹病毒等引起的进展迅速、预后较差的坏死性视网膜炎。

在视觉康复方面，书中讨论低视力评估、助视器处方、定向行走和日常生活训练，并介绍眼内植入微型望远镜（IMT）用于年龄相关性黄斑变性患者的尝试。IMT可将视网膜成像放大约3倍，部分患者术后远近视力提高，但存在炎症、视野缩小、手术选择困难及眼底观察受限等问题，目前仍需系统研究，不宜大范围推广。",completed,e8586982-dc12-4b81-a008-b6fa18f56132,"# Summary
《临床眼黄斑病学》是一部由中国大陆及香港、美国、澳大利亚等地眼科专家共同编写的黄斑疾病专著，内容兼顾基础知识与临床应用，系统介绍黄斑病的解剖、生理、胚胎发育、流行病学、特殊检查、视功能评估、诊断、治疗及视觉康复。全书按照疾病病因和类型，涵盖获得性、血管性及血液性、炎症性、遗传性、先天性以及与全身疾病相关的黄斑病，并讨论中西医药物、激光、手术等治疗进展。

书中强调黄斑位于视网膜后极部，是精细视觉、对比觉和色觉的主要功能区域；其中心凹、中心小凹及中心凹无血管区具有重要的解剖和临床意义。黄斑发育迟缓且持续至出生后早期，视网膜、血管、脉络膜和视神经的发育异常均可能与黄斑疾病发生相关。黄斑疾病的诊断已因眼底荧光血管造影（FFA）、吲哚菁绿血管造影（ICGA）、光学相干断层扫描（OCT）、多焦视网膜电图及计算机视野等技术的发展而得到明显改进。

节选重点介绍了眼弓浆虫病及急性视网膜坏死。眼弓浆虫病可表现为先天性或后天性感染，常见局灶性渗出性脉络膜视网膜炎、玻璃体炎、视网膜血管炎及瘢痕复发，诊断需结合病史、眼底表现和血清学或眼内抗体检查，治疗可使用乙胺嘧啶、磺胺甲基异噁唑、螺旋霉素，必要时联合糖皮质激素。急性视网膜坏死则是由水痘-带状疱疹病毒或单纯疱疹病毒等引起的进展迅速、预后较差的坏死性视网膜炎。

在视觉康复方面，书中讨论低视力评估、助视器处方、定向行走和日常生活训练，并介绍眼内植入微型望远镜（IMT）用于年龄相关性黄斑变性患者的尝试。IMT可将视网膜成像放大约3倍，部分患者术后远近视力提高，但存在炎症、视野缩小、手术选择困难及眼底观察受限等问题，目前仍需系统研究，不宜大范围推广。",fa0d70cb-ee11-4a23-a8b4-fdd843242465
09-神经眼科,be1e44f1-985d-4445-b6a3-e60a0f43f85e,10000,8d807cd8-8700-4558-8fa3-a307f6ea4181,神经眼科学图谱-Satya Karna 2007_weknora.mhtml,神经眼科学图谱-Satya Karna 2007_weknora.mhtml,"本书是一部以临床神经眼科学和放射诊断学为基础的图谱，旨在通过高质量彩色影像、简明文字和参考文献，帮助眼科、神经内科、神经外科、放射科医师、临床工作者及医学生认识神经眼科疾病。全书图像主要来源于Sankara Nethralaya的临床病例，按英文字母排列章节，并结合疾病早期与晚期的表现，展示眼部体征、神经系统改变、影像学特征、检查方法及治疗原则。书中还列出了大量神经眼科学常用缩略语，涉及视神经病变、血管疾病、影像学、免疫学和神经系统检查等内容。

所提供章节首先介绍了非动脉炎性和动脉炎性前部缺血性视神经病变。前者多见于中老年人，常与高血压、糖尿病、心血管疾病、低血压等相关，表现为突然、无痛性视力下降和视野缺损，目前缺乏有效治疗，重点在于控制全身危险因素。伴巨细胞动脉炎的AION则起病年龄更大、视力损害更重，可能迅速累及对侧眼，需要及时进行大剂量糖皮质激素治疗。

图谱还讨论了特发性高颅压症、视网膜中央动脉阻塞、真菌性眼眶和鼻窦感染、眼部带状疱疹、颅内肉芽肿及颅内结核病等疾病，强调视盘水肿、视力丧失、复视、眼球运动障碍和颅神经受累等表现，以及MRI、CT、血管造影、腰椎穿刺、培养和组织病理学检查的作用。后续内容涉及颅内异物、多发性硬化、假性眼球突出、脊髓空洞症与延髓空洞症，体现了神经眼科疾病在视神经、眼球运动、视野、颅内病变和脊髓病变之间的联系，并介绍了药物、放疗、分流、减压及神经外科手术等处理方式。",completed,80d72b1c-6fb8-4c71-823c-ed86cdbbbfaa,"# Summary
本书是一部以临床神经眼科学和放射诊断学为基础的图谱，旨在通过高质量彩色影像、简明文字和参考文献，帮助眼科、神经内科、神经外科、放射科医师、临床工作者及医学生认识神经眼科疾病。全书图像主要来源于Sankara Nethralaya的临床病例，按英文字母排列章节，并结合疾病早期与晚期的表现，展示眼部体征、神经系统改变、影像学特征、检查方法及治疗原则。书中还列出了大量神经眼科学常用缩略语，涉及视神经病变、血管疾病、影像学、免疫学和神经系统检查等内容。

所提供章节首先介绍了非动脉炎性和动脉炎性前部缺血性视神经病变。前者多见于中老年人，常与高血压、糖尿病、心血管疾病、低血压等相关，表现为突然、无痛性视力下降和视野缺损，目前缺乏有效治疗，重点在于控制全身危险因素。伴巨细胞动脉炎的AION则起病年龄更大、视力损害更重，可能迅速累及对侧眼，需要及时进行大剂量糖皮质激素治疗。

图谱还讨论了特发性高颅压症、视网膜中央动脉阻塞、真菌性眼眶和鼻窦感染、眼部带状疱疹、颅内肉芽肿及颅内结核病等疾病，强调视盘水肿、视力丧失、复视、眼球运动障碍和颅神经受累等表现，以及MRI、CT、血管造影、腰椎穿刺、培养和组织病理学检查的作用。后续内容涉及颅内异物、多发性硬化、假性眼球突出、脊髓空洞症与延髓空洞症，体现了神经眼科疾病在视神经、眼球运动、视野、颅内病变和脊髓病变之间的联系，并介绍了药物、放疗、分流、减压及神经外科手术等处理方式。",e9d1c872-91ea-45ca-8946-79b298c02bb4
19-检查：视觉电生理,90a38a5f-92ce-4de3-a03a-152fd1db4d8e,10000,363c66d6-31ad-466f-a68f-6feda1ccae86,实用眼震电图和眼震视图检查-李晓璐 2007_weknora.mhtml,实用眼震电图和眼震视图检查-李晓璐 2007_weknora.mhtml,"该书围绕眩晕和平衡障碍的临床检查，系统介绍眼震电图（ENG）和眼震视图（VNG）的基础理论、检查方法、结果分析及临床意义。全书共六章，配有大量插图和病例讨论，内容涵盖测试步骤、异常结果判断、其他前庭功能检查及报告撰写，旨在为相关专业医务人员提供实用的临床手册。

书中首先阐述眼球震颤的形成机制及其在前庭系统疾病、中枢病变和眼病诊断中的价值。裸眼检查和Frenzel眼镜检查简便但难以定量，ENG通过角膜—视网膜电位间接记录眼动，可分析潜伏期、反应期、频率、振幅、慢相角速度（SPV）、方向、类型和节律等参数；VNG则利用红外摄像头直接记录瞳孔运动，具有可直接观察眼动、分辨率较高、能记录旋转性眼震及较少受电信号干扰等优势。

内容还重点说明ENG记录系统、ENG/VNG图形判读及常见伪迹处理，包括眨眼、角膜—视网膜电位差异、皮肤电阻过高、电极位置不当或漂移、接触不良，以及50Hz交流电、瞬变电流、肌电和心电干扰。双耳变温冷热试验部分强调灌注位置、异常采样点、单次反应异常、受试者适应、鼓膜穿孔和中耳积液等因素均可能造成误判，必要时应重测或结合原始图形分析。

异常结果及临床意义部分涉及扫视、视跟踪、视动性眼震、凝视、静态和动态位置、冷热、压力及摇头等试验。不同类型的眼震可提示周围性前庭病变、中枢神经系统、小脑、脑干、皮质或眼运动通路异常。附录进一步总结常用药物对ENG/VNG的影响，以及各项测试异常表现、病变定位和临床印象，为检查结果解释和规范报告提供参考。",completed,77034648-a270-4189-8fec-d9ef54393774,"# Summary
该书围绕眩晕和平衡障碍的临床检查，系统介绍眼震电图（ENG）和眼震视图（VNG）的基础理论、检查方法、结果分析及临床意义。全书共六章，配有大量插图和病例讨论，内容涵盖测试步骤、异常结果判断、其他前庭功能检查及报告撰写，旨在为相关专业医务人员提供实用的临床手册。

书中首先阐述眼球震颤的形成机制及其在前庭系统疾病、中枢病变和眼病诊断中的价值。裸眼检查和Frenzel眼镜检查简便但难以定量，ENG通过角膜—视网膜电位间接记录眼动，可分析潜伏期、反应期、频率、振幅、慢相角速度（SPV）、方向、类型和节律等参数；VNG则利用红外摄像头直接记录瞳孔运动，具有可直接观察眼动、分辨率较高、能记录旋转性眼震及较少受电信号干扰等优势。

内容还重点说明ENG记录系统、ENG/VNG图形判读及常见伪迹处理，包括眨眼、角膜—视网膜电位差异、皮肤电阻过高、电极位置不当或漂移、接触不良，以及50Hz交流电、瞬变电流、肌电和心电干扰。双耳变温冷热试验部分强调灌注位置、异常采样点、单次反应异常、受试者适应、鼓膜穿孔和中耳积液等因素均可能造成误判，必要时应重测或结合原始图形分析。

异常结果及临床意义部分涉及扫视、视跟踪、视动性眼震、凝视、静态和动态位置、冷热、压力及摇头等试验。不同类型的眼震可提示周围性前庭病变、中枢神经系统、小脑、脑干、皮质或眼运动通路异常。附录进一步总结常用药物对ENG/VNG的影响，以及各项测试异常表现、病变定位和临床印象，为检查结果解释和规范报告提供参考。",4e882123-e98a-4dbb-a9a4-6447c7aa5449
09-神经眼科,be1e44f1-985d-4445-b6a3-e60a0f43f85e,10000,51992457-2720-4818-b7b1-19a1294bcffc,实用神经眼科学-Leonard A Levin 2007_weknora.mhtml,实用神经眼科学-Leonard A Levin 2007_weknora.mhtml,"《实用神经眼科学》是一部面向临床医师的神经眼科实用指南，强调神经眼科与眼科、神经内科、神经外科、耳鼻咽喉头颈外科、内分泌、心血管内科及神经影像学等多学科的交叉特点。译者序指出，我国神经眼科尚处于起步阶段，缺乏具有普及性和指导性的教材。本书采用提纲式结构，从症状、病史采集和专科检查入手，介绍神经眼科疾病及视野、电生理、神经影像等辅助检查，并通过“诊治紧迫性”“关键问题”“典型表现”“危险信号”及转诊随访建议，帮助读者建立系统的临床思维。书中有关美国医疗体系、转诊和保险收费的内容与我国实际存在差异。

所提供的检查章节重点介绍视功能评估，包括视力、色觉、视野、立体视觉、对比敏感度和高级皮层视觉功能。视力检查需分别评估远、近视力，并根据年龄、合作程度、屈光状态及神经系统情况选择方法；小孔试验、手动、指数、光感和无光感等记录方式有助于判断视力下降的性质。儿童视力检查需结合发育阶段，采用固视追随、视动性眼球震颤、优先注视、“E”表及HOTV等方法。色觉检查主要采用Ishihara色盘，获得性色觉异常，尤其是女性患者的色觉缺陷，应警惕视神经或视网膜疾病。对比敏感度可发现部分视力正常但视觉质量下降的患者。

节选还讨论了外伤性视神经病及视神经不同解剖部位的损伤特点。视神经撕裂、眶内段、骨管内段和颅内段损伤可导致不同程度的视力、色觉、视野和瞳孔异常，其中骨管内段最易受间接外伤影响。诊断需结合眼底、瞳孔、眼眶及神经系统检查，并以高分辨率CT评估骨折、异物和出血，必要时采用MRI观察软组织及视神经损伤。

最后部分介绍神经眼科医疗服务的保险编码和收费原则，包括辅助检查的医疗必要性、医生监督、报告记录、CPT编码、NCCI捆绑规则及“-57”等调节码，并通过传入系统疾病、眼眶疾病和传出系统疾病病例说明评估处理、检查及诊断编码的实际应用。",completed,5e7f859d-482a-42f2-8a0a-4025d14a0e29,"# Summary
《实用神经眼科学》是一部面向临床医师的神经眼科实用指南，强调神经眼科与眼科、神经内科、神经外科、耳鼻咽喉头颈外科、内分泌、心血管内科及神经影像学等多学科的交叉特点。译者序指出，我国神经眼科尚处于起步阶段，缺乏具有普及性和指导性的教材。本书采用提纲式结构，从症状、病史采集和专科检查入手，介绍神经眼科疾病及视野、电生理、神经影像等辅助检查，并通过“诊治紧迫性”“关键问题”“典型表现”“危险信号”及转诊随访建议，帮助读者建立系统的临床思维。书中有关美国医疗体系、转诊和保险收费的内容与我国实际存在差异。

所提供的检查章节重点介绍视功能评估，包括视力、色觉、视野、立体视觉、对比敏感度和高级皮层视觉功能。视力检查需分别评估远、近视力，并根据年龄、合作程度、屈光状态及神经系统情况选择方法；小孔试验、手动、指数、光感和无光感等记录方式有助于判断视力下降的性质。儿童视力检查需结合发育阶段，采用固视追随、视动性眼球震颤、优先注视、“E”表及HOTV等方法。色觉检查主要采用Ishihara色盘，获得性色觉异常，尤其是女性患者的色觉缺陷，应警惕视神经或视网膜疾病。对比敏感度可发现部分视力正常但视觉质量下降的患者。

节选还讨论了外伤性视神经病及视神经不同解剖部位的损伤特点。视神经撕裂、眶内段、骨管内段和颅内段损伤可导致不同程度的视力、色觉、视野和瞳孔异常，其中骨管内段最易受间接外伤影响。诊断需结合眼底、瞳孔、眼眶及神经系统检查，并以高分辨率CT评估骨折、异物和出血，必要时采用MRI观察软组织及视神经损伤。

最后部分介绍神经眼科医疗服务的保险编码和收费原则，包括辅助检查的医疗必要性、医生监督、报告记录、CPT编码、NCCI捆绑规则及“-57”等调节码，并通过传入系统疾病、眼眶疾病和传出系统疾病病例说明评估处理、检查及诊断编码的实际应用。",55d455b9-dd78-4087-bbee-9c3aa779cc27
06-眼底病与视网膜内科,f900fe21-9deb-47e0-bf36-ce06022cae92,10000,9b19ef7c-82ff-468f-9960-15ae9cc256be,视网膜脱离显微手术学-刘文 2007_weknora.mhtml,视网膜脱离显微手术学-刘文 2007_weknora.mhtml,"《视网膜脱离显微手术学》是一部系统介绍视网膜脱离及玻璃体视网膜疾病显微手术的眼科学专著，内容主要包括视网膜脱离外路显微手术和全玻璃体切除术两大理论与技术体系。作者提出的视网膜脱离外路显微手术，改变了传统依赖间接检眼镜或直接检眼镜的操作方式，将眼底观察、裂孔定位、冷凝封闭及相关手术步骤全部置于手术显微镜下完成，具有正像观察、视野清晰、操作精细、定位准确、易于学习推广等特点，被认为推动了视网膜脱离外路手术进入显微手术阶段。

全玻璃体切除术则主张将包括玻璃体基底部和睫状体平部在内的玻璃体尽可能完整切除，以减少巩膜穿刺孔玻璃体嵌顿、前段增生性玻璃体视网膜病变及术后视网膜脱离复发等问题。书中结合相关理论、临床经验和国内外进展，介绍其在多种玻璃体视网膜疾病中的应用及疗效。

全书共三十章，前部讲述眼球解剖、生理、生化、病理、玻璃体及视网膜脱离手术基础和术前准备；中部重点阐述外路显微手术的操作技术、适应证、并发症及处理；后部详细介绍全玻璃体切除术的基本方法和临床应用。书中还讨论了巨大视网膜裂孔的病因、易感因素、临床表现及其与增生性玻璃体视网膜病变的关系。作者采用由浅入深、图文结合的写法，并配有典型病例、丰富影像资料和同步手术录像DVD，旨在帮助初学者掌握技术，也为高年资眼科医师、医学生、研究生及教学科研人员提供临床参考。",completed,11b9caff-ae21-4e30-8128-c55e9aae33a1,"# Summary
《视网膜脱离显微手术学》是一部系统介绍视网膜脱离及玻璃体视网膜疾病显微手术的眼科学专著，内容主要包括视网膜脱离外路显微手术和全玻璃体切除术两大理论与技术体系。作者提出的视网膜脱离外路显微手术，改变了传统依赖间接检眼镜或直接检眼镜的操作方式，将眼底观察、裂孔定位、冷凝封闭及相关手术步骤全部置于手术显微镜下完成，具有正像观察、视野清晰、操作精细、定位准确、易于学习推广等特点，被认为推动了视网膜脱离外路手术进入显微手术阶段。

全玻璃体切除术则主张将包括玻璃体基底部和睫状体平部在内的玻璃体尽可能完整切除，以减少巩膜穿刺孔玻璃体嵌顿、前段增生性玻璃体视网膜病变及术后视网膜脱离复发等问题。书中结合相关理论、临床经验和国内外进展，介绍其在多种玻璃体视网膜疾病中的应用及疗效。

全书共三十章，前部讲述眼球解剖、生理、生化、病理、玻璃体及视网膜脱离手术基础和术前准备；中部重点阐述外路显微手术的操作技术、适应证、并发症及处理；后部详细介绍全玻璃体切除术的基本方法和临床应用。书中还讨论了巨大视网膜裂孔的病因、易感因素、临床表现及其与增生性玻璃体视网膜病变的关系。作者采用由浅入深、图文结合的写法，并配有典型病例、丰富影像资料和同步手术录像DVD，旨在帮助初学者掌握技术，也为高年资眼科医师、医学生、研究生及教学科研人员提供临床参考。",9b3f0f3e-c242-446c-92a5-ea4dd4c4f028
13-眼外伤与急症,06e9888f-5d59-49c9-9218-d078b456f01b,10000,08f8e4f9-ad13-43ae-a280-ce958a0eedf2,眼创伤学-张卯 2007_weknora.mhtml,眼创伤学-张卯 2007_weknora.mhtml,"《眼创伤学》由全军29位中青年眼科专家编写，旨在系统总结眼创伤及眼战伤的基础研究、临床诊断和现代治疗经验，兼顾平时与战时应用。全书分为四篇、26章，内容涵盖眼创伤相关基础医学、检查与分类、机械性和非机械性眼外伤、创伤并发症及特殊类型损伤，重点介绍核爆炸眼损伤、辐射伤、激光伤、军事毒剂和化学武器伤、应激性眼损伤等军队特色内容，同时吸收国内外近年来眼外伤救治的新观念和新技术。

书中强调眼创伤是年轻人致盲和低视力的重要原因，现代显微手术的发展使部分过去需要摘除的严重外伤眼能够保留眼球，甚至恢复一定视功能，对减少战斗减员和非战斗减员具有重要意义。基础部分从眼球、眼附属器及视路的解剖生理入手，详细说明角膜、巩膜、角膜缘、前房角、虹膜等结构及其与外伤发生、房水循环和视功能损害的关系。

临床治疗部分以角膜全层裂伤修补为例，介绍线形、成角、星形、斜行伤口以及不同程度角膜组织缺失的缝合原则和手术方法，强调水密性、组织对位、减少瘢痕及术后散光。对于伴虹膜脱出或玻璃体脱出的伤口，分别讨论虹膜还纳或切除的条件，以及通过显微剪或玻璃体切割清除嵌塞组织、避免继发牵拉和视网膜脱离的方法。

书中还涉及高加速度环境下的视觉障碍及其机制，指出视网膜缺血可导致周边视力下降、黑视甚至意识丧失，并介绍抗荷训练、抗荷装备、后倾座椅和自动恢复系统等防护措施。此外，内容阐述电离辐射的来源、航空航天辐射风险、战时飞行人员剂量标准，以及高功率激光可能造成的短时失能或永久性眼损伤及其防护问题。",completed,dfef3cb0-2236-4dff-9c89-ffa6a006ff20,"# Summary
《眼创伤学》由全军29位中青年眼科专家编写，旨在系统总结眼创伤及眼战伤的基础研究、临床诊断和现代治疗经验，兼顾平时与战时应用。全书分为四篇、26章，内容涵盖眼创伤相关基础医学、检查与分类、机械性和非机械性眼外伤、创伤并发症及特殊类型损伤，重点介绍核爆炸眼损伤、辐射伤、激光伤、军事毒剂和化学武器伤、应激性眼损伤等军队特色内容，同时吸收国内外近年来眼外伤救治的新观念和新技术。

书中强调眼创伤是年轻人致盲和低视力的重要原因，现代显微手术的发展使部分过去需要摘除的严重外伤眼能够保留眼球，甚至恢复一定视功能，对减少战斗减员和非战斗减员具有重要意义。基础部分从眼球、眼附属器及视路的解剖生理入手，详细说明角膜、巩膜、角膜缘、前房角、虹膜等结构及其与外伤发生、房水循环和视功能损害的关系。

临床治疗部分以角膜全层裂伤修补为例，介绍线形、成角、星形、斜行伤口以及不同程度角膜组织缺失的缝合原则和手术方法，强调水密性、组织对位、减少瘢痕及术后散光。对于伴虹膜脱出或玻璃体脱出的伤口，分别讨论虹膜还纳或切除的条件，以及通过显微剪或玻璃体切割清除嵌塞组织、避免继发牵拉和视网膜脱离的方法。

书中还涉及高加速度环境下的视觉障碍及其机制，指出视网膜缺血可导致周边视力下降、黑视甚至意识丧失，并介绍抗荷训练、抗荷装备、后倾座椅和自动恢复系统等防护措施。此外，内容阐述电离辐射的来源、航空航天辐射风险、战时飞行人员剂量标准，以及高功率激光可能造成的短时失能或永久性眼损伤及其防护问题。",a86df1cc-4da1-469c-9df8-6a091bfd9d9f
13-眼外伤与急症,06e9888f-5d59-49c9-9218-d078b456f01b,10000,afdf86b0-bdef-4c9c-bb48-1f6d47770ccb,眼外伤前房角改变及其治疗-韩梅 2007_weknora.mhtml,眼外伤前房角改变及其治疗-韩梅 2007_weknora.mhtml,"本书系统介绍眼外伤后前房角的解剖改变、临床表现、对眼压及视功能的影响，以及相应的治疗方法。前房角是房水排出的主要通道，也是青光眼的重要病变部位和眼外伤后容易受损的区域。由于其缺乏突出症状和典型体征，临床检查中常被忽视；作者强调，开放性或闭合性眼外伤均应重视前房角镜检查，以便早期发现病变、预防继发性青光眼和视功能丧失。

书中首先讲解正常前房角的解剖结构，包括Schwalbe线、Schlemm管、小梁网、巩膜突、睫状体和虹膜，并介绍Goldmann等前房角镜及裂隙灯显微镜的使用方法。静态检查用于观察前房角的真实结构，动态检查则有助于判断粘连性或接触性闭合、发现虹膜根部断离和睫状体分离等细小病变；低眼压患者检查时需避免不当加压，必要时结合超声生物显微镜。

本书重点归纳了作者长期临床实践中积累的150余例病例，分为17类典型前房角改变，并配有104幅真实摄影图片、特写图、示意图及部分组织病理学资料。内容涉及前房角后退、虹膜周边前粘连、虹膜根部断离、小梁网色素沉着、前房角异物、新生血管、肿瘤、硅油及复合性损伤等。书中阐述了眼挫伤导致前房角损伤的力学机制，重点讨论前房角后退的分型及睫状体分离、脱离与低眼压之间的关系。

治疗方面，针对不同病变及其对视功能、眼压的影响，介绍观察、药物治疗、前房冲洗、虹膜根部修复、睫状体固定缝合、滤过手术、玻璃体切除及硅油取出等方法，并强调复合性损伤应优先处理影响最大的病变。",completed,5e6fcc45-d8bc-4134-a670-9dc8aa65c609,"# Summary
本书系统介绍眼外伤后前房角的解剖改变、临床表现、对眼压及视功能的影响，以及相应的治疗方法。前房角是房水排出的主要通道，也是青光眼的重要病变部位和眼外伤后容易受损的区域。由于其缺乏突出症状和典型体征，临床检查中常被忽视；作者强调，开放性或闭合性眼外伤均应重视前房角镜检查，以便早期发现病变、预防继发性青光眼和视功能丧失。

书中首先讲解正常前房角的解剖结构，包括Schwalbe线、Schlemm管、小梁网、巩膜突、睫状体和虹膜，并介绍Goldmann等前房角镜及裂隙灯显微镜的使用方法。静态检查用于观察前房角的真实结构，动态检查则有助于判断粘连性或接触性闭合、发现虹膜根部断离和睫状体分离等细小病变；低眼压患者检查时需避免不当加压，必要时结合超声生物显微镜。

本书重点归纳了作者长期临床实践中积累的150余例病例，分为17类典型前房角改变，并配有104幅真实摄影图片、特写图、示意图及部分组织病理学资料。内容涉及前房角后退、虹膜周边前粘连、虹膜根部断离、小梁网色素沉着、前房角异物、新生血管、肿瘤、硅油及复合性损伤等。书中阐述了眼挫伤导致前房角损伤的力学机制，重点讨论前房角后退的分型及睫状体分离、脱离与低眼压之间的关系。

治疗方面，针对不同病变及其对视功能、眼压的影响，介绍观察、药物治疗、前房冲洗、虹膜根部修复、睫状体固定缝合、滤过手术、玻璃体切除及硅油取出等方法，并强调复合性损伤应优先处理影响最大的病变。",92e2860c-5191-4d27-a6bb-a269b86440ea
05-青光眼,8bf942e4-80dc-4a8a-87cf-486f897fe2bd,10000,07a882da-5ff7-4d54-8906-b409c87074d5,临床青光眼图谱-叶天才 2007 weknora.mhtml,临床青光眼图谱-叶天才 2007 weknora.mhtml,"《临床青光眼图谱》是一部以临床图片和解说为主要特色的青光眼专业著作，由叶天才、王宁利主编，2007年由人民卫生出版社出版。全书共21章，约100万字，配有1000余幅图片，内容涵盖临床基础、检查、青光眼分类与诊疗，以及药物、激光、手术、视神经保护和低视力保健，旨在为青光眼临床、研究和教学提供系统、实用、形象化的参考。

前言指出，本书是在国内缺乏大型青光眼临床图谱的背景下编写的，主要汇集叶天才教授从事青光眼临床和研究四十余年积累的病例图片与经验。编写工作由师生共同完成，强调了老一代眼科专家严谨细致、执着奉献的工作精神，同时也承认书中可能存在不足，并期待未来随着知识和技术发展不断修订完善。

第一章重点介绍眼部解剖及其与青光眼发生发展的关系，包括小梁网、Schlemm管、集合管和巩膜静脉丛构成的主要房水排出通道，以及葡萄膜巩膜途径。房水外流阻力主要与Schlemm管内壁和邻管组织有关；年龄增长可导致小梁细胞减少、基底膜和细胞外基质增厚、通路间隙缩小，从而增加外流阻力。睫状体睫状突通过双层上皮的主动转运和渗透过程生成房水。章节还介绍视网膜的分层结构、血供及视网膜色素上皮的屏障、营养和吞噬功能。

书中后续内容涉及青少年慢性关节炎相关葡萄膜炎及继发性青光眼、儿童期外伤性和新生血管性青光眼，并讨论炎症、外伤、视网膜血管疾病等导致眼压升高的机制和治疗原则。治疗包括抗炎、散瞳、抗青光眼药物、激光虹膜切除及必要时的手术。最后，低视力康复部分介绍棱镜、缩小和放大装置、滤光镜、遮盖法、阅读与书写辅助工具、照明以及注视、追踪和视觉记忆训练，强调应根据视野缺损和生活需求制定个体化康复方案，以提高患者的生活独立性和质量。",completed,aa512134-43ad-4b4c-9a81-81c5b9559ea9,"# Summary
《临床青光眼图谱》是一部以临床图片和解说为主要特色的青光眼专业著作，由叶天才、王宁利主编，2007年由人民卫生出版社出版。全书共21章，约100万字，配有1000余幅图片，内容涵盖临床基础、检查、青光眼分类与诊疗，以及药物、激光、手术、视神经保护和低视力保健，旨在为青光眼临床、研究和教学提供系统、实用、形象化的参考。

前言指出，本书是在国内缺乏大型青光眼临床图谱的背景下编写的，主要汇集叶天才教授从事青光眼临床和研究四十余年积累的病例图片与经验。编写工作由师生共同完成，强调了老一代眼科专家严谨细致、执着奉献的工作精神，同时也承认书中可能存在不足，并期待未来随着知识和技术发展不断修订完善。

第一章重点介绍眼部解剖及其与青光眼发生发展的关系，包括小梁网、Schlemm管、集合管和巩膜静脉丛构成的主要房水排出通道，以及葡萄膜巩膜途径。房水外流阻力主要与Schlemm管内壁和邻管组织有关；年龄增长可导致小梁细胞减少、基底膜和细胞外基质增厚、通路间隙缩小，从而增加外流阻力。睫状体睫状突通过双层上皮的主动转运和渗透过程生成房水。章节还介绍视网膜的分层结构、血供及视网膜色素上皮的屏障、营养和吞噬功能。

书中后续内容涉及青少年慢性关节炎相关葡萄膜炎及继发性青光眼、儿童期外伤性和新生血管性青光眼，并讨论炎症、外伤、视网膜血管疾病等导致眼压升高的机制和治疗原则。治疗包括抗炎、散瞳、抗青光眼药物、激光虹膜切除及必要时的手术。最后，低视力康复部分介绍棱镜、缩小和放大装置、滤光镜、遮盖法、阅读与书写辅助工具、照明以及注视、追踪和视觉记忆训练，强调应根据视野缺损和生活需求制定个体化康复方案，以提高患者的生活独立性和质量。",c5851a02-7915-49b5-a3a2-ba9597d7f5e8
02-角膜与眼表,f041b2b7-3147-4deb-a2f2-0de5cc53d296,10000,abb6cb95-2b76-44a7-9aea-b9f83d662b8e,角膜病图谱-谢立信 2011_weknora.mhtml,角膜病图谱-谢立信 2011_weknora.mhtml,"",completed,,,
01-眼科综合：基础与全身病,09c593aa-1a64-48de-af81-fc4d30d551b4,10000,a382d28a-9755-42de-af3d-23d1bfb4d0a5,Albert and Jakobiec s Principles and Practice of Ophthalmology-Albert and Jakobiec 2022 weknora.mhtml,Albert and Jakobiec s Principles and Practice of Ophthalmology-Albert and Jakobiec 2022 weknora.mhtml,"",failed,,,
16-检查：CT 与 MRI,c9231d63-fc70-4995-be25-876189e90f6d,10000,a54aef66-70c5-4e2e-80b1-4a0ba7e1e3ec,头颈部影像学（眼科卷）-鲜军舫 2013_weknora.mhtml,头颈部影像学（眼科卷）-鲜军舫 2013_weknora.mhtml,"",completed,,,
02-角膜与眼表,f041b2b7-3147-4deb-a2f2-0de5cc53d296,10000,00fb31e3-635b-40ca-9a01-048119245103,"Corneal Surgery- Theory, Technique and Tissue-Frederick S. Brightbill 2009_weknora.mhtml","Corneal Surgery- Theory, Technique and Tissue-Frederick S. Brightbill 2009_weknora.mhtml","",completed,,,
23-眼科手术与操作技术,0ae37310-b90c-4b5b-9249-14be041abd93,10000,d5c43c55-5d9a-4278-9e39-b5edd956e69d,眼科手术彩色图解-卞春及 2013_weknora.mhtml,眼科手术彩色图解-卞春及 2013_weknora.mhtml,"",completed,,,
11-整形与泪道,bdde98f8-4f6b-4b3f-89a4-3cee7f5133b4,10000,39fa1304-83cd-4a26-b725-b778d10b1a2e,眼整形外科学-范先群 2009_weknora.mhtml,眼整形外科学-范先群 2009_weknora.mhtml,"",completed,,,
01-眼科综合：基础与全身病,09c593aa-1a64-48de-af81-fc4d30d551b4,10000,934ce49c-6f77-43af-886e-6770570f4497,中华眼科学 第3版 中册-李凤鸣 2014_weknora.mhtml,中华眼科学 第3版 中册-李凤鸣 2014_weknora.mhtml,"",completed,,,
06-眼底病与视网膜内科,f900fe21-9deb-47e0-bf36-ce06022cae92,10000,4e05eb33-1427-4f1a-852b-7d1f933a1759,"Retinal Imaging-Venkatesh, Garg, Azad 2008_weknora.mhtml","Retinal Imaging-Venkatesh, Garg, Azad 2008_weknora.mhtml","",completed,,,
03-白内障：晶状体与人工晶体,a0f47c80-3a66-46c8-8315-43b41ce357ea,10000,ec251f36-48e4-4cb0-afa4-f3142ff314b0,Springer-Cataract Surgery in the Glaucoma Patient-Sandra Johnson 2009_weknora.mhtml,Springer-Cataract Surgery in the Glaucoma Patient-Sandra Johnson 2009_weknora.mhtml,"",completed,,,
01-眼科综合：基础与全身病,09c593aa-1a64-48de-af81-fc4d30d551b4,10000,f55ed88b-4845-4f56-8884-dd65412c1b99,眼科疑难问题解析-姜发纲 2011_weknora.mhtml,眼科疑难问题解析-姜发纲 2011_weknora.mhtml,"",completed,,,
06-眼底病与视网膜内科,f900fe21-9deb-47e0-bf36-ce06022cae92,10000,69cd9b39-49bc-44d0-94bf-3f7d64b4cf00,频域光学相干视网膜断层扫描仪-姜春晖 2011_weknora.mhtml,频域光学相干视网膜断层扫描仪-姜春晖 2011_weknora.mhtml,"",completed,,,
06-眼底病与视网膜内科,f900fe21-9deb-47e0-bf36-ce06022cae92,10000,2697a3d8-2235-46ed-95d7-a6c2d9be0536,图解眼底病-张卯年、黄厚斌 2013_weknora.mhtml,图解眼底病-张卯年、黄厚斌 2013_weknora.mhtml,"",completed,,,
02-角膜与眼表,f041b2b7-3147-4deb-a2f2-0de5cc53d296,10000,aa0b490c-78e5-43e5-a656-d9894feac334,Springer-Cornea and External Eye Disease-T Reinhard 2008_weknora.mhtml,Springer-Cornea and External Eye Disease-T Reinhard 2008_weknora.mhtml,"",completed,,,
05-青光眼,8bf942e4-80dc-4a8a-87cf-486f897fe2bd,10000,a74ee14a-ce12-4275-96fc-c6641ab4ace0,图解临床青光眼诊治-张秀兰 2014_weknora.mhtml,图解临床青光眼诊治-张秀兰 2014_weknora.mhtml,"",completed,,,
02-角膜与眼表,f041b2b7-3147-4deb-a2f2-0de5cc53d296,10000,4b669a71-347e-4fa0-901a-8ca5ae0a1b0b,角膜病图谱-张文华 2010_weknora.mhtml,角膜病图谱-张文华 2010_weknora.mhtml,"",completed,,,
04-屈光与视光：近视、接触镜与低视力,c73385b9-c154-4103-a93e-2d4c31f2423a,10000,5f5a13df-7b78-4d46-bebf-69f97462921b,眼内屈光手术学-王宁利 2012_weknora.mhtml,眼内屈光手术学-王宁利 2012_weknora.mhtml,"",completed,,,
