excel_row,excel_title,match_method,knowledge_base_name,knowledge_base_id,tenant_id,knowledge_id,title,file_name,summary_status,summary_chunk_id,parent_chunk_id,new_summary_chars,new_summary_utf8_bytes,new_summary_sha256,current_description,current_summary_chunk_content,new_summary
2,A Color Handbook Pediatric Clinical Ophthalmology-Scott E. Olitsky 2012,normalized_exact,10-小儿眼科：斜视与弱视等,d6a5115a-067a-4514-afbf-9fe81b4e64c0,10000,ef445b1f-1fed-4d68-a253-748915bd4887,A Color Handbook Pediatric Clinical Ophthalmology-Scott E. Olitsky 2012_weknora.mhtml,A Color Handbook Pediatric Clinical Ophthalmology-Scott E. Olitsky 2012_weknora.mhtml,completed,bbb70ecf-5cae-4cbb-9398-ae6f11701f14,70df7e28-adc0-4379-919e-5ce1ace14baa,254,730,4713a156e73d842abf9fe2f1d4124897b3285ce2243ae2d50474717ac1e9ec35,"《儿科临床眼科学》手册由 Scott E. Olitsky 和 Leonard B. Nelson 编写，旨在为儿科医生和初级保健医师提供临床导向的儿科眼科疾病诊疗指南。该书涵盖了从解剖结构到具体病理的广泛内容，强调了眼部疾病在识别全身性疾病及先天性畸形中的重要性。

手册的核心内容包括以下几个方面：

1.  **功能解剖学**：详细介绍了眼眶、眼睑、泪器及眼球的解剖结构。书中特别指出，眼眶骨骼在儿童期的发育依赖于眼球的存在，且眼眶壁的薄弱处在钝性外伤中具有减压作用。此外，还明确了眼睑结构（如睑板、提上睑肌）与常见病变（如上睑下垂、睑板腺囊肿）的关联，并区分了眶隔前蜂窝织炎与眶蜂窝织炎。
2.  **持续性胎儿血管系统（PFV）**：该病症可分为前部、后部及混合型。临床表现包括白瞳、晶状体混浊及视网膜脱离等。诊断依赖于眼底镜检查和超声检查，治疗主要通过手术（如晶状体切除术、玻璃体切除术）清除视轴上的纤维血管组织，以预防继发性青光眼并改善视力预后。
3.  **眼部创伤与急症**：讨论了眼眶异物及球后出血的紧急处理。对于球后出血，若出现视力下降或眼压升高，需及时进行外侧眦切开术和眦松解术，以防止永久性视力丧失。
4.  **虐待儿童的眼部表现**：强调了眼科医生在识别虐待儿童病例中的关键作用。摇晃综合征（Shaken Baby Syndrome）的典型眼部表现为多层视网膜出血及玻璃体出血，有时伴有创伤性视网膜劈裂。这些病变可能导致永久性视力损害，且预后往往受限于伴随的颅内损伤。

该手册通过对常见眼科疾病的系统梳理，旨在通过早期识别与干预，改善患儿的视力预后，并为临床医生提供实用的诊断与治疗参考。","# Summary
《儿科临床眼科学》手册由 Scott E. Olitsky 和 Leonard B. Nelson 编写，旨在为儿科医生和初级保健医师提供临床导向的儿科眼科疾病诊疗指南。该书涵盖了从解剖结构到具体病理的广泛内容，强调了眼部疾病在识别全身性疾病及先天性畸形中的重要性。

手册的核心内容包括以下几个方面：

1.  **功能解剖学**：详细介绍了眼眶、眼睑、泪器及眼球的解剖结构。书中特别指出，眼眶骨骼在儿童期的发育依赖于眼球的存在，且眼眶壁的薄弱处在钝性外伤中具有减压作用。此外，还明确了眼睑结构（如睑板、提上睑肌）与常见病变（如上睑下垂、睑板腺囊肿）的关联，并区分了眶隔前蜂窝织炎与眶蜂窝织炎。
2.  **持续性胎儿血管系统（PFV）**：该病症可分为前部、后部及混合型。临床表现包括白瞳、晶状体混浊及视网膜脱离等。诊断依赖于眼底镜检查和超声检查，治疗主要通过手术（如晶状体切除术、玻璃体切除术）清除视轴上的纤维血管组织，以预防继发性青光眼并改善视力预后。
3.  **眼部创伤与急症**：讨论了眼眶异物及球后出血的紧急处理。对于球后出血，若出现视力下降或眼压升高，需及时进行外侧眦切开术和眦松解术，以防止永久性视力丧失。
4.  **虐待儿童的眼部表现**：强调了眼科医生在识别虐待儿童病例中的关键作用。摇晃综合征（Shaken Baby Syndrome）的典型眼部表现为多层视网膜出血及玻璃体出血，有时伴有创伤性视网膜劈裂。这些病变可能导致永久性视力损害，且预后往往受限于伴随的颅内损伤。

该手册通过对常见眼科疾病的系统梳理，旨在通过早期识别与干预，改善患儿的视力预后，并为临床医生提供实用的诊断与治疗参考。",本书出版于2012年，是面向儿科医师、基层全科医生及眼科临床人员的儿童眼病实用彩色手册，强调婴幼儿和儿童常见眼病的体征识别、检查、诊断、治疗及早期预防。内容从儿童眼眶、眼睑、眼外肌、前后节功能解剖和婴幼儿眼科检查入手，涵盖红光反射、视力与立体视、遮盖试验、检眼镜、筛查、照片筛查、自动验光、视觉诱发电位等技术；重点讨论早产儿视网膜病变、弱视、斜视、结膜炎、角膜和晶状体异常、儿童青光眼、遗传性视网膜病、葡萄膜炎及视神经疾病，并涉及泪道阻塞、儿童眼部肿瘤、眼外伤、OCT、ERG、MRI、UBM及相关治疗手术。
3,"A Complete Surgical Guide for Correcting Astigmatism- An Ophthalmic Manifesto-Bonnie An Henderson, James P. Gills 2011",normalized_exact,04-屈光与视光：近视、接触镜与低视力,c73385b9-c154-4103-a93e-2d4c31f2423a,10000,f684f5ed-d4a6-4fe7-934f-b09bb3602003,"A Complete Surgical Guide for Correcting Astigmatism- An Ophthalmic Manifesto-Bonnie An Henderson, James P. Gills 2011_weknora.mhtml","A Complete Surgical Guide for Correcting Astigmatism- An Ophthalmic Manifesto-Bonnie An Henderson, James P. Gills 2011_weknora.mhtml",completed,a7483295-4a31-4de6-8acc-5f1453cfe657,29da1c90-05d2-4975-adc4-797686e2a33a,208,594,18b54c58f6c5bf5c3412ec4700824fe74d5113c4354114685348ffcd6590614b,"《散光矫正完整手术指南：眼科宣言》（第二版）由邦妮·安·亨德森（Bonnie An Henderson）和詹姆斯·P·吉尔斯（James P. Gills）编辑，是一部旨在提升眼科手术中散光矫正效果的专业临床参考书。该书汇集了全球多位眼科专家的经验，探讨了在白内障及屈光手术中实现精准视力矫正的系统性方法。

该书的核心内容涵盖了以下几个关键方面：

1.  **散光的成因与矫正重要性**：散光是一种常见的屈光不正，主要源于角膜或晶状体，导致光线无法聚焦于视网膜上的单一焦点。随着患者对术后裸眼视力期望值的提高，散光矫正已成为现代眼科手术中提升患者满意度的关键因素。
2.  **多样化的手术技术**：书中详细介绍了多种矫正散光的方法，包括调整白内障手术切口的大小与位置、实施角膜松解切口（CRI）或缘部松解切口（LRI）、植入散光矫正型人工晶状体（Toric IOL），以及应用准分子激光消融技术。针对严重的角膜散光，临床上常需联合使用多种手段。
3.  **手术精准度与定位**：书中强调了手术精准度的重要性，特别是切口位置的确定。由于患者在仰卧位时可能发生眼球旋转（cyclotorsion），建议在患者直立位时进行标记。此外，利用角膜曲率计确定陡峭轴线，并使用专门的测量工具（如Mendez环）进行精准定位，对于确保手术效果至关重要。
4.  **技术演进与临床应用**：该书回顾了从19世纪末至今的散光手术发展史，包括角膜楔形切除、散光角膜切开术（AK）以及现代微创技术。书中还探讨了如何通过切口深度控制和位置选择，在保证手术效果的同时实现切口的自闭合。

总体而言，该指南为现代前段眼科医生提供了处理散光的理论基础与实践指导，旨在通过不断优化的手术策略，改善患者的术后屈光效果。","# Summary
《散光矫正完整手术指南：眼科宣言》（第二版）由邦妮·安·亨德森（Bonnie An Henderson）和詹姆斯·P·吉尔斯（James P. Gills）编辑，是一部旨在提升眼科手术中散光矫正效果的专业临床参考书。该书汇集了全球多位眼科专家的经验，探讨了在白内障及屈光手术中实现精准视力矫正的系统性方法。

该书的核心内容涵盖了以下几个关键方面：

1.  **散光的成因与矫正重要性**：散光是一种常见的屈光不正，主要源于角膜或晶状体，导致光线无法聚焦于视网膜上的单一焦点。随着患者对术后裸眼视力期望值的提高，散光矫正已成为现代眼科手术中提升患者满意度的关键因素。
2.  **多样化的手术技术**：书中详细介绍了多种矫正散光的方法，包括调整白内障手术切口的大小与位置、实施角膜松解切口（CRI）或缘部松解切口（LRI）、植入散光矫正型人工晶状体（Toric IOL），以及应用准分子激光消融技术。针对严重的角膜散光，临床上常需联合使用多种手段。
3.  **手术精准度与定位**：书中强调了手术精准度的重要性，特别是切口位置的确定。由于患者在仰卧位时可能发生眼球旋转（cyclotorsion），建议在患者直立位时进行标记。此外，利用角膜曲率计确定陡峭轴线，并使用专门的测量工具（如Mendez环）进行精准定位，对于确保手术效果至关重要。
4.  **技术演进与临床应用**：该书回顾了从19世纪末至今的散光手术发展史，包括角膜楔形切除、散光角膜切开术（AK）以及现代微创技术。书中还探讨了如何通过切口深度控制和位置选择，在保证手术效果的同时实现切口的自闭合。

总体而言，该指南为现代前段眼科医生提供了处理散光的理论基础与实践指导，旨在通过不断优化的手术策略，改善患者的术后屈光效果。",本书出版于2011年，是面向眼前节、白内障及屈光手术医师的散光矫正专著，内容涵盖散光诊断、术前验光、角膜曲率与地形图、Scheimpflug成像及像差测量；随后讨论准分子激光、角膜切开、角膜缘松解切口、基质袋技术、白内障手术切口设计、术源性散光、散光型人工晶状体及既往屈光手术后的人工晶状体计算。后半部分聚焦高度及不规则散光、角膜移植术后散光、圆锥角膜和周边角膜变薄，强调适应证、轴向定位、旋转稳定性和复杂病例处理。
4,AAO-Clinical Optics-Scott E Brodie 2021,normalized_exact,04-屈光与视光：近视、接触镜与低视力,c73385b9-c154-4103-a93e-2d4c31f2423a,10000,1d4ca48a-e919-4968-82cd-ae186235564b,AAO-Clinical Optics-Scott E Brodie 2021_weknora.mhtml,AAO-Clinical Optics-Scott E Brodie 2021_weknora.mhtml,completed,9b207c4d-d207-44b7-b06b-19c9d3b8bab2,feabe7d6-fec3-4842-91af-92a6b0d130b9,193,569,080d2c4533f67d353052215d3c8acba494fbc56555bfae980cc42fee09803f5d,"该文档是美国眼科学会《基础与临床科学课程》（BCSC）第3节《临床光学》2020—2021版的教材节选，面向眼科住院医师和临床医生，旨在通过系统学习和测试提升眼科知识。教材同时包含继续医学教育（CME）说明、版权与免责声明、编委及审阅人员名单、财务关系披露，以及课程修订和教学组织信息。完成第3节课后测试并达到80%或以上，方可申请相应的CME学分。

节选的临床内容重点讨论调节、集合及屈光矫正之间的关系。AC/A比值可通过梯度法测量：在固定远距离目标下加入负球镜以刺激调节，或在近距离目标下加入正球镜以放松调节，并根据眼位变化计算比值。异常AC/A比值可能增加融合机制负担，引起视疲劳或显性斜视，因此在验配眼镜时需要予以考虑。

文中还比较了框架眼镜与接触镜对调节和集合的影响。由于顶点距不同，近距离物体在两种矫正方式下所需的调节量不同：近视患者改戴接触镜后通常需要更多调节，可能提前出现老视症状；远视患者则在框架眼镜下需要更多调节。集合方面，框架眼镜会产生与屈光状态相关的棱镜效应，近视时可减少集合需求，远视时则增加集合需求，这些效应可影响近距离内斜视的矫正。

后部题目解析涉及多项临床光学和视觉功能知识，包括扫描激光偏振计利用视网膜神经纤维层的双折射测量其厚度、直接检眼镜的放大率及屈光状态对视盘大小的影响、Charles Bonnet综合征的诊断特征、美国法定盲的视野标准、黄斑旁中心视野缺损对阅读大字体的影响、对比敏感度与空间频率的关系，以及高阅读附加度数导致工作距离缩短的计算方法。","# Summary
该文档是美国眼科学会《基础与临床科学课程》（BCSC）第3节《临床光学》2020—2021版的教材节选，面向眼科住院医师和临床医生，旨在通过系统学习和测试提升眼科知识。教材同时包含继续医学教育（CME）说明、版权与免责声明、编委及审阅人员名单、财务关系披露，以及课程修订和教学组织信息。完成第3节课后测试并达到80%或以上，方可申请相应的CME学分。

节选的临床内容重点讨论调节、集合及屈光矫正之间的关系。AC/A比值可通过梯度法测量：在固定远距离目标下加入负球镜以刺激调节，或在近距离目标下加入正球镜以放松调节，并根据眼位变化计算比值。异常AC/A比值可能增加融合机制负担，引起视疲劳或显性斜视，因此在验配眼镜时需要予以考虑。

文中还比较了框架眼镜与接触镜对调节和集合的影响。由于顶点距不同，近距离物体在两种矫正方式下所需的调节量不同：近视患者改戴接触镜后通常需要更多调节，可能提前出现老视症状；远视患者则在框架眼镜下需要更多调节。集合方面，框架眼镜会产生与屈光状态相关的棱镜效应，近视时可减少集合需求，远视时则增加集合需求，这些效应可影响近距离内斜视的矫正。

后部题目解析涉及多项临床光学和视觉功能知识，包括扫描激光偏振计利用视网膜神经纤维层的双折射测量其厚度、直接检眼镜的放大率及屈光状态对视盘大小的影响、Charles Bonnet综合征的诊断特征、美国法定盲的视野标准、黄斑旁中心视野缺损对阅读大字体的影响、对比敏感度与空间频率的关系，以及高阅读附加度数导致工作距离缩短的计算方法。",本书为美国眼科学会基础与临床科学课程第3节《临床光学》，2021年版，面向眼科住院医师、临床眼科医师及视光专业人员。内容从几何光学、物理光学、人眼光学、透镜、成像、模型眼和散光等基础展开，系统讲解近视、远视、老视、屈光参差及调节异常；随后介绍检影验光、主觉验光、柱镜轴与度数调整、球镜精调、双眼平衡和近距离验光，并涵盖框架眼镜、渐进镜、接触镜、巩膜镜、人工晶状体、屈光手术及低视力辅助。
5,AAO-External Disease and Cornea-Robert W Weisenthal 2021,normalized_exact,02-角膜与眼表,f041b2b7-3147-4deb-a2f2-0de5cc53d296,10000,c5bda7f7-1483-488e-9321-245165c9bbf5,AAO-External Disease and Cornea-Robert W Weisenthal 2021_weknora.mhtml,AAO-External Disease and Cornea-Robert W Weisenthal 2021_weknora.mhtml,completed,5f0fc41d-9273-46e1-8fe8-997efcf2b1ad,df9520d0-952f-45ec-8d67-bcdacd83d33e,152,440,d95ad3070eb2702fefca5de3a15ef1e674721dcbab20fbbdc503ae3b93cbdb69,"该文档是《基础与临床科学课程》第8部分“外眼疾病与角膜”的教学材料，旨在系统介绍外眼、眼表及角膜的基础结构、疾病表现和临床处理。课程强调将基础科学与临床实践结合，并通过正文、插图、参考文献、视频及自我评估题帮助眼科住院医师和临床医生掌握相关知识。

内容目标包括掌握外眼和角膜的解剖结构，了解角膜地形图、张力强度及内皮功能等检查方法，识别眼表疾病和系统性疾病相关的角膜表现，鉴别及处理角膜营养不良，并评估免疫相关和肿瘤性外眼疾病。课程还涉及角膜疾病、外伤、屈光问题、翼状胬肉、角膜融解以及全层和板层角膜移植等手术治疗。

在结构与功能方面，文档指出外眼包括眼睑、巩膜、结膜、角膜和角膜缘，并具有解剖及免疫防御机制。正常眼总屈光力为58.60屈光度，其中角膜贡献约74%。眼睑负责保护眼球、分布泪液、清洁眼表、调节入光量并参与泪膜形成；眨眼通过泪液泵将泪液铺展于角膜表面。泪液功能单位由泪腺、眼表、眼睑以及相关感觉和运动神经组成，共同调节泪膜的产生和健康。

文档还概述了多种病毒性眼病。腮腺炎可伴发泪腺炎及角膜、虹膜、睫状体和巩膜炎症；先天性风疹可导致小眼球、角膜混浊、白内障、虹膜发育不良和青光眼。急性出血性结膜炎具有高度传染性，以突发滤泡性结膜炎和结膜点状出血为特征。HIV感染可造成进行性免疫缺陷，并与带状疱疹、干眼、微孢子虫性角结膜炎及多种机会性感染相关。

后文强调眼化学伤必须立即大量冲洗，直至结膜囊pH恢复正常，并清除穹隆部残留颗粒。某些植物，如滴水观音属植物，可因草酸钙晶体引起角结膜炎。角膜移植还需关注供体年龄、感染性角膜炎及感染性晶状体样角膜病变；长期使用糖皮质激素、角膜感觉减退、泪膜异常和缝线暴露均会增加移植后感染及移植物失败风险。","# Summary
该文档是《基础与临床科学课程》第8部分“外眼疾病与角膜”的教学材料，旨在系统介绍外眼、眼表及角膜的基础结构、疾病表现和临床处理。课程强调将基础科学与临床实践结合，并通过正文、插图、参考文献、视频及自我评估题帮助眼科住院医师和临床医生掌握相关知识。

内容目标包括掌握外眼和角膜的解剖结构，了解角膜地形图、张力强度及内皮功能等检查方法，识别眼表疾病和系统性疾病相关的角膜表现，鉴别及处理角膜营养不良，并评估免疫相关和肿瘤性外眼疾病。课程还涉及角膜疾病、外伤、屈光问题、翼状胬肉、角膜融解以及全层和板层角膜移植等手术治疗。

在结构与功能方面，文档指出外眼包括眼睑、巩膜、结膜、角膜和角膜缘，并具有解剖及免疫防御机制。正常眼总屈光力为58.60屈光度，其中角膜贡献约74%。眼睑负责保护眼球、分布泪液、清洁眼表、调节入光量并参与泪膜形成；眨眼通过泪液泵将泪液铺展于角膜表面。泪液功能单位由泪腺、眼表、眼睑以及相关感觉和运动神经组成，共同调节泪膜的产生和健康。

文档还概述了多种病毒性眼病。腮腺炎可伴发泪腺炎及角膜、虹膜、睫状体和巩膜炎症；先天性风疹可导致小眼球、角膜混浊、白内障、虹膜发育不良和青光眼。急性出血性结膜炎具有高度传染性，以突发滤泡性结膜炎和结膜点状出血为特征。HIV感染可造成进行性免疫缺陷，并与带状疱疹、干眼、微孢子虫性角结膜炎及多种机会性感染相关。

后文强调眼化学伤必须立即大量冲洗，直至结膜囊pH恢复正常，并清除穹隆部残留颗粒。某些植物，如滴水观音属植物，可因草酸钙晶体引起角结膜炎。角膜移植还需关注供体年龄、感染性角膜炎及感染性晶状体样角膜病变；长期使用糖皮质激素、角膜感觉减退、泪膜异常和缝线暴露均会增加移植后感染及移植物失败风险。",本书为美国眼科学会基础与临床科学课程第8节，2021年版，聚焦眼外部疾病与角膜。内容从眼睑、泪液功能单位、泪膜、结膜、角膜及角膜缘的结构、生理和防御机制入手，介绍裂隙灯、生物显微镜、超声生物显微镜、前节OCT、角膜曲率等检查，并围绕干眼、眼表炎症、角膜感染、营养不良、圆锥角膜、化学伤和外伤建立诊疗框架。
6,AAO-Fundamentals and Principles of Ophthalmology-Vikram S Brar 2021,normalized_exact,01-眼科综合：基础与全身病,09c593aa-1a64-48de-af81-fc4d30d551b4,10000,01946a65-9bc2-4365-8be7-e576ce4f8f0a,AAO-Fundamentals and Principles of Ophthalmology-Vikram S Brar 2021_weknora.mhtml,AAO-Fundamentals and Principles of Ophthalmology-Vikram S Brar 2021_weknora.mhtml,completed,1433c448-ef99-49f0-97e3-d5539affe7fc,9f4efb43-e374-4458-8ef4-2e6b61ca2e94,155,455,9989d74105b907cee76bfff60e32e16c67a3de9f074f753a714b585195392e10,"该文档是《基础与临床科学课程》第2节《眼科学基础与原理》的导论及部分节选，旨在为眼科住院医师和临床医生提供涵盖基础科学与临床实践的综合性自学教材。课程每年更新，由多个眼科专业 faculty 和编辑团队共同编写、审阅，内容分为13个部分，并配有参考文献、视频、互动活动、自测题及继续医学教育（CME）和认证维护（MOC）相关要求。

本节的学习目标覆盖眼眶、眼球运动和神经血管解剖等基础知识，包括识别眼眶骨壁与孔道、颅神经及其走行、眼外肌起止点，以及眼眶和视神经的动静脉循环、颈内外动脉吻合和静脉回流等内容。文档还强调教材具有教育参考性质，不能替代医生的临床判断，药物和治疗建议应结合最新权威资料、产品说明书及患者具体情况进行核实。

节选部分进一步讨论房水的生物学组成和功能。房水中含有蛋白酶、蛋白酶抑制剂、纤溶酶系统成分、神经营养及神经内分泌蛋白和多种生长调节因子。这些成分可能参与蛋白质代谢、房水外流阻力、眼压调节、房水分泌、昼夜节律、组织修复以及眼内免疫特权；蛋白酶与抑制剂失衡可能改变房水组成并与青光眼等疾病相关。

文档末尾的自测解析涉及眼表和角膜生理：睑板腺及Zeis腺形成泪膜外层脂质层，泪腺及副泪腺形成黏液水液层；严重眼表疾病和LASIK术后泪液MMP-9可升高。角膜内皮为单层六角形细胞，细胞密度随年龄下降；低氧时乳酸积聚增加基质渗透负荷，导致角膜水肿。血房水屏障则限制血浆蛋白进入房水，主要由无色素睫状上皮紧密连接、虹膜血管及Schlemm管内壁组成。","# Summary
该文档是《基础与临床科学课程》第2节《眼科学基础与原理》的导论及部分节选，旨在为眼科住院医师和临床医生提供涵盖基础科学与临床实践的综合性自学教材。课程每年更新，由多个眼科专业 faculty 和编辑团队共同编写、审阅，内容分为13个部分，并配有参考文献、视频、互动活动、自测题及继续医学教育（CME）和认证维护（MOC）相关要求。

本节的学习目标覆盖眼眶、眼球运动和神经血管解剖等基础知识，包括识别眼眶骨壁与孔道、颅神经及其走行、眼外肌起止点，以及眼眶和视神经的动静脉循环、颈内外动脉吻合和静脉回流等内容。文档还强调教材具有教育参考性质，不能替代医生的临床判断，药物和治疗建议应结合最新权威资料、产品说明书及患者具体情况进行核实。

节选部分进一步讨论房水的生物学组成和功能。房水中含有蛋白酶、蛋白酶抑制剂、纤溶酶系统成分、神经营养及神经内分泌蛋白和多种生长调节因子。这些成分可能参与蛋白质代谢、房水外流阻力、眼压调节、房水分泌、昼夜节律、组织修复以及眼内免疫特权；蛋白酶与抑制剂失衡可能改变房水组成并与青光眼等疾病相关。

文档末尾的自测解析涉及眼表和角膜生理：睑板腺及Zeis腺形成泪膜外层脂质层，泪腺及副泪腺形成黏液水液层；严重眼表疾病和LASIK术后泪液MMP-9可升高。角膜内皮为单层六角形细胞，细胞密度随年龄下降；低氧时乳酸积聚增加基质渗透负荷，导致角膜水肿。血房水屏障则限制血浆蛋白进入房水，主要由无色素睫状上皮紧密连接、虹膜血管及Schlemm管内壁组成。",本书为美国眼科学会基础与临床科学课程第2部分，2021年版，面向眼科住院医师、执业医师及需要系统复习基础眼科学的学习者。全书以眼眶、眼附属器、眼睑、泪腺、泪道、眼球各组织及视觉通路解剖为基础，延伸至眼球发育、遗传、组织生理、药理和眼科影像，配合学习目标、重点提示和课后自测，构建从基础科学到临床应用的知识框架。
7,AAO-Glaucoma-Angelo P Tanna 2021,normalized_exact,05-青光眼,8bf942e4-80dc-4a8a-87cf-486f897fe2bd,10000,a693c355-dab6-406a-8651-61d6c100c37a,AAO-Glaucoma-Angelo P Tanna 2021_weknora.mhtml,AAO-Glaucoma-Angelo P Tanna 2021_weknora.mhtml,completed,95c0ac9a-6962-483c-87c6-70f464b19993,d36be7d6-54d4-4598-8c87-b6dc6b478ddf,208,604,3a4f0e8fb2928b103526e0884ef75ee0ba56871cde0dbf6817e5c5a0802642a5,"该文档介绍了美国眼科学会《基础与临床科学课程》（BCSC）2020—2021版及其第10卷《青光眼》的编排、学习目标和部分教学内容。BCSC面向眼科住院医师和临床医生，旨在将基础科学与临床实践相结合，并通过年度修订、参考文献、视频、多媒体资源及自测题帮助学习者更新专业知识。全课程共13卷，涵盖普通医学、眼科基础、视光学、神经眼科、儿童眼科、角膜、葡萄膜炎、青光眼、白内障、视网膜及屈光手术等主题。

第10卷的学习目标包括掌握青光眼的流行病学及社会经济影响、遗传因素、房水动力学和眼压调控，并能够完成青光眼患者的病史采集、眼部检查、房角镜检查、视神经评估和视野检查。读者还需识别青光眼疑似者，理解原发性开角型青光眼、正常眼压性青光眼、继发性开角型青光眼及各种闭角型疾病的临床表现、病因和治疗方法。

节选的专业内容重点讨论房角关闭机制。原发性房角关闭谱系中，瞳孔阻滞是最常见或主要的机制：房水在晶状体—虹膜界面流出受阻，使后房压力升高，周边虹膜前膨并贴近小梁网；这一阻滞在瞳孔中度散大时最明显，通常可通过周边虹膜切开或切除术解除。晶状体前凸程度、较大的晶状体前庭、较厚或体积较大的虹膜，以及较浅小的前房，均与房角狭窄和闭角风险相关。平台虹膜及虹膜因素所致的闭角则与周边虹膜增厚、异常附着或睫状突前移有关。

文末自测题还涉及ICE综合征、原发性闭角型青光眼在中国人群中的致盲影响、先天性青光眼的遗传和儿童眼部测量特点，以及儿童使用α₂选择性肾上腺素能激动剂的严重安全风险。","# Summary
该文档介绍了美国眼科学会《基础与临床科学课程》（BCSC）2020—2021版及其第10卷《青光眼》的编排、学习目标和部分教学内容。BCSC面向眼科住院医师和临床医生，旨在将基础科学与临床实践相结合，并通过年度修订、参考文献、视频、多媒体资源及自测题帮助学习者更新专业知识。全课程共13卷，涵盖普通医学、眼科基础、视光学、神经眼科、儿童眼科、角膜、葡萄膜炎、青光眼、白内障、视网膜及屈光手术等主题。

第10卷的学习目标包括掌握青光眼的流行病学及社会经济影响、遗传因素、房水动力学和眼压调控，并能够完成青光眼患者的病史采集、眼部检查、房角镜检查、视神经评估和视野检查。读者还需识别青光眼疑似者，理解原发性开角型青光眼、正常眼压性青光眼、继发性开角型青光眼及各种闭角型疾病的临床表现、病因和治疗方法。

节选的专业内容重点讨论房角关闭机制。原发性房角关闭谱系中，瞳孔阻滞是最常见或主要的机制：房水在晶状体—虹膜界面流出受阻，使后房压力升高，周边虹膜前膨并贴近小梁网；这一阻滞在瞳孔中度散大时最明显，通常可通过周边虹膜切开或切除术解除。晶状体前凸程度、较大的晶状体前庭、较厚或体积较大的虹膜，以及较浅小的前房，均与房角狭窄和闭角风险相关。平台虹膜及虹膜因素所致的闭角则与周边虹膜增厚、异常附着或睫状突前移有关。

文末自测题还涉及ICE综合征、原发性闭角型青光眼在中国人群中的致盲影响、先天性青光眼的遗传和儿童眼部测量特点，以及儿童使用α₂选择性肾上腺素能激动剂的严重安全风险。",本书为美国眼科学会基础与临床科学课程第10节《青光眼》，2021年版，面向眼科住院医师、青光眼专科医师及临床实践者。全书从青光眼流行病学、分类、遗传因素、房水动力学和眼压调控入手，介绍裂隙灯、房角镜、视神经与视野评估、OCT及其他影像检查；随后讨论原发性开角型、正常眼压性、闭角型、儿童及继发性青光眼。治疗涵盖降眼压药物、激光虹膜切开/成形、小梁成形、睫状体光凝、滤过手术、引流装置、白内障联合手术和微创青光眼手术。
8,AAO-Lens and Cataract-Linda M Tsai 2021,normalized_exact,03-白内障：晶状体与人工晶体,a0f47c80-3a66-46c8-8315-43b41ce357ea,10000,6415b8c1-077f-4be1-8327-8764728280b5,AAO-Lens and Cataract-Linda M Tsai 2021_weknora.mhtml,AAO-Lens and Cataract-Linda M Tsai 2021_weknora.mhtml,completed,275b4d9d-a05a-41eb-9ae3-e4ed52d8aad4,99f2fed9-8a19-44f2-ad87-caa94ea90467,433,1233,3e4928270764b40c4cbfdac97c9fc60bebc5e7fcc4e93bd77284eca4ec74fd5f,"该文档是《基础与临床科学课程（BCSC）》第11节“晶状体与白内障”的教育性内容，面向眼科住院医师和临床医师，旨在整合晶状体基础科学与白内障临床管理知识。课程包括晶状体的正常解剖、胚胎发育、生理和生化，先天性异常及各类先天性和获得性白内障，并讨论白内障与年龄、外伤、药物、全身疾病及眼部疾病的关系。

本节重点培养白内障及其他晶状体异常的评估和治疗能力，包括白内障手术原则、手术技术、相关器械与人工晶状体（IOL）的选择，以及术中和术后并发症的鉴别诊断与处理。内容还涉及特殊病例中需要调整手术方案的情况。BCSC每年修订，由多个专业领域的眼科医师、编辑、住院医师和欧洲眼科专家共同审阅，并配有参考文献、视频、多媒体资源、自测题及继续医学教育要求。

摘录部分特别介绍现代后房型IOL的特点。此类IOL通常可折叠并注射植入，由硅胶或丙烯酸材料制成，具有双凸非球面光学部、方形后缘，可为单片式或三片式。可折叠和可注射设计能够缩小切口、减少手术诱发的角膜散光及污染风险；非球面光学部有助于减少球差、改善对比敏感度。硅胶IOL可能吸附硅油，而亲水性丙烯酸IOL在接触空气或气体后可能发生光学部钙化，某些情况下需取出IOL。

现代白内障手术也日益重视屈光矫正。摘录指出，约40%的患者术前角膜散光达到1.00屈光度或以上；后角膜散光会影响整体散光方向。环曲面IOL每偏离理想轴位1°，有效散光矫正约降低3.3%，偏差超过30°可增加残余散光。此外，文末病例讨论涉及角膜移植后手术、悬韧带离断、纳米眼及青光眼合并白内障等特殊情形，强调粘弹剂、囊袋张力环、手术压力控制及联合或分期手术决策的重要性。","# Summary
该文档是《基础与临床科学课程（BCSC）》第11节“晶状体与白内障”的教育性内容，面向眼科住院医师和临床医师，旨在整合晶状体基础科学与白内障临床管理知识。课程包括晶状体的正常解剖、胚胎发育、生理和生化，先天性异常及各类先天性和获得性白内障，并讨论白内障与年龄、外伤、药物、全身疾病及眼部疾病的关系。

本节重点培养白内障及其他晶状体异常的评估和治疗能力，包括白内障手术原则、手术技术、相关器械与人工晶状体（IOL）的选择，以及术中和术后并发症的鉴别诊断与处理。内容还涉及特殊病例中需要调整手术方案的情况。BCSC每年修订，由多个专业领域的眼科医师、编辑、住院医师和欧洲眼科专家共同审阅，并配有参考文献、视频、多媒体资源、自测题及继续医学教育要求。

摘录部分特别介绍现代后房型IOL的特点。此类IOL通常可折叠并注射植入，由硅胶或丙烯酸材料制成，具有双凸非球面光学部、方形后缘，可为单片式或三片式。可折叠和可注射设计能够缩小切口、减少手术诱发的角膜散光及污染风险；非球面光学部有助于减少球差、改善对比敏感度。硅胶IOL可能吸附硅油，而亲水性丙烯酸IOL在接触空气或气体后可能发生光学部钙化，某些情况下需取出IOL。

现代白内障手术也日益重视屈光矫正。摘录指出，约40%的患者术前角膜散光达到1.00屈光度或以上；后角膜散光会影响整体散光方向。环曲面IOL每偏离理想轴位1°，有效散光矫正约降低3.3%，偏差超过30°可增加残余散光。此外，文末病例讨论涉及角膜移植后手术、悬韧带离断、纳米眼及青光眼合并白内障等特殊情形，强调粘弹剂、囊袋张力环、手术压力控制及联合或分期手术决策的重要性。",美国眼科学会基础与临床科学课程第11卷，2020—2021版，面向眼科住院医师、专科医师及临床实践者，系统整合晶状体基础科学与白内障诊疗。内容涵盖白内障流行病学、危险因素和手术结局；晶状体解剖、胚胎发育、先天异常、生化代谢、氧化损伤、调节与老视；年龄相关、药物性、外伤性、代谢性及炎症相关白内障，并讨论假性剥脱综合征、晶状体源性青光眼和晶状体异位。临床部分包括视力、屈光、眩光和对比敏感度检查，裂隙灯、眼底镜、潜在视力、视野、角膜内皮及黄斑功能评估。手术内容涉及术前眼轴与角膜曲率测量、人工晶状体（IOL）计算、麻醉、抗菌药物、黏弹剂和手术核查；重点讲解超声乳化、连续环形撕囊、水分离、核劈裂、IOL植入、飞秒激光辅助白内障手术，以及多焦点、散光矫正、调节型和EDOF IOL。还系统处理术中并发症、术后角膜水肿、眼压升高、IOL移位、后囊膜混浊、Nd:YAG激光后囊膜切开、眼内炎、黄斑水肿、视网膜脱离，以及小瞳孔、高度近视、青光眼、葡萄膜炎和角膜移植等特殊情境。
9,AAO-Neuro Ophthalmology-M Tariq Bhatti 2021,normalized_exact,09-神经眼科,be1e44f1-985d-4445-b6a3-e60a0f43f85e,10000,2b0906c2-05ed-4656-a58e-e42f1800be7f,AAO-Neuro Ophthalmology-M Tariq Bhatti 2021_weknora.mhtml,AAO-Neuro Ophthalmology-M Tariq Bhatti 2021_weknora.mhtml,completed,02309c03-2a8c-472e-968e-41b9378878ba,602d2241-1bc9-49ff-8ba0-4b5fdb656e6b,436,1129,b5963d228a5e9be73041f57024c2fde7b0b04bb84d1a83b1a1b09ed681c5472c,"该文档是《基础与临床科学课程》第5卷《神经眼科学》的介绍及部分章节节选，旨在为眼科住院医师和临床医生提供兼顾基础科学与临床实践的神经眼科自学教材。BCSC每年更新，由多领域眼科专家编写和审阅，共分为13个专业卷。本卷配有视频、多媒体资源、学习目标和自测题，并获准作为美国继续医学教育及认证维护第二部分自我评估活动。

本卷的学习重点包括：根据患者症状建立神经眼科鉴别诊断；选择适当且具有成本效益的检查和影像学方法；利用颅底、眼眶、脑、血管及颅神经的解剖结构进行病变定位；理解眼球运动、瞳孔和眼睑异常；评估复视及中枢性眼球运动障碍；识别全身疾病对视觉传入和传出通路的影响，以及神经眼科疾病可能引起的神经系统和全身后果。

内容组织强调“以症状为导向”的临床评估，重视基础及扩展眼科检查和辅助检查的合理应用。新版调整了眼球运动相关章节的顺序，并将相关章节标题修改为“异常眼球运动或复视患者”，以体现异常眼球运动与复视并非完全等同，同时帮助读者先掌握眼球运动基础，再学习上核性运动障碍和眼震。

解剖部分强调解剖学是理解神经眼科疾病和开展临床实践的基础，概述视觉传入、传出通路，以及面部感觉、运动和眼部自主神经系统。节选病例内容还涉及第三、第四颅神经麻痹及异常再生：第三神经异常再生可导致眼睑回缩、瞳孔改变等联带运动，常见于创伤、动脉瘤或肿瘤压迫；若无既往麻痹史而出现异常再生，应警惕鞍旁或海绵窦占位。第四神经麻痹通常在对侧注视、同侧头倾和下视时复视加重。自测题部分进一步涉及重症肌无力、脱髓鞘疾病、视神经炎、颈动脉夹层及遗传性神经皮肤综合征等主题。","# Summary
该文档是《基础与临床科学课程》第5卷《神经眼科学》的介绍及部分章节节选，旨在为眼科住院医师和临床医生提供兼顾基础科学与临床实践的神经眼科自学教材。BCSC每年更新，由多领域眼科专家编写和审阅，共分为13个专业卷。本卷配有视频、多媒体资源、学习目标和自测题，并获准作为美国继续医学教育及认证维护第二部分自我评估活动。

本卷的学习重点包括：根据患者症状建立神经眼科鉴别诊断；选择适当且具有成本效益的检查和影像学方法；利用颅底、眼眶、脑、血管及颅神经的解剖结构进行病变定位；理解眼球运动、瞳孔和眼睑异常；评估复视及中枢性眼球运动障碍；识别全身疾病对视觉传入和传出通路的影响，以及神经眼科疾病可能引起的神经系统和全身后果。

内容组织强调“以症状为导向”的临床评估，重视基础及扩展眼科检查和辅助检查的合理应用。新版调整了眼球运动相关章节的顺序，并将相关章节标题修改为“异常眼球运动或复视患者”，以体现异常眼球运动与复视并非完全等同，同时帮助读者先掌握眼球运动基础，再学习上核性运动障碍和眼震。

解剖部分强调解剖学是理解神经眼科疾病和开展临床实践的基础，概述视觉传入、传出通路，以及面部感觉、运动和眼部自主神经系统。节选病例内容还涉及第三、第四颅神经麻痹及异常再生：第三神经异常再生可导致眼睑回缩、瞳孔改变等联带运动，常见于创伤、动脉瘤或肿瘤压迫；若无既往麻痹史而出现异常再生，应警惕鞍旁或海绵窦占位。第四神经麻痹通常在对侧注视、同侧头倾和下视时复视加重。自测题部分进一步涉及重症肌无力、脱髓鞘疾病、视神经炎、颈动脉夹层及遗传性神经皮肤综合征等主题。",本书出版于2021年，是Savino、Danesh-Meyer主编的《Wills眼科医院临床眼科图谱与精要》之神经眼科卷，中文译本出版于2005年（英文原版2003年）。定位为眼科住院医师、普通眼科医师及临床医生的便携式图谱与速查参考书，以典型图片结合简明文字，讲解常见神经眼科问题。全书涵盖视觉传入系统检查、视野评估、眼科相关MRI及视网膜动脉阻塞；重点讨论视神经炎、Leber遗传性视神经病变、缺血性、炎症性、中毒性、放射性及糖尿病性视神经病变，视乳头水肿、视神经肿瘤、先天性视盘异常和外伤性视神经病变；并延伸至视交叉以上视路疾病、III/IV/VI脑神经麻痹、核间性眼肌麻痹、重症肌无力、Guillain-Barré综合征、眼球震颤、瞳孔异常及甲状腺相关眼眶病、特发性眼眶炎症和海绵窦瘘。涉及Snellen视力、针孔、色觉、RAPD、Amsler方格、对比敏感度、眼底检查、视野、MRI/MRA及视觉诱发电位，并介绍糖皮质激素、干扰素等治疗及颈动脉内膜切除术等处理。
10,AAO-Oculofacial Plastic and Orbital Surgery-Bobby S Korn 2021,normalized_exact,11-整形与泪道,bdde98f8-4f6b-4b3f-89a4-3cee7f5133b4,10000,e76358c4-531d-4e6f-aa97-4616fcbe7a17,AAO-Oculofacial Plastic and Orbital Surgery-Bobby S Korn 2021_weknora.mhtml,AAO-Oculofacial Plastic and Orbital Surgery-Bobby S Korn 2021_weknora.mhtml,completed,650f2cb3-ff11-4d28-a72e-ab2b3bda9751,c9335169-e7a2-4528-b6f0-728890814325,375,1071,da8c19ed10f19e24f8952fb452f5c9b5ba9dc4a2d8ebb38a5a2b0eadffc2dac6,"该文档介绍《基础与临床科学课程》（BCSC）第7卷《眼面整形与眶手术》的编排、学习目标及部分核心解剖内容。BCSC由多个专业组共同编写并定期修订，旨在整合眼科学基础知识与临床实践，为住院医师和临床医生提供自学和继续医学教育资源。全课程包括13个分册，涵盖普通医学、眼科基础、神经眼科、眼整形与眶手术、角膜、葡萄膜炎、青光眼、晶状体、视网膜及屈光手术等内容。本卷还配有视频、互动活动、自测题及CME学分项目，但作者强调其属于重点概览，不能替代全面的专业资料和实践指南。

第7卷在修订中更名为“眼面整形与眶手术”，反映了该亚专科的发展。新版强化了实用解剖学，更新了临床照片和示意图，并增加了眼面部解剖、面部动脉危险区、临床检查要点及手术技术等数字化学习内容。学习目标包括掌握眼眶及眼面组织的正常解剖和功能，识别先天性、感染性、炎症性、创伤性、肿瘤性及退行性病变，选择合适的检查、影像学和辅助检查，制定鉴别诊断与治疗方案，并掌握眼眶间隔综合征、眼球摘除相关手术及术后并发症的处理原则。

文档还强调眼眶解剖是诊断和治疗眶病的基础。眼眶由7块骨构成，呈向后收窄的四棱锥形，包含眼球、眼外肌、神经、脂肪和血管；视神经管及眶上、下裂承担重要神经血管结构的通行。眼眶血供主要来自眼动脉，并与外颈动脉分支形成吻合，邻近的副鼻窦则可参与多种眶部疾病。眼睑解剖部分涉及眼轮匝肌、眶隔、上下睑脂肪垫、提肌及上下睑退缩肌，并指出眶隔变薄、眼轮匝肌松弛可导致眶脂肪前突。文末强调了眼睑手术中的关键结构和危险区域，包括外侧眉及外眦附近可能导致眉下垂的区域、上睑周边动脉弓与提肌腱膜裂开之间的关系，以及下睑缩肌、下斜肌和下直肌之间的解剖联系。","# Summary
该文档介绍《基础与临床科学课程》（BCSC）第7卷《眼面整形与眶手术》的编排、学习目标及部分核心解剖内容。BCSC由多个专业组共同编写并定期修订，旨在整合眼科学基础知识与临床实践，为住院医师和临床医生提供自学和继续医学教育资源。全课程包括13个分册，涵盖普通医学、眼科基础、神经眼科、眼整形与眶手术、角膜、葡萄膜炎、青光眼、晶状体、视网膜及屈光手术等内容。本卷还配有视频、互动活动、自测题及CME学分项目，但作者强调其属于重点概览，不能替代全面的专业资料和实践指南。

第7卷在修订中更名为“眼面整形与眶手术”，反映了该亚专科的发展。新版强化了实用解剖学，更新了临床照片和示意图，并增加了眼面部解剖、面部动脉危险区、临床检查要点及手术技术等数字化学习内容。学习目标包括掌握眼眶及眼面组织的正常解剖和功能，识别先天性、感染性、炎症性、创伤性、肿瘤性及退行性病变，选择合适的检查、影像学和辅助检查，制定鉴别诊断与治疗方案，并掌握眼眶间隔综合征、眼球摘除相关手术及术后并发症的处理原则。

文档还强调眼眶解剖是诊断和治疗眶病的基础。眼眶由7块骨构成，呈向后收窄的四棱锥形，包含眼球、眼外肌、神经、脂肪和血管；视神经管及眶上、下裂承担重要神经血管结构的通行。眼眶血供主要来自眼动脉，并与外颈动脉分支形成吻合，邻近的副鼻窦则可参与多种眶部疾病。眼睑解剖部分涉及眼轮匝肌、眶隔、上下睑脂肪垫、提肌及上下睑退缩肌，并指出眶隔变薄、眼轮匝肌松弛可导致眶脂肪前突。文末强调了眼睑手术中的关键结构和危险区域，包括外侧眉及外眦附近可能导致眉下垂的区域、上睑周边动脉弓与提肌腱膜裂开之间的关系，以及下睑缩肌、下斜肌和下直肌之间的解剖联系。",本书出版于2021年。美国眼科学会基础与临床科学课程第7卷，面向眼科住院医师、眼整形与眼眶专科医师及临床眼科医生，定位为眼眶、眼睑、面部及泪道疾病的重点速查与临床学习教材。全书涵盖眼眶解剖与评估、先天性异常、感染及炎症、血管畸形和肿瘤、眼眶创伤与手术、无眼球眼窝；并延伸至面部和眼睑解剖、眼睑肿瘤、眼睑重建、眼睑 malposition、上睑下垂、面瘫、眼睑成形及面部年轻化；最后系统介绍泪液分泌与引流系统的解剖、生理、先天性及获得性阻塞、泪道感染和肿瘤。重点涉及甲状腺眼病、眼眶蜂窝织炎、IgG4相关病、淋巴瘤、横纹肌肉瘤、泪腺肿瘤、动静脉瘘、眼眶骨折、眶隔综合征等。强调病史和体格检查、突眼度测量、CT、MRI、超声、血管造影、实验室及病理检查，并讨论眼眶切开术、减压术、眼球摘除/剜除、眼窝植入、眼眶内容物剜除及泪道手术等治疗技术与术后并发症。
11,AAO-Ophthalmic Pathology and Intraocular Tumors-Nasreen A Syed 2021,normalized_exact,12-眼眶与眼肿瘤,e785de98-5837-4eea-89a8-6a46cacb5173,10000,4bb1083d-2953-4b4b-9c33-94212c9ef1bc,AAO-Ophthalmic Pathology and Intraocular Tumors-Nasreen A Syed 2021_weknora.mhtml,AAO-Ophthalmic Pathology and Intraocular Tumors-Nasreen A Syed 2021_weknora.mhtml,completed,07cc5ee1-5e47-4a9a-adac-56cead277548,a7b1a991-0e45-406d-ab4c-d0842bcf132b,407,1205,5bd72d8c636afbdb7bc28ef6f6caa16dfe0a07619a2ef1c9db5ad2ec257ca9b2,"《眼科病理学与眼内肿瘤》（2020-2021版）是美国眼科学会（AAO）基础与临床科学课程（BCSC）系列教材的第4卷。该书旨在为眼科住院医师及从业者提供全面的眼科病理学知识体系，并强调基础科学与临床实践的整合。

本书的核心内容涵盖以下几个方面：

1.  **学科框架与方法论**：眼科病理学作为眼科学的一个重要亚专科，其研究范畴包括发育异常、炎症、变性与营养不良以及肿瘤。教材建立了一套结构化的分析框架，通过地形学（Topography）、疾病过程（Disease process）和鉴别诊断（Differential diagnosis）三个维度来系统化地理解眼部疾病。
2.  **病理诊断技术与流程**：书中详细介绍了眼部标本的处理流程，包括获取、解剖、制片与染色。同时，强调了特殊诊断技术在病理学中的应用，如免疫组织化学、流式细胞术、分子遗传学检测及电子显微镜检查，并指出眼科医生与病理学家之间的有效沟通对提升患者护理质量至关重要。
3.  **眼内肿瘤的病理与临床特征**：教材深入探讨了视网膜母细胞瘤（Retinoblastoma）的组织学特征（如Flexner-Wintersteiner玫瑰花结、Fleurettes结构及MYCN扩增带来的恶性特征）及其预后因素，如视神经受累、脉络膜大规模浸润及眼外蔓延。此外，书中还讨论了葡萄膜黑色素瘤的临床表现、转移规律（以肝脏为主）以及白血病等系统性疾病在眼部的表现。
4.  **教育资源与辅助工具**：该版本教材整合了多媒体资源，包括与临床病理相关的教学视频和互动练习，旨在通过视觉化手段辅助学习。教材还为读者提供了自我评估工具，并支持作为维护认证（MOC）的继续医学教育（CME）活动。

总结而言，本书不仅提供了眼部疾病的病理学基础知识，还通过临床与病理的紧密结合，指导医生如何进行准确的诊断、评估预后并制定合理的治疗方案，是眼科临床实践的重要参考资源。","# Summary
《眼科病理学与眼内肿瘤》（2020-2021版）是美国眼科学会（AAO）基础与临床科学课程（BCSC）系列教材的第4卷。该书旨在为眼科住院医师及从业者提供全面的眼科病理学知识体系，并强调基础科学与临床实践的整合。

本书的核心内容涵盖以下几个方面：

1.  **学科框架与方法论**：眼科病理学作为眼科学的一个重要亚专科，其研究范畴包括发育异常、炎症、变性与营养不良以及肿瘤。教材建立了一套结构化的分析框架，通过地形学（Topography）、疾病过程（Disease process）和鉴别诊断（Differential diagnosis）三个维度来系统化地理解眼部疾病。
2.  **病理诊断技术与流程**：书中详细介绍了眼部标本的处理流程，包括获取、解剖、制片与染色。同时，强调了特殊诊断技术在病理学中的应用，如免疫组织化学、流式细胞术、分子遗传学检测及电子显微镜检查，并指出眼科医生与病理学家之间的有效沟通对提升患者护理质量至关重要。
3.  **眼内肿瘤的病理与临床特征**：教材深入探讨了视网膜母细胞瘤（Retinoblastoma）的组织学特征（如Flexner-Wintersteiner玫瑰花结、Fleurettes结构及MYCN扩增带来的恶性特征）及其预后因素，如视神经受累、脉络膜大规模浸润及眼外蔓延。此外，书中还讨论了葡萄膜黑色素瘤的临床表现、转移规律（以肝脏为主）以及白血病等系统性疾病在眼部的表现。
4.  **教育资源与辅助工具**：该版本教材整合了多媒体资源，包括与临床病理相关的教学视频和互动练习，旨在通过视觉化手段辅助学习。教材还为读者提供了自我评估工具，并支持作为维护认证（MOC）的继续医学教育（CME）活动。

总结而言，本书不仅提供了眼部疾病的病理学基础知识，还通过临床与病理的紧密结合，指导医生如何进行准确的诊断、评估预后并制定合理的治疗方案，是眼科临床实践的重要参考资源。",本书出版于2021年。美国眼科学会《基础与临床科学课程》眼科病理与眼内肿瘤专册，面向眼科住院医师、专科医师、眼病理及眼肿瘤相关临床人员，用于系统学习病理诊断和肿瘤临床管理。全书分为眼科病理和眼内肿瘤临床两部分：前者介绍病理组织学框架、标本沟通与取向、固定、肉眼检查、石蜡切片和染色，以及免疫组化、流式细胞术、分子病理、电子显微镜、细针穿刺和冷冻切片；随后按结膜、角膜、前房与小梁网、巩膜、晶状体、玻璃体、视网膜/RPE、葡萄膜、眼睑、眼眶泪道和视神经，概述发育异常、炎症、退行性病变、感染、营养不良及新生物。重点疾病包括角膜炎、圆锥角膜、白内障、眼内淋巴瘤、年龄相关性黄斑变性、葡萄膜黑色素瘤、视网膜母细胞瘤、血管瘤、眼睑及泪腺肿瘤。临床肿瘤部分进一步涵盖眼底检查、超声及辅助影像、鉴别诊断、分期、细针穿刺活检、遗传咨询、预后评估，以及眼球摘除、化疗、激光光凝、冷冻治疗、敷贴放疗、玻璃体腔化疗和外照射等治疗技术。
12,AAO-Pediatric Ophthalmology and Strabismus-Robert W Hered 2021,normalized_exact,10-小儿眼科：斜视与弱视等,d6a5115a-067a-4514-afbf-9fe81b4e64c0,10000,bdc2bf89-941d-442f-96c9-b94723b2e378,AAO-Pediatric Ophthalmology and Strabismus-Robert W Hered 2021_weknora.mhtml,AAO-Pediatric Ophthalmology and Strabismus-Robert W Hered 2021_weknora.mhtml,completed,68e30a27-0f51-4ee5-87d7-b263c05e8c34,fb4a4c36-ee14-4f09-83e6-655be225a8a6,342,945,9b451e9328ba719abd73848377e1537771fe1dd56b18d3dbe4bafe263c11390a,"本节介绍《儿科眼科学与斜视》课程的目标、内容及部分重点。BCSC旨在为眼科住院医师和临床医生提供结合基础科学与临床实践的系统教材，并通过插图、视频、互动活动和自测题支持学习及继续医学教育。学习目标涵盖儿童眼科检查、弱视、斜视、眼球震颤、儿童视力下降、眼部感染、泪道异常、先天性青光眼与白内障、葡萄膜炎、玻璃体视网膜和视神经疾病、眼外伤以及眼部肿瘤和斑痣病等。

儿童眼科检查强调营造舒适环境、根据年龄和发育水平调整检查方式，并结合病史、出生情况、发育里程碑、家族史和患儿进入诊室后的视觉行为进行综合评估。检查者应与儿童保持平视，灵活使用玩具、图片和视频等注视目标，以获得更多信息并减少恐惧和挫折。

节选还讨论了颅缝早闭相关综合征，包括Apert、Pfeiffer及Saethre-Chotzen综合征，以及其眼部并发症，如眼球突出、暴露性角膜炎、眼球脱位和斜视。最后的自测解析涉及视网膜母细胞瘤的RB1突变、视神经发育不良、牵牛花综合征、儿童自发性前房积血、虐待性头部创伤导致的视网膜出血，以及眼白化病相关的虹膜透照、黄斑发育不良和视交叉纤维异常。","# Summary
本节介绍《儿科眼科学与斜视》课程的目标、内容及部分重点。BCSC旨在为眼科住院医师和临床医生提供结合基础科学与临床实践的系统教材，并通过插图、视频、互动活动和自测题支持学习及继续医学教育。学习目标涵盖儿童眼科检查、弱视、斜视、眼球震颤、儿童视力下降、眼部感染、泪道异常、先天性青光眼与白内障、葡萄膜炎、玻璃体视网膜和视神经疾病、眼外伤以及眼部肿瘤和斑痣病等。

儿童眼科检查强调营造舒适环境、根据年龄和发育水平调整检查方式，并结合病史、出生情况、发育里程碑、家族史和患儿进入诊室后的视觉行为进行综合评估。检查者应与儿童保持平视，灵活使用玩具、图片和视频等注视目标，以获得更多信息并减少恐惧和挫折。

节选还讨论了颅缝早闭相关综合征，包括Apert、Pfeiffer及Saethre-Chotzen综合征，以及其眼部并发症，如眼球突出、暴露性角膜炎、眼球脱位和斜视。最后的自测解析涉及视网膜母细胞瘤的RB1突变、视神经发育不良、牵牛花综合征、儿童自发性前房积血、虐待性头部创伤导致的视网膜出血，以及眼白化病相关的虹膜透照、黄斑发育不良和视交叉纤维异常。",本书出版于2021年。美国眼科学会基础与临床科学课程儿科眼科与斜视分册，2020年版，面向眼科医师、住院医师及从事儿童眼病诊疗者。全书涵盖儿童眼科检查与视力发育，斜视术语、眼外肌解剖、共同性与非共同性斜视、内外斜视、A/V型及垂直偏斜，特殊眼球运动障碍、儿童眼震和眼外肌手术；并系统介绍儿童眼睑、眼眶、泪道、结膜、角膜、虹膜、青光眼、白内障、葡萄膜炎、视网膜与玻璃体、视盘异常、眼外伤及全身病相关眼部表现。重点涉及弱视、屈光检查、红光反射与Brückner试验、动态检影、睫状肌麻痹验光、眼压、眼底检查、视野、Teller视力卡、VEP、遮盖试验、Worth四点、Bagolini镜、立体视和棱镜适应试验，以及斜视手术、可调节缝线、肌肉移位、后固定、肉毒毒素和儿童白内障、青光眼治疗。
13,AAO-Refractive Surgery-M Bowes Hamill 2021,normalized_exact,04-屈光与视光：近视、接触镜与低视力,c73385b9-c154-4103-a93e-2d4c31f2423a,10000,ea3e4692-6aa3-406e-9767-f14ee795799e,AAO-Refractive Surgery-M Bowes Hamill 2021_weknora.mhtml,AAO-Refractive Surgery-M Bowes Hamill 2021_weknora.mhtml,completed,995e654c-d3a2-4f1a-af32-20e1f48769da,b3df20a6-3c21-489b-8680-4b8ad94eb2e0,398,1122,a217f3f1f7204639c9ec3355d9668556cf670790eb24cceb78f86bacc9233101,"本文件摘自《基础与临床科学课程》（BCSC）第13卷《屈光手术》，旨在为眼科医生提供屈光手术领域的全面课程。该课程由美国眼科学会（AAO）编纂，内容涵盖了屈光手术的基础科学、临床实践、手术技术及并发症管理。

文件重点阐述了以下核心内容：

1. **手术评估与患者筛选**：强调了术前评估的重要性，包括详细的病史采集、眼部检查及辅助测试。特别指出，圆锥角膜（包括隐匿性圆锥角膜）是LASIK及表面切削手术的禁忌症，必须通过角膜地形图和厚度测量进行严格筛查，以防术后角膜扩张。
2. **手术技术与方法**：课程涵盖了多种屈光手术方式，包括切削性手术（如LASIK、PRK）、表面切削、以及涉及眼内手术的屈光矫正（如人工晶状体植入）。此外，还提及了如SMILE等无需制作角膜瓣的新兴技术。
3. **并发症管理**：详细讨论了LASIK手术相关的并发症，如弥漫性板层角膜炎（DLK）的临床分期与表现，以及角膜瓣移位、上皮植入等问题的处理原则。文件强调，对于术后出现的角膜扩张或屈光异常，应避免进一步的切削手术，并根据具体情况选择接触镜矫正或进一步的临床观察。
4. **术后影响与特殊考量**：探讨了既往屈光手术史对后续眼部手术（如白内障手术）及人工晶状体计算的影响，并指出在糖尿病等全身性疾病患者中，血糖控制对择期手术的重要性。

该课程通过整合基础科学与临床应用，旨在指导眼科医生进行规范化的患者评估与手术操作，以确保患者获得高质量的护理。文件还提供了丰富的术语缩写表及多媒体资源，以辅助临床学习与实践。","# Summary
本文件摘自《基础与临床科学课程》（BCSC）第13卷《屈光手术》，旨在为眼科医生提供屈光手术领域的全面课程。该课程由美国眼科学会（AAO）编纂，内容涵盖了屈光手术的基础科学、临床实践、手术技术及并发症管理。

文件重点阐述了以下核心内容：

1. **手术评估与患者筛选**：强调了术前评估的重要性，包括详细的病史采集、眼部检查及辅助测试。特别指出，圆锥角膜（包括隐匿性圆锥角膜）是LASIK及表面切削手术的禁忌症，必须通过角膜地形图和厚度测量进行严格筛查，以防术后角膜扩张。
2. **手术技术与方法**：课程涵盖了多种屈光手术方式，包括切削性手术（如LASIK、PRK）、表面切削、以及涉及眼内手术的屈光矫正（如人工晶状体植入）。此外，还提及了如SMILE等无需制作角膜瓣的新兴技术。
3. **并发症管理**：详细讨论了LASIK手术相关的并发症，如弥漫性板层角膜炎（DLK）的临床分期与表现，以及角膜瓣移位、上皮植入等问题的处理原则。文件强调，对于术后出现的角膜扩张或屈光异常，应避免进一步的切削手术，并根据具体情况选择接触镜矫正或进一步的临床观察。
4. **术后影响与特殊考量**：探讨了既往屈光手术史对后续眼部手术（如白内障手术）及人工晶状体计算的影响，并指出在糖尿病等全身性疾病患者中，血糖控制对择期手术的重要性。

该课程通过整合基础科学与临床应用，旨在指导眼科医生进行规范化的患者评估与手术操作，以确保患者获得高质量的护理。文件还提供了丰富的术语缩写表及多媒体资源，以辅助临床学习与实践。",本书出版于2021年。美国眼科学会基础与临床科学课程第13卷，面向眼科住院医师、屈光手术医师及临床眼科实践者，系统衔接基础科学与患者管理。全书从角膜光学、低阶/高阶像差、波前分析、角膜生物力学、角膜地形图与断层扫描、激光生物物理及创伤愈合入手，介绍病史、屈光检查、裂隙灯、眼压、眼底、角膜厚度和残余基质床评估。内容涵盖放射状角膜切开、弧形角膜切开和角膜缘松解切口，角膜嵌体、基质环及正形镜；重点讨论PRK/表层切削、LASIK及波前引导、波前优化和地形图引导技术的选择、操作、疗效与并发症，包括感染性角膜炎、角膜 haze、瓣膜问题、界面炎和术后扩张。后续涉及角膜胶原交联、传导性角膜成形术、有晶状体眼人工晶状体、屈光性晶状体置换、单焦点/散光/多焦点/可调节/延长景深IOL，以及老视治疗、眼部和全身疾病患者的屈光手术、术后IOL计算与青光眼管理，并介绍SMILE及交联联合屈光手术等新兴技术。
14,AAO-Retina and Vitreous-Colin A McCannel 2021,normalized_exact,06-眼底病与视网膜内科,f900fe21-9deb-47e0-bf36-ce06022cae92,10000,2856acac-3261-4931-94f8-9026f205c7ec,AAO-Retina and Vitreous-Colin A McCannel 2021_weknora.mhtml,AAO-Retina and Vitreous-Colin A McCannel 2021_weknora.mhtml,completed,ebc3183f-a998-4ee4-856c-da867df335ca,d5fd8cbb-838a-4272-82ad-1a4b1ca90392,386,1100,6c1855a127536ca2a49e78fad543977ea630c75cf079af87011305e0a456046f,"这份文档是《2020-2021年度眼科学基础与临床科学课程》（BCSC）第12卷《视网膜与玻璃体》的节选，旨在为眼科医生和住院医师提供全面的临床参考。

该课程的核心内容涵盖了以下几个方面：

1.  **课程架构与教学资源**：BCSC课程由眼科学专家编写，旨在整合基础科学与临床实践。本卷通过文字、视频、互动练习及自我评估测试，帮助学习者掌握视网膜与玻璃体疾病的诊断与治疗。
2.  **诊断方法与技术**：课程详细介绍了视网膜检查技术，包括裂隙灯生物显微镜检查、间接检眼镜检查及巩膜压迫法。此外，强调了光学相干断层扫描（OCT）、荧光素血管造影、电生理检查及超声检查等辅助诊断手段在评估视网膜病变中的重要作用。
3.  **视网膜与玻璃体疾病**：内容涵盖了多种视网膜病变，重点讨论了病理性近视引发的并发症，如漆裂纹（lacquer cracks）和脉络膜新生血管（CNV）。针对CNV，文档探讨了从激光光凝、光动力疗法到抗血管内皮生长因子（anti-VEGF）注射的治疗演变。
4.  **临床管理与决策**：文档提供了关于眼内炎、增殖性玻璃体视网膜病变等疾病的临床处理原则，强调了早期诊断、合理选择干预时机以及根据临床试验数据指导治疗的重要性。

总结而言，本卷教材旨在通过系统化的知识架构和临床实践指导，提升眼科从业者对视网膜与玻璃体疾病的识别、诊断及治疗水平，从而改善患者的视力预后。","# Summary
这份文档是《2020-2021年度眼科学基础与临床科学课程》（BCSC）第12卷《视网膜与玻璃体》的节选，旨在为眼科医生和住院医师提供全面的临床参考。

该课程的核心内容涵盖了以下几个方面：

1.  **课程架构与教学资源**：BCSC课程由眼科学专家编写，旨在整合基础科学与临床实践。本卷通过文字、视频、互动练习及自我评估测试，帮助学习者掌握视网膜与玻璃体疾病的诊断与治疗。
2.  **诊断方法与技术**：课程详细介绍了视网膜检查技术，包括裂隙灯生物显微镜检查、间接检眼镜检查及巩膜压迫法。此外，强调了光学相干断层扫描（OCT）、荧光素血管造影、电生理检查及超声检查等辅助诊断手段在评估视网膜病变中的重要作用。
3.  **视网膜与玻璃体疾病**：内容涵盖了多种视网膜病变，重点讨论了病理性近视引发的并发症，如漆裂纹（lacquer cracks）和脉络膜新生血管（CNV）。针对CNV，文档探讨了从激光光凝、光动力疗法到抗血管内皮生长因子（anti-VEGF）注射的治疗演变。
4.  **临床管理与决策**：文档提供了关于眼内炎、增殖性玻璃体视网膜病变等疾病的临床处理原则，强调了早期诊断、合理选择干预时机以及根据临床试验数据指导治疗的重要性。

总结而言，本卷教材旨在通过系统化的知识架构和临床实践指导，提升眼科从业者对视网膜与玻璃体疾病的识别、诊断及治疗水平，从而改善患者的视力预后。",本书出版于2021年，是面向眼科住院医师、视网膜专科医师及临床实践者的系统性继续教育教材，兼顾基础科学、诊断评估与循证治疗。全书分为三部分：基础与诊断涵盖玻璃体、神经感觉视网膜、视网膜色素上皮、Bruch膜、脉络膜和巩膜解剖，以及眼底镜、彩色眼底照相、扫描激光检眼镜、OCT/OCTA、眼底自发荧光、荧光素和吲哚菁绿血管造影、超声、ERG/EOG、视觉诱发电位、暗适应等检查；疾病部分系统讨论年龄相关性黄斑变性及脉络膜新生血管、糖尿病视网膜病变和黄斑水肿、视网膜静脉/动脉阻塞、高血压与眼缺血综合征、早产儿视网膜病变、中心性浆液性脉络膜视网膜病变、病理性近视、炎症与感染性视网膜脉络膜病、遗传性营养不良、药物视网膜毒性、视网膜脱离、玻璃体及玻璃体视网膜界面疾病和眼外伤；治疗部分重点介绍激光光凝、光动力疗法、玻璃体切除、视网膜脱离修复及玻璃体腔注射，尤其是抗VEGF治疗。
15,AAO-Update on General Medicine-Herbert J Ingraham 2021,normalized_exact,01-眼科综合：基础与全身病,09c593aa-1a64-48de-af81-fc4d30d551b4,10000,35d357d9-0909-405c-9b82-375d20728991,AAO-Update on General Medicine-Herbert J Ingraham 2021_weknora.mhtml,AAO-Update on General Medicine-Herbert J Ingraham 2021_weknora.mhtml,completed,fa9761c3-c1b1-4745-bec6-2f15994c6504,5e1134c4-478b-4b70-b86c-92d1f4655110,375,1079,3331401a9b414e884ecb0f86d980e2c935babe8635f86cf2f7c74ad9de55d9a3,"《基础与临床科学课程》（BCSC）第1卷《普通医学更新》旨在为眼科住院医师和从业者提供综合且简洁的医学知识，强调基础科学与临床实践的整合。该课程由美国眼科学会（AAO）每年修订，汇集了多位专家的专业知识，并提供视频、参考文献及继续医学教育（CME）学分，以支持临床决策和患者护理。

该文档的核心内容涵盖以下几个方面：

1.  **临床研究的应用**：强调了批判性评估临床研究的重要性，指导临床医生如何通过PubMed、Cochrane图书馆及AAO指南等资源解决临床问题，并利用大数据和精益技术提升医疗效率与患者满意度。
2.  **系统性疾病的眼部表现**：详细探讨了多种全身性疾病及其眼部并发症。例如，抗磷脂综合征（APS）可能导致视网膜血管闭塞和缺血性视神经病变；系统性红斑狼疮（SLE）常伴有干燥性角结膜炎；巨细胞动脉炎（GCA）则与缺血性视神经损伤相关。
3.  **慢性病与病理生理学**：课程涵盖了糖尿病、高血压、高脂血症、心血管疾病、肺部疾病及恶性肿瘤的分类、诊断标准与治疗方案。特别强调了预防措施在降低这些常见疾病发病率和死亡率中的作用。
4.  **药物与治疗安全性**：分析了多种药物的副作用，如长期使用皮质类固醇可能导致白内障，并讨论了抗凝治疗、免疫调节药物及抗感染药物在临床中的应用与风险。
5.  **遗传与血管性疾病**：介绍了如遗传性出血性毛细血管扩张症、埃勒斯-当洛综合征（Ehlers-Danlos syndrome）及镰状细胞性贫血等疾病的系统性特征及其对眼部健康的潜在影响。

通过这些内容，该课程旨在帮助眼科医生识别全身性疾病的早期迹象，并与内科医生或风湿科医生协作，为患者提供高质量的综合医疗服务。","# Summary
《基础与临床科学课程》（BCSC）第1卷《普通医学更新》旨在为眼科住院医师和从业者提供综合且简洁的医学知识，强调基础科学与临床实践的整合。该课程由美国眼科学会（AAO）每年修订，汇集了多位专家的专业知识，并提供视频、参考文献及继续医学教育（CME）学分，以支持临床决策和患者护理。

该文档的核心内容涵盖以下几个方面：

1.  **临床研究的应用**：强调了批判性评估临床研究的重要性，指导临床医生如何通过PubMed、Cochrane图书馆及AAO指南等资源解决临床问题，并利用大数据和精益技术提升医疗效率与患者满意度。
2.  **系统性疾病的眼部表现**：详细探讨了多种全身性疾病及其眼部并发症。例如，抗磷脂综合征（APS）可能导致视网膜血管闭塞和缺血性视神经病变；系统性红斑狼疮（SLE）常伴有干燥性角结膜炎；巨细胞动脉炎（GCA）则与缺血性视神经损伤相关。
3.  **慢性病与病理生理学**：课程涵盖了糖尿病、高血压、高脂血症、心血管疾病、肺部疾病及恶性肿瘤的分类、诊断标准与治疗方案。特别强调了预防措施在降低这些常见疾病发病率和死亡率中的作用。
4.  **药物与治疗安全性**：分析了多种药物的副作用，如长期使用皮质类固醇可能导致白内障，并讨论了抗凝治疗、免疫调节药物及抗感染药物在临床中的应用与风险。
5.  **遗传与血管性疾病**：介绍了如遗传性出血性毛细血管扩张症、埃勒斯-当洛综合征（Ehlers-Danlos syndrome）及镰状细胞性贫血等疾病的系统性特征及其对眼部健康的潜在影响。

通过这些内容，该课程旨在帮助眼科医生识别全身性疾病的早期迹象，并与内科医生或风湿科医生协作，为患者提供高质量的综合医疗服务。",本书出版于2021年。美国眼科学会BCSC第1卷，面向眼科住院医师及临床眼科医师，旨在将全身医学基础、循证研究与眼科临床决策结合。全书涵盖临床研究设计、诊断与筛查证据、风险沟通、质量改进及大数据应用；系统介绍糖尿病、甲状腺及垂体疾病、高血压、高脂血症、缺血性心脏病、心力衰竭、心律失常、脑卒中、颈动脉狭窄、阻塞性与限制性肺病、贫血、凝血障碍、类风湿关节炎、系统性红斑狼疮、血管炎、老年医学、精神行为及神经系统疾病。另设预防医学、癌症、感染病、眼科手术围术期管理及医疗急症章节，涉及筛查与免疫接种、放化疗、抗血管生成和生物治疗、抗菌/抗真菌/抗病毒药物、心肺复苏、休克、过敏反应、癫痫及恶性高热。关键词包括血压与血脂评估、心脏无创及有创检查、CT/MRI相关卒中评估、IOP、视野、OCT、扫描激光偏振、共焦扫描激光检眼镜，以及全身药物的眼部不良反应。
16,AAO-Uveitis and Ocular Inflammation-H Nida Sen 2021,normalized_exact,08-葡萄膜炎与眼内炎症,2c1efff9-0960-4d4b-a4c3-7acfb9411151,10000,02f586ec-c5fa-41ec-8844-0beb87d2c75d,AAO-Uveitis and Ocular Inflammation-H Nida Sen 2021_weknora.mhtml,AAO-Uveitis and Ocular Inflammation-H Nida Sen 2021_weknora.mhtml,completed,3dc81685-fbb5-419b-93a6-749c30f22121,6dc55d98-5ea5-4867-8f97-6fd25ec21458,360,985,9e6b9307113a0ce6f17a88d34904d474dec91dd0fa10f9d4e5dd8a9aefcffa51,"《葡萄膜炎与眼部炎症》（Uveitis and Ocular Inflammation）是美国眼科学会（AAO）基础与临床科学课程（BCSC）系列教材的第九卷。该书旨在为眼科住院医师及临床医生提供关于眼部炎症性疾病的全面课程，内容涵盖基础免疫学、临床诊断、鉴别诊断及治疗策略。

该书的核心内容包括以下几个方面：

1.  **免疫学基础与炎症机制**：教材详细介绍了免疫系统的组成，区分了先天性免疫与适应性免疫。重点讨论了中性粒细胞等白细胞在急性炎症反应中的作用，以及免疫系统如何通过细胞和分子机制清除病原体或应对外来刺激。
2.  **临床诊断与鉴别诊断**：强调了区分感染性与非感染性葡萄膜炎的重要性。书中讨论了多种眼部炎症性疾病，如多灶性脉络膜炎伴全葡萄膜炎（MCP）、白塞病、肉芽肿性多血管炎（GPA）及强直性脊柱炎等。诊断过程通常涉及排除法，并需结合全身性疾病的关联进行综合评估。
3.  **影像学与辅助检查**：利用眼底照相、眼底自发荧光（FAF）及光学相干断层扫描（OCT）等技术，对眼部病变进行精细化观察。例如，通过FAF和OCT监测MCP病灶的活动性与消退情况，为临床决策提供依据。
4.  **治疗原则与管理**：涵盖了皮质类固醇及免疫调节治疗（IMT）在控制炎症和预防并发症（如黄斑水肿、脉络膜新生血管）中的应用。书中还强调了对全身性并发症的监测，如针对特定自身免疫性疾病的肺部、心血管及肾脏功能评估。
5.  **教育资源与实践**：该课程不仅提供理论知识，还通过视频、互动练习及自我评估测试，帮助读者掌握临床技能。教材鼓励医生结合AAO的临床实践指南，针对不同患者制定个体化的诊疗方案。

总体而言，本书通过整合基础科学与临床实践，旨在提升眼科医生对葡萄膜炎及相关炎症性疾病的识别、诊断及管理能力，从而改善患者的预后。","# Summary
《葡萄膜炎与眼部炎症》（Uveitis and Ocular Inflammation）是美国眼科学会（AAO）基础与临床科学课程（BCSC）系列教材的第九卷。该书旨在为眼科住院医师及临床医生提供关于眼部炎症性疾病的全面课程，内容涵盖基础免疫学、临床诊断、鉴别诊断及治疗策略。

该书的核心内容包括以下几个方面：

1.  **免疫学基础与炎症机制**：教材详细介绍了免疫系统的组成，区分了先天性免疫与适应性免疫。重点讨论了中性粒细胞等白细胞在急性炎症反应中的作用，以及免疫系统如何通过细胞和分子机制清除病原体或应对外来刺激。
2.  **临床诊断与鉴别诊断**：强调了区分感染性与非感染性葡萄膜炎的重要性。书中讨论了多种眼部炎症性疾病，如多灶性脉络膜炎伴全葡萄膜炎（MCP）、白塞病、肉芽肿性多血管炎（GPA）及强直性脊柱炎等。诊断过程通常涉及排除法，并需结合全身性疾病的关联进行综合评估。
3.  **影像学与辅助检查**：利用眼底照相、眼底自发荧光（FAF）及光学相干断层扫描（OCT）等技术，对眼部病变进行精细化观察。例如，通过FAF和OCT监测MCP病灶的活动性与消退情况，为临床决策提供依据。
4.  **治疗原则与管理**：涵盖了皮质类固醇及免疫调节治疗（IMT）在控制炎症和预防并发症（如黄斑水肿、脉络膜新生血管）中的应用。书中还强调了对全身性并发症的监测，如针对特定自身免疫性疾病的肺部、心血管及肾脏功能评估。
5.  **教育资源与实践**：该课程不仅提供理论知识，还通过视频、互动练习及自我评估测试，帮助读者掌握临床技能。教材鼓励医生结合AAO的临床实践指南，针对不同患者制定个体化的诊疗方案。

总体而言，本书通过整合基础科学与临床实践，旨在提升眼科医生对葡萄膜炎及相关炎症性疾病的识别、诊断及管理能力，从而改善患者的预后。",美国眼科学会基础与临床科学课程第9卷，2020–2021版，面向眼科住院医师及临床眼科医师，系统连接免疫学基础与葡萄膜炎临床实践。全书涵盖先天与适应性免疫、眼部免疫微环境、动物模型及HLA相关疾病；介绍葡萄膜炎的解剖和临床分类、鉴别诊断、裂隙灯及眼底检查、眼内液和组织取样、细胞学病理、眼科影像与功能检查；讨论糖皮质激素、非生物及生物免疫调节剂、TNF抑制剂和手术治疗。疾病框架包括巩膜炎、非感染性前葡萄膜炎和中间葡萄膜炎、后葡萄膜炎及全葡萄膜炎，以及梅毒、结核、莱姆病、弓形虫病、病毒和真菌性葡萄膜炎、眼内炎、伪装综合征、AIDS眼部表现。重点涉及Vogt-Koyanagi-Harada综合征、Behçet病、交感性眼炎、原发性玻璃体视网膜淋巴瘤、CMV视网膜炎、黄斑水肿、继发性青光眼、低眼压及视网膜脱离等并发症。
17,Adenovirus Epithelial Keratitis and Thygeson's Superficial Punctate Keratitis-Helena M. Tabery 2012,normalized_exact,02-角膜与眼表,f041b2b7-3147-4deb-a2f2-0de5cc53d296,10000,053c2fff-606f-49ae-b2f5-fcaad7f21f91,Adenovirus Epithelial Keratitis and Thygeson's Superficial Punctate Keratitis-Helena M. Tabery 2012_weknora.mhtml,Adenovirus Epithelial Keratitis and Thygeson's Superficial Punctate Keratitis-Helena M. Tabery 2012_weknora.mhtml,completed,68e4fa54-1984-4939-8436-1fa9ce36b037,d1db30a9-89bc-45e8-b73d-388fff35257d,373,1039,72526928eccf65010b8d57b40b545aad1165c174ede0fb94c84f87f830a2e84f,"本书探讨了腺病毒角膜上皮感染与Thygeson浅层点状角膜炎（TSPK）的体内形态学特征。作者通过非接触式体内显微摄影技术，详细记录了这两种疾病在人眼角膜上的表现，旨在为临床诊断提供参考，并为评估新药效果提供基准。

本书的核心内容包括以下几个方面：

1. **腺病毒角膜炎的临床与形态学特征**：腺病毒感染具有高度传染性，常表现为滤泡性结膜炎及严重的角膜上皮浸润。书中通过病例展示了不同血清型（如Ad8）引起的角膜上皮变化，并强调了早期诊断对于预防医院内流行性角膜结膜炎（EKC）暴发的重要性。此外，书中记录了感染后持续数年的上皮下浸润（后遗症）的演变过程。

2. **TSPK的临床特征**：与腺病毒感染不同，TSPK病因不明且被认为是非传染性的。该病具有慢性、复发性的特点，其病程和对皮质类固醇的敏感性提示其可能是一种免疫性疾病。书中通过典型与非典型病例，探讨了如何通过病史和形态学特征将其与腺病毒感染及单纯疱疹病毒感染进行鉴别。

3. **形态学相似性的机制探讨**：腺病毒角膜上皮浸润与TSPK的“粗糙”上皮病变在临床上极易混淆。作者通过对病变组织中圆形/异常细胞的观察，提出这两种疾病的病变可能源于相同的免疫反应过程。尽管触发因素不同（腺病毒感染中为病毒抗原，TSPK中病因尚不明确），但两者在角膜上皮表现出的细胞堆积和损伤模式具有高度相似性。

4. **研究方法与技术**：全书采用非接触式体内显微摄影，该方法无需麻醉，不干扰角膜上皮结构，且无交叉感染风险。通过配合荧光素钠和玫瑰红染色，能够清晰捕捉到光学上与周围组织有差异的病变结构，为深入理解角膜上皮病变的动态演变提供了直观证据。

总之，本书通过详实的影像资料，揭示了腺病毒角膜炎与TSPK在自然病程中的形态学演变，强调了免疫因素在两者病理过程中的共同作用，并为临床鉴别诊断提供了重要的参考依据。","# Summary
本书探讨了腺病毒角膜上皮感染与Thygeson浅层点状角膜炎（TSPK）的体内形态学特征。作者通过非接触式体内显微摄影技术，详细记录了这两种疾病在人眼角膜上的表现，旨在为临床诊断提供参考，并为评估新药效果提供基准。

本书的核心内容包括以下几个方面：

1. **腺病毒角膜炎的临床与形态学特征**：腺病毒感染具有高度传染性，常表现为滤泡性结膜炎及严重的角膜上皮浸润。书中通过病例展示了不同血清型（如Ad8）引起的角膜上皮变化，并强调了早期诊断对于预防医院内流行性角膜结膜炎（EKC）暴发的重要性。此外，书中记录了感染后持续数年的上皮下浸润（后遗症）的演变过程。

2. **TSPK的临床特征**：与腺病毒感染不同，TSPK病因不明且被认为是非传染性的。该病具有慢性、复发性的特点，其病程和对皮质类固醇的敏感性提示其可能是一种免疫性疾病。书中通过典型与非典型病例，探讨了如何通过病史和形态学特征将其与腺病毒感染及单纯疱疹病毒感染进行鉴别。

3. **形态学相似性的机制探讨**：腺病毒角膜上皮浸润与TSPK的“粗糙”上皮病变在临床上极易混淆。作者通过对病变组织中圆形/异常细胞的观察，提出这两种疾病的病变可能源于相同的免疫反应过程。尽管触发因素不同（腺病毒感染中为病毒抗原，TSPK中病因尚不明确），但两者在角膜上皮表现出的细胞堆积和损伤模式具有高度相似性。

4. **研究方法与技术**：全书采用非接触式体内显微摄影，该方法无需麻醉，不干扰角膜上皮结构，且无交叉感染风险。通过配合荧光素钠和玫瑰红染色，能够清晰捕捉到光学上与周围组织有差异的病变结构，为深入理解角膜上皮病变的动态演变提供了直观证据。

总之，本书通过详实的影像资料，揭示了腺病毒角膜炎与TSPK在自然病程中的形态学演变，强调了免疫因素在两者病理过程中的共同作用，并为临床鉴别诊断提供了重要的参考依据。",本书出版于2012年，是面向眼科、角膜病及眼表疾病医师和研究者的影像形态学专著，聚焦腺病毒上皮性角膜炎与Thygeson浅层点状角膜炎（TSPK）的活体角膜表现及鉴别诊断。全书分两部分：第一部分介绍不同腺病毒血清型（Ad3、Ad4、Ad7、Ad8）所致角膜上皮改变，包括细胞病变效应、圆形/异常细胞、囊样结构、荧光素钠与玫瑰红染色、上皮浸润，以及Ad8流行性角结膜炎、咽结膜热、接触镜相关感染和医院内传播病例，并以连续随访展示持续数年的上皮下混浊/浸润演变。第二部分系统呈现典型与非典型TSPK的病灶形态、长期复发缓解过程及病例鉴别，重点讨论其与腺病毒、单纯疱疹病毒（HSV）角膜炎的混淆。书中还涉及非接触活体显微摄影、不同照明方式、荧光素和玫瑰红染色、结膜拭子病毒分离培养及血清型鉴定，并讨论润滑滴眼液、低效糖皮质激素等症状控制和新药疗效评价。
18,Aravind's Atlas of Fungal Corneal Ulcers - Clinical Features and Laboratory Identification Methods-Lalitha Prajna 等 2008,normalized_exact,02-角膜与眼表,f041b2b7-3147-4deb-a2f2-0de5cc53d296,10000,87d16915-e2b3-4029-84fb-b10835fabcd0,Aravind's Atlas of Fungal Corneal Ulcers - Clinical Features and Laboratory Identification Methods-Lalitha Prajna 等 2008_weknora.mhtml,Aravind's Atlas of Fungal Corneal Ulcers - Clinical Features and Laboratory Identification Methods-Lalitha Prajna 等 2008_weknora.mhtml,completed,3ca13e7c-6dfe-437e-898d-0b5e861c100c,9d5453b6-ad22-4c70-a316-0d0fdd4baada,400,974,65f36330065d9ac5ba494c15c31ec6ef9accce97315f62a2cf7e8b5eb1fa8a27,"本文件为《Aravind真菌性角膜溃疡图谱：临床特征与实验室鉴定方法》（Aravind’s Atlas of Fungal Corneal Ulcers）一书的节选，作者为印度马杜赖Aravind眼科医院角膜与外眼病科及眼微生物学部门的Lalitha Prajna、Vijayakumar、N Venkatesh Prajna和M Srinivasan，由Jaypee Brothers医学出版社于2008年出版。

前言与引言指出，世界卫生组织将角膜疾病列为仅次于白内障的主要致盲原因，眼外伤与角膜溃疡每年导致150万至200万新发角膜盲病例。真菌性角膜炎在亚洲尤其是南印度构成严重的致盲眼病，占南印度全部中央角膜溃疡的44%。早期识别真菌性角膜病变有助于及时治疗，诊断需结合临床发现与溃疡部位的真菌分离，通过角膜刮片、染色及培养可早期确诊；PCR和共聚焦显微镜虽为新的快速诊断手段，但价格昂贵，难以在真菌性角膜炎高发地区普及。

引言部分提供了流行病学数据：Srinivasan等（2004）的研究显示，镰刀菌属（Fusarium，47%）和曲霉属（Aspergillus，16%）是主要病原，南印度真菌性角膜炎的病原比例显著高于尼泊尔（17%）、孟加拉国（36%）、加纳（37.6%）及南佛罗里达（35%）。局部危险因素包括外伤、隐形眼镜和局部类固醇使用，常与植物相关的轻微外伤在丝状真菌感染中作用突出；农业劳动者及农产品仓库工作人员尤其高危。发病存在气候与季节差异，印度以9至10月收获季为高峰。

书中按章节具体描述多种真菌：Curvularia irregularis菌落生长迅速、呈棉絮状白色，显微镜下可见透明、短小、无柄、分隔的分生孢子梗，着生成簇的淡褐色、多为双细胞、梨形或三角形分生孢子，南印度Tiruchirapalli和Vellore先后报道过该菌所致角膜炎病例；枝孢霉属（Cladosporium）是引起角膜炎和眼内炎最常见的暗色真菌之一，在马铃薯葡萄糖琼脂上25℃生长适中，菌落呈绒状至粉状、橄榄绿至黑色，分生孢子椭圆形至圆柱形、淡褐至深褐色，具深色脐点，呈易分离的分枝链状排列；炭疽菌属（Colletotrichum）通常与外伤相关，可表现为角膜炎或皮下病变，并以外伤性植入后的角膜炎为主，已有五种该属菌种感染人类的报道。

文末还包含真菌学形态学术语表，对分生孢子梗、孢子囊、假根、菌核、盾形细胞、酵母及接合孢子等概念给出了定义。","# Summary
本文件为《Aravind真菌性角膜溃疡图谱：临床特征与实验室鉴定方法》（Aravind’s Atlas of Fungal Corneal Ulcers）一书的节选，作者为印度马杜赖Aravind眼科医院角膜与外眼病科及眼微生物学部门的Lalitha Prajna、Vijayakumar、N Venkatesh Prajna和M Srinivasan，由Jaypee Brothers医学出版社于2008年出版。

前言与引言指出，世界卫生组织将角膜疾病列为仅次于白内障的主要致盲原因，眼外伤与角膜溃疡每年导致150万至200万新发角膜盲病例。真菌性角膜炎在亚洲尤其是南印度构成严重的致盲眼病，占南印度全部中央角膜溃疡的44%。早期识别真菌性角膜病变有助于及时治疗，诊断需结合临床发现与溃疡部位的真菌分离，通过角膜刮片、染色及培养可早期确诊；PCR和共聚焦显微镜虽为新的快速诊断手段，但价格昂贵，难以在真菌性角膜炎高发地区普及。

引言部分提供了流行病学数据：Srinivasan等（2004）的研究显示，镰刀菌属（Fusarium，47%）和曲霉属（Aspergillus，16%）是主要病原，南印度真菌性角膜炎的病原比例显著高于尼泊尔（17%）、孟加拉国（36%）、加纳（37.6%）及南佛罗里达（35%）。局部危险因素包括外伤、隐形眼镜和局部类固醇使用，常与植物相关的轻微外伤在丝状真菌感染中作用突出；农业劳动者及农产品仓库工作人员尤其高危。发病存在气候与季节差异，印度以9至10月收获季为高峰。

书中按章节具体描述多种真菌：Curvularia irregularis菌落生长迅速、呈棉絮状白色，显微镜下可见透明、短小、无柄、分隔的分生孢子梗，着生成簇的淡褐色、多为双细胞、梨形或三角形分生孢子，南印度Tiruchirapalli和Vellore先后报道过该菌所致角膜炎病例；枝孢霉属（Cladosporium）是引起角膜炎和眼内炎最常见的暗色真菌之一，在马铃薯葡萄糖琼脂上25℃生长适中，菌落呈绒状至粉状、橄榄绿至黑色，分生孢子椭圆形至圆柱形、淡褐至深褐色，具深色脐点，呈易分离的分枝链状排列；炭疽菌属（Colletotrichum）通常与外伤相关，可表现为角膜炎或皮下病变，并以外伤性植入后的角膜炎为主，已有五种该属菌种感染人类的报道。

文末还包含真菌学形态学术语表，对分生孢子梗、孢子囊、假根、菌核、盾形细胞、酵母及接合孢子等概念给出了定义。",本书出版于2008年，是眼科医师与眼科微生物学人员使用的真菌性角膜溃疡实用图谱与实验室指南。内容从流行病学、创伤及接触镜等危险因素和临床表现入手，结合裂隙灯照片说明干燥隆起表面、羽毛状边缘、卫星灶、角膜后脓肿、前房积脓等特征；继而系统介绍角膜刮取标本采集、KOH、革兰、GMS、荧光显微镜及Calcofluor白染色，血琼脂、马铃薯葡萄糖琼脂、SDA等培养基的接种、孵育和培养物处理。图谱重点展示Acremonium、Alternaria、Aspergillus、Bipolaris、Candida、Curvularia、Fusarium、黑色真菌、Rhizopus等常见眼部真菌的菌落及显微形态，并讲解乳酸酚棉蓝、透明胶带法和Ridell/Harris玻片培养法。后半部分涉及PCR等分子诊断、抗真菌治疗、纳他霉素、两性霉素B制备、唑类及棘白菌素，以及表层角膜切除、治疗性角膜移植和穿透性角膜移植。
19,Atlas of Clinical and Surgical Orbital Anatomy（第2版）-Jonathan J. Dutton 2011,normalized_exact,12-眼眶与眼肿瘤,e785de98-5837-4eea-89a8-6a46cacb5173,10000,b5ecf27a-ef58-4cb6-87af-ee3d0d7920e2,Atlas of Clinical and Surgical Orbital Anatomy（第2版）-Jonathan J. Dutton 2011_weknora.mhtml,Atlas of Clinical and Surgical Orbital Anatomy（第2版）-Jonathan J. Dutton 2011_weknora.mhtml,completed,4e151df1-9bc0-4f40-a0b8-5a1ae272153c,a1789baa-4931-4f52-8914-df1a44fbf57d,371,997,275fd6a791e0072d2948501ba7877de5159b323758d64e65105ea6bd310ff1f5,"《临床与外科眼眶解剖图谱》（第二版）详细探讨了眼眶及相关结构的解剖学、胚胎发育及临床意义。该书重点涵盖了以下核心内容：

首先，本书深入分析了海绵窦（Cavernous Sinus）的解剖结构与胚胎发育。尽管“海绵窦”这一术语在医学上存在争议，且现代解剖学研究表明其并非真正的海绵状结构，但该术语因其历史沿革及临床广泛应用而被保留。书中详细描述了海绵窦从胚胎期前主静脉发育而来的复杂过程，包括静脉通道的形成、颅神经的定位以及蝶骨与脑膜结构的演变，强调了其作为眼眶与颅底重要静脉引流通道及神经血管传输路径的关键作用。

其次，书中详细阐述了眼眶内的血管系统，特别是眼动脉及其分支（如泪腺动脉、肌肉动脉及前睫状动脉）的走行、分布及吻合情况。这些血管不仅为眼外肌提供血液供应，还通过与颅内及面部血管的吻合，形成复杂的循环网络，维持眼部及附属器的生理功能。

最后，通过轴向与冠状切面图谱，本书提供了眼眶结构的详细影像学解剖参考。这些图谱展示了眼球、眼外肌（如直肌、斜肌）、提上睑肌、泪腺、视神经以及眶内静脉与动脉的精确空间关系。通过对不同层面的切面分析，书中清晰呈现了眶内脂肪、筋膜系统及骨性结构的解剖细节，为临床医生理解眼眶病变及其手术路径提供了重要的解剖学依据。

总体而言，该书通过结合胚胎发育史、血管解剖学及高精度的影像切面，为眼科医师及外科医生提供了关于眼眶及颅底区域全面且深入的解剖学参考。","# Summary
《临床与外科眼眶解剖图谱》（第二版）详细探讨了眼眶及相关结构的解剖学、胚胎发育及临床意义。该书重点涵盖了以下核心内容：

首先，本书深入分析了海绵窦（Cavernous Sinus）的解剖结构与胚胎发育。尽管“海绵窦”这一术语在医学上存在争议，且现代解剖学研究表明其并非真正的海绵状结构，但该术语因其历史沿革及临床广泛应用而被保留。书中详细描述了海绵窦从胚胎期前主静脉发育而来的复杂过程，包括静脉通道的形成、颅神经的定位以及蝶骨与脑膜结构的演变，强调了其作为眼眶与颅底重要静脉引流通道及神经血管传输路径的关键作用。

其次，书中详细阐述了眼眶内的血管系统，特别是眼动脉及其分支（如泪腺动脉、肌肉动脉及前睫状动脉）的走行、分布及吻合情况。这些血管不仅为眼外肌提供血液供应，还通过与颅内及面部血管的吻合，形成复杂的循环网络，维持眼部及附属器的生理功能。

最后，通过轴向与冠状切面图谱，本书提供了眼眶结构的详细影像学解剖参考。这些图谱展示了眼球、眼外肌（如直肌、斜肌）、提上睑肌、泪腺、视神经以及眶内静脉与动脉的精确空间关系。通过对不同层面的切面分析，书中清晰呈现了眶内脂肪、筋膜系统及骨性结构的解剖细节，为临床医生理解眼眶病变及其手术路径提供了重要的解剖学依据。

总体而言，该书通过结合胚胎发育史、血管解剖学及高精度的影像切面，为眼科医师及外科医生提供了关于眼眶及颅底区域全面且深入的解剖学参考。",本书为Jonathan J. Dutton主编、Thomas G. Waldrop绘图的眼眶临床与外科解剖图谱，第二版出版于2011年，面向眼科医师、眼整形与眼眶外科医师及相关外科培训者。全书围绕眼眶及其邻近结构展开：先述海绵窦的胚胎发育、骨性边界、硬膜皱襞、颅神经与颈内动脉关系，继而介绍眼眶骨学、视神经管与眶裂；系统解析六条眼外肌、提上睑肌、Zinn总腱环、肌肉滑车及眶内筋膜；并涵盖眼眶动脉、静脉和淋巴回流、脂肪与结缔组织、眼睑和前部眼眶、泪腺及泪道、组织学解剖。书末结合CT、MRI及轴位、冠状位正常影像说明解剖定位和病变评估。内容联系甲状腺眼病、重症肌无力、眼眶肌炎、眼眶爆裂骨折、眼外肌限制、Duane综合征、Brown综合征、上睑下垂、视神经压迫及泪腺肿瘤，并涉及眶减压、眼眶底手术、斜视手术、上睑下垂修复和泪腺手术等关键技术。
20,Atlas of Glaucoma-Neil T Choplin 2014,normalized_exact,05-青光眼,8bf942e4-80dc-4a8a-87cf-486f897fe2bd,10000,fe0ebc7a-383c-47da-aec2-a335beeb9264,Atlas of Glaucoma-Neil T Choplin 2014_weknora.mhtml,Atlas of Glaucoma-Neil T Choplin 2014_weknora.mhtml,completed,6368e91a-75bd-4a84-a9ad-329ce71174fa,246e55ca-0727-4a77-b342-4871a724eecb,339,943,09051b07d2e6df91b839a699220404b9bec01a0da6a1c1d57384914cc1e35466,"青光眼并非单一疾病，而是一组具有共同特征的疾病统称，其核心表现为视神经头部的典型进行性改变及相应的视野缺损，最终可能导致不可逆的视功能丧失甚至失明。青光眼的临床表现差异巨大，从无症状的开角型青光眼到伴有剧烈眼痛和全身症状的急性闭角型青光眼，其发病机制涵盖了从机械性房水流出受阻到神经毒性、缺氧或免疫因素等多种病理过程。

诊断青光眼具有一定挑战性，单次临床检查往往不足以确诊。由于青光眼具有进行性特征，通过长期的临床观察（如视神经盘照片的系列对比）来评估病变进展是确诊的关键。医生需在早期识别真正患病者以防止视功能受损，同时避免对无需治疗的患者进行干预。

在治疗方面，青光眼的管理手段多样，包括药物治疗、激光手术以及多种外科手术。药物治疗是目前大多数青光眼的主要手段，而激光手术（如激光周边虹膜切开术、小梁成形术）和各类手术（如滤过手术、引流阀植入）则用于药物控制不佳的情况。近年来，微创青光眼手术（MIGS）作为一种新兴趋势，旨在通过绕过房水流出的高阻力部位，同时保持结膜完整性，从而提供更安全、创伤更小的治疗选择。

此外，临床研究还涉及对眼部血液动力学的评估，包括利用激光血流计、脉动眼血流（POBF）测量及眼球脉络膜血流动力学分析等技术，以深入了解青光眼的病理生理机制。尽管治疗手段不断进步，但临床仍需更多大规模随机对照试验来进一步量化新型手术的长期疗效、成本效益及其对患者生活质量的影响。","# Summary
青光眼并非单一疾病，而是一组具有共同特征的疾病统称，其核心表现为视神经头部的典型进行性改变及相应的视野缺损，最终可能导致不可逆的视功能丧失甚至失明。青光眼的临床表现差异巨大，从无症状的开角型青光眼到伴有剧烈眼痛和全身症状的急性闭角型青光眼，其发病机制涵盖了从机械性房水流出受阻到神经毒性、缺氧或免疫因素等多种病理过程。

诊断青光眼具有一定挑战性，单次临床检查往往不足以确诊。由于青光眼具有进行性特征，通过长期的临床观察（如视神经盘照片的系列对比）来评估病变进展是确诊的关键。医生需在早期识别真正患病者以防止视功能受损，同时避免对无需治疗的患者进行干预。

在治疗方面，青光眼的管理手段多样，包括药物治疗、激光手术以及多种外科手术。药物治疗是目前大多数青光眼的主要手段，而激光手术（如激光周边虹膜切开术、小梁成形术）和各类手术（如滤过手术、引流阀植入）则用于药物控制不佳的情况。近年来，微创青光眼手术（MIGS）作为一种新兴趋势，旨在通过绕过房水流出的高阻力部位，同时保持结膜完整性，从而提供更安全、创伤更小的治疗选择。

此外，临床研究还涉及对眼部血液动力学的评估，包括利用激光血流计、脉动眼血流（POBF）测量及眼球脉络膜血流动力学分析等技术，以深入了解青光眼的病理生理机制。尽管治疗手段不断进步，但临床仍需更多大规模随机对照试验来进一步量化新型手术的长期疗效、成本效益及其对患者生活质量的影响。",本书出版于2014年，是面向眼科医师、青光眼专科医师及相关医疗专业人员的青光眼临床图谱，由Neil T. Choplin、Carlo E. Traverso主编。全书将青光眼界定为一组以进行性视神经改变和视野损害为核心、而非单一疾病的临床实体，系统涵盖分类、房水动力学、眼压及其测量、前房角镜、视神经与视网膜神经纤维层/黄斑分析、视野及电生理检查、眼血流与代谢等诊断基础；并讨论原发性开角型及其变异、继发性开角型、闭角型和发育性青光眼，包括正常眼压、色素性、假性剥脱、炎症、外伤、药物及晶状体相关类型。治疗部分覆盖药物治疗、激光手术、滤过手术、非穿透手术、房水引流装置、白内障联合青光眼手术、发育性青光眼治疗及小梁旁路手术，突出眼压、房角、结构影像与功能损害评估之间的临床联系。
21,Atlas of Lacrimal Surgery-Weber等 2007,normalized_exact,11-整形与泪道,bdde98f8-4f6b-4b3f-89a4-3cee7f5133b4,10000,ddbd0524-76b3-42d7-912a-bae8f018f8bf,Atlas of Lacrimal Surgery-Weber等 2007_weknora.mhtml,Atlas of Lacrimal Surgery-Weber等 2007_weknora.mhtml,completed,76571223-8539-43d8-b3e0-fcf28b34db24,70977f6d-8e0e-48fb-b2f3-d98abd02ee1f,330,934,17c98757109c997571047efda6fcb0e3d1102170dd22ea41ed82835ee09228e3,"该文档为《Atlas of Lacrimal Surgery》（泪道手术图谱）一书的摘录内容，由R.K. Weber、R. Keerl、S.D. Schaefer和R.C. Della Rocca主编，Springer出版社于2007年出版。前言指出，泪道手术旨在解决“干眼”患者溢泪的问题，由于眼与鼻关系密切，需由眼科、耳鼻喉科及整形外科医生跨学科协作；本书第一部分涵盖手术解剖、生理与病理生理及临床和放射学评估，第二部分由全球知名专家介绍各类手术，并附有手术视频DVD。

第1章“鼻泪管的解剖与生理”由Friedrich Paulsen撰写，核心内容包括：泪膜由泪腺和眼睑结构产生，其组成受泪腺功能单元调控；眼表上皮与泪腺共同产生膜结合型及分泌型黏蛋白，对稳定泪膜、黏附上皮及抗菌具有重要作用；结膜来源的TFF肽影响泪膜流变学特性。泪液引流涉及多种机制，其中眼轮匝肌泪部的作用最为关键，而上皮分泌物、周围海绵体及结缔组织纤维排列有助于泪液从泪囊引流至鼻下鼻道。鼻泪管上皮通过产生黏蛋白和TFF肽促进泪液流动，参与抗菌防御，并能吸收泪液成分；泪囊和鼻泪管周围的海绵体可通过血管舒缩调节管腔开闭，从而调控泪液流出。

文档还涉及第7章关于泪道临床评估的内容，包括通过生理盐水冲洗测试泪道通畅性，并根据结果分类：无阻塞属功能性问题（如泪点位置异常或泪泵功能不足）；无法进入泪点或泪小管提示近端阻塞，可尝试探通扩张或“三剪术”；冲洗液从下泪点反流则提示远端阻塞，即鼻泪管梗阻。术前需行鼻内镜检查排除鼻中隔偏曲、鼻息肉、慢性鼻窦炎及肿瘤等，活动性Wegener肉芽肿为手术禁忌；CT仅在有肿瘤可疑时进行。

第13章讨论了介入放射技术在泪道梗阻中的应用，如球囊泪囊成形术可作为鼻泪管狭窄的一线非手术疗法，初始成功者长期通畅率较高。聚氨酯支架置入虽操作简单、安全、可逆且无面部瘢痕，但长期效果欠佳，成功率随时间下降，故应谨慎作为首选；新型亲水性涂层TearLeader支架初步显示更优趋势，仍需更长随访验证。","# Summary
该文档为《Atlas of Lacrimal Surgery》（泪道手术图谱）一书的摘录内容，由R.K. Weber、R. Keerl、S.D. Schaefer和R.C. Della Rocca主编，Springer出版社于2007年出版。前言指出，泪道手术旨在解决“干眼”患者溢泪的问题，由于眼与鼻关系密切，需由眼科、耳鼻喉科及整形外科医生跨学科协作；本书第一部分涵盖手术解剖、生理与病理生理及临床和放射学评估，第二部分由全球知名专家介绍各类手术，并附有手术视频DVD。

第1章“鼻泪管的解剖与生理”由Friedrich Paulsen撰写，核心内容包括：泪膜由泪腺和眼睑结构产生，其组成受泪腺功能单元调控；眼表上皮与泪腺共同产生膜结合型及分泌型黏蛋白，对稳定泪膜、黏附上皮及抗菌具有重要作用；结膜来源的TFF肽影响泪膜流变学特性。泪液引流涉及多种机制，其中眼轮匝肌泪部的作用最为关键，而上皮分泌物、周围海绵体及结缔组织纤维排列有助于泪液从泪囊引流至鼻下鼻道。鼻泪管上皮通过产生黏蛋白和TFF肽促进泪液流动，参与抗菌防御，并能吸收泪液成分；泪囊和鼻泪管周围的海绵体可通过血管舒缩调节管腔开闭，从而调控泪液流出。

文档还涉及第7章关于泪道临床评估的内容，包括通过生理盐水冲洗测试泪道通畅性，并根据结果分类：无阻塞属功能性问题（如泪点位置异常或泪泵功能不足）；无法进入泪点或泪小管提示近端阻塞，可尝试探通扩张或“三剪术”；冲洗液从下泪点反流则提示远端阻塞，即鼻泪管梗阻。术前需行鼻内镜检查排除鼻中隔偏曲、鼻息肉、慢性鼻窦炎及肿瘤等，活动性Wegener肉芽肿为手术禁忌；CT仅在有肿瘤可疑时进行。

第13章讨论了介入放射技术在泪道梗阻中的应用，如球囊泪囊成形术可作为鼻泪管狭窄的一线非手术疗法，初始成功者长期通畅率较高。聚氨酯支架置入虽操作简单、安全、可逆且无面部瘢痕，但长期效果欠佳，成功率随时间下降，故应谨慎作为首选；新型亲水性涂层TearLeader支架初步显示更优趋势，仍需更长随访验证。",本书出版于2007年，是面向眼科、耳鼻咽喉科及整形外科医师的泪道外科实用参考图谱，强调眼—鼻解剖关系与跨学科诊疗，配有232幅图、20张表及手术视频。全书先介绍眼表、泪腺、泪小点、泪小管、泪囊和鼻泪管的解剖生理、泪液引流机制及免疫防御；继而讨论原发性获得性鼻泪管阻塞（PANDO）、泪道结石、干眼和泪小点栓塞等病理问题。诊断部分涵盖病史、触诊、荧光染料试验、泪道冲洗与探通，并介绍泪道造影、核素泪道显像等影像检查。手术内容包括泪道探通与插管、成人及儿童鼻腔泪囊吻合术（DCR）、激光辅助DCR、内镜DCR及其并发症处理，还涉及鼻泪道损伤、微创显微内镜技术、结膜鼻腔吻合术、Jones管植入和介入放射学治疗，适合系统学习泪道阻塞、溢泪及相关疾病的评估与手术决策。
22,Atlas of Oculoplastic and Orbital Surgery-Spoor 2010,normalized_exact,11-整形与泪道,bdde98f8-4f6b-4b3f-89a4-3cee7f5133b4,10000,700c02bb-0871-4539-8de0-9cc8b7f9e07f,Atlas of Oculoplastic and Orbital Surgery-Spoor 2010_weknora.mhtml,Atlas of Oculoplastic and Orbital Surgery-Spoor 2010_weknora.mhtml,completed,6afc05d9-1bca-404f-937f-6ae481ba2a68,69947866-8557-423e-8a1c-d47656fedf98,393,1093,08fc9227265df513dedf1d7a3dffd9a65e8de54d6728551098af2cc3174eb156,"《眼整形与眼眶外科图谱》（Atlas of Oculoplastic and Orbital Surgery）由托马斯·C·斯普尔（Thomas C. Spoor）博士编写，旨在为眼科医生提供一套实用、以问题为导向的眼整形与眼眶手术操作指南。该书基于作者30年的临床经验，重点介绍了常见眼部疾病的诊断与手术治疗，并强调了并发症的预防与管理。

本书的核心内容涵盖以下几个方面：

1.  **下睑手术与解剖**：详细阐述了下睑的三块脂肪垫（内、中、外）及其解剖关系。书中提倡采用经结膜入路进行下睑成形术，认为该方法能有效处理大多数下睑问题，并指出仅在特定情况下（如严重的皮肤松弛或内翻修复）才需采用经皮入路。
2.  **上睑手术与悬吊技术**：介绍了包括“捏式”睑成形术（pinch blepharoplasty）在内的多种上睑手术技巧，以及针对先天性上睑下垂或提上睑肌功能丧失患者的筋膜悬吊术。书中通过详细的步骤说明和术前术后对比，展示了如何通过深层组织固定来获得自然的外观效果。
3.  **眼眶及神经眼科手术**：书末章节涉及较为专业的眼眶手术及颞动脉活检。针对颞动脉活检，书中强调了定位动脉的技巧，并建议在手术中避免使用含肾上腺素的利多卡因，以防动脉收缩增加操作难度。
4.  **临床教学与实用技巧**：全书采用教学式风格，通过大量手术照片和图示，分步骤讲解手术过程。作者强调了手术中的“实用珍珠”（practical pearls），旨在帮助年轻医生和综合眼科医生通过简单、有效的方法处理复杂的眼部疾病，并从前人的经验与教训中获益。

总体而言，本书并非百科全书式的理论著作，而是一本侧重于临床实践的工具书，旨在通过标准化的手术步骤，帮助外科医生在保证安全的前提下，高效地完成常见的眼整形与眼眶手术。","# Summary
《眼整形与眼眶外科图谱》（Atlas of Oculoplastic and Orbital Surgery）由托马斯·C·斯普尔（Thomas C. Spoor）博士编写，旨在为眼科医生提供一套实用、以问题为导向的眼整形与眼眶手术操作指南。该书基于作者30年的临床经验，重点介绍了常见眼部疾病的诊断与手术治疗，并强调了并发症的预防与管理。

本书的核心内容涵盖以下几个方面：

1.  **下睑手术与解剖**：详细阐述了下睑的三块脂肪垫（内、中、外）及其解剖关系。书中提倡采用经结膜入路进行下睑成形术，认为该方法能有效处理大多数下睑问题，并指出仅在特定情况下（如严重的皮肤松弛或内翻修复）才需采用经皮入路。
2.  **上睑手术与悬吊技术**：介绍了包括“捏式”睑成形术（pinch blepharoplasty）在内的多种上睑手术技巧，以及针对先天性上睑下垂或提上睑肌功能丧失患者的筋膜悬吊术。书中通过详细的步骤说明和术前术后对比，展示了如何通过深层组织固定来获得自然的外观效果。
3.  **眼眶及神经眼科手术**：书末章节涉及较为专业的眼眶手术及颞动脉活检。针对颞动脉活检，书中强调了定位动脉的技巧，并建议在手术中避免使用含肾上腺素的利多卡因，以防动脉收缩增加操作难度。
4.  **临床教学与实用技巧**：全书采用教学式风格，通过大量手术照片和图示，分步骤讲解手术过程。作者强调了手术中的“实用珍珠”（practical pearls），旨在帮助年轻医生和综合眼科医生通过简单、有效的方法处理复杂的眼部疾病，并从前人的经验与教训中获益。

总体而言，本书并非百科全书式的理论著作，而是一本侧重于临床实践的工具书，旨在通过标准化的手术步骤，帮助外科医生在保证安全的前提下，高效地完成常见的眼整形与眼眶手术。",本书出版于2010年，是Thomas C. Spoor编著的实用型眼整形与眼眶手术图谱，面向综合眼科医师、眼整形/眼眶外科医师、神经眼科医师、整形外科医师及住院医师，重点处理常见眼睑与眼眶疾病，采用手术照片、示意图和步骤化方法讲解。全书涵盖下睑成形术（经结膜、经皮）、眶隔脂肪处理、外眦切开与睑板条、睑外翻和睑内翻修复、下睑退缩及ENDURAGen间隔植入；总结下睑术后水肿、结膜水肿、出血、角膜擦伤、复视等并发症。上睑部分涉及上睑下垂、提上睑肌腱膜前移、眉下垂、上睑成形及Hering定律，并讨论上睑术后闭合不全、睑退缩、缝线性角膜病、感染和结膜松弛。泪道章节介绍干眼、流泪、泪点外翻、结膜松弛的裂隙灯检查、丽丝胺绿染色、泪点扩张冲洗及外路泪囊鼻腔吻合术。眼眶章节覆盖CT/MRI定位、眶肿瘤活检或切除、外侧/下方/内侧眶切开、眶减压、眶底及内侧壁骨折修复、视神经鞘减压和颞动脉活检。
23,Atlas of Orbital Imaging-Guy Ben Simon 2022,normalized_exact,16-检查：CT 与 MRI,c9231d63-fc70-4995-be25-876189e90f6d,10000,2b0434f0-7fcc-4235-8c6a-a074495d0eac,Atlas of Orbital Imaging-Guy Ben Simon 2022_weknora.mhtml,Atlas of Orbital Imaging-Guy Ben Simon 2022_weknora.mhtml,completed,0af24b2b-f4cc-4026-884c-f3813a0232e2,68464deb-6341-4bf3-a683-bc265a4f3ca8,395,1103,f52c9c92bc7256d086975e02276bb03bf795a0a1c5df0ee09be65c34d9ad4912,"文档节选围绕眼眶影像学与相关解剖、病变及术后重建展开。首先介绍眼眶的总体结构：眼眶是基底向前、尖端向后内侧的方锥形骨性腔，由额骨、蝶骨、颧骨、泪骨、上颌骨、筛骨和腭骨共同构成，内部容纳眼球、视神经、眼外肌、相关颅神经、泪腺及泪道等结构。眼眶分为顶、底、内侧壁和外侧壁，并通过视神经管、眶上裂和眶下裂与颅腔、翼腭窝及颞下窝相通。文中还详细描述了泪囊窝、鼻泪管、筛前及筛后孔、眶下管以及视神经管与蝶窦和蝶骨的解剖关系。

影像学方面，CT，尤其是骨窗及三维重建，被认为是评估眼眶骨结构的首选方法；MRI可作为补充，用于某些骨性病变，特别是判断骨髓受累。图示涵盖眼眶各壁、眶缘、裂隙、神经孔道、邻近鼻窦和颅底结构，以及眼球、视神经和前部视觉通路的关系。

节选的另一部分讨论皮肤黑色素瘤的眼眶转移。病变常表现为边界清楚、可位于眼外肌、肌锥内外、泪囊或眶静脉走行区的肿块，MRI可见T1信号不均或偏高、T2低信号，通常强化并具有FDG摄取，低ADC可能有助于诊断。临床上常见复视、眼球突出和上睑下垂，诊断依靠眶内活检。免疫检查点抑制剂的应用改善了治疗效果，部分转移灶可在MRI上完全消退。

最后，图例展示了眼球摘除、创伤及眼眶重建后的表现，包括Medpor多孔聚乙烯植入物、钛网、整合型眶球植入物、纤维血管长入、义眼和巩膜壳，以及眶底骨折伴眼眶脂肪和下直肌脱垂等影像特征。","# Summary
文档节选围绕眼眶影像学与相关解剖、病变及术后重建展开。首先介绍眼眶的总体结构：眼眶是基底向前、尖端向后内侧的方锥形骨性腔，由额骨、蝶骨、颧骨、泪骨、上颌骨、筛骨和腭骨共同构成，内部容纳眼球、视神经、眼外肌、相关颅神经、泪腺及泪道等结构。眼眶分为顶、底、内侧壁和外侧壁，并通过视神经管、眶上裂和眶下裂与颅腔、翼腭窝及颞下窝相通。文中还详细描述了泪囊窝、鼻泪管、筛前及筛后孔、眶下管以及视神经管与蝶窦和蝶骨的解剖关系。

影像学方面，CT，尤其是骨窗及三维重建，被认为是评估眼眶骨结构的首选方法；MRI可作为补充，用于某些骨性病变，特别是判断骨髓受累。图示涵盖眼眶各壁、眶缘、裂隙、神经孔道、邻近鼻窦和颅底结构，以及眼球、视神经和前部视觉通路的关系。

节选的另一部分讨论皮肤黑色素瘤的眼眶转移。病变常表现为边界清楚、可位于眼外肌、肌锥内外、泪囊或眶静脉走行区的肿块，MRI可见T1信号不均或偏高、T2低信号，通常强化并具有FDG摄取，低ADC可能有助于诊断。临床上常见复视、眼球突出和上睑下垂，诊断依靠眶内活检。免疫检查点抑制剂的应用改善了治疗效果，部分转移灶可在MRI上完全消退。

最后，图例展示了眼球摘除、创伤及眼眶重建后的表现，包括Medpor多孔聚乙烯植入物、钛网、整合型眶球植入物、纤维血管长入、义眼和巩膜壳，以及眶底骨折伴眼眶脂肪和下直肌脱垂等影像特征。",本书出版于2022年，是面向眼科、眼整形与眼眶外科、神经放射科、耳鼻喉科及相关影像医师的眼眶影像学图谱，依托1275幅图像和5张表，强调影像观察、模式识别及与临床表现、病理和手术规划的结合。全书先介绍眼眶骨骼、血管、眼睑及眼附属器、眼外肌、鼻旁窦、眶裂、海绵窦和Meckel腔等解剖；继而系统讲解CT、MRI、CTA/CTV、MRA/MRV、术中动态成像、肿瘤超声、彩色多普勒及PET/CT。疾病部分涵盖颅面发育异常、神经纤维瘤病、无眼球/小眼球、皮样及表皮样囊肿、泪腺肿瘤、泪道阻塞与泪囊炎、淋巴瘤、浆细胞瘤、肉瘤、横纹肌肉瘤、孤立性纤维性肿瘤、眼眶及眼附属器恶性肿瘤、转移癌、骨性病变、视神经胶质瘤和鞘膜脑膜瘤、淋巴及静脉畸形、颈动脉海绵窦瘘、特发性炎症、甲状腺眼病、眶蜂窝织炎、真菌感染、创伤、异物、出血、术后改变及眼周填充剂并发症，可用于诊断鉴别、介入评估、治疗决策和眼眶手术规划。
24,Atlas of retinal OCT-Darin R Goldman 2018,normalized_exact,06-眼底病与视网膜内科,f900fe21-9deb-47e0-bf36-ce06022cae92,10000,e697d8b7-e68c-4dbc-b529-f71762cb62ca,Atlas of retinal OCT-Darin R Goldman 2018_weknora.mhtml,Atlas of retinal OCT-Darin R Goldman 2018_weknora.mhtml,completed,ec3964d5-e072-41ed-8f0a-762989a2d8d2,ecdff10e-4645-4da1-881c-ed51fd4ebb6e,431,1153,dd978a5b269f24bb05c1f2c71d05fb17cc956f923662a42be744e4d5bdc049ab,"《视网膜OCT图谱》（Atlas of Retinal OCT）是一部旨在为临床医生提供视网膜光学相干断层扫描（OCT）诊断辅助的专业参考书。该书通过高质量的影像资料，详细阐述了OCT技术在眼科临床中的应用，涵盖了从正常解剖结构到多种视网膜病变的影像学特征。

该书的核心内容包括以下几个方面：

1.  **OCT技术原理与演进**：书中对比了时域OCT（TD-OCT）与频域OCT（SD-OCT）及扫频OCT（SS-OCT）的技术差异。SD-OCT通过光谱干涉技术实现了更快的扫描速度和更高的图像分辨率，能够清晰展示视网膜的微观解剖结构，成为目前临床评估的标准工具。
2.  **视盘与视神经的评估**：详细介绍了视盘的体积扫描与线扫描模式。OCT通过测量视网膜神经纤维层（RNFL）厚度、神经节细胞复合体（GCC）以及视盘形态（如杯盘比、盘沿面积），为视神经健康评估提供了量化指标。同时，OCT血管成像（OCTA）技术进一步增强了对视盘血管密度及血流情况的理解。
3.  **视网膜病变的临床诊断**：以视网膜中央静脉阻塞（CRVO）为例，探讨了病理机制、临床表现及OCT在评估黄斑水肿、视网膜缺血及治疗反应中的关键作用。书中强调，黄斑厚度与视力呈负相关，而光感受器层（特别是椭圆体带）的完整性是预后的重要指标。
4.  **特殊病变的影像鉴别**：书中详细分析了髓鞘化神经纤维层（mNFL）等特殊病变的OCT特征。mNFL在OCT上表现为极高的表面反射率及伴随的深层阴影，通过这些特征可将其与视网膜水肿或血管性病变进行临床鉴别，且该病变在OCT上表现出长期的稳定性。

总体而言，该图谱通过丰富的病例影像和临床分析，旨在帮助临床医生更准确地解读OCT扫描结果，从而优化患者的诊断与治疗方案。","# Summary
《视网膜OCT图谱》（Atlas of Retinal OCT）是一部旨在为临床医生提供视网膜光学相干断层扫描（OCT）诊断辅助的专业参考书。该书通过高质量的影像资料，详细阐述了OCT技术在眼科临床中的应用，涵盖了从正常解剖结构到多种视网膜病变的影像学特征。

该书的核心内容包括以下几个方面：

1.  **OCT技术原理与演进**：书中对比了时域OCT（TD-OCT）与频域OCT（SD-OCT）及扫频OCT（SS-OCT）的技术差异。SD-OCT通过光谱干涉技术实现了更快的扫描速度和更高的图像分辨率，能够清晰展示视网膜的微观解剖结构，成为目前临床评估的标准工具。
2.  **视盘与视神经的评估**：详细介绍了视盘的体积扫描与线扫描模式。OCT通过测量视网膜神经纤维层（RNFL）厚度、神经节细胞复合体（GCC）以及视盘形态（如杯盘比、盘沿面积），为视神经健康评估提供了量化指标。同时，OCT血管成像（OCTA）技术进一步增强了对视盘血管密度及血流情况的理解。
3.  **视网膜病变的临床诊断**：以视网膜中央静脉阻塞（CRVO）为例，探讨了病理机制、临床表现及OCT在评估黄斑水肿、视网膜缺血及治疗反应中的关键作用。书中强调，黄斑厚度与视力呈负相关，而光感受器层（特别是椭圆体带）的完整性是预后的重要指标。
4.  **特殊病变的影像鉴别**：书中详细分析了髓鞘化神经纤维层（mNFL）等特殊病变的OCT特征。mNFL在OCT上表现为极高的表面反射率及伴随的深层阴影，通过这些特征可将其与视网膜水肿或血管性病变进行临床鉴别，且该病变在OCT上表现出长期的稳定性。

总体而言，该图谱通过丰富的病例影像和临床分析，旨在帮助临床医生更准确地解读OCT扫描结果，从而优化患者的诊断与治疗方案。",本书出版于2018年，是面向眼科初学者及资深临床医生的视网膜光学相干断层扫描（OCT）图谱，既可作为《Handbook of Retinal OCT》的补充，也可独立用于日常阅片和诊疗参考。全书从正常视神经、视网膜、脉络膜和玻璃体入手，介绍时域、谱域、扫频OCT及OCT血管成像（OCTA），并讨论图像伪影与误差。随后围绕黄斑疾病、血管阻塞、葡萄膜炎和炎症、视网膜及脉络膜肿瘤、眼外伤、遗传性视网膜变性、玻璃体疾病及周边视网膜异常展开，涵盖年龄相关性黄斑变性、玻璃体黄斑界面疾病、中心性浆液性脉络膜视网膜病变、病理性近视、羟氯喹毒性、糖尿病视网膜病变、视网膜动静脉阻塞、感染性脉络膜视网膜炎、脉络膜黑色素瘤、视网膜脱离等。书中以大量高质量OCT B扫描、en face OCT、OCTA及眼底照相、荧光素血管造影、吲哚菁绿血管造影、眼底自发荧光和近红外成像对照展示病变特征，突出RNFL、GCC、RPE、光感受器、脉络膜新生血管、黄斑水肿及视网膜结构改变的识别。
25,"Becker-Shaffer's Diagnosis and Therapy of the Glaucomas-Robert L. Stamper, Marc F. Lieberman and Michael V. Drake 2009",normalized_exact,05-青光眼,8bf942e4-80dc-4a8a-87cf-486f897fe2bd,10000,a0b16ded-0ab9-4e7a-92bb-ec863bc741ca,"Becker-Shaffer's Diagnosis and Therapy of the Glaucomas-Robert L. Stamper, Marc F. Lieberman and Michael V. Drake 2009_weknora.mhtml","Becker-Shaffer's Diagnosis and Therapy of the Glaucomas-Robert L. Stamper, Marc F. Lieberman and Michael V. Drake 2009_weknora.mhtml",completed,2ef41d9b-7301-4ef8-b03e-e5da4d0df68e,4a83c54a-703c-4dcb-9714-36bf00ad90a2,396,1137,5b0b1409f8852570e44723ce4d0941c9d247068b747b7bce46960cb4cddcb243,"本摘要基于《Becker-Shaffer青光眼诊断与治疗》一书的节选，涵盖青光眼定义分类、流行病学、主要临床试验、发育性青光眼及手术技术等专题。

在定义与分类方面，文本指出青光眼概念在过去百年间持续演变，原义为""混浊""，如今并非单一疾病，而是一组临床表现、病理生理和治疗各异，但共同具有视神经盘凹陷萎缩及相应视野缺损的疾病。本书将青光眼定义为可通过充分降低眼压而阻止或减轻的视神经结构或功能完整性障碍。原发性开角型青光眼被明确界定为一种在房角开放情况下发生的多因素视神经病变，以视神经特征性获得性萎缩和视网膜神经节细胞丧失为特点；而其他类型青光眼（尤其继发性青光眼）则首先以眼压升高来定义。原发性青光眼通常双侧且与遗传易感性相关，继发性青光眼常为单侧、后天获得。眼压由房水生成速率、房水流出阻力及巩膜静脉压共同决定，眼压升高通常源于房水流出阻力增加。

流行病学方面，青光眼是全球第二大致盲","# Summary
本摘要基于《Becker-Shaffer青光眼诊断与治疗》一书的节选，涵盖青光眼定义分类、流行病学、主要临床试验、发育性青光眼及手术技术等专题。

在定义与分类方面，文本指出青光眼概念在过去百年间持续演变，原义为""混浊""，如今并非单一疾病，而是一组临床表现、病理生理和治疗各异，但共同具有视神经盘凹陷萎缩及相应视野缺损的疾病。本书将青光眼定义为可通过充分降低眼压而阻止或减轻的视神经结构或功能完整性障碍。原发性开角型青光眼被明确界定为一种在房角开放情况下发生的多因素视神经病变，以视神经特征性获得性萎缩和视网膜神经节细胞丧失为特点；而其他类型青光眼（尤其继发性青光眼）则首先以眼压升高来定义。原发性青光眼通常双侧且与遗传易感性相关，继发性青光眼常为单侧、后天获得。眼压由房水生成速率、房水流出阻力及巩膜静脉压共同决定，眼压升高通常源于房水流出阻力增加。

流行病学方面，青光眼是全球第二大致盲",本书出版于2009年，是面向眼科临床医师、住院医师及相关研究者的青光眼诊断与治疗专著。全书从青光眼定义、流行病学和分类入手，系统讲解房水生成与外流、眼压及其测量，涵盖Goldmann压平眼压计、动态轮廓眼压计、房角镜、视野检查、自动静态视野计、视觉电生理，以及视盘评估和CSLO、HRT、OCT、GDX等影像技术。疾病框架包括原发性闭角型、原发性开角型、正常眼压性、色素性、假性剥脱性、激素性、炎症、外伤、肿瘤相关继发性青光眼，以及发育性、先天性和儿童青光眼，并讨论青光眼遗传学、危险因素、疑似患者和随访管理。治疗部分涵盖目标眼压、依从性与药物管理，前列腺素、肾上腺素能药物、β受体阻滞剂、碳酸酐酶抑制剂、胆碱能药物和高渗剂；还详细介绍激光周边虹膜切开术、虹膜成形术、激光小梁成形术、睫状体光凝、激光及传统滤过手术、引流装置、白内障联合青光眼手术、儿童房角手术、非穿透性手术及术后并发症处理。
26,Biochemistry of the Eye-David R. Whikehart 2003,normalized_exact,01-眼科综合：基础与全身病,09c593aa-1a64-48de-af81-fc4d30d551b4,10000,3859858a-bb82-49c5-9118-5638a9f0f000,Biochemistry of the Eye-David R. Whikehart 2003_weknora.mhtml,Biochemistry of the Eye-David R. Whikehart 2003_weknora.mhtml,completed,1c26ecee-be4f-4bd2-88e6-0b0b08f7efc7,cae93a00-7049-4376-8fde-0c0b3ea88271,407,1137,3c970c191b4d8b48aa33ff28604ebaa47246b956e8a1c502c53f77291cbe9552,"### David R. Whikehart

## BIOCHEMISTRY of the Eye

2 $ ^{nd} $ edition

ISBN 0-7506-7152-1

# Preface to the 2 $ ^{nd} $ edition

It is a modest statement to say that much has happened in this area
since the 1st edition appeared. A perusal through the literature will
show that great strides have occurred in the understanding of many
heretofore difficult sections of ocular biochemistry including:
diabetes, visual transduction, chemical tissue degradation,
immunochemistry, cataractogenesis, and s","# Summary
### David R. Whikehart

## BIOCHEMISTRY of the Eye

2 $ ^{nd} $ edition

ISBN 0-7506-7152-1

# Preface to the 2 $ ^{nd} $ edition

It is a modest statement to say that much has happened in this area
since the 1st edition appeared. A perusal through the literature will
show that great strides have occurred in the understanding of many
heretofore difficult sections of ocular biochemistry including:
diabetes, visual transduction, chemical tissue degradation,
immunochemistry, cataractogenesis, and s",本书出版于2003年，面向学习眼科学、生物化学、视觉科学及视力保健的学生和读者，系统解释影响眼睛正常与病理功能的分子结构和生化过程。全书从水、血液、房水、玻璃体和泪膜等眼部液体入手，介绍蛋白质、晶状体晶状体蛋白、视紫红质与视锥色素、黏蛋白和胶原；继而讨论酶学、Na⁺/K⁺-ATPase、醛糖还原酶、基质金属蛋白酶、糖酵解及糖代谢，并联系糖尿病、半乳糖血症、糖性白内障、糖尿病视网膜病变和角膜病变。后续章节涵盖脂质、维生素A、视网膜膜结构、激素与第二信使、cGMP视觉转导、DNA/RNA、晶状体基因表达、病毒性角膜感染、基因治疗潜力、眼部神经化学与自主神经功能，以及免疫球蛋白、补体和炎症。末章分析细胞凋亡、玻璃体液化、视网膜脱离风险和角膜碱烧伤等老化与损伤机制。书中还涉及X射线晶体学、计算机分子建模、酶动力学与Lineweaver–Burk分析、眼压调控、青光眼药理抑制、前列腺素治疗及视觉信号通路等关键词。
27,Clinical Anatomy and Physiology of the Visual System-Lee Ann Remington 2012,normalized_exact,01-眼科综合：基础与全身病,09c593aa-1a64-48de-af81-fc4d30d551b4,10000,0a053ef4-2ef9-4af6-a41a-98a39138b57a,Clinical Anatomy and Physiology of the Visual System-Lee Ann Remington 2012_weknora.mhtml,Clinical Anatomy and Physiology of the Visual System-Lee Ann Remington 2012_weknora.mhtml,completed,f7789368-c6c6-4e3f-984c-b0ef953863c4,a11b92ee-f77a-4b5a-b877-dd750a78911c,371,1093,13d0ca674148a123411c55c23f0c4e86f23155fac5db076d90296aaf2af77957,"《视觉系统临床解剖学与生理学》（第三版）是一本为视光师、眼科医生及相关专业学生编写的综合性教材。该书详细阐述了眼球及其附属器的胚胎发育、解剖结构、组织学特征、生理功能、血液供应及神经支配，并涵盖了视觉与瞳孔传导通路。

该书的核心内容包括以下几个方面：

1.  **眼球结构与功能**：眼球由纤维层（角膜和巩膜）、血管层（葡萄膜：虹膜、睫状体和脉络膜）以及神经层（视网膜）构成。书中详细描述了眼内三个腔室（前房、后房和玻璃体腔）及其内容物（房水和玻璃体）的生理作用，强调了各结构在光线折射、营养供应及视觉信号转换中的功能。
2.  **胚胎发育**：书中探讨了眼部结构的胚胎起源，指出眼部组织主要源自表面外胚层、神经外胚层和神经嵴。通过对发育过程的分析，帮助读者理解各组织结构的形成机制及其临床意义。
3.  **附属器与神经血管系统**：内容涵盖了眼眶骨骼、眼睑结构、泪膜分泌与引流、眼外肌运动及其临床评估。同时，详细介绍了供应眼部及附属器的颈动脉分支，以及支配眼部结构的颅神经通路。
4.  **视觉与瞳孔通路**：书中深入分析了视觉传导通路及其与周围结构的解剖关系，并结合临床案例讨论了各种视觉视野缺损。此外，还专门讨论了自主神经通路对眼部平滑肌及泪腺的支配，包括瞳孔异常（如霍纳综合征）的诊断与药理学评估。
5.  **临床应用**：全书贯穿“临床评论”板块，旨在将解剖与生理知识转化为临床实践能力，帮助医生识别常见的眼部疾病、异常表现及其病理生理基础。

该书通过严谨的术语定义和详尽的图表说明，为理解视觉系统的复杂性提供了坚实的理论基础，是临床诊断与治疗的重要参考资料。","# Summary
《视觉系统临床解剖学与生理学》（第三版）是一本为视光师、眼科医生及相关专业学生编写的综合性教材。该书详细阐述了眼球及其附属器的胚胎发育、解剖结构、组织学特征、生理功能、血液供应及神经支配，并涵盖了视觉与瞳孔传导通路。

该书的核心内容包括以下几个方面：

1.  **眼球结构与功能**：眼球由纤维层（角膜和巩膜）、血管层（葡萄膜：虹膜、睫状体和脉络膜）以及神经层（视网膜）构成。书中详细描述了眼内三个腔室（前房、后房和玻璃体腔）及其内容物（房水和玻璃体）的生理作用，强调了各结构在光线折射、营养供应及视觉信号转换中的功能。
2.  **胚胎发育**：书中探讨了眼部结构的胚胎起源，指出眼部组织主要源自表面外胚层、神经外胚层和神经嵴。通过对发育过程的分析，帮助读者理解各组织结构的形成机制及其临床意义。
3.  **附属器与神经血管系统**：内容涵盖了眼眶骨骼、眼睑结构、泪膜分泌与引流、眼外肌运动及其临床评估。同时，详细介绍了供应眼部及附属器的颈动脉分支，以及支配眼部结构的颅神经通路。
4.  **视觉与瞳孔通路**：书中深入分析了视觉传导通路及其与周围结构的解剖关系，并结合临床案例讨论了各种视觉视野缺损。此外，还专门讨论了自主神经通路对眼部平滑肌及泪腺的支配，包括瞳孔异常（如霍纳综合征）的诊断与药理学评估。
5.  **临床应用**：全书贯穿“临床评论”板块，旨在将解剖与生理知识转化为临床实践能力，帮助医生识别常见的眼部疾病、异常表现及其病理生理基础。

该书通过严谨的术语定义和详尽的图表说明，为理解视觉系统的复杂性提供了坚实的理论基础，是临床诊断与治疗的重要参考资料。",本书出版于2012年，是面向验光学、眼科学学生及临床医生的视觉系统基础与临床参考书，系统结合胚胎学、宏观与显微解剖、组织学、生理学、血供及神经支配。内容从视觉系统概论、细胞组织学和生理学入手，依次讲解眼球三层结构（角膜—巩膜、葡萄膜、视网膜）、晶状体、房水与玻璃体，再扩展至眼球发育、眼眶骨与结缔组织、眼睑和泪器、眼外肌及眼球运动；后半部分重点讨论眼部血供、颅神经支配、视路及视野缺损、自主神经与瞳孔通路和异常。书中贯穿屈光不正、散光、圆锥角膜、角膜水肿、Fuchs营养不良、青光眼相关高眼压、角膜新生血管、角膜缘干细胞缺乏、眼眶爆裂骨折和眶蜂窝织炎等临床问题，并介绍角膜曲率计、角膜地形图、检影镜、眼底镜、裂隙灯、生物显微镜、视野计及视网膜/视神经三维成像；涉及角膜移植、角膜胶原交联、角膜塑形、虹膜切除及口腔黏膜上皮移植等治疗与手术技术。
28,Clinical OCT Angiography Atlas-Bruno Lumbroso 2015,normalized_exact,14-检查：OCT/OCTA,7859da35-5359-43bb-bca6-4f99792392ea,10000,461afca3-fbbe-43be-a175-b1db1134481b,Clinical OCT Angiography Atlas-Bruno Lumbroso 2015_weknora.mhtml,Clinical OCT Angiography Atlas-Bruno Lumbroso 2015_weknora.mhtml,completed,c12d680e-2d6f-4c5d-b6ed-63797dcc0af1,08366d97-08b9-4237-9366-847c1f9553c2,364,992,882d254966a330260e4c974f4539c08212de990ad01f662b39578388dc6fe4f9,"《临床OCT血管造影图谱》（Clinical OCT Angiography Atlas）是一部旨在指导眼科医生理解并应用OCT血管造影（OCTA）技术的专业参考书。该书由多位眼科领域专家共同编辑，详细介绍了OCTA作为一种新型功能性成像模态的原理、临床应用及图像解读方法。

本书的核心内容涵盖以下几个方面：

1. **技术原理与优势**：OCTA通过检测血流运动产生的对比度来可视化微血管结构，无需注射造影剂。与传统的荧光素或吲哚菁绿血管造影相比，OCTA具有无创、快速、可重复性强以及无染料泄漏干扰等优势，能够提供视网膜毛细血管丛及脉络膜毛细血管的三维数据。
2. **临床应用范围**：图谱通过二十多个章节，深入探讨了OCTA在多种眼科疾病中的应用，包括年龄相关性黄斑变性（AMD）、糖尿病视网膜病变、黄斑毛细血管扩张症、近视相关病变以及青光眼等。书中强调了将OCTA图像与结构性OCT图像进行整合分析的重要性。
3. **图像解读与伪影识别**：书中特别指出，OCTA图像比单纯的结构性OCT更为复杂，容易出现伪影（如分割错误或信号遮蔽）。因此，临床医生需要掌握如何识别这些伪影，并结合结构性OCT数据进行综合评估，以避免误诊。
4. **技术演进与未来展望**：内容涉及了谱域OCT（SD-OCT）与扫频源OCT（SS-OCT）技术的对比。研究表明，扫频源OCT技术凭借更长的波长，在脉络膜毛细血管成像方面表现出更优的性能，并有望实现更广域的成像。

该图谱旨在填补临床对OCTA技术认知与应用的需求，帮助眼科医生在日常诊疗中准确识别病变特征，评估疾病进展及治疗反应，从而推动OCTA成为眼科血管成像的新标准。","# Summary
《临床OCT血管造影图谱》（Clinical OCT Angiography Atlas）是一部旨在指导眼科医生理解并应用OCT血管造影（OCTA）技术的专业参考书。该书由多位眼科领域专家共同编辑，详细介绍了OCTA作为一种新型功能性成像模态的原理、临床应用及图像解读方法。

本书的核心内容涵盖以下几个方面：

1. **技术原理与优势**：OCTA通过检测血流运动产生的对比度来可视化微血管结构，无需注射造影剂。与传统的荧光素或吲哚菁绿血管造影相比，OCTA具有无创、快速、可重复性强以及无染料泄漏干扰等优势，能够提供视网膜毛细血管丛及脉络膜毛细血管的三维数据。
2. **临床应用范围**：图谱通过二十多个章节，深入探讨了OCTA在多种眼科疾病中的应用，包括年龄相关性黄斑变性（AMD）、糖尿病视网膜病变、黄斑毛细血管扩张症、近视相关病变以及青光眼等。书中强调了将OCTA图像与结构性OCT图像进行整合分析的重要性。
3. **图像解读与伪影识别**：书中特别指出，OCTA图像比单纯的结构性OCT更为复杂，容易出现伪影（如分割错误或信号遮蔽）。因此，临床医生需要掌握如何识别这些伪影，并结合结构性OCT数据进行综合评估，以避免误诊。
4. **技术演进与未来展望**：内容涉及了谱域OCT（SD-OCT）与扫频源OCT（SS-OCT）技术的对比。研究表明，扫频源OCT技术凭借更长的波长，在脉络膜毛细血管成像方面表现出更优的性能，并有望实现更广域的成像。

该图谱旨在填补临床对OCTA技术认知与应用的需求，帮助眼科医生在日常诊疗中准确识别病变特征，评估疾病进展及治疗反应，从而推动OCTA成为眼科血管成像的新标准。",本书出版于2015年，是面向眼科医师、视网膜专科医师及眼科影像研究者的临床OCT血管成像（OCTA）图谱，重点讲解无造影剂显示视网膜、脉络膜及前节微血管的原理、检查流程与影像判读。全书涵盖OCTA技术基础、SSADA与扫频/谱域OCT比较、AngioVue分层与运动校正、伪影识别、流量指数和血管密度定量，以及正常视网膜血管结构；疾病部分涉及角膜和前节、渗出性与非渗出性年龄相关性黄斑变性、1/2型脉络膜新生血管（CNV）、息肉样脉络膜血管病变、中心性浆液性脉络膜视网膜病变、黄斑毛细血管扩张症2型、视网膜静脉/动脉阻塞、糖尿病视网膜病变、黄斑缺血与中心凹无血管区、高度近视、脉络膜痣与黑色素瘤、青光眼及视神经。书中还介绍CNV分型、治疗后随访和治疗反应评估，并展望超高速扫频源OCTA在正常眼、糖尿病及非渗出性AMD中的应用。
29,Clinical Ocular Toxicology-Fraunfelder Fraunfelder Chambers 2008,normalized_exact,01-眼科综合：基础与全身病,09c593aa-1a64-48de-af81-fc4d30d551b4,10000,8c3fdfda-33ad-4788-99b8-09531076972b,Clinical Ocular Toxicology-Fraunfelder Fraunfelder Chambers 2008_weknora.mhtml,Clinical Ocular Toxicology-Fraunfelder Fraunfelder Chambers 2008_weknora.mhtml,completed,2447f090-17fc-4f7c-8194-9d47fc6dac2e,0ab5c476-6697-40e4-b552-330f117cae03,420,1210,b65304ac9cd880c7abece0db123643aec2d42b89675f943dc6f2852803453566,"本文内容出自临床眼科毒理学参考文献，涵盖药效学基础理论及多种药物的眼部不良反应。

**药效学原理**：药效学定义为活性药物组织浓度与其药理效应之间的定量关系。药物作用靶点多样，包括膜蛋白受体、离子通道、细胞内骨架结构、酶、DNA启动子区域及信使RNA等。生物技术药物（""生物制剂""）可针对特定细胞因子、表面受体或信号转导关键环节，但存在抗原性风险。药物按作用方式分为激动剂、拮抗剂、部分激动剂、反向激动剂、变构调节剂及酶抑制剂/激活剂等类别；竞争性拮抗可被增加激动剂浓度所克服，非竞争性拮抗则不能。受体主要分为四型：直接偶联离子通道的1型受体、经G蛋白偶联的2型受体、直接偶联酶的3型受体，以及位于核内或胞质中通过DNA偶联基因转录的4型受体。药物-受体结合触发信号转导级联反应。

**ACE抑制剂**：全身给药可致视力下降、眼睑血管神经性水肿、棕色变色、睑结膜炎、荨麻疹、类天疱疮损害、结膜炎、光敏反应及视幻觉等。该类药引起累及眼和眼球的血管性水肿发生率较高，常伴面部荨麻疹；结膜炎是最常见的眼部不良事件。

**可乐定**：全身用于高血压治疗，局部滴眼曾研究性用于降低眼压。全身给药的眼部反应包括视力下降、眼压降低、血管神经性水肿、荨麻疹、眼部刺激感、视幻觉、瞳孔缩小及异常眼电图等；局部用药可致视物模糊、眼压降低、刺激感、滤","# Summary
本文内容出自临床眼科毒理学参考文献，涵盖药效学基础理论及多种药物的眼部不良反应。

**药效学原理**：药效学定义为活性药物组织浓度与其药理效应之间的定量关系。药物作用靶点多样，包括膜蛋白受体、离子通道、细胞内骨架结构、酶、DNA启动子区域及信使RNA等。生物技术药物（""生物制剂""）可针对特定细胞因子、表面受体或信号转导关键环节，但存在抗原性风险。药物按作用方式分为激动剂、拮抗剂、部分激动剂、反向激动剂、变构调节剂及酶抑制剂/激活剂等类别；竞争性拮抗可被增加激动剂浓度所克服，非竞争性拮抗则不能。受体主要分为四型：直接偶联离子通道的1型受体、经G蛋白偶联的2型受体、直接偶联酶的3型受体，以及位于核内或胞质中通过DNA偶联基因转录的4型受体。药物-受体结合触发信号转导级联反应。

**ACE抑制剂**：全身给药可致视力下降、眼睑血管神经性水肿、棕色变色、睑结膜炎、荨麻疹、类天疱疮损害、结膜炎、光敏反应及视幻觉等。该类药引起累及眼和眼球的血管性水肿发生率较高，常伴面部荨麻疹；结膜炎是最常见的眼部不良事件。

**可乐定**：全身用于高血压治疗，局部滴眼曾研究性用于降低眼压。全身给药的眼部反应包括视力下降、眼压降低、血管神经性水肿、荨麻疹、眼部刺激感、视幻觉、瞳孔缩小及异常眼电图等；局部用药可致视物模糊、眼压降低、刺激感、滤",本书出版于2008年，是面向眼科医师、临床药理学家及药物安全研究人员的眼部药物与化学品毒理学参考书。内容涵盖药效学、药代动力学、眼部屏障、局部给药与防腐剂毒性、治疗原则、药物不良反应登记，以及药物、化学品、草药和膳食补充剂所致眼部副作用。全书按抗感染药、精神科药、镇痛与麻醉药、心血管及肾脏药、激素、抗凝药、降糖药、抗肿瘤药、免疫抑制剂、视网膜及青光眼用药等类别，系统记录主要适应证、眼部表现、证据等级、临床意义与处理建议。重点涉及视网膜毒性、毒性视神经病变、青光眼、糖尿病视网膜病变、视网膜变性、角膜及晶状体损害，并讨论氯喹、氯丙嗪、他莫昔芬、碳二硫化物、西地那非等相关风险。检查与影像技术包括裂隙灯及眼底检查、眼压、OCT、神经纤维层评估、眼底自发荧光、EOG、ERG、mfERG、PERG、VEP、瞳孔测量、视野、色觉、对比敏感度、暗适应、角膜知觉和角膜厚度检查；同时涉及眼表冲洗、滴眼液、眼内及局部注射、眼科植入物和围术期药物安全。
30,Clinical Ophthalmic Echography A Case Study Approach-Roger P. Harrie 2008,normalized_exact,17-检查：眼科超声与 UBM,8ba4bb92-4b55-4e98-94d7-e8322b102084,10000,efa9cc31-b5de-449c-83be-10d5efe8725c,Clinical Ophthalmic Echography A Case Study Approach-Roger P. Harrie 2008_weknora.mhtml,Clinical Ophthalmic Echography A Case Study Approach-Roger P. Harrie 2008_weknora.mhtml,completed,78df2606-4c40-45aa-9e16-7fa00c2263ba,3d7fc448-49eb-4015-8eb5-54cbe639a08c,369,1037,3e719c9f65a26befbe542ce0f6cb7e46c0cf8deb07f02c1441c4f6f6b7ad50af,"该文档是《临床眼超声检查：病例研究法》（作者 Roger P. Harrie）一书的节选，主要阐述眼部超声在眼科临床中的应用价值、技术特点及其与 CT、MRI 等影像手段的比较。

文档首先强调，很多临床医生对超声检查认识不足，常将患者转诊做 CT 或 MRI。作者指出，结合病史、体格检查和超声检查，许多眼及眼周问题无需昂贵影像学检查即可确诊。文中列举超声检查的常见适应证，包括眼周疼痛、复视、闪光、漂浮物、眼球突出及眼睑肿块等。超声检查还具有显著成本优势：脑 MRI 约 1500 美元、CT 约 800 美元、颈动脉多普勒约 600 美元，而诊断性眼超声（A 超与 B 超联合，CPT 编码 76510）约 300 美元。

首个病例为 10 岁男孩因头痛和视盘隆起接受约 2 万美元的神经系统检查（包括 CT、MRI、脑血管造影和腰椎穿刺）均阴性，最终 B 超发现埋藏性钙化视神经玻璃膜疣，A 超显示眶内视神经直径正常。该病例说明超声检查在避免不必要检查方面的重要价值。

文档随后对比 A 超与 B 超：B 超可显示眼内病变的形态和空间关系，对异物、钙化等强反射物质敏感，并可用于眼眶前部肿瘤、肌炎、上眼静脉扩张等检测；标准化 A 超虽较难掌握，但能定量测量眼外肌和视神经厚度、分析肿瘤内部结构，提供其他手段难以获得的信息。设备方面，含专用 A 超探头的诊断设备优于单一 A/B 探头，价格约 2 万至 5 万美元。

另有病例涉及白内障术后人工晶状体脱位，B 超显示晶状体在玻璃体内过度活动；还有一例 75 岁女性睫状体黑色素瘤，B 超发现近球形肿块，A 超显示低而规则的内部反射伴中度自发性血管搏动，病理证实为梭形 B 型黑色素瘤，因肿瘤过大行眼球摘除术。

文档还涉及眼眶创伤影像学，强调骨折需同时获取骨窗和软组织窗，眼眶内气体提示眶—窦沟通；需排查眶内异物；外伤性视神经病变可能伴视神经管骨折。儿童最常见的良性眶肿瘤为毛细血管瘤，最常见的恶性眶肿瘤为横纹肌肉瘤。颈动脉海绵窦瘘可表现为上眼静脉增宽和眼球突出，彩色多普勒可显示动脉化血流，血管造影仍是金标准。总结指出，CT 最适合骨性病变，MRI 利于软组织评估，超声是有力辅助手段。","# Summary
该文档是《临床眼超声检查：病例研究法》（作者 Roger P. Harrie）一书的节选，主要阐述眼部超声在眼科临床中的应用价值、技术特点及其与 CT、MRI 等影像手段的比较。

文档首先强调，很多临床医生对超声检查认识不足，常将患者转诊做 CT 或 MRI。作者指出，结合病史、体格检查和超声检查，许多眼及眼周问题无需昂贵影像学检查即可确诊。文中列举超声检查的常见适应证，包括眼周疼痛、复视、闪光、漂浮物、眼球突出及眼睑肿块等。超声检查还具有显著成本优势：脑 MRI 约 1500 美元、CT 约 800 美元、颈动脉多普勒约 600 美元，而诊断性眼超声（A 超与 B 超联合，CPT 编码 76510）约 300 美元。

首个病例为 10 岁男孩因头痛和视盘隆起接受约 2 万美元的神经系统检查（包括 CT、MRI、脑血管造影和腰椎穿刺）均阴性，最终 B 超发现埋藏性钙化视神经玻璃膜疣，A 超显示眶内视神经直径正常。该病例说明超声检查在避免不必要检查方面的重要价值。

文档随后对比 A 超与 B 超：B 超可显示眼内病变的形态和空间关系，对异物、钙化等强反射物质敏感，并可用于眼眶前部肿瘤、肌炎、上眼静脉扩张等检测；标准化 A 超虽较难掌握，但能定量测量眼外肌和视神经厚度、分析肿瘤内部结构，提供其他手段难以获得的信息。设备方面，含专用 A 超探头的诊断设备优于单一 A/B 探头，价格约 2 万至 5 万美元。

另有病例涉及白内障术后人工晶状体脱位，B 超显示晶状体在玻璃体内过度活动；还有一例 75 岁女性睫状体黑色素瘤，B 超发现近球形肿块，A 超显示低而规则的内部反射伴中度自发性血管搏动，病理证实为梭形 B 型黑色素瘤，因肿瘤过大行眼球摘除术。

文档还涉及眼眶创伤影像学，强调骨折需同时获取骨窗和软组织窗，眼眶内气体提示眶—窦沟通；需排查眶内异物；外伤性视神经病变可能伴视神经管骨折。儿童最常见的良性眶肿瘤为毛细血管瘤，最常见的恶性眶肿瘤为横纹肌肉瘤。颈动脉海绵窦瘘可表现为上眼静脉增宽和眼球突出，彩色多普勒可显示动脉化血流，血管造影仍是金标准。总结指出，CT 最适合骨性病变，MRI 利于软组织评估，超声是有力辅助手段。",本书出版于2008年，是面向眼科医师、验光师及眼科超声学习者的临床病例型眼部超声参考书，强调在门诊通过系统检查减少不必要的CT、MRI等影像检查。全书依次讨论眼科超声适应证、A型与B型扫描基本原理和操作、眼痛、视物模糊、眼球突出及眼周肿块，另设发展中国家眼部超声病例和眼眶影像学专题。内容覆盖视网膜脱离、玻璃体后脱离、玻璃体出血、黄斑牵拉、脉络膜及睫状体黑色素瘤、视网膜母细胞瘤、视神经乳头 drusen、视神经胶质瘤和鞘膜脑膜瘤、泪腺肿瘤、淋巴瘤、海绵状血管瘤、淋巴管瘤、Graves病、眼眶肌炎、后巩膜炎、鼻窦炎、脓肿、外伤、异物及颈动脉海绵窦瘘等。书中结合超声回声、反射率、钙化、肿瘤厚度与内部结构，讲解A/B扫描、超声生物显微镜、CT、MRI及PET的影像判读，并涉及放射性斑块治疗、肿瘤整块切除、眼眶减压和眼眶切开术等诊疗决策。
31,Clinical Ophthalmic Oncology-Singh、Damato、Pe'er、Murphree、Perry 2007,normalized_exact,12-眼眶与眼肿瘤,e785de98-5837-4eea-89a8-6a46cacb5173,10000,80b10608-e057-4373-b611-479989f271ad,Clinical Ophthalmic Oncology-Singh、Damato、Pe'er、Murphree、Perry 2007_weknora.mhtml,Clinical Ophthalmic Oncology-Singh、Damato、Pe'er、Murphree、Perry 2007_weknora.mhtml,completed,7f0023eb-c485-4595-8410-7ed0395f7673,dd38e1a3-77d0-4415-ae3a-37f4b4c792a8,344,1006,e2c2c82463dc1b324bc0f57b5f00a5e0d05ecefa676d7dbc03e3d43763010498,"《Clinical Ophthalmic Oncology》是由Arun D. Singh等多位编者合作完成的一部眼肿瘤学教科书，由Saunders Elsevier于2007年出版，汇集了来自18个国家的124位作者的贡献。该书旨在整合多个学科的知识，涵盖眼睑、结膜、眼内及眼眶肿瘤的完整谱系。全书结构上，开篇部分专门介绍癌症的基本原理，包括流行病学、病理学、免疫学、遗传学以及激光治疗、放射治疗和化学治疗的原则；后续章节则按肿瘤部位分别讨论眼睑、结膜、葡萄膜、视网膜和眼眶肿瘤。每个章节采用统一版式，以文本框突出关键特征、表格进行比较、流程图概括治疗路径，并纳入放疗科、医学物理、儿科肿瘤等专家的章节以拓展视野。前言指出，该书以循证医学为导向，旨在帮助多学科团队更好地协作，并激励该领域进一步研究。

书中节选内容涉及多个具体主题。在临床流行病学原理章节中，作者强调研究问题应明确界定，并可采用PICO框架（患者、干预、对照、结局）构建；常用的结局指标包括患病率、发病率、死亡率、生存率、生活质量及视力。文中以葡萄膜黑色素瘤和视网膜母细胞瘤为例说明这些指标的应用。弥漫性脉络膜血管瘤的治疗部分提到光动力疗法具有避免放射、操作简便、副作用少等优点，短期效果良好，但需长期大样本观察评估疗效；该病常合并Sturge-Weber综合征，预后涉及难治性癫痫、发育迟缓及因渗出性视网膜脱离导致的视力丧失。葡萄膜神经肿瘤章节区分了神经纤维瘤与施万细胞瘤的临床病理特征，并重点讨论1型神经纤维瘤病的葡萄膜表现，包括Lisch结节、脉络膜亮斑（需通过红外扫描激光眼底镜或吲哚菁绿血管造影观察），以及罕见的脉络膜神经纤维瘤和节细胞神经瘤。眼眶手术章节介绍了多种手术入路，如经结膜的上内侧、下外侧及下内侧入路，强调沿皮肤松弛张力线和隐藏结膜切口可接近几乎所有眼眶肿瘤；对于眶尖肿瘤需采用上睑皱襞或下结膜入路，必要时行外侧骨切开或经额颅切开术。作者总结，凭借显微手术技术、改良器械及对眶解剖的掌握，大多数眼眶肿瘤无需骨切开即可安全切除。","# Summary
《Clinical Ophthalmic Oncology》是由Arun D. Singh等多位编者合作完成的一部眼肿瘤学教科书，由Saunders Elsevier于2007年出版，汇集了来自18个国家的124位作者的贡献。该书旨在整合多个学科的知识，涵盖眼睑、结膜、眼内及眼眶肿瘤的完整谱系。全书结构上，开篇部分专门介绍癌症的基本原理，包括流行病学、病理学、免疫学、遗传学以及激光治疗、放射治疗和化学治疗的原则；后续章节则按肿瘤部位分别讨论眼睑、结膜、葡萄膜、视网膜和眼眶肿瘤。每个章节采用统一版式，以文本框突出关键特征、表格进行比较、流程图概括治疗路径，并纳入放疗科、医学物理、儿科肿瘤等专家的章节以拓展视野。前言指出，该书以循证医学为导向，旨在帮助多学科团队更好地协作，并激励该领域进一步研究。

书中节选内容涉及多个具体主题。在临床流行病学原理章节中，作者强调研究问题应明确界定，并可采用PICO框架（患者、干预、对照、结局）构建；常用的结局指标包括患病率、发病率、死亡率、生存率、生活质量及视力。文中以葡萄膜黑色素瘤和视网膜母细胞瘤为例说明这些指标的应用。弥漫性脉络膜血管瘤的治疗部分提到光动力疗法具有避免放射、操作简便、副作用少等优点，短期效果良好，但需长期大样本观察评估疗效；该病常合并Sturge-Weber综合征，预后涉及难治性癫痫、发育迟缓及因渗出性视网膜脱离导致的视力丧失。葡萄膜神经肿瘤章节区分了神经纤维瘤与施万细胞瘤的临床病理特征，并重点讨论1型神经纤维瘤病的葡萄膜表现，包括Lisch结节、脉络膜亮斑（需通过红外扫描激光眼底镜或吲哚菁绿血管造影观察），以及罕见的脉络膜神经纤维瘤和节细胞神经瘤。眼眶手术章节介绍了多种手术入路，如经结膜的上内侧、下外侧及下内侧入路，强调沿皮肤松弛张力线和隐藏结膜切口可接近几乎所有眼眶肿瘤；对于眶尖肿瘤需采用上睑皱襞或下结膜入路，必要时行外侧骨切开或经额颅切开术。作者总结，凭借显微手术技术、改良器械及对眶解剖的掌握，大多数眼眶肿瘤无需骨切开即可安全切除。",2007年出版的眼科肿瘤学综合教材，面向眼科医师、眼肿瘤专科医师、肿瘤科与放射肿瘤科医师、病理医师、儿科肿瘤医师、遗传学家及相关研究者。全书先讲临床流行病学、癌症病因、病理、血管生成、免疫、遗传学，以及冷冻、激光、放射治疗、化疗和患者心理沟通；继而按眼睑、结膜与角膜、葡萄膜、视网膜、视神经及眼眶展开，涵盖检查、活检、组织病理、鉴别诊断、影像学、分期、预后和随访。重点疾病包括基底细胞癌、鳞状细胞癌、皮脂腺癌、眼睑及结膜黑色素瘤、眼表鳞状肿瘤、葡萄膜黑色素瘤、视网膜血管肿瘤、Coats病、视网膜及中枢神经系统淋巴瘤、视网膜母细胞瘤、眼眶横纹肌肉瘤、淋巴瘤和泪腺肿瘤。治疗涉及肿瘤切除、Mohs技术、冷冻、激光、热疗、近距离放疗、质子束及立体定向放疗、化疗、局部治疗、眼球摘除和眼眶重建。
32,Color Atlas of Gonioscopy-Wallace L M Alward 2001,normalized_exact,21-检查：房角镜,757c926c-3b49-4a5f-9d09-fef6ea738e97,10000,67172769-2f9e-4da9-b7b2-45229c08d629,Color Atlas of Gonioscopy-Wallace L M Alward 2001_weknora.mhtml,Color Atlas of Gonioscopy-Wallace L M Alward 2001_weknora.mhtml,completed,4b2e9b16-99d7-4cd1-8f25-ca87515b734f,71192e98-fe60-4c72-b7ef-f3132d7ee082,430,1136,dfc0f06ec5691f393c6e18979e6087825f55ca56283f235e758af1533cca2e2c,"# COLOR ATLAS OF GONIOSCOPY

Wallace L.M. Alward, MD

THE FOUNDATION

OF THE AMERICAN ACADEMY

OF OPHTHALMOLOGY

## THE FOUNDATION OF THE AMERICAN ACADEMY OF OPHTHALMOLOGY

655 Beach Street

PO Box 7424

San Francisco, CA 94120-7424

www.eyenet.org

Clinical Education Secretaries

Thomas A. Weingeist, PhD, MD

Senior Secretary for Clinical Education

Thomas J. Liesegang, MD

Secretary for Instruction

Academy Staff

Kathryn A. Hecht, EdD

Vice President, Clinical Education

Hal Straus

Director ","# Summary
# COLOR ATLAS OF GONIOSCOPY

Wallace L.M. Alward, MD

THE FOUNDATION

OF THE AMERICAN ACADEMY

OF OPHTHALMOLOGY

## THE FOUNDATION OF THE AMERICAN ACADEMY OF OPHTHALMOLOGY

655 Beach Street

PO Box 7424

San Francisco, CA 94120-7424

www.eyenet.org

Clinical Education Secretaries

Thomas A. Weingeist, PhD, MD

Senior Secretary for Clinical Education

Thomas J. Liesegang, MD

Secretary for Instruction

Academy Staff

Kathryn A. Hecht, EdD

Vice President, Clinical Education

Hal Straus

Director ",本书出版于2001年，是面向眼科医师、青光眼专科医师及学习 gonioscopy（房角镜检查）者的临床图谱，定位为房角解剖、识别与检查技术的实用入门，而非完整的青光眼治疗教材。全书由房角解剖与历史、直接及间接房角镜原理、裂隙灯房角镜操作、正常房角表现和分级系统构成，进一步系统展示发育异常、闭角相关病变及开角相关病变，最后介绍房角激光手术。内容涵盖虹膜、睫状体带、巩膜突、小梁网、Schlemm管、Schwalbe线等结构，以及 Shaffer、Scheie、Spaeth、Van Herick 等分级方法；讨论婴幼儿青光眼、Axenfeld-Rieger 综合征、无虹膜、瞳孔阻滞、平台虹膜、恶性青光眼、周边前粘连、虹膜角膜内皮综合征、色素播散、假性剥脱、眼外伤、房角后退、肿瘤、炎症和术后改变等。大量彩色房角照片、裂隙灯影像、水彩解剖图、病理及组织学图像用于对照识别，并涉及压陷房角镜、角膜水肿处理、镜片消毒、激光小梁成形术、激光虹膜成形术和睫状体光凝术。
33,Color Atlas of Strabismus Surgery Strategies and Techniques-Kenneth W. Wright 2007,normalized_exact,10-小儿眼科：斜视与弱视等,d6a5115a-067a-4514-afbf-9fe81b4e64c0,10000,7583f3cd-ee80-4845-a7e1-7f7e8dfff3f5,Color Atlas of Strabismus Surgery Strategies and Techniques-Kenneth W. Wright 2007_weknora.mhtml,Color Atlas of Strabismus Surgery Strategies and Techniques-Kenneth W. Wright 2007_weknora.mhtml,completed,771135e2-2a0f-4919-85dc-9061e527d11a,8facb698-0a3b-4a1b-b54f-594cf6ad58e8,411,1095,1f8d34922360d0ecbda22178e7f3081064f06ea03648c5fc909ed744517c2f8e,"该文档介绍《斜视手术彩色图谱：策略与技术》第三版的编写目的、内容特点及部分斜视手术相关知识。全书旨在以简洁、实用的方式指导不同经验层次的眼科医生处理斜视，涵盖从常见水平斜视到复杂旋转垂直偏斜的治疗，并详细介绍肌肉后徙、缩短、滑脱或丢失肌肉取回、上斜肌腱扩张等技术。作者强调，斜视手术虽可在规范操作下相对容易，但未经充分训练的手术可能对患者造成伤害。

第三版对多数章节进行了大幅更新，新增“成功规划”内容、伴随眼球震颤或斜视的非共同性斜视及异常头位章节、临床病例示例和局部麻醉斜视手术章节，并更新了缝线选择及钛制手术器械。图谱延续线条图与真实彩色手术照片相结合的教学形式，并增加包含十余段手术视频的DVD。前两版则分别强调实用的管理策略、再手术技术，以及通过图示和照片同时呈现手术简洁性与真实手术视野。

文档还涉及弱视治疗。弱视源于视觉发育早期异常视觉刺激，可由视网膜成像模糊或斜视导致的单眼固视偏好和皮质抑制引起；双眼交替固视的儿童通常不易形成弱视。对于伴弱视的斜视儿童，应优先治疗弱视，再进行斜视手术。

手术技术部分介绍了直肌“三点固定”缝合方法，即中央安全结加两侧全层锁定缝合，以增强肌肉固定；常规直肌手术倾向使用5-0 Vicryl，而易发生牵拉瘢痕的病例可使用不可吸收的5-0 Mersilene。Wright带槽钩可在肌肉与巩膜之间形成安全操作空间，帮助稳定、准确地完成全层缝合。附录还列出常用器械、缝线和放大照明要求，并概述术后护理，包括短时间禁食、特定情况下避免眼罩、使用抗生素激素眼膏、暂不游泳及按计划复诊。","# Summary
该文档介绍《斜视手术彩色图谱：策略与技术》第三版的编写目的、内容特点及部分斜视手术相关知识。全书旨在以简洁、实用的方式指导不同经验层次的眼科医生处理斜视，涵盖从常见水平斜视到复杂旋转垂直偏斜的治疗，并详细介绍肌肉后徙、缩短、滑脱或丢失肌肉取回、上斜肌腱扩张等技术。作者强调，斜视手术虽可在规范操作下相对容易，但未经充分训练的手术可能对患者造成伤害。

第三版对多数章节进行了大幅更新，新增“成功规划”内容、伴随眼球震颤或斜视的非共同性斜视及异常头位章节、临床病例示例和局部麻醉斜视手术章节，并更新了缝线选择及钛制手术器械。图谱延续线条图与真实彩色手术照片相结合的教学形式，并增加包含十余段手术视频的DVD。前两版则分别强调实用的管理策略、再手术技术，以及通过图示和照片同时呈现手术简洁性与真实手术视野。

文档还涉及弱视治疗。弱视源于视觉发育早期异常视觉刺激，可由视网膜成像模糊或斜视导致的单眼固视偏好和皮质抑制引起；双眼交替固视的儿童通常不易形成弱视。对于伴弱视的斜视儿童，应优先治疗弱视，再进行斜视手术。

手术技术部分介绍了直肌“三点固定”缝合方法，即中央安全结加两侧全层锁定缝合，以增强肌肉固定；常规直肌手术倾向使用5-0 Vicryl，而易发生牵拉瘢痕的病例可使用不可吸收的5-0 Mersilene。Wright带槽钩可在肌肉与巩膜之间形成安全操作空间，帮助稳定、准确地完成全层缝合。附录还列出常用器械、缝线和放大照明要求，并概述术后护理，包括短时间禁食、特定情况下避免眼罩、使用抗生素激素眼膏、暂不游泳及按计划复诊。",本书出版于2007年，是面向住院眼科医师、斜视专科医师及有经验眼科外科医生的斜视手术实用图谱，重点讲解治疗决策与可操作的手术技术。全书分为管理策略和手术技术两部分：前者涵盖弱视治疗、斜视手术原理、婴幼儿及获得性内斜视、间歇性和感觉性外斜视、代偿性头位、眼球震颤、非共同性斜视、复杂斜视、甲状腺相关斜视、Brown综合征、Duane综合征、A/V征、DVD/DHD、眼眶底骨折及各类颅神经麻痹；后者系统介绍眼外肌解剖、手术测量、结膜与筋膜处理、直肌后徙与缩短、Wright肌肉折叠、肌肉移位、Knapp/Jensen/Hummelsheim术、下斜肌前置或切除、上斜肌Harada-Ito术、肌腱折叠与延长、Faden后固定缝线、可调节缝线、表面麻醉手术及丢失肌肉再手术。内容结合睫状肌麻痹验光、棱镜交替遮盖试验、固定偏好评估、被动牵拉试验、屈光矫正、棱镜适应和弱视遮盖治疗，并以彩色术野照片、线描图和手术视频展示关键步骤。
34,"Colour Atlas of Ophthalmic Plastic Surgery-Anthony G. Tyers, J. R. O. Collin 2008",normalized_exact,11-整形与泪道,bdde98f8-4f6b-4b3f-89a4-3cee7f5133b4,10000,aa942d6f-7533-43fa-8915-69fe22b6acdc,"Colour Atlas of Ophthalmic Plastic Surgery-Anthony G. Tyers, J. R. O. Collin 2008_weknora.mhtml","Colour Atlas of Ophthalmic Plastic Surgery-Anthony G. Tyers, J. R. O. Collin 2008_weknora.mhtml",completed,8a697001-e786-4a35-88ca-ec45d0ae151a,b3af729e-6bad-40ef-8455-e1662b7f7464,353,1016,24c5d75694536225eb36d93cb200a2f1e1c629ce208fe0ec5e418a68af28529d,"本文档节选自《眼整形外科学彩色图谱》（第三版，Tyers 与 Collin 著），内容涵盖眼睑及眶周解剖基础、眼睑成形术及其并发症处理、上睑下垂矫正，以及眼轮匝肌条切除手术。

首先为解剖章节总论。文档指出眼睑具有保护视功能的作用，眼睑结构或功能异常可威胁视力，重建手术必须建立在理解眼睑解剖与生理的基础上；眼睑须结合额部、颞部、面颊等周围结构整体研究。面部肌肉分为表情肌与咀嚼肌，肌间充填有独立命名的脂肪垫，面部的浅表肌肉腱膜系统（SMAS）和多条纤维性支持韧带支撑并传导肌肉活动，其松弛与皮肤弹性丧失是面部老化的主要原因。

1.1 节详述骨性眼眶。眼眶为锥体形腔隙，深约 4 cm，容积约 30 mL；内侧壁相互平行，外侧壁与内侧壁成 45° 角、互相成 90° 角。眶尖为视神经孔，与眶上裂、眶下裂相邻；泪腺窝位于眶缘外上方，泪囊窝位于内下方，由前、后泪嵴围成。眶缘测量约 40 mm，外侧眶缘较内侧者偏后。可扪及的标志包括 Whitnall 结节、滑车、眶上切迹及眶下孔。眶内衬骨膜（periorbita），除眶缘、缝线、裂孔及泪囊窝边缘外均易于剥离。

1.2 节为眼睑表面解剖。成人睑裂水平约 30 mm、垂直约 10 mm；上睑覆盖角膜上方 1–3 mm，下睑位于下角膜缘水平，外侧睑缘可有不超过 2 mm 的巩膜显露为正常变异。外眦高于内眦约 3–10°。上睑皮肤皱襞位于睑缘上方 6–10 mm，由提上睑肌腱膜止于眼轮匝肌而形成。眉的位置与形状存在性别差异：女性眉稍弓形、位于眶上缘上方，男性眉低平且更靠下。文档还给出 0–16 岁儿童睑部测量值表（内、外眦间距、瞳距、睑裂长度等随年龄增长），并描述了上、下注视时眼睑皱襞及外眦的动态变化。

第十章节选讨论眼睑成形术并发症的预防与处理：眶内血肿应避免牵引脂肪、注意止血，术后严重血肿需重新打开眼睑引流，必要时横向切开下睑全层减压；组织水肿可冷敷；暴露性不适可用润滑剂，角膜溃疡罕见；皮肤皱襞处可形成粟粒疹；上、下睑瘢痕","# Summary
本文档节选自《眼整形外科学彩色图谱》（第三版，Tyers 与 Collin 著），内容涵盖眼睑及眶周解剖基础、眼睑成形术及其并发症处理、上睑下垂矫正，以及眼轮匝肌条切除手术。

首先为解剖章节总论。文档指出眼睑具有保护视功能的作用，眼睑结构或功能异常可威胁视力，重建手术必须建立在理解眼睑解剖与生理的基础上；眼睑须结合额部、颞部、面颊等周围结构整体研究。面部肌肉分为表情肌与咀嚼肌，肌间充填有独立命名的脂肪垫，面部的浅表肌肉腱膜系统（SMAS）和多条纤维性支持韧带支撑并传导肌肉活动，其松弛与皮肤弹性丧失是面部老化的主要原因。

1.1 节详述骨性眼眶。眼眶为锥体形腔隙，深约 4 cm，容积约 30 mL；内侧壁相互平行，外侧壁与内侧壁成 45° 角、互相成 90° 角。眶尖为视神经孔，与眶上裂、眶下裂相邻；泪腺窝位于眶缘外上方，泪囊窝位于内下方，由前、后泪嵴围成。眶缘测量约 40 mm，外侧眶缘较内侧者偏后。可扪及的标志包括 Whitnall 结节、滑车、眶上切迹及眶下孔。眶内衬骨膜（periorbita），除眶缘、缝线、裂孔及泪囊窝边缘外均易于剥离。

1.2 节为眼睑表面解剖。成人睑裂水平约 30 mm、垂直约 10 mm；上睑覆盖角膜上方 1–3 mm，下睑位于下角膜缘水平，外侧睑缘可有不超过 2 mm 的巩膜显露为正常变异。外眦高于内眦约 3–10°。上睑皮肤皱襞位于睑缘上方 6–10 mm，由提上睑肌腱膜止于眼轮匝肌而形成。眉的位置与形状存在性别差异：女性眉稍弓形、位于眶上缘上方，男性眉低平且更靠下。文档还给出 0–16 岁儿童睑部测量值表（内、外眦间距、瞳距、睑裂长度等随年龄增长），并描述了上、下注视时眼睑皱襞及外眦的动态变化。

第十章节选讨论眼睑成形术并发症的预防与处理：眶内血肿应避免牵引脂肪、注意止血，术后严重血肿需重新打开眼睑引流，必要时横向切开下睑全层减压；组织水肿可冷敷；暴露性不适可用润滑剂，角膜溃疡罕见；皮肤皱襞处可形成粟粒疹；上、下睑瘢痕",本书出版于2008年，是面向眼整形、眼眶病及相关重建手术医师的彩色图谱与操作参考书，适合眼科、整形外科及培训中的外科医生。内容以眼睑、眼眶和面中部解剖为基础，涵盖术前评估（眼睑位置与运动、眼球位置与运动、面部摄影）、局部浸润麻醉与区域阻滞、手术器械及基本切口缝合技术；随后系统讲解皮肤、黏膜、鼻中隔软骨等移植物的获取、固定和并发症处理。疾病与手术包括内翻、外翻、倒睫、双行睫、上睑下垂、眼睑退缩、眉下垂、颊下垂、睑成形术、面瘫和烧伤相关畸形；重点介绍提上睑肌腱膜修复、提肌切除、Müller肌缩短、额肌悬吊、外眦固定及睑板条技术。后半部聚焦眼球摘除、眼内容剜除、眶内容物剜除、无眼球窝及眶植入物，涵盖眼睑边缘、前后层及联合缺损重建、皮瓣转移、Cutler-Beard桥式皮瓣、内眦畸形和甲状腺眼病眶减压等。
35,"Complications in Phacoemulsification- Avoidance, Recognition, and Management-William J. Fishkind 2002",normalized_exact,03-白内障：晶状体与人工晶体,a0f47c80-3a66-46c8-8315-43b41ce357ea,10000,593a6d3b-0e3f-4b55-9428-1c6501d006dd,"Complications in Phacoemulsification- Avoidance, Recognition, and Management-William J. Fishkind 2002_weknora.mhtml","Complications in Phacoemulsification- Avoidance, Recognition, and Management-William J. Fishkind 2002_weknora.mhtml",completed,67182232-f5ad-444c-9b81-5413b7576348,17064378-662d-4910-ae94-f820380dfd30,443,1147,2676a5ca6a8d47cd17882c6219703ce413bfa740b191133f8809c567025bfb3f,"# Complications in Phacoemulsification

Avoidance, Recognition, and Management

Edited by

William J. Fishkind

This page intentionally left blank

COMPLICATIONS IN PHACOEMULSIFICATION

AVOIDANCE, RECOGNITION, AND MANAGEMENT

This page intentionally left blank

# COMPLICATIONS IN PHACOEMULSIFICATION AVOIDANCE, RECOGNITION, AND MANAGEMENT

Edited by

William J. Fishkind, M.D., F.A.C.S.

Clinical Professor

Department of Ophthalmology

University of Utah

Salt Lake City, Utah

Co-Director

Fishkin","# Summary
# Complications in Phacoemulsification

Avoidance, Recognition, and Management

Edited by

William J. Fishkind

This page intentionally left blank

COMPLICATIONS IN PHACOEMULSIFICATION

AVOIDANCE, RECOGNITION, AND MANAGEMENT

This page intentionally left blank

# COMPLICATIONS IN PHACOEMULSIFICATION AVOIDANCE, RECOGNITION, AND MANAGEMENT

Edited by

William J. Fishkind, M.D., F.A.C.S.

Clinical Professor

Department of Ophthalmology

University of Utah

Salt Lake City, Utah

Co-Director

Fishkin",本书出版于2002年，是面向眼科住院医师、白内障及眼前节手术医师和手术麻醉团队的超声乳化并发症实用专著，由William J. Fishkind主编。全书围绕“预防、识别、处理”展开：先介绍注射麻醉、表面及非注射麻醉、全身性麻醉风险和术前评估，再讨论切口构建与缝合、连续环形撕囊、虹膜问题、水分离/水分层步骤及正压等基础环节；随后系统比较四象限劈核、Stop-and-Chop、Choo Choo Chop、Phaco Chop、Flip/Tilt/Tumble等核处理技术，并涵盖软核、成熟白内障、悬韧带松弛、后囊膜撕裂、玻璃体脱出与前部玻璃体切除。后半部分涉及人工晶状体度数计算与选择、后房型人工晶状体植入及经巩膜固定、角膜并发症、黏弹剂应用、phacodynamics、后节并发症、联合小梁切除及其他青光眼手术，并以多篇“预防要点与损伤控制”总结风险管理。关键词包括周边/球后阻滞、表面麻醉、房内利多卡因、囊膜染色、撕囊、劈核、黏弹剂、玻璃体切除、人工晶状体、黄斑及视网膜并发症。
36,Contact Lens Complications-Hans-Walter Roth 2003,normalized_exact,04-屈光与视光：近视、接触镜与低视力,c73385b9-c154-4103-a93e-2d4c31f2423a,10000,6c48b4dc-08ea-4cf1-956a-88dc314b020e,Contact Lens Complications-Hans-Walter Roth 2003_weknora.mhtml,Contact Lens Complications-Hans-Walter Roth 2003_weknora.mhtml,completed,99cef194-8363-41db-9cbb-8df7fb5de8f7,daeca025-7511-4ea0-834d-76ae4372ed23,413,1183,acecf3c9a7f840223679c81be333afdeabbdd27ab4515642ac2630d75f56fb0d,"# Contact Lens Complications

Etiology, Pathogenesis, Prevention, Therapy

Hans-Walter Roth

# Contact Lens Complications

Etiology, Pathogenesis, Prevention, Therapy

Hans-Walter Roth, M.D.

Director

Institute of Contact Lens Optics

Ulm, Germany

476 illustrations

38 tables

Library of Congress-in-Publication Data is available from the
publisher

This book is an authorized translation of the German edition
published and copyrighted 2002 by Georg Thieme Verlag, Stuttgart,
Germany. Title of th","# Summary
# Contact Lens Complications

Etiology, Pathogenesis, Prevention, Therapy

Hans-Walter Roth

# Contact Lens Complications

Etiology, Pathogenesis, Prevention, Therapy

Hans-Walter Roth, M.D.

Director

Institute of Contact Lens Optics

Ulm, Germany

476 illustrations

38 tables

Library of Congress-in-Publication Data is available from the
publisher

This book is an authorized translation of the German edition
published and copyrighted 2002 by Georg Thieme Verlag, Stuttgart,
Germany. Title of th",本书出版于2003年，是Hans-Walter Roth基于多年接触镜研究与教学编写的临床专著，面向验光配镜人员、眼科住院医师及眼科医生，重点处理接触镜佩戴相关并发症的识别、预防与治疗。全书从镜片材料与制造、验配、禁忌证、卫生、佩戴时限和高危患者管理切入，介绍患者咨询、病史采集、眼睑翻转、裂隙灯及荧光素检查、视力与眼压测量、镜片和镜盒检查、记录与随访；随后按眼睑、结膜、巩膜、角膜和眼内结构系统归纳病理表现，包括睑缘炎、睑痉挛、上睑下垂、巨乳头性结膜炎、结膜水肿与出血、角膜上皮损伤、角膜水肿、紧镜综合征、毒性角膜病、混合溶液综合征、角膜缺氧综合征、感染、血管化、瘢痕、Descemet膜及内皮改变，以及虹膜睫状体炎、葡萄膜炎、白内障、青光眼和视网膜病变。书中还讨论视力障碍、镜片损坏、原发眼病被掩盖、配戴问题、眼外伤及并发症发生率，并给出卫生管理、停戴、镜片更换和药物等一般及针对性治疗原则，配有大量临床照片、插图和表格。
37,"Cornea - Fundamentals, Diagnosis and Management-Jay H. Krachmer、Mark J. Mannis、Edward J. Holland 2011",normalized_exact,02-角膜与眼表,f041b2b7-3147-4deb-a2f2-0de5cc53d296,10000,b9ed01cc-3538-4665-9de9-09d8a35252dc,"Cornea - Fundamentals, Diagnosis and Management-Jay H. Krachmer、Mark J. Mannis、Edward J. Holland 2011_weknora.mhtml","Cornea - Fundamentals, Diagnosis and Management-Jay H. Krachmer、Mark J. Mannis、Edward J. Holland 2011_weknora.mhtml",completed,22c8596a-883c-43e7-a5e1-66174f98cdd0,e9422d81-81f9-472f-ba76-26e0271d1b1e,361,1017,1736ba5b9e19b1a0a23cc760ea23dd1505156b0bc6ab9836dbb32f2c8f67ee37,"本书《角膜》（Cornea）第三版是一部关于眼科学亚专科的综合性权威著作，旨在系统梳理角膜及眼表疾病的病理生理学、诊断技术及治疗手段。该书由Jay H. Krachmer、Mark J. Mannis和Edward J. Holland主编，汇集了领域内多位专家的研究成果，并以印刷版和电子版两种形式发行，以适应现代医学对信息获取便捷性和权威性的双重需求。

本书的核心内容涵盖了以下几个关键方面：

1.  **诊断技术的进步**：书中强调了分子诊断技术在眼科感染性疾病中的应用价值。以真菌性角膜炎为例，聚合酶链反应（PCR）及分子序列分析在病原体识别的敏感性和特异性上优于传统的微生物培养法，尽管目前受限于设备成本和专业人员短缺，但其在提高诊断速度和减少并发症方面具有重要意义。
2.  **治疗策略的演变**：在真菌性角膜炎的治疗中，临床决策主要依赖于临床经验、动物实验数据及已发表的敏感性研究。书中指出，体外敏感性测试在临床应用中并不常用。目前主要治疗药物包括多烯类（如那他霉素、两性霉素B）、唑类、嘧啶类和棘白菌素类，其中那他霉素是美国目前唯一可用的局部抗真菌药物。
3.  **临床实践与安全性**：作为一部医学参考书，书中明确了医疗实践中知识更新的动态性。编者强调，临床医生在参考书中提到的药物剂量、治疗方法及实验方案时，必须结合患者的个体情况，并参考最新的厂商说明及专业指南，以确保患者安全。
4.  **广泛的病理覆盖**：通过索引内容可见，该书详细探讨了从角膜营养不良、感染性角膜炎、眼表损伤（如化学伤、烧伤）到全身性疾病引起的眼部表现（如威尔逊氏病、维生素A缺乏症导致的干眼症等）的广泛课题，并深入分析了角膜伤口愈合的生物学机制。

本书不仅为眼科住院医师和研究人员提供了深入的理论知识，也为临床实践提供了重要的参考依据，体现了该领域在诊断和治疗手段上的持续革新。","# Summary
本书《角膜》（Cornea）第三版是一部关于眼科学亚专科的综合性权威著作，旨在系统梳理角膜及眼表疾病的病理生理学、诊断技术及治疗手段。该书由Jay H. Krachmer、Mark J. Mannis和Edward J. Holland主编，汇集了领域内多位专家的研究成果，并以印刷版和电子版两种形式发行，以适应现代医学对信息获取便捷性和权威性的双重需求。

本书的核心内容涵盖了以下几个关键方面：

1.  **诊断技术的进步**：书中强调了分子诊断技术在眼科感染性疾病中的应用价值。以真菌性角膜炎为例，聚合酶链反应（PCR）及分子序列分析在病原体识别的敏感性和特异性上优于传统的微生物培养法，尽管目前受限于设备成本和专业人员短缺，但其在提高诊断速度和减少并发症方面具有重要意义。
2.  **治疗策略的演变**：在真菌性角膜炎的治疗中，临床决策主要依赖于临床经验、动物实验数据及已发表的敏感性研究。书中指出，体外敏感性测试在临床应用中并不常用。目前主要治疗药物包括多烯类（如那他霉素、两性霉素B）、唑类、嘧啶类和棘白菌素类，其中那他霉素是美国目前唯一可用的局部抗真菌药物。
3.  **临床实践与安全性**：作为一部医学参考书，书中明确了医疗实践中知识更新的动态性。编者强调，临床医生在参考书中提到的药物剂量、治疗方法及实验方案时，必须结合患者的个体情况，并参考最新的厂商说明及专业指南，以确保患者安全。
4.  **广泛的病理覆盖**：通过索引内容可见，该书详细探讨了从角膜营养不良、感染性角膜炎、眼表损伤（如化学伤、烧伤）到全身性疾病引起的眼部表现（如威尔逊氏病、维生素A缺乏症导致的干眼症等）的广泛课题，并深入分析了角膜伤口愈合的生物学机制。

本书不仅为眼科住院医师和研究人员提供了深入的理论知识，也为临床实践提供了重要的参考依据，体现了该领域在诊断和治疗手段上的持续革新。",本书出版于2011年，是面向眼科学生、住院医师、专科进修医师及角膜、眼表和屈光手术临床 practitioners 的综合性参考书。内容从角膜、巩膜、结膜、泪膜和眼睑的解剖生理及病理反应入手，系统介绍裂隙灯检查、异常角膜验光、角膜诊断技术、眼科微生物学、角膜曲率计与地形图、镜面显微镜、共焦显微镜及前节OCT。疾病框架涵盖先天性角膜混浊、角膜水肿、接触镜相关浸润、干眼、睑板腺功能障碍、结膜感染与过敏、角膜营养不良、代谢及全身免疫性疾病、细菌性角膜炎、非结核分枝杆菌、棘阿米巴及梅毒性角膜炎、化学伤和眼内手术并发症。后半部分重点讨论角膜移植术前决策、穿透性及板层角膜移植、内皮移植、儿童和高危移植、人工角膜、眼表重建、羊膜或结膜瓣、PTK、PRK、LASIK、角膜环及切开性角膜手术，兼顾术中术后并发症、青光眼及视觉康复。
38,Cornea Atlas-Jay H. Krachmer、David A. Palay 2014,normalized_exact,02-角膜与眼表,f041b2b7-3147-4deb-a2f2-0de5cc53d296,10000,e404176f-6db0-4f2c-a5db-42ba9b63908f,Cornea Atlas-Jay H. Krachmer、David A. Palay 2014_weknora.mhtml,Cornea Atlas-Jay H. Krachmer、David A. Palay 2014_weknora.mhtml,completed,65146b97-2ffb-4e1b-a919-8108f103901e,1e6b8152-4847-4a1a-8fa1-853082df55d7,403,1147,285d3f22709b24ce5e66f878aa0ce1740d3334afc22c8cafc2a76832c028d5db,"《角膜图谱》（第三版）由 Jay H. Krachmer 和 David A. Palay 编写，是一部关于角膜疾病诊断与临床技术的权威参考书。本版在内容上进行了大幅更新与优化，不仅替换并新增了大量高质量临床图片，还汇集了全球百余位专家的贡献。

本书的核心内容涵盖以下几个方面：

1.  **临床检查技术**：书中新增了“角膜裂隙灯技术”章节，详细阐述了裂隙灯检查的艺术与科学。作者强调了裂隙灯检查中光线运用的重要性，并介绍了直接照明、间接照明、镜面反射等多种照明形式，以及如何通过薄裂隙光束评估角膜厚度与病变深度。
2.  **角膜内皮疾病**：书中深入探讨了多种内皮病变，包括 Fuchs 营养不良、先天性遗传性内皮营养不良（CHED）以及后部多形性角膜营养不良。通过组织病理学图片和临床表现（如角膜滴状赘疣、水肿、大疱等），详细区分了内皮营养不良与继发性病变。
3.  **角膜手术与矫正技术**：本书涵盖了多种先进的角膜手术方法，包括深板层角膜移植术（DALK）、内皮角膜移植术（EK）以及屈光手术相关技术。书中还详细介绍了用于治疗圆锥角膜的角膜基质环植入术（如 Ferrara 环）、LASEK 手术及其并发症，以及用于矫正近视的有晶状体眼人工晶状体植入术。
4.  **非炎症性角膜扩张性疾病**：书中对圆锥角膜等非炎症性病变进行了系统描述，探讨了其临床特征、诊断要点及手术干预手段。

本书不仅是一部医学图谱，更体现了作者对临床观察细节的极致追求。通过对裂隙灯检查技术的总结与对各类复杂病理的细致剖析，该书旨在为眼科医生提供临床诊断与手术决策的专业指导，强调了细致观察与科学分析在眼科实践中的核心地位。","# Summary
《角膜图谱》（第三版）由 Jay H. Krachmer 和 David A. Palay 编写，是一部关于角膜疾病诊断与临床技术的权威参考书。本版在内容上进行了大幅更新与优化，不仅替换并新增了大量高质量临床图片，还汇集了全球百余位专家的贡献。

本书的核心内容涵盖以下几个方面：

1.  **临床检查技术**：书中新增了“角膜裂隙灯技术”章节，详细阐述了裂隙灯检查的艺术与科学。作者强调了裂隙灯检查中光线运用的重要性，并介绍了直接照明、间接照明、镜面反射等多种照明形式，以及如何通过薄裂隙光束评估角膜厚度与病变深度。
2.  **角膜内皮疾病**：书中深入探讨了多种内皮病变，包括 Fuchs 营养不良、先天性遗传性内皮营养不良（CHED）以及后部多形性角膜营养不良。通过组织病理学图片和临床表现（如角膜滴状赘疣、水肿、大疱等），详细区分了内皮营养不良与继发性病变。
3.  **角膜手术与矫正技术**：本书涵盖了多种先进的角膜手术方法，包括深板层角膜移植术（DALK）、内皮角膜移植术（EK）以及屈光手术相关技术。书中还详细介绍了用于治疗圆锥角膜的角膜基质环植入术（如 Ferrara 环）、LASEK 手术及其并发症，以及用于矫正近视的有晶状体眼人工晶状体植入术。
4.  **非炎症性角膜扩张性疾病**：书中对圆锥角膜等非炎症性病变进行了系统描述，探讨了其临床特征、诊断要点及手术干预手段。

本书不仅是一部医学图谱，更体现了作者对临床观察细节的极致追求。通过对裂隙灯检查技术的总结与对各类复杂病理的细致剖析，该书旨在为眼科医生提供临床诊断与手术决策的专业指导，强调了细致观察与科学分析在眼科实践中的核心地位。",本书出版于2014年，是面向眼科住院医师、角膜专科医生及临床教学者的角膜图谱，强调通过裂隙灯动态观察和多种照明方式识别病变。全书涵盖眼睑、泪液与泪道、结膜疾病及结膜炎，角膜正常解剖与发育异常、全身疾病和药物相关角膜表现；系统介绍角膜营养不良、圆锥角膜等扩张性疾病、退行性病变、细菌/病毒/真菌/棘阿米巴感染、间质性角膜炎、非感染性角膜病、免疫性疾病、化学烧伤与外伤、接触镜并发症，以及巩膜、虹膜肿瘤和前葡萄膜炎。治疗与手术部分包括穿透性角膜移植、深板层角膜移植、内皮移植及其排斥和术后并发症，并涉及巩膜接触镜、结膜瓣、翼状胬肉手术、角膜胶封闭、PTK、角膜胶原交联、角膜缘移植、人工角膜和屈光手术（PRK、LASIK、LASEK、角膜环、晶状体植入）。裂隙灯章节重点讲解薄缝、宽斜光、间接虹膜照明、巩膜散射、邻近光束、红反光和镜面反射，并结合圆锥角膜、角膜瘢痕、Meesmann营养不良等实例展示检查技巧。
39,Cornea-Jay H Krachmer 2011,normalized_exact,02-角膜与眼表,f041b2b7-3147-4deb-a2f2-0de5cc53d296,10000,2f9b22a5-e066-4ca6-a0a2-074e656bf975,Cornea-Jay H Krachmer 2011_weknora.mhtml,Cornea-Jay H Krachmer 2011_weknora.mhtml,completed,d31f275d-a07b-4421-97e3-97e6dcea3cea,d2a63805-9879-485a-a705-738a85df5cc2,405,1059,c6d91c26e8a683bb18d7dd7cb442912872686b86ce163b483b92977f19b84ab4,"这份文档包含了《角膜：基础、诊断与管理》（第三版）的部分内容，主要涵盖了DVD-ROM许可协议、单纯疱疹病毒（HSV）角膜炎的治疗指南，以及有晶状体眼人工晶状体（Phakic IOL）植入术的相关讨论。

核心内容总结如下：

1.  **DVD-ROM许可协议**：文档明确了Elsevier对该DVD-ROM产品的版权所有权，规定了用户仅能将其用于个人目的，严禁未经授权的复制、分发、修改或商业转让。协议还规定了有限保修条款，明确了Elsevier在法律允许范围内的责任限制，并指出医疗信息仅供专业人员参考。
2.  **HSV角膜炎的治疗与诊断**：文档详细列出了针对不同严重程度的HSV角膜炎（如基质角膜炎、内皮炎、神经性角膜病变等）的药物治疗方案，包括局部及口服皮质类固醇与抗病毒药物的使用。特别强调了区分“感染性上皮角膜炎”与“HSV树枝状上皮病变”的重要性，指出误诊会导致抗病毒药物的过度使用，并讨论了病毒对药物产生耐药性时的应对策略。
3.  **有晶状体眼人工晶状体（Phakic IOL）的应用**：文档对比了Phakic IOL与LASIK在高度近视治疗中的优劣。研究表明，Phakic IOL在视觉质量、对比敏感度、预测性及稳定性方面表现优异，尤其适用于LASIK效果不佳的病例。
4.  **手术联合方案（Bioptics）**：探讨了将Phakic IOL与角膜屈光手术（如LASIK）联合使用的“双重手术（Bioptics）”方案，旨在为极高度屈光不正患者提供更好的视觉矫正效果，同时强调了对术中角膜内皮损伤及白内障形成等安全风险的关注。

总体而言，该文档既提供了临床医学的专业治疗指导，也涵盖了医疗出版物的法律合规要求及前沿眼科手术技术的评估。","# Summary
这份文档包含了《角膜：基础、诊断与管理》（第三版）的部分内容，主要涵盖了DVD-ROM许可协议、单纯疱疹病毒（HSV）角膜炎的治疗指南，以及有晶状体眼人工晶状体（Phakic IOL）植入术的相关讨论。

核心内容总结如下：

1.  **DVD-ROM许可协议**：文档明确了Elsevier对该DVD-ROM产品的版权所有权，规定了用户仅能将其用于个人目的，严禁未经授权的复制、分发、修改或商业转让。协议还规定了有限保修条款，明确了Elsevier在法律允许范围内的责任限制，并指出医疗信息仅供专业人员参考。
2.  **HSV角膜炎的治疗与诊断**：文档详细列出了针对不同严重程度的HSV角膜炎（如基质角膜炎、内皮炎、神经性角膜病变等）的药物治疗方案，包括局部及口服皮质类固醇与抗病毒药物的使用。特别强调了区分“感染性上皮角膜炎”与“HSV树枝状上皮病变”的重要性，指出误诊会导致抗病毒药物的过度使用，并讨论了病毒对药物产生耐药性时的应对策略。
3.  **有晶状体眼人工晶状体（Phakic IOL）的应用**：文档对比了Phakic IOL与LASIK在高度近视治疗中的优劣。研究表明，Phakic IOL在视觉质量、对比敏感度、预测性及稳定性方面表现优异，尤其适用于LASIK效果不佳的病例。
4.  **手术联合方案（Bioptics）**：探讨了将Phakic IOL与角膜屈光手术（如LASIK）联合使用的“双重手术（Bioptics）”方案，旨在为极高度屈光不正患者提供更好的视觉矫正效果，同时强调了对术中角膜内皮损伤及白内障形成等安全风险的关注。

总体而言，该文档既提供了临床医学的专业治疗指导，也涵盖了医疗出版物的法律合规要求及前沿眼科手术技术的评估。",本书出版于2011年，是洪晶主编、2019年出版的角膜内皮病专业专著，适合各级眼科医师及从事角膜病、眼前节疾病诊疗与研究的人员阅读。全书分为基础篇、疾病篇和手术篇：基础篇介绍角膜内皮细胞及Descemet膜的胚胎发育、结构、生理与病理，并系统讲解非接触式角膜内皮镜、角膜激光共聚焦显微镜、眼前节OCT及异常影像判读；疾病篇涵盖病毒性及巨细胞病毒性角膜内皮炎、大泡性角膜病变、后弹力层脱离、虹膜角膜内皮综合征、眼前节毒性综合征、Descemet膜前角膜营养不良、Fuchs角膜内皮营养不良、后部多形性及先天性遗传性角膜内皮营养不良、Axenfeld-Rieger综合征和黏多糖代谢障碍相关病变，涉及病因、机制、临床表现、诊断、鉴别诊断、治疗与预后；手术篇重点讲述供体内皮活性检测、DSEK/DSAEK/Ultra-DSAEK、DMEK、PDAEK、组织工程角膜内皮移植、穿透性角膜移植、层间烧灼及移植并发症处理。
40,Corneal Disease-Reinhard and Larkin 2013,normalized_exact,02-角膜与眼表,f041b2b7-3147-4deb-a2f2-0de5cc53d296,10000,9b48b214-024d-4a1d-b56b-92e552c34bb8,Corneal Disease-Reinhard and Larkin 2013_weknora.mhtml,Corneal Disease-Reinhard and Larkin 2013_weknora.mhtml,completed,04398b04-0fe0-4897-9420-24c4a96cdd4b,26c0b7fd-331d-4983-9a78-b4d30eed3ef1,301,861,b2b221b8c0a38b32e5375c47bbaf92235a4f8832dc7a4484167a1bba5a4f3c9e,"本书《角膜疾病：诊断与治疗的最新进展》汇集了角膜病领域的专家研究，重点探讨了诊断技术、治疗策略及特殊人群的临床管理。

本书的核心内容涵盖以下几个方面：

1. **分枝杆菌性角膜炎的诊断与挑战**：分枝杆菌性角膜炎虽属罕见，但具有致盲风险，常继发于眼部手术或外伤。由于其病原体（如非结核分枝杆菌）具有耐药性且临床表现易与其他感染混淆，导致诊断延迟。目前，医疗干预仍面临挑战，手术治疗往往是控制病情的必要手段。

2. **先进影像技术的应用**：共聚焦显微镜（IVCM）和前节光学相干断层扫描（AS-OCT）已成为诊断和随访的重要工具。IVCM能够提供细胞级的形态学分析，有助于评估手术效果及诊断多种角膜病变，但其应用受限于操作难度、接触式检查带来的不适感以及视野范围较小等因素。AS-OCT则为前节结构的定量评估提供了非侵入性的客观手段。

3. **角膜移植与手术创新**：针对角膜移植，强调了眼库质量管理体系的重要性。在手术方式上，深板层角膜移植（DALK）和内皮角膜移植（DSEK）因其较少的并发症和较快的视力恢复，正逐渐成为特定病症的优选方案。

4. **小儿角膜移植的特殊性**：小儿角膜移植手术难度大，涉及复杂的术后管理及弱视治疗。除了传统的穿透性角膜移植，波士顿人工角膜等技术在特定病例中展现出潜力。成功的治疗依赖于角膜外科医生、儿科眼科医生及家庭成员的紧密协作，旨在改善患儿的视功能，进而提升其生活质量。

总体而言，该书强调了临床诊断的及时性、影像学技术的辅助作用，以及针对不同患者群体（尤其是婴幼儿）量身定制手术方案的必要性。","# Summary
本书《角膜疾病：诊断与治疗的最新进展》汇集了角膜病领域的专家研究，重点探讨了诊断技术、治疗策略及特殊人群的临床管理。

本书的核心内容涵盖以下几个方面：

1. **分枝杆菌性角膜炎的诊断与挑战**：分枝杆菌性角膜炎虽属罕见，但具有致盲风险，常继发于眼部手术或外伤。由于其病原体（如非结核分枝杆菌）具有耐药性且临床表现易与其他感染混淆，导致诊断延迟。目前，医疗干预仍面临挑战，手术治疗往往是控制病情的必要手段。

2. **先进影像技术的应用**：共聚焦显微镜（IVCM）和前节光学相干断层扫描（AS-OCT）已成为诊断和随访的重要工具。IVCM能够提供细胞级的形态学分析，有助于评估手术效果及诊断多种角膜病变，但其应用受限于操作难度、接触式检查带来的不适感以及视野范围较小等因素。AS-OCT则为前节结构的定量评估提供了非侵入性的客观手段。

3. **角膜移植与手术创新**：针对角膜移植，强调了眼库质量管理体系的重要性。在手术方式上，深板层角膜移植（DALK）和内皮角膜移植（DSEK）因其较少的并发症和较快的视力恢复，正逐渐成为特定病症的优选方案。

4. **小儿角膜移植的特殊性**：小儿角膜移植手术难度大，涉及复杂的术后管理及弱视治疗。除了传统的穿透性角膜移植，波士顿人工角膜等技术在特定病例中展现出潜力。成功的治疗依赖于角膜外科医生、儿科眼科医生及家庭成员的紧密协作，旨在改善患儿的视功能，进而提升其生活质量。

总体而言，该书强调了临床诊断的及时性、影像学技术的辅助作用，以及针对不同患者群体（尤其是婴幼儿）量身定制手术方案的必要性。",本书出版于2013年，是面向眼科医师、角膜专科医师及角膜移植相关研究人员的专题编辑著作，聚焦角膜疾病诊断与治疗的新进展。全书涵盖分枝杆菌性角膜炎的临床识别、实验室确诊、抗菌药物与手术控制；细菌性角膜炎的抗菌化疗及新型抗菌药物；圆锥角膜的家族遗传、亚临床扩张和遗传易感性；角膜共焦显微镜、光学相干断层扫描（OCT）等影像技术及其在术后随访中的应用；角膜血管生成与淋巴管生成及抗血管生成治疗；穿透性和板层移植供体角膜的保存、角膜库质量与风险管理；以及婴幼儿角膜移植的适应证、手术技术和术后管理。关键词包括LASIK、LASEK、DSEK、白内障术后感染、接触镜相关角膜炎、角膜移植、内皮移植和供体角膜保存。
41,Corneal Dystrophies-Lisch and Seitz 2011,normalized_exact,02-角膜与眼表,f041b2b7-3147-4deb-a2f2-0de5cc53d296,10000,3d8f3a35-eff9-424a-8e57-cf38d6f82b12,Corneal Dystrophies-Lisch and Seitz 2011_weknora.mhtml,Corneal Dystrophies-Lisch and Seitz 2011_weknora.mhtml,completed,e5eed5eb-43a1-41c2-ae7f-8c81d24a320c,aadccd98-da42-4311-8551-139f21b94a5e,373,956,5ad0832cfdd4a54b0eb2ce9fdf8701c353b793ced527d5b3727cea4c90e5fb10,"本书《角膜营养不良》（*Corneal Dystrophies*）由Walter Lisch和Berthold Seitz编辑，系统性地探讨了角膜营养不良的病理机制、分类、历史误区及临床治疗进展。

该书的核心内容涵盖以下几个方面：

1.  **病理生理学与分子遗传学**：角膜由上皮、基质和内皮三层组成，各层的功能障碍均可导致相应的营养不良。随着分子遗传学的发展，研究人员已明确多种角膜营养不良的基因突变，并指出表型与基因型之间存在复杂的异质性。目前，理解这些复杂的分子机制是开发未来因果疗法的关键。
2.  **分类与历史修正**：国际角膜营养不良分类委员会（IC3D）对25种角膜营养不良进行了分类，并根据证据等级进行了分级。书中特别指出，早期关于角膜营养不良的文献多以德语发表，由于语言障碍和引用失实，导致了长期的学术误传和误解（如对Reis-Bücklers角膜营养不良的错误描述），强调了基于现代科学视角重新审视历史文献的必要性。
3.  **特定疾病研究**：书中详细分析了多种疾病，如生物素结晶性营养不良（BCD），指出其与CYP4V2基因突变及脂质代谢异常相关，且在东亚人群中更为常见。通过对比酪氨酸血症II型与Schnyder角膜营养不良（SCD），阐明了临床鉴别诊断的重要性。
4.  **临床治疗策略**：治疗方案需根据病变阶段进行选择。对于浅层病变，准分子激光治疗性角膜切削术（PTK）是首选；对于深层基质病变，深板层角膜移植术（DALK）有效；而内皮营养不良则首选后弹力层剥离自动角膜内皮移植术（DSAEK）。针对角膜与白内障合并病变，书中讨论了“三联手术”与分步手术的利弊，强调了在老年患者中选择合适手术路径的重要性。

总结而言，该书强调了准确的组织学分类对于制定分阶段治疗方案的必要性，并呼吁在未来的临床研究中采用更严谨的评估指标（如内皮细胞计数、免疫反应率及视觉质量指标），以客观评价不同手术技术的临床价值。","# Summary
本书《角膜营养不良》（*Corneal Dystrophies*）由Walter Lisch和Berthold Seitz编辑，系统性地探讨了角膜营养不良的病理机制、分类、历史误区及临床治疗进展。

该书的核心内容涵盖以下几个方面：

1.  **病理生理学与分子遗传学**：角膜由上皮、基质和内皮三层组成，各层的功能障碍均可导致相应的营养不良。随着分子遗传学的发展，研究人员已明确多种角膜营养不良的基因突变，并指出表型与基因型之间存在复杂的异质性。目前，理解这些复杂的分子机制是开发未来因果疗法的关键。
2.  **分类与历史修正**：国际角膜营养不良分类委员会（IC3D）对25种角膜营养不良进行了分类，并根据证据等级进行了分级。书中特别指出，早期关于角膜营养不良的文献多以德语发表，由于语言障碍和引用失实，导致了长期的学术误传和误解（如对Reis-Bücklers角膜营养不良的错误描述），强调了基于现代科学视角重新审视历史文献的必要性。
3.  **特定疾病研究**：书中详细分析了多种疾病，如生物素结晶性营养不良（BCD），指出其与CYP4V2基因突变及脂质代谢异常相关，且在东亚人群中更为常见。通过对比酪氨酸血症II型与Schnyder角膜营养不良（SCD），阐明了临床鉴别诊断的重要性。
4.  **临床治疗策略**：治疗方案需根据病变阶段进行选择。对于浅层病变，准分子激光治疗性角膜切削术（PTK）是首选；对于深层基质病变，深板层角膜移植术（DALK）有效；而内皮营养不良则首选后弹力层剥离自动角膜内皮移植术（DSAEK）。针对角膜与白内障合并病变，书中讨论了“三联手术”与分步手术的利弊，强调了在老年患者中选择合适手术路径的重要性。

总结而言，该书强调了准确的组织学分类对于制定分阶段治疗方案的必要性，并呼吁在未来的临床研究中采用更严谨的评估指标（如内皮细胞计数、免疫反应率及视觉质量指标），以客观评价不同手术技术的临床价值。",本书出版于2011年，是面向眼科、角膜与前节专科医师及相关研究人员的角膜遗传性疾病专著。全书以IC3D分类为基础，系统介绍角膜营养不良的临床表现、组织病理、遗传学与分子机制，并讨论Schnyder角膜营养不良的鉴别诊断、明胶滴状角膜营养不良及分期治疗。内容覆盖上皮、Bowman层、基质、Descemet膜和内皮病变，包括Meesmann、Reis-Bücklers、Thiel-Behnke、颗粒状、斑状、Schnyder、Fuchs、后部多形性、先天性遗传性内皮营养不良等。重点涉及裂隙灯生物显微镜、角膜地形图、厚度测量、镜面显微镜、共焦显微镜、前节OCT，以及光镜、电镜、免疫组织化学和基因检测；治疗涵盖药物与接触镜、准分子激光治疗性角膜切削术（PTK）、板层角膜移植、深板层移植、穿透性角膜移植及内皮移植，并强调病变分布、复发和手术决策。
42,"Corneal Surgery- Theory, Technique and Tissue-Frederick S. Brightbill 2009",normalized_exact,02-角膜与眼表,f041b2b7-3147-4deb-a2f2-0de5cc53d296,10000,00fb31e3-635b-40ca-9a01-048119245103,"Corneal Surgery- Theory, Technique and Tissue-Frederick S. Brightbill 2009_weknora.mhtml","Corneal Surgery- Theory, Technique and Tissue-Frederick S. Brightbill 2009_weknora.mhtml",completed,,,465,1299,c3788a900820e5c9df1025083a6643d9c11b8cfafd5ab415d7e2eed81fbc7fdb,,,本书出版于2009年，是面向角膜专科医师、眼科住院医师及从事角膜移植、眼表和屈光手术人员的系统性参考书，兼顾角膜组织基础、检查诊断与手术技术。内容从角膜移植史、眼睑内外翻与倒睫、结膜和泪膜、角膜上皮及缘干细胞、基质创伤修复、内皮结构与疾病展开，涵盖角膜透明性、生物力学和组织工程；随后介绍角膜计、Placido角膜地形图、Orbscan/Pentacam断层成像、前节影像、共焦显微镜、角膜内皮镜、眼压及生物力学分析。临床与手术部分涉及麻醉、异物、培养和活检、上皮清创、浅层角膜切除、复发性角膜糜烂微穿刺、PTK、组织胶、结膜瓣和羊膜移植、中央及周边角膜变薄、眼表重建、单纯疱疹、化学伤、角膜裂伤、肿瘤和人工角膜。全书重点详述供体评估、组织配型、环钻与切削器械、黏弹剂、缝合、前板层及深板层角膜移植、穿透性角膜移植、DSAEK/DSEK等内皮移植，以及儿童移植、再移植、术后感染、青光眼、散光、排斥和免疫抑制；后半部分进一步讨论LASIK、PRK、角膜环、传导性角膜成形术、飞秒及准分子激光、波前分析、个体化切削和屈光手术并发症。
43,Corneal Topography-Amar Agarwal; Athiya Agarwal; Soosan Jacob 2009,normalized_exact,02-角膜与眼表,f041b2b7-3147-4deb-a2f2-0de5cc53d296,10000,de0ce752-7f23-49f9-b602-7b369f0f6e89,Corneal Topography-Amar Agarwal; Athiya Agarwal; Soosan Jacob 2009_weknora.mhtml,Corneal Topography-Amar Agarwal; Athiya Agarwal; Soosan Jacob 2009_weknora.mhtml,completed,dc139f0c-0d00-42dc-ae31-6e67831d845a,49291bf8-bbe2-427c-9797-a710ef43f35e,413,1155,82bec2e65b037a3ab9350dda910035ce5315dc9711bc318e83b781dd65855700,"《角膜地形图》是Jaypee Gold Standard Mini Atlas系列中的一部专著，由Amar Agarwal、Athiya Agarwal和Soosan Jacob主编，Elizabeth A Davis撰写前言，Jaypee Brothers Medical Publishers出版。前言指出，计算机辅助角膜地形图（视频角膜地形图）已成为眼科医师分析角膜形态的重要工具，可用于角膜营养不良（如圆锥角膜、透明边缘变性）的诊断、角膜接触镜验配、屈光手术和白内障手术的术前评估及术后管理；现代设备还能提供屈光度测量、后表面曲率分析、角膜厚度数据、不规则性量化、球面性及光学质量信息。前言还概括了本书内容：Orbscan地形图仪及其在筛查和诊断圆锥角膜（扩张）中的作用、Pentacam地形图仪、地形图与波前像差测量仪的结合应用，以及地形图在白内障手术中的用途。前言与序言均强调术前评估是屈光手术的关键，白内障手术也离不开地形图检查。

正文Orbscan章节介绍了该设备的基本原理：传统角膜曲率计和Placido盘系统只能测量角膜前表面曲率，无法进行裂隙扫描；Orbscan由Bausch and Lomb生产，结合裂隙扫描与Placido图像，获得更完整的地形图数据。文中对比了近轴光学与光线追踪（几何）光学：眼镜矫正只能处理离焦和散光等近轴像差，而屈光手术效果不理想往往是由于引入球差、彗差等其他像差，原因包括偏中心消融、不对称愈合、生物力学反应、手术规划不当及信息不足。Orbscan采用光线追踪原理，不依赖曲率，而以角膜高度（elevation）和表面斜率为基础。角膜前表面高度图以“最佳拟合球”为参照，术后角膜呈扁长形时中央显示为蓝色区域。后表面高度图是Orbscan的独特功能，因后表面角膜屈光力为负值，可降低总角膜屈光力；解读时需关注后表面漂移最陡峭的位置及漂移差值，一般认为45至50微米为异常上限，孤立发现临床价值有限。Karpecki和Moyes提出“三步法则”用于LASIK术前筛查：一张地形图异常需谨慎，两张异常应引起关注，三张异常则禁忌手术。

在白内障手术部分，文中讨论了利用地形图上的红色数字确定正柱镜轴，并通过在陡峭轴向制作角膜切口来减少散光；还通过病例说明拆线后散光可能显著增加（如从+1.8D增至+5.7D），拆线时须谨慎分析地形图，必要时可行散光角膜切开术。最后介绍了Amar Agarwal创立的Phakonit技术，即通过0.9mm切口完成白内障摘除，相比2.6mm切口产生的散光更小，配合可折叠式或Acritec超小切口人工晶状体，可通过小于1.4mm的切口植入，术前术后地形图差异很小。","# Summary
《角膜地形图》是Jaypee Gold Standard Mini Atlas系列中的一部专著，由Amar Agarwal、Athiya Agarwal和Soosan Jacob主编，Elizabeth A Davis撰写前言，Jaypee Brothers Medical Publishers出版。前言指出，计算机辅助角膜地形图（视频角膜地形图）已成为眼科医师分析角膜形态的重要工具，可用于角膜营养不良（如圆锥角膜、透明边缘变性）的诊断、角膜接触镜验配、屈光手术和白内障手术的术前评估及术后管理；现代设备还能提供屈光度测量、后表面曲率分析、角膜厚度数据、不规则性量化、球面性及光学质量信息。前言还概括了本书内容：Orbscan地形图仪及其在筛查和诊断圆锥角膜（扩张）中的作用、Pentacam地形图仪、地形图与波前像差测量仪的结合应用，以及地形图在白内障手术中的用途。前言与序言均强调术前评估是屈光手术的关键，白内障手术也离不开地形图检查。

正文Orbscan章节介绍了该设备的基本原理：传统角膜曲率计和Placido盘系统只能测量角膜前表面曲率，无法进行裂隙扫描；Orbscan由Bausch and Lomb生产，结合裂隙扫描与Placido图像，获得更完整的地形图数据。文中对比了近轴光学与光线追踪（几何）光学：眼镜矫正只能处理离焦和散光等近轴像差，而屈光手术效果不理想往往是由于引入球差、彗差等其他像差，原因包括偏中心消融、不对称愈合、生物力学反应、手术规划不当及信息不足。Orbscan采用光线追踪原理，不依赖曲率，而以角膜高度（elevation）和表面斜率为基础。角膜前表面高度图以“最佳拟合球”为参照，术后角膜呈扁长形时中央显示为蓝色区域。后表面高度图是Orbscan的独特功能，因后表面角膜屈光力为负值，可降低总角膜屈光力；解读时需关注后表面漂移最陡峭的位置及漂移差值，一般认为45至50微米为异常上限，孤立发现临床价值有限。Karpecki和Moyes提出“三步法则”用于LASIK术前筛查：一张地形图异常需谨慎，两张异常应引起关注，三张异常则禁忌手术。

在白内障手术部分，文中讨论了利用地形图上的红色数字确定正柱镜轴，并通过在陡峭轴向制作角膜切口来减少散光；还通过病例说明拆线后散光可能显著增加（如从+1.8D增至+5.7D），拆线时须谨慎分析地形图，必要时可行散光角膜切开术。最后介绍了Amar Agarwal创立的Phakonit技术，即通过0.9mm切口完成白内障摘除，相比2.6mm切口产生的散光更小，配合可折叠式或Acritec超小切口人工晶状体，可通过小于1.4mm的切口植入，术前术后地形图差异很小。",本书出版于2009年，是法国眼科学会年度报告，面向眼科医师、视网膜专科医师及需要掌握AMD影像诊断与随访的临床人员。全书围绕OCT在年龄相关性黄斑变性中的应用展开：先介绍时域OCT、频域/谱域OCT及OCT/SLO的原理、检查技术、三维成像、图像分割、脉络膜与外层视网膜显示、微视野检查和主要设备；继而讲解正常黄斑及视网膜色素上皮（RPE）的OCT判读，并与眼底照相、荧光素血管造影、吲哚菁绿血管造影和自发荧光对照。正文结合大量病例分析AMD的临床表现、自然史和治疗后随访，涵盖玻璃膜疣、浆液性及纤维血管性色素上皮脱离、视网膜下液、囊样黄斑水肿、出血、地图样萎缩、干性AMD，以及经典、隐匿性和混合型脉络膜新生血管、视网膜脉络膜吻合和息肉样脉络膜血管病变。书中还讨论激光光凝、光动力疗法、抗血管生成治疗、联合治疗及注射后OCT监测、复发判断和再治疗标准，并总结OCT在渗出、瘢痕、纤维化、萎缩和光感受器损伤评估中的价值与局限。
44,Diabetic Retinopathy Evidence-Based Management-Browning 2010,normalized_exact,06-眼底病与视网膜内科,f900fe21-9deb-47e0-bf36-ce06022cae92,10000,e5029890-e520-4ef2-bf37-2e13d8276e31,Diabetic Retinopathy Evidence-Based Management-Browning 2010_weknora.mhtml,Diabetic Retinopathy Evidence-Based Management-Browning 2010_weknora.mhtml,completed,dbfa3b86-8457-4f27-87c0-2e01dbd1a9c0,82a90b4d-0468-4868-bd8a-35e58c397a34,344,972,9b192e0ef46f790aedbd0937759fd2d1213046523ffde39bc2779878dad18929,"本书《糖尿病视网膜病变：循证管理》（Diabetic Retinopathy: Evidence-Based Management）由David J. Browning编辑，旨在为临床医生提供关于糖尿病眼病生物学基础、临床表现及当前治疗方法的综合资源。

本书的核心内容涵盖了以下几个方面：

1.  **病理生理学基础**：详细介绍了视网膜的解剖结构，包括视网膜的层级构造及其将光能转化为神经信号的功能。书中强调了理解糖尿病视网膜病变（DR）病理生理机制的重要性，这是制定临床治疗方案的前提。
2.  **临床管理与治疗策略**：重点讨论了增殖性糖尿病视网膜病变（PDR）的治疗，特别是视网膜激光光凝术（PRP）的应用。书中基于糖尿病视网膜病变研究（DRS）和早期治疗糖尿病视网膜病变研究（ETDRS）等临床试验的证据，明确了高危增殖性糖尿病视网膜病变（HR-PDR）的诊断标准及激光治疗的指征。
3.  **多学科视角与社会影响**：除了实验室研究和临床诊疗，本书还探讨了医疗保健系统、财务激励机制以及社会因素对糖尿病视网膜病变治疗结果的影响，强调了临床实践中证据与经验的结合。
4.  **并发症与综合评估**：书中涵盖了糖尿病对角膜、虹膜、房角及视神经等眼部结构的伴随影响。通过教学病例分析，作者展示了如何将循证医学证据应用于复杂的临床决策中，特别是在面对超出经典临床试验范围的特殊患者群体（如高龄患者）时，临床经验与专业判断的重要性。

全书通过系统性的章节编排，从基础科学到临床应用，再到社会卫生政策，为医疗专业人员提供了一个全面且基于证据的糖尿病视网膜病变管理框架。","# Summary
本书《糖尿病视网膜病变：循证管理》（Diabetic Retinopathy: Evidence-Based Management）由David J. Browning编辑，旨在为临床医生提供关于糖尿病眼病生物学基础、临床表现及当前治疗方法的综合资源。

本书的核心内容涵盖了以下几个方面：

1.  **病理生理学基础**：详细介绍了视网膜的解剖结构，包括视网膜的层级构造及其将光能转化为神经信号的功能。书中强调了理解糖尿病视网膜病变（DR）病理生理机制的重要性，这是制定临床治疗方案的前提。
2.  **临床管理与治疗策略**：重点讨论了增殖性糖尿病视网膜病变（PDR）的治疗，特别是视网膜激光光凝术（PRP）的应用。书中基于糖尿病视网膜病变研究（DRS）和早期治疗糖尿病视网膜病变研究（ETDRS）等临床试验的证据，明确了高危增殖性糖尿病视网膜病变（HR-PDR）的诊断标准及激光治疗的指征。
3.  **多学科视角与社会影响**：除了实验室研究和临床诊疗，本书还探讨了医疗保健系统、财务激励机制以及社会因素对糖尿病视网膜病变治疗结果的影响，强调了临床实践中证据与经验的结合。
4.  **并发症与综合评估**：书中涵盖了糖尿病对角膜、虹膜、房角及视神经等眼部结构的伴随影响。通过教学病例分析，作者展示了如何将循证医学证据应用于复杂的临床决策中，特别是在面对超出经典临床试验范围的特殊患者群体（如高龄患者）时，临床经验与专业判断的重要性。

全书通过系统性的章节编排，从基础科学到临床应用，再到社会卫生政策，为医疗专业人员提供了一个全面且基于证据的糖尿病视网膜病变管理框架。",本书出版于2010年，是面向眼科、视网膜专科及相关临床医生的糖尿病眼病循证管理参考书，系统连接基础机制、临床分级、辅助检查、治疗决策与真实病例。内容涵盖糖尿病视网膜病变的病理生理、遗传学、流行病学及全身和眼部影响因素；重点讨论病变严重度定义、糖尿病黄斑水肿、糖尿病黄斑缺血和增殖性糖尿病视网膜病变。书中介绍光学相干断层扫描（OCT）、荧光素眼底血管造影（FA）、超声等诊断与影像技术，并围绕激光治疗、玻璃体切割术、白内障手术及相关并发症展开管理。另设糖尿病与青光眼、角膜病、视神经病变、视网膜病变筛查，以及医疗服务、经济和伦理问题等专题，最后以14个临床教学病例综合应用证据。关键词包括NPDR、PDR、DME、VEGF、视网膜新生血管、黄斑水肿、黄斑缺血、牵拉性视网膜脱离和ETDRS。
45,Diagnostic Imaging Head and Neck（第4版）-Bronwyn E. Hamilton 2022,normalized_exact,16-检查：CT 与 MRI,c9231d63-fc70-4995-be25-876189e90f6d,10000,7705df92-c76d-424f-b10b-e56ff0d5cafb,Diagnostic Imaging Head and Neck（第4版）-Bronwyn E. Hamilton 2022_weknora.mhtml,Diagnostic Imaging Head and Neck（第4版）-Bronwyn E. Hamilton 2022_weknora.mhtml,completed,2dd612c7-3288-4982-afd7-7d44b0fff8fb,3158e49a-0b16-4286-87c1-72af2ae9c68f,419,1159,de9f38f0390e3e0c3a28d207adffe8e7dd2cafaddeb0a76b497d0080bc581013,"FOURTH EDITION

# Hamilton | Koch Vattoth | Chapman

Koontz | Meltzer | Phillips | Singhal | Lantos | Stambuk | Dean

Strauss | Salzman | Wiggins | Anzai | Thiessen | Winegar |
O’Brien

# Diagnostic Imaging Head and Neck

FOURTH EDITION

## Hamilton | Koch Vattoth | Chapman

## Diagnostic Imaging Head and Neck

## Diagnostic Imaging

Head and Neck

FOURTH EDITION

Bronwyn E. Hamilton, MD

### Bernadette L. Koch, MD

Surjith Vattoth, MD, FRCR

### Philip R. Chapman, MD

# DIAGNOSTIC IMAGING: HEAD","# Summary
FOURTH EDITION

# Hamilton | Koch Vattoth | Chapman

Koontz | Meltzer | Phillips | Singhal | Lantos | Stambuk | Dean

Strauss | Salzman | Wiggins | Anzai | Thiessen | Winegar |
O’Brien

# Diagnostic Imaging Head and Neck

FOURTH EDITION

## Hamilton | Koch Vattoth | Chapman

## Diagnostic Imaging Head and Neck

## Diagnostic Imaging

Head and Neck

FOURTH EDITION

Bronwyn E. Hamilton, MD

### Bernadette L. Koch, MD

Surjith Vattoth, MD, FRCR

### Philip R. Chapman, MD

# DIAGNOSTIC IMAGING: HEAD",本书为2022年出版的头颈部诊断影像学专著，面向放射科医师、影像专科医师、耳鼻咽喉头颈外科及相关多学科团队。全书以解剖间隙和临床问题组织内容，涵盖舌骨上、下颈部、咽旁间隙、咽黏膜间隙、咀嚼肌间隙、腮腺、颈动脉、咽后、椎旁及后颈间隙，内脏间隙、喉咽喉气管、淋巴结、口腔、颌面与颞下颌关节；并系统讨论鳞状细胞癌、原发肿瘤与神经周围播散、治疗后颈部、儿童病变、综合征、鼻窦、眼眶、颅底、颅面及颞骨创伤、颞骨和桥小脑角—内听道病变。内容覆盖先天、感染炎症、血管、良恶性肿瘤、转移、创伤及治疗相关疾病，包括鼻咽癌、口咽癌、甲状腺癌、淋巴瘤、涎腺肿瘤、脓肿、鼻窦炎、胆脂瘤、耳硬化症、听神经瘤和脑膜瘤等。重点介绍增强CT、MRI、超声、PET/CT及Ga-68 DOTATATE PET的适应证、影像表现、鉴别诊断与术前定位，并涉及AJCC第8版TNM分期、WHO肿瘤分类、ISSVA血管畸形命名、放疗、免疫治疗、颈部淋巴结清扫、重建皮瓣及人工耳蜗。
46,Electroretinograms-Gregor Belušič 2011,normalized_exact,19-检查：视觉电生理,90a38a5f-92ce-4de3-a03a-152fd1db4d8e,10000,41a60d54-0c4a-43c6-a026-c236952ba2a0,Electroretinograms-Gregor Belušič 2011_weknora.mhtml,Electroretinograms-Gregor Belušič 2011_weknora.mhtml,completed,2385c795-3d69-4b10-8e81-5c294440c145,77ff0e75-c846-4cfa-8ad9-b97c2ab85f8d,435,1171,f2d4491d7236a5ccd3930f8b8a6af969c05eacc2640683e50eceb02d5c384885,"视网膜电图（ERG）是一种非侵入性的电生理检测手段，用于客观评估视网膜及视觉通路的功能。该技术通过记录眼部在光刺激下产生的电位变化，能够分析视杆细胞、视锥细胞、双极细胞及神经节细胞等不同视网膜细胞层的活动。

本文档的核心内容涵盖以下几个方面：

1.  **基本原理与技术演进**：ERG的生理基础在于视网膜神经元的静息电位及光转导过程。光子触发视紫红质的构象改变，进而引发级联反应，导致细胞膜电位波动。自19世纪中叶发现眼部电位以来，ERG技术经历了从基础记录到临床应用的演变，现已发展出全视野ERG（fFERG）、多焦ERG（mfERG）和图形ERG（PERG）等多种精细化检测手段。

2.  **临床诊断应用**：ERG是诊断多种遗传性视网膜疾病的关键工具。文档详细讨论了先天性静止性夜盲症（如Rambusch型、Oguchi病）、视网膜色素上皮病变（如白点状视网膜炎）以及遗传性黄斑变性（如Stargardt病）等疾病的临床表现与ERG特征，通过分析波形变化，医生能够区分不同类型的视网膜功能障碍。

3.  **动物模型研究**：果蝇（Drosophila）作为重要的模式生物，在视觉研究及人类疾病模拟中发挥着重要作用。通过对果蝇特定基因（如*norpA*、*inaC*）突变的研究，科研人员能够利用ERG观察视网膜退行性变及光感受器功能异常。此外，ERG常与离子浓度监测、氧化还原状态测量等技术结合，为研究人类帕金森病、阿尔茨海默病等多种系统性疾病提供实验平台。

4.  **综合价值**：ERG不仅是眼科临床诊断视网膜疾病的基石，也是神经科学及基础生物医学研究中不可或缺的手段。通过对不同物种模型及人类病理状态的分析，该技术为理解视觉系统的功能完整性及病理机制提供了量化依据。","# Summary
视网膜电图（ERG）是一种非侵入性的电生理检测手段，用于客观评估视网膜及视觉通路的功能。该技术通过记录眼部在光刺激下产生的电位变化，能够分析视杆细胞、视锥细胞、双极细胞及神经节细胞等不同视网膜细胞层的活动。

本文档的核心内容涵盖以下几个方面：

1.  **基本原理与技术演进**：ERG的生理基础在于视网膜神经元的静息电位及光转导过程。光子触发视紫红质的构象改变，进而引发级联反应，导致细胞膜电位波动。自19世纪中叶发现眼部电位以来，ERG技术经历了从基础记录到临床应用的演变，现已发展出全视野ERG（fFERG）、多焦ERG（mfERG）和图形ERG（PERG）等多种精细化检测手段。

2.  **临床诊断应用**：ERG是诊断多种遗传性视网膜疾病的关键工具。文档详细讨论了先天性静止性夜盲症（如Rambusch型、Oguchi病）、视网膜色素上皮病变（如白点状视网膜炎）以及遗传性黄斑变性（如Stargardt病）等疾病的临床表现与ERG特征，通过分析波形变化，医生能够区分不同类型的视网膜功能障碍。

3.  **动物模型研究**：果蝇（Drosophila）作为重要的模式生物，在视觉研究及人类疾病模拟中发挥着重要作用。通过对果蝇特定基因（如*norpA*、*inaC*）突变的研究，科研人员能够利用ERG观察视网膜退行性变及光感受器功能异常。此外，ERG常与离子浓度监测、氧化还原状态测量等技术结合，为研究人类帕金森病、阿尔茨海默病等多种系统性疾病提供实验平台。

4.  **综合价值**：ERG不仅是眼科临床诊断视网膜疾病的基石，也是神经科学及基础生物医学研究中不可或缺的手段。通过对不同物种模型及人类病理状态的分析，该技术为理解视觉系统的功能完整性及病理机制提供了量化依据。",本书出版于2011年，是面向眼科医师、视觉电生理与视网膜研究人员的视网膜功能检测专著，兼顾临床诊断、疾病评估、药物疗效与动物实验。内容分为三部分：人类ERG方法学涵盖全视野ERG、局灶性黄斑ERG、多焦ERG、图形ERG、EOG，暗适应与明适应、视杆/视锥反应、a波、b波、振荡电位、模式反应、正常值、ISCEV标准、信号通路、伪差控制及多焦ERG无显著反应识别；疾病部分讨论遗传性视网膜变性、视网膜色素变性、Leber先天性黑蒙、Stargardt病、卵黄状黄斑营养不良、年龄相关性黄斑变性、糖尿病及糖尿病视网膜病变、X连锁视网膜劈裂、先天性静止性夜盲、AZOOR和隐匿性黄斑营养不良，并涉及视神经病变和血管性疾病；动物模型部分涉及离体小鼠视网膜、大鼠锥体ERG、日本猕猴玻璃膜疣及果蝇。书中结合眼底照相、荧光素血管造影、OCT/谱域OCT、视觉野和自适应光学，介绍光动力治疗、抗VEGF、玻璃体腔曲安奈德、贝伐珠单抗、黄斑裂孔手术、内界膜剥离及气体填充后的功能评价。
47,Eye Pathology-Ralph C Eagle 2017,normalized_exact,01-眼科综合：基础与全身病,09c593aa-1a64-48de-af81-fc4d30d551b4,10000,6d09fb6d-e569-4a48-b009-8bbb7abd006b,Eye Pathology-Ralph C Eagle 2017_weknora.mhtml,Eye Pathology-Ralph C Eagle 2017_weknora.mhtml,completed,b29cf631-452e-49e5-a551-d487557dbf3f,0659435c-4316-4990-a2e0-6f98ad7ca515,397,1133,ab2335f9b8762c5885f183e17a52b65eb55e65d835924e05f61b7b6740c6e436,"《眼科病理学：图谱与文本》（第三版）由Ralph C. Eagle, Jr. 撰写，旨在为眼科医生、住院医师及病理学家提供眼科病理学的入门参考。该书强调了眼科病理学知识对于临床诊断、评估治疗效果及理解眼部疾病自然病程的重要性。

本书的核心内容涵盖了以下几个关键方面：

1.  **影像技术与病理学的结合**：随着频域光学相干断层扫描（SD-OCT）成为临床标准，作者强调了将高分辨率的活体影像与组织学切片进行对比分析的必要性。准确解读SD-OCT图像需要深厚的眼部组织学基础，这对现代眼科诊断至关重要。
2.  **眼科病理诊断的演变**：书中讨论了现代诊断技术的进步，包括免疫组织化学的应用以及分子遗传学检测在眼部及附件肿瘤分类与预后评估中的关键作用。此外，针对角膜病变、眼内肿瘤（如葡萄膜黑色素瘤和视网膜母细胞瘤）的治疗模式转变，也对病理标本的解读提出了新的挑战。
3.  **视网膜疾病的病理机制**：书中详细阐述了年龄相关性黄斑变性（AMD）的病理特征，包括干性与湿性AMD的病理谱系、视网膜色素上皮（RPE）的萎缩、Bruch膜的改变以及玻璃膜疣（drusen）的复杂成分。
4.  **视网膜肿瘤及模拟病变**：书中探讨了视网膜星形细胞错构瘤（常与结节性硬化症相关）的病理表现，并分析了视网膜母细胞瘤的鉴别诊断，包括白瞳症（leukocoria）的其他病因，如白内障、脉络膜缺损及髓鞘神经纤维等，强调了临床鉴别诊断的严谨性。

第三版教材不仅更新了文本内容，还增加了新的图表、彩色光电蒙太奇图像，并配套了包含800多道多选题的在线资源，旨在帮助读者掌握眼科病理学的核心知识，提升临床诊断水平。","# Summary
《眼科病理学：图谱与文本》（第三版）由Ralph C. Eagle, Jr. 撰写，旨在为眼科医生、住院医师及病理学家提供眼科病理学的入门参考。该书强调了眼科病理学知识对于临床诊断、评估治疗效果及理解眼部疾病自然病程的重要性。

本书的核心内容涵盖了以下几个关键方面：

1.  **影像技术与病理学的结合**：随着频域光学相干断层扫描（SD-OCT）成为临床标准，作者强调了将高分辨率的活体影像与组织学切片进行对比分析的必要性。准确解读SD-OCT图像需要深厚的眼部组织学基础，这对现代眼科诊断至关重要。
2.  **眼科病理诊断的演变**：书中讨论了现代诊断技术的进步，包括免疫组织化学的应用以及分子遗传学检测在眼部及附件肿瘤分类与预后评估中的关键作用。此外，针对角膜病变、眼内肿瘤（如葡萄膜黑色素瘤和视网膜母细胞瘤）的治疗模式转变，也对病理标本的解读提出了新的挑战。
3.  **视网膜疾病的病理机制**：书中详细阐述了年龄相关性黄斑变性（AMD）的病理特征，包括干性与湿性AMD的病理谱系、视网膜色素上皮（RPE）的萎缩、Bruch膜的改变以及玻璃膜疣（drusen）的复杂成分。
4.  **视网膜肿瘤及模拟病变**：书中探讨了视网膜星形细胞错构瘤（常与结节性硬化症相关）的病理表现，并分析了视网膜母细胞瘤的鉴别诊断，包括白瞳症（leukocoria）的其他病因，如白内障、脉络膜缺损及髓鞘神经纤维等，强调了临床鉴别诊断的严谨性。

第三版教材不仅更新了文本内容，还增加了新的图表、彩色光电蒙太奇图像，并配套了包含800多道多选题的在线资源，旨在帮助读者掌握眼科病理学的核心知识，提升临床诊断水平。",本书出版于2017年，是面向眼科住院医师、眼科病理轮转人员、眼科专科培训及外科病理医师的眼病理学图谱与简明教材。全书从眼球解剖与组织学、先天性及发育异常、炎症和眼外伤入手，系统覆盖结膜、角膜与巩膜、晶状体、青光眼、视网膜、玻璃体、眼睑、眼眶及视神经疾病，重点讨论葡萄膜黑色素瘤、成人眼内肿瘤、视网膜母细胞瘤及其模拟病变，并介绍标本处理、切片、常规及特殊染色、免疫组织化学、冷冻切片和分子诊断。内容涉及角膜炎、圆锥角膜、角膜营养不良、白内障、糖尿病视网膜病变、黄斑变性、视网膜脱离、CMV/HSV/VZV视网膜炎、弓形虫脉络膜视网膜炎、眼内炎、青光眼、眼睑基底细胞癌和皮脂腺癌、甲状腺相关眼病及眼眶肿瘤等。结合组织学、眼底照片及影像，涉及SD-OCT、放射性斑块近距离治疗、玻璃体内及眼动脉内化疗、穿透性与板层角膜移植、DALK、DSEK、屈光手术、眼球摘除和眼内容物剜除等检查、治疗与手术技术。
48,"Fluorescence Angiography in Ophthalmology-S. Dithmar, F.G. Holz 2008",normalized_exact,15-检查：眼底血管造影（FFA/ICGA）,b12450f6-99ea-4f03-8765-a0a9b2753124,10000,debfb160-165a-44b2-9b5c-3f2a3725ec76,"Fluorescence Angiography in Ophthalmology-S. Dithmar, F.G. Holz 2008_weknora.mhtml","Fluorescence Angiography in Ophthalmology-S. Dithmar, F.G. Holz 2008_weknora.mhtml",completed,94e7b208-3fc0-49b8-8c7c-96ea1aa6ed72,d274e1f1-4f6f-419d-af1f-b8a05057edbd,390,1062,931032d214baf612999694dfdae6fa0f5fc77fb6699b679b019495e473ff42cc,"本材料摘自Dithmar与Holz主编的眼科学专著《眼科荧光血管造影》（Springer Medizin Verlag Heidelberg，2008年出版），是一本以图谱形式系统介绍荧光素血管造影、吲哚菁绿血管造影及眼底自发荧光成像的著作。前言指出，共焦激光扫描技术的应用是近年最重要的进展，使成像实现数字化、实时化，并支持荧光素与吲哚菁绿血管造影同步进行；书中图像主要基于海德堡大学眼科与应用海德堡视网膜血管造影仪2（HRA 2）积累的病例资料。该书既阐明技术原理，也以大量病例展示视网膜脉络膜疾病的病理性荧光现象，重点关注黄斑疾病、年龄相关性黄斑变性及抗VEGF治疗，并涵盖视网膜血管病、炎症性疾病、视神经疾病及眼内肿瘤等。

第一章阐述荧光血管造影的物理化学基础：荧光物质受电磁辐射激发后，自由电子跃迁至较高能级，回落时重新发射能量，发射光波长恒长于吸收光波长；荧光在激发光停止后立即终止，延迟发射则称磷光。荧光素为水溶性晶体，吸收光谱位于465–490纳米（蓝光区），发射光谱位于520–530纳米，呈黄绿色荧光，强度依赖pH，在血液中性pH下达最大；常规以10%溶液5毫升静脉注射，70%–80%与血浆蛋白结合，其余部分可透过除脉络膜大血管、视网膜血管（血-视网膜内屏障）及脑血管外的血管壁，视网膜色素上皮亦构成染料弥散屏障。

疾病各论部分涵盖多种眼底病变。RPE图案样营养不良以放射状排列的色素线条为特征，自发荧光成像中色素线呈明显高荧光，荧光素血管造影中则因遮挡背景荧光而呈低荧光，两种影像互为""负片""关系，且无染料渗漏。先天性X连锁视网膜劈裂仅累及男性，视力降至20/50至20/100，常伴远视，ERG的b波振幅降低；黄斑部呈星状内界膜扭曲伴视网膜内囊肿，约70%患者合并颞下周边视网膜劈裂，血管造影仅显示视网膜扭曲与囊肿而无渗漏，恰与黄斑囊样水肿相反。脉络膜血管瘤为良性肿瘤，多位于后极部，眼底呈红橙色边界清晰的视网膜下隆起；荧光素血管造影早期呈不规则高荧光（反映瘤内血管腔充盈），随病程进展高荧光增强，晚期持续高荧光可源于染料在血管腔内的积聚或视网膜下液积存；吲哚菁绿血管造影能清晰显示瘤内血管腔，晚期周围脉络膜荧光消退后肿瘤区仍残留持续荧光。","# Summary
本材料摘自Dithmar与Holz主编的眼科学专著《眼科荧光血管造影》（Springer Medizin Verlag Heidelberg，2008年出版），是一本以图谱形式系统介绍荧光素血管造影、吲哚菁绿血管造影及眼底自发荧光成像的著作。前言指出，共焦激光扫描技术的应用是近年最重要的进展，使成像实现数字化、实时化，并支持荧光素与吲哚菁绿血管造影同步进行；书中图像主要基于海德堡大学眼科与应用海德堡视网膜血管造影仪2（HRA 2）积累的病例资料。该书既阐明技术原理，也以大量病例展示视网膜脉络膜疾病的病理性荧光现象，重点关注黄斑疾病、年龄相关性黄斑变性及抗VEGF治疗，并涵盖视网膜血管病、炎症性疾病、视神经疾病及眼内肿瘤等。

第一章阐述荧光血管造影的物理化学基础：荧光物质受电磁辐射激发后，自由电子跃迁至较高能级，回落时重新发射能量，发射光波长恒长于吸收光波长；荧光在激发光停止后立即终止，延迟发射则称磷光。荧光素为水溶性晶体，吸收光谱位于465–490纳米（蓝光区），发射光谱位于520–530纳米，呈黄绿色荧光，强度依赖pH，在血液中性pH下达最大；常规以10%溶液5毫升静脉注射，70%–80%与血浆蛋白结合，其余部分可透过除脉络膜大血管、视网膜血管（血-视网膜内屏障）及脑血管外的血管壁，视网膜色素上皮亦构成染料弥散屏障。

疾病各论部分涵盖多种眼底病变。RPE图案样营养不良以放射状排列的色素线条为特征，自发荧光成像中色素线呈明显高荧光，荧光素血管造影中则因遮挡背景荧光而呈低荧光，两种影像互为""负片""关系，且无染料渗漏。先天性X连锁视网膜劈裂仅累及男性，视力降至20/50至20/100，常伴远视，ERG的b波振幅降低；黄斑部呈星状内界膜扭曲伴视网膜内囊肿，约70%患者合并颞下周边视网膜劈裂，血管造影仅显示视网膜扭曲与囊肿而无渗漏，恰与黄斑囊样水肿相反。脉络膜血管瘤为良性肿瘤，多位于后极部，眼底呈红橙色边界清晰的视网膜下隆起；荧光素血管造影早期呈不规则高荧光（反映瘤内血管腔充盈），随病程进展高荧光增强，晚期持续高荧光可源于染料在血管腔内的积聚或视网膜下液积存；吲哚菁绿血管造影能清晰显示瘤内血管腔，晚期周围脉络膜荧光消退后肿瘤区仍残留持续荧光。",本书出版于2008年，是面向眼科临床医师、视网膜专科医师及相关影像与教学人员的眼底荧光影像图谱，系统讲解荧光、荧光素钠和吲哚菁绿的物理化学基础、扫描激光检眼镜及 Heidelberg Retina Angiograph 2 的成像技术，并介绍正常荧光、异常荧光和眼底自发荧光。主体围绕黄斑疾病、视网膜血管病、炎症性视网膜脉络膜病、视神经乳头疾病及眼内肿瘤展开，涵盖年龄相关性黄斑变性、玻璃膜疣、RPE地图样萎缩、脉络膜新生血管、息肉样脉络膜血管病变、RAP、黄斑水肿、糖尿病视网膜病变、视网膜动静脉阻塞、Coats病、脉络膜视网膜炎、视乳头水肿、脉络膜黑色素瘤及转移瘤等。书中结合荧光素血管造影、ICG血管造影、自发荧光、红无赤及红外影像，解析高荧光、低荧光、渗漏、染色、窗样缺损等表现，并讨论激光光凝、光动力治疗和抗VEGF治疗后的影像学变化，突出诊断、鉴别诊断和临床管理价值。
49,General Ophthalmology 19-Paul Riordan 2018,normalized_exact,01-眼科综合：基础与全身病,09c593aa-1a64-48de-af81-fc4d30d551b4,10000,0b7de511-2234-4b4c-bfb6-3f230581b875,General Ophthalmology 19-Paul Riordan 2018_weknora.mhtml,General Ophthalmology 19-Paul Riordan 2018_weknora.mhtml,completed,5e1576ea-e673-4257-98ca-9d1452b2c691,03cbcb6e-cfc3-4fcd-8be7-161566981200,357,1051,b60ea46235e9416417e9ff8a662f3621ba26a3a00b26429b5b5e636eb705dd5a,"本书《Vaughan & Asbury’s General Ophthalmology》（第19版）是一部关于眼科学的专业参考书，涵盖了眼部解剖、胚胎学、临床诊断及治疗等核心内容。

本书的主要内容要点如下：

1.  **眼部解剖与胚胎学**：强调了对眼球、眼眶、视觉通路及眼部运动神经解剖结构的深入理解是诊断眼部疾病及进行眼科手术的基础。书中详细描述了眼眶的骨性结构、容积及其与周围鼻窦的关系，并指出解剖知识在应对眼眶外伤（如爆裂性骨折）中的重要性。
2.  **青光眼的药物治疗**：详细介绍了多种降低眼压的药物，包括α-肾上腺素能激动剂（如阿普可乐定、溴莫尼定）、碳酸酐酶抑制剂（如多佐胺、布林佐胺及全身用药乙酰唑胺）。此外，还探讨了通过高渗剂减少玻璃体容积以及使用缩瞳剂、散瞳剂和睫状肌麻痹剂来调节眼压和处理房角关闭的临床策略。
3.  **临床术语与诊断工具**：书末提供了详尽的术语表，定义了眼科临床中常用的检查工具（如裂隙灯生物显微镜、检影镜、视力表）、手术方法（如小切口透镜取出术、小梁切除术、玻璃体切除术）以及各类眼部病理状态（如视网膜色素变性、斜视、葡萄膜炎、虹膜粘连等）。
4.  **临床实践原则**：书中强调了现代医学中非侵入性技术（如MRI、超声、OCT）在解剖研究中的应用，并提醒临床医生在药物治疗中需关注药物副作用、禁忌症及个体化治疗方案的重要性。

本书旨在为眼科医生提供系统性的理论基础与临床指导，强调了从解剖结构到病理机制的全面认知对于眼科临床实践的必要性。","# Summary
本书《Vaughan & Asbury’s General Ophthalmology》（第19版）是一部关于眼科学的专业参考书，涵盖了眼部解剖、胚胎学、临床诊断及治疗等核心内容。

本书的主要内容要点如下：

1.  **眼部解剖与胚胎学**：强调了对眼球、眼眶、视觉通路及眼部运动神经解剖结构的深入理解是诊断眼部疾病及进行眼科手术的基础。书中详细描述了眼眶的骨性结构、容积及其与周围鼻窦的关系，并指出解剖知识在应对眼眶外伤（如爆裂性骨折）中的重要性。
2.  **青光眼的药物治疗**：详细介绍了多种降低眼压的药物，包括α-肾上腺素能激动剂（如阿普可乐定、溴莫尼定）、碳酸酐酶抑制剂（如多佐胺、布林佐胺及全身用药乙酰唑胺）。此外，还探讨了通过高渗剂减少玻璃体容积以及使用缩瞳剂、散瞳剂和睫状肌麻痹剂来调节眼压和处理房角关闭的临床策略。
3.  **临床术语与诊断工具**：书末提供了详尽的术语表，定义了眼科临床中常用的检查工具（如裂隙灯生物显微镜、检影镜、视力表）、手术方法（如小切口透镜取出术、小梁切除术、玻璃体切除术）以及各类眼部病理状态（如视网膜色素变性、斜视、葡萄膜炎、虹膜粘连等）。
4.  **临床实践原则**：书中强调了现代医学中非侵入性技术（如MRI、超声、OCT）在解剖研究中的应用，并提醒临床医生在药物治疗中需关注药物副作用、禁忌症及个体化治疗方案的重要性。

本书旨在为眼科医生提供系统性的理论基础与临床指导，强调了从解剖结构到病理机制的全面认知对于眼科临床实践的必要性。",本书出版于2018年，是面向医学生、眼科住院医师、执业眼科医师、护士、验光师及相关医学与外科专业人员的综合性眼科学教材。内容从眼球、眼眶、视觉通路及眼部胚胎发育入手，介绍眼科病史采集、视力与视觉功能评估、眼部直接检查及MRI、超声、OCT等影像技术，并涵盖眼科急症。全书系统讨论眼睑与泪器、结膜、角膜、葡萄膜、巩膜、晶状体、玻璃体、视网膜、青光眼、斜视、眼眶和神经眼科；进一步涉及糖尿病、高血压等全身病相关眼病、免疫性疾病、小儿眼病、眼遗传病、眼外伤及视力丧失的病因与预防。后半部分聚焦眼科光学与屈光、药物治疗、激光技术、低视力和视觉康复，并附功能性视力评分。书中关联角膜水肿、白内障、玻璃体出血、视网膜脱离、黄斑变性、青光眼、弱视、眶爆裂性骨折等疾病，强调解剖基础、诊断检查、治疗决策及眼眶和眼部手术的安全规划。
50,"Geriatric Ophthalmology- A Competency-based Approach-Andrew G. Lee, Hilary A. Beaver 2009",normalized_exact,01-眼科综合：基础与全身病,09c593aa-1a64-48de-af81-fc4d30d551b4,10000,bb912440-341b-4481-a045-77ba8a87be33,"Geriatric Ophthalmology- A Competency-based Approach-Andrew G. Lee, Hilary A. Beaver 2009_weknora.mhtml","Geriatric Ophthalmology- A Competency-based Approach-Andrew G. Lee, Hilary A. Beaver 2009_weknora.mhtml",completed,75fafe4f-3dfd-4daa-89bc-41de93c7cf79,73ab1965-200b-4b12-a404-665aff37b1b8,380,1096,4e2b3cc8befd3415d644c8bc787d7505b4abbd5cda6a15855e526d520db1b982,"《Geriatric Ophthalmology: A Competency-based Approach》由 Andrew G. Lee 和 Hilary Beaver 编辑，是一部以能力为本、面向老年眼科的专著。前言指出，美国65岁以上人口快速增长，老年医疗保健质量亟待提升，而眼科领域必须加强对老年患者的关注。本书的核心理念源于三大范式转变：第一，从传统“疾病—诊断—治疗”模式转向强调“疾病预防、情境化诊断、功能评估、治疗与康复”的整体性模式；第二，认识到老年患者并非简单的“年龄较大的成人”，其在解剖、生理、病理生理、药理学、临床表现及治疗反应等方面均有特殊性；第三，从以医学知识为基础的教育转向以能力为本的教育模式。

本书采用病例驱动形式，并与美国毕业后医学教育认证委员会（ACGME）提出的六项通用能力框架相对齐，包括：患者照护、医学知识、基于实践的学习与改进、人际交往与沟通技能、职业精神，以及基于系统的实践。各章通过具体病例展示这些能力在老年眼科诊疗中的应用。

书中关于年龄相关性黄斑变性（AMD）的内容涉及营养补充剂（如AREDS配方）的安全性注意事项：β-胡萝卜素可能使皮肤发黄，并增加吸烟者罹患肺癌的风险；锌可能增加泌尿生殖系统住院风险，尤其见于男性；维生素E的使用需与初级保健医生协调，因老年人常服用华法林等影响凝血通路的药物。在新生血管性AMD的管理方面，临床怀疑或发现脉络膜新生血管（CNV）时，需通过荧光素血管造影确诊并判断病灶范围、位置与构成，光学相干断层扫描（OCT）亦可用于监测和疗效评估。对于边界清晰、未累及中心且症状明显的病灶，可考虑激光光凝；对于以CNV为主的病灶，ANCHOR III期试验显示，接受雷珠单抗0.5 mg治疗的患者中94%在1年时避免了显著视力损失（视力表丧失15个字母或以上），而维替泊芬光动力治疗组为64%。

书中还涉及第三颅神经麻痹的处理。对于瞳孔不受累的缺血性第三神经麻痹，通常由内科医生评估糖尿病、高血压等动脉硬化危险因素；部分患者需筛查胶原血管病、血管炎、结节病或癌性脑膜炎。若考虑动脉瘤性病因，应转诊神经外科或神经内科。眼科医生可通过遮盖、棱镜或手术处理复视，多数主张发病6个月后病情稳定再考虑手术。病例总结显示，一名因糖尿病导致缺血性孤立性第三神经麻痹的患者，初诊时症状已开始改善，经3个月观察后恢复；同时转诊其至初级保健医生，发现血糖高达300 mg/dL以上，遂启动胰岛素治疗，并发现高胆固醇与高甘油三酯，给予药物及饮食干预。患者此后服药依从性改善，视网膜病变亦有好转。书中强调，眼科医生应积极筛查并转诊老年患者的共病，以改善其整体生活质量。","# Summary
《Geriatric Ophthalmology: A Competency-based Approach》由 Andrew G. Lee 和 Hilary Beaver 编辑，是一部以能力为本、面向老年眼科的专著。前言指出，美国65岁以上人口快速增长，老年医疗保健质量亟待提升，而眼科领域必须加强对老年患者的关注。本书的核心理念源于三大范式转变：第一，从传统“疾病—诊断—治疗”模式转向强调“疾病预防、情境化诊断、功能评估、治疗与康复”的整体性模式；第二，认识到老年患者并非简单的“年龄较大的成人”，其在解剖、生理、病理生理、药理学、临床表现及治疗反应等方面均有特殊性；第三，从以医学知识为基础的教育转向以能力为本的教育模式。

本书采用病例驱动形式，并与美国毕业后医学教育认证委员会（ACGME）提出的六项通用能力框架相对齐，包括：患者照护、医学知识、基于实践的学习与改进、人际交往与沟通技能、职业精神，以及基于系统的实践。各章通过具体病例展示这些能力在老年眼科诊疗中的应用。

书中关于年龄相关性黄斑变性（AMD）的内容涉及营养补充剂（如AREDS配方）的安全性注意事项：β-胡萝卜素可能使皮肤发黄，并增加吸烟者罹患肺癌的风险；锌可能增加泌尿生殖系统住院风险，尤其见于男性；维生素E的使用需与初级保健医生协调，因老年人常服用华法林等影响凝血通路的药物。在新生血管性AMD的管理方面，临床怀疑或发现脉络膜新生血管（CNV）时，需通过荧光素血管造影确诊并判断病灶范围、位置与构成，光学相干断层扫描（OCT）亦可用于监测和疗效评估。对于边界清晰、未累及中心且症状明显的病灶，可考虑激光光凝；对于以CNV为主的病灶，ANCHOR III期试验显示，接受雷珠单抗0.5 mg治疗的患者中94%在1年时避免了显著视力损失（视力表丧失15个字母或以上），而维替泊芬光动力治疗组为64%。

书中还涉及第三颅神经麻痹的处理。对于瞳孔不受累的缺血性第三神经麻痹，通常由内科医生评估糖尿病、高血压等动脉硬化危险因素；部分患者需筛查胶原血管病、血管炎、结节病或癌性脑膜炎。若考虑动脉瘤性病因，应转诊神经外科或神经内科。眼科医生可通过遮盖、棱镜或手术处理复视，多数主张发病6个月后病情稳定再考虑手术。病例总结显示，一名因糖尿病导致缺血性孤立性第三神经麻痹的患者，初诊时症状已开始改善，经3个月观察后恢复；同时转诊其至初级保健医生，发现血糖高达300 mg/dL以上，遂启动胰岛素治疗，并发现高胆固醇与高甘油三酯，给予药物及饮食干预。患者此后服药依从性改善，视网膜病变亦有好转。书中强调，眼科医生应积极筛查并转诊老年患者的共病，以改善其整体生活质量。",本书出版于2009年，是面向眼科住院医师、专科进修医师、眼科医师和验光师的老年眼科临床实践指南，采用病例驱动方式，结合ACGME患者照护、医学知识、沟通、职业素养、实践改进和系统化医疗六项能力，服务于门诊老年患者的评估与管理。全书围绕老年人口视觉疾病负担展开，涵盖屈光不正与老视、白内障及手术、老年青光眼、糖尿病视网膜病变、年龄相关性黄斑变性和低视力，并延伸至视觉丧失相关的抑郁、痴呆、听力损失、跌倒、功能障碍及虐待识别；后半部分讨论研究议程、合并症筛查与转诊。重点涉及视力、对比敏感度、眩光和视野检查，裂隙灯、眼压、眼底照相、荧光素血管造影、OCT及神经影像；治疗包括眼镜矫正、白内障超声乳化、人工晶状体、青光眼滴眼药与手术、糖尿病黄斑水肿焦点/格栅激光、全视网膜光凝、玻璃体切除，以及AMD的AREDS补充剂、雷珠单抗/贝伐珠单抗玻璃体腔注射和光动力治疗。
51,"Glaucoma- Science and Practice-J.C. Morrison, I.P. Pollack 2003",normalized_exact,05-青光眼,8bf942e4-80dc-4a8a-87cf-486f897fe2bd,10000,8085a69f-6b8e-4614-9add-0786d1103340,"Glaucoma- Science and Practice-J.C. Morrison, I.P. Pollack 2003_weknora.mhtml","Glaucoma- Science and Practice-J.C. Morrison, I.P. Pollack 2003_weknora.mhtml",completed,5c385a86-3d62-44c0-bc35-a5dba3623578,360f2d36-631d-4803-898f-1158d3ce151a,384,1144,c2bad17bd892880dccf55b8eb2c6f187d1d7c626217b92ddacdee37958bd411e,"Science and Practice

John C. Morrison

Irvin P. Pollack

Glaucoma

Science and Practice

# Glaucoma Science and Practice

Edited by

John C. Morrison, M.D.

Professor of Ophthalmology

Oregon Health and Science University And

Director of the Glaucoma Service

Irvin P. Pollack, M.D.

The Fred P. Thompson Glaucoma Clinic

Professor of Ophthalmology

and Casey Eye Institute

The Johns Hopkins University

And

Portland, Oregon

Emeritus

Ophthalmologist-In-Chief and

Director Krieger Eye Institute","# Summary
Science and Practice

John C. Morrison

Irvin P. Pollack

Glaucoma

Science and Practice

# Glaucoma Science and Practice

Edited by

John C. Morrison, M.D.

Professor of Ophthalmology

Oregon Health and Science University And

Director of the Glaucoma Service

Irvin P. Pollack, M.D.

The Fred P. Thompson Glaucoma Clinic

Professor of Ophthalmology

and Casey Eye Institute

The Johns Hopkins University

And

Portland, Oregon

Emeritus

Ophthalmologist-In-Chief and

Director Krieger Eye Institute",本书出版于2003年，是面向眼科住院医师、普通临床医生、专科医生及基础研究者的青光眼临床与基础科学参考书。全书按“流行病学与遗传学—眼压决定因素—视神经—青光眼临床类型—药物治疗—激光治疗—手术治疗”展开，涵盖青光眼流行病学、遗传学、房水生成与外流、房水动力学、前房角镜、眼压与眼压计，以及视神经乳头、视网膜神经纤维层、青光眼性视神经病变、定量视盘成像和视野检查。临床部分涉及原发性开角型、闭角型、儿童、正常眼压及继发性青光眼，包括激素性、色素性、假性剥脱性、新生血管性、晶状体诱发、炎症相关、外伤与出血后、视网膜疾病相关、眼前节术后、眼内肿瘤及全身疾病相关青光眼。治疗部分介绍肾上腺素能药物、胆碱能药物、前列腺素类似物、碳酸酐酶抑制剂、高渗剂、神经保护，以及激光基础、激光小梁成形术、激光虹膜切开术、睫状体破坏术、滤过手术、白内障联合手术、房水引流装置和低眼压处理。
52,Handbook of Nutrition and Ophthalmology-Richard D. Semba 2007,normalized_exact,01-眼科综合：基础与全身病,09c593aa-1a64-48de-af81-fc4d30d551b4,10000,d57f9a96-7e5b-4ee6-90c7-865a269ffb54,Handbook of Nutrition and Ophthalmology-Richard D. Semba 2007_weknora.mhtml,Handbook of Nutrition and Ophthalmology-Richard D. Semba 2007_weknora.mhtml,completed,edcc7e1b-3b57-4e90-be5d-547e32e6fac2,1c6d80af-21ea-40bd-a0fb-30b7b6498f66,386,1100,e29df1424c7033f2c14e85c08454f81d1df94d04a342377258959ece0e25a450,"《Handbook of Nutrition and Ophthalmology》（《营养与眼科学手册》）由约翰斯·霍普金斯大学威尔默眼科研究所的Richard D. Semba教授独著，是“Nutrition and Health”系列中第三部以“Handbook”命名的综合卷。丛书引言指出，该书的使命在于为健康专业人员提供关于营养与眼健康的权威参考，具备详尽参考文献、表格、索引，并强调基于全部证据而非单项研究的结论。

前言部分回顾了学科发展脉络：早在1851年检眼镜发明之前，干眼病等营养缺乏已被视为视力丧失的重要病因；但直到20世纪70年代起，营养与慢性眼病（如白内障、年龄相关性黄斑变性）的关系才通过大规模人群研究（如Beaver Dam、Blue Mountains研究）和随机对照试验（如AREDS）得到系统验证。这得益于眼底和晶状体照片分级标准化方案以及营养流行病学工具的完善。

文档随后涉及糖尿病视网膜病变的流行病学内容。随着肥胖流行，糖尿病患病率不断上升，全球糖尿病患者估计有1.5亿至2亿，预计到2025年增至3亿，增幅最大的地区为亚洲、非洲和拉丁美洲。代谢综合征被定义为2型糖尿病、糖耐量受损或胰岛素抵抗中的至少一项，加上高血压、肥胖、高甘油三酯/低HDL或微量白蛋白尿等多项指标；美国成人中代谢综合征患病率约为23.7%，60至69岁人群达43.5%。患有代谢综合征的糖尿病患者发生糖尿病视网膜病变的风险更高。1997年美国糖尿病直接医疗支出达441亿美元，且肥胖会进一步增加2型糖尿病患者视网膜病变风险。

在先天性代谢缺陷方面，文档描述了枫糖尿症：其眼部表现包括视神经萎缩、眼肌麻痹、斜视、眼球震颤和皮质性盲，治疗以限制亮氨酸、异亮氨酸和缬氨酸摄入为主，并试用硫胺素。钼辅因子缺乏和孤立性亚硫酸盐氧化酶缺乏则与严重神经异常、球形晶状体和晶状体异位相关，前者无法通过饮食逆转，后者限制含硫氨基酸摄入有一定效果。家族性高赖氨酸血症可致晶状体半脱位，限制蛋白质摄入虽可降低血浆赖氨酸，但长期发育可能不受影响。

结论部分指出，部分先天性代谢缺陷可通过营养干预降低视力丧失风险或延缓疾病进展，而另一些则效果有限；未来研究重点包括Refsum病的发病机制、植烷酸限制饮食的长期眼病效果、半乳糖完全去除饮食的疗效，以及Menkes综合征的有效治疗。","# Summary
《Handbook of Nutrition and Ophthalmology》（《营养与眼科学手册》）由约翰斯·霍普金斯大学威尔默眼科研究所的Richard D. Semba教授独著，是“Nutrition and Health”系列中第三部以“Handbook”命名的综合卷。丛书引言指出，该书的使命在于为健康专业人员提供关于营养与眼健康的权威参考，具备详尽参考文献、表格、索引，并强调基于全部证据而非单项研究的结论。

前言部分回顾了学科发展脉络：早在1851年检眼镜发明之前，干眼病等营养缺乏已被视为视力丧失的重要病因；但直到20世纪70年代起，营养与慢性眼病（如白内障、年龄相关性黄斑变性）的关系才通过大规模人群研究（如Beaver Dam、Blue Mountains研究）和随机对照试验（如AREDS）得到系统验证。这得益于眼底和晶状体照片分级标准化方案以及营养流行病学工具的完善。

文档随后涉及糖尿病视网膜病变的流行病学内容。随着肥胖流行，糖尿病患病率不断上升，全球糖尿病患者估计有1.5亿至2亿，预计到2025年增至3亿，增幅最大的地区为亚洲、非洲和拉丁美洲。代谢综合征被定义为2型糖尿病、糖耐量受损或胰岛素抵抗中的至少一项，加上高血压、肥胖、高甘油三酯/低HDL或微量白蛋白尿等多项指标；美国成人中代谢综合征患病率约为23.7%，60至69岁人群达43.5%。患有代谢综合征的糖尿病患者发生糖尿病视网膜病变的风险更高。1997年美国糖尿病直接医疗支出达441亿美元，且肥胖会进一步增加2型糖尿病患者视网膜病变风险。

在先天性代谢缺陷方面，文档描述了枫糖尿症：其眼部表现包括视神经萎缩、眼肌麻痹、斜视、眼球震颤和皮质性盲，治疗以限制亮氨酸、异亮氨酸和缬氨酸摄入为主，并试用硫胺素。钼辅因子缺乏和孤立性亚硫酸盐氧化酶缺乏则与严重神经异常、球形晶状体和晶状体异位相关，前者无法通过饮食逆转，后者限制含硫氨基酸摄入有一定效果。家族性高赖氨酸血症可致晶状体半脱位，限制蛋白质摄入虽可降低血浆赖氨酸，但长期发育可能不受影响。

结论部分指出，部分先天性代谢缺陷可通过营养干预降低视力丧失风险或延缓疾病进展，而另一些则效果有限；未来研究重点包括Refsum病的发病机制、植烷酸限制饮食的长期眼病效果、半乳糖完全去除饮食的疗效，以及Menkes综合征的有效治疗。",本书出版于2007年。Richard D. Semba 编著，面向眼科医生、验光师、营养师、公共卫生与医学研究人员及相关学生，系统阐述营养、免疫与眼病的联系。全书涵盖维生素A缺乏与营养性失明、白内障、年龄相关性黄斑变性、肥胖及糖尿病视网膜病变、视网膜血管病、B族维生素缺乏性营养性弱视、锌和维生素C与眼健康、老年促炎状态、必需脂肪酸与婴儿视觉发育，以及代谢性遗传病的眼部表现。重点涉及夜盲、结膜干燥、Bitot斑、角膜干燥、角膜溃疡、角膜软化、黄斑变性、晶状体混浊、糖尿病视网膜病变、高同型半胱氨酸血症、脂血症性视网膜病和视网膜色素变性等。内容包括营养素生化代谢、流行病学、危险因素、病理生理、临床诊断与治疗预防；涉及血清视黄醇及营养状态评估、裂隙灯检查、荧光素染色、眼底和晶状体照片分级、营养流行病学调查、随机对照试验，以及维生素补充、食物强化、饮食调整和白内障治疗等。
53,Handbook of Pediatric Strabismus and Amblyopia-Kenneth W. Wright、Peter H. Spiegel、Lisa S. Thompson 2006,normalized_exact,10-小儿眼科：斜视与弱视等,d6a5115a-067a-4514-afbf-9fe81b4e64c0,10000,01832708-92ad-4af3-9d24-383872b6533c,Handbook of Pediatric Strabismus and Amblyopia-Kenneth W. Wright、Peter H. Spiegel、Lisa S. Thompson 2006_weknora.mhtml,Handbook of Pediatric Strabismus and Amblyopia-Kenneth W. Wright、Peter H. Spiegel、Lisa S. Thompson 2006_weknora.mhtml,completed,7ed37e6d-4ffa-47d1-8e3f-7e6a81e8a79d,824fd3f2-41b4-4059-8970-78997a6d77bb,378,1044,019a783f75557fe56b8f8582f30fbe86281ed7ba96bffc27e365855441742193,"该文档介绍《儿童斜视与弱视手册》的编写宗旨、儿童眼科检查方法，以及部分斜视评估与棱镜测量内容。手册旨在以实用、易懂的方式讲解常见及复杂斜视的诊断和管理，强调理解斜视发生基础、感觉适应和感觉检查，而非机械记忆斜视类型；同时详细讨论视觉发育和弱视病理生理。全书采用清晰的分节、图表、示意图和临床斜视照片，便于临床实践、患者及家庭教育和考试复习，并通过参考文献支持循证诊疗。

儿童眼科检查部分强调，病史通常需要从父母、转诊医生及儿童共同获得。问诊应明确问题是先天性还是后天性、发病年龄、视觉功能、斜视频率和稳定性、异常头位及诱发因素，同时关注围产期情况、出生体重和孕周、既往疾病、药物过敏、发育里程碑、学习表现及家族中的斜视、视力不良和神经系统疾病。检查前应主动与儿童建立信任，通过友善环境、玩具和适宜的检查方式减少恐惧与不合作，并在互动过程中观察头位、眼位和整体外观。

文档还讨论间歇性外斜视中“真性散开过强”的机制及测量。其原因包括高AC/A比、近端集合增强和混合性集合机制；手术目标角度应依据远近斜视度及加镜、遮盖试验后的结果确定，部分患者术后可能出现近距离内斜视，需要双焦眼镜或再次手术。由于融合能力会使测量结果随疲劳和警觉程度变化，持续单眼遮盖可减弱融合、揭示潜在偏斜并提高测量重复性。

棱镜测量部分指出，负镜会增大测得的偏斜角，正镜会减小测得角度；斜向棱镜应按水平和垂直分量进行向量合成，并明确标注棱镜底的方向。在非共同性偏斜检查中，应分别将棱镜置于双眼前进行中和，并准确记录有效棱镜及眼镜镜片实际视线位置产生的棱镜效应。","# Summary
该文档介绍《儿童斜视与弱视手册》的编写宗旨、儿童眼科检查方法，以及部分斜视评估与棱镜测量内容。手册旨在以实用、易懂的方式讲解常见及复杂斜视的诊断和管理，强调理解斜视发生基础、感觉适应和感觉检查，而非机械记忆斜视类型；同时详细讨论视觉发育和弱视病理生理。全书采用清晰的分节、图表、示意图和临床斜视照片，便于临床实践、患者及家庭教育和考试复习，并通过参考文献支持循证诊疗。

儿童眼科检查部分强调，病史通常需要从父母、转诊医生及儿童共同获得。问诊应明确问题是先天性还是后天性、发病年龄、视觉功能、斜视频率和稳定性、异常头位及诱发因素，同时关注围产期情况、出生体重和孕周、既往疾病、药物过敏、发育里程碑、学习表现及家族中的斜视、视力不良和神经系统疾病。检查前应主动与儿童建立信任，通过友善环境、玩具和适宜的检查方式减少恐惧与不合作，并在互动过程中观察头位、眼位和整体外观。

文档还讨论间歇性外斜视中“真性散开过强”的机制及测量。其原因包括高AC/A比、近端集合增强和混合性集合机制；手术目标角度应依据远近斜视度及加镜、遮盖试验后的结果确定，部分患者术后可能出现近距离内斜视，需要双焦眼镜或再次手术。由于融合能力会使测量结果随疲劳和警觉程度变化，持续单眼遮盖可减弱融合、揭示潜在偏斜并提高测量重复性。

棱镜测量部分指出，负镜会增大测得的偏斜角，正镜会减小测得角度；斜向棱镜应按水平和垂直分量进行向量合成，并明确标注棱镜底的方向。在非共同性偏斜检查中，应分别将棱镜置于双眼前进行中和，并准确记录有效棱镜及眼镜镜片实际视线位置产生的棱镜效应。",本书出版于2006年，是面向小儿眼科、斜视专业医师、住院医师及考试复习者的实用手册，也可用于向患儿家庭解释斜视与弱视。全书从儿童病史采集、非配合儿童检查、视力与屈光评估入手，系统讲解眼外肌解剖、眼球运动生理、双眼视觉、感觉融合、立体视、视觉发育与弱视病理；继而围绕眼动检查和感觉检查，讨论内斜视、外斜视、字母模式、斜肌功能异常，以及限制性、麻痹性、分离性斜视和异常头位。后半部分涵盖斜视手术、眼球运动障碍、光学矫正及常见陷阱。关键词包括遮盖试验、注视与追随、视野、色觉、对比敏感度、红光反射、裂隙灯、眼压、角膜曲率、散瞳睫状肌麻痹验光、眼底检查、Worth四点、Titmus/Randot、Bagolini、棱镜中和、眼电生理/EMG、虹膜血管造影、前节缺血、直肌手术与Wright折叠术，并涉及眼球震颤、白内障、上睑下垂及Duane回缩综合征等儿童眼病。
54,Handbook of Retinal OCT-Jay S Duker 2014,normalized_exact,06-眼底病与视网膜内科,f900fe21-9deb-47e0-bf36-ce06022cae92,10000,7281bcb4-cc4a-40e5-9713-ccf7481be803,Handbook of Retinal OCT-Jay S Duker 2014_weknora.mhtml,Handbook of Retinal OCT-Jay S Duker 2014_weknora.mhtml,completed,7a501755-f48c-4d45-9b25-06dba10d876a,812a20ff-e2dd-422a-bf65-29b4fb82ebd5,439,1259,6bb49d3938cdf52ec7c935ae726754ca7cbf60d518c4a7e97ccd2e7106387dfe,"《视网膜OCT手册》（Handbook of Retinal OCT）是一本专注于视网膜光学相干断层扫描（OCT）影像的临床参考书。该书由Jay S. Duker等专家编写，旨在为眼科临床医生提供一套基于疾病分类、以影像为核心的实用手册，重点展示病理特征并提供简明扼要的临床描述。

本书的核心内容涵盖了以下几个方面：

1.  **OCT技术原理与发展**：OCT起源于20世纪80年代末，通过测量光在生物组织中的背向散射和回波时间延迟来获取微米级分辨率的断层图像。书中详细介绍了三种主要检测技术：时域OCT（TD-OCT）、频域OCT（SD-OCT）以及扫频OCT（SS-OCT）。相比早期的TD-OCT，SD-OCT和SS-OCT通过更高的扫描速度和采样密度，显著提升了图像质量、采集效率及三维成像能力。

2.  **扫描模式与临床应用**：书中探讨了多种扫描协议，包括“黄斑立方扫描”（Macular cube scan）和“线扫描”（Line scan）。立方扫描通过光栅扫描（Raster scan）提供三维容积数据，而径向扫描（Radial scan）则通过多条穿过黄斑中心线的扫描获取高分辨率影像。这些模式在临床评估中各有优劣，医生可根据病变位置和需求进行选择。

3.  **视网膜疾病的影像表现**：手册通过具体病例分析了多种视网膜病变，例如：
    *   **非增殖性糖尿病视网膜病变（NPDR）**：OCT可识别微动脉瘤（表现为高反射灶）、棉絮斑及硬性渗出等病理改变。
    *   **X连锁视网膜劈裂症（XLRS）**：影像显示视网膜各层（如内核层、外核层）的劈裂及中央囊样改变。
    *   **格子样变性**：OCT可观察到玻璃体与视网膜的异常粘连、牵引性局限性视网膜脱离以及视网膜变薄等特征。

该书强调了OCT作为视网膜亚专科最重要的辅助检查手段，通过高质量的影像和标准化的扫描协议，帮助临床医生在日常工作中更准确地识别和评估视网膜病理结构。","# Summary
《视网膜OCT手册》（Handbook of Retinal OCT）是一本专注于视网膜光学相干断层扫描（OCT）影像的临床参考书。该书由Jay S. Duker等专家编写，旨在为眼科临床医生提供一套基于疾病分类、以影像为核心的实用手册，重点展示病理特征并提供简明扼要的临床描述。

本书的核心内容涵盖了以下几个方面：

1.  **OCT技术原理与发展**：OCT起源于20世纪80年代末，通过测量光在生物组织中的背向散射和回波时间延迟来获取微米级分辨率的断层图像。书中详细介绍了三种主要检测技术：时域OCT（TD-OCT）、频域OCT（SD-OCT）以及扫频OCT（SS-OCT）。相比早期的TD-OCT，SD-OCT和SS-OCT通过更高的扫描速度和采样密度，显著提升了图像质量、采集效率及三维成像能力。

2.  **扫描模式与临床应用**：书中探讨了多种扫描协议，包括“黄斑立方扫描”（Macular cube scan）和“线扫描”（Line scan）。立方扫描通过光栅扫描（Raster scan）提供三维容积数据，而径向扫描（Radial scan）则通过多条穿过黄斑中心线的扫描获取高分辨率影像。这些模式在临床评估中各有优劣，医生可根据病变位置和需求进行选择。

3.  **视网膜疾病的影像表现**：手册通过具体病例分析了多种视网膜病变，例如：
    *   **非增殖性糖尿病视网膜病变（NPDR）**：OCT可识别微动脉瘤（表现为高反射灶）、棉絮斑及硬性渗出等病理改变。
    *   **X连锁视网膜劈裂症（XLRS）**：影像显示视网膜各层（如内核层、外核层）的劈裂及中央囊样改变。
    *   **格子样变性**：OCT可观察到玻璃体与视网膜的异常粘连、牵引性局限性视网膜脱离以及视网膜变薄等特征。

该书强调了OCT作为视网膜亚专科最重要的辅助检查手段，通过高质量的影像和标准化的扫描协议，帮助临床医生在日常工作中更准确地识别和评估视网膜病理结构。",本书出版于2014年，是一本以疾病为线索、以高质量OCT图像为核心的视网膜影像学临床手册，定位于眼科、视网膜专科医生及住院医师、研究人员的日常诊疗与影像判读。全书先介绍OCT扫描原理及技术类型，包括时域、频域、谱域和扫频OCT，以及黄斑立方体、线性、径向、栅格、增强深度成像（EDI）、C扫、地形图、视网膜神经纤维层（RNFL）和神经节细胞复合体（GCC）分析；继而讲解正常视网膜、玻璃体和视神经解剖及囊样改变、浆液、色素上皮脱离、萎缩等基本征象。疾病部分覆盖视神经炎、视乳头水肿、视神经萎缩及先天异常，干性和湿性年龄相关性黄斑变性、脉络膜新生血管、息肉样脉络膜血管病变，病理性近视、后巩膜葡萄肿、黄斑劈裂和牵拉性脱离，以及黄斑前膜、术后囊样黄斑水肿、中心性浆液性脉络膜视网膜病变、羟氯喹毒性、糖尿病视网膜病变、视网膜动脉阻塞、炎症感染、肿瘤、外伤和激光/光毒性损伤。书中结合荧光素血管造影、吲哚菁绿造影、超声等检查，并涉及抗VEGF注射、激光、光动力治疗和玻璃体切除术等处理。
55,"Handbook of Visual Optics- Fundamentals and Eye Optics, Volume I-Pablo Artal 2017",normalized_exact,04-屈光与视光：近视、接触镜与低视力,c73385b9-c154-4103-a93e-2d4c31f2423a,10000,6a0cbefe-9104-4dd7-a882-046041054298,"Handbook of Visual Optics- Fundamentals and Eye Optics, Volume I-Pablo Artal 2017_weknora.mhtml","Handbook of Visual Optics- Fundamentals and Eye Optics, Volume I-Pablo Artal 2017_weknora.mhtml",completed,2c450aa2-72e0-44a8-8b44-87eab7a80bb9,73ff1463-c6a5-48bc-8806-b92028e3792d,365,1021,112b0a871ecd49f75f740224a2ee1b75e3aef5fc63079298e50f59d35ba89b16,"《视觉光学手册：基础与眼光学》（第一卷）由Pablo Artal主编，旨在提供视觉光学领域全面且权威的百科全书式知识。该书汇集了物理学、医学、生物学、心理学及工程学等多学科专家，系统阐述了从基础理论到前沿研究的视觉光学体系。

本书的核心内容涵盖以下几个方面：

1.  **视觉光学基础与仪器**：手册详细介绍了几何光学、波动光学、像差理论、光度学与色度学等物理基础，并探讨了眼科仪器（如波前传感器、自适应光学）的工程原理，以及解剖学、视网膜结构和心理物理学方法等生理学基础。
2.  **眼部光学特性研究**：深入分析了角膜与晶状体的光学属性。书中特别指出，晶状体作为动态光学元件，其非球面性、折射率梯度、随年龄增长的生长变化以及调节机制，对视网膜成像质量和老视的产生具有决定性影响。
3.  **视觉质量与动态调节**：探讨了屈光不正、单色像差、周边光学以及散射现象对视觉质量的影响。同时，书中记录了眼球随年龄的退化过程、调节机制的动态行为以及眼球运动对视觉感知的作用。
4.  **偏振光成像的应用**：手册介绍了偏振光技术在眼科成像中的重要价值。通过Stokes-Mueller算法等技术，偏振敏感成像能显著提升视网膜神经纤维层、视盘及病理组织（如老年性黄斑变性、青光眼相关病变）的对比度与可视化效果，为临床诊断与疾病监测提供了有力工具。

该手册不仅为初学者提供了入门指南，也为专业研究人员展示了视觉光学领域的最新实验成果，强调了基础理论与临床应用在眼科学与视光学中的深度融合。","# Summary
《视觉光学手册：基础与眼光学》（第一卷）由Pablo Artal主编，旨在提供视觉光学领域全面且权威的百科全书式知识。该书汇集了物理学、医学、生物学、心理学及工程学等多学科专家，系统阐述了从基础理论到前沿研究的视觉光学体系。

本书的核心内容涵盖以下几个方面：

1.  **视觉光学基础与仪器**：手册详细介绍了几何光学、波动光学、像差理论、光度学与色度学等物理基础，并探讨了眼科仪器（如波前传感器、自适应光学）的工程原理，以及解剖学、视网膜结构和心理物理学方法等生理学基础。
2.  **眼部光学特性研究**：深入分析了角膜与晶状体的光学属性。书中特别指出，晶状体作为动态光学元件，其非球面性、折射率梯度、随年龄增长的生长变化以及调节机制，对视网膜成像质量和老视的产生具有决定性影响。
3.  **视觉质量与动态调节**：探讨了屈光不正、单色像差、周边光学以及散射现象对视觉质量的影响。同时，书中记录了眼球随年龄的退化过程、调节机制的动态行为以及眼球运动对视觉感知的作用。
4.  **偏振光成像的应用**：手册介绍了偏振光技术在眼科成像中的重要价值。通过Stokes-Mueller算法等技术，偏振敏感成像能显著提升视网膜神经纤维层、视盘及病理组织（如老年性黄斑变性、青光眼相关病变）的对比度与可视化效果，为临床诊断与疾病监测提供了有力工具。

该手册不仅为初学者提供了入门指南，也为专业研究人员展示了视觉光学领域的最新实验成果，强调了基础理论与临床应用在眼科学与视光学中的深度融合。",本书出版于2017年，是Pablo Artal主编的视觉光学基础与眼光学专业手册，面向眼科学、视光学、视觉科学、医学、生物学、心理学及光学工程相关学习者和研究人员。全书从20世纪生理光学史及发展前景切入，系统讲解几何光学、波动光学、光学像差、光度学、色度学、视觉刺激、基础眼科仪器、自适应光学、眼的解剖与胚胎学、视网膜、视觉系统结构和视觉心理物理学；继而讨论角膜、晶状体、模型眼、眼轴与眼角、视网膜与Stiles-Crawford效应、屈光不正、单色及周边像差、个体化眼模型、散射/杂散光/眩光、调节机制与动态、眼球运动、衰老和偏振特性。内容涉及近视、老视、白内障及视网膜变性等临床相关问题，并关联波前传感器、像差测量、自适应光学、OCT、眼底成像、荧光及双光子成像、接触镜、人工晶状体、屈光手术和激光诱导折射率改变等技术关键词。
56,Harley小儿眼科学-Leonard B Nelson 2009,normalized_exact,10-小儿眼科：斜视与弱视等,d6a5115a-067a-4514-afbf-9fe81b4e64c0,10000,a19aaaaa-e0ed-42dd-93d8-658233a4dc23,Harley小儿眼科学-Leonard B Nelson 2009_weknora.mhtml,Harley小儿眼科学-Leonard B Nelson 2009_weknora.mhtml,completed,e3c01f34-eb80-40af-b40c-26693133e351,ce7621da-bc72-4684-ab9f-8b3ba6f0f255,328,976,78821ac69efe007e72cbbd715ce7cba86c9d4171d0ce3658c6f2fd01207a96e2,"该文档为人民卫生出版社2009年10月出版的中文译著《Harley小儿眼科学》（第5版）的节选，主译为谢立信，原著由Leonard B. Nelson和Scott E. Olitsky主编，全书定价120元。

前言部分指出，小儿眼科在我国起步较晚、专业医师不足，而我国儿童弱视患者约1000万，居全球首位，亟需建立小儿眼科医师培养平台。原书前言强调该书是30年来小儿眼科经典教科书，第5版新增了法医学进展、遗传学新发现、循证医学等内容，并吸纳了小儿眼科界后起之秀参与编写。

正文涉及多个专业主题。其一为眼病的遗传学概论：回顾了从1903年Sutton发现染色体与孟德尔遗传法则的关系，到2003年人类基因组计划基本完成测序的历史；指出OMIM数据库中与""眼""相关的记录有647条，约150条基因的突变与角膜或视网膜营养不良、眼肿瘤、白内障、青光眼等相关。章节系统阐述了DNA双链结构、转录翻译过程、密码子、等位基因、基因型与表型、人类23对染色体的分组与核型分析，以及缺失、重复、倒置、易位等染色体结构改变，并介绍了OMIM、LDDB、POSSUM、人类基因突变数据库等临床可用遗传学数据库。

其二为先天性白内障术后并发症：眼内炎发生率约万分之七，常见葡萄球菌和链球菌感染；青光眼发生率3%～40%，开角型青光眼最常见于出生9个月前手术的患儿，确诊平均间隔7年，治疗多需手术；视网膜脱离可在术后多年发生，危险因素包括高度近视和多次手术；继发膜需YAG激光切开或手术切除。

其三为儿童无晶状体眼的光学矫正，包括框架眼镜（最安全）、接触镜（美国最常用）、表层角膜镜片术（1980年始用，存在持续角膜混浊问题）和人工晶状体植入（日益普及，需考虑患儿近视移动，建议欠矫，可采用骑跨式IOL）。

其四为斜视手术历史，回顾了Dieffenbach、Critchett、Wilde、Guerin等早期术者的探索，以及从肌切开术到后徙、前徙等现代手术方法的演变。

文档还包含六组彩图说明，展示结膜炎、角膜营养不良、Wilson病K-F环、Best卵黄样变性、白化病眼底、Fabry病等疾病的眼部表现。","# Summary
该文档为人民卫生出版社2009年10月出版的中文译著《Harley小儿眼科学》（第5版）的节选，主译为谢立信，原著由Leonard B. Nelson和Scott E. Olitsky主编，全书定价120元。

前言部分指出，小儿眼科在我国起步较晚、专业医师不足，而我国儿童弱视患者约1000万，居全球首位，亟需建立小儿眼科医师培养平台。原书前言强调该书是30年来小儿眼科经典教科书，第5版新增了法医学进展、遗传学新发现、循证医学等内容，并吸纳了小儿眼科界后起之秀参与编写。

正文涉及多个专业主题。其一为眼病的遗传学概论：回顾了从1903年Sutton发现染色体与孟德尔遗传法则的关系，到2003年人类基因组计划基本完成测序的历史；指出OMIM数据库中与""眼""相关的记录有647条，约150条基因的突变与角膜或视网膜营养不良、眼肿瘤、白内障、青光眼等相关。章节系统阐述了DNA双链结构、转录翻译过程、密码子、等位基因、基因型与表型、人类23对染色体的分组与核型分析，以及缺失、重复、倒置、易位等染色体结构改变，并介绍了OMIM、LDDB、POSSUM、人类基因突变数据库等临床可用遗传学数据库。

其二为先天性白内障术后并发症：眼内炎发生率约万分之七，常见葡萄球菌和链球菌感染；青光眼发生率3%～40%，开角型青光眼最常见于出生9个月前手术的患儿，确诊平均间隔7年，治疗多需手术；视网膜脱离可在术后多年发生，危险因素包括高度近视和多次手术；继发膜需YAG激光切开或手术切除。

其三为儿童无晶状体眼的光学矫正，包括框架眼镜（最安全）、接触镜（美国最常用）、表层角膜镜片术（1980年始用，存在持续角膜混浊问题）和人工晶状体植入（日益普及，需考虑患儿近视移动，建议欠矫，可采用骑跨式IOL）。

其四为斜视手术历史，回顾了Dieffenbach、Critchett、Wilde、Guerin等早期术者的探索，以及从肌切开术到后徙、前徙等现代手术方法的演变。

文档还包含六组彩图说明，展示结膜炎、角膜营养不良、Wilson病K-F环、Best卵黄样变性、白化病眼底、Fabry病等疾病的眼部表现。",本书出版于2009年，是面向小儿眼科医师、综合眼科医师、儿科医师及视觉研究人员的专业教科书，系统介绍儿童眼病的遗传、发育、检查、诊断与治疗。内容涵盖新生儿眼科学、早产儿视网膜病变、儿童屈光与弱视、斜视感觉适应及手术治疗，并延伸至结膜、角膜、白内障与晶状体异常、婴幼儿青光眼、葡萄膜炎、视网膜玻璃体疾病、视盘先天异常、泪器、眼睑、眼眶和儿童眼部肿瘤。书中还讨论系统性错构瘤病、代谢性眼部异常、神经眼科学、眼球震颤、眼外伤预防、学习障碍、视功能损害患儿管理及小儿眼科法医学。重点涉及遗传咨询与产前诊断、分子遗传学、儿童眼部检查、电生理检查、屈光评估、超声、视网膜和高级中枢电诊断、弱视干预、斜视矫正、婴幼儿白内障人工晶状体植入、青光眼及早产儿视网膜病变治疗等。
57,Imaging Atlas of Ophthalmic Tumors and Diseases-J. Matthew Debnam 2023,normalized_exact,16-检查：CT 与 MRI,c9231d63-fc70-4995-be25-876189e90f6d,10000,e49e1be1-73f1-4242-a526-ebafc42c46b9,Imaging Atlas of Ophthalmic Tumors and Diseases-J. Matthew Debnam 2023_weknora.mhtml,Imaging Atlas of Ophthalmic Tumors and Diseases-J. Matthew Debnam 2023_weknora.mhtml,completed,6473a1bb-a75b-44e3-bfd6-320ebccc1491,9473f518-8af1-4f90-a0ba-e00411ab2c5e,355,1035,d21992bf9a8a7ac4706d93a23f17ade81771579df647a3a7c31ccbef8e417e85,"《眼科肿瘤与疾病影像图谱》旨在为放射科住院医师、专科医师、综合放射科医师、神经放射科医师及相关外科和肿瘤科医生提供眼科肿瘤与疾病的影像学参考。内容涵盖皮肤和眶周区、眼球、泪腺、眼眶、颅底、鼻旁窦、垂体、海绵窦、视路及颅神经等复杂解剖部位，涉及肿瘤性、血管性和感染性病变。图谱主要介绍 MRI，也包括 CT、PET/CT 和超声，并通过病例、图像及“要点”帮助读者建立鉴别诊断；同时强调影像表现存在重叠，不能单独作为病理诊断的绝对依据。

眶周皮肤和眼睑章节讨论常见及少见的皮肤、眼睑和皮下软组织恶性肿瘤，包括基底细胞癌、鳞状细胞癌、黑色素瘤、Merkel 细胞癌、皮脂腺癌、肉瘤、硬纤维瘤和淋巴瘤。影像学可用于诊断、分期和治疗决策：薄层 CT 评估皮肤、眼睑及骨受累，高分辨率 MRI 显示软组织和神经周围肿瘤扩散，PET/CT 反映代谢活性、转移、活检靶点及疗效，超声则有助于评估淋巴结并引导穿刺活检。

文中强调识别眶上孔和眶下孔的正常影像表现，以判断神经周围肿瘤扩散。眶下孔扩大、骨质破坏及正常孔内脂肪被肿瘤替代，提示沿三叉神经分支扩散。纤维性骨发育不良表现为骨被排列不规则的纤维组织替代，常见“磨玻璃”基质，可为单骨性或多骨性，并可能出现囊性、硬化性或混合性改变；快速生长、疼痛、骨破坏、软组织肿块和病理性骨折需警惕恶性转化。

术后影像部分介绍面部皮瓣重建、眼睑金属配重及神经麻痹相关改变，并指出金属可产生 CT 条纹伪影。Graves 眼病可因眼外肌增大和眶尖拥挤压迫视神经，眶减压术通过切除眶壁降低压力。阅片时应确认手术史、受累眶壁及眶尖拥挤情况，并评估出血、脑脊液漏、鼻窦炎和黏液囊肿等并发症。","# Summary
《眼科肿瘤与疾病影像图谱》旨在为放射科住院医师、专科医师、综合放射科医师、神经放射科医师及相关外科和肿瘤科医生提供眼科肿瘤与疾病的影像学参考。内容涵盖皮肤和眶周区、眼球、泪腺、眼眶、颅底、鼻旁窦、垂体、海绵窦、视路及颅神经等复杂解剖部位，涉及肿瘤性、血管性和感染性病变。图谱主要介绍 MRI，也包括 CT、PET/CT 和超声，并通过病例、图像及“要点”帮助读者建立鉴别诊断；同时强调影像表现存在重叠，不能单独作为病理诊断的绝对依据。

眶周皮肤和眼睑章节讨论常见及少见的皮肤、眼睑和皮下软组织恶性肿瘤，包括基底细胞癌、鳞状细胞癌、黑色素瘤、Merkel 细胞癌、皮脂腺癌、肉瘤、硬纤维瘤和淋巴瘤。影像学可用于诊断、分期和治疗决策：薄层 CT 评估皮肤、眼睑及骨受累，高分辨率 MRI 显示软组织和神经周围肿瘤扩散，PET/CT 反映代谢活性、转移、活检靶点及疗效，超声则有助于评估淋巴结并引导穿刺活检。

文中强调识别眶上孔和眶下孔的正常影像表现，以判断神经周围肿瘤扩散。眶下孔扩大、骨质破坏及正常孔内脂肪被肿瘤替代，提示沿三叉神经分支扩散。纤维性骨发育不良表现为骨被排列不规则的纤维组织替代，常见“磨玻璃”基质，可为单骨性或多骨性，并可能出现囊性、硬化性或混合性改变；快速生长、疼痛、骨破坏、软组织肿块和病理性骨折需警惕恶性转化。

术后影像部分介绍面部皮瓣重建、眼睑金属配重及神经麻痹相关改变，并指出金属可产生 CT 条纹伪影。Graves 眼病可因眼外肌增大和眶尖拥挤压迫视神经，眶减压术通过切除眶壁降低压力。阅片时应确认手术史、受累眶壁及眶尖拥挤情况，并评估出血、脑脊液漏、鼻窦炎和黏液囊肿等并发症。",本书出版于2023年，是面向放射科住院医师、专科医师、神经放射科医师及眼科、头颈外科、神经外科和肿瘤科医生的眼科肿瘤与相关疾病影像图谱，重点服务于诊断、鉴别诊断、分期、活检定位、治疗计划和疗效评估。全书按解剖与临床区域展开，涵盖眶周皮肤与眼睑、眼球、泪腺及鼻泪管、眼眶、颅底与骨、鼻腔鼻窦、垂体、海绵窦、视交叉后视路、Ⅱ—Ⅵ脑神经，以及治疗后眼眶。内容涉及上皮性肿瘤、黑色素瘤、淋巴瘤、肉瘤、血管性病变、感染和转移瘤等。重点介绍CT、MRI、PET/CT、超声及增强、脂肪抑制、骨窗和血管成像表现，强调骨侵犯、眶内扩展、神经孔异常、沿眶上神经或眶下神经的周围神经肿瘤播散、淋巴结和远处转移，以及术后复发与放疗后改变。代表性疾病包括基底细胞癌、鳞状细胞癌、黑色素瘤、血管肉瘤、纤维肉瘤、淋巴瘤、硬纤维瘤和转移瘤。
58,Imaging of Orbital and Visual Pathway Pathology-W.S. Müller-Forell 2006,normalized_exact,12-眼眶与眼肿瘤,e785de98-5837-4eea-89a8-6a46cacb5173,10000,99c24e2a-a536-4b73-a73a-e8fc8b89576e,Imaging of Orbital and Visual Pathway Pathology-W.S. Müller-Forell 2006_weknora.mhtml,Imaging of Orbital and Visual Pathway Pathology-W.S. Müller-Forell 2006_weknora.mhtml,completed,f8f938e7-d45d-4bf7-8235-a1aafa4322c5,a978127d-adf4-4f79-86bc-c2d37384fb59,342,986,fb6b6f5305f4fc17a2fa60d9fa7b9d229b9178cde0a428075d35b773868a73ba,"本文内容来自医学影像学专著《眼眶及视觉通路病变影像学》（Imaging of Orbital and Visual Pathway Pathology），由神经放射学家W.S. Müller-Forell主编，并与E. Boltshauser、S. Kollias、W. Lieb、E. Martin、S. Pitz、U. Schwarz、W. Wichmann等多位国际专家合作完成，属于Medical Radiology系列。

该书前言阐述了视觉系统的复杂性：视觉信号经视神经、视交叉、视束传至外侧膝状体，再经视放射到达枕叶初级视觉皮层，并与眼球及头身运动协调机制密切相关。视觉系统从眼球前部延伸至枕叶尖端，病变可以是局限于视通路的内在病变，也可来自邻近结构的外在病变，因此受累部位繁多。前言强调，由于医学知识快速增长，单一作者已难以全面覆盖一个专题，现代影像学也不应只关注形态学，还应纳入近年取得巨大进展的功能性磁共振成像（fMRI），故本书采用多学科合作模式。

眼科专家撰写的序言介绍，本书总论部分以最新水平详细描述了眼科影像技术，并展示了从眼眶到视觉皮层的视觉通路解剖，图像质量极高；功能磁共振成像章节有助于读者理解并充分利用这一新技术。各论部分全面系统地展示了眼眶及颅内视通路病变，以真实病例为基础，常配有患者照片、病史、相应影像检查以及治疗和组织学结果，既系统又可按病例作为测验阅读。其中儿童视通路病变章节被认为独具特色，对处理儿童神经眼科问题者极为有用。

书中示例病例展示了海绵状血管瘤的影像与病理特征：MRI显示边界清楚、有包膜的肌锥内肿瘤，压迫眼球后外侧，增强后仅中央区强化，推移下直肌和外直肌并扩大肌锥；组织学表现为单层内皮细胞衬覆的多个血管腔隙，腔内可见散在红细胞。另一病例为眼球突出持续15年以上伴进行性视力下降的患者，CT测量眼球突出达33 mm，肿瘤位于视神经外侧致其向内侧移位，并在视神经管入口处形成压迫。此外，文中列出的大量缩略语涉及MRI序列、神经眼科、肿瘤及遗传代谢病等领域，反映出本书内容覆盖面广泛。","# Summary
本文内容来自医学影像学专著《眼眶及视觉通路病变影像学》（Imaging of Orbital and Visual Pathway Pathology），由神经放射学家W.S. Müller-Forell主编，并与E. Boltshauser、S. Kollias、W. Lieb、E. Martin、S. Pitz、U. Schwarz、W. Wichmann等多位国际专家合作完成，属于Medical Radiology系列。

该书前言阐述了视觉系统的复杂性：视觉信号经视神经、视交叉、视束传至外侧膝状体，再经视放射到达枕叶初级视觉皮层，并与眼球及头身运动协调机制密切相关。视觉系统从眼球前部延伸至枕叶尖端，病变可以是局限于视通路的内在病变，也可来自邻近结构的外在病变，因此受累部位繁多。前言强调，由于医学知识快速增长，单一作者已难以全面覆盖一个专题，现代影像学也不应只关注形态学，还应纳入近年取得巨大进展的功能性磁共振成像（fMRI），故本书采用多学科合作模式。

眼科专家撰写的序言介绍，本书总论部分以最新水平详细描述了眼科影像技术，并展示了从眼眶到视觉皮层的视觉通路解剖，图像质量极高；功能磁共振成像章节有助于读者理解并充分利用这一新技术。各论部分全面系统地展示了眼眶及颅内视通路病变，以真实病例为基础，常配有患者照片、病史、相应影像检查以及治疗和组织学结果，既系统又可按病例作为测验阅读。其中儿童视通路病变章节被认为独具特色，对处理儿童神经眼科问题者极为有用。

书中示例病例展示了海绵状血管瘤的影像与病理特征：MRI显示边界清楚、有包膜的肌锥内肿瘤，压迫眼球后外侧，增强后仅中央区强化，推移下直肌和外直肌并扩大肌锥；组织学表现为单层内皮细胞衬覆的多个血管腔隙，腔内可见散在红细胞。另一病例为眼球突出持续15年以上伴进行性视力下降的患者，CT测量眼球突出达33 mm，肿瘤位于视神经外侧致其向内侧移位，并在视神经管入口处形成压迫。此外，文中列出的大量缩略语涉及MRI序列、神经眼科、肿瘤及遗传代谢病等领域，反映出本书内容覆盖面广泛。",本书出版于2006年，是覆盖“从眼球到枕叶视觉皮质”的视觉系统影像学专著与病例图谱，面向神经放射科医师、眼科医师、神经科医师、神经外科医师及耳鼻咽喉科医师。全书分为总论和专论：总论介绍眼眶及视觉通路的彩色多普勒超声、CT、MRI检查方法与协议，眼眶、视神经、视交叉、视束、视放射及纹状皮质的影像解剖，神经眼科学基础，以及视觉系统功能磁共振成像（fMRI）；专论重点讨论儿童视通路病变、眼眶病变和颅内视通路病变。病例结合病史、症状、患者照片、CT软组织窗与骨窗、多序列MRI、MR血管成像、弥散加权成像、组织学及治疗结果，涵盖视网膜中央动脉或静脉阻塞、糖尿病视网膜病变、眼内肿瘤、眼眶肿瘤与血管性病变、颈动脉海绵窦瘘、甲状腺相关眼病、儿童视通路疾病及颅内病变等，突出影像诊断与临床鉴别。
59,Kanski-Clinical Ophthalomogy 8-2016,normalized_exact,01-眼科综合：基础与全身病,09c593aa-1a64-48de-af81-fc4d30d551b4,10000,b149adbc-0c1f-4ac0-8422-03b04e84c903,Kanski-Clinical Ophthalomogy 8-2016_weknora.mhtml,Kanski-Clinical Ophthalomogy 8-2016_weknora.mhtml,completed,794fda30-40af-4bc2-bd7e-d73b82711804,9685742a-c9c0-4c2f-a509-c33c5e7b4fdb,347,1025,0ae8c0bba843f43d6628a9da24947b94b9e28d2c311ca2ba285aa26a9dbcf0a1,"《Kanski临床眼科学：系统性方法》（第八版）由Brad Bowling编写，旨在为眼科专业人员提供系统且简洁的临床核心知识。该书延续了Jack Kanski的教学风格，涵盖了从基础诊断到最新循证治疗方案的广泛内容，并结合了现代影像技术和多媒体教学工具。

本书的主要内容要点包括：

1.  **临床系统性方法**：全书采用系统化结构，详细阐述了各类眼部疾病的临床表现、诊断标准及治疗策略。例如，书中详细介绍了白塞病（Behçet disease）的诊断标准，包括复发性口腔溃疡、生殖器溃疡、眼部炎症及皮肤病变，并重点分析了其眼部表现，如视网膜血管炎、葡萄膜炎及视盘水肿等。
2.  **眼部损伤与管理**：书中深入探讨了化学性眼损伤的治疗与修复。治疗重点在于通过抗坏血酸（维生素C）、柠檬酸盐及四环素类药物抑制胶原酶活性、减轻炎症反应并促进角膜上皮修复。此外，还强调了对眼内压的监测及预防睑球粘连等并发症的重要性。
3.  **手术干预方案**：针对严重眼部损伤，书中列举了早期手术（如Tenon囊推进术、角膜缘干细胞移植及羊膜移植）与晚期手术（如睑球粘连松解术、眼睑畸形矫正及角膜移植/人工角膜植入）的临床应用，旨在重建眼表环境并改善视功能。
4.  **数字化辅助教学**：该版本通过ExpertConsult平台提供增强型电子书功能，包括交互式图像标注、实时视频流、动画演示以及嵌入式自测题，旨在提升医学生及眼科医师的学习效率与临床实践能力。

本书不仅是对前几版内容的更新与完善，还通过引入最新的影像学模态和循证医学证据，为眼科临床实践提供了全面的参考依据。","# Summary
《Kanski临床眼科学：系统性方法》（第八版）由Brad Bowling编写，旨在为眼科专业人员提供系统且简洁的临床核心知识。该书延续了Jack Kanski的教学风格，涵盖了从基础诊断到最新循证治疗方案的广泛内容，并结合了现代影像技术和多媒体教学工具。

本书的主要内容要点包括：

1.  **临床系统性方法**：全书采用系统化结构，详细阐述了各类眼部疾病的临床表现、诊断标准及治疗策略。例如，书中详细介绍了白塞病（Behçet disease）的诊断标准，包括复发性口腔溃疡、生殖器溃疡、眼部炎症及皮肤病变，并重点分析了其眼部表现，如视网膜血管炎、葡萄膜炎及视盘水肿等。
2.  **眼部损伤与管理**：书中深入探讨了化学性眼损伤的治疗与修复。治疗重点在于通过抗坏血酸（维生素C）、柠檬酸盐及四环素类药物抑制胶原酶活性、减轻炎症反应并促进角膜上皮修复。此外，还强调了对眼内压的监测及预防睑球粘连等并发症的重要性。
3.  **手术干预方案**：针对严重眼部损伤，书中列举了早期手术（如Tenon囊推进术、角膜缘干细胞移植及羊膜移植）与晚期手术（如睑球粘连松解术、眼睑畸形矫正及角膜移植/人工角膜植入）的临床应用，旨在重建眼表环境并改善视功能。
4.  **数字化辅助教学**：该版本通过ExpertConsult平台提供增强型电子书功能，包括交互式图像标注、实时视频流、动画演示以及嵌入式自测题，旨在提升医学生及眼科医师的学习效率与临床实践能力。

本书不仅是对前几版内容的更新与完善，还通过引入最新的影像学模态和循证医学证据，为眼科临床实践提供了全面的参考依据。",本书出版于2016年，是面向医学生、眼科初学者、眼科医生及验光师的系统性临床眼科学教材，旨在建立一般眼科实践所需的核心知识，并结合更新后的循证诊断、治疗方法和影像资料。内容涵盖眼睑、泪道、眼眶、干眼、结膜、角膜、巩膜、晶状体、青光眼、葡萄膜炎、眼内肿瘤、视网膜血管病、黄斑病、遗传性眼底营养不良、视网膜脱离、玻璃体混浊、斜视、神经眼科、全身药物眼部副作用及眼外伤。重点涉及甲状腺眼病、角膜炎、白内障、原发性开角型及闭角型青光眼、糖尿病视网膜病变、年龄相关性黄斑变性、视网膜静脉阻塞、视网膜脱离和葡萄膜炎等。书中介绍裂隙灯检查、眼压测量、房角镜、视野检查、视神经评估、神经影像、眼底影像及黄斑检查，并涉及药物、激光、抗VEGF、角膜移植、屈光手术、青光眼手术、玻璃体切除、斜视手术和肉毒毒素治疗。
60,Kanski-眼与全身疾病鉴别诊断图谱-2002,normalized_exact,22-检查：综合检查与仪器,16f1a07d-8623-4655-b09e-502d32d0610a,10000,6688dc90-cb39-4e1a-8542-4a0e319cdd7c,Kanski-眼与全身疾病鉴别诊断图谱-2002_weknora.mhtml,Kanski-眼与全身疾病鉴别诊断图谱-2002_weknora.mhtml,completed,da0574e1-6bc9-4c4b-97f0-9634a6b8ff2b,d7e336c0-08f7-499e-8c9d-77740a6e8bf9,313,913,311103ea3c1cebb28ed04f948c1fdb96986024aee3f384d6806206594af51fde,"# 眼与全身疾病 鉴别诊断图谱

(英) 杰克·J·肯思基 著 姚宜 译

福建科学技术出版社

著作权合同登记号：图字13-2001-28

MOSBY, an imprint of Harcourt Publishers Limited

© Mosby International Limited 2001

原书名：Systemic Diseases and the Eye

英文版 ISBN 0723432163

The right of Jack J. Kanski to be identified as the author of this
work has been asserted by him in accordance with the Copyright, Designs
and Patents Act 1988

本书中文简体字版由英国Harcourt出版公司授权福建科学技术出版社在中国独家翻译、出版、发行

图书在版编目(CIP)数据

眼与全身疾病鉴别诊断图谱/（英）肯思基著；姚宜译.—福州：福建科学技术出版社，2002.9
ISBN 7-5335-193","# Summary
# 眼与全身疾病 鉴别诊断图谱

(英) 杰克·J·肯思基 著 姚宜 译

福建科学技术出版社

著作权合同登记号：图字13-2001-28

MOSBY, an imprint of Harcourt Publishers Limited

© Mosby International Limited 2001

原书名：Systemic Diseases and the Eye

英文版 ISBN 0723432163

The right of Jack J. Kanski to be identified as the author of this
work has been asserted by him in accordance with the Copyright, Designs
and Patents Act 1988

本书中文简体字版由英国Harcourt出版公司授权福建科学技术出版社在中国独家翻译、出版、发行

图书在版编目(CIP)数据

眼与全身疾病鉴别诊断图谱/（英）肯思基著；姚宜译.—福州：福建科学技术出版社，2002.9
ISBN 7-5335-193",2002年出版，杰克·J·肯思基著、姚宜译。本书面向眼科医师、全科及非眼科临床医生，帮助从眼部表现识别可能的全身疾病，也从全身体征反查眼部病变。全书分三部分：按眼睑、眼眶、泪腺、结膜、巩膜、角膜、虹膜、晶状体、青光眼、玻璃体、眼底血管、炎症、肿瘤、视神经及眼肌麻痹等眼征归纳相关疾病；按面部、口腔、颅骨、颈部、手、毛发、皮肤、关节、肺、心血管、消化、肾脏、生殖器和神经系统等全身体征提示眼病；再按疾病总结全身与眼部表现。重点涉及糖尿病、高血压、甲状腺毒症、重症肌无力、Wegener肉芽肿病、系统性红斑狼疮、白塞病、结节病、艾滋病、白血病、淋巴瘤、遗传综合征及代谢病，涵盖眼科检查、体征识别、图像对照、病因与鉴别诊断等关键词。
61,Kanski-眼科症状鉴别诊断图谱-2012,normalized_exact,22-检查：综合检查与仪器,16f1a07d-8623-4655-b09e-502d32d0610a,10000,819efde0-60f1-4d65-a491-e3be551976ff,Kanski-眼科症状鉴别诊断图谱-2012_weknora.mhtml,Kanski-眼科症状鉴别诊断图谱-2012_weknora.mhtml,completed,ce2dec83-0974-4ccc-8f47-d80b56b7584e,0e361a8d-5bba-40d6-9458-3ee6822c5fb1,329,971,400b853cffabcbbf255a294e8b13f356965df474620962ba8202ef0a64f747fd,"《Kanski眼科症状鉴别诊断图谱》（Signs in Ophthalmology: Causes and Differential Diagnosis）由Jack J. Kanski撰写，何明光等翻译，是一部旨在提升临床医师眼科疾病诊断及鉴别诊断能力的专业参考书。该书通过精炼的文字与大量临床图片，系统性地梳理了眼科常见疾病的临床体征、病因及鉴别诊断要点。

本书的核心内容涵盖以下几个方面：

1.  **眼部解剖部位的临床体征与诊断**：全书按解剖部位分类，详细介绍了睫毛疾病（如睫毛脱落、倒睫、双行睫等）、睑缘炎症（如葡萄球菌性、皮脂性及后部睑缘炎）、眼睑弥漫性水肿（包括炎症性、非炎症性及系统性病因）以及瞳孔异常（如瞳孔不等大、Horner综合征、Argyll Robertson瞳孔等）。
2.  **鉴别诊断逻辑**：书中通过列表形式对比易混淆疾病，帮助临床医师排除非主要体征的干扰，迅速锁定病因。例如，针对慢性睑缘炎，书中详细对比了前部与后部睑缘炎在睫毛沉积物、囊肿类型及泪膜改变等方面的特征。
3.  **系统性疾病的眼部表现**：书中不仅关注眼部局部病变，还深入探讨了与眼科相关的全身性疾病，如皮肤病（特应性皮炎、白癜风、坏疽性脓皮病等）、结缔组织病及感染性疾病，强调了眼部体征在全身疾病诊断中的提示作用。
4.  **直观的临床教学辅助**：全书配有1300余幅精美图片，直观展示了各类眼科疾病的典型临床特征，为眼科医师、护士的临床工作及专科医师的规范化培训提供了重要的参考依据。

总之，该图谱通过“体征-病因-鉴别诊断”的标准化框架，为临床医师提供了一套高效的诊断路径，是眼科临床实践中不可或缺的工具书。","# Summary
《Kanski眼科症状鉴别诊断图谱》（Signs in Ophthalmology: Causes and Differential Diagnosis）由Jack J. Kanski撰写，何明光等翻译，是一部旨在提升临床医师眼科疾病诊断及鉴别诊断能力的专业参考书。该书通过精炼的文字与大量临床图片，系统性地梳理了眼科常见疾病的临床体征、病因及鉴别诊断要点。

本书的核心内容涵盖以下几个方面：

1.  **眼部解剖部位的临床体征与诊断**：全书按解剖部位分类，详细介绍了睫毛疾病（如睫毛脱落、倒睫、双行睫等）、睑缘炎症（如葡萄球菌性、皮脂性及后部睑缘炎）、眼睑弥漫性水肿（包括炎症性、非炎症性及系统性病因）以及瞳孔异常（如瞳孔不等大、Horner综合征、Argyll Robertson瞳孔等）。
2.  **鉴别诊断逻辑**：书中通过列表形式对比易混淆疾病，帮助临床医师排除非主要体征的干扰，迅速锁定病因。例如，针对慢性睑缘炎，书中详细对比了前部与后部睑缘炎在睫毛沉积物、囊肿类型及泪膜改变等方面的特征。
3.  **系统性疾病的眼部表现**：书中不仅关注眼部局部病变，还深入探讨了与眼科相关的全身性疾病，如皮肤病（特应性皮炎、白癜风、坏疽性脓皮病等）、结缔组织病及感染性疾病，强调了眼部体征在全身疾病诊断中的提示作用。
4.  **直观的临床教学辅助**：全书配有1300余幅精美图片，直观展示了各类眼科疾病的典型临床特征，为眼科医师、护士的临床工作及专科医师的规范化培训提供了重要的参考依据。

总之，该图谱通过“体征-病因-鉴别诊断”的标准化框架，为临床医师提供了一套高效的诊断路径，是眼科临床实践中不可或缺的工具书。",本书为2012年出版的眼科临床图谱，面向眼科医师、护士及专科医师规范化培训与考核，重点帮助读者依据突出临床体征、病因和鉴别诊断快速识别疾病。全书按解剖部位编排，涵盖眼睑、眼眶、结膜、表层巩膜及巩膜、角膜、前房、眼内压与前房角、虹膜、瞳孔、晶状体、玻璃体、视盘、眼底、眼球运动及全身体征，涉及炎症、感染、先天异常、肿瘤、血管性和系统性疾病。书中配有近1300幅临床图片及鉴别诊断表，展示睫毛异常、睑缘炎、眼睑水肿、上睑下垂、眼眶病变、角膜炎、青光眼、葡萄膜炎、白内障、视网膜脱离、眼球突出和眼肌麻痹等。关键词包括裂隙灯下体征、泪膜、角膜浸润与血管化、眼内压、前房角、眼底影像、冷冻及放射线治疗、眼睑肿物、甲状腺相关眼病、重症肌无力、带状疱疹和全身疾病相关眼征。
62,Manual of Neuro-ophthalmology-Amar Agarwal、Athiya Agarwal 2008,normalized_exact,09-神经眼科,be1e44f1-985d-4445-b6a3-e60a0f43f85e,10000,8a8d1325-f6e6-4c42-a231-8f9977a99a33,Manual of Neuro-ophthalmology-Amar Agarwal、Athiya Agarwal 2008_weknora.mhtml,Manual of Neuro-ophthalmology-Amar Agarwal、Athiya Agarwal 2008_weknora.mhtml,completed,be353a31-3ec0-44b9-adde-4d1535e1e5df,c1da5a0a-7ef9-415d-bb3f-e5116bbb1bb2,312,902,c1b35f19bd3a68a457fec6f2903192f3380c49cc3627bfe6ff1c63d3524d14d3,"该文档是《Manual of Neuro-ophthalmology》（神经眼科学手册）的部分内容，由 Amar Agarwal 与 Athiya Agarwal 编写，Uday Devgan 撰写前言，并由 Jaypee Brothers Medical Publishers 出版。前言指出神经眼科学是一门复杂的亚专科，需要敏锐的临床观察和细致思考；本书旨在面向从医学生到执业眼科医生的广泛读者群体。作者在序言中说明，编写本书是为了帮助读者更轻松地理解神经眼科学这一难点。

正文内容涵盖三大部分：

第一部分介绍眼球运动的核上通路。文档区分了从大脑皮层到脑神经核的核上通路（相当于上运动神经元通路）与从脑神经核到眼外肌的核下通路（相当于下运动神经元通路），并指出脑神经核受损会产生类似下运动神经元病变的表现。书中列出五种核上眼球运动系统：扫视系统、追踪系统、会聚系统、非视觉反射系统和位置维持系统。其中扫视系统又称快速眼球运动系统，负责快速命令性眼球运动，起自额叶，经额叶-中脑通路传导；水平扫视由额叶皮层等结构控制。

第二部分讲解三叉神经的解剖。内容包括三叉神经的运动核与感觉核的位置、神经在脑桥水平的出脑部位、三叉神经半月节（Meckel腔）以及与下颌神经的关系。其中眼神经（V1）在海绵窦内接收交感纤维，并借道眶上裂进入眼眶，分为泪腺神经、额神经和鼻睫神经三支，文档还详述了各分支的走行与分布。

第三部分涉及神经系统影像学中的炎症与脱髓鞘疾病鉴别。结节病可表现为脑室周围或胼胝体周围卵圆形病灶（类似 Dawson 指状征），累及视交叉和视神经较多见，需与多发性硬化、系统性红斑狼疮、淋巴瘤等鉴别，软脑膜受累提示结节病可能。弓形虫病的典型影像为单发或多发环形强化灶伴周围水肿，呈“靶征”，主要需与原发性中枢神经系统淋巴瘤鉴别。急性播散性脑脊髓炎（ADEM）则多为病毒感染或疫苗接种后急性单相病程，常见于儿童和青少年，MRI 显示皮质下融合性高信号病灶，可与多发性硬化相区分。","# Summary
该文档是《Manual of Neuro-ophthalmology》（神经眼科学手册）的部分内容，由 Amar Agarwal 与 Athiya Agarwal 编写，Uday Devgan 撰写前言，并由 Jaypee Brothers Medical Publishers 出版。前言指出神经眼科学是一门复杂的亚专科，需要敏锐的临床观察和细致思考；本书旨在面向从医学生到执业眼科医生的广泛读者群体。作者在序言中说明，编写本书是为了帮助读者更轻松地理解神经眼科学这一难点。

正文内容涵盖三大部分：

第一部分介绍眼球运动的核上通路。文档区分了从大脑皮层到脑神经核的核上通路（相当于上运动神经元通路）与从脑神经核到眼外肌的核下通路（相当于下运动神经元通路），并指出脑神经核受损会产生类似下运动神经元病变的表现。书中列出五种核上眼球运动系统：扫视系统、追踪系统、会聚系统、非视觉反射系统和位置维持系统。其中扫视系统又称快速眼球运动系统，负责快速命令性眼球运动，起自额叶，经额叶-中脑通路传导；水平扫视由额叶皮层等结构控制。

第二部分讲解三叉神经的解剖。内容包括三叉神经的运动核与感觉核的位置、神经在脑桥水平的出脑部位、三叉神经半月节（Meckel腔）以及与下颌神经的关系。其中眼神经（V1）在海绵窦内接收交感纤维，并借道眶上裂进入眼眶，分为泪腺神经、额神经和鼻睫神经三支，文档还详述了各分支的走行与分布。

第三部分涉及神经系统影像学中的炎症与脱髓鞘疾病鉴别。结节病可表现为脑室周围或胼胝体周围卵圆形病灶（类似 Dawson 指状征），累及视交叉和视神经较多见，需与多发性硬化、系统性红斑狼疮、淋巴瘤等鉴别，软脑膜受累提示结节病可能。弓形虫病的典型影像为单发或多发环形强化灶伴周围水肿，呈“靶征”，主要需与原发性中枢神经系统淋巴瘤鉴别。急性播散性脑脊髓炎（ADEM）则多为病毒感染或疫苗接种后急性单相病程，常见于儿童和青少年，MRI 显示皮质下融合性高信号病灶，可与多发性硬化相区分。",本书出版于2008年，是面向医学生、住院医师及眼科临床医生的神经眼科基础与临床参考手册，强调通过图示和简明文字理解眼—脑通路及定位诊断。全书涵盖眼球运动的上核与下核通路、扫视、平滑追随、辐辏及反射系统；核上性眼球运动障碍、眼震及其分型、视动性眼震检查、前庭眼震和冷热试验；瞳孔、视路、视神经解剖，以及动眼、滑车、外展、三叉和面神经及其病变；先天性视神经异常、视神经肿瘤、视神经乳头异常、眼肌病和其他杂项疾病。末章介绍神经眼科病例检查流程与影像学评估。关键词包括内侧纵束、核间性眼肌麻痹、水平及垂直扫视、追随系统、视野缺损、视神经、眼震、OKN、Kestenbaum报纸法、视动鼓、前庭冷热试验、视路定位、神经影像和临床处理。
63,Mastering Corneal Collagen Cross-linking Techniques-Garg et al. 2009,normalized_exact,02-角膜与眼表,f041b2b7-3147-4deb-a2f2-0de5cc53d296,10000,a594c4e6-1596-42f8-b2dc-1e43f445a4b4,Mastering Corneal Collagen Cross-linking Techniques-Garg et al. 2009_weknora.mhtml,Mastering Corneal Collagen Cross-linking Techniques-Garg et al. 2009_weknora.mhtml,completed,30bf3e0d-00bc-4b00-ab8a-508a3f467185,8040314c-622f-4bb0-9896-591c11e15316,317,867,d4774ae6259cdc9a8ba0ba5385b59e699b784f4215b8f04e3802c35ae92594e7,"该资料为《掌握角膜胶原交联技术（C3-R/CCL/CxL）》一书的综合性内容摘录，包括前言、序言及若干章节节选。该书由Ashok Garg等国际专家编辑，旨在为屈光手术医生全面介绍角膜胶原交联技术，共23章，涵盖适应证、禁忌证、手术步骤、并发症处理等内容，并附有手术视频DVD。

前言部分强调，角膜胶原交联是当前角膜与屈光手术领域最具前景的技术之一。其原理是利用核黄素（维生素B₂）作为光敏剂，在370 nm波长的紫外线照射下，增强角膜基质胶原纤维间的交联，从而提升角膜的生物力学强度和抗张强度，稳定角膜曲率，防止角膜进一步前凸和变薄。该技术首次为圆锥角膜和LASIK/PRK术后角膜膨隆（角膜扩张）提供了除角膜移植外的真正治疗手段。资料指出，角膜扩张是LASIK的少见但严重的并发症，危险因素包括高度近视、深基质切削、残余角膜床过薄、年轻、角膜薄及术前角膜不规则；而圆锥角膜在普通人群中发病率约为1/2000，是美国第三位穿透性角膜移植适应证。

书中还讨论了不规则散光的治疗，尤其是角膜基质环段（ICRS）的应用。资料介绍了Intacs、Intacs SK和KeraRings等不同类型环段的设计参数、光学区及植入方式，并对比了传统手工隧道制作与飞秒激光辅助隧道制作的优缺点及可能并发症。

此外，资料详细列举了胶原交联的潜在并发症，包括角膜感染、过度或不足交联、自由基导致的角膜内皮毒性、术后一过性角膜水肿，以及与PRK联合治疗时可能出现的持续性上皮缺损和角膜瘢痕。作者还提到，在近千例病例中偶见一过性水肿但内皮细胞计数未明显下降；同时指出，妊娠或交联后行PRK可能增加角膜扩张复发的风险。尽管如此，资料认为该技术的获益远大于风险，已显著减少圆锥角膜和角膜扩张患者接受穿透性角膜移植的例数。","# Summary
该资料为《掌握角膜胶原交联技术（C3-R/CCL/CxL）》一书的综合性内容摘录，包括前言、序言及若干章节节选。该书由Ashok Garg等国际专家编辑，旨在为屈光手术医生全面介绍角膜胶原交联技术，共23章，涵盖适应证、禁忌证、手术步骤、并发症处理等内容，并附有手术视频DVD。

前言部分强调，角膜胶原交联是当前角膜与屈光手术领域最具前景的技术之一。其原理是利用核黄素（维生素B₂）作为光敏剂，在370 nm波长的紫外线照射下，增强角膜基质胶原纤维间的交联，从而提升角膜的生物力学强度和抗张强度，稳定角膜曲率，防止角膜进一步前凸和变薄。该技术首次为圆锥角膜和LASIK/PRK术后角膜膨隆（角膜扩张）提供了除角膜移植外的真正治疗手段。资料指出，角膜扩张是LASIK的少见但严重的并发症，危险因素包括高度近视、深基质切削、残余角膜床过薄、年轻、角膜薄及术前角膜不规则；而圆锥角膜在普通人群中发病率约为1/2000，是美国第三位穿透性角膜移植适应证。

书中还讨论了不规则散光的治疗，尤其是角膜基质环段（ICRS）的应用。资料介绍了Intacs、Intacs SK和KeraRings等不同类型环段的设计参数、光学区及植入方式，并对比了传统手工隧道制作与飞秒激光辅助隧道制作的优缺点及可能并发症。

此外，资料详细列举了胶原交联的潜在并发症，包括角膜感染、过度或不足交联、自由基导致的角膜内皮毒性、术后一过性角膜水肿，以及与PRK联合治疗时可能出现的持续性上皮缺损和角膜瘢痕。作者还提到，在近千例病例中偶见一过性水肿但内皮细胞计数未明显下降；同时指出，妊娠或交联后行PRK可能增加角膜扩张复发的风险。尽管如此，资料认为该技术的获益远大于风险，已显著减少圆锥角膜和角膜扩张患者接受穿透性角膜移植的例数。",本书出版于2009年，是面向角膜病、屈光手术及眼科临床医师的角膜胶原交联技术专著，系统介绍核黄素—UV-A（C3-R）强化角膜、稳定圆锥角膜及屈光术后角膜扩张的原理、适应证、禁忌证、术前评估、操作流程、随访与并发症处理。内容涵盖角膜生物力学、角膜扩张风险及LASIK筛查、圆锥角膜预防与治疗、核黄素和UV-A的生物物理机制、上皮去除与经上皮交联、内皮安全性、不同交联技术及临床应用；并讨论地形图引导PRK联合交联、INTACS/角膜基质环植入、接触镜塑形、角膜重塑和角膜整形术，以及屈光手术后的后部角膜变化。重要检查包括视力、眼压、裂隙灯及照片、角膜地形图、Pentacam角膜厚度、OCT、角膜滞后量和角膜阻力因子，并配有手术视频。
64,Master’s Guide to Manual Small Incision Cataract Surgery-Ashok Garg等主编 2009,normalized_exact,03-白内障：晶状体与人工晶体,a0f47c80-3a66-46c8-8315-43b41ce357ea,10000,5a37cbfb-e94b-4f7a-b445-a914774e5689,Master’s Guide to Manual Small Incision Cataract Surgery-Ashok Garg等主编 2009_weknora.mhtml,Master’s Guide to Manual Small Incision Cataract Surgery-Ashok Garg等主编 2009_weknora.mhtml,completed,92d1840d-dcc0-427f-b802-37b0589dc8ed,b3932ae6-11fa-4b3e-a490-6e727caefbb8,402,1064,0d1321361283631d06220ba5e4a02face1449894690bf15d8a9bbe69631e92cf,"# 《Master's Guide to Manual Small Incision Cataract Surgery (MSICS)》内容摘要

本文档是《Master's Guide to Manual Small Incision Cataract Surgery (MSICS)》（《手法小切口白内障手术大师指南》）一书的节选内容，该书由Jaypee Brothers Medical Publishers于2009年出版，主编为Ashok Garg、Amulya Sahu、Francisco J Gutierrez-Carmona和Carlos Infantes，并配有可播放手术视频的DVD光盘。

## 书籍与DVD概况

该专著汇集了多国眼科专家的手术技术与经验。随书DVD收录了约29个手术教学视频，涵盖多种MSICS技术，包括：Luther L Fry（美国）的小切口计划性囊外摘除术；Francisco J Gutiérrez-Carmona（西班牙）的徒手超声乳化碎片化技术（含3.5 mm巩膜隧道切口入路）；Carlos Infantes（西班牙）的尼龙圈套徒手超声乳化碎片化技术；Amulya Sahu（印度）的3 mm颞侧表面麻醉SICS折叠型人工晶体植入术及12点钟方向3 mm MSICS；KPS Malik、Ruchi Goel（印度）的ACM技术；Praputsaorn Kosakarn（泰国）的徒手碎核技术及双尼龙圈套技术；Debashish Bhattacharya（印度）的灌注向量技术；Albrecht Hennig（尼泊尔）的鱼钩技术无缝合白内障手术；Ranjit S Dhaliwal等（印度）的高龄期白内障SICS、后极性白内障手法SICS、SICS联合小梁切除术等；Geoffrey Tabin（美国）与Sanduk Ruit（尼泊尔）的颞侧入路小切口无缝线囊外手术；以及Santosh Kumar Nair（印度）的大批量手术SICS改良与MSICS压力参数等。

## 前言要点

Luther L Fry在前言中指出，在无法负担超声乳化（phako）设备成本的地区，以及遇到适合手法小切口技术的致密白内障病例时，MSICS日益普及。对于致密白内障，手法小切口手术不仅比超声乳化更快，对角膜损伤更小，且效果与超声乳化相当甚至更优。即使主要实施超声乳化的医生也应掌握MSICS技术，以应对偶发的黑核白内障。

## 核心技术内容

文档详细描述了多个手术操作要点：

**连续环形撕囊（Capsulorhexis）：** 较大的撕囊口具有诸多优势——核容易进入前房、手术更简便、可移除囊下上皮从而减少术后后发性白内障形成，且撕囊边缘光滑坚韧不易向悬韧带放射。具体操作方法包括用26 G弯针在前囊中央穿孔、提起囊瓣并沿环形方向牵引，最终使撕囊末端自外向内与起点重叠形成连续边缘；也可用撕囊镊完成。前房变浅时易因悬韧带应力导致前囊放射状撕裂。

**角膜切口扩展：** 用11号刀片沿巩膜隧道一侧平行扩展内角膜切口，再扩展另一端，形成内长外短的角膜瓣样切口。

**水分离操作（Hydroprocedure）：** 通过注水使核、epinucleus和皮质与囊袋分离，水化组织、缩小核体积、松散皮质，便于核进入前房。操作前应移除部分粘弹剂以降低眼压，防止虹膜脱出。

**小瞳孔处理：** 可采用Kuglen钩牵拉瞳孔成形术或括约肌切开术；对于假性剥脱综合征伴硬核的高危病例，可行扇形虹膜切除术或钥匙孔虹膜切除术。另介绍了一种""双手技术""：用Sinskey钩将核推向6点钟方向，用睫状体分离铲将核上极翘起并作为支点旋转拨出核。

**半脱位白内障：** 部分瞳孔散大良好且核不硬的病例可选用MSICS，用Trypan蓝染色囊膜辅助撕囊，经穿刺口徒手植入囊袋张力环（CTR），水分离分层后使核的一极脱出囊袋，再用Sinskey钩将核旋入前房。

**要点总结：** 核脱出术仅需简单器械（Sinskey钩和带26 G套管注射器）。学习阶段可先行开罐式截囊并机械性脱核，掌握技术后宜采用撕囊联合水分离脱核或囊袋内翻转法；囊膜染色剂的使用使白核和棕核白内障的处理更加安全便捷。","# Summary
# 《Master's Guide to Manual Small Incision Cataract Surgery (MSICS)》内容摘要

本文档是《Master's Guide to Manual Small Incision Cataract Surgery (MSICS)》（《手法小切口白内障手术大师指南》）一书的节选内容，该书由Jaypee Brothers Medical Publishers于2009年出版，主编为Ashok Garg、Amulya Sahu、Francisco J Gutierrez-Carmona和Carlos Infantes，并配有可播放手术视频的DVD光盘。

## 书籍与DVD概况

该专著汇集了多国眼科专家的手术技术与经验。随书DVD收录了约29个手术教学视频，涵盖多种MSICS技术，包括：Luther L Fry（美国）的小切口计划性囊外摘除术；Francisco J Gutiérrez-Carmona（西班牙）的徒手超声乳化碎片化技术（含3.5 mm巩膜隧道切口入路）；Carlos Infantes（西班牙）的尼龙圈套徒手超声乳化碎片化技术；Amulya Sahu（印度）的3 mm颞侧表面麻醉SICS折叠型人工晶体植入术及12点钟方向3 mm MSICS；KPS Malik、Ruchi Goel（印度）的ACM技术；Praputsaorn Kosakarn（泰国）的徒手碎核技术及双尼龙圈套技术；Debashish Bhattacharya（印度）的灌注向量技术；Albrecht Hennig（尼泊尔）的鱼钩技术无缝合白内障手术；Ranjit S Dhaliwal等（印度）的高龄期白内障SICS、后极性白内障手法SICS、SICS联合小梁切除术等；Geoffrey Tabin（美国）与Sanduk Ruit（尼泊尔）的颞侧入路小切口无缝线囊外手术；以及Santosh Kumar Nair（印度）的大批量手术SICS改良与MSICS压力参数等。

## 前言要点

Luther L Fry在前言中指出，在无法负担超声乳化（phako）设备成本的地区，以及遇到适合手法小切口技术的致密白内障病例时，MSICS日益普及。对于致密白内障，手法小切口手术不仅比超声乳化更快，对角膜损伤更小，且效果与超声乳化相当甚至更优。即使主要实施超声乳化的医生也应掌握MSICS技术，以应对偶发的黑核白内障。

## 核心技术内容

文档详细描述了多个手术操作要点：

**连续环形撕囊（Capsulorhexis）：** 较大的撕囊口具有诸多优势——核容易进入前房、手术更简便、可移除囊下上皮从而减少术后后发性白内障形成，且撕囊边缘光滑坚韧不易向悬韧带放射。具体操作方法包括用26 G弯针在前囊中央穿孔、提起囊瓣并沿环形方向牵引，最终使撕囊末端自外向内与起点重叠形成连续边缘；也可用撕囊镊完成。前房变浅时易因悬韧带应力导致前囊放射状撕裂。

**角膜切口扩展：** 用11号刀片沿巩膜隧道一侧平行扩展内角膜切口，再扩展另一端，形成内长外短的角膜瓣样切口。

**水分离操作（Hydroprocedure）：** 通过注水使核、epinucleus和皮质与囊袋分离，水化组织、缩小核体积、松散皮质，便于核进入前房。操作前应移除部分粘弹剂以降低眼压，防止虹膜脱出。

**小瞳孔处理：** 可采用Kuglen钩牵拉瞳孔成形术或括约肌切开术；对于假性剥脱综合征伴硬核的高危病例，可行扇形虹膜切除术或钥匙孔虹膜切除术。另介绍了一种""双手技术""：用Sinskey钩将核推向6点钟方向，用睫状体分离铲将核上极翘起并作为支点旋转拨出核。

**半脱位白内障：** 部分瞳孔散大良好且核不硬的病例可选用MSICS，用Trypan蓝染色囊膜辅助撕囊，经穿刺口徒手植入囊袋张力环（CTR），水分离分层后使核的一极脱出囊袋，再用Sinskey钩将核旋入前房。

**要点总结：** 核脱出术仅需简单器械（Sinskey钩和带26 G套管注射器）。学习阶段可先行开罐式截囊并机械性脱核，掌握技术后宜采用撕囊联合水分离脱核或囊袋内翻转法；囊膜染色剂的使用使白核和棕核白内障的处理更加安全便捷。",本书为2009年出版的手工小切口白内障手术（MSICS）专业实践指南，面向眼科医师、白内障手术培训者及需开展低成本、高容量手术的医疗机构。全书围绕MSICS的临床意义、适用场景、压力参数及其与ECCE和超声乳化的衔接展开，系统介绍隧道切口、前囊切开、连续环形撕囊、水分离、晶状体核分割与娩出、皮质清除、人工晶状体植入等基本流程，并比较多种核处理和取出技术，包括手工碎核、劈核、多段切割、双尼龙环、鱼钩、牵引圈、灌注圈、黏弹剂表达、Phaco sandwich、Phacosection及Bluementhal技术。内容还涉及3 mm及颞侧入路、前房维持器、折叠或PMMA人工晶状体、表面麻醉与针尖麻醉，以及大批量手术、儿童白内障、青光眼联合小梁切除术等特殊情况。后半部分重点讨论MSICS并发症预防与处理，包括前节和后节并发症、术中意外、晶状体核脱出、术源性散光及困难白内障；配套DVD展示多种手术操作。
65,Mechanisms of the Glaucomas-Joyce Tombran Tink 2008,normalized_exact,05-青光眼,8bf942e4-80dc-4a8a-87cf-486f897fe2bd,10000,8bda1254-5ebc-45b3-bb51-934c56e5706d,Mechanisms of the Glaucomas-Joyce Tombran Tink 2008_weknora.mhtml,Mechanisms of the Glaucomas-Joyce Tombran Tink 2008_weknora.mhtml,completed,9b45041c-cc61-405d-808e-ad88373a9cf0,d4f2ceb7-1abb-45d0-9d7b-75f4db0653e6,380,1070,ca9d918cdb39e2a91f32ac180da459a0561e3b69efa9f1e6c9b664afef8b397c,"《Mechanisms of the Glaucomas: Disease Processes and Therapeutic Modalities》是由Joyce Tombran-Tink、Colin J. Barnstable和M. Bruce Shields编辑、Humana Press于2008年出版的学术著作，属于“Ophthalmology Research”系列。本书聚焦青光眼的疾病机制与治疗方式，并题献给已故的Douglas H. Johnson博士。

在序言部分，作者回顾了20世纪青光眼领域的重大进展，包括Goldmann压平眼压计、视野计与视神经头影像分析等诊断技术，以及前列腺素类、β受体阻滞剂、肾上腺素能激动剂、碳酸酐酶抑制剂等药物和激光、滤过手术、引流植入物等治疗手段的发展。作者指出，尽管这些技术成就显著，但20世纪对青光眼最大的贡献并非某项具体技术，而是通过科学研究积累的知识，这些知识将成为未来理解青光眼机制与管理的基础。

书中节选内容还涉及视神经头星形胶质细胞的研究。正常状态下，星形胶质细胞为视神经轴突提供能量底物，维持细胞外pH和离子稳态，并表达水通道AQP4、骨形态发生蛋白、神经营养因子等。青光眼等损伤后，静止的星形胶质细胞转变为反应性表型，表现为细胞体增大、突起增粗、GFAP和波形蛋白表达增加，并表达多种细胞外基质蛋白、细胞因子和生长因子，在视神经头形成胶质瘢痕。文中还提及用于研究视神经头星形胶质细胞机械转导的细胞培养模型。

另一部分内容讨论新型青光眼引流装置。将房水引流至结膜穹窿等外眼表面的装置尚处初期阶段，临床数据极少。将引流管连接至泪囊或筛窦的手术采用特制Ahmed阀，在19例患者（多为人工角膜眼）中，随访1–31个月，14眼无需药物即可将眼压控制在低十几毫米汞柱，但亦有部分眼需取出阀体、加药或再次手术，未见眼内炎报告；另有将房水引流至额窦的装置在3只原发性青光眼犬中初步成功。

结论部分指出，当前青光眼手术的安全性和有效性尚不理想，具有不可预测性且缺乏可调性。所述新术式的共同优点是消除结膜滤过泡、无需赤道部巩膜板，从而避免巩膜外或结膜下纤维化及相关并发症，但多数结果仅见于会议摘要，缺乏同行评审文献和大规模多中心对照临床试验验证。","# Summary
《Mechanisms of the Glaucomas: Disease Processes and Therapeutic Modalities》是由Joyce Tombran-Tink、Colin J. Barnstable和M. Bruce Shields编辑、Humana Press于2008年出版的学术著作，属于“Ophthalmology Research”系列。本书聚焦青光眼的疾病机制与治疗方式，并题献给已故的Douglas H. Johnson博士。

在序言部分，作者回顾了20世纪青光眼领域的重大进展，包括Goldmann压平眼压计、视野计与视神经头影像分析等诊断技术，以及前列腺素类、β受体阻滞剂、肾上腺素能激动剂、碳酸酐酶抑制剂等药物和激光、滤过手术、引流植入物等治疗手段的发展。作者指出，尽管这些技术成就显著，但20世纪对青光眼最大的贡献并非某项具体技术，而是通过科学研究积累的知识，这些知识将成为未来理解青光眼机制与管理的基础。

书中节选内容还涉及视神经头星形胶质细胞的研究。正常状态下，星形胶质细胞为视神经轴突提供能量底物，维持细胞外pH和离子稳态，并表达水通道AQP4、骨形态发生蛋白、神经营养因子等。青光眼等损伤后，静止的星形胶质细胞转变为反应性表型，表现为细胞体增大、突起增粗、GFAP和波形蛋白表达增加，并表达多种细胞外基质蛋白、细胞因子和生长因子，在视神经头形成胶质瘢痕。文中还提及用于研究视神经头星形胶质细胞机械转导的细胞培养模型。

另一部分内容讨论新型青光眼引流装置。将房水引流至结膜穹窿等外眼表面的装置尚处初期阶段，临床数据极少。将引流管连接至泪囊或筛窦的手术采用特制Ahmed阀，在19例患者（多为人工角膜眼）中，随访1–31个月，14眼无需药物即可将眼压控制在低十几毫米汞柱，但亦有部分眼需取出阀体、加药或再次手术，未见眼内炎报告；另有将房水引流至额窦的装置在3只原发性青光眼犬中初步成功。

结论部分指出，当前青光眼手术的安全性和有效性尚不理想，具有不可预测性且缺乏可调性。所述新术式的共同优点是消除结膜滤过泡、无需赤道部巩膜板，从而避免巩膜外或结膜下纤维化及相关并发症，但多数结果仅见于会议摘要，缺乏同行评审文献和大规模多中心对照临床试验验证。",本书出版于2008年，是面向青光眼基础研究者、临床科研人员及眼科专业医师的机制与转化医学专著，重点解释青光眼疾病过程及治疗依据，而非单纯临床操作指南。全书涵盖流行病学与危险因素、开角型和闭角型青光眼的房水流出障碍、前房角与小梁网改变、假性剥脱综合征、巩膜上静脉压升高及瞳孔阻滞机制；进一步讨论遗传易感性及MYOC、CYP1B1、OPTN、WDR36、ApoE等基因，房水动力学、机械敏感基因、反应性星形胶质细胞、视网膜神经节细胞退变、蛋白质组学、眼内基因表达、眼组织生物力学、灌注压与视神经能量代谢。书中还介绍灵长类、鼠及离体视网膜神经节细胞青光眼模型，并系统评述药物治疗、氧化还原与神经保护、神经保护信号通路、选择性激光小梁成形术、切开滤过手术、房水引流装置及新型手术策略，同时涉及Goldmann压平眼压计、视野检查、房角镜和视神经乳头影像分析等诊断技术。
66,Moorfields Manual of Ophthalmology-Timothy L. Jackson 2007,normalized_exact,01-眼科综合：基础与全身病,09c593aa-1a64-48de-af81-fc4d30d551b4,10000,64091830-6d0a-4a0b-90b6-0d5d09dd8699,Moorfields Manual of Ophthalmology-Timothy L. Jackson 2007_weknora.mhtml,Moorfields Manual of Ophthalmology-Timothy L. Jackson 2007_weknora.mhtml,completed,0d202fa9-6bca-4714-b375-4b60e5ca1289,05b12215-67df-417d-8295-0b04be223fed,396,1128,a71070feddf5589cd4d4d4dd58699612c0f38fcd9600e5625b4633655978dd3f,该文档摘自《Moorfields 眼科学手册》（Moorfields Manual of Ophthalm,"# Summary
该文档摘自《Moorfields 眼科学手册》（Moorfields Manual of Ophthalm",本书出版于2007年，由Timothy L. Jackson主编，面向眼科医师、住院医师及处理眼病的验光师和全科医生，是结合高质量临床图像、检查方法、鉴别诊断、治疗算法与手术流程的眼科实用手册。全书按亚专科涵盖眼睑整形、泪道、眼眶、眼表与结膜、角膜、白内障手术、青光眼、葡萄膜炎、眼部肿瘤、医学视网膜、玻璃体视网膜手术、儿科、斜视及神经眼科等，并附转诊和基层处理指南。重点涉及眼睑内外翻、上睑下垂、泪溢、甲状腺眼病、角膜炎与圆锥角膜、干眼、角膜移植排斥及屈光激光；白内障生物测量、散光处理、局麻、复杂病例和并发症；青光眼眼压、房角镜、视盘、Humphrey视野、药物、滤过手术、引流植入和激光治疗；葡萄膜炎、感染及眼内炎；荧光素和吲哚青绿血管造影、自发荧光、电生理、视网膜激光，以及年龄相关性黄斑变性、糖尿病视网膜病变、血管阻塞、视网膜脱离、黄斑裂孔、早产儿视网膜病变、白瞳症、斜视和弱视等。
67,Muller Cells in the Healthy and Diseased Retina-Andreas Reichenbach 2010,normalized_exact,06-眼底病与视网膜内科,f900fe21-9deb-47e0-bf36-ce06022cae92,10000,f58abaae-0b53-4996-a560-0fdd78c69160,Muller Cells in the Healthy and Diseased Retina-Andreas Reichenbach 2010_weknora.mhtml,Muller Cells in the Healthy and Diseased Retina-Andreas Reichenbach 2010_weknora.mhtml,completed,a153c711-ad30-40fe-b487-0281bd2b1a15,333c0ca2-9a2d-4ce3-bb49-774fcf77917a,390,1114,6e62268302ae67c5da604222eb7ac367a7b9f7094ad864d6aa465f8dab6eb617,"米勒细胞（Müller cells）是脊椎动物视网膜中主要的宏胶质细胞，在视网膜的生理功能及病理反应中发挥着核心作用。尽管米勒细胞在神经系统细胞总数中占比极小，但它们在支持神经元功能、维持视网膜稳态及视觉适应方面具有高度的特异性和多功能性。

本文档的核心内容涵盖了以下几个关键点：

1.  **米勒细胞的多重功能**：作为视网膜中唯一的宏胶质细胞，米勒细胞承担了多种支持性任务，包括神经递质的回收（如谷氨酸循环）、光线传导、水盐平衡调节以及对视网膜神经元的营养支持。它们被视为一种“模型胶质细胞”，通过在多种矛盾功能之间建立平衡，优化了视网膜的视觉功能。
2.  **离子与渗透压稳态的调节**：米勒细胞通过Kir4.1钾离子通道和水通道蛋白-4（AQP4）调节视网膜的离子与水分分布。研究表明，这些蛋白的膜锚定与分布受到营养不良蛋白复合物（如Dp71）的调控。在发育过程中，Kir4.1和AQP4的表达是米勒细胞建立渗透压稳态的关键，其缺失会导致细胞在低渗环境下发生肿胀。
3.  **物种与区域异质性**：米勒细胞在不同物种及同一视网膜的不同区域表现出显著的异质性。例如，不同物种在受体表达（如GABA_A受体或P2X7受体）及形态结构上存在差异，这种多样性反映了米勒细胞对特定视网膜环境和视觉需求的适应性。
4.  **病理反应与再生潜力**：在视网膜损伤或疾病状态下，米勒细胞会发生“胶质增生”（gliosis），表现为基因表达的改变（如Kir4.1和AQP4的下调）及细胞周期的重新激活。理解这些细胞从正常生理状态切换至病理状态的机制，对于开发眼科疾病的治疗策略具有重要意义，特别是通过诱导米勒细胞表现出干细胞特性以实现组织修复的潜力。

综上所述，米勒细胞不仅是视网膜的结构支撑，更是维持视觉系统正常运作及应对病理挑战的关键调节者。其高度的适应性与功能多样性，使其成为当前神经科学与眼科学研究的重要焦点。","# Summary
米勒细胞（Müller cells）是脊椎动物视网膜中主要的宏胶质细胞，在视网膜的生理功能及病理反应中发挥着核心作用。尽管米勒细胞在神经系统细胞总数中占比极小，但它们在支持神经元功能、维持视网膜稳态及视觉适应方面具有高度的特异性和多功能性。

本文档的核心内容涵盖了以下几个关键点：

1.  **米勒细胞的多重功能**：作为视网膜中唯一的宏胶质细胞，米勒细胞承担了多种支持性任务，包括神经递质的回收（如谷氨酸循环）、光线传导、水盐平衡调节以及对视网膜神经元的营养支持。它们被视为一种“模型胶质细胞”，通过在多种矛盾功能之间建立平衡，优化了视网膜的视觉功能。
2.  **离子与渗透压稳态的调节**：米勒细胞通过Kir4.1钾离子通道和水通道蛋白-4（AQP4）调节视网膜的离子与水分分布。研究表明，这些蛋白的膜锚定与分布受到营养不良蛋白复合物（如Dp71）的调控。在发育过程中，Kir4.1和AQP4的表达是米勒细胞建立渗透压稳态的关键，其缺失会导致细胞在低渗环境下发生肿胀。
3.  **物种与区域异质性**：米勒细胞在不同物种及同一视网膜的不同区域表现出显著的异质性。例如，不同物种在受体表达（如GABA_A受体或P2X7受体）及形态结构上存在差异，这种多样性反映了米勒细胞对特定视网膜环境和视觉需求的适应性。
4.  **病理反应与再生潜力**：在视网膜损伤或疾病状态下，米勒细胞会发生“胶质增生”（gliosis），表现为基因表达的改变（如Kir4.1和AQP4的下调）及细胞周期的重新激活。理解这些细胞从正常生理状态切换至病理状态的机制，对于开发眼科疾病的治疗策略具有重要意义，特别是通过诱导米勒细胞表现出干细胞特性以实现组织修复的潜力。

综上所述，米勒细胞不仅是视网膜的结构支撑，更是维持视觉系统正常运作及应对病理挑战的关键调节者。其高度的适应性与功能多样性，使其成为当前神经科学与眼科学研究的重要焦点。",本书出版于2010年，是面向视网膜神经科学、神经胶质生物学、眼科学研究者及研究生的专业专著，系统阐释Müller细胞在健康与病变视网膜中的结构、发育和功能。内容涵盖胶质细胞与视网膜作为中枢神经系统组成部分的基础，Müller细胞形态、超微结构、标志物、细胞连接、视网膜柱状单元及中央凹适应；重点讨论其作为“光纤”传导光线、调控谷氨酸循环、钾离子与水稳态、能量和脂质代谢、光色素再循环及神经元—胶质信号交换的作用。病理部分介绍反应性胶质增生、神经保护、细胞增殖、成人视网膜祖细胞/干细胞潜能和免疫调节，并分析缺血再灌注损伤、视网膜脱离、增殖性视网膜病变、糖尿病视网膜病变、黄斑水肿、新生血管、光损伤、肝性视网膜病变、视网膜色素变性、青光眼和视网膜劈裂。书中还涉及免疫组织化学、GFAP/谷氨酰胺合成酶/CRALBP等标志物、活细胞染料、转基因荧光标记、双光子显微成像及电生理等技术。
68,"Neuroimaging in Ophthalmology-Michael C. Johnson, Bruno A. Policeni, Andrew G. Lee, Wendy R.K. Smoker 2011",normalized_exact,09-神经眼科,be1e44f1-985d-4445-b6a3-e60a0f43f85e,10000,a9d0b801-6b90-4bb6-9c33-613d5ca00bea,"Neuroimaging in Ophthalmology-Michael C. Johnson, Bruno A. Policeni, Andrew G. Lee, Wendy R.K. Smoker 2011_weknora.mhtml","Neuroimaging in Ophthalmology-Michael C. Johnson, Bruno A. Policeni, Andrew G. Lee, Wendy R.K. Smoker 2011_weknora.mhtml",completed,2fcc3a3c-51d9-4c00-9399-e35b33dd7530,c6f7ea28-1991-49a1-95a5-6a6d38443fcb,366,996,939c31fdd49e5dcb9426eca17853caa32f33efcb7ef8f4d61abc999afc049f09,"《眼科神经影像学》（第三版）旨在为眼科医生提供关于神经影像学检查的临床指导，重点阐述了计算机断层扫描（CT）和磁共振成像（MRI）在评估眼眶及神经眼科疾病中的应用。该书强调了临床医生与放射科医生之间有效沟通的重要性，主张通过明确的解剖定位、临床发现与影像学结果的紧密结合，以实现更精准的诊断。

本书的核心内容涵盖以下几个方面：

1.  **影像学基础与技术更新**：书中详细介绍了CT和MRI的基本物理原理、适应症及禁忌症。更新内容包括静脉对比剂的使用规范、血管成像技术（如CTA、MRA、CTV、MRV）的进展，以及特定的MRI序列（如脂肪抑制、FLAIR、DWI等）在临床诊断中的价值。
2.  **临床决策与检查选择**：针对视力丧失、瞳孔异常、眼球突出、复视及眼眶外伤等多种临床场景，书中提供了影像学检查的决策指南。虽然MRI在多数颅内神经眼科疾病中具有优势，但CT在评估急性出血、骨骼病变、眼眶外伤及甲状腺相关眼病方面仍不可替代。
3.  **临床与影像的关联**：通过丰富的病例图示（包括垂体腺瘤、颅咽管瘤、视神经胶质瘤及视神经鞘脑膜瘤等），展示了如何通过影像学特征进行鉴别诊断。书中特别强调，眼科医生在开具检查单时，必须提供详尽的临床信息和鉴别诊断思路，以确保放射科医生能够选择最优的扫描方案并给出准确的解读。
4.  **规范化诊疗流程**：本书旨在帮助眼科医生掌握神经影像学的基本框架，从基础物理原理到具体的病理影像表现，从而提高临床诊疗的效率与准确性，减少不必要的检查，并优化患者的诊疗路径。

总体而言，该专著是眼科医生在神经眼科领域进行影像学评估的重要参考工具，强调了技术理解与临床实践相结合的必要性。","# Summary
《眼科神经影像学》（第三版）旨在为眼科医生提供关于神经影像学检查的临床指导，重点阐述了计算机断层扫描（CT）和磁共振成像（MRI）在评估眼眶及神经眼科疾病中的应用。该书强调了临床医生与放射科医生之间有效沟通的重要性，主张通过明确的解剖定位、临床发现与影像学结果的紧密结合，以实现更精准的诊断。

本书的核心内容涵盖以下几个方面：

1.  **影像学基础与技术更新**：书中详细介绍了CT和MRI的基本物理原理、适应症及禁忌症。更新内容包括静脉对比剂的使用规范、血管成像技术（如CTA、MRA、CTV、MRV）的进展，以及特定的MRI序列（如脂肪抑制、FLAIR、DWI等）在临床诊断中的价值。
2.  **临床决策与检查选择**：针对视力丧失、瞳孔异常、眼球突出、复视及眼眶外伤等多种临床场景，书中提供了影像学检查的决策指南。虽然MRI在多数颅内神经眼科疾病中具有优势，但CT在评估急性出血、骨骼病变、眼眶外伤及甲状腺相关眼病方面仍不可替代。
3.  **临床与影像的关联**：通过丰富的病例图示（包括垂体腺瘤、颅咽管瘤、视神经胶质瘤及视神经鞘脑膜瘤等），展示了如何通过影像学特征进行鉴别诊断。书中特别强调，眼科医生在开具检查单时，必须提供详尽的临床信息和鉴别诊断思路，以确保放射科医生能够选择最优的扫描方案并给出准确的解读。
4.  **规范化诊疗流程**：本书旨在帮助眼科医生掌握神经影像学的基本框架，从基础物理原理到具体的病理影像表现，从而提高临床诊疗的效率与准确性，减少不必要的检查，并优化患者的诊疗路径。

总体而言，该专著是眼科医生在神经眼科领域进行影像学评估的重要参考工具，强调了技术理解与临床实践相结合的必要性。",本书出版于2011年，是面向眼科医师、神经眼科医师及影像科医师的眼眶与神经眼科影像学专著，重点讲解如何依据临床定位和鉴别诊断选择、开具并解读检查。全书框架包括MRI物理基础与T1/T2、TR/TE、增强、弥散加权（DWI）、灌注加权（PWI）、FLAIR、GRE、脂肪抑制及高分辨率三维成像；CT原理、窗位、轴位与多平面重建、增强、灌注CT及辐射剂量；MRA、CTA、MRV、CTV、磁共振波谱和功能MRI；以及影像技术选择、临床—影像对应和阅片方法。涉及视力丧失、视神经病变、视野缺损、瞳孔异常、眼球突出、复视、眼肌麻痹、眼睑异常、眼球震颤、视乳头水肿、视神经萎缩、甲状腺眼病、眼眶肿瘤、炎症/假瘤、蜂窝织炎、颈动脉海绵窦瘘、眼眶骨折及异物等，并讨论血管病变、急性卒中、出血、肿瘤鉴别、三维重建与栓塞线圈选择等临床和手术规划要点。
69,"Ocular Disease- Mechanisms and Management-Leonard A. Levin, Daniel M. Albert 2010",normalized_exact,01-眼科综合：基础与全身病,09c593aa-1a64-48de-af81-fc4d30d551b4,10000,c623e9da-6047-4f61-abcd-32628de93f4f,"Ocular Disease- Mechanisms and Management-Leonard A. Levin, Daniel M. Albert 2010_weknora.mhtml","Ocular Disease- Mechanisms and Management-Leonard A. Levin, Daniel M. Albert 2010_weknora.mhtml",completed,55c4b06c-717e-4b16-aa32-a7645ee45d19,5bfaf864-ea5a-4485-b33b-519299ddcd4b,449,1233,2891838f35fe1e65387c39fbe890cde2b99df6879018fcb20e0e3324fa15af5e,"《眼部疾病：机制与管理》（Ocular Disease: Mechanisms and Management）由 Leonard A. Levin 和 Daniel M. Albert 编写，是一部全面探讨眼科疾病病理机制与临床管理的专业学术著作。该书汇集了众多领域专家的研究成果，涵盖了从基础分子生物学到临床诊疗的广泛内容。

本书的核心内容包括以下几个方面：

1.  **视神经萎缩的病理与临床表现**：书中详细阐述了视神经萎缩的病理机制，指出这是视网膜神经节细胞或其轴突受损后，发生逆行性和顺行性（Wallerian）变性及细胞凋亡的不可逆过程。临床上，视神经萎缩表现为视盘苍白，需与视盘水肿、髓鞘神经纤维、视盘玻璃疣及视网膜色素变性等可能导致“假性萎缩”的病症进行鉴别。
2.  **视神经损伤的定位诊断**：通过视盘形态学的改变（如带状萎缩），临床医生可以定位病变位置。例如，带状萎缩通常与视交叉或视束的病变相关，而视盘的特定扇形萎缩则有助于判断颅内压迫性病变的位置。
3.  **血管性眼病与生长因子**：书中深入探讨了血管内皮生长因子（VEGF）在糖尿病视网膜病变、黄斑水肿及新生血管性年龄相关性黄斑变性（AMD）中的关键作用，并讨论了抗VEGF药物在抑制病理性血管生成中的临床应用。
4.  **眼部手术与组织修复**：针对青光眼滤过手术等术后伤口愈合过程，书中分析了细胞因子、趋化因子及细胞外基质在纤维化过程中的作用，并探讨了通过药物或手术技术改善预后的策略。
5.  **前沿技术与临床研究**：内容还涉及视觉假体的研究进展、血管生成拟态（Vasculogenic mimicry）在肿瘤病理中的表现，以及各类遗传性眼病、炎症性疾病（如Vogt-Koyanagi-Harada病）的诊疗规范。

本书强调了医学知识的动态变化性，建议临床医生在参考书中理论的同时，应结合患者个体情况及最新的药物说明书进行诊疗决策。该书不仅为眼科医生提供了深入的病理生理学分析，也为眼科临床实践提供了重要的参考依据。","# Summary
《眼部疾病：机制与管理》（Ocular Disease: Mechanisms and Management）由 Leonard A. Levin 和 Daniel M. Albert 编写，是一部全面探讨眼科疾病病理机制与临床管理的专业学术著作。该书汇集了众多领域专家的研究成果，涵盖了从基础分子生物学到临床诊疗的广泛内容。

本书的核心内容包括以下几个方面：

1.  **视神经萎缩的病理与临床表现**：书中详细阐述了视神经萎缩的病理机制，指出这是视网膜神经节细胞或其轴突受损后，发生逆行性和顺行性（Wallerian）变性及细胞凋亡的不可逆过程。临床上，视神经萎缩表现为视盘苍白，需与视盘水肿、髓鞘神经纤维、视盘玻璃疣及视网膜色素变性等可能导致“假性萎缩”的病症进行鉴别。
2.  **视神经损伤的定位诊断**：通过视盘形态学的改变（如带状萎缩），临床医生可以定位病变位置。例如，带状萎缩通常与视交叉或视束的病变相关，而视盘的特定扇形萎缩则有助于判断颅内压迫性病变的位置。
3.  **血管性眼病与生长因子**：书中深入探讨了血管内皮生长因子（VEGF）在糖尿病视网膜病变、黄斑水肿及新生血管性年龄相关性黄斑变性（AMD）中的关键作用，并讨论了抗VEGF药物在抑制病理性血管生成中的临床应用。
4.  **眼部手术与组织修复**：针对青光眼滤过手术等术后伤口愈合过程，书中分析了细胞因子、趋化因子及细胞外基质在纤维化过程中的作用，并探讨了通过药物或手术技术改善预后的策略。
5.  **前沿技术与临床研究**：内容还涉及视觉假体的研究进展、血管生成拟态（Vasculogenic mimicry）在肿瘤病理中的表现，以及各类遗传性眼病、炎症性疾病（如Vogt-Koyanagi-Harada病）的诊疗规范。

本书强调了医学知识的动态变化性，建议临床医生在参考书中理论的同时，应结合患者个体情况及最新的药物说明书进行诊疗决策。该书不仅为眼科医生提供了深入的病理生理学分析，也为眼科临床实践提供了重要的参考依据。",本书为2010年出版的眼科学临床转化型参考书，是《Adler’s Physiology of the Eye》的医学 companion，面向眼科医师、住院医师、视光与视觉科学研究者，强调从遗传、分子、细胞和病理生理机制理解诊断与治疗。内容涵盖角膜及眼表疾病（角膜营养不良、圆锥角膜、感染性角膜炎、移植排斥、干眼、过敏、血管与淋巴管生成）、青光眼（房水流出、眼压性视神经损伤、色素播散、假性剥脱及手术创伤修复）、白内障与调节障碍；还涉及视神经炎、缺血性视神经病变、视神经萎缩、眼球运动、颅内压、眼内肿瘤、遗传性视网膜母细胞瘤、近视、甲状腺眼病、弱视、斜视及遗传性眼病。后半部分重点讨论视网膜血管阻塞、糖尿病视网膜病变、黄斑水肿、年龄相关性黄斑变性、视网膜脱离、早产儿视网膜病变、视网膜色素变性、葡萄膜炎、巩膜炎和眼部感染。关键词包括裂隙灯、角膜内皮镜、共焦显微镜、角膜厚度测量、OCT、荧光素眼底血管造影、视野检查、LASIK、PRK、角膜移植、激光、玻璃体切除、抗VEGF、基因治疗与干细胞再生。
70,Ocular Pathology-Myron Yanoff 2009,normalized_exact,01-眼科综合：基础与全身病,09c593aa-1a64-48de-af81-fc4d30d551b4,10000,f61c77ef-f115-459f-9cac-5edad4fea206,Ocular Pathology-Myron Yanoff 2009_weknora.mhtml,Ocular Pathology-Myron Yanoff 2009_weknora.mhtml,completed,bdc1fb6f-ee05-4866-b2bc-3c45468e75a3,6550640e-df82-4802-b483-246d56c3b006,388,1097,58569956e72c7a41748ed91043266c350a0a7e144e2174897d2d3c617ac6be08,"该文档为病理学相关眼科内容的节选，主要涵盖三部分核心内容。

第一部分关于炎症的基本原理。炎症是组织对有害刺激的反应，刺激可为感染性或非感染性，反应可为局部或全身性。非感染性病因包括外源性因素（如眼部物理损伤、化学伤、过敏反应）和内源性因素（如细胞免疫介导的炎症、邻近结构蔓延、血源性播散及原因不明的疾病），感染性病因包括病毒、立克次体、细菌、真菌和寄生虫。急性炎症期具有红、热、肿、痛及功能丧失五大体征，其发生与组胺、激肽、纤溶酶、补体系统、前列腺素等化学介质相关。补体可通过经典途径和替代途径激活，发挥促组胺释放、调理吞噬、趋化中性粒细胞及裂解细菌等功能。文档还介绍了主要组织相容性复合体（人类白细胞抗原系统）及其与眼病的关系，例如HLA-B27与急性前葡萄膜炎、强直性脊柱炎和赖特综合征相关，HLA-B5与白塞病相关。此外，细胞因子、肿瘤坏死因子配体家族等非特异性可溶性介质也参与炎症与免疫应答调控。损伤后小动脉先短暂收缩，随后扩张、血流增加，白细胞发生边集和游出，并通过细胞间或细胞内途径穿越血管内皮。

第二部分为剥脱综合征（PEX综合征）。该病早期体征为Sampaolesi线，约50%以上患者为双眼受累，单眼患者10年内对侧眼受累概率约38%。约8%患者合并青光眼（囊膜性青光眼），约12%存在高眼压。PEX眼5年和10年眼压升高的累积概率分别约为5%和15%。剥脱物质沉积于虹膜后表面、晶状体悬韧带和睫状上皮，可限制虹膜扩张，并导致虹膜色素上皮变性及前房角色素沉着。青光眼病因尚不明确，可能与PEX物质或色素在小梁网中沉积、阻塞房水流出有关，其严重程度可能与小梁网中部PEX物质的量相关。

第三部分为可模拟视网膜母细胞瘤的病变列表。文档列举了多种需与视网膜母细胞瘤鉴别的疾病，包括内源性眼内炎、先天性神经视网膜不附着、继发性视网膜脱离、少年性视网膜劈裂、髓上皮瘤、视网膜黑色素性神经外胚层肿瘤、先天性白内障所致的白瞳症、孤立性大视网膜星形细胞瘤、眼内异位脑组织、骨质疏松假神经胶质瘤综合征及炎症性假瘤等。在视网膜或脉络膜视网膜局灶性小病变方面，需鉴别的包括视网膜错构瘤、有髓神经纤维、脉络膜缺损、视网膜脉络膜炎、Coats病、犬弓蛔虫幼虫肉芽肿、脉络膜炎或急性渗出性视网膜炎、von Hippel-Lindau血管瘤病及视网膜色素上皮增生性病变。","# Summary
该文档为病理学相关眼科内容的节选，主要涵盖三部分核心内容。

第一部分关于炎症的基本原理。炎症是组织对有害刺激的反应，刺激可为感染性或非感染性，反应可为局部或全身性。非感染性病因包括外源性因素（如眼部物理损伤、化学伤、过敏反应）和内源性因素（如细胞免疫介导的炎症、邻近结构蔓延、血源性播散及原因不明的疾病），感染性病因包括病毒、立克次体、细菌、真菌和寄生虫。急性炎症期具有红、热、肿、痛及功能丧失五大体征，其发生与组胺、激肽、纤溶酶、补体系统、前列腺素等化学介质相关。补体可通过经典途径和替代途径激活，发挥促组胺释放、调理吞噬、趋化中性粒细胞及裂解细菌等功能。文档还介绍了主要组织相容性复合体（人类白细胞抗原系统）及其与眼病的关系，例如HLA-B27与急性前葡萄膜炎、强直性脊柱炎和赖特综合征相关，HLA-B5与白塞病相关。此外，细胞因子、肿瘤坏死因子配体家族等非特异性可溶性介质也参与炎症与免疫应答调控。损伤后小动脉先短暂收缩，随后扩张、血流增加，白细胞发生边集和游出，并通过细胞间或细胞内途径穿越血管内皮。

第二部分为剥脱综合征（PEX综合征）。该病早期体征为Sampaolesi线，约50%以上患者为双眼受累，单眼患者10年内对侧眼受累概率约38%。约8%患者合并青光眼（囊膜性青光眼），约12%存在高眼压。PEX眼5年和10年眼压升高的累积概率分别约为5%和15%。剥脱物质沉积于虹膜后表面、晶状体悬韧带和睫状上皮，可限制虹膜扩张，并导致虹膜色素上皮变性及前房角色素沉着。青光眼病因尚不明确，可能与PEX物质或色素在小梁网中沉积、阻塞房水流出有关，其严重程度可能与小梁网中部PEX物质的量相关。

第三部分为可模拟视网膜母细胞瘤的病变列表。文档列举了多种需与视网膜母细胞瘤鉴别的疾病，包括内源性眼内炎、先天性神经视网膜不附着、继发性视网膜脱离、少年性视网膜劈裂、髓上皮瘤、视网膜黑色素性神经外胚层肿瘤、先天性白内障所致的白瞳症、孤立性大视网膜星形细胞瘤、眼内异位脑组织、骨质疏松假神经胶质瘤综合征及炎症性假瘤等。在视网膜或脉络膜视网膜局灶性小病变方面，需鉴别的包括视网膜错构瘤、有髓神经纤维、脉络膜缺损、视网膜脉络膜炎、Coats病、犬弓蛔虫幼虫肉芽肿、脉络膜炎或急性渗出性视网膜炎、von Hippel-Lindau血管瘤病及视网膜色素上皮增生性病变。",本书出版于2009年，是面向眼科医师、眼病理学人员及相关医学学习者的眼部病理学专著，系统结合临床表现、组织学与疾病机制。内容涵盖病理学基础、炎症与免疫、细胞和组织反应、先天异常及遗传综合征，非肉芽肿性与肉芽肿性葡萄膜炎、眼内炎、全眼球炎及其后遗症，手术和非手术性眼外伤；并按皮肤与泪道、囊肿及假性肿瘤/肿瘤、角膜与巩膜、神经感觉视网膜、全身病相关眼外肌、糖尿病、眼部黑色素细胞肿瘤、视网膜母细胞瘤与假性视网膜母细胞瘤等展开。重点涉及VHL病、Sturge-Weber综合征、神经纤维瘤病、结节性硬化、先天风疹、梅毒、弓形虫病、巨细胞病毒、结节病、交感性眼炎、Behçet病及白瞳症鉴别。书中强调光镜、电子显微镜、免疫组化、特殊染色、活检、荧光素血管造影，以及超声、MRI、CT等检查，并讨论白内障手术、青光眼手术、玻璃体切除、角膜移植、YAG激光、眼球摘除等治疗与手术并发症。
71,Ocular Periphery and Disorders-Dartt et al. 2011,normalized_exact,02-角膜与眼表,f041b2b7-3147-4deb-a2f2-0de5cc53d296,10000,b10d7ac6-7797-4ba8-86af-2b48f4777872,Ocular Periphery and Disorders-Dartt et al. 2011_weknora.mhtml,Ocular Periphery and Disorders-Dartt et al. 2011_weknora.mhtml,completed,69febc82-6808-40af-90d8-1f2cded963c9,b7ba0e4a-5174-4c5a-8759-cf2a9c8cfe42,343,985,64eb2af355980fde1b34379e97b23e031403e84b9da69484063382500c3e99e4,"本书《眼周及相关疾病》（*Ocular Periphery and Disorders*）旨在全面探讨眼周组织在健康状态下的生理功能及其在病理状态下的机制。眼周组织包括眼睑、泪膜、角膜、结膜及眼外肌，它们共同构成了保护眼球免受外部环境威胁（如机械、热、化学及病原体侵害）的第一道防线，并维持视觉系统的清晰度。

本书核心内容涵盖以下四个主要方面：

1.  **眼外肌与眼睑系统**：探讨了眼睑的解剖结构、眨眼机制及其神经控制。眨眼不仅能通过泪膜维持角膜湿润，还能清除眼表异物，是保护角膜的关键生理过程。书中详细分析了眼外肌的代谢特征及相关疾病，强调了这些肌肉在维持双眼视觉中的重要性。
2.  **泪膜与眼表上皮**：详细阐述了泪膜的复杂成分及其分泌机制（涉及睑板腺、泪腺和结膜），并分析了角膜与结膜的结构功能。这些组织通过协调机制维持角膜透明度，并应对环境挑战。
3.  **免疫调节与角膜修复**：重点介绍了角膜独特的免疫与血管特权，以及在炎症、干眼症和感染性疾病中的病理反应。书中探讨了角膜伤口愈合的分子机制，特别是转化生长因子（TGF-β）在纤维化修复中的作用，并评估了包括药物治疗、基因疗法及抗纤维化策略在内的前沿修复手段。
4.  **视觉功能与屈光障碍**：讨论了角膜形态改变对视觉轴的影响，并特别关注了远视（Hyperopia）及其与弱视、斜视的关联。书中强调了儿童早期筛查和干预对于预防永久性视力丧失及促进发育的重要性。

本书通过多学科视角，整合了从基础解剖到临床诊断的知识，旨在为眼科研究人员、研究生及相关领域的科学家提供权威的参考资料，以促进对眼周疾病病理生理学的深入理解。","# Summary
本书《眼周及相关疾病》（*Ocular Periphery and Disorders*）旨在全面探讨眼周组织在健康状态下的生理功能及其在病理状态下的机制。眼周组织包括眼睑、泪膜、角膜、结膜及眼外肌，它们共同构成了保护眼球免受外部环境威胁（如机械、热、化学及病原体侵害）的第一道防线，并维持视觉系统的清晰度。

本书核心内容涵盖以下四个主要方面：

1.  **眼外肌与眼睑系统**：探讨了眼睑的解剖结构、眨眼机制及其神经控制。眨眼不仅能通过泪膜维持角膜湿润，还能清除眼表异物，是保护角膜的关键生理过程。书中详细分析了眼外肌的代谢特征及相关疾病，强调了这些肌肉在维持双眼视觉中的重要性。
2.  **泪膜与眼表上皮**：详细阐述了泪膜的复杂成分及其分泌机制（涉及睑板腺、泪腺和结膜），并分析了角膜与结膜的结构功能。这些组织通过协调机制维持角膜透明度，并应对环境挑战。
3.  **免疫调节与角膜修复**：重点介绍了角膜独特的免疫与血管特权，以及在炎症、干眼症和感染性疾病中的病理反应。书中探讨了角膜伤口愈合的分子机制，特别是转化生长因子（TGF-β）在纤维化修复中的作用，并评估了包括药物治疗、基因疗法及抗纤维化策略在内的前沿修复手段。
4.  **视觉功能与屈光障碍**：讨论了角膜形态改变对视觉轴的影响，并特别关注了远视（Hyperopia）及其与弱视、斜视的关联。书中强调了儿童早期筛查和干预对于预防永久性视力丧失及促进发育的重要性。

本书通过多学科视角，整合了从基础解剖到临床诊断的知识，旨在为眼科研究人员、研究生及相关领域的科学家提供权威的参考资料，以促进对眼周疾病病理生理学的深入理解。",2011年出版的眼科学综合参考书，面向眼科及视觉科学研究者、研究生、博士后和相关课程教学，兼顾入门与专题研究。全书围绕眼球周边组织的正常结构、功能及疾病病理，分为四部分：眼外肌与眼睑的解剖、代谢、发育、运动控制及病理生理；泪膜、睑板腺、泪腺、结膜和角膜的屏障、分泌、修复与疾病；角膜和结膜的黏膜免疫、免疫豁免、炎症、感染及血管生成；角膜形态异常与视觉 acuity，包括瞳孔、对比敏感度、散光、近视、远视和弱视。内容涉及干眼、睑痉挛、半面痉挛、HSV、假单胞菌、棘阿米巴及真菌性角膜炎、过敏性结膜炎、角膜营养不良和瘢痕等。关键词包括眼外肌功能评估、泪膜与黏蛋白、角膜神经、干细胞、角膜影像与临床成像、PET/fMRI、屈光手术、角膜移植、人工角膜、药物递送、基因治疗及面神经显微减压术。
72,Oculoplastic Surgery-Long 2009,normalized_exact,11-整形与泪道,bdde98f8-4f6b-4b3f-89a4-3cee7f5133b4,10000,530a0fdd-6b52-4250-82b5-83f166086be3,Oculoplastic Surgery-Long 2009_weknora.mhtml,Oculoplastic Surgery-Long 2009_weknora.mhtml,completed,013f2d1f-d13e-4fb6-9057-6d55272b291b,2dc2ee79-239a-4e56-8cfe-d7a2d0e87ac3,383,1064,da96a40c470a0f9655ac1eb140a46747f0202eda4601f8e79fad9960f095d464,"本文件为眼科手术学专著《眼整形外科》（Oculoplastic Surgery）的节选，由John A. Long主编，内容涵盖三项眼睑及眼眶手术技术及其相关要点。

**一、睑内翻矫正术（Entropion Repair）**

文件首先介绍了睑内翻的定义与分型：睑内翻是眼睑缘向内旋转的睑缘位置异常，睫毛摩擦角膜导致疼痛和眼部刺激，分为先天性、痉挛性、退行性和瘢痕性四类。其中退行性睑内翻最常见，发病率随年龄增长而增加。其四大病因包括：水平眼睑松弛（由内、外眦肌腱延长所致）、下睑缩肌断裂、眼轮匝肌痉挛（可通过“挤压试验”demonstrated）以及眼球内陷（眶容积随年龄丢失所致）。文件强调，现代矫正手术须同时修复多种病因（水平眼睑松弛、断裂的下睑缩肌及上移的眼轮匝肌），以提高远期成功率。手术步骤依次为：局部麻醉（2%利多卡因与肾上腺素、Wydase及碳酸氢钠混合液经结膜注射）、睫毛下切口设计并延伸至外眦、皮下剥离至眶隔平面、切除部分眶隔暴露眶脂肪、辨认断裂的下睑缩肌（嘱患者上下注视以助识别）、通过外眦腱缩短矫正水平松弛，并将下睑缩肌重新固定于睑板下缘。临床要点提示：过度收紧眼睑或过度前徙下睑缩肌可导致下睑退缩，这是睑内翻手术的主要并发症。

**二、眼球摘除术（Evisceration）相关步骤**

该节段描述了眼内容物剜出术的操作流程：用剜出匙伸入巩膜下腔（subuveal space）将葡萄膜与巩膜分离并取出眼内容物；在视神经颞侧切开后部巩膜并延长切口，剪断视神经；随后制备20 mm生物可整合眼眶植入体——将其置入装有0.75%布比卡因（Marcaine）的注射器中，通过负压使药液置换植入体孔隙内的空气，再以塑料填塞器植入。临床要点包括：葡萄膜在睫状突、涡静脉及视神经乳头处与巩膜粘连紧密，需注意分离；如需植入较大植入体，可在内外侧角巩膜缘做3–4 mm的松弛性切口。

**三、金质眼睑植入物（Gold Weight Implantation）**

该节段阐述为眼睑负载金质重量的手术：先用Westcott剪在睑板前表面制备容纳金片的“口袋”（避免广泛剥离以防植入物移位）；通常选用1.0或1.2克金片，患者坐位下试戴不同重量以确定最佳尺寸——理想重量应在睁眼时产生约1 mm的上睑下垂、闭眼时完全闭合；以5-0 Dexon缝线穿过金片预置孔固定于睑板上缘，眼轮匝肌分层缝合，皮肤以6-0 prolene不可吸收缝线关闭以防细菌沿缝道接触金片。并发症包括感染（须取出植入物，抗生素无效）、排出、移位（需手术调整）、过重所致上睑下垂（需更换更轻植入物）及薄睑患者可见局部隆起；若面神经麻痹（Bell’s palsy）自行恢复，则取出金片。该手术可显著改善眼表暴露症状，患者耐受性良好。","# Summary
本文件为眼科手术学专著《眼整形外科》（Oculoplastic Surgery）的节选，由John A. Long主编，内容涵盖三项眼睑及眼眶手术技术及其相关要点。

**一、睑内翻矫正术（Entropion Repair）**

文件首先介绍了睑内翻的定义与分型：睑内翻是眼睑缘向内旋转的睑缘位置异常，睫毛摩擦角膜导致疼痛和眼部刺激，分为先天性、痉挛性、退行性和瘢痕性四类。其中退行性睑内翻最常见，发病率随年龄增长而增加。其四大病因包括：水平眼睑松弛（由内、外眦肌腱延长所致）、下睑缩肌断裂、眼轮匝肌痉挛（可通过“挤压试验”demonstrated）以及眼球内陷（眶容积随年龄丢失所致）。文件强调，现代矫正手术须同时修复多种病因（水平眼睑松弛、断裂的下睑缩肌及上移的眼轮匝肌），以提高远期成功率。手术步骤依次为：局部麻醉（2%利多卡因与肾上腺素、Wydase及碳酸氢钠混合液经结膜注射）、睫毛下切口设计并延伸至外眦、皮下剥离至眶隔平面、切除部分眶隔暴露眶脂肪、辨认断裂的下睑缩肌（嘱患者上下注视以助识别）、通过外眦腱缩短矫正水平松弛，并将下睑缩肌重新固定于睑板下缘。临床要点提示：过度收紧眼睑或过度前徙下睑缩肌可导致下睑退缩，这是睑内翻手术的主要并发症。

**二、眼球摘除术（Evisceration）相关步骤**

该节段描述了眼内容物剜出术的操作流程：用剜出匙伸入巩膜下腔（subuveal space）将葡萄膜与巩膜分离并取出眼内容物；在视神经颞侧切开后部巩膜并延长切口，剪断视神经；随后制备20 mm生物可整合眼眶植入体——将其置入装有0.75%布比卡因（Marcaine）的注射器中，通过负压使药液置换植入体孔隙内的空气，再以塑料填塞器植入。临床要点包括：葡萄膜在睫状突、涡静脉及视神经乳头处与巩膜粘连紧密，需注意分离；如需植入较大植入体，可在内外侧角巩膜缘做3–4 mm的松弛性切口。

**三、金质眼睑植入物（Gold Weight Implantation）**

该节段阐述为眼睑负载金质重量的手术：先用Westcott剪在睑板前表面制备容纳金片的“口袋”（避免广泛剥离以防植入物移位）；通常选用1.0或1.2克金片，患者坐位下试戴不同重量以确定最佳尺寸——理想重量应在睁眼时产生约1 mm的上睑下垂、闭眼时完全闭合；以5-0 Dexon缝线穿过金片预置孔固定于睑板上缘，眼轮匝肌分层缝合，皮肤以6-0 prolene不可吸收缝线关闭以防细菌沿缝道接触金片。并发症包括感染（须取出植入物，抗生素无效）、排出、移位（需手术调整）、过重所致上睑下垂（需更换更轻植入物）及薄睑患者可见局部隆起；若面神经麻痹（Bell’s palsy）自行恢复，则取出金片。该手术可显著改善眼表暴露症状，患者耐受性良好。",本书出版于2009年。本书属于眼整形外科手术技术专著，面向眼整形、眼眶及泪道疾病的眼科医师与外科培训者。内容涵盖眼睑内翻、外翻、上睑下垂及上下睑退缩，泪小管裂伤、鼻泪管阻塞与泪囊鼻腔吻合术，眼睑成形、睑缘重建、滑行颞侧皮瓣、皮肤移植、Cutler-Beard及Hughes瓣；并介绍睑板腺囊肿切开刮除、倒睫/双行睫冷冻与前层板切除、眼球内容剜除和眼球摘除、眶底爆裂骨折修复、甲状腺眼病眶减压、松弛眼睑综合征、颞动脉活检、无眼球眶容积增加、眉提升及面神经麻痹金片植入。重点涉及裂隙灯检查、挤压试验、回弹试验、提上睑肌功能评估、眼球超声、眶隔与提上睑肌腱膜解剖，以及局部麻醉、睑板固定、外眦缩短、提上睑肌前徙/切除、Müller肌切除、额肌悬吊、Jones管置入、硬腭移植物和AlloDerm等技术，并讨论暴露性角膜病变、睑球粘连、复视、植入物移位及术后睑退缩等并发症。
73,Oculoplastics and Orbit-Guthoff、Katowitz 2010,normalized_exact,11-整形与泪道,bdde98f8-4f6b-4b3f-89a4-3cee7f5133b4,10000,5ddb4053-9a11-4538-977b-80ed4c0bce28,Oculoplastics and Orbit-Guthoff、Katowitz 2010_weknora.mhtml,Oculoplastics and Orbit-Guthoff、Katowitz 2010_weknora.mhtml,completed,b5897635-eb3c-460e-88d0-031453cc7409,8c62a0ba-1b1e-40fc-871d-3dcdeb454224,420,1105,0722c9bc15c9caf4bca43707fb1a27335eae4319abf39132b42284a9f8c04292,"本书《眼整形与眼眶：21世纪眼眶面部整形问题的解决之道》（Oculoplastics and Orbit: Aesthetic and Functional Oculofacial Plastic Problem-Solving in the 21st Century）汇集了眼整形与眼眶外科领域的最新临床进展与创新技术。该书旨在通过探讨美容与功能性手术的复杂问题，为眼科医生提供实用的临床指导。

书中涵盖的核心内容包括：

1. **眼附属器淋巴增殖性疾病（OALD）**：淋巴瘤是眼眶最常见的恶性肿瘤，其中黏膜相关淋巴组织（MALT）淋巴瘤最为多见。随着分子遗传学技术（如PCR和FISH）的进步，临床诊断的准确性与速度显著提升。治疗手段已从单纯的放射治疗转向包括免疫治疗和放射免疫治疗在内的综合管理，旨在提高患者的生存率与生活质量。

2. **上睑下垂的矫正与提上睑肌后退术**：针对复杂性上睑下垂，书中详细介绍了提上睑肌后退术的原则与技术。手术成功的关键在于评估患者是否存在弱视、眼球偏斜以及是否符合赫林氏定律（Hering’s law）下的双侧额肌支配模式。通过经皮入路进行高位提上睑肌后退，可以在保持结膜与穹窿完整的同时，有效改善眼睑位置。

3. **软组织填充剂的应用**：软组织填充剂在眼眶及眶周容量缺失的治疗中日益重要。其应用范围已从美容扩展至治疗轻度瘢痕性睑外翻等功能性问题。填充剂具有生物相容性好、微创、可逆及易于调整等优势，虽然目前多为超说明书使用，但其在纠正眶周不对称和轮廓异常方面展现出极高的患者满意度。

4. **临床决策与技术演进**：全书强调了从单纯的经验性治疗向基于病理生理学和分子诊断的精准治疗转型。无论是针对恶性肿瘤的靶向治疗，还是针对眼睑位置异常的微创干预，现代眼整形外科正趋向于更安全、更具针对性的个性化诊疗方案。

该书通过对上述领域的深入剖析，为眼科医生处理复杂眼眶面部问题提供了前沿的理论基础与操作指南。","# Summary
本书《眼整形与眼眶：21世纪眼眶面部整形问题的解决之道》（Oculoplastics and Orbit: Aesthetic and Functional Oculofacial Plastic Problem-Solving in the 21st Century）汇集了眼整形与眼眶外科领域的最新临床进展与创新技术。该书旨在通过探讨美容与功能性手术的复杂问题，为眼科医生提供实用的临床指导。

书中涵盖的核心内容包括：

1. **眼附属器淋巴增殖性疾病（OALD）**：淋巴瘤是眼眶最常见的恶性肿瘤，其中黏膜相关淋巴组织（MALT）淋巴瘤最为多见。随着分子遗传学技术（如PCR和FISH）的进步，临床诊断的准确性与速度显著提升。治疗手段已从单纯的放射治疗转向包括免疫治疗和放射免疫治疗在内的综合管理，旨在提高患者的生存率与生活质量。

2. **上睑下垂的矫正与提上睑肌后退术**：针对复杂性上睑下垂，书中详细介绍了提上睑肌后退术的原则与技术。手术成功的关键在于评估患者是否存在弱视、眼球偏斜以及是否符合赫林氏定律（Hering’s law）下的双侧额肌支配模式。通过经皮入路进行高位提上睑肌后退，可以在保持结膜与穹窿完整的同时，有效改善眼睑位置。

3. **软组织填充剂的应用**：软组织填充剂在眼眶及眶周容量缺失的治疗中日益重要。其应用范围已从美容扩展至治疗轻度瘢痕性睑外翻等功能性问题。填充剂具有生物相容性好、微创、可逆及易于调整等优势，虽然目前多为超说明书使用，但其在纠正眶周不对称和轮廓异常方面展现出极高的患者满意度。

4. **临床决策与技术演进**：全书强调了从单纯的经验性治疗向基于病理生理学和分子诊断的精准治疗转型。无论是针对恶性肿瘤的靶向治疗，还是针对眼睑位置异常的微创干预，现代眼整形外科正趋向于更安全、更具针对性的个性化诊疗方案。

该书通过对上述领域的深入剖析，为眼科医生处理复杂眼眶面部问题提供了前沿的理论基础与操作指南。",本书出版于2010年，是《Essentials in Ophthalmology》系列面向综合眼科医师及眼整形、眼眶亚专科医师的临床更新读物，兼顾美容与功能性眼眶眼睑手术。内容涵盖眼附属器淋巴增殖性疾病的病理、细胞遗传学、CT/MRI、PET分期及放疗、化疗、利妥昔单抗和放射免疫治疗；内窥镜提眉、上下睑成形、填充剂和中面部提升；特发性眼眶炎症、泪小管炎症与阻塞、泪道疾病及DCR、逆行泪小管造口和Jones旁路管；NF1相关神经纤维瘤、视路胶质瘤和恶性周围神经鞘瘤；先天性无眼球/小眼球及脑MRI、鼻泪管异常；复杂单侧上睑下垂的提上睑肌后退、额肌悬吊及阔筋膜移植。另系统讨论眼眶影像学（CT、三维成像、MRI、弥散MRI、超声）、眶周蜂窝织炎及MRSA、毛细血管瘤的血管造影与激素、干扰素、长春新碱、激光、栓塞、手术和β受体阻滞剂治疗，转移性眼眶肿瘤、靶向药物、眼球摘除术与植入物包裹/固定/钉 pegging，以及眼眶和眶周软组织填充。
74,Ophthalmic Lenses-Ajay Kumar Bhootra 2009,normalized_exact,04-屈光与视光：近视、接触镜与低视力,c73385b9-c154-4103-a93e-2d4c31f2423a,10000,9f3e7028-a659-40e6-864f-e31db7bea3c9,Ophthalmic Lenses-Ajay Kumar Bhootra 2009_weknora.mhtml,Ophthalmic Lenses-Ajay Kumar Bhootra 2009_weknora.mhtml,completed,80a564c4-e4cd-4d8f-8ae0-7da52d38db97,d1934a3c-aee0-442c-a5c2-b453c4d48f83,347,1031,fc7182d726fd2733f7f37c4b50d418da5c9217088111c43e25bdf94bafb5fe70,"《眼用镜片》(Ophthalmic Lenses) 是由印度加尔各答验光师兼义眼师阿贾伊·库马尔·布特拉（Ajay Kumar Bhootra）撰写、Jaypee Brothers Medical Publishers于2009年出版的专著。作者在序言中指出，发达国家对新镜片设计和新材料接受迅速，而发展中国家（尤其是低收入群体）往往希望以最经济价格获得最佳产品，因此有必要深入了解镜片技术及其应用。本书基于作者22年眼镜验配经验编写，旨在弥补该领域书籍的不足，面向验光专业学生，同时适用于眼科医生、验光师、镜片制造商等相关从业者。书中照片、图表及设计理念得到了全球领先镜片制造商依视路（Essilor）的支持。

在基础光学原理部分，书中阐述了镜片理论基于几何光学定律：光沿直线传播，遇界面后被吸收、透射或反射；反射定律指出入射光线、反射光线与法线位于同一平面。

关于非球面镜片，书中重点介绍了无晶状体眼（白内障术后）的矫正。早期的白内障镜片多采用透镜设计，中央孔径包含光学矫正度数，周围为低度数或无边度的支撑区，但孔径与边缘间的分界线会造成环形暗点。1970年代引入非球面镜片后，分界线被融合；随着CNC磨削技术问世，可制造多项式凸面，使镜片兼具良好光学性能与美观性，并消除环形暗点。如今人工晶体植入已基本取代此类镜片。测量非球面镜片光度时，需通过焦度计对准几何中心区域，该区域才能保证100%的验配度数。

书中还介绍了增强近用视力镜片，适用于使用电脑的老视患者，可兼顾近视力和中距离视力，通常按单眼近用瞳距验配，装配位置在瞳孔中心下方3至5毫米（多与镜架基准线对应）。此外，复曲面非球面（atoric）镜片以非精确圆环曲面替代球面设计，可为散光处方两个主子午线提供不同偏心率，较传统最佳形态镜片拥有更宽广的清晰视野，尤其适合高柱镜度数。

最后，总结指出过去十年镜片行业在设计及镀膜方面发展迅猛，理想镜片应具备高折射率、低色散、不易破碎或刮花、低密度、非球面设计、可制成多种多焦点形式、易于染色和镀减反射膜，并兼顾患者的经济性与从业者的利润空间。","# Summary
《眼用镜片》(Ophthalmic Lenses) 是由印度加尔各答验光师兼义眼师阿贾伊·库马尔·布特拉（Ajay Kumar Bhootra）撰写、Jaypee Brothers Medical Publishers于2009年出版的专著。作者在序言中指出，发达国家对新镜片设计和新材料接受迅速，而发展中国家（尤其是低收入群体）往往希望以最经济价格获得最佳产品，因此有必要深入了解镜片技术及其应用。本书基于作者22年眼镜验配经验编写，旨在弥补该领域书籍的不足，面向验光专业学生，同时适用于眼科医生、验光师、镜片制造商等相关从业者。书中照片、图表及设计理念得到了全球领先镜片制造商依视路（Essilor）的支持。

在基础光学原理部分，书中阐述了镜片理论基于几何光学定律：光沿直线传播，遇界面后被吸收、透射或反射；反射定律指出入射光线、反射光线与法线位于同一平面。

关于非球面镜片，书中重点介绍了无晶状体眼（白内障术后）的矫正。早期的白内障镜片多采用透镜设计，中央孔径包含光学矫正度数，周围为低度数或无边度的支撑区，但孔径与边缘间的分界线会造成环形暗点。1970年代引入非球面镜片后，分界线被融合；随着CNC磨削技术问世，可制造多项式凸面，使镜片兼具良好光学性能与美观性，并消除环形暗点。如今人工晶体植入已基本取代此类镜片。测量非球面镜片光度时，需通过焦度计对准几何中心区域，该区域才能保证100%的验配度数。

书中还介绍了增强近用视力镜片，适用于使用电脑的老视患者，可兼顾近视力和中距离视力，通常按单眼近用瞳距验配，装配位置在瞳孔中心下方3至5毫米（多与镜架基准线对应）。此外，复曲面非球面（atoric）镜片以非精确圆环曲面替代球面设计，可为散光处方两个主子午线提供不同偏心率，较传统最佳形态镜片拥有更宽广的清晰视野，尤其适合高柱镜度数。

最后，总结指出过去十年镜片行业在设计及镀膜方面发展迅猛，理想镜片应具备高折射率、低色散、不易破碎或刮花、低密度、非球面设计、可制成多种多焦点形式、易于染色和镀减反射膜，并兼顾患者的经济性与从业者的利润空间。",本书出版于2009年，是一本面向验光配镜与眼科光学实践的眼科镜片专著，适合验光专业学生、眼科医师、眼镜验配人员、镜片制造商及视光从业者。全书从几何光学、反射折射、屈光度、曲率、透镜厚度和符号规则入手，系统介绍镜片材料与设计、球镜、柱镜和环曲面镜、棱镜及其在集合不足、斜视和复视中的应用；继而讨论球差、色差、彗差、场曲等像差，以及有色镜片、光致变色镜片、抗反射膜、非球面镜片、双光镜和渐进多焦点镜片的原理、设计、适应与验配。后半部分涵盖安全镜片、表面处理、运动镜片和新型眼镜技术。书中还涉及紫外线与蓝光危害、白内障、翼状胬肉、光性角膜炎、糖尿病视网膜病变、黄斑变性、青光眼等相关视觉保护问题，并详述球镜/柱镜移动与中和试验、剪式运动、焦度计或镜度计、镜片测度仪、单眼瞳距及渐进镜片配适等实务技术。
75,Ophthalmic Ultrasound A Diagnostic Atlas-Cathy W. DiBernardo、Ellen F. Greenberg 2007,normalized_exact,17-检查：眼科超声与 UBM,8ba4bb92-4b55-4e98-94d7-e8322b102084,10000,6ee75593-8bc6-4761-b7bd-e3f69e4c77d4,Ophthalmic Ultrasound A Diagnostic Atlas-Cathy W. DiBernardo、Ellen F. Greenberg 2007_weknora.mhtml,Ophthalmic Ultrasound A Diagnostic Atlas-Cathy W. DiBernardo、Ellen F. Greenberg 2007_weknora.mhtml,completed,d85b6925-3b52-468d-b81d-efebe5e558f1,fef958af-47e0-457a-90ed-3c96a164b253,403,1109,07b0afcc09d616eb5387f7a6c033354ddd3339bf71d29e0d4b60a362a2d57fb4,"该文档为《眼科超声：诊断图谱》（Ophthalmic Ultrasound: A Diagnostic Atlas）第二版的内容摘录，作者为Cathy W. DiBernardo与Ellen F. Greenberg，包含前言、序言、技术章节及多个临床病例图像说明。

在前言中，Neil R. Miller教授高度评价眼科超声在眼病诊疗中的价值，指出其在白内障术前人工晶状体度数测算、屈光介质混浊时组织状态评估及眼眶疾病检查等方面不可或缺，并认为是甲状腺相关眼病最敏感的检测手段，还能判断视神经增大的性质。同时强调该技术高度依赖操作者经验。

作者在序言中回顾了技术进展：三十年前探头频率仅限于8-12 MHz，如今已有针对前节20、50、100 MHz及后节20 MHz的不同探头，三维成像亦已应用于临床。第二版更新了大量图像，扩展了前节超声生物显微镜（UBM）图像，并将眼眶评估分为视神经、眼外肌和眼眶病变三章。

技术章节介绍了标准化的超声检查法，该术语由Karl Ossoinig博士首创，指结合接触式B扫描（亮度调制）与标准化A扫描（振幅调制）进行眼病评估。A扫描提供一维振幅信息，可判断组织反射性、结构、声衰减及精确测量；B扫描提供二维图像，适用于确定正常及异常结构的形态特征。文中以彩色眼底照相类比B扫描、荧光血管造影类比A扫描来阐明两者互补关系。检查要点包括患者体位、双眼表面麻醉、注视引导装置、探头直接置于眼球并使用甲基纤维素耦合剂等。B扫描探头标记方向与声束方向对应，标记指向鼻侧用于水平横向扫描评估上、下方眼底，指向12点钟方向用于垂直横向扫描评估鼻、颞侧眼底。

图像说明部分涵盖多种临床病例：视网膜劈裂症（包括X连锁遗传型）的B超与A超特征；视网膜脱离合并视网膜下出血的超声表现；马凡综合征的晶状体脱位、白内障及全视网膜脱离；巩膜内折；以及眼轴测量的三种方法（接触法、 immersion 浸没法和干涉测量法），其中浸没法因探头不接触角膜可避免角膜受压缩短眼球，干涉测量强调需双眼多次测量并获得可重复的高尖波峰信号。","# Summary
该文档为《眼科超声：诊断图谱》（Ophthalmic Ultrasound: A Diagnostic Atlas）第二版的内容摘录，作者为Cathy W. DiBernardo与Ellen F. Greenberg，包含前言、序言、技术章节及多个临床病例图像说明。

在前言中，Neil R. Miller教授高度评价眼科超声在眼病诊疗中的价值，指出其在白内障术前人工晶状体度数测算、屈光介质混浊时组织状态评估及眼眶疾病检查等方面不可或缺，并认为是甲状腺相关眼病最敏感的检测手段，还能判断视神经增大的性质。同时强调该技术高度依赖操作者经验。

作者在序言中回顾了技术进展：三十年前探头频率仅限于8-12 MHz，如今已有针对前节20、50、100 MHz及后节20 MHz的不同探头，三维成像亦已应用于临床。第二版更新了大量图像，扩展了前节超声生物显微镜（UBM）图像，并将眼眶评估分为视神经、眼外肌和眼眶病变三章。

技术章节介绍了标准化的超声检查法，该术语由Karl Ossoinig博士首创，指结合接触式B扫描（亮度调制）与标准化A扫描（振幅调制）进行眼病评估。A扫描提供一维振幅信息，可判断组织反射性、结构、声衰减及精确测量；B扫描提供二维图像，适用于确定正常及异常结构的形态特征。文中以彩色眼底照相类比B扫描、荧光血管造影类比A扫描来阐明两者互补关系。检查要点包括患者体位、双眼表面麻醉、注视引导装置、探头直接置于眼球并使用甲基纤维素耦合剂等。B扫描探头标记方向与声束方向对应，标记指向鼻侧用于水平横向扫描评估上、下方眼底，指向12点钟方向用于垂直横向扫描评估鼻、颞侧眼底。

图像说明部分涵盖多种临床病例：视网膜劈裂症（包括X连锁遗传型）的B超与A超特征；视网膜脱离合并视网膜下出血的超声表现；马凡综合征的晶状体脱位、白内障及全视网膜脱离；巩膜内折；以及眼轴测量的三种方法（接触法、 immersion 浸没法和干涉测量法），其中浸没法因探头不接触角膜可避免角膜受压缩短眼球，干涉测量强调需双眼多次测量并获得可重复的高尖波峰信号。",本书出版于2007年，是面向眼科医师、眼科超声医师及超声技师的眼部与眼眶超声诊断图谱。内容以标准化眼部超声为主线，介绍接触式B扫描、标准化A扫描、探头方位、增益调节、回声图标注及正常眼底筛查，并涵盖前节、玻璃体、视网膜、脉络膜、眼外伤、眼内肿瘤、视神经、眼外肌和眼眶病变。重点展示白内障、前房积血、虹膜及睫状体肿瘤、玻璃体混浊与出血、后玻璃体脱离、视网膜脱离、早产儿视网膜病变、视网膜劈裂、黄斑增厚、脉络膜脱离、葡萄膜渗漏、Vogt-Koyanagi-Harada综合征、眼内异物、外伤性破裂、脉络膜黑色素瘤、转移瘤、视神经病变、甲状腺眼病及泪腺和眼眶肿瘤。书中结合B/A扫描的形态、反射率、内部结构、血流、活动度和精确测量进行鉴别诊断，并涉及超声生物显微镜（UBM）、20/50/100 MHz高频探头、CT对照、OCT、玻璃体切除、视网膜脱离手术、巩膜扣带、人工晶状体及生物测量、部分相干干涉仪等技术。
76,"Ophthalmology-Myron Yanoff, Jay S. Duker 2019",normalized_exact,01-眼科综合：基础与全身病,09c593aa-1a64-48de-af81-fc4d30d551b4,10000,3936ab5a-4e25-4623-8589-235f0666bd84,"Ophthalmology-Myron Yanoff, Jay S. Duker 2019_weknora.mhtml","Ophthalmology-Myron Yanoff, Jay S. Duker 2019_weknora.mhtml",completed,22a782d9-2172-49ff-aadd-84a89223f649,cb0d9cef-7d21-431f-a11d-158dc73b2547,390,1056,9d2f1f373d74c207bf47bd812e0d872a2774d1a45db757f2e0a1568e4d392123,"本书《眼科学》（第五版）由Myron Yanoff和Jay S. Duker主编，是一部涵盖眼科学基础理论、临床诊断及治疗的综合性学术著作。全书分为12个部分，内容广泛，涉及遗传学基础、眼部创伤、眼科病理及美容医学等多个领域。

本书的核心内容包括以下几个方面：

1.  **眼科学遗传学基础**：阐述了人类基因组的结构、基因表达机制（如DNA转录与蛋白质合成）、染色体组成以及遗传变异在眼部疾病中的作用。该部分强调了分子生物学原理对理解眼病发病机制的重要性。
2.  **眼部创伤与继发性病变**：详细讨论了与颅内出血相关的眼部表现，包括Terson综合征（颅内出血引发的眼内出血）、Purtscher视网膜病变（严重创伤后的视网膜梗死）以及摇晃婴儿综合征（由虐待引起的眼内出血）。这些病变通常表现为视网膜、玻璃体出血或视网膜梗死，并伴随不同程度的视力损害。
3.  **眼部美容医学与风险管理**：探讨了肉毒杆菌毒素（BoNTA）和透明质酸（HA）填充剂在眼周年轻化治疗中的应用。书中特别强调了注射技术的重要性，并警示了血管并发症的风险，如误入眼动脉分支可能导致不可逆的失明。针对此类紧急情况，书中建议了早期识别及使用透明质酸酶进行逆转的处置方案。
4.  **临床实践与科研参考**：书中收录了多位领域专家的研究成果，涵盖了从角膜内皮移植到超声检查等多种临床技术，并提供了详尽的参考文献，旨在为眼科从业者提供科学的临床决策依据。

总体而言，本书通过整合基础科学研究与临床实践经验，为眼科医生提供了关于眼部疾病诊断、治疗及并发症预防的系统性指导。","# Summary
本书《眼科学》（第五版）由Myron Yanoff和Jay S. Duker主编，是一部涵盖眼科学基础理论、临床诊断及治疗的综合性学术著作。全书分为12个部分，内容广泛，涉及遗传学基础、眼部创伤、眼科病理及美容医学等多个领域。

本书的核心内容包括以下几个方面：

1.  **眼科学遗传学基础**：阐述了人类基因组的结构、基因表达机制（如DNA转录与蛋白质合成）、染色体组成以及遗传变异在眼部疾病中的作用。该部分强调了分子生物学原理对理解眼病发病机制的重要性。
2.  **眼部创伤与继发性病变**：详细讨论了与颅内出血相关的眼部表现，包括Terson综合征（颅内出血引发的眼内出血）、Purtscher视网膜病变（严重创伤后的视网膜梗死）以及摇晃婴儿综合征（由虐待引起的眼内出血）。这些病变通常表现为视网膜、玻璃体出血或视网膜梗死，并伴随不同程度的视力损害。
3.  **眼部美容医学与风险管理**：探讨了肉毒杆菌毒素（BoNTA）和透明质酸（HA）填充剂在眼周年轻化治疗中的应用。书中特别强调了注射技术的重要性，并警示了血管并发症的风险，如误入眼动脉分支可能导致不可逆的失明。针对此类紧急情况，书中建议了早期识别及使用透明质酸酶进行逆转的处置方案。
4.  **临床实践与科研参考**：书中收录了多位领域专家的研究成果，涵盖了从角膜内皮移植到超声检查等多种临床技术，并提供了详尽的参考文献，旨在为眼科从业者提供科学的临床决策依据。

总体而言，本书通过整合基础科学研究与临床实践经验，为眼科医生提供了关于眼部疾病诊断、治疗及并发症预防的系统性指导。",本书出版于2019年，是面向眼科住院医师、实习医生、非眼科医生、综合眼科医师及需补充专科知识者的单卷综合性临床教材，将基础视觉科学与临床诊疗结合，采用疾病、手术操作和诊断检查三类结构。全书分为遗传学；光学与屈光；屈光手术；角膜与眼表疾病；晶状体；视网膜与玻璃体；葡萄膜炎及其他眼内炎症；眼内肿瘤；神经眼科；青光眼；儿童与成人斜视；眼眶与眼整形12部分。内容涉及分子遗传学、基因诊断与基因治疗，屈光检查、LASIK、SMILE及有晶状体眼人工晶状体；非感染性角膜炎、角膜内皮功能障碍、DSEK/DMEK；白内障麻醉、超声乳化、飞秒激光及联合手术；荧光素/吲哚菁绿血管造影、B超、玻璃体切除、巩膜扣带、黄斑裂孔、黄斑前膜、玻璃体黄斑牵拉、孔源性视网膜脱离、脉络膜出血及眼外伤；眼球震颤、视神经三维成像、iStent、Trabectome、Trabeculectomy、斜视遮盖试验等。
77,Orbital Imaging-F. Allan Midyett 2015,normalized_exact,16-检查：CT 与 MRI,c9231d63-fc70-4995-be25-876189e90f6d,10000,6eb81366-ed2c-4a27-abab-0e028c7c6cab,Orbital Imaging-F. Allan Midyett 2015_weknora.mhtml,Orbital Imaging-F. Allan Midyett 2015_weknora.mhtml,completed,5180c288-72ee-4962-8254-4fc51ed2a2bb,b14e8b87-b0f4-482c-8418-cfdabc7b1a78,378,1042,365bbcb5db43a24872c485e1f03c5f7abcc7d6c74868372503b9453bf06c6b21,"该文档摘自《眼眶影像学》（Orbital Imaging），由F. Allan Midyett和Suresh K. Mukherji编写，旨在为放射科医生及临床医生提供眼眶疾病诊断的参考。文档重点介绍了眼眶创伤与先天性肿瘤的影像学表现及临床特征。

文档涵盖的核心内容包括：

1.  **内侧爆裂性骨折（MBOF）：** 该类骨折通常由直接外力导致，影像学上表现为内侧眶壁的内陷或位移，常伴有筛窦内的软组织密度影。CT是首选的诊断手段，多平面重建对评估骨折细节至关重要。临床上患者可能出现眼球内陷、复视或眶下神经麻痹等症状。
2.  **先天性眼眶畸胎瘤（COT）：** 这是一种罕见的先天性肿瘤，由三个胚层发育而来。影像学上，CT和MRI可显示囊实性肿块，常伴有脂肪、钙化或骨化成分。由于其生长迅速，可能导致严重的眼球突出和面部畸形，临床通常采取手术切除，但由于肿瘤可能侵犯邻近结构，保留眼球的难度较大。
3.  **临床诊断与影像学策略：** 文献强调了影像学检查在评估眼眶病变中的关键作用，特别是在区分新旧骨折、识别罕见病理实体以及通过影像与病理对照加深理解方面。书中还提供了广泛的医学缩写词汇表，涵盖了多种眼眶疾病及影像学检查术语。

总体而言，该书通过简明扼要的格式，结合影像学特征、临床表现及治疗建议，为处理眼眶病变提供了实用的临床参考，并强调了放射科医生在识别眼眶创伤及复杂病变中的重要性。","# Summary
该文档摘自《眼眶影像学》（Orbital Imaging），由F. Allan Midyett和Suresh K. Mukherji编写，旨在为放射科医生及临床医生提供眼眶疾病诊断的参考。文档重点介绍了眼眶创伤与先天性肿瘤的影像学表现及临床特征。

文档涵盖的核心内容包括：

1.  **内侧爆裂性骨折（MBOF）：** 该类骨折通常由直接外力导致，影像学上表现为内侧眶壁的内陷或位移，常伴有筛窦内的软组织密度影。CT是首选的诊断手段，多平面重建对评估骨折细节至关重要。临床上患者可能出现眼球内陷、复视或眶下神经麻痹等症状。
2.  **先天性眼眶畸胎瘤（COT）：** 这是一种罕见的先天性肿瘤，由三个胚层发育而来。影像学上，CT和MRI可显示囊实性肿块，常伴有脂肪、钙化或骨化成分。由于其生长迅速，可能导致严重的眼球突出和面部畸形，临床通常采取手术切除，但由于肿瘤可能侵犯邻近结构，保留眼球的难度较大。
3.  **临床诊断与影像学策略：** 文献强调了影像学检查在评估眼眶病变中的关键作用，特别是在区分新旧骨折、识别罕见病理实体以及通过影像与病理对照加深理解方面。书中还提供了广泛的医学缩写词汇表，涵盖了多种眼眶疾病及影像学检查术语。

总体而言，该书通过简明扼要的格式，结合影像学特征、临床表现及治疗建议，为处理眼眶病变提供了实用的临床参考，并强调了放射科医生在识别眼眶创伤及复杂病变中的重要性。",本书出版于2015年，是F. Allan Midyett与Suresh K. Mukherji编著的眼眶影像学临床参考与学习读本，适用于放射科、神经放射科、眼科医师及住院医师、影像学习者。全书以影像表现和鉴别诊断为核心，涵盖眼眶创伤与手术、良恶性肿瘤、先天异常、血管病变、退行性疾病、肌锥病变、视路疾病、泪腺疾病、炎症、病因不明疾病及骨性眼眶病变。内容涉及内侧及眶底爆裂骨折、眶内容物剜除、钛网修复、眼球破裂、视网膜脱离、海绵状血管瘤、视神经胶质瘤/脑膜瘤、淋巴瘤、黑色素瘤、视网膜母细胞瘤、横纹肌肉瘤、甲状腺相关眼病、特发性眼眶假瘤、视神经炎、泪腺腺样囊性癌、眶脓肿、韦格纳肉芽肿病及纤维性骨发育不良等。重点介绍CT、MRI及增强脂肪抑制T1加权成像的选择、典型征象、病理—影像对应、治疗与手术后评估，并讨论肌肉嵌顿、神经周围肿瘤扩散、感染、复发和分期。
78,Pediatric Practice Ophthalmology-Lueder 2011,normalized_exact,10-小儿眼科：斜视与弱视等,d6a5115a-067a-4514-afbf-9fe81b4e64c0,10000,96929618-abe1-4d66-80a4-562df226df95,Pediatric Practice Ophthalmology-Lueder 2011_weknora.mhtml,Pediatric Practice Ophthalmology-Lueder 2011_weknora.mhtml,completed,a8ce3d8f-9e09-465b-8dd1-21b72fdce92b,122aa6ce-47b3-492b-ba77-ae1cd8bda1fc,401,1173,94a61d1e1ee8293ddc5fbddac7e5c48f0d3ae451ad7b5484568de06605faf2e9,"本书旨在弥合儿科与眼科之间的知识鸿沟，为儿科医生提供实用的眼科临床指导。作者强调，由于医学教育中眼科教学的局限性及眼科专业术语的复杂性，儿科医生在面对眼科问题时往往需要专业参考。全书分为三个部分：眼部评估、临床症状处理及眼科疾病详解，内容结合了作者的个人经验与循证医学证据。

本书的核心要点包括：

1. **评估与病史采集**：眼部检查应纳入常规儿童体检。详细的病史采集至关重要，包括围产期病史、发育情况、家族遗传史及系统性疾病回顾。对于特定的眼部症状，医生应关注发病时间、频率及进展情况，并结合家族史判断是否存在遗传性或多因素疾病。
2. **眼睑与睫毛异常**：书中详细讨论了多种先天性及获得性眼睑病变，如眼睑缺损（Coloboma）、睑缘粘连（Ankyloblepharon）、倒睫（Distichiasis）及拔毛癖（Trichotillomania）。眼睑水肿常作为系统性疾病（如红斑狼疮）的早期征兆，需引起临床警惕。
3. **眼球运动障碍与眼球震颤**：眼球震颤的评估需区分水平与垂直震颤，后者可能暗示视网膜营养不良或中枢神经系统肿瘤。此外，书中介绍了眼球运动异常的特殊表现，如视阵挛（Opsoclonus，可能与神经母细胞瘤相关）和先天性眼球运动失用（COMA）。
4. **治疗原则**：针对眼部疾病的治疗，首要任务是解决潜在的系统性病因。对于眼球震颤引起的代偿性头位，若角度较大，可通过手术调整眼外肌以改善视力；对于无法治愈的感官剥夺性眼球震颤，则应尽早提供低视力服务。

作者建议儿科医生与眼科专家建立协作关系，以便在处理复杂病例时能及时获得专业支持，从而为患儿制定最佳的诊疗计划。","# Summary
本书旨在弥合儿科与眼科之间的知识鸿沟，为儿科医生提供实用的眼科临床指导。作者强调，由于医学教育中眼科教学的局限性及眼科专业术语的复杂性，儿科医生在面对眼科问题时往往需要专业参考。全书分为三个部分：眼部评估、临床症状处理及眼科疾病详解，内容结合了作者的个人经验与循证医学证据。

本书的核心要点包括：

1. **评估与病史采集**：眼部检查应纳入常规儿童体检。详细的病史采集至关重要，包括围产期病史、发育情况、家族遗传史及系统性疾病回顾。对于特定的眼部症状，医生应关注发病时间、频率及进展情况，并结合家族史判断是否存在遗传性或多因素疾病。
2. **眼睑与睫毛异常**：书中详细讨论了多种先天性及获得性眼睑病变，如眼睑缺损（Coloboma）、睑缘粘连（Ankyloblepharon）、倒睫（Distichiasis）及拔毛癖（Trichotillomania）。眼睑水肿常作为系统性疾病（如红斑狼疮）的早期征兆，需引起临床警惕。
3. **眼球运动障碍与眼球震颤**：眼球震颤的评估需区分水平与垂直震颤，后者可能暗示视网膜营养不良或中枢神经系统肿瘤。此外，书中介绍了眼球运动异常的特殊表现，如视阵挛（Opsoclonus，可能与神经母细胞瘤相关）和先天性眼球运动失用（COMA）。
4. **治疗原则**：针对眼部疾病的治疗，首要任务是解决潜在的系统性病因。对于眼球震颤引起的代偿性头位，若角度较大，可通过手术调整眼外肌以改善视力；对于无法治愈的感官剥夺性眼球震颤，则应尽早提供低视力服务。

作者建议儿科医生与眼科专家建立协作关系，以便在处理复杂病例时能及时获得专业支持，从而为患儿制定最佳的诊疗计划。",本书出版于2011年，是面向儿科医生、医学生及需要处理儿童眼病的临床医务人员的实用型小儿眼科学参考书，定位介于入门指南与专科教材之间。全书分为三部分：眼部评估，包括病史采集、儿童眼科筛查、视力与眼位检查、眼球运动、红光反射、裂隙灯和眼底检查，以及视野、瞳孔测量、角膜厚度、视觉诱发电位、A/B型超声、超声生物显微镜、ERG、OCT、眼底摄影和荧光素眼底血管造影等辅助检查；症状学，围绕婴幼儿视物异常、视力下降、红眼、流泪、斜视、复视、眼震、眼睑下垂、眼球突出、角膜混浊、虹膜肿块、瞳孔不等大、异常红光反射、视网膜出血、视神经异常、头痛及学习障碍建立临床处理思路；疾病篇则按泪道、眼睑、眼眶、结膜、角膜、虹膜与瞳孔、晶状体、视网膜、青光眼、视神经以及斜视/弱视/眼震系统介绍疾病评估、鉴别和管理，并涉及白内障手术及人工晶状体植入、视网膜脱离、视网膜母细胞瘤、早产儿视网膜病变和遗传性视网膜疾病等关键问题。
79,Quick Guide to the Management of Keratoconus-Sinjab 2012,normalized_exact,02-角膜与眼表,f041b2b7-3147-4deb-a2f2-0de5cc53d296,10000,812ada04-78b6-4842-9b8a-e77d80716db9,Quick Guide to the Management of Keratoconus-Sinjab 2012_weknora.mhtml,Quick Guide to the Management of Keratoconus-Sinjab 2012_weknora.mhtml,completed,4da40303-ffe3-48d2-b559-147e98862f96,2948e508-24ba-4dc9-8ad7-6ebced1bea43,425,1075,42000a135eed5db2188be583c1bf683956ee5d425c99cbd0b698af76039d3e30,"圆锥角膜（Keratoconus, KC）是一种常见的双侧、非炎症性、退行性角膜扩张性疾病，其特征为角膜中央或旁中央基质变薄、顶端突出及不规则散光。该病通常在青春期发病，病因尚不明确，但被认为与遗传因素及环境因素（如紫外线、揉眼、过敏等）有关，且常伴随多种全身性疾病（如唐氏综合征、马凡综合征等）。

本书旨在为临床医生提供一套系统化的圆锥角膜管理方案，核心要点包括：

1. **临床诊断与体征**：诊断依赖于多种临床体征，包括Munson征（下睑V型轮廓）、Rizzuti征（角膜锥体光反射）、检影镜下的剪影效应，以及裂隙灯下的局部变薄、Fleischer铁环、Vogt条纹、角膜瘢痕和急性水肿（角膜后弹力层破裂）。
2. **管理目标与策略**：现代管理旨在阻止疾病进展或进行视力康复。治疗手段包括角膜交联术（CxL）、角膜内环植入术（ICRs）及角膜移植术（如深层前板层角膜移植术，DALK）。
3. **角膜交联术（CxL）的机制与影响**：CxL通过紫外线照射诱导角膜基质交联，从而稳定角膜。术后早期（约3个月内）可能出现角膜变薄、K值及散光度数暂时性增加，随后逐渐趋于稳定，且主要影响角膜前三分之二的基质。
4. **决策制定的复杂性**：临床决策需综合考虑角膜厚度、最大K值（K-max）、角膜清晰度及疾病进展情况。书中强调了对特定病例进行评估的重要性，例如在角膜过薄（<400 μm）或K-max过高（>58-60 dpt）的情况下，某些手术（如ICRs）可能存在高风险或导致过度矫正，此时应考虑更彻底的干预手段如DALK。

总之，该书通过系统化的学术方法，结合临床检查指标与决策流程图，为圆锥角膜的诊断、分级及个体化治疗方案的选择提供了实用的指导。","# Summary
圆锥角膜（Keratoconus, KC）是一种常见的双侧、非炎症性、退行性角膜扩张性疾病，其特征为角膜中央或旁中央基质变薄、顶端突出及不规则散光。该病通常在青春期发病，病因尚不明确，但被认为与遗传因素及环境因素（如紫外线、揉眼、过敏等）有关，且常伴随多种全身性疾病（如唐氏综合征、马凡综合征等）。

本书旨在为临床医生提供一套系统化的圆锥角膜管理方案，核心要点包括：

1. **临床诊断与体征**：诊断依赖于多种临床体征，包括Munson征（下睑V型轮廓）、Rizzuti征（角膜锥体光反射）、检影镜下的剪影效应，以及裂隙灯下的局部变薄、Fleischer铁环、Vogt条纹、角膜瘢痕和急性水肿（角膜后弹力层破裂）。
2. **管理目标与策略**：现代管理旨在阻止疾病进展或进行视力康复。治疗手段包括角膜交联术（CxL）、角膜内环植入术（ICRs）及角膜移植术（如深层前板层角膜移植术，DALK）。
3. **角膜交联术（CxL）的机制与影响**：CxL通过紫外线照射诱导角膜基质交联，从而稳定角膜。术后早期（约3个月内）可能出现角膜变薄、K值及散光度数暂时性增加，随后逐渐趋于稳定，且主要影响角膜前三分之二的基质。
4. **决策制定的复杂性**：临床决策需综合考虑角膜厚度、最大K值（K-max）、角膜清晰度及疾病进展情况。书中强调了对特定病例进行评估的重要性，例如在角膜过薄（<400 μm）或K-max过高（>58-60 dpt）的情况下，某些手术（如ICRs）可能存在高风险或导致过度矫正，此时应考虑更彻底的干预手段如DALK。

总之，该书通过系统化的学术方法，结合临床检查指标与决策流程图，为圆锥角膜的诊断、分级及个体化治疗方案的选择提供了实用的指导。",本书出版于2012年，是面向眼科医师、角膜与屈光手术医师及需要初步处理圆锥角膜患者的实用指南。内容先介绍圆锥角膜的临床表现与诊断，包括Munson征、Rizzuti征、视网膜检影剪刀状反光、裂隙灯、Placido角膜镜、角膜滞后、共焦显微镜、镜面显微镜及Scheimpflug/Placido角膜地形图；继而围绕形态、前后表面高度、厚度和曲率地图进行分型，涵盖Krumeich分级、forme fruste圆锥角膜，以及睫状边缘变性（PMD）和类PMD圆锥角膜（PLK）的鉴别。治疗部分系统讨论框架眼镜、RGP/巩膜及混合接触镜、传导性角膜成形术（CK）、角膜胶原交联（CxL）、角膜内环（ICR）、准分子激光、人工晶状体（IORL）、穿透性角膜移植（PKP）和深板层角膜移植（DALK），并分析适应证、禁忌证、角膜厚度、K-max、进展、透明度、视力及应力线等决策参数。全书以流程图、检查清单和九个病例的“分析—方案—讨论”三步法，示范个体化管理。
80,Ready Reckoner of Modern Refractive Surgery-Ashok Garg 2013,normalized_exact,04-屈光与视光：近视、接触镜与低视力,c73385b9-c154-4103-a93e-2d4c31f2423a,10000,994548a0-a959-4411-a117-b64515cae928,Ready Reckoner of Modern Refractive Surgery-Ashok Garg 2013_weknora.mhtml,Ready Reckoner of Modern Refractive Surgery-Ashok Garg 2013_weknora.mhtml,completed,1b5f8407-f89b-4f36-9851-74baf29a3586,67057e05-2dc5-4e05-84e7-1a8a6b410a34,412,1022,9720509e3e8352b1e3d95a75e4d92269e3bea9460dc64b620941204c51ead8f0,"《现代屈光手术备忘录》（Ready Reckoner of Modern Refractive Surgery）是一部由Ashok Garg教授主编的专业眼科参考书，旨在为全球屈光外科医生提供关于角膜及晶状体屈光手术技术的最新临床指导。

该书涵盖的核心内容包括：

1.  **屈光手术技术的演进**：书中详细介绍了多种主流屈光手术方法，包括PRK、LASIK、Epi-LASIK、LASEK及表面消融术。此外，还探讨了针对特定病症的治疗手段，如用于圆锥角膜和LASIK术后角膜扩张的角膜胶原交联术（CXL）及角膜内环植入术。
2.  **飞秒激光的应用**：飞秒激光技术被视为现代眼科的重大革新。书中重点阐述了其在角膜屈光手术（如小切口角膜基质透镜取出术）及飞秒激光辅助白内障手术中的应用。该技术凭借其高精度、微创及减少组织损伤的特性，显著提升了手术的安全性和视觉质量。
3.  **晶状体屈光手术**：书中深入讨论了基于晶状体的屈光矫正方案，包括有晶状体眼人工晶状体（Phakic IOLs）、屈光性晶状体置换术以及可调节人工晶状体（如Crystalens）。特别是Crystalens，其作为FDA批准的可调节人工晶状体，能够模拟人眼自然调节功能，有效改善白内障及老视患者的远、中、近视力。
4.  **视觉质量优化与临床研究**：通过对比研究，书中指出优化前凸消融（OPA）算法在扩大功能性光学区、降低高阶像差及提升对比敏感度方面，均优于传统消融方式。此外，现代屈光手术通过集成眼球追踪系统和主动旋转补偿技术，进一步提高了手术的精准度。

该书通过汇集国际专家的临床经验，强调了术前评估的重要性，并为屈光外科医生提供了从基础理论到前沿技术的全面参考，旨在通过不断进步的技术手段，实现更优的术后视觉效果并降低手术风险。","# Summary
《现代屈光手术备忘录》（Ready Reckoner of Modern Refractive Surgery）是一部由Ashok Garg教授主编的专业眼科参考书，旨在为全球屈光外科医生提供关于角膜及晶状体屈光手术技术的最新临床指导。

该书涵盖的核心内容包括：

1.  **屈光手术技术的演进**：书中详细介绍了多种主流屈光手术方法，包括PRK、LASIK、Epi-LASIK、LASEK及表面消融术。此外，还探讨了针对特定病症的治疗手段，如用于圆锥角膜和LASIK术后角膜扩张的角膜胶原交联术（CXL）及角膜内环植入术。
2.  **飞秒激光的应用**：飞秒激光技术被视为现代眼科的重大革新。书中重点阐述了其在角膜屈光手术（如小切口角膜基质透镜取出术）及飞秒激光辅助白内障手术中的应用。该技术凭借其高精度、微创及减少组织损伤的特性，显著提升了手术的安全性和视觉质量。
3.  **晶状体屈光手术**：书中深入讨论了基于晶状体的屈光矫正方案，包括有晶状体眼人工晶状体（Phakic IOLs）、屈光性晶状体置换术以及可调节人工晶状体（如Crystalens）。特别是Crystalens，其作为FDA批准的可调节人工晶状体，能够模拟人眼自然调节功能，有效改善白内障及老视患者的远、中、近视力。
4.  **视觉质量优化与临床研究**：通过对比研究，书中指出优化前凸消融（OPA）算法在扩大功能性光学区、降低高阶像差及提升对比敏感度方面，均优于传统消融方式。此外，现代屈光手术通过集成眼球追踪系统和主动旋转补偿技术，进一步提高了手术的精准度。

该书通过汇集国际专家的临床经验，强调了术前评估的重要性，并为屈光外科医生提供了从基础理论到前沿技术的全面参考，旨在通过不断进步的技术手段，实现更优的术后视觉效果并降低手术风险。",本书为2013年出版的现代屈光手术快速参考书，由Ashok Garg主编，面向角膜及晶状体屈光手术医生、眼科进修人员和相关研究者。全书围绕术前筛查、角膜测量与个体化治疗展开，涵盖Pentacam、Orbscan角膜地形图、在线光学相干测厚（OCP）、波前像差及地形图引导评估；系统介绍PRK、LASEK、Epi-LASIK、SBK、LASIK、准分子激光、非球面切削及波前引导LASIK，并讨论PRK适应证、禁忌证、术后护理、角膜雾状混浊、回退、欠矫、感染和干眼等并发症。另涉及圆锥角膜、术后角膜扩张、角膜胶原交联、地形图引导PRK、角膜内环、穿透性角膜移植后LASIK，以及老视矫正、PML多焦点LASIK、激光混合视、屈光性晶状体置换、Crystalens、散光矫正、负担型及多焦点人工晶状体。重点介绍飞秒激光在LASIK、角膜移植、角膜内环植入、SMILE/ReLEX、小切口角膜基质透镜取出和飞秒白内障手术中的应用。
81,Retinal and Choroidal Manifestations of Selected Systemic Diseases-J. Fernando Arevalo 2013,normalized_exact,06-眼底病与视网膜内科,f900fe21-9deb-47e0-bf36-ce06022cae92,10000,272db84b-e04e-4d9c-b5fc-b60462adfdfd,Retinal and Choroidal Manifestations of Selected Systemic Diseases-J. Fernando Arevalo 2013_weknora.mhtml,Retinal and Choroidal Manifestations of Selected Systemic Diseases-J. Fernando Arevalo 2013_weknora.mhtml,completed,f12e3449-dcbd-4859-97c8-76e5a8be549b,b7821816-ecec-42f8-9ef8-fca3bd62bb57,379,1024,9ae396a01b1dc6ceb444443a6cd77abfd27d28da72eacd5b3719a1dcc70c5cca,"《视网膜与脉络膜的全身性疾病表现》一书由J. Fernando Arévalo主编，汇集了国际专家团队的临床经验与研究成果，旨在探讨全身性疾病在眼部的具体表现及其发病机制。该书强调了眼科检查在全身性疾病诊断中的重要性，并指出随着影像学技术（如超声、血管造影等）的进步，临床医生能够更精确地识别视网膜与脉络膜的微小病变，从而改善患者的预后。

该书涵盖了多种全身性疾病的眼部表现，主要内容包括：

1.  **感染性与炎症性疾病**：详细讨论了艾滋病（HIV/AIDS）及其并发症（如巨细胞病毒视网膜炎、免疫恢复性葡萄膜炎）、弓形虫病、结核病、结节病、白塞病以及内源性眼内炎等。
2.  **肿瘤与副肿瘤综合征**：分析了原发性玻璃体视网膜淋巴瘤（PVRL）、视网膜及脉络膜转移癌、自身免疫性视网膜病变以及副肿瘤综合征（如MAR和CAR）的临床特征与发病机制。
3.  **代谢与遗传性疾病**：探讨了糖尿病视网膜病变、Alport综合征、胱氨酸病以及纤毛病（如Senior-Loken综合征）等引起的眼肾相关病变，阐述了基因缺陷与结构异常如何导致视网膜与肾脏功能受损。
4.  **血管性与全身性病变**：涵盖了高血压视网膜病变、系统性红斑狼疮、结节性多动脉炎、韦格纳肉芽肿及其他微血管病变。书中特别指出，许多全身性疾病（如肾脏疾病、妊娠期改变及药物毒性）均可导致视网膜与脉络膜的继发性损害。

全书通过整合临床观察、遗传学、分子生物学及组织病理学证据，为眼科医生、视网膜专家及相关领域医师提供了权威的参考资料。该书不仅总结了当前的诊疗标准，还提出了未来临床与实验研究的方向，旨在通过多学科协作提升对复杂全身性疾病的预防与管理水平。","# Summary
《视网膜与脉络膜的全身性疾病表现》一书由J. Fernando Arévalo主编，汇集了国际专家团队的临床经验与研究成果，旨在探讨全身性疾病在眼部的具体表现及其发病机制。该书强调了眼科检查在全身性疾病诊断中的重要性，并指出随着影像学技术（如超声、血管造影等）的进步，临床医生能够更精确地识别视网膜与脉络膜的微小病变，从而改善患者的预后。

该书涵盖了多种全身性疾病的眼部表现，主要内容包括：

1.  **感染性与炎症性疾病**：详细讨论了艾滋病（HIV/AIDS）及其并发症（如巨细胞病毒视网膜炎、免疫恢复性葡萄膜炎）、弓形虫病、结核病、结节病、白塞病以及内源性眼内炎等。
2.  **肿瘤与副肿瘤综合征**：分析了原发性玻璃体视网膜淋巴瘤（PVRL）、视网膜及脉络膜转移癌、自身免疫性视网膜病变以及副肿瘤综合征（如MAR和CAR）的临床特征与发病机制。
3.  **代谢与遗传性疾病**：探讨了糖尿病视网膜病变、Alport综合征、胱氨酸病以及纤毛病（如Senior-Loken综合征）等引起的眼肾相关病变，阐述了基因缺陷与结构异常如何导致视网膜与肾脏功能受损。
4.  **血管性与全身性病变**：涵盖了高血压视网膜病变、系统性红斑狼疮、结节性多动脉炎、韦格纳肉芽肿及其他微血管病变。书中特别指出，许多全身性疾病（如肾脏疾病、妊娠期改变及药物毒性）均可导致视网膜与脉络膜的继发性损害。

全书通过整合临床观察、遗传学、分子生物学及组织病理学证据，为眼科医生、视网膜专家及相关领域医师提供了权威的参考资料。该书不仅总结了当前的诊疗标准，还提出了未来临床与实验研究的方向，旨在通过多学科协作提升对复杂全身性疾病的预防与管理水平。",本书出版于2013年，是面向视网膜玻璃体、葡萄膜炎、眼肿瘤专科医师及研究员、住院医师和综合眼科医师的系统性临床参考书，强调全身疾病与眼底表现的双向识别。内容涵盖感染性疾病（HIV/AIDS、CMV、弥漫性单侧亚急性神经视网膜炎、囊虫病、弓蛔虫病、结核、弓形虫病、病毒及真菌感染、内源性眼内炎）、炎症与肿瘤（结节病、Behçet病、眼内淋巴瘤、视网膜脉络膜转移、自身免疫性视网膜病变、旁肿瘤综合征、SLE、VKH），以及胃肠道、肾脏、血液、糖尿病、高血压、妊娠、Marfan综合征、眼缺血综合征和系统用药相关改变。书中结合眼底检查、荧光素及吲哚菁绿血管造影、OCT、ERG/EOG、多焦ERG、SLO、GDx、视野检查和组织病理，讨论病因、自然史、鉴别诊断及循证管理；并涉及HAART、抗感染药、糖皮质激素、激光光凝、睫状体平坦部玻璃体切除及寄生虫摘除等技术。
82,"Retinal and Vitreoretinal Diseases and Surgery-Samuel Boyd, Rafael Cortez, Nelson Sabates 2010",normalized_exact,07-玻璃体视网膜外科,a6b50bbd-5223-4776-88b7-ac57a59a3fcf,10000,1c806daf-4f99-49b6-914e-246f5856f3b1,"Retinal and Vitreoretinal Diseases and Surgery-Samuel Boyd, Rafael Cortez, Nelson Sabates 2010_weknora.mhtml","Retinal and Vitreoretinal Diseases and Surgery-Samuel Boyd, Rafael Cortez, Nelson Sabates 2010_weknora.mhtml",completed,466472dc-1dbd-436a-b9fd-106f9bf217bc,d02f8b56-945a-41f1-b072-fe3c8225ac44,410,1202,dbcbca3d739dce60a1bcaa18e1e2266d08d9b7f2108b1a6e12d544da70fff771,"本文档探讨了视网膜及玻璃体视网膜疾病的解剖学基础、临床诊断及前沿治疗技术。

核心内容要点如下：

1.  **视网膜与脉络膜的解剖结构**：视网膜作为中枢神经系统的一部分，具有高度复杂的层状结构，包括视网膜色素上皮（RPE）、感光细胞（视杆和视锥细胞）及神经节细胞等。脉络膜通过脉络膜毛细血管为视网膜外层提供营养，其循环系统与视网膜循环相互独立。RPE层不仅支持感光细胞的代谢，还构成了视网膜与脉络膜之间的结构屏障。

2.  **黄斑裂孔的病理与手术治疗**：黄斑裂孔表现为黄斑区的全层缺损，常伴有视网膜下液。手术治疗的核心在于通过玻璃体切除术解除切向及前后向牵引，通常包括剥除内界膜（ILM）及气体填充术。关于手术细节（如是否染色内界膜、染料的选择及白内障手术的配合）在临床上仍存在争议。

3.  **基因治疗的进展**：研究人员利用重组腺相关病毒（rAAV）载体进行基因治疗，在视网膜疾病领域取得了突破。通过使用特定的启动子（如hRK），研究已实现在视杆和视锥细胞中同时表达转基因。此外，针对色盲等遗传性疾病的动物实验证明，通过基因干预可以成功恢复视网膜的光谱敏感性，为未来治疗多种眼部疾病提供了广阔前景。

4.  **临床诊断的重要性**：理解视网膜各层解剖结构及其与脉络膜的相互作用，是准确解读荧光素血管造影等诊断技术的关键，对于视网膜疾病的诊断至关重要。","# Summary
本文档探讨了视网膜及玻璃体视网膜疾病的解剖学基础、临床诊断及前沿治疗技术。

核心内容要点如下：

1.  **视网膜与脉络膜的解剖结构**：视网膜作为中枢神经系统的一部分，具有高度复杂的层状结构，包括视网膜色素上皮（RPE）、感光细胞（视杆和视锥细胞）及神经节细胞等。脉络膜通过脉络膜毛细血管为视网膜外层提供营养，其循环系统与视网膜循环相互独立。RPE层不仅支持感光细胞的代谢，还构成了视网膜与脉络膜之间的结构屏障。

2.  **黄斑裂孔的病理与手术治疗**：黄斑裂孔表现为黄斑区的全层缺损，常伴有视网膜下液。手术治疗的核心在于通过玻璃体切除术解除切向及前后向牵引，通常包括剥除内界膜（ILM）及气体填充术。关于手术细节（如是否染色内界膜、染料的选择及白内障手术的配合）在临床上仍存在争议。

3.  **基因治疗的进展**：研究人员利用重组腺相关病毒（rAAV）载体进行基因治疗，在视网膜疾病领域取得了突破。通过使用特定的启动子（如hRK），研究已实现在视杆和视锥细胞中同时表达转基因。此外，针对色盲等遗传性疾病的动物实验证明，通过基因干预可以成功恢复视网膜的光谱敏感性，为未来治疗多种眼部疾病提供了广阔前景。

4.  **临床诊断的重要性**：理解视网膜各层解剖结构及其与脉络膜的相互作用，是准确解读荧光素血管造影等诊断技术的关键，对于视网膜疾病的诊断至关重要。",本书出版于2010年，是面向玻璃体视网膜外科医师、眼底病专科医师、综合眼科医师及培训医师的临床参考书，由全球相关领域专家编写，共41章，涵盖诊断、激光、药物与手术治疗及复杂病例处理。内容从正常视网膜、荧光素眼底血管造影、光学相干断层扫描（OCT）、眼科诊断光学系统和广角手术观察系统入手，介绍激光光凝、亚阈值光凝、视网膜裂孔与周边变性治疗，以及眼内气体和全氟碳液应用。重点疾病包括糖尿病视网膜病变及黄斑水肿、视网膜静脉阻塞、早产儿视网膜病变、年龄相关性黄斑变性、中心性浆液性脉络膜视网膜病变、囊样黄斑水肿、玻璃体黄斑牵拉、黄斑前膜和黄斑裂孔。书中还系统讨论视网膜脱离、巨大视网膜裂孔、增殖性玻璃体视网膜病变，以及前部玻璃体切除、睫状体平坦部晶状体切除、视网膜切开/切除、脱位人工晶状体、眼内出血、脉络膜上腔出血、眼外伤、眼内异物、眼内肿瘤细针穿刺活检、眼内炎、营养与视网膜疾病、玻璃体视网膜手术进展和rAAV眼基因治疗。
83,Retinal Atlas-K Bailey Freund 2017,normalized_exact,06-眼底病与视网膜内科,f900fe21-9deb-47e0-bf36-ce06022cae92,10000,7bba8f50-c90e-4772-aa5b-4aace89d4869,Retinal Atlas-K Bailey Freund 2017_weknora.mhtml,Retinal Atlas-K Bailey Freund 2017_weknora.mhtml,completed,ff1537b8-a4d5-4bf1-a5a2-1ef308d374b6,6613ad89-6584-4c6e-b79b-112e6d2711f1,296,842,6184ce5e9575c3f9c17889be52dd0e0f5d518b59f9ba3e3abc1f26658c1781a1,"《视网膜图谱》（第二版）是一部全面涵盖视网膜疾病诊断与成像技术的权威参考书。该书由 K. Bailey Freund、David Sarraf 等专家编撰，旨在通过丰富的临床影像资料，展示视网膜疾病的解剖结构与病理生理特征。

本书的核心内容与特点包括：

1.  **影像技术的发展与应用**：书中详细介绍了视网膜成像技术的演变，从早期的直接检眼镜和黑白眼底摄影，到现代的广角成像、眼底自发荧光（FAF）及光学相干断层扫描（OCT）。这些技术极大地提升了对视网膜血管渗透性、灌注情况及微观结构的观察能力，使临床医生能够识别并解释复杂的病理过程。
2.  **系统化的分类与诊断**：全书采用颜色编码系统对不同成像模式（如荧光素血管造影、ICG血管造影、OCT等）进行分类，便于读者快速检索和识别。书中涵盖了多种视网膜病变，包括镰状细胞视网膜病变、视网膜母细胞瘤、副肿瘤综合征以及有髓神经纤维（MNF）等。
3.  **临床案例分析**：通过大量高质量的影像资料，书稿展示了疾病的典型表现与进展。例如，在镰状细胞视网膜病变中，详细记录了周边视网膜缺血、动静脉吻合、海扇样新生血管及随后的纤维化与牵拉性视网膜脱离；在视网膜母细胞瘤部分，探讨了动脉内化学减量治疗等现代治疗手段对眼球保存的意义。
4.  **教育与传承**：该书不仅是医学影像的汇编，更体现了对视网膜病学领域教育与 mentorship 的重视。编者强调了团队协作在病例收集与研究中的作用，旨在为全球视网膜病学界提供一份持续更新的综合性诊断资源。

总体而言，本书通过对视网膜疾病成像的深入剖析，为临床医生提供了从基础病理到前沿影像诊断的全面指导，是视网膜医学领域的重要参考著作。","# Summary
《视网膜图谱》（第二版）是一部全面涵盖视网膜疾病诊断与成像技术的权威参考书。该书由 K. Bailey Freund、David Sarraf 等专家编撰，旨在通过丰富的临床影像资料，展示视网膜疾病的解剖结构与病理生理特征。

本书的核心内容与特点包括：

1.  **影像技术的发展与应用**：书中详细介绍了视网膜成像技术的演变，从早期的直接检眼镜和黑白眼底摄影，到现代的广角成像、眼底自发荧光（FAF）及光学相干断层扫描（OCT）。这些技术极大地提升了对视网膜血管渗透性、灌注情况及微观结构的观察能力，使临床医生能够识别并解释复杂的病理过程。
2.  **系统化的分类与诊断**：全书采用颜色编码系统对不同成像模式（如荧光素血管造影、ICG血管造影、OCT等）进行分类，便于读者快速检索和识别。书中涵盖了多种视网膜病变，包括镰状细胞视网膜病变、视网膜母细胞瘤、副肿瘤综合征以及有髓神经纤维（MNF）等。
3.  **临床案例分析**：通过大量高质量的影像资料，书稿展示了疾病的典型表现与进展。例如，在镰状细胞视网膜病变中，详细记录了周边视网膜缺血、动静脉吻合、海扇样新生血管及随后的纤维化与牵拉性视网膜脱离；在视网膜母细胞瘤部分，探讨了动脉内化学减量治疗等现代治疗手段对眼球保存的意义。
4.  **教育与传承**：该书不仅是医学影像的汇编，更体现了对视网膜病学领域教育与 mentorship 的重视。编者强调了团队协作在病例收集与研究中的作用，旨在为全球视网膜病学界提供一份持续更新的综合性诊断资源。

总体而言，本书通过对视网膜疾病成像的深入剖析，为临床医生提供了从基础病理到前沿影像诊断的全面指导，是视网膜医学领域的重要参考著作。",本书出版于2017年，是眼科住院医师、斜视专科医师及手术培训者编写的实用型手术指导。全书分为手术技巧与手术策略两部分：前者介绍斜视器械、缝线及手术野准备，固定缝线直肌后徙/截除、调整缝线、再次手术、肌肉转位、后巩膜固定缝线、下斜肌和上斜肌手术、肉毒素应用及麻醉；后者围绕先天性和部分调节性内斜视、间歇性外斜视、Duane眼球后退综合征、Brown综合征、分离性垂直偏斜、上斜肌麻痹、展神经及动眼神经麻痹、甲状腺相关性眼病、眼眶骨折和眼球震颤制定手术策略。重点涉及被动牵拉试验、眼外肌限制与麻痹评估、MRI及眼眶影像、直肌后徙与截除、肌腱转位、Faden术、调整缝线、巩膜穿通及其他严重并发症。
84,"Retinal Degenerations- Biology, Diagnostics, and Therapeutics-Joyce Tombran-Tink, Colin J. Barnstable 2007",normalized_exact,06-眼底病与视网膜内科,f900fe21-9deb-47e0-bf36-ce06022cae92,10000,9f609285-dbb6-479e-86d1-0df98d70e21b,"Retinal Degenerations- Biology, Diagnostics, and Therapeutics-Joyce Tombran-Tink, Colin J. Barnstable 2007_weknora.mhtml","Retinal Degenerations- Biology, Diagnostics, and Therapeutics-Joyce Tombran-Tink, Colin J. Barnstable 2007_weknora.mhtml",completed,2a698354-b4e4-4a7d-88cf-3ef96ef4272d,4ccff9f8-9684-49de-98c7-ec960bc8c5e3,367,993,b5c7092e1005c959fb134f2108cba8332aef9962df178bac3e83a24b00b291eb,"本文是一篇关于应对视网膜变性的章节，由两位患者——戈登·考辛斯与詹姆斯·凯普——合作撰写。考辛斯患有视网膜色素变性（RP，显性遗传RP13型），凯普患有黄斑变性（MD）。由于两种疾病导致的视野缺损不同，两人决定以共同的结构、各自的视角分别叙述，并戏称两人合起来拥有""20/20""的完整视力。

章节开篇概述了内容安排：包括症状与确诊经历、渐进性视力丧失的冲击，以及与医生、父母、兄弟姐妹、伴侣相处的经历，还涉及学校、大学、职业生涯、体育运动、社交和旅行中的挑战。结尾谈到当今形势的不同，包括视网膜国际组织在提高公众认知方面的努力、辅助技术的进步以及立法和环境改善，并对未来作出展望。

詹姆斯·凯普的自述部分讲述了他1951年出生，姐姐于1958年被确诊MD。他在27岁参加军事体检时视力问题才被发现，后经确诊为MD。这一消息令他震惊、愤怒并陷入否认状态。他从医生那里得到重要建议：""不要放弃你的眼睛，而是让你的眼睛放弃你""，即不要主动放弃日常活动，而是让理智和现实来引导调整。在运动方面，他先后放弃了越来越难以胜任的垒球和棒球，调整壁球打法以配合视野，并坚持打曲棍球，依靠队友的喊话提示和场上直觉来弥补视力不足；他也因此被联赛中的人戏称为""聋人球员""。

章节的科学部分探讨了视网膜疾病的遗传学研究。研究发现同一RDS基因突变可在家族中导致RP、图形状营养不良或眼底黄色斑点症等多种不同表型。Sorsby眼底营养不良与TIMP3基因突变有关，其中Ser181Cys突变在许多国家可能是始祖效应所致。RP1基因的Arg677Ter提前终止密码子突变表现出明显的表型变异性，提示修饰基因和环境因素的作用。CYP1B1突变与沙特阿拉伯人群的原发性先天性青光眼相关，有研究提出该人群中可能存在显性修饰基因。

在AMD遗传学方面，补体因子H的多态性（第402位氨基酸改变）与AMD相关，因子B与干性AMD相关，凸显了补体替代通路和炎症在AMD发病中的作用。针对亚洲人群的研究发现，染色体10q26上的HTRA1基因与湿性AMD显著相关，患者体内HTRA1的RNA和蛋白质水平升高。尽管干性和湿性AMD看似是两种不同的疾病，但HTRA1在干性AMD标志性病变玻璃膜疣中表达升高，提示该基因可能在两种类型中均发挥作用。作者认为，遗传学研究的进展有望鉴定更多风险基因，为AMD的病理机制理解、诊断预测及下一代疗法开发奠定基础。","# Summary
本文是一篇关于应对视网膜变性的章节，由两位患者——戈登·考辛斯与詹姆斯·凯普——合作撰写。考辛斯患有视网膜色素变性（RP，显性遗传RP13型），凯普患有黄斑变性（MD）。由于两种疾病导致的视野缺损不同，两人决定以共同的结构、各自的视角分别叙述，并戏称两人合起来拥有""20/20""的完整视力。

章节开篇概述了内容安排：包括症状与确诊经历、渐进性视力丧失的冲击，以及与医生、父母、兄弟姐妹、伴侣相处的经历，还涉及学校、大学、职业生涯、体育运动、社交和旅行中的挑战。结尾谈到当今形势的不同，包括视网膜国际组织在提高公众认知方面的努力、辅助技术的进步以及立法和环境改善，并对未来作出展望。

詹姆斯·凯普的自述部分讲述了他1951年出生，姐姐于1958年被确诊MD。他在27岁参加军事体检时视力问题才被发现，后经确诊为MD。这一消息令他震惊、愤怒并陷入否认状态。他从医生那里得到重要建议：""不要放弃你的眼睛，而是让你的眼睛放弃你""，即不要主动放弃日常活动，而是让理智和现实来引导调整。在运动方面，他先后放弃了越来越难以胜任的垒球和棒球，调整壁球打法以配合视野，并坚持打曲棍球，依靠队友的喊话提示和场上直觉来弥补视力不足；他也因此被联赛中的人戏称为""聋人球员""。

章节的科学部分探讨了视网膜疾病的遗传学研究。研究发现同一RDS基因突变可在家族中导致RP、图形状营养不良或眼底黄色斑点症等多种不同表型。Sorsby眼底营养不良与TIMP3基因突变有关，其中Ser181Cys突变在许多国家可能是始祖效应所致。RP1基因的Arg677Ter提前终止密码子突变表现出明显的表型变异性，提示修饰基因和环境因素的作用。CYP1B1突变与沙特阿拉伯人群的原发性先天性青光眼相关，有研究提出该人群中可能存在显性修饰基因。

在AMD遗传学方面，补体因子H的多态性（第402位氨基酸改变）与AMD相关，因子B与干性AMD相关，凸显了补体替代通路和炎症在AMD发病中的作用。针对亚洲人群的研究发现，染色体10q26上的HTRA1基因与湿性AMD显著相关，患者体内HTRA1的RNA和蛋白质水平升高。尽管干性和湿性AMD看似是两种不同的疾病，但HTRA1在干性AMD标志性病变玻璃膜疣中表达升高，提示该基因可能在两种类型中均发挥作用。作者认为，遗传学研究的进展有望鉴定更多风险基因，为AMD的病理机制理解、诊断预测及下一代疗法开发奠定基础。",本书出版于2007年，是面向眼科医师、视网膜专科医生、遗传学与视觉科学研究者及转化医学人员的综合性专著。内容从患者应对视网膜变性切入，系统讨论年龄相关性黄斑变性（AMD）、Leber先天性黑蒙、Stargardt病、X连锁幼年性视网膜劈裂、Usher综合征、视网膜色素变性（RP）及糖尿病视网膜病变，并介绍相关小鼠模型。全书进一步解析糖尿病对神经元、胶质和血管细胞的影响、玻璃膜疣、RPE脂褐质、遗传修饰因子、微管功能和突触重塑等机制；涵盖AMD表型与流行病学、分子诊断、ERG、眼底彩照、自发荧光、红外成像、玻璃膜疣图像分割与定量。治疗部分涉及抗凋亡与神经保护、营养和药物干预、碳酸酐酶抑制剂、RPE65基因治疗、基因递送、封装细胞技术及CNTF、RPE/IPE移植、视网膜片移植、干细胞和细胞替代治疗，并讨论黄斑下手术及临床试验。
85,"Retinal Imaging-Venkatesh, Garg, Azad 2008",normalized_exact,06-眼底病与视网膜内科,f900fe21-9deb-47e0-bf36-ce06022cae92,10000,4e05eb33-1427-4f1a-852b-7d1f933a1759,"Retinal Imaging-Venkatesh, Garg, Azad 2008_weknora.mhtml","Retinal Imaging-Venkatesh, Garg, Azad 2008_weknora.mhtml",completed,,,361,977,df77b354569ff4ba9bcf7f490a650bfc570b5f907f1eaf6901167e7fae67ce32,,,本书出版于2008年，是面向眼科、视网膜专科及眼科影像诊疗人员的影像学参考书，强调利用多种成像技术辅助视网膜及眼眶疾病的发现、鉴别诊断、分期、治疗反应评估和术前定位。全书涵盖PET/PET-CT与放射性示踪剂，眼科CT、MRI等现代断层成像，超声及超声生物显微镜，荧光素眼底血管造影、吲哚菁绿血管造影、RetCam眼底成像、光学相干断层扫描（OCT）、扫描激光眼底镜HRT II，以及眼底自发荧光、立体成像和口服荧光素血管造影等特殊技术。内容结合大量数字图像，涉及脉络膜黑色素瘤、视网膜母细胞瘤、Coats病、永存性原始玻璃体、视网膜血管瘤、眼内钙化、眼外伤与眼内异物、玻璃体及视网膜脱离、囊虫病、包虫囊肿和神经皮肤综合征，突出PET-CT肿瘤分期及疗效监测、CT钙化识别、MRI鉴别诊断、超声定位和OCT层析评估等应用。
86,"Retinoblastoma-Carlos Rodriguez-Galindo, Matthew W. Wilson 2010",normalized_exact,12-眼眶与眼肿瘤,e785de98-5837-4eea-89a8-6a46cacb5173,10000,ee36ffee-f4b6-4f45-a415-d9d58efde075,"Retinoblastoma-Carlos Rodriguez-Galindo, Matthew W. Wilson 2010_weknora.mhtml","Retinoblastoma-Carlos Rodriguez-Galindo, Matthew W. Wilson 2010_weknora.mhtml",completed,ab03688d-e17a-4294-a326-9431266a05ee,2e56c945-ab6a-4cb0-b268-cc97161c5508,347,989,f574b73341ee060620a8d5df5dc05f9fa36caa0835c291d48788682bb52c82e9,"视网膜母细胞瘤（Retinoblastoma）是一种罕见但对癌症研究具有重要意义的疾病。该书由Carlos Rodriguez-Galindo和Matthew W. Wilson主编，汇集了多位专家，从生物学、流行病学及临床治疗等多个维度对该病进行了深入探讨。

该文档的核心内容包括以下几个方面：

1.  **遗传学基础与研究历程**：视网膜母细胞瘤的研究推动了癌症遗传学的发展。Alfred Knudson提出的“二次打击假说”（two-hit hypothesis）为肿瘤抑制基因的研究奠定了概念框架，并促成了RB1基因的发现。尽管RB1在人类肿瘤中起关键作用，但小鼠模型研究揭示了物种间的复杂性，即单纯的Rb1缺失并不足以在小鼠中诱发视网膜母细胞瘤。
2.  **多学科治疗模式**：现代视网膜母细胞瘤的治疗强调多学科协作，涵盖肿瘤学、眼科学及发育评估。治疗目标已从单纯的生存转向眼球保留及视觉功能保护。
3.  **临床治疗策略**：治疗方案根据疾病分期（R-E分期及国际分期）而定。对于早期病例，化疗（如长春新碱、卡铂等）效果显著；对于晚期病例（如D组），尽管化疗联合局部治疗已成为主流，但眼球保留率仍面临挑战，且常需结合放射治疗。此外，研究者探讨了通过环孢素等药物抑制ATP结合盒转运蛋白以克服化疗耐药的可能性。
4.  **全球医疗差异**：尽管发达国家在眼球保留方面取得了进展，但发展中国家仍面临诊断延迟、医疗资源匮乏及治疗效果不佳的严峻挑战。
5.  **鉴别诊断**：文档通过影像学资料详细列举了视网膜母细胞瘤的分期标准（A-E组），并提供了包括视网膜星形细胞瘤、脉络膜骨瘤、Coats病、髓上皮瘤、弓蛔虫脉络膜视网膜炎及永存性原始玻璃体增生症（PFV）等疾病的鉴别诊断依据。

总体而言，该书旨在总结视网膜母细胞瘤从基础生物学到临床实践的最新进展，强调了在不断进步的治疗手段中，提升全球诊疗水平与关注患者长期预后的重要性。","# Summary
视网膜母细胞瘤（Retinoblastoma）是一种罕见但对癌症研究具有重要意义的疾病。该书由Carlos Rodriguez-Galindo和Matthew W. Wilson主编，汇集了多位专家，从生物学、流行病学及临床治疗等多个维度对该病进行了深入探讨。

该文档的核心内容包括以下几个方面：

1.  **遗传学基础与研究历程**：视网膜母细胞瘤的研究推动了癌症遗传学的发展。Alfred Knudson提出的“二次打击假说”（two-hit hypothesis）为肿瘤抑制基因的研究奠定了概念框架，并促成了RB1基因的发现。尽管RB1在人类肿瘤中起关键作用，但小鼠模型研究揭示了物种间的复杂性，即单纯的Rb1缺失并不足以在小鼠中诱发视网膜母细胞瘤。
2.  **多学科治疗模式**：现代视网膜母细胞瘤的治疗强调多学科协作，涵盖肿瘤学、眼科学及发育评估。治疗目标已从单纯的生存转向眼球保留及视觉功能保护。
3.  **临床治疗策略**：治疗方案根据疾病分期（R-E分期及国际分期）而定。对于早期病例，化疗（如长春新碱、卡铂等）效果显著；对于晚期病例（如D组），尽管化疗联合局部治疗已成为主流，但眼球保留率仍面临挑战，且常需结合放射治疗。此外，研究者探讨了通过环孢素等药物抑制ATP结合盒转运蛋白以克服化疗耐药的可能性。
4.  **全球医疗差异**：尽管发达国家在眼球保留方面取得了进展，但发展中国家仍面临诊断延迟、医疗资源匮乏及治疗效果不佳的严峻挑战。
5.  **鉴别诊断**：文档通过影像学资料详细列举了视网膜母细胞瘤的分期标准（A-E组），并提供了包括视网膜星形细胞瘤、脉络膜骨瘤、Coats病、髓上皮瘤、弓蛔虫脉络膜视网膜炎及永存性原始玻璃体增生症（PFV）等疾病的鉴别诊断依据。

总体而言，该书旨在总结视网膜母细胞瘤从基础生物学到临床实践的最新进展，强调了在不断进步的治疗手段中，提升全球诊疗水平与关注患者长期预后的重要性。",本书出版于2010年，是面向儿童肿瘤科、眼科、病理科、遗传咨询人员及相关研究者的视网膜母细胞瘤专业参考书。全书从RB1肿瘤抑制基因、Knudson“两次打击”假说、继发遗传改变、细胞起源和动物模型入手，延伸至流行病学与危险因素；系统讲解白瞳症、斜视等临床表现，病史与眼科检查、麻醉下检查（EUA）、超声/眼底检查、血管造影、MRI及鉴别诊断，并涵盖分组分期、细针穿刺、组织病理、眼外侵犯、转移和三侧性视网膜母细胞瘤。书中重点讨论RB1分子检测、遗传方式、产前检测和遗传咨询，以及放射治疗、全身化疗、围眼/玻璃体内/眼动脉化疗、局部治疗和眼球摘除术；同时涉及高危及转移性疾病、继发恶性肿瘤、视力与认知发育、白内障和斜视手术、低视力康复，并专章分析发展中国家的延迟诊断、医疗资源不足及早期发现策略。
87,Review of Ophthalmology- William Trattler 2012,normalized_exact,01-眼科综合：基础与全身病,09c593aa-1a64-48de-af81-fc4d30d551b4,10000,5b4f8e14-ea4a-4fda-a3ff-72341bea279a,Review of Ophthalmology- William Trattler 2012_weknora.mhtml,Review of Ophthalmology- William Trattler 2012_weknora.mhtml,completed,17b790c8-2334-4fdd-887d-457a57286ef3,27572be0-973a-42f4-829c-b7c76319ea71,366,1080,f8f3ada3c407350e5732a2afb2cf5177de8f059ff34c00e5fa83df2c9d726861,"《眼科学回顾》（第二版）是一部旨在为眼科专业考试提供全面复习资料的学术教材。该书由William B. Trattler、Peter K. Kaiser和Neil J. Friedman共同编写，内容涵盖了眼科学的核心知识领域，并针对考试中常见的难点和前沿医疗技术进行了重点梳理。

该书的主要内容要点包括：

1.  **基础光学原理**：详细阐述了光的物理特性，包括波粒二象性、折射率、干涉、偏振、衍射及散射等现象。书中特别解释了这些光学原理在眼科临床中的应用，例如抗反射涂层、OCT（光学相干断层扫描）、针孔效应以及角膜和晶状体对光的影响。
2.  **眼部解剖与生理**：书中深入探讨了眼部各结构的生理功能，如结膜的组织学特征、泪膜的三层结构（脂质层、水液层、黏蛋白层）及其成分，以及角膜的生理测量指标。
3.  **临床病理与诊断**：通过大量的练习题和解析，涵盖了多种眼科疾病的诊断与治疗，包括视网膜疾病（如糖尿病视网膜病变、AMD、视网膜脱离）、眼眶疾病（如甲状腺相关眼病、眼眶植入物并发症）以及角膜与外眼疾病。
4.  **考试准备与临床实践**：教材结构分为11个章节，每章末尾配有选择题，旨在帮助读者巩固核心知识。书中还强调了临床试验结果的重要性，并提醒从业者在处理药物剂量、诊断及治疗方案时，必须结合患者个体情况并遵循最新的临床实践指南。

总体而言，本书通过系统化的知识架构和针对性的练习，为眼科医生和相关专业人员提供了一份兼顾基础理论与临床实践的综合性复习参考。","# Summary
《眼科学回顾》（第二版）是一部旨在为眼科专业考试提供全面复习资料的学术教材。该书由William B. Trattler、Peter K. Kaiser和Neil J. Friedman共同编写，内容涵盖了眼科学的核心知识领域，并针对考试中常见的难点和前沿医疗技术进行了重点梳理。

该书的主要内容要点包括：

1.  **基础光学原理**：详细阐述了光的物理特性，包括波粒二象性、折射率、干涉、偏振、衍射及散射等现象。书中特别解释了这些光学原理在眼科临床中的应用，例如抗反射涂层、OCT（光学相干断层扫描）、针孔效应以及角膜和晶状体对光的影响。
2.  **眼部解剖与生理**：书中深入探讨了眼部各结构的生理功能，如结膜的组织学特征、泪膜的三层结构（脂质层、水液层、黏蛋白层）及其成分，以及角膜的生理测量指标。
3.  **临床病理与诊断**：通过大量的练习题和解析，涵盖了多种眼科疾病的诊断与治疗，包括视网膜疾病（如糖尿病视网膜病变、AMD、视网膜脱离）、眼眶疾病（如甲状腺相关眼病、眼眶植入物并发症）以及角膜与外眼疾病。
4.  **考试准备与临床实践**：教材结构分为11个章节，每章末尾配有选择题，旨在帮助读者巩固核心知识。书中还强调了临床试验结果的重要性，并提醒从业者在处理药物剂量、诊断及治疗方案时，必须结合患者个体情况并遵循最新的临床实践指南。

总体而言，本书通过系统化的知识架构和针对性的练习，为眼科医生和相关专业人员提供了一份兼顾基础理论与临床实践的综合性复习参考。",本书出版于2012年，是面向眼科医师、住院医师及备考者的综合性考试复习教材，强调核心知识、临床试验、新型药物与手术，并配有章节末选择题。全书涵盖光学与屈光矫正、眼科药理、眼胚胎学与病理学、神经眼科、儿童眼科与斜视、眼眶/眼睑/附属器、角膜与外眼病、葡萄膜炎、青光眼、前节及后节疾病。内容涉及光的折射、棱镜、调节、接触镜、低视力辅助器具、人工晶状体和眼科仪器；自主神经药物、降眼压药、抗炎、抗过敏、免疫抑制及抗感染治疗；视路、复视、瞳孔和眼肌障碍；弱视、眼球震颤、斜视手术；眼眶影像、泪道疾病及眼睑整形；干眼、结膜炎、角膜炎、圆锥角膜、巩膜炎、屈光手术与角膜移植；前葡萄膜炎、睫状体平坦部炎及后葡萄膜炎；房角镜、视野、眼压、青光眼药物和滤过手术；白内障、人工晶状体、玻璃体、视网膜电生理、荧光素血管造影、OCT、视网膜疾病及激光治疗。
88,SD-OCT Imaging of the Eye-Anand Vinekar 2013,normalized_exact,14-检查：OCT/OCTA,7859da35-5359-43bb-bca6-4f99792392ea,10000,367d01a5-592c-42ae-b762-1b9b22dbc7e3,SD-OCT Imaging of the Eye-Anand Vinekar 2013_weknora.mhtml,SD-OCT Imaging of the Eye-Anand Vinekar 2013_weknora.mhtml,completed,13b91486-d558-4820-bd31-7d610089f7dc,b62716ac-9724-4f5d-ad73-244b2d1b8d04,423,1123,437fccc8cc272e735aaa416a3266b147d15a310f0893dc800b591346b504abec,"《眼部频域光学相干断层扫描成像》（Spectral-domain Optical Coherence Tomography Imaging of the Eye）是一部以病例研究为核心的眼科影像图谱，由Anand Vinekar和Kavitha Avadhani主编。该书旨在通过临床病例展示频域光学相干断层扫描（SD-OCT）在眼科临床诊断与治疗中的应用价值。

该书的主要内容涵盖以下几个方面：

1.  **临床病例导向的教学模式**：全书摒弃了传统的说教式编写风格，通过收录100多个涵盖眼科各亚专科的真实病例，以“病例讨论”的形式呈现。这种方式不仅直观展示了疾病的临床表现，还强调了SD-OCT影像在定义诊断和指导治疗方案中的关键作用。
2.  **广泛的眼科覆盖范围**：该书内容全面，涵盖了眼前节（如角膜、晶状体）和眼后节（如视网膜、脉络膜）疾病。书中不仅讨论了常见的眼部病变，还纳入了部分罕见病例，并邀请了全球多位专家参与编写，具有较强的国际参考价值。
3.  **SD-OCT的技术应用与监测**：书中详细探讨了SD-OCT在视网膜静脉阻塞（CRVO）、中心性浆液性脉络膜视网膜病变（CSCR）以及伏格特-小柳-原田综合征（VKH）等疾病中的应用。通过对比治疗前后的影像（如黄斑中心凹厚度变化、囊样水肿的消退、光感受器内外节连接层的完整性等），展示了该技术在评估治疗效果和预后判断中的重要性。
4.  **临床实践的补充**：编者明确指出，该书并非旨在取代传统的眼科教科书，而是作为临床实践的补充。它通过丰富的影像资料，帮助住院医师、专科进修生及临床医生更好地理解眼部疾病的病理生理过程，从而提升患者的诊疗质量。

总之，该书通过图文并茂的病例集锦，系统地展示了SD-OCT技术如何通过高分辨率成像为眼科疾病的诊断与随访提供深层洞察，是眼科专业人员了解和掌握现代眼部影像诊断技术的实用参考书。","# Summary
《眼部频域光学相干断层扫描成像》（Spectral-domain Optical Coherence Tomography Imaging of the Eye）是一部以病例研究为核心的眼科影像图谱，由Anand Vinekar和Kavitha Avadhani主编。该书旨在通过临床病例展示频域光学相干断层扫描（SD-OCT）在眼科临床诊断与治疗中的应用价值。

该书的主要内容涵盖以下几个方面：

1.  **临床病例导向的教学模式**：全书摒弃了传统的说教式编写风格，通过收录100多个涵盖眼科各亚专科的真实病例，以“病例讨论”的形式呈现。这种方式不仅直观展示了疾病的临床表现，还强调了SD-OCT影像在定义诊断和指导治疗方案中的关键作用。
2.  **广泛的眼科覆盖范围**：该书内容全面，涵盖了眼前节（如角膜、晶状体）和眼后节（如视网膜、脉络膜）疾病。书中不仅讨论了常见的眼部病变，还纳入了部分罕见病例，并邀请了全球多位专家参与编写，具有较强的国际参考价值。
3.  **SD-OCT的技术应用与监测**：书中详细探讨了SD-OCT在视网膜静脉阻塞（CRVO）、中心性浆液性脉络膜视网膜病变（CSCR）以及伏格特-小柳-原田综合征（VKH）等疾病中的应用。通过对比治疗前后的影像（如黄斑中心凹厚度变化、囊样水肿的消退、光感受器内外节连接层的完整性等），展示了该技术在评估治疗效果和预后判断中的重要性。
4.  **临床实践的补充**：编者明确指出，该书并非旨在取代传统的眼科教科书，而是作为临床实践的补充。它通过丰富的影像资料，帮助住院医师、专科进修生及临床医生更好地理解眼部疾病的病理生理过程，从而提升患者的诊疗质量。

总之，该书通过图文并茂的病例集锦，系统地展示了SD-OCT技术如何通过高分辨率成像为眼科疾病的诊断与随访提供深层洞察，是眼科专业人员了解和掌握现代眼部影像诊断技术的实用参考书。",本书是2013年出版的眼科SD-OCT影像病例图谱，面向眼科住院医师、专科进修医师、临床专家及学术研究者。全书以病例研究和图像解读为主，涵盖OCT成像原理、SD-OCT局限与进展、SPECTRALIS及Bioptigen Envisu设备、手持式及婴幼儿检查、角膜和泪膜影像解读；随后按角膜、晶状体、青光眼、视网膜、儿童视网膜和葡萄膜展开。内容涉及干眼与接触镜、角膜营养不良、角膜炎、圆锥角膜、角膜移植、角膜交联、LASIK及并发症、白内障和人工晶状体；房角、虹膜、房水引流、青光眼神经纤维层及引流装置成像；糖尿病黄斑水肿、年龄相关性黄斑变性、视网膜血管阻塞、黄斑裂孔、视网膜前膜、视网膜色素变性等；还包括早产儿视网膜病变、视网膜母细胞瘤、婴幼儿黄斑发育，以及葡萄膜炎、感染性视网膜炎和脉络膜疾病。关键词包括AS-OCT、EDI、眼底自发荧光、荧光素及吲哚菁绿血管造影、眼球追踪、角膜移植、DALK、DSAEK、LASIK、玻璃体切割及药物治疗。
89,Signs in Ophthalmology- Causes and Differential Diagnosis-Kanski 2010,normalized_exact,22-检查：综合检查与仪器,16f1a07d-8623-4655-b09e-502d32d0610a,10000,1c4cc273-8cf9-441e-bcf8-8904117ad688,Signs in Ophthalmology- Causes and Differential Diagnosis-Kanski 2010_weknora.mhtml,Signs in Ophthalmology- Causes and Differential Diagnosis-Kanski 2010_weknora.mhtml,completed,f7f7731f-caac-483c-b4a0-a1c600577e66,6fad04f6-7712-4a1a-9418-ca3f414aa246,290,858,2440c798e122f39c8507894190415cf0fe1c3572aa2f864d6eeac8f6fb2c5cf2,"本书《眼科体征：病因与鉴别诊断》（Signs in Ophthalmology: Causes and Differential Diagnosis）由Jack J. Kanski编写，旨在为眼科医生和验光师提供临床体征的识别、病因分析及鉴别诊断指南。该书通过简洁且全面的文字，结合丰富的临床图像，帮助读者准确解读眼部疾病的体征。

本书的核心内容涵盖以下几个方面：

1.  **眼部体征的系统性分类**：书中详细记录了从眼睑（如睫毛脱落、白发症）到虹膜（如虹膜缺损、萎缩、色素沉着异常）等多种眼部结构的临床表现。针对每种体征，书中列举了详细的病因分类，包括局部病变、全身性疾病及医源性因素。
2.  **虹膜与前房疾病的诊断**：书中深入探讨了多种虹膜异常，如假性剥脱综合征、糖尿病虹膜病变、以及由疱疹病毒、风湿性疾病或先天性发育异常（如无虹膜症、虹膜缺损）引起的虹膜改变，并强调了这些体征与青光眼及其他眼部并发症的关联。
3.  **全身性疾病的眼部表现**：书末章节专门讨论了具有眼部表现的全身性疾病，包括皮肤病变（如血管炎、坏死性脂质渐进病、鱼鳞病）、肿瘤性疾病（如Kaposi肉瘤、神经纤维瘤病）以及生殖器病变（如白塞病、史蒂文斯-约翰逊综合征、梅毒等）。
4.  **临床导航与辅助检查**：书中采用了颜色编码的导航系统，并结合荧光素血管造影和磁共振成像（MR）等特殊检查手段，为临床医生提供诊断支持。

总体而言，该书强调了临床观察在眼科诊断中的重要性，通过对特定体征的深入剖析，引导医生识别潜在的全身性病理过程，从而为患者制定准确的诊疗方案。","# Summary
本书《眼科体征：病因与鉴别诊断》（Signs in Ophthalmology: Causes and Differential Diagnosis）由Jack J. Kanski编写，旨在为眼科医生和验光师提供临床体征的识别、病因分析及鉴别诊断指南。该书通过简洁且全面的文字，结合丰富的临床图像，帮助读者准确解读眼部疾病的体征。

本书的核心内容涵盖以下几个方面：

1.  **眼部体征的系统性分类**：书中详细记录了从眼睑（如睫毛脱落、白发症）到虹膜（如虹膜缺损、萎缩、色素沉着异常）等多种眼部结构的临床表现。针对每种体征，书中列举了详细的病因分类，包括局部病变、全身性疾病及医源性因素。
2.  **虹膜与前房疾病的诊断**：书中深入探讨了多种虹膜异常，如假性剥脱综合征、糖尿病虹膜病变、以及由疱疹病毒、风湿性疾病或先天性发育异常（如无虹膜症、虹膜缺损）引起的虹膜改变，并强调了这些体征与青光眼及其他眼部并发症的关联。
3.  **全身性疾病的眼部表现**：书末章节专门讨论了具有眼部表现的全身性疾病，包括皮肤病变（如血管炎、坏死性脂质渐进病、鱼鳞病）、肿瘤性疾病（如Kaposi肉瘤、神经纤维瘤病）以及生殖器病变（如白塞病、史蒂文斯-约翰逊综合征、梅毒等）。
4.  **临床导航与辅助检查**：书中采用了颜色编码的导航系统，并结合荧光素血管造影和磁共振成像（MR）等特殊检查手段，为临床医生提供诊断支持。

总体而言，该书强调了临床观察在眼科诊断中的重要性，通过对特定体征的深入剖析，引导医生识别潜在的全身性病理过程，从而为患者制定准确的诊疗方案。",本书出版于2010年，是面向眼科培训医师与验光师的临床诊断参考书，强调通过准确观察和正确解释眼部体征，分析病因并进行鉴别诊断。全书按解剖部位与表现组织，涵盖眼睑、眼眶、结膜、巩膜、角膜、前房、眼压与房角、虹膜、瞳孔、晶状体、玻璃体、视神经乳头、眼底、眼球运动及全身体征；内容涉及睑缘炎、眼睑肿胀与肿瘤、突眼、结膜炎、巩膜炎、角膜水肿与溃疡、前葡萄膜炎、青光眼、白内障、玻璃体混浊、视盘水肿与萎缩、黄斑病变、视网膜脱离、斜视、眼球震颤及相关皮肤、口腔、关节和生殖系统表现。书中结合大量临床图像，突出体征对照、系统性疾病关联和视觉症状的鉴别，并介绍荧光素血管造影、MR等特殊检查技术。
90,Spinger-Endophthalmitis-Marlene L Durand 2016,normalized_exact,08-葡萄膜炎与眼内炎症,2c1efff9-0960-4d4b-a4c3-7acfb9411151,10000,d44fa63b-060b-4796-90e3-ea11e4311380,Spinger-Endophthalmitis-Marlene L Durand 2016_weknora.mhtml,Spinger-Endophthalmitis-Marlene L Durand 2016_weknora.mhtml,completed,68de1cec-9578-45c8-bee1-e7a4ef1a25ff,c71be5a1-41ab-4cdf-92a7-27b288022896,355,1025,287da76d171209a728354b18db2d0ea51e3ea53122bab6143113d05fc60cc4a4,"眼内炎是一种严重的眼部感染，通常累及玻璃体或房水，可导致视力不可逆转的下降甚至失明。该病多为外源性，常见诱因包括白内障手术、玻璃体腔注射、眼球穿通伤以及青光眼滤过泡等装置相关感染；内源性眼内炎则源于血源性感染。

本文档涵盖了眼内炎的多个核心方面：

1.  **流行病学与分类**：眼内炎的类型包括术后、注射后、外伤后、内源性及装置相关性等。全球范围内，不同地区和医疗机构的病因构成存在差异。近年来，随着抗血管内皮生长因子（anti-VEGF）药物注射的普及，注射后眼内炎的比例显著上升。
2.  **诊断技术**：临床诊断依赖于微生物学和分子生物学方法。传统实验室培养技术正辅以质谱分析等新技术，而聚合酶链反应（PCR）等分子技术在快速诊断中发挥着日益重要的作用。
3.  **治疗策略**：眼内炎被视为医疗急症，需及时干预。治疗方案根据感染严重程度而定，通常包括玻璃体腔注射抗生素（如万古霉素和头孢他啶）及全身性抗生素治疗。对于严重病例，可能需要进行紧急玻璃体切除手术。此外，辅助使用皮质类固醇可能有助于改善视力预后。
4.  **预防措施**：由于缺乏大规模随机对照试验，最佳预防方案尚不完全明确。针对青光眼滤过泡、青光眼引流装置（GDD）及人工角膜（KPro）患者，建议加强患者教育、及时修复结膜糜烂、长期使用局部抗生素预防，并考虑接种肺炎球菌疫苗以降低感染风险。

总体而言，眼内炎的诊疗需要临床医生的高度警惕，通过早期诊断和规范化的抗感染治疗，旨在最大限度地挽救患者视力。","# Summary
眼内炎是一种严重的眼部感染，通常累及玻璃体或房水，可导致视力不可逆转的下降甚至失明。该病多为外源性，常见诱因包括白内障手术、玻璃体腔注射、眼球穿通伤以及青光眼滤过泡等装置相关感染；内源性眼内炎则源于血源性感染。

本文档涵盖了眼内炎的多个核心方面：

1.  **流行病学与分类**：眼内炎的类型包括术后、注射后、外伤后、内源性及装置相关性等。全球范围内，不同地区和医疗机构的病因构成存在差异。近年来，随着抗血管内皮生长因子（anti-VEGF）药物注射的普及，注射后眼内炎的比例显著上升。
2.  **诊断技术**：临床诊断依赖于微生物学和分子生物学方法。传统实验室培养技术正辅以质谱分析等新技术，而聚合酶链反应（PCR）等分子技术在快速诊断中发挥着日益重要的作用。
3.  **治疗策略**：眼内炎被视为医疗急症，需及时干预。治疗方案根据感染严重程度而定，通常包括玻璃体腔注射抗生素（如万古霉素和头孢他啶）及全身性抗生素治疗。对于严重病例，可能需要进行紧急玻璃体切除手术。此外，辅助使用皮质类固醇可能有助于改善视力预后。
4.  **预防措施**：由于缺乏大规模随机对照试验，最佳预防方案尚不完全明确。针对青光眼滤过泡、青光眼引流装置（GDD）及人工角膜（KPro）患者，建议加强患者教育、及时修复结膜糜烂、长期使用局部抗生素预防，并考虑接种肺炎球菌疫苗以降低感染风险。

总体而言，眼内炎的诊疗需要临床医生的高度警惕，通过早期诊断和规范化的抗感染治疗，旨在最大限度地挽救患者视力。",本书出版于2016年，是Springer出版的眼内炎专业临床与研究参考书，面向眼科医师、感染科医师及相关研究人员，重点服务于眼内感染的快速识别、病原学诊断、治疗与预防。全书从眼内炎概述、流行病学和细菌性眼内炎发病机制入手，系统介绍微生物培养、病原体鉴定、质谱和聚合酶链式反应（PCR）等诊断技术；随后围绕急性术后及白内障术后眼内炎、慢性伪装性葡萄膜炎、抗VEGF或糖皮质激素玻璃体腔注射后眼内炎、滤过泡相关、眼外伤后、内源性、外源性真菌性、器械相关，以及免疫抑制或糖尿病患者眼内炎展开，涵盖临床表现、病原体、检查、治疗和视力预后。内容还讨论葡萄球菌、链球菌、肠球菌、铜绿假单胞菌、蜡样芽孢杆菌、肺炎克雷伯菌及真菌感染，涉及玻璃体/房水取样、培养、玻璃体切除术、眼内抗菌药物、全身治疗、抗生素耐药与围手术期预防。
91,Springer-Anatomy and Examination in Ocular Trauma-Hua Yan 2019,normalized_exact,13-眼外伤与急症,06e9888f-5d59-49c9-9218-d078b456f01b,10000,9dfd6fda-a8a4-4650-b86c-5aebdbf98e9c,Springer-Anatomy and Examination in Ocular Trauma-Hua Yan 2019_weknora.mhtml,Springer-Anatomy and Examination in Ocular Trauma-Hua Yan 2019_weknora.mhtml,completed,26d29438-78d5-4805-9fb0-c51dea9a13e0,40436170-bf92-4237-bbee-4bd1faebd749,328,906,0660249af8dd07bfa8b0c570598fb96e65d024ce97ed56cd0c46825b5777429c,"本书《眼外伤：解剖与检查》（Ocular Trauma: Anatomy and Examination）由华岩教授主编，旨在为眼科医生及急诊医师提供关于眼外伤诊断与治疗的全面指导。该书强调，针对眼外伤的及时诊断与有效干预对于挽救视力至关重要，要求临床医生不仅需具备扎实的眼部解剖学理论知识，还需掌握规范的检查流程与急诊处理方案。

全书涵盖了眼外伤的多个核心领域，主要内容包括：

1.  **眼部解剖学基础**：详细阐述了眼球各结构（如角膜、巩膜、视网膜等）的解剖特征及其在机械性损伤中的病理表现。书中特别分析了角膜的五层结构及其对损伤的反应，以及眼球各腔室的生理功能。
2.  **损伤机制与视觉通路影响**：探讨了加速与减速运动导致的钝挫伤对视觉通路的影响，详细列举了视神经、视交叉、视束及视放射等部位受损后导致的各类视野缺损表现，如双颞侧偏盲、同向偏盲等。
3.  **临床检查规范**：强调了针对眼睑、眼球前段及后段外伤的标准化检查流程。通过系统化的物理检查，医生能够更精准地评估损伤程度，为后续的治疗决策提供依据。
4.  **临床数据管理与随访**：书中引入了眼外伤信息系统（EIVS）的病例报告表与随访登记表，涵盖了视力（BCVA）、眼压（IOP）、视网膜状态、填塞物使用及长期并发症等关键指标，旨在通过规范化的数据记录提升临床诊疗质量与预后评估。

本书通过结合解剖学知识与临床实践指南，为眼科临床工作者提供了从理论到实操的系统性参考，旨在通过规范化的急诊处理流程，最大程度地保护患者的视功能。","# Summary
本书《眼外伤：解剖与检查》（Ocular Trauma: Anatomy and Examination）由华岩教授主编，旨在为眼科医生及急诊医师提供关于眼外伤诊断与治疗的全面指导。该书强调，针对眼外伤的及时诊断与有效干预对于挽救视力至关重要，要求临床医生不仅需具备扎实的眼部解剖学理论知识，还需掌握规范的检查流程与急诊处理方案。

全书涵盖了眼外伤的多个核心领域，主要内容包括：

1.  **眼部解剖学基础**：详细阐述了眼球各结构（如角膜、巩膜、视网膜等）的解剖特征及其在机械性损伤中的病理表现。书中特别分析了角膜的五层结构及其对损伤的反应，以及眼球各腔室的生理功能。
2.  **损伤机制与视觉通路影响**：探讨了加速与减速运动导致的钝挫伤对视觉通路的影响，详细列举了视神经、视交叉、视束及视放射等部位受损后导致的各类视野缺损表现，如双颞侧偏盲、同向偏盲等。
3.  **临床检查规范**：强调了针对眼睑、眼球前段及后段外伤的标准化检查流程。通过系统化的物理检查，医生能够更精准地评估损伤程度，为后续的治疗决策提供依据。
4.  **临床数据管理与随访**：书中引入了眼外伤信息系统（EIVS）的病例报告表与随访登记表，涵盖了视力（BCVA）、眼压（IOP）、视网膜状态、填塞物使用及长期并发症等关键指标，旨在通过规范化的数据记录提升临床诊疗质量与预后评估。

本书通过结合解剖学知识与临床实践指南，为眼科临床工作者提供了从理论到实操的系统性参考，旨在通过规范化的急诊处理流程，最大程度地保护患者的视功能。",本书出版于2019年，是《Ocular Trauma》系列中面向眼科医生、眼外伤急诊医师及临床实践者的基础与检查专著，强调以眼球解剖和规范评估支持及时诊断、视觉功能保护、眼球探查及玻璃体视网膜手术。全书依次涵盖眼球、视觉通路及眼附属器解剖，眼外伤后眼球与眶周结构改变、创伤性视神经病变及泪小管损伤要点；随后系统介绍视力、视野、ERG、VEP、EOG等视觉功能检查，眼睑、眼眶、泪道、前节、后节和眼压的物理检查，以及X线、CT、MRI、B超、UBM、OCT和角膜内皮镜在眼内异物、眼球破裂、晶状体损伤、玻璃体出血等情境中的应用。末两章概述不同国家、职业、交通、军事、运动及儿童眼外伤流行病学，并介绍眼外伤登记、随访、数据汇总和中国眼外伤登记及玻璃体切除研究。
92,Springer-Atlas of ocular anatomy-Mohammad Wakeel Ansari 2016,normalized_exact,01-眼科综合：基础与全身病,09c593aa-1a64-48de-af81-fc4d30d551b4,10000,5e5fe9f4-040b-4c80-9f5f-65dcec5f1d0e,Springer-Atlas of ocular anatomy-Mohammad Wakeel Ansari 2016_weknora.mhtml,Springer-Atlas of ocular anatomy-Mohammad Wakeel Ansari 2016_weknora.mhtml,completed,ee8c361c-4fe2-4fb6-bd18-59b3997d386a,3d17e526-1343-4aed-bf50-5d1548af9582,337,951,d5995b966718e054d9a157b5342c3bdf39c2e63c2853ca290109202d70c7d4d6,"《眼解剖图谱》一书强调了临床医生掌握眼部相关解剖知识对于诊断疾病的重要性。该书通过详细的解剖结构分析，探讨了眼部病理变化与临床表现之间的联系。

本书的核心内容涵盖以下几个方面：

1.  **眼眶解剖与临床病理**：眼眶作为容纳眼球的骨性结构，其空间有限。书中详细描述了眼眶壁的薄弱点（如内侧壁和眶底），并指出外伤或占位性病变如何导致眼球移位（如突眼）、复视、眶壁骨折（如爆裂性骨折）及眶内压力变化。此外，眼眶与鼻窦（如额窦、筛窦）的解剖邻近性使得鼻窦炎症易引发眼眶并发症，如眶蜂窝织炎。
2.  **视觉通路与神经功能**：视觉通路从视神经延伸至枕叶视觉中心。书中阐述了神经纤维在视交叉及视束中的排列方式，并指出通过分析视野缺损的类型，可以有效定位视觉通路中的病变位置。同时，书中区分了缺血性微血管病变与压迫性病变（如垂体肿瘤）对视神经及瞳孔功能的不同影响。
3.  **眼部肌肉与生理功能**：书中详细介绍了眼轮匝肌的结构（睑部与眶部）及其在眨眼、泪液分布及眼睑闭合中的作用。此外，还讨论了眼内肌（如瞳孔括约肌）的神经支配，以及房水循环对维持眼内压和眼球形状的关键作用，并解释了房角狭窄如何导致眼内压急剧升高。
4.  **先天性眼部异常**：书中总结了多种先天性发育缺陷，包括眼球发育异常（如无眼球、小眼球）、眼睑缺损、先天性白内障、虹膜异常及鼻泪管阻塞。作者强调，早期识别这些异常（如白瞳症）对于预防弱视和保护视功能至关重要，并指出双眼视功能的正常发育依赖于清晰的视网膜成像及眼球的协调运动。

总体而言，本书通过解剖学视角，为理解眼部疾病的临床表现、定位诊断及先天性发育异常提供了系统的理论基础。","# Summary
《眼解剖图谱》一书强调了临床医生掌握眼部相关解剖知识对于诊断疾病的重要性。该书通过详细的解剖结构分析，探讨了眼部病理变化与临床表现之间的联系。

本书的核心内容涵盖以下几个方面：

1.  **眼眶解剖与临床病理**：眼眶作为容纳眼球的骨性结构，其空间有限。书中详细描述了眼眶壁的薄弱点（如内侧壁和眶底），并指出外伤或占位性病变如何导致眼球移位（如突眼）、复视、眶壁骨折（如爆裂性骨折）及眶内压力变化。此外，眼眶与鼻窦（如额窦、筛窦）的解剖邻近性使得鼻窦炎症易引发眼眶并发症，如眶蜂窝织炎。
2.  **视觉通路与神经功能**：视觉通路从视神经延伸至枕叶视觉中心。书中阐述了神经纤维在视交叉及视束中的排列方式，并指出通过分析视野缺损的类型，可以有效定位视觉通路中的病变位置。同时，书中区分了缺血性微血管病变与压迫性病变（如垂体肿瘤）对视神经及瞳孔功能的不同影响。
3.  **眼部肌肉与生理功能**：书中详细介绍了眼轮匝肌的结构（睑部与眶部）及其在眨眼、泪液分布及眼睑闭合中的作用。此外，还讨论了眼内肌（如瞳孔括约肌）的神经支配，以及房水循环对维持眼内压和眼球形状的关键作用，并解释了房角狭窄如何导致眼内压急剧升高。
4.  **先天性眼部异常**：书中总结了多种先天性发育缺陷，包括眼球发育异常（如无眼球、小眼球）、眼睑缺损、先天性白内障、虹膜异常及鼻泪管阻塞。作者强调，早期识别这些异常（如白瞳症）对于预防弱视和保护视功能至关重要，并指出双眼视功能的正常发育依赖于清晰的视网膜成像及眼球的协调运动。

总体而言，本书通过解剖学视角，为理解眼部疾病的临床表现、定位诊断及先天性发育异常提供了系统的理论基础。",本书出版于2016年，是一部以相关解剖为核心、配合高度示意化图解的眼科基础与临床参考图谱，适合医学生、眼科及相关临床医师学习定位眼部疾病。全书围绕眼眶、眼球、眼部血供、眼外肌与眼内肌、眼睑、角膜—晶状体—玻璃体、泪器、神经眼科及先天性眼异常展开，串联骨性眼眶、鼻旁窦、视网膜和视神经的结构、血管、神经支配、房水循环与视觉通路。重点涉及眶底爆裂骨折、突眼、眶 cellulitis、鼻窦黏液囊肿、甲状腺眼病、青光眼、角膜炎、白内障、视神经炎、视神经压迫、视交叉病变、偏盲、动眼/滑车/外展神经麻痹及偏头痛等，并介绍MRI、CT、裂隙灯、眼底检查、视野缺损分析、虹膜阴影试验、Schirmer试验、泪膜破裂时间等检查，以及白内障摘除联合人工晶状体植入、泪道探通或手术等处理线索。
93,Springer-Atlas of Ocular OCT-Fedra Hajizadeh 2018,normalized_exact,14-检查：OCT/OCTA,7859da35-5359-43bb-bca6-4f99792392ea,10000,070c7cc0-979f-4f0a-94ab-81f53120b94f,Springer-Atlas of Ocular OCT-Fedra Hajizadeh 2018_weknora.mhtml,Springer-Atlas of Ocular OCT-Fedra Hajizadeh 2018_weknora.mhtml,completed,a6b0834c-a462-4eb5-9b3b-622a392961cb,0d89db47-61ae-459b-bb34-d78bacb32e76,384,994,6fd8021abb1c428716c8b4ab71098ae3bc07565b9f413c6cefb4ecf075efda54,"《眼科光学相干断层扫描图谱》一书详细介绍了光学相干断层扫描（OCT）技术在眼科诊断中的原理、应用及临床意义。该书涵盖了从基础理论到复杂病理分析的广泛内容，旨在为眼科临床提供全面的影像学参考。

本书的核心内容包括以下几个方面：

1.  **OCT技术原理与演进**：详细阐述了OCT的成像机制，对比了时域OCT（TD-OCT）与频域OCT（包括谱域OCT和扫频源OCT）的差异。书中解释了干涉测量原理，并探讨了OCT血管成像（OCTA）这一无需造影剂的非侵入性血流成像技术。
2.  **临床应用与增强深度成像（EDI-OCT）**：介绍了正常视网膜及后段结构的OCT表现，并重点讨论了EDI-OCT在年龄相关性黄斑变性、糖尿病视网膜病变、青光眼、脉络膜肿瘤及高度近视等多种眼部疾病中的应用，特别强调了对脉络膜结构的评估。
3.  **病理诊断与视网膜异常**：书中通过大量病例分析，展示了玻璃体黄斑牵引、黄斑裂孔、视盘凹陷及视网膜劈裂等病变的影像特征。此外，还探讨了药物毒性（如氯喹毒性）导致的视网膜色素上皮（RPE）及光感受器层损伤的OCT表现。
4.  **青光眼评估**：专门章节讨论了青光眼的OCT诊断，包括视网膜神经纤维层（RNFL）厚度、视神经头参数、黄斑参数及血流动力学指标的综合分析。
5.  **局限性、伪影与判读陷阱**：书中强调了OCT图像判读中的常见伪影及诊断陷阱（如视网膜前膜或近视带来的干扰），提醒临床医生在分析图像时应结合其他检查手段（如眼底自发荧光、荧光素血管造影等）进行综合判断。

总之，本书不仅提供了OCT成像的技术基础，还通过丰富的临床图像实例，指导医生如何准确识别眼部结构变化，从而提高对复杂眼底疾病的诊断准确性。","# Summary
《眼科光学相干断层扫描图谱》一书详细介绍了光学相干断层扫描（OCT）技术在眼科诊断中的原理、应用及临床意义。该书涵盖了从基础理论到复杂病理分析的广泛内容，旨在为眼科临床提供全面的影像学参考。

本书的核心内容包括以下几个方面：

1.  **OCT技术原理与演进**：详细阐述了OCT的成像机制，对比了时域OCT（TD-OCT）与频域OCT（包括谱域OCT和扫频源OCT）的差异。书中解释了干涉测量原理，并探讨了OCT血管成像（OCTA）这一无需造影剂的非侵入性血流成像技术。
2.  **临床应用与增强深度成像（EDI-OCT）**：介绍了正常视网膜及后段结构的OCT表现，并重点讨论了EDI-OCT在年龄相关性黄斑变性、糖尿病视网膜病变、青光眼、脉络膜肿瘤及高度近视等多种眼部疾病中的应用，特别强调了对脉络膜结构的评估。
3.  **病理诊断与视网膜异常**：书中通过大量病例分析，展示了玻璃体黄斑牵引、黄斑裂孔、视盘凹陷及视网膜劈裂等病变的影像特征。此外，还探讨了药物毒性（如氯喹毒性）导致的视网膜色素上皮（RPE）及光感受器层损伤的OCT表现。
4.  **青光眼评估**：专门章节讨论了青光眼的OCT诊断，包括视网膜神经纤维层（RNFL）厚度、视神经头参数、黄斑参数及血流动力学指标的综合分析。
5.  **局限性、伪影与判读陷阱**：书中强调了OCT图像判读中的常见伪影及诊断陷阱（如视网膜前膜或近视带来的干扰），提醒临床医生在分析图像时应结合其他检查手段（如眼底自发荧光、荧光素血管造影等）进行综合判断。

总之，本书不仅提供了OCT成像的技术基础，还通过丰富的临床图像实例，指导医生如何准确识别眼部结构变化，从而提高对复杂眼底疾病的诊断准确性。",本书出版于2018年，是Mark J. Mannis与Edward J. Holland主编的角膜及外眼疾病与手术综合专著，适用于角膜专科医师、综合眼科医师、住院及进修医师、研究人员。全书上下两卷、14篇、175章，涵盖角膜、巩膜、结膜、泪器、眼表及前葡萄膜的解剖、生理、病理生理、眼库与检查诊断。内容涉及裂隙灯、角膜地形图与曲率、角膜内皮显微镜、共聚焦显微镜、超声生物显微镜及前节OCT等检查和成像；系统讨论角膜营养不良、圆锥角膜、角膜溃疡与水肿、细菌/病毒/真菌/棘阿米巴角膜炎、干眼、结膜炎、巩膜炎、葡萄膜炎、化学及热烧伤、眼表免疫和神经营养性疾病。手术部分重点介绍穿透性角膜移植、前部深板层角膜移植、DSEK/DSAEK、DMEK、飞秒激光辅助移植、角膜交联、治疗性角膜手术、羊膜及眼表重建、Boston人工角膜，以及PRK、LASIK、SMILE等屈光手术。
94,Springer-Atlas of Uveitis Diagnosis and Treatment-Peizeng Yang 2021,normalized_exact,08-葡萄膜炎与眼内炎症,2c1efff9-0960-4d4b-a4c3-7acfb9411151,10000,6330f556-ad40-4284-ad6c-22f63cee1e97,Springer-Atlas of Uveitis Diagnosis and Treatment-Peizeng Yang 2021_weknora.mhtml,Springer-Atlas of Uveitis Diagnosis and Treatment-Peizeng Yang 2021_weknora.mhtml,completed,fee0c3c5-ac08-4183-8558-bbeae033f6fc,cf599e1b-3215-4770-9a0a-cc800cd67435,418,1142,c2effea100a6e674dd2a4d7ee64f0cb4a08c34a807d8d604b481a8a1b8404462,"本文档概述了葡萄膜炎的解剖学基础、分类及相关眼部疾病的诊断与治疗。

核心内容要点如下：

1.  **眼部解剖与病理基础**：眼球由外层（角膜、巩膜）、中层（葡萄膜：虹膜、睫状体、脉络膜）和内层（视网膜）组成。葡萄膜具有高度血管化和色素沉着的特点，其免疫微环境的改变（如抗原呈递）是诱发葡萄膜炎的关键因素。角膜、巩膜、房水、晶状体及玻璃体的病变常与葡萄膜炎互为因果或作为其并发症出现。

2.  **葡萄膜炎的分类**：根据国际葡萄膜炎研究组及SUN工作组的共识，葡萄膜炎按解剖位置分为四类：前葡萄膜炎（累及虹膜和前睫状体）、中间葡萄膜炎（累及玻璃体）、后葡萄膜炎（累及视网膜或脉络膜）以及全葡萄膜炎。

3.  **贝赫切特病（BD）的治疗**：针对BD引起的葡萄膜炎，治疗方案取决于病情的严重程度及复发频率。一线治疗通常包括局部皮质类固醇和散瞳剂。对于后段受累或严重病例，需结合全身性皮质类固醇及免疫抑制剂（如环孢素、环磷酰胺、苯丁酸氮芥等）进行联合治疗，并强调对药物副作用的定期监测。

4.  **巩膜炎与表层巩膜炎**：表层巩膜炎是一种良性、自限性但易复发的疾病，多见于年轻女性，分为单纯型和结节型。其诊断主要依靠裂隙灯检查（如使用10%去氧肾上腺素滴眼液观察血管充血情况）。治疗上通常无需过度干预，仅在有明显不适时使用局部皮质类固醇或非甾体抗炎药。

该文档强调了葡萄膜炎及其相关眼病在解剖结构上的关联性，并指出临床诊断应结合全身系统性疾病的筛查，治疗策略则需在控制炎症与减少药物副作用之间取得平衡。","# Summary
本文档概述了葡萄膜炎的解剖学基础、分类及相关眼部疾病的诊断与治疗。

核心内容要点如下：

1.  **眼部解剖与病理基础**：眼球由外层（角膜、巩膜）、中层（葡萄膜：虹膜、睫状体、脉络膜）和内层（视网膜）组成。葡萄膜具有高度血管化和色素沉着的特点，其免疫微环境的改变（如抗原呈递）是诱发葡萄膜炎的关键因素。角膜、巩膜、房水、晶状体及玻璃体的病变常与葡萄膜炎互为因果或作为其并发症出现。

2.  **葡萄膜炎的分类**：根据国际葡萄膜炎研究组及SUN工作组的共识，葡萄膜炎按解剖位置分为四类：前葡萄膜炎（累及虹膜和前睫状体）、中间葡萄膜炎（累及玻璃体）、后葡萄膜炎（累及视网膜或脉络膜）以及全葡萄膜炎。

3.  **贝赫切特病（BD）的治疗**：针对BD引起的葡萄膜炎，治疗方案取决于病情的严重程度及复发频率。一线治疗通常包括局部皮质类固醇和散瞳剂。对于后段受累或严重病例，需结合全身性皮质类固醇及免疫抑制剂（如环孢素、环磷酰胺、苯丁酸氮芥等）进行联合治疗，并强调对药物副作用的定期监测。

4.  **巩膜炎与表层巩膜炎**：表层巩膜炎是一种良性、自限性但易复发的疾病，多见于年轻女性，分为单纯型和结节型。其诊断主要依靠裂隙灯检查（如使用10%去氧肾上腺素滴眼液观察血管充血情况）。治疗上通常无需过度干预，仅在有明显不适时使用局部皮质类固醇或非甾体抗炎药。

该文档强调了葡萄膜炎及其相关眼病在解剖结构上的关联性，并指出临床诊断应结合全身系统性疾病的筛查，治疗策略则需在控制炎症与减少药物副作用之间取得平衡。",本书出版于2021年，是面向综合眼科医师、葡萄膜炎专科医师、住院医师、研究人员及相关培训者的英文临床图谱，突出中国及亚洲人群葡萄膜炎的临床表现与高质量影像。全书52章，依次介绍眼球及葡萄膜炎相关解剖生理、解剖与病因分类、病史采集和眼部检查；系统涵盖UBM、眼部超声、眼底荧光素血管造影（FFA）、吲哚菁绿血管造影（ICGA）、OCT、X线、CT、MRI及实验室检查；随后讨论糖皮质激素、局部/眼周/玻璃体腔及全身用药、环孢素、甲氨蝶呤、霉酚酸酯、生物制剂和NSAIDs，并处理白内障、眼压升高、青光眼及黄斑水肿。疾病部分覆盖前、中、后葡萄膜炎及全葡萄膜炎，强直性脊柱炎、白塞病、Vogt-Koyanagi-Harada病、交感性眼炎、视网膜血管炎、结节病、儿童及幼年特发性关节炎相关葡萄膜炎，以及疱疹病毒、结核、梅毒、弓形虫、HIV、巨细胞病毒视网膜炎、急性视网膜坏死、伪装综合征、巩膜炎和表层巩膜炎，并涉及并发性白内障手术等诊疗要点。
95,Springer-Atlas of wide-field retinal angiography and imaging-Igor Kozak J Fernando Arevalo 2016,normalized_exact,15-检查：眼底血管造影（FFA/ICGA）,b12450f6-99ea-4f03-8765-a0a9b2753124,10000,484d286c-26b6-4bfe-bdec-2e5e9eb9ad0f,Springer-Atlas of wide-field retinal angiography and imaging-Igor Kozak J Fernando Arevalo 2016_weknora.mhtml,Springer-Atlas of wide-field retinal angiography and imaging-Igor Kozak J Fernando Arevalo 2016_weknora.mhtml,completed,78484fcb-629d-43e7-aa12-5bb35344a6bc,828816ad-ffb4-412a-a58f-3c8e4c7c82ca,395,1075,d00ae0d12fab0a0e3f0dc61071435f7be62b880d83c1467a7122497b2db6784b,"《广角视网膜血管造影与成像图谱》（*Atlas of Wide-Field Retinal Angiography and Imaging*）由Igor Kozak和J. Fernando Arevalo编辑，旨在全面总结广角视网膜成像技术的临床应用与最新进展。该书汇集了多国专家的研究成果，为眼科医生、视网膜专家及相关领域研究人员提供了权威的参考资料。

本书的核心内容涵盖以下几个方面：

1.  **技术原理与历史演变**：书中回顾了视网膜成像技术的发展历程，从早期的眼底照相技术演进至现代超广角成像系统，强调了观察视网膜周边部对于诊断和理解眼部疾病的重要性。
2.  **多模态成像应用**：详细介绍了广角荧光素血管造影（FA）、吲哚菁绿血管造影（ICG）及自发荧光成像（FAF）在多种视网膜病变中的应用，包括糖尿病视网膜病变、视网膜静脉阻塞、视网膜营养不良、眼内肿瘤以及各类炎症和感染性疾病。
3.  **临床病例分析**：通过丰富的图谱和多模态影像（如Bardet-Biedl综合征、回旋状脉络膜视网膜萎缩、脉络膜缺失症、Stickler综合征、青少年X连锁视网膜劈裂症等），展示了广角成像在识别视网膜周边部病变及辅助临床诊断中的独特价值。
4.  **未来发展方向**：探讨了广角技术在远程医疗、便携式设备及智能手机成像平台中的应用前景。随着远程医疗程序的普及，非专业人员操作设备并进行远程专家评估已成为可能，这将进一步提升视网膜疾病的早期诊断与监测效率。

总体而言，该图谱不仅是一部临床教学工具，也反映了广角成像技术在提升眼科诊疗水平、优化患者管理方面的巨大潜力，是视网膜及葡萄膜炎领域的重要学术著作。","# Summary
《广角视网膜血管造影与成像图谱》（*Atlas of Wide-Field Retinal Angiography and Imaging*）由Igor Kozak和J. Fernando Arevalo编辑，旨在全面总结广角视网膜成像技术的临床应用与最新进展。该书汇集了多国专家的研究成果，为眼科医生、视网膜专家及相关领域研究人员提供了权威的参考资料。

本书的核心内容涵盖以下几个方面：

1.  **技术原理与历史演变**：书中回顾了视网膜成像技术的发展历程，从早期的眼底照相技术演进至现代超广角成像系统，强调了观察视网膜周边部对于诊断和理解眼部疾病的重要性。
2.  **多模态成像应用**：详细介绍了广角荧光素血管造影（FA）、吲哚菁绿血管造影（ICG）及自发荧光成像（FAF）在多种视网膜病变中的应用，包括糖尿病视网膜病变、视网膜静脉阻塞、视网膜营养不良、眼内肿瘤以及各类炎症和感染性疾病。
3.  **临床病例分析**：通过丰富的图谱和多模态影像（如Bardet-Biedl综合征、回旋状脉络膜视网膜萎缩、脉络膜缺失症、Stickler综合征、青少年X连锁视网膜劈裂症等），展示了广角成像在识别视网膜周边部病变及辅助临床诊断中的独特价值。
4.  **未来发展方向**：探讨了广角技术在远程医疗、便携式设备及智能手机成像平台中的应用前景。随着远程医疗程序的普及，非专业人员操作设备并进行远程专家评估已成为可能，这将进一步提升视网膜疾病的早期诊断与监测效率。

总体而言，该图谱不仅是一部临床教学工具，也反映了广角成像技术在提升眼科诊疗水平、优化患者管理方面的巨大潜力，是视网膜及葡萄膜炎领域的重要学术著作。",本书是2016年Springer出版的广域视网膜血管造影与影像学专业图谱，面向视网膜、玻璃体、葡萄膜炎及眼肿瘤专科医师、研究员、培训医师、眼科住院医师和相关内科医生。全书从眼底成像历史与原理入手，系统介绍广域荧光素血管造影（UWFA）、吲哚菁绿血管造影（UWF-ICGA）、眼底自发荧光（FAF）、扫描激光检眼镜（SLO）、Optos超广角成像及OCT，强调一次获取约150°—200°视网膜范围、识别周边缺血和新生血管的价值。内容覆盖糖尿病视网膜病变、分支及中央视网膜静脉阻塞、其他血管病、视网膜营养不良、周边变性、儿童视网膜疾病、视网膜及脉络膜肿瘤、炎症性疾病、感染性葡萄膜炎和其他复杂病变，并展示AMD、中心性浆液性脉络膜视网膜病变、脉络膜新生血管、CMV视网膜炎等影像特征。书中还涉及非灌注区评估、靶向全视网膜光凝、抗VEGF及糖尿病牵拉性视网膜脱离的玻璃体切除、膜剥除和气体填充。
96,Springer-Basic Sciences in Ophthalmology-Josef Flammer 2013,normalized_exact,01-眼科综合：基础与全身病,09c593aa-1a64-48de-af81-fc4d30d551b4,10000,4cadd4f6-676f-4978-94bc-e188ce3183d6,Springer-Basic Sciences in Ophthalmology-Josef Flammer 2013_weknora.mhtml,Springer-Basic Sciences in Ophthalmology-Josef Flammer 2013_weknora.mhtml,completed,ad6f8db5-5ff7-43c4-b0b3-5cc1c1ad3061,d544b60e-bd5b-4392-966f-fae8fce75599,329,925,4004cf53165cfc0d25285f59801fd7f3aa89409449a9ecfb5e2aab58fb95af84,"《眼科学基础：物理与化学》一书旨在通过物理学和化学的视角，为眼科临床实践提供科学背景，帮助临床医生深入理解眼部现象、提升科研独立性并激发探索热情。该书并非详尽的教科书，而是通过临床实例阐述自然法则在眼科学中的应用。

本书的核心内容涵盖以下几个方面：

1.  **光的物理本质与量子假说**：书中探讨了光的波粒二象性。爱因斯坦的量子假说指出光由光子组成，不同颜色的光对应不同的光子能量（如红光约2 eV，蓝光约3 eV）。这一理论解释了视网膜中视紫红质的激发过程，以及光电效应等现象，证明了光子能量在视觉感知中的关键作用。
2.  **激光在眼科的应用与光致击穿**：书中详细介绍了高功率激光（如Nd:YAG激光）在眼科手术中的应用。通过Q开关技术产生短脉冲，激光在焦点处产生高辐照度，诱导光致击穿，形成高温等离子体和空化气泡。这种机制被广泛用于后发障的囊膜切开及虹膜切开术，其破坏效应独立于组织的吸收特性。
3.  **光度学与测量原理**：书中阐述了亮度（Luminance）与照度（Illuminance）的关系，特别是针对朗伯反射体（Lambertian reflector）的测量。通过镜头孔径与焦距（f-number）的物理参数，可以精确计算传感器接收到的照度，从而推导出目标表面的亮度。
4.  **基础物理常数**：书中汇总了眼科学研究中常用的物理常数，包括阿伏伽德罗常数、真空光速、玻尔兹曼常数以及普朗克常数。这些常数构成了理解光与物质相互作用、热能转换及量子能量计算的理论基础。

通过这些物理与化学知识的整合，本书强调了基础科学与临床医学之间的紧密联系，旨在提升眼科医生对视觉机制及现代医疗技术的认知深度。","# Summary
《眼科学基础：物理与化学》一书旨在通过物理学和化学的视角，为眼科临床实践提供科学背景，帮助临床医生深入理解眼部现象、提升科研独立性并激发探索热情。该书并非详尽的教科书，而是通过临床实例阐述自然法则在眼科学中的应用。

本书的核心内容涵盖以下几个方面：

1.  **光的物理本质与量子假说**：书中探讨了光的波粒二象性。爱因斯坦的量子假说指出光由光子组成，不同颜色的光对应不同的光子能量（如红光约2 eV，蓝光约3 eV）。这一理论解释了视网膜中视紫红质的激发过程，以及光电效应等现象，证明了光子能量在视觉感知中的关键作用。
2.  **激光在眼科的应用与光致击穿**：书中详细介绍了高功率激光（如Nd:YAG激光）在眼科手术中的应用。通过Q开关技术产生短脉冲，激光在焦点处产生高辐照度，诱导光致击穿，形成高温等离子体和空化气泡。这种机制被广泛用于后发障的囊膜切开及虹膜切开术，其破坏效应独立于组织的吸收特性。
3.  **光度学与测量原理**：书中阐述了亮度（Luminance）与照度（Illuminance）的关系，特别是针对朗伯反射体（Lambertian reflector）的测量。通过镜头孔径与焦距（f-number）的物理参数，可以精确计算传感器接收到的照度，从而推导出目标表面的亮度。
4.  **基础物理常数**：书中汇总了眼科学研究中常用的物理常数，包括阿伏伽德罗常数、真空光速、玻尔兹曼常数以及普朗克常数。这些常数构成了理解光与物质相互作用、热能转换及量子能量计算的理论基础。

通过这些物理与化学知识的整合，本书强调了基础科学与临床医学之间的紧密联系，旨在提升眼科医生对视觉机制及现代医疗技术的认知深度。",本书出版于2013年，是面向眼科医师、眼科培训人员及相关研究者的基础科学入门读物，旨在用物理学和化学解释临床观察、检查与治疗。内容围绕光的波粒二象性、颜色、偏振、激光及光与眼组织相互作用展开，涵盖反射、折射、散射、吸收、荧光和衍射；系统介绍检眼镜、裂隙灯、角膜地形图、角膜厚度测量、眼底摄影、共焦扫描激光检眼镜、视野检查、干涉测量、光学相干断层扫描（TD-OCT、SD-OCT）、激光多普勒、超声A/B扫描、超声生物显微镜、CT和MRI。书中还说明光凝、光破坏、光消融及飞秒激光切割等眼科激光技术，并从氧、 水、二氧化碳、一氧化氮、氧化应激、DNA、RNA、蛋白质和脂质等角度联系眼部生理与疾病，涉及房水动力、眼血流、缺氧、炎症、白内障、视网膜和角膜等主题。
97,Springer-Cataract Surgery in the Glaucoma Patient-Sandra Johnson 2009,normalized_exact,03-白内障：晶状体与人工晶体,a0f47c80-3a66-46c8-8315-43b41ce357ea,10000,ec251f36-48e4-4cb0-afa4-f3142ff314b0,Springer-Cataract Surgery in the Glaucoma Patient-Sandra Johnson 2009_weknora.mhtml,Springer-Cataract Surgery in the Glaucoma Patient-Sandra Johnson 2009_weknora.mhtml,completed,,,346,1020,5eb68a2af87abfa5815e323b03b78067757211ddf0722f05f4649cd349261b7e,,,本书出版于2009年，是面向眼科医师、住院医师及青光眼专科医师的循证医学参考书，聚焦青光眼患者的白内障评估、手术选择及长期眼压管理。内容涵盖术前病史与视功能判断、裂隙灯及角膜评估、房角镜、视神经与视野检查、眼压、眼轴生物测量，以及硅油相关测量问题和典型眼部影像；系统讨论麻醉、小瞳孔、白内障小切口手术及术后眼压升高。书中重点介绍白内障摘除联合小梁切除术、手动小切口白内障手术（MSICS）、抗代谢药物辅助滤过术、滤过泡维护、激光断线及可调节缝线、青光眼引流装置、脉络膜脱离、内窥镜睫状体光凝和新型青光眼器械。后半部分针对假性剥脱综合征、功能性滤过泡、既往引流装置、原发性闭角型青光眼、纳米眼、晶状体诱发性青光眼、假晶状体相关青光眼、早产儿视网膜病变及低眼压眼，分析手术风险、并发症与处理策略。
98,Springer-Clinical Strategies in the Management of DR-Francesco Bandello 2014,normalized_exact,06-眼底病与视网膜内科,f900fe21-9deb-47e0-bf36-ce06022cae92,10000,30a57c80-643e-4819-8135-b8279181e6c2,Springer-Clinical Strategies in the Management of DR-Francesco Bandello 2014_weknora.mhtml,Springer-Clinical Strategies in the Management of DR-Francesco Bandello 2014_weknora.mhtml,completed,69959258-e828-492a-816a-35411a9e8517,d230ae3c-9991-403e-bcd8-44a13f5c1375,361,1007,7c00f8e5c3934ecd3a0348110f97b40e551239b29d9e64718ca192614450f7c4,"本书《糖尿病视网膜病变临床管理策略：眼科医生实践指南》旨在为眼科医生提供关于糖尿病视网膜病变（DR）诊断、决策制定及治疗的全面临床指导。该书汇集了欧洲与美国眼科专家的研究成果，强调基于循证医学和临床试验的实践方法。

本书的核心内容涵盖以下几个方面：

1.  **治疗范式的转变**：随着抗血管内皮生长因子（anti-VEGF）药物和类固醇等玻璃体腔注射疗法的引入，DR的治疗目标已从单纯的疾病稳定转向视力的恢复。相比传统的激光光凝术，新型药物在预防视力下降的同时，展现出改善视力的潜力。
2.  **临床决策与综合治疗**：针对糖尿病黄斑水肿（DME）和增殖性糖尿病视网膜病变（PDR），指南建议采用包括玻璃体腔注射、激光光凝及手术干预在内的综合治疗策略。书中通过算法、表格和临床案例，详细指导医生在不同疾病阶段选择最优方案。
3.  **药物治疗的评估**：书中对比了多种类固醇（如曲安奈德、地塞米松植入剂、氟轻松）及抗VEGF药物的临床疗效。研究指出，尽管类固醇在特定情况下有效，但其可能伴随眼压升高或白内障手术风险，需谨慎评估。
4.  **手术干预的演进**：对于严重的PDR并发症，玻璃体切割术（PPV）仍是主要手段。书中探讨了包括视网膜切除术、硅油填充以及粘弹剂辅助剥膜（viscodissection）等先进手术技术，并指出未来将药物辅助治疗与手术相结合是提升疗效的关键方向。

该指南通过丰富的图表和病例分析，为临床医生应对从早期到晚期各个阶段的DR提供了实用的决策支持，旨在帮助医生在日益复杂的治疗选择中做出科学的临床判断。","# Summary
本书《糖尿病视网膜病变临床管理策略：眼科医生实践指南》旨在为眼科医生提供关于糖尿病视网膜病变（DR）诊断、决策制定及治疗的全面临床指导。该书汇集了欧洲与美国眼科专家的研究成果，强调基于循证医学和临床试验的实践方法。

本书的核心内容涵盖以下几个方面：

1.  **治疗范式的转变**：随着抗血管内皮生长因子（anti-VEGF）药物和类固醇等玻璃体腔注射疗法的引入，DR的治疗目标已从单纯的疾病稳定转向视力的恢复。相比传统的激光光凝术，新型药物在预防视力下降的同时，展现出改善视力的潜力。
2.  **临床决策与综合治疗**：针对糖尿病黄斑水肿（DME）和增殖性糖尿病视网膜病变（PDR），指南建议采用包括玻璃体腔注射、激光光凝及手术干预在内的综合治疗策略。书中通过算法、表格和临床案例，详细指导医生在不同疾病阶段选择最优方案。
3.  **药物治疗的评估**：书中对比了多种类固醇（如曲安奈德、地塞米松植入剂、氟轻松）及抗VEGF药物的临床疗效。研究指出，尽管类固醇在特定情况下有效，但其可能伴随眼压升高或白内障手术风险，需谨慎评估。
4.  **手术干预的演进**：对于严重的PDR并发症，玻璃体切割术（PPV）仍是主要手段。书中探讨了包括视网膜切除术、硅油填充以及粘弹剂辅助剥膜（viscodissection）等先进手术技术，并指出未来将药物辅助治疗与手术相结合是提升疗效的关键方向。

该指南通过丰富的图表和病例分析，为临床医生应对从早期到晚期各个阶段的DR提供了实用的决策支持，旨在帮助医生在日益复杂的治疗选择中做出科学的临床判断。",本书出版于2014年，是面向眼科医师的糖尿病视网膜病变临床决策与治疗实践指南，依据循证医学和随机临床试验，覆盖疾病早期至威胁视力的晚期阶段。内容围绕流行病学、危险因素与病理生理学展开，进一步讨论非增殖性糖尿病视网膜病变（NPDR）、糖尿病黄斑水肿（DME）、增殖性糖尿病视网膜病变（PDR）及晚期PDR。书中系统介绍筛查、分级、随访和治疗算法，涉及远程医疗、眼底摄影、荧光素血管造影（FA）、超声、光学相干断层扫描（OCT）、自适应光学扫描激光检眼镜、多焦视网膜电图及微视野检查；治疗涵盖血糖、血压和血脂控制、激光光凝、玻璃体腔内抗VEGF药物与糖皮质激素、全视网膜光凝，以及复杂病例的 pars plana 玻璃体切除术、膜剥除、内窥镜光凝、硅油填充和黏弹性分离，并特别关注新生血管性青光眼、牵拉性视网膜脱离和黄斑缺血。
99,Springer-Complications During and After Cataract Surgery-Ulrich Spandau 2014,normalized_exact,03-白内障：晶状体与人工晶体,a0f47c80-3a66-46c8-8315-43b41ce357ea,10000,82b0d5ec-0c9f-4e39-9942-bb4e70bd7c57,Springer-Complications During and After Cataract Surgery-Ulrich Spandau 2014_weknora.mhtml,Springer-Complications During and After Cataract Surgery-Ulrich Spandau 2014_weknora.mhtml,completed,07a332f1-95f8-4273-9270-7ae49f70cc25,be84c74e-ebbb-4d8f-afb0-4e9d528a6adc,361,977,cd0d5d5cdf81688172b01085d19fe7f9940b5f7239dd324537997170b4bf7cf1,"本书《白内障手术中及手术后的并发症：手术管理指南》由Ulrich Spandau和Gabor Scharioth编写，旨在为眼科医生提供处理白内障手术并发症的实用操作指南。全书采用类似“烹饪食谱”的结构，通过分步讲解、图示及配套手术视频，帮助外科医生掌握应对复杂手术情况的技能。

本书的核心内容涵盖以下几个方面：

1. **手术难度评估与基础知识**：手术难度受多种因素影响，其中晶状体核的硬度是关键。书中详细区分了软核、中等硬度核及硬核白内障的特点，并指出硬核手术因缺乏软性外核作为支撑，极易损伤后囊膜。此外，患者的身体状况（如脊柱畸形、焦虑）和眼部解剖特征（如深陷眼、小瞳孔、晶状体震颤）也是影响手术难度的重要因素。

2. **人工晶状体（IOL）植入与囊袋管理**：书中探讨了囊袋内植入与睫状沟植入的区别。在发生后囊膜破裂时，需将IOL植入睫状沟。此外，还讨论了前囊膜纤维化及收缩对IOL位置的影响，以及在特定情况下通过“透镜捕获”（lens capture）技术实现IOL居中和稳定的方法。

3. **并发症处理技术**：本书分为两大部分，分别介绍利用超声乳化仪和玻璃体切割机处理并发症的方法。作者强调了掌握多种手术技术（如ECCE、虹膜固定或巩膜固定IOL）的重要性，以应对如悬韧带溶解或后囊膜破裂等突发状况。

4. **经睫状体平坦部前部玻璃体切除术**：书中详细介绍了使用套管针（trocar）进行经睫状体平坦部前部玻璃体切除的技术。相比传统的角膜缘入路，该方法能更彻底地清除前部玻璃体，且不易损伤虹膜和晶状体囊，是处理玻璃体脱出、晶状体核脱位或人工晶状体脱位的高效手段。

本书通过总结一系列“要点与技巧”（Pits and Pearls），为外科医生提供了一套系统化的应对方案，旨在通过规范化的操作流程，帮助医生克服对并发症的恐惧，提升手术技巧，从而成为更优秀的白内障手术专家。","# Summary
本书《白内障手术中及手术后的并发症：手术管理指南》由Ulrich Spandau和Gabor Scharioth编写，旨在为眼科医生提供处理白内障手术并发症的实用操作指南。全书采用类似“烹饪食谱”的结构，通过分步讲解、图示及配套手术视频，帮助外科医生掌握应对复杂手术情况的技能。

本书的核心内容涵盖以下几个方面：

1. **手术难度评估与基础知识**：手术难度受多种因素影响，其中晶状体核的硬度是关键。书中详细区分了软核、中等硬度核及硬核白内障的特点，并指出硬核手术因缺乏软性外核作为支撑，极易损伤后囊膜。此外，患者的身体状况（如脊柱畸形、焦虑）和眼部解剖特征（如深陷眼、小瞳孔、晶状体震颤）也是影响手术难度的重要因素。

2. **人工晶状体（IOL）植入与囊袋管理**：书中探讨了囊袋内植入与睫状沟植入的区别。在发生后囊膜破裂时，需将IOL植入睫状沟。此外，还讨论了前囊膜纤维化及收缩对IOL位置的影响，以及在特定情况下通过“透镜捕获”（lens capture）技术实现IOL居中和稳定的方法。

3. **并发症处理技术**：本书分为两大部分，分别介绍利用超声乳化仪和玻璃体切割机处理并发症的方法。作者强调了掌握多种手术技术（如ECCE、虹膜固定或巩膜固定IOL）的重要性，以应对如悬韧带溶解或后囊膜破裂等突发状况。

4. **经睫状体平坦部前部玻璃体切除术**：书中详细介绍了使用套管针（trocar）进行经睫状体平坦部前部玻璃体切除的技术。相比传统的角膜缘入路，该方法能更彻底地清除前部玻璃体，且不易损伤虹膜和晶状体囊，是处理玻璃体脱出、晶状体核脱位或人工晶状体脱位的高效手段。

本书通过总结一系列“要点与技巧”（Pits and Pearls），为外科医生提供了一套系统化的应对方案，旨在通过规范化的操作流程，帮助医生克服对并发症的恐惧，提升手术技巧，从而成为更优秀的白内障手术专家。",本书出版于2014年，是面向白内障及前节外科医生、住院医师和手术团队的并发症处理实用指南，以图示、步骤化操作和手术视频讲解术中及术后处理。全书分两部分：第一部分介绍利用超声乳化设备处理白内障手术并发症，包括核硬度与患者/眼部风险评估、IOL植入位置解剖、器械与麻醉、常规及困难白内障超声乳化、小瞳孔、撕囊、液流分离、乳化、灌注吸引（I/A）、人工晶状体植入、外伤性白内障及小切口白内障手术（SICS）；并详述虹膜爪形、巩膜及巩膜内固定IOL。第二部分聚焦玻璃体切割机，包括BIOM、平坦部玻璃体切割、后囊破裂、悬韧带离断、前移或脱位IOL/囊袋-IOL复合体、后房掉落晶核，以及Fragmatome、PFCL取核、虹膜固定和巩膜固定。另涵盖IOL交换、丙烯酸IOL折叠取出、硅胶IOL切开、虹膜成形术、虹膜假体及手术要点。
100,Springer-Cornea and External Eye Disease-T Reinhard 2008,normalized_exact,02-角膜与眼表,f041b2b7-3147-4deb-a2f2-0de5cc53d296,10000,aa0b490c-78e5-43e5-a656-d9894feac334,Springer-Cornea and External Eye Disease-T Reinhard 2008_weknora.mhtml,Springer-Cornea and External Eye Disease-T Reinhard 2008_weknora.mhtml,completed,,,400,1076,53a0709b88d728f4a9f8bca7a8229b0b458f5ac65df252b0450063c62e1eacb0,,,本书出版于2008年，是Springer《Essentials in Ophthalmology》系列角膜与外眼病专著，面向眼科临床医生、角膜及眼表疾病专科医师和相关研究人员，强调将新进展与循证信息用于问题管理。全书涵盖Fuchs角膜内皮营养不良的病理、遗传、鉴别诊断及药物和手术治疗；感染性角膜溃疡，尤其HSV、细菌、棘阿米巴感染及羊膜移植的制备、onlay/inlay、多层移植和术后管理；人工角膜、角膜替代物及组织工程再生医学。还讨论PTK治疗角膜营养不良，包括裂隙灯生物显微镜、验光、角膜曲率、角膜地形图、厚度分析、准分子激光消融、丝裂霉素C及并发症；按分子遗传学分类角膜营养不良，并介绍角膜保存、低温保存、器官培养和冷冻保存。后半部分聚焦单纯疱疹角膜炎、眼黏膜类天疱疮、成人包涵体结膜炎、慢性睑缘炎、结膜黑色素瘤，以及活体共焦显微镜在角膜、结膜炎、眼表肿瘤和其他结膜病变中的诊断与随访价值。
101,Springer-Corneal Surgery-Essential Techniques 2013,normalized_exact,02-角膜与眼表,f041b2b7-3147-4deb-a2f2-0de5cc53d296,10000,61a94fc9-e8fd-4b4e-b2f7-52dfc66cbf44,Springer-Corneal Surgery-Essential Techniques 2013_weknora.mhtml,Springer-Corneal Surgery-Essential Techniques 2013_weknora.mhtml,completed,96ee957a-611e-4b5c-a94f-092ddacfb15f,53ff0cab-f0c6-4f6f-9eb4-b11f05c6277d,420,1116,e049918a7b23be5d17aadfc8aa6f378f14364e6c42f66b76cbdc28ddd7d760e6,"本书《角膜手术：基本技术》（*Corneal Surgery: Essential Techniques*）旨在为眼科医生提供角膜及外眼疾病管理的临床参考。该书结合了手册的便携性、高质量的医学插图以及常见手术视频，重点介绍了基于证据的成熟治疗方案，并强调了通过实验室（wet lab）练习提升手术技巧的重要性。

本书涵盖的核心内容包括：

1.  **角膜手术的发展史**：回顾了从早期的穿透性角膜移植术（PKP）到现代选择性组织移植的发展。重点介绍了深板层角膜移植术（DALK）、后板层手术（如DSEK和DMEK）的演变，以及准分子激光在屈光手术（如PRK和LASIK）中的应用。
2.  **临床管理与并发症处理**：探讨了角膜移植术后的复杂问题，特别是青光眼的监测与治疗。由于角膜移植术后眼压测量困难及视神经观察受限，书中建议采用Tonopen测量、OCT扫描等手段进行评估，并强调了在处理疱疹性角膜病变患者时，术前角膜环境优化及术后预防性用药的重要性。
3.  **实验室手术技能训练**：书中详细介绍了通过模拟训练提升手术熟练度的方法。内容涵盖了如何进行DALK的“大泡技术”（big-bubble technique）准备、角膜缝合技术的练习（包括对齐、深度与张力的控制），以及利用动物组织进行微型角膜刀瓣制作的实践操作。

本书通过整合临床知识与实践技巧，旨在帮助眼科医生提高手术效率与准确性，以满足患者对高质量视觉康复的需求。","# Summary
本书《角膜手术：基本技术》（*Corneal Surgery: Essential Techniques*）旨在为眼科医生提供角膜及外眼疾病管理的临床参考。该书结合了手册的便携性、高质量的医学插图以及常见手术视频，重点介绍了基于证据的成熟治疗方案，并强调了通过实验室（wet lab）练习提升手术技巧的重要性。

本书涵盖的核心内容包括：

1.  **角膜手术的发展史**：回顾了从早期的穿透性角膜移植术（PKP）到现代选择性组织移植的发展。重点介绍了深板层角膜移植术（DALK）、后板层手术（如DSEK和DMEK）的演变，以及准分子激光在屈光手术（如PRK和LASIK）中的应用。
2.  **临床管理与并发症处理**：探讨了角膜移植术后的复杂问题，特别是青光眼的监测与治疗。由于角膜移植术后眼压测量困难及视神经观察受限，书中建议采用Tonopen测量、OCT扫描等手段进行评估，并强调了在处理疱疹性角膜病变患者时，术前角膜环境优化及术后预防性用药的重要性。
3.  **实验室手术技能训练**：书中详细介绍了通过模拟训练提升手术熟练度的方法。内容涵盖了如何进行DALK的“大泡技术”（big-bubble technique）准备、角膜缝合技术的练习（包括对齐、深度与张力的控制），以及利用动物组织进行微型角膜刀瓣制作的实践操作。

本书通过整合临床知识与实践技巧，旨在帮助眼科医生提高手术效率与准确性，以满足患者对高质量视觉康复的需求。",本书出版于2013年，是面向角膜及眼表疾病管理者的临床手册，适合眼科住院医师、角膜专科医师及手术培训者，强调循证与成熟治疗、图像辅助、视频示范和湿实验室自学。全书涵盖角膜手术发展、角膜与结膜解剖、麻醉、缝合及系统检查，包括裂隙灯、Schirmer试验、泪膜破裂时间、角膜知觉、角膜厚度测量、角膜曲率、Placido环和Scheimpflug角膜地形图、像差、ORA、OCT、共焦显微镜及镜面显微镜。内容重点涉及角膜异物、穿孔、翼状胬肉、角膜溃疡与瘢痕、眼表重建、PTK、浅表角膜切除、结膜瓣、羊膜移植、睑裂缝合、泪道栓塞、干细胞移植及角膜交联；系统讲解穿透性角膜移植、DALK、DSEK/DSAEK、DMEK、供体组织保存、术后护理、排斥和移植物并发症。另涵盖放射状及弧形角膜切开、角膜植入物、LASIK、PRK、LASEK、飞秒激光瓣制作、屈光晶状体置换、人工晶状体、CK及飞秒激光透镜取出，并提供角膜缝合、板层分离和瓣制作等湿实验训练。
102,Springer-Corneal Transplantation 2016,normalized_exact,02-角膜与眼表,f041b2b7-3147-4deb-a2f2-0de5cc53d296,10000,0b985477-11e6-4ba7-97c9-09ba40fb3252,Springer-Corneal Transplantation 2016_weknora.mhtml,Springer-Corneal Transplantation 2016_weknora.mhtml,completed,e3fbd05a-71df-44f5-b0fd-769906f6220e,fd72dcb6-8bf9-4222-8cc5-dbe908024eeb,371,1039,0acafb2bd466cbee9a179e7d043f225d3319d077053ef5e0602c275e17905a20,"角膜移植术在过去的一百多年中经历了显著的发展。从最初的尝试到20世纪下半叶穿透性角膜移植术（PK）成为金标准，再到近二十年来向选择性板层角膜移植术（如深板层角膜移植术和内皮角膜移植术）的范式转移，该领域已实现重大技术进步。现代手术技术不仅提高了手术的精确度，还显著缩短了患者的视力恢复时间，并增强了术后眼部的稳定性。

本文档涵盖了角膜移植的核心要点：

1.  **历史演变与技术进步**：角膜移植的历史始于对角膜瘢痕的早期尝试，包括人工角膜的研发和早期的动物实验。随着显微手术器械、缝合材料、角膜保存技术以及对免疫排斥反应机制（如“移植物疾病”）认识的深入，角膜移植的成功率大幅提升。
2.  **手术方式的多样化**：现代角膜外科医生需掌握多种技术，包括穿透性角膜移植和各种板层移植术。手术选择需基于患者的具体病情，并结合角膜银行提供的预处理移植物，以优化手术效果。
3.  **术后免疫抑制管理**：术后预防排斥反应是确保移植成功的关键。目前临床普遍使用局部皮质类固醇作为低风险移植的预防手段，但对于高风险病例，尚缺乏统一的免疫抑制方案。临床医生常根据经验或参考实体器官移植的方案进行个体化治疗。
4.  **高风险病例的处理**：针对多次移植失败或高风险患者，可考虑采取HLA配型、全身免疫抑制治疗或人工角膜（如Boston K-Pro或骨齿人工角膜）植入。此类方案需权衡潜在的严重并发症与患者的获益。

总结而言，角膜移植手术的最终目标是改善患者的生活质量。现代角膜外科医生必须具备深厚的专业知识，能够根据患者的个体需求，在风险与获益之间做出科学的决策，选择最适合的手术路径。","# Summary
角膜移植术在过去的一百多年中经历了显著的发展。从最初的尝试到20世纪下半叶穿透性角膜移植术（PK）成为金标准，再到近二十年来向选择性板层角膜移植术（如深板层角膜移植术和内皮角膜移植术）的范式转移，该领域已实现重大技术进步。现代手术技术不仅提高了手术的精确度，还显著缩短了患者的视力恢复时间，并增强了术后眼部的稳定性。

本文档涵盖了角膜移植的核心要点：

1.  **历史演变与技术进步**：角膜移植的历史始于对角膜瘢痕的早期尝试，包括人工角膜的研发和早期的动物实验。随着显微手术器械、缝合材料、角膜保存技术以及对免疫排斥反应机制（如“移植物疾病”）认识的深入，角膜移植的成功率大幅提升。
2.  **手术方式的多样化**：现代角膜外科医生需掌握多种技术，包括穿透性角膜移植和各种板层移植术。手术选择需基于患者的具体病情，并结合角膜银行提供的预处理移植物，以优化手术效果。
3.  **术后免疫抑制管理**：术后预防排斥反应是确保移植成功的关键。目前临床普遍使用局部皮质类固醇作为低风险移植的预防手段，但对于高风险病例，尚缺乏统一的免疫抑制方案。临床医生常根据经验或参考实体器官移植的方案进行个体化治疗。
4.  **高风险病例的处理**：针对多次移植失败或高风险患者，可考虑采取HLA配型、全身免疫抑制治疗或人工角膜（如Boston K-Pro或骨齿人工角膜）植入。此类方案需权衡潜在的严重并发症与患者的获益。

总结而言，角膜移植手术的最终目标是改善患者的生活质量。现代角膜外科医生必须具备深厚的专业知识，能够根据患者的个体需求，在风险与获益之间做出科学的决策，选择最适合的手术路径。",本书是 Springer 2016 年出版的角膜移植专业教材，面向角膜专科医师、角膜移植外科医师及相关培训医生，用于理解手术选择、适应证、风险与结局。全书从角膜移植历史、角膜解剖与生理、角膜库及供体组织保存讲起，系统介绍穿透性角膜移植（PKP）、深板层前角膜移植（DALK）、内皮角膜移植（EK、DSAEK、DMEK）及前板层手术；并讨论角膜移植免疫学、排斥反应、术后管理、疾病复发、国家移植登记和经济学评价。后半部分聚焦移植后散光、移植角膜光学与人工晶状体（IOL）计算、机械微角膜刀、飞秒激光、角膜缘干细胞扩增与移植，以及角膜移植决策。涉及角膜瘢痕、化学损伤、内皮功能衰竭、基质混浊、移植排斥和术后散光等问题，涵盖裂隙灯、生物显微镜、角膜内皮镜、角膜厚度测量、供体内皮评估、器官培养、低温保存、预切/预装载移植物等检查、技术与管理关键词。
103,Springer-Diseases of the Vitreo-Macular Interface-Arun D Singh 2014,normalized_exact,06-眼底病与视网膜内科,f900fe21-9deb-47e0-bf36-ce06022cae92,10000,053a9fb9-0fb3-465f-a3ff-89c5a831c6be,Springer-Diseases of the Vitreo-Macular Interface-Arun D Singh 2014_weknora.mhtml,Springer-Diseases of the Vitreo-Macular Interface-Arun D Singh 2014_weknora.mhtml,completed,4dfae77e-f994-4b99-938d-4c5e5d58772e,804979c8-cb9b-4123-99da-b275557b8b6d,424,1142,437eb1218157575845b1ef66cf11d75f8273fa339b7fa35914febc74aefbec70,"该文献探讨了玻璃体-黄斑界面（VMI）疾病的病理生理学、临床表现及治疗进展。作为该领域首部系统性专著，本书旨在填补对玻璃体及其与视网膜相互作用认识的空白。

核心内容包括以下几个方面：

1.  **病理生理学基础**：玻璃体随年龄增长会经历液化和胶原纤维浓缩，导致后玻璃体脱离（PVD）。当这一自然过程发生异常，产生不完全的玻璃体分离时，会引发玻璃体-黄斑牵引（VMT）及相关病理改变。研究指出，VMT不仅与黄斑裂孔、黄斑前膜及近视性黄斑劈裂等疾病直接相关，还可能在糖尿病黄斑水肿及年龄相关性黄斑变性（AMD）的病理过程中起到推波助澜的作用。

2.  **影像学诊断的演进**：光学相干断层扫描（OCT）技术的应用是理解VMI疾病的关键。通过高分辨率成像，临床医生能够识别以往无法察觉的微小牵引结构。文献详细讨论了OCT的噪声抑制技术，包括通过多次扫描叠加（如Spectralis OCT的追踪系统）或内部过采样算法（如Cirrus HD-OCT的后处理技术）来提升图像质量，从而更清晰地观察玻璃体结构及视网膜表面病变。

3.  **治疗策略的转变**：治疗手段已从传统的观察和手术（玻璃体切除术）扩展至药物治疗。随着玻璃体溶解药物的获批，非手术干预成为重要的新方向。书中探讨了各类治疗路径，并强调了临床试验在优化这些策略中的重要性。

4.  **未来展望**：作者指出，尽管目前在理解VMI疾病方面取得了显著进展，但仍需进一步优化治疗方案，并建立统一的术语体系。未来的研究重点在于改进成像技术（如利用线性阵列超声和新型分割算法），以及通过更深入的临床研究明确各类治疗手段的适用范围，从而为患者提供更精准的诊疗支持。","# Summary
该文献探讨了玻璃体-黄斑界面（VMI）疾病的病理生理学、临床表现及治疗进展。作为该领域首部系统性专著，本书旨在填补对玻璃体及其与视网膜相互作用认识的空白。

核心内容包括以下几个方面：

1.  **病理生理学基础**：玻璃体随年龄增长会经历液化和胶原纤维浓缩，导致后玻璃体脱离（PVD）。当这一自然过程发生异常，产生不完全的玻璃体分离时，会引发玻璃体-黄斑牵引（VMT）及相关病理改变。研究指出，VMT不仅与黄斑裂孔、黄斑前膜及近视性黄斑劈裂等疾病直接相关，还可能在糖尿病黄斑水肿及年龄相关性黄斑变性（AMD）的病理过程中起到推波助澜的作用。

2.  **影像学诊断的演进**：光学相干断层扫描（OCT）技术的应用是理解VMI疾病的关键。通过高分辨率成像，临床医生能够识别以往无法察觉的微小牵引结构。文献详细讨论了OCT的噪声抑制技术，包括通过多次扫描叠加（如Spectralis OCT的追踪系统）或内部过采样算法（如Cirrus HD-OCT的后处理技术）来提升图像质量，从而更清晰地观察玻璃体结构及视网膜表面病变。

3.  **治疗策略的转变**：治疗手段已从传统的观察和手术（玻璃体切除术）扩展至药物治疗。随着玻璃体溶解药物的获批，非手术干预成为重要的新方向。书中探讨了各类治疗路径，并强调了临床试验在优化这些策略中的重要性。

4.  **未来展望**：作者指出，尽管目前在理解VMI疾病方面取得了显著进展，但仍需进一步优化治疗方案，并建立统一的术语体系。未来的研究重点在于改进成像技术（如利用线性阵列超声和新型分割算法），以及通过更深入的临床研究明确各类治疗手段的适用范围，从而为患者提供更精准的诊疗支持。",本书出版于2014年，是Springer《Essentials in Ophthalmology》系列中聚焦玻璃体-黄斑界面疾病的专业参考书，适用于视网膜专科医生、眼科临床医师、基础研究者、影像工程师及药理、化学研究人员。全书围绕疾病负担与流行病学、玻璃体-黄斑界面的解剖生理、玻璃体老化及病理生理、影像学、临床表现和治疗策略展开，并进一步讨论玻璃体黄斑牵拉与年龄相关性黄斑变性的关系，以及药物玻璃体溶解的实验依据、临床试验和未来方向。重点涉及后玻璃体脱离（PVD）、异常PVD、玻璃体黄斑粘连/牵拉（VMA/VMT）、玻璃体劈裂、黄斑前膜（黄斑皱褶）、黄斑裂孔、近视性黄斑劈裂、糖尿病性黄斑水肿、年龄相关性黄斑变性、视网膜裂孔与脱离、增生性糖尿病视网膜病变及玻璃体出血。检查与技术包括OCT、OCT-SLO、超声、裂隙灯、生物显微镜、扫描及透射电子显微镜；治疗涵盖观察、玻璃体切除术、染色辅助剥膜及药物性玻璃体溶解，强调低创伤、低风险治疗的发展。
104,Springer-Dry Eye-Arun D Singh 2015,normalized_exact,02-角膜与眼表,f041b2b7-3147-4deb-a2f2-0de5cc53d296,10000,cde5c7ee-9f5a-4b34-baef-fed9c54807b3,Springer-Dry Eye-Arun D Singh 2015_weknora.mhtml,Springer-Dry Eye-Arun D Singh 2015_weknora.mhtml,completed,4d0ea212-589c-4eda-8e49-83651062d860,987288a5-ddea-4b93-bd00-2f383f3de47f,502,1247,224ccf110c62d8232812dd9863464d0bcfdd26eafebd497d1bc841fa4a59e071,"干眼症是一种严重影响患者生活质量的慢性炎症性疾病，其发病率随着人口老龄化和计算机使用频率的增加而持续上升。本书旨在为眼科专业人员提供关于干眼症诊疗的实用指南，强调了理解该疾病机制对有效管理的重要性。

本文档的核心内容涵盖以下几个方面：

1. **病理生理机制**：干眼症的核心机制是泪液高渗透压，这会导致眼表炎症并引发一系列病理后果。泪液功能单元（LFU）作为一种反射系统，负责根据环境刺激调节泪液分泌。当该调节机制受损或无法补偿蒸发压力时，干眼症便会发生。
2. **分类与病因**：干眼症主要分为两大类：泪液分泌不足型（ADDE）和蒸发过强型（EDE）。前者多由泪腺功能障碍或反射通路受阻引起；后者则主要源于睑板腺功能障碍（MGD），导致泪膜脂质层缺失，进而加速水分蒸发。
3. **治疗策略**：针对干眼症的抗炎治疗是管理的关键。临床上常使用四环素类药物（如多西环素、米诺环素）来调节炎症介质。此外，Omega-3脂肪酸补充剂和自体血清也被视为潜在的辅助治疗手段。
4. **新型治疗药物与视觉质量**：地夸磷索钠（Diquafosol tetrasodium）和瑞巴派特（Rebamipide）作为新型治疗药物，在改善眼表状况、减少高阶像差以及提升功能性视力方面展现出显著疗效。研究表明，干眼症不仅影响视力清晰度，还会导致对比敏感度和视觉稳定性下降。

综上所述，干眼症的诊疗需要深入理解其炎症本质，并通过针对性的抗炎及泪膜修复手段，改善患者的眼表环境，从而提升其视觉质量与生活水平。","# Summary
干眼症是一种严重影响患者生活质量的慢性炎症性疾病，其发病率随着人口老龄化和计算机使用频率的增加而持续上升。本书旨在为眼科专业人员提供关于干眼症诊疗的实用指南，强调了理解该疾病机制对有效管理的重要性。

本文档的核心内容涵盖以下几个方面：

1. **病理生理机制**：干眼症的核心机制是泪液高渗透压，这会导致眼表炎症并引发一系列病理后果。泪液功能单元（LFU）作为一种反射系统，负责根据环境刺激调节泪液分泌。当该调节机制受损或无法补偿蒸发压力时，干眼症便会发生。
2. **分类与病因**：干眼症主要分为两大类：泪液分泌不足型（ADDE）和蒸发过强型（EDE）。前者多由泪腺功能障碍或反射通路受阻引起；后者则主要源于睑板腺功能障碍（MGD），导致泪膜脂质层缺失，进而加速水分蒸发。
3. **治疗策略**：针对干眼症的抗炎治疗是管理的关键。临床上常使用四环素类药物（如多西环素、米诺环素）来调节炎症介质。此外，Omega-3脂肪酸补充剂和自体血清也被视为潜在的辅助治疗手段。
4. **新型治疗药物与视觉质量**：地夸磷索钠（Diquafosol tetrasodium）和瑞巴派特（Rebamipide）作为新型治疗药物，在改善眼表状况、减少高阶像差以及提升功能性视力方面展现出显著疗效。研究表明，干眼症不仅影响视力清晰度，还会导致对比敏感度和视觉稳定性下降。

综上所述，干眼症的诊疗需要深入理解其炎症本质，并通过针对性的抗炎及泪膜修复手段，改善患者的眼表环境，从而提升其视觉质量与生活水平。",本书出版于2015年，是面向眼科医师、验光师及其他眼保健专业人员的干眼病实用指南，强调易读、短篇章、临床决策与病例教学。全书围绕干眼的定义、分类和发病机制展开，区分 aqueous-deficient dry eye 与 evaporative dry eye，重点讨论泪液高渗、炎症、泪膜不稳定、睑板腺功能障碍（MGD）、Sjögren综合征、移植物抗宿主病（GVHD）、泪腺功能不足及环境和用药风险；并概述流行病学、患病率、年龄和性别等危险因素。诊断部分涵盖症状与严重度评估、OSDI、Schirmer I、TBUT、荧光素染色、睑缘检查，以及泪液渗透压、干涉测量、睑板腺成像（meibography）、Strip meniscometry、TearLab、DR-1和功能性视力测量。治疗涵盖人工泪液及其黏度、缓冲剂、防腐剂和渗透压，糖皮质激素、环孢素、四环素类、阿奇霉素、Omega-3、自体血清、泪点栓和生活环境调整；手术部分讨论泪液分泌不足、泪膜不稳、机械性干扰和眼表损伤，以及口腔黏膜、唾液腺和角膜缘干细胞移植。末章展望新型检查、泪膜导向治疗、地夸磷索、瑞巴派特及抗衰老策略，并配有病例研究。
105,Springer-Eyelid Tumors-Frank Nesi 2014,normalized_exact,11-整形与泪道,bdde98f8-4f6b-4b3f-89a4-3cee7f5133b4,10000,bc516015-a3c5-469e-a679-5b4ce0ea3b93,Springer-Eyelid Tumors-Frank Nesi 2014_weknora.mhtml,Springer-Eyelid Tumors-Frank Nesi 2014_weknora.mhtml,completed,a3cdbb74-f674-48e0-ac05-975d8c132c58,91ee3006-ce59-4632-a844-56f70f6dbdda,438,1173,00284e347f42a3cae86670ff94293678b10b62cf1a9c57fd1fe34db5faf036e1,"本书《眼睑肿瘤：临床评估与重建技术》详细探讨了眼睑的解剖结构、肿瘤病理分类及手术重建方法。

**核心内容要点：**

1.  **眼睑解剖学基础**：眼睑由皮肤、皮下组织、眼轮匝肌、纤维层（睑板和眶隔）、眼睑退缩肌及结膜构成。书中详细描述了眼睑的表面解剖标志（如睑裂、睑缘、泪点）、眼轮匝肌的组成与功能，以及睑板在维持眼睑结构完整性中的关键作用。这些解剖知识是进行肿瘤切除后重建手术的基础。
2.  **眼睑肿瘤的病理分类**：文档涵盖了多种眼睑肿瘤，包括血管源性肿瘤（如淋巴管瘤、卡波西肉瘤）、神经源性肿瘤（如神经纤维瘤、神经鞘瘤、默克尔细胞癌）以及淋巴细胞性肿瘤。书中通过组织病理学特征对这些肿瘤进行了区分，并指出默克尔细胞癌等恶性肿瘤具有侵袭性，需特别关注。
3.  **重建技术与策略**：针对眼睑缺损，书中介绍了多种重建手段。前层重建常采用全厚皮片移植或“放任自流”（Laissez-faire）技术（即通过二期愈合）。后层重建则涉及睑板和睑结膜的修复，若缺损较大，可采用睑板结膜瓣、口腔黏膜移植、鼻中隔软骨或耳后软骨等材料进行修复。
4.  **手术原则**：重建手术的核心在于恢复眼睑的结构完整性与功能。手术方案的选择取决于缺损的大小和部位，强调在保证功能的前提下，利用自体组织或替代材料（如硬腭、巩膜库组织、羊膜等）进行精细修复。

该文档通过解剖学描述与临床手术技术的结合，为眼睑肿瘤的诊疗提供了系统的参考框架，旨在帮助外科医生在肿瘤切除后有效解决眼睑重建的复杂问题。","# Summary
本书《眼睑肿瘤：临床评估与重建技术》详细探讨了眼睑的解剖结构、肿瘤病理分类及手术重建方法。

**核心内容要点：**

1.  **眼睑解剖学基础**：眼睑由皮肤、皮下组织、眼轮匝肌、纤维层（睑板和眶隔）、眼睑退缩肌及结膜构成。书中详细描述了眼睑的表面解剖标志（如睑裂、睑缘、泪点）、眼轮匝肌的组成与功能，以及睑板在维持眼睑结构完整性中的关键作用。这些解剖知识是进行肿瘤切除后重建手术的基础。
2.  **眼睑肿瘤的病理分类**：文档涵盖了多种眼睑肿瘤，包括血管源性肿瘤（如淋巴管瘤、卡波西肉瘤）、神经源性肿瘤（如神经纤维瘤、神经鞘瘤、默克尔细胞癌）以及淋巴细胞性肿瘤。书中通过组织病理学特征对这些肿瘤进行了区分，并指出默克尔细胞癌等恶性肿瘤具有侵袭性，需特别关注。
3.  **重建技术与策略**：针对眼睑缺损，书中介绍了多种重建手段。前层重建常采用全厚皮片移植或“放任自流”（Laissez-faire）技术（即通过二期愈合）。后层重建则涉及睑板和睑结膜的修复，若缺损较大，可采用睑板结膜瓣、口腔黏膜移植、鼻中隔软骨或耳后软骨等材料进行修复。
4.  **手术原则**：重建手术的核心在于恢复眼睑的结构完整性与功能。手术方案的选择取决于缺损的大小和部位，强调在保证功能的前提下，利用自体组织或替代材料（如硬腭、巩膜库组织、羊膜等）进行精细修复。

该文档通过解剖学描述与临床手术技术的结合，为眼睑肿瘤的诊疗提供了系统的参考框架，旨在帮助外科医生在肿瘤切除后有效解决眼睑重建的复杂问题。",本书出版于2014年，是面向眼整形/眼眶整形医生、眼科与整形外科医生及相关住院医师的眼睑肿瘤临床与重建专著。内容从眼睑表面解剖、皮肤损害形态、病史采集和局部检查入手，讲解肿块、溃疡、睫毛脱失、淋巴结及临床摄影、裂隙灯测量、透照等评估方法，并介绍组织病理分类、TNM分期和鉴别诊断。书中系统覆盖良性病变（乳头状瘤、脂溢性角化、角化棘皮瘤、汗腺瘤、痣、神经纤维瘤、血管瘤、淋巴管瘤及囊性病变）和恶性肿瘤（基底细胞癌、鳞状细胞癌、睑板腺癌、Merkel细胞癌、血管肉瘤、转移瘤、Kaposi肉瘤），并讨论炎症、霰粒肿等模拟恶性的病变及组织病理学。后半部分聚焦治疗和手术技术，包括局部/区域麻醉、切取/刮取/穿刺/切除活检、冰冻切片、Mohs显微外科，以及推进、旋转、V-Y、Z成形、菱形、双叶等皮瓣；按上睑、下睑、内外眦和不累及睑缘的缺损，详述直接缝合、外眦切开、Tenzel、Cutler-Beard、Hughes、Mustardé、睑板结膜瓣、全厚皮 graft 和后层板重建。
106,Springer-Glaucoma Imaging-Antonio Ferreras 2016,normalized_exact,05-青光眼,8bf942e4-80dc-4a8a-87cf-486f897fe2bd,10000,3952552e-c834-44c9-bd38-65f8df1c6e2b,Springer-Glaucoma Imaging-Antonio Ferreras 2016_weknora.mhtml,Springer-Glaucoma Imaging-Antonio Ferreras 2016_weknora.mhtml,completed,92423e02-efbb-4798-9ed6-63dec2419015,e268154d-2104-4c68-9827-a4333d8717aa,362,1016,00b2178c3db4ec107bee404aa824a7f039764ca9b9bb9bd0f50a8c4e4022b3ac,"本书《青光眼影像学》（Glaucoma Imaging）由Antonio Ferreras编辑，系统介绍了青光眼诊断与监测中的关键影像学及功能评估技术。

核心内容包括：

1.  **标准自动视野检查（SAP）**：作为诊断青光眼最广泛接受的方法，SAP通过测量视野内的光敏感度来评估视觉功能。临床上常使用中心30°视野检查，并通过平均缺损（MD）、模式标准差（PSD）和视野指数（VFI）等全局指标进行量化分析。研究指出，MD与PSD在青光眼病程中的关系并非线性，且随着病情进展，两者的变化趋势具有特定规律。此外，检查结果的可靠性对于临床判断至关重要。

2.  **视网膜神经纤维层（RNFL）评估**：通过眼底摄影，尤其是单色（蓝光）摄影，可以观察到RNFL的分布。在健康个体中，RNFL呈现明亮的弧形条纹。青光眼患者的RNFL损伤主要表现为局部楔形缺损（与青光眼相关）或弥漫性变薄。临床需注意区分病理性楔形缺损与非病理性的细缝状缺损，并考虑年龄增长导致的生理性神经节细胞丢失。

3.  **光学相干断层扫描（OCT）的进展**：现代OCT技术（如Heidelberg Spectralis OCT）在青光眼监测中发挥了重要作用。通过对视盘（ONH）和RNFL进行纵向扫描，临床医生可以利用引导进展分析（GPA）软件，将患者的组织厚度变化与正常衰老曲线进行对比。这种分析能够通过斜率变化及统计学概率值，帮助医生判断视神经纤维的丢失是否超出了正常衰老范围，从而更准确地识别病理性进展。

该书强调了功能性检查（视野）与结构性检查（眼底摄影及OCT）相结合的重要性，为青光眼的早期诊断、病情评估及长期随访提供了科学的影像学依据。","# Summary
本书《青光眼影像学》（Glaucoma Imaging）由Antonio Ferreras编辑，系统介绍了青光眼诊断与监测中的关键影像学及功能评估技术。

核心内容包括：

1.  **标准自动视野检查（SAP）**：作为诊断青光眼最广泛接受的方法，SAP通过测量视野内的光敏感度来评估视觉功能。临床上常使用中心30°视野检查，并通过平均缺损（MD）、模式标准差（PSD）和视野指数（VFI）等全局指标进行量化分析。研究指出，MD与PSD在青光眼病程中的关系并非线性，且随着病情进展，两者的变化趋势具有特定规律。此外，检查结果的可靠性对于临床判断至关重要。

2.  **视网膜神经纤维层（RNFL）评估**：通过眼底摄影，尤其是单色（蓝光）摄影，可以观察到RNFL的分布。在健康个体中，RNFL呈现明亮的弧形条纹。青光眼患者的RNFL损伤主要表现为局部楔形缺损（与青光眼相关）或弥漫性变薄。临床需注意区分病理性楔形缺损与非病理性的细缝状缺损，并考虑年龄增长导致的生理性神经节细胞丢失。

3.  **光学相干断层扫描（OCT）的进展**：现代OCT技术（如Heidelberg Spectralis OCT）在青光眼监测中发挥了重要作用。通过对视盘（ONH）和RNFL进行纵向扫描，临床医生可以利用引导进展分析（GPA）软件，将患者的组织厚度变化与正常衰老曲线进行对比。这种分析能够通过斜率变化及统计学概率值，帮助医生判断视神经纤维的丢失是否超出了正常衰老范围，从而更准确地识别病理性进展。

该书强调了功能性检查（视野）与结构性检查（眼底摄影及OCT）相结合的重要性，为青光眼的早期诊断、病情评估及长期随访提供了科学的影像学依据。",本书出版于2016年，是面向眼科临床医生、青光眼专科医师及相关研究人员的青光眼检查与影像学参考书，围绕青光眼诊断、分期、随访和进展评估，系统连接功能检查、结构影像与临床判断。全书涵盖标准自动视野检查及MD、PSD、VFI、GPA和进展率分析；房角镜检查与开角、闭角、假性剥脱、色素性、外伤性、葡萄膜炎性、虹膜角膜内皮综合征及新生血管性青光眼；Goldmann压平眼压计、动态轮廓 tonometry 和眼反应分析仪；超声生物显微镜、眼后段血流评估；视神经头与视网膜神经纤维层分析、共焦扫描激光检眼镜、扫描激光偏振测量、光学相干断层扫描及视神经头血红蛋白测量。后半部分重点讨论结构—功能关系、黄斑与神经节细胞、早期及前视野期青光眼识别，以及结构性青光眼进展的纵向监测；并涉及激光虹膜切开术、滤过手术/小梁切除术及术后房角评估。
107,Springer-Gonioscopy-Christoph Gaschinger 2012,normalized_exact,21-检查：房角镜,757c926c-3b49-4a5f-9d09-fef6ea738e97,10000,f41e1e0c-b8bd-4758-bc57-d58b9135e4ca,Springer-Gonioscopy-Christoph Gaschinger 2012_weknora.mhtml,Springer-Gonioscopy-Christoph Gaschinger 2012_weknora.mhtml,completed,57b7d99b-6644-4893-8354-530fe7dd4075,c92f8b85-85be-4470-9b5e-ad6c49e6b1b2,492,1214,606623189a23c0d736bbe52dc51bc34616a808dfa68bd614108462992500a87e,"本书《房角镜检查》（*Gonioscopy*）由 Christoph Faschinger 和 Anton Hommer 撰写，是一部集教材与图谱于一体的眼科专业著作，旨在为青光眼患者的临床诊疗提供指导。该书系统地阐述了房角镜检查的历史、检查技术、解剖学特征以及分级系统，并结合高质量的房角照片，详细分析了开角型青光眼和闭角型青光眼的临床表现。

本书的核心内容涵盖以下几个方面：

1.  **房角镜检查的临床重要性**：房角镜检查是青光眼诊断中不可或缺的手段。作者强调，通过该技术区分正常房角与因年龄或病理改变导致的房角差异，对于制定正确的治疗方案至关重要。
2.  **病理机制与典型表现**：书中详细讨论了假性剥脱综合征（PXS）和色素播散综合征（PDS）等病理过程。例如，PXS 表现为房角内的纤维物质沉积及 Sampaolesi 线；PDS 则涉及虹膜色素上皮脱落、Krukenberg 纺锤体形成以及房角内强烈的色素沉着。
3.  **药物对房角的影响**：书中专门探讨了多种药物（包括拟交感神经药、抗胆碱能药及抗抑郁药等）对瞳孔及房角结构的影响。作者特别提醒，在处理具有窄房角或浅前房倾向的患者时，需警惕药物诱发的瞳孔阻滞或房角变窄风险，并建议通过预防性激光虹膜切开术（LPI）降低风险。
4.  **辅助检查与治疗评估**：除了传统的房角镜检查，书中还介绍了前段光学相干断层扫描（AS-OCT）和超声生物显微镜（UBM）等辅助成像技术，并探讨了激光、手术及药物治疗对房角外观的影响。

该书通过丰富的临床病例、详尽的图表及专业的术语，为眼科医生提供了系统化的参考，是提升青光眼诊断与治疗水平的重要工具。","# Summary
本书《房角镜检查》（*Gonioscopy*）由 Christoph Faschinger 和 Anton Hommer 撰写，是一部集教材与图谱于一体的眼科专业著作，旨在为青光眼患者的临床诊疗提供指导。该书系统地阐述了房角镜检查的历史、检查技术、解剖学特征以及分级系统，并结合高质量的房角照片，详细分析了开角型青光眼和闭角型青光眼的临床表现。

本书的核心内容涵盖以下几个方面：

1.  **房角镜检查的临床重要性**：房角镜检查是青光眼诊断中不可或缺的手段。作者强调，通过该技术区分正常房角与因年龄或病理改变导致的房角差异，对于制定正确的治疗方案至关重要。
2.  **病理机制与典型表现**：书中详细讨论了假性剥脱综合征（PXS）和色素播散综合征（PDS）等病理过程。例如，PXS 表现为房角内的纤维物质沉积及 Sampaolesi 线；PDS 则涉及虹膜色素上皮脱落、Krukenberg 纺锤体形成以及房角内强烈的色素沉着。
3.  **药物对房角的影响**：书中专门探讨了多种药物（包括拟交感神经药、抗胆碱能药及抗抑郁药等）对瞳孔及房角结构的影响。作者特别提醒，在处理具有窄房角或浅前房倾向的患者时，需警惕药物诱发的瞳孔阻滞或房角变窄风险，并建议通过预防性激光虹膜切开术（LPI）降低风险。
4.  **辅助检查与治疗评估**：除了传统的房角镜检查，书中还介绍了前段光学相干断层扫描（AS-OCT）和超声生物显微镜（UBM）等辅助成像技术，并探讨了激光、手术及药物治疗对房角外观的影响。

该书通过丰富的临床病例、详尽的图表及专业的术语，为眼科医生提供了系统化的参考，是提升青光眼诊断与治疗水平的重要工具。",本书出版于2012年，是兼具教材与图谱性质的青光眼房角镜检查专著，适用于眼科医师、青光眼专科医师及需要掌握房角评估和治疗决策的学习者。全书从房角镜检查史、镜片选择、常规与动态/压迫式检查及检查顺序入手，系统介绍Schwalbe线、 trabecular meshwork（小梁网）、Schlemm管、巩膜突、睫状体、虹膜根部等房角解剖，以及胚胎发育、先天性青光眼和前节发育异常；比较Scheie、Shaffer、Spaeth等分级与Van Herick、Ghorbani-Smith方法，并强调房角记录。内容重点涵盖原发性和继发性开角型青光眼、眼部及眼外疾病所致青光眼、原发性和继发性房角关闭、急性发作及其处理。书中还介绍AS-OCT、UBM、Pentacam-Scheimpflug、Orbscan和EyeCam等影像检查，以及激光小梁成形术、周边虹膜成形术、睫状体光凝、选择性激光小梁成形术、激光虹膜切开术；并讨论小梁切除术、深层巩膜切除、黏弹性腔道成形术、管道成形术、iStent、引流管、房角切开术、睫状体分离术和周边虹膜切除术，另涉及激素及多类药物引起的眼压升高和房角关闭。
108,Springer-Handbook of Pediatric Retinal Disease-Kenneth W Wright 2006,normalized_exact,10-小儿眼科：斜视与弱视等,d6a5115a-067a-4514-afbf-9fe81b4e64c0,10000,4087e8a5-4301-41ee-b910-6ecd8496e39d,Springer-Handbook of Pediatric Retinal Disease-Kenneth W Wright 2006_weknora.mhtml,Springer-Handbook of Pediatric Retinal Disease-Kenneth W Wright 2006_weknora.mhtml,completed,67ea49b2-d766-4ced-87b1-7d95faf693c9,9336182c-cd67-43da-b69b-df5db3b637e8,402,1044,2dbfe2534b7074d7e5f8a273518e39a9644bec01649b9cda327e9995e723d9e6,"《Handbook of Pediatric Retinal Disease》由Kenneth W. Wright、Peter H. Spiegel和Lisa S. Thompson主编，Springer出版，系从《Pediatric Ophthalmology and Strabismus》第二版重印的儿科视网膜疾病实用参考书。前言指出，该手册旨在为从业者提供关于常见及罕见视网膜疾病诊断与处理的简明而详细的参考，包含大量彩色照片、表格和信息框，并附有充分参考文献；书中还特别强调了对儿童不可逆视力丧失患者家属的沟通技巧，以及利用手册内容进行患者与家庭教育。

书中节选内容涵盖多个主题。第一章“Pediatric Visual Electrophysiology”介绍了视觉电生理检查在儿科中的价值：视网膜电图反映视网膜功能，眼电图反映色素上皮功能，视觉诱发电位反映视神经至视皮层的通路功能。这些检查客观、安全、快速，可用于婴儿早期诊断、区分眼球震颤或注视不良的原因、评估弱视遮盖疗效、辅助判断头痛或功能性视力下降，并可作为基因治疗的功能评估手段。文中还解释了波形参数（潜伏期与振幅）、ISCEV等国际标准，以及针对儿童约每年1500例的测试方案。

血管性病变部分指出，儿童视网膜分支静脉阻塞极为罕见，多与高黏滞综合征、镰状血红蛋白病及视网膜静脉襻相关；先天性血管襻多位于视盘，约80%为动脉性，并发症包括动静脉阻塞、玻璃体出血、一过性黑矇及前房积血。非血管性错构瘤章节以脉络膜痣为例，描述其由神经嵴来源的良性黑色素细胞构成，临床表现为棕至石板灰色、边界清楚的扁平或轻度隆起病灶，多见于赤道后部，白种人较黑人常见。

此外，内容还涉及多种代谢性视网膜疾病的治疗，如高胱氨酸尿症、无β脂蛋白血症、Refsum病、胱氨酸病、黏多糖贮积症（骨髓移植与酶替代治疗取得进展）、Alagille综合征的维生素补充、梅毒抗生素治疗、维生素A缺乏及去铁胺视网膜毒性的处理等，并提及维生素A可能延缓常见视网膜色素变性的进展，以及基因治疗和药物治疗的未来前景。","# Summary
《Handbook of Pediatric Retinal Disease》由Kenneth W. Wright、Peter H. Spiegel和Lisa S. Thompson主编，Springer出版，系从《Pediatric Ophthalmology and Strabismus》第二版重印的儿科视网膜疾病实用参考书。前言指出，该手册旨在为从业者提供关于常见及罕见视网膜疾病诊断与处理的简明而详细的参考，包含大量彩色照片、表格和信息框，并附有充分参考文献；书中还特别强调了对儿童不可逆视力丧失患者家属的沟通技巧，以及利用手册内容进行患者与家庭教育。

书中节选内容涵盖多个主题。第一章“Pediatric Visual Electrophysiology”介绍了视觉电生理检查在儿科中的价值：视网膜电图反映视网膜功能，眼电图反映色素上皮功能，视觉诱发电位反映视神经至视皮层的通路功能。这些检查客观、安全、快速，可用于婴儿早期诊断、区分眼球震颤或注视不良的原因、评估弱视遮盖疗效、辅助判断头痛或功能性视力下降，并可作为基因治疗的功能评估手段。文中还解释了波形参数（潜伏期与振幅）、ISCEV等国际标准，以及针对儿童约每年1500例的测试方案。

血管性病变部分指出，儿童视网膜分支静脉阻塞极为罕见，多与高黏滞综合征、镰状血红蛋白病及视网膜静脉襻相关；先天性血管襻多位于视盘，约80%为动脉性，并发症包括动静脉阻塞、玻璃体出血、一过性黑矇及前房积血。非血管性错构瘤章节以脉络膜痣为例，描述其由神经嵴来源的良性黑色素细胞构成，临床表现为棕至石板灰色、边界清楚的扁平或轻度隆起病灶，多见于赤道后部，白种人较黑人常见。

此外，内容还涉及多种代谢性视网膜疾病的治疗，如高胱氨酸尿症、无β脂蛋白血症、Refsum病、胱氨酸病、黏多糖贮积症（骨髓移植与酶替代治疗取得进展）、Alagille综合征的维生素补充、梅毒抗生素治疗、维生素A缺乏及去铁胺视网膜毒性的处理等，并提及维生素A可能延缓常见视网膜色素变性的进展，以及基因治疗和药物治疗的未来前景。",本书出版于2006年，是面向儿童眼科、视网膜专科及相关临床医生的实用诊断与管理手册，也可用于患儿家庭教育。全书涵盖儿童视觉电生理、低视力评估及失明诊断沟通，并系统讨论遗传性RPE—Bruch膜—脉络膜毛细血管疾病、视网膜色素变性及相关综合征、玻璃体和玻璃体视网膜界面病变、视网膜血管病、非血管性错构瘤、视网膜母细胞瘤等恶性眼内肿瘤、早产儿视网膜病变、感染性/炎症性/中毒性视网膜与玻璃体疾病、近视及儿童视网膜疾病模式。重点关键词包括ERG、EOG、PERG、VEP、闪光/图形/多焦ERG、扫频VEP、暗适应与明适应、ISCEV标准、眼底检查、MRI/CT、代谢筛查、遗传咨询、弱视遮盖、先天性白内障晶状体切除、低视力干预及视网膜基因治疗评估；涉及Stargardt病、Best病、视网膜色素变性、Leber先天性黑蒙、先天性静止性夜盲、X连锁视网膜劈裂、Stickler综合征、Coats病、ROP等。
109,Springer-HSV Epithelial Keratitis-Helena M Tabery 2010,normalized_exact,02-角膜与眼表,f041b2b7-3147-4deb-a2f2-0de5cc53d296,10000,fbe1b172-4e07-4202-bc10-cadb59d74b65,Springer-HSV Epithelial Keratitis-Helena M Tabery 2010_weknora.mhtml,Springer-HSV Epithelial Keratitis-Helena M Tabery 2010_weknora.mhtml,completed,33ce1fc2-2019-4f95-98c8-e17c696649d7,430c9a01-a63e-454e-81fc-486201d7223e,353,1017,c300f331d2d0eecf2d4a3c798335a93d94e73cf3989311c7b8afce0660815450,"本书探讨了单纯疱疹病毒（HSV）引起的角膜上皮炎的在体形态学特征。作者基于二十余年的高倍率裂隙灯观察经验，结合非接触式在体显微摄影技术，详细记录了HSV角膜上皮病变的形态、亚结构、愈合过程及相关并发症。

本书的核心内容包括：

1.  **病理机制与形态学特征**：HSV感染角膜上皮后，病毒复制引发细胞肿胀、变圆（细胞病变效应，CPE），进而导致上皮细胞脱落、溃疡及表面凹陷。典型的树枝状病变（dendrite）是由多个感染灶融合形成的，其形态与亚结构的细致观察对于诊断非典型病变至关重要。
2.  **诊断与鉴别诊断**：角膜上皮病变的诊断依赖于对病变形态、深度及分布的综合评估。由于多种病因（如外伤、病毒感染、营养不良等）均可导致相似的临床表现，准确识别HSV特有的亚结构是区分其与腺病毒感染、复发性糜烂等其他角膜病变的关键。
3.  **治疗与愈合过程**：使用阿昔洛韦软膏治疗可迅速改变HSV病变的形态。研究表明，治疗后24小时内典型病变特征显著减少，但随后会出现上皮缺损、囊性空间及异常细胞等短期后遗症。此外，即使治疗及时，部分患者仍可能遗留长期的上皮下损伤（“鬼影”）。
4.  **临床复杂性与后遗症**：HSV感染可能导致严重的眼部并发症，包括基质角膜炎、葡萄膜炎及角膜融解。长期随访显示，反复发作的HSV感染可能导致严重的基质瘢痕，且在干眼症等合并症存在的情况下，病情管理更为复杂。

本书通过丰富的影像资料和解释性绘图，旨在帮助眼科医生通过高倍率观察提升对HSV角膜上皮炎的识别能力，从而更有效地进行临床诊断和治疗评估。","# Summary
本书探讨了单纯疱疹病毒（HSV）引起的角膜上皮炎的在体形态学特征。作者基于二十余年的高倍率裂隙灯观察经验，结合非接触式在体显微摄影技术，详细记录了HSV角膜上皮病变的形态、亚结构、愈合过程及相关并发症。

本书的核心内容包括：

1.  **病理机制与形态学特征**：HSV感染角膜上皮后，病毒复制引发细胞肿胀、变圆（细胞病变效应，CPE），进而导致上皮细胞脱落、溃疡及表面凹陷。典型的树枝状病变（dendrite）是由多个感染灶融合形成的，其形态与亚结构的细致观察对于诊断非典型病变至关重要。
2.  **诊断与鉴别诊断**：角膜上皮病变的诊断依赖于对病变形态、深度及分布的综合评估。由于多种病因（如外伤、病毒感染、营养不良等）均可导致相似的临床表现，准确识别HSV特有的亚结构是区分其与腺病毒感染、复发性糜烂等其他角膜病变的关键。
3.  **治疗与愈合过程**：使用阿昔洛韦软膏治疗可迅速改变HSV病变的形态。研究表明，治疗后24小时内典型病变特征显著减少，但随后会出现上皮缺损、囊性空间及异常细胞等短期后遗症。此外，即使治疗及时，部分患者仍可能遗留长期的上皮下损伤（“鬼影”）。
4.  **临床复杂性与后遗症**：HSV感染可能导致严重的眼部并发症，包括基质角膜炎、葡萄膜炎及角膜融解。长期随访显示，反复发作的HSV感染可能导致严重的基质瘢痕，且在干眼症等合并症存在的情况下，病情管理更为复杂。

本书通过丰富的影像资料和解释性绘图，旨在帮助眼科医生通过高倍率观察提升对HSV角膜上皮炎的识别能力，从而更有效地进行临床诊断和治疗评估。",本书出版于2010年，是一部面向眼科医师、角膜与眼表疾病研究者的HSV上皮性角膜炎形态学图谱，依据人体角膜长期非接触式活体显微摄影，解析HSV-1感染的细胞病变、表面隆起与破坏、上皮糜烂/溃疡、液体扩散及树枝状、地图状等多种病灶形态，重点讨论终末球、病灶融合和病变形成机制。内容还涵盖原发与复发性角膜炎、结膜病变，以及与腺病毒、带状疱疹、Thygeson角膜炎和机械性损伤的鉴别。书中连续影像展示荧光素钠、孟加拉玫瑰红染色及泪膜变化，介绍病毒分离培养、裂隙灯观察和活体光显微摄影。另详述阿昔洛韦眼膏治疗后的愈合过程、治疗失败与药物副作用，以及上皮下“鬼影”、异常细胞、囊性间隙等短期后遗症；通过病例呈现基质浸润、盘状角膜炎、前葡萄膜炎、干眼、复发、基质瘢痕及角膜融解，涉及低剂量激素、组织胶和接触镜等处理。
110,Springer-Macular Dengeration-Philip L Penfold 2005,normalized_exact,06-眼底病与视网膜内科,f900fe21-9deb-47e0-bf36-ce06022cae92,10000,9b495f02-e915-4121-be46-90e8e0c51e13,Springer-Macular Dengeration-Philip L Penfold 2005_weknora.mhtml,Springer-Macular Dengeration-Philip L Penfold 2005_weknora.mhtml,completed,c437b1d5-3b50-4691-a118-99efd1ff3e1b,6cb3ec7f-27a2-4922-9ab2-6b6ad8e0866f,400,1052,02b4ba9dcfe81f71dd6a349d6b5174bcf6e144352fd905c4b1db8e3cac41ca22,"Philip L. Penfold

Jan M. Provis

Editors

## Macular Degeneration

Springer

Philip L. Penfold

Jan M. Provis

Editors

Macular Degeneration

Philip L. Penfold

Jan M. Provis

Editors

## Macular Degeneration

With 70 Figures in 193 Separate Illustrations and 14 Tables

Dr. Philip L. Penfold

Chief Scientist

Regenera Limited

PO Box 9

2 Brindabella Circuit

Canberra Airport

ACT 2609

Australia

Dr. Jan M. Provis

Dr. Jan M. Provis

Research School of Biological Sciences

The Australian Natio","# Summary
Philip L. Penfold

Jan M. Provis

Editors

## Macular Degeneration

Springer

Philip L. Penfold

Jan M. Provis

Editors

Macular Degeneration

Philip L. Penfold

Jan M. Provis

Editors

## Macular Degeneration

With 70 Figures in 193 Separate Illustrations and 14 Tables

Dr. Philip L. Penfold

Chief Scientist

Regenera Limited

PO Box 9

2 Brindabella Circuit

Canberra Airport

ACT 2609

Australia

Dr. Jan M. Provis

Dr. Jan M. Provis

Research School of Biological Sciences

The Australian Natio",本书出版于2005年，由Philip L. Penfold、Jan M. Provis主编，面向眼科学、视网膜生物学及AMD临床研究人员，系统综述年龄相关性黄斑变性（AMD）的基础机制、流行病学、诊断与治疗。内容涵盖灵长类中央凹解剖、光感受器与视网膜色素上皮（RPE）、Bruch膜和脉络膜血管；血视网膜屏障、微胶质、免疫反应、炎症、玻璃膜疣及补体；光感受器退变、氧化应激、抗氧化系统、遗传易感性和环境风险因素，并比较中国不同地区AMD的患病率。书中还介绍激光诱导脉络膜新生血管（CNV）、生长因子及转基因动物模型。临床部分区分干性AMD与新生血管性（湿性）AMD，涉及地图样萎缩、玻璃膜疣、RPE损伤、CNV和视力丧失，介绍眼底摄影、荧光素血管造影、吲哚菁绿血管造影、组织学及电镜检查，以及AREDS营养补充、叶黄素、激光光凝、抗氧化治疗、血浆置换、维替泊芬光动力治疗、CNV切除和黄斑转位手术等。
111,Springer-Macular Dysrophies-Giuseppe Querques 2016,normalized_exact,06-眼底病与视网膜内科,f900fe21-9deb-47e0-bf36-ce06022cae92,10000,7de0d899-86c8-414e-9b10-52e5fcdae7e5,Springer-Macular Dysrophies-Giuseppe Querques 2016_weknora.mhtml,Springer-Macular Dysrophies-Giuseppe Querques 2016_weknora.mhtml,completed,9a31e438-b3b7-4bdb-a0f6-856c72b5e801,09fdedf9-68e9-46c0-9236-ae0d63ef6e20,398,1042,321c39302bae6b7c46caaec47f2cb798a67fbca7fc327ccb541a728450d2c143,"本书由Giuseppe Querques和Eric H. Souied编辑，汇集了国际专家关于黄斑营养不良（Macular Dystrophies）的研究成果，涵盖了从分子生物学基础到先进诊断技术及实验性疗法的广泛内容。

本书的核心要点包括：

1.  **黄斑营养不良的临床与遗传特征**：黄斑营养不良是一类遗传性或散发的视网膜疾病，涉及视网膜色素上皮（RPE）或光感受器的功能障碍。以Best卵黄样黄斑营养不良（Best VMD）为例，该病通常由*BEST1*基因突变引起，表现为视网膜下脂褐素沉积，并可通过眼底检查、自发荧光（FAF）和光学相干断层扫描（SD-OCT）进行分期诊断。
2.  **特定疾病的病理机制**：北卡罗来纳黄斑营养不良（NCMD/MCDR1）是一种常染色体显性遗传的非进展性疾病，被认为与黄斑发育异常有关。尽管其表型明确，但其致病基因定位在6q16染色体区域，具体的分子遗传学基础尚待进一步研究。
3.  **诊断与评估技术**：现代眼科诊断依赖于高分辨率成像技术（如SD-OCT和自适应光学）以及功能性评估（如微视野检查）。这些技术对于疾病的早期发现、分期评估以及筛选适合新型疗法的患者至关重要。
4.  **新兴治疗策略与康复**：针对视网膜退行性病变的治疗研究包括基因治疗、诱导多能干细胞（iPSC）应用以及感官替代设备（如将视觉信息转化为听觉或触觉的装置）。此外，纳米技术在药物和基因递送方面的应用展现了低免疫原性和高转染效率的潜力。

总结而言，本书旨在通过整合最新的临床数据与实验性研究，为眼科医生提供黄斑营养不良的诊疗指南。专家们强调，未来的研究重点应在于深入理解基因型与表型之间的关联，并探索联合疗法以减缓视网膜退化过程，最终将罕见黄斑营养不良的研究成果转化为针对常见黄斑疾病（如AMD）的有效治疗手段。","# Summary
本书由Giuseppe Querques和Eric H. Souied编辑，汇集了国际专家关于黄斑营养不良（Macular Dystrophies）的研究成果，涵盖了从分子生物学基础到先进诊断技术及实验性疗法的广泛内容。

本书的核心要点包括：

1.  **黄斑营养不良的临床与遗传特征**：黄斑营养不良是一类遗传性或散发的视网膜疾病，涉及视网膜色素上皮（RPE）或光感受器的功能障碍。以Best卵黄样黄斑营养不良（Best VMD）为例，该病通常由*BEST1*基因突变引起，表现为视网膜下脂褐素沉积，并可通过眼底检查、自发荧光（FAF）和光学相干断层扫描（SD-OCT）进行分期诊断。
2.  **特定疾病的病理机制**：北卡罗来纳黄斑营养不良（NCMD/MCDR1）是一种常染色体显性遗传的非进展性疾病，被认为与黄斑发育异常有关。尽管其表型明确，但其致病基因定位在6q16染色体区域，具体的分子遗传学基础尚待进一步研究。
3.  **诊断与评估技术**：现代眼科诊断依赖于高分辨率成像技术（如SD-OCT和自适应光学）以及功能性评估（如微视野检查）。这些技术对于疾病的早期发现、分期评估以及筛选适合新型疗法的患者至关重要。
4.  **新兴治疗策略与康复**：针对视网膜退行性病变的治疗研究包括基因治疗、诱导多能干细胞（iPSC）应用以及感官替代设备（如将视觉信息转化为听觉或触觉的装置）。此外，纳米技术在药物和基因递送方面的应用展现了低免疫原性和高转染效率的潜力。

总结而言，本书旨在通过整合最新的临床数据与实验性研究，为眼科医生提供黄斑营养不良的诊疗指南。专家们强调，未来的研究重点应在于深入理解基因型与表型之间的关联，并探索联合疗法以减缓视网膜退化过程，最终将罕见黄斑营养不良的研究成果转化为针对常见黄斑疾病（如AMD）的有效治疗手段。",本书出版于2016年，是面向眼科医师、视网膜专科医师及遗传性眼病研究者的多作者专业专著，系统讨论遗传性及散发性黄斑营养不良的分子基础、临床表现、自然病程、鉴别诊断、检查与管理。内容涵盖Best卵黄样黄斑营养不良、模式营养不良、Stargardt病、视锥及全身性视网膜营养不良的黄斑改变、Malattia Leventinese（常染色体显性玻璃膜疣）、North Carolina黄斑营养不良、Sorsby眼底营养不良、m.3243A>G相关线粒体视网膜营养不良、X连锁视网膜劈裂及多种罕见黄斑病。重点涉及眼底检查、眼底自发荧光（FAF）、荧光素及吲哚菁绿血管造影、谱域OCT、多模态影像、ERG及遗传检测，并讨论黄斑萎缩、黄斑囊样水肿、视网膜前膜、脉络膜新生血管等并发改变。末章总结低视力康复、基因治疗、神经保护、视网膜假体、光遗传学、细胞治疗、感觉替代装置及玻璃体腔或视网膜下注射等前沿干预。
112,Springer-Management of Complicated Vitreoretinal Diseases-Fabio Patelli 2015,normalized_exact,07-玻璃体视网膜外科,a6b50bbd-5223-4776-88b7-ac57a59a3fcf,10000,eca6129c-5445-46b5-9c1e-4ef489097a53,Springer-Management of Complicated Vitreoretinal Diseases-Fabio Patelli 2015_weknora.mhtml,Springer-Management of Complicated Vitreoretinal Diseases-Fabio Patelli 2015_weknora.mhtml,completed,63959935-b5cc-448d-ae35-78c6798604f7,d574edfd-f1f7-449d-b4c9-8028e613cca2,339,985,d0b3451a0951a74837002d3940901995ea4b2835f6281f4c7c58552d1c7e5c2a,"本文档探讨了复杂玻璃体视网膜疾病的临床管理，重点介绍了高度近视相关视网膜病变的治疗技术以及小切口玻璃体切割术的进展。

文档的核心内容包括以下几个方面：

1.  **高度近视的黄斑扣带术（Macular Buckling）**：针对高度近视引起的后巩膜葡萄肿及相关牵引性病变（如黄斑裂孔性视网膜脱离、黄斑劈裂），作者提倡将黄斑扣带术与玻璃体切割术（PPV）联合应用。这种组合方式能有效抵消后巩膜葡萄肿产生的机械牵引力，并弥补单纯玻璃体切割术在处理切向牵引方面的不足，同时避免了单纯巩膜外扣带术可能导致的并发症。

2.  **手术器械与技术的选择**：在黄斑扣带术中，作者对比了硅胶带、Ando扣带和AJL黄斑扣带。研究认为，Ando和AJL扣带因其设计特点在临床效果上优于传统的硅胶带。此外，文档还讨论了在手术中通过辅助光源定位以实现更精准的巩膜外加压。

3.  **硅油填充后的并发症管理**：针对玻璃体切割术中使用的硅油填充，文档详细分析了术后高眼压的风险及其机制。为了预防硅油乳化及瞳孔阻滞，作者强调了进行下周缘周边虹膜切除术（PI）的重要性，并指出在术后管理中应通过药物（如房水抑制剂）控制眼压，必要时采取手术干预。

4.  **小切口玻璃体切割术的先进技术**：文档介绍了针对复杂病例（如糖尿病牵引性视网膜脱离）的微创手术技巧，包括使用全氟化碳液体（PFCL）辅助视网膜平复，以及利用粘弹剂进行“粘弹分离术”（Viscodelamination）。通过使用特制的定向粘弹导管，医生可以在纤维血管膜与视网膜之间建立分离空间，从而提高手术的安全性和效率。

总体而言，现代玻璃体视网膜手术正趋向于更微创、更高效，通过结合机械支撑（扣带术）与精细的膜剥离技术，能够显著改善复杂视网膜疾病的解剖与功能预后。","# Summary
本文档探讨了复杂玻璃体视网膜疾病的临床管理，重点介绍了高度近视相关视网膜病变的治疗技术以及小切口玻璃体切割术的进展。

文档的核心内容包括以下几个方面：

1.  **高度近视的黄斑扣带术（Macular Buckling）**：针对高度近视引起的后巩膜葡萄肿及相关牵引性病变（如黄斑裂孔性视网膜脱离、黄斑劈裂），作者提倡将黄斑扣带术与玻璃体切割术（PPV）联合应用。这种组合方式能有效抵消后巩膜葡萄肿产生的机械牵引力，并弥补单纯玻璃体切割术在处理切向牵引方面的不足，同时避免了单纯巩膜外扣带术可能导致的并发症。

2.  **手术器械与技术的选择**：在黄斑扣带术中，作者对比了硅胶带、Ando扣带和AJL黄斑扣带。研究认为，Ando和AJL扣带因其设计特点在临床效果上优于传统的硅胶带。此外，文档还讨论了在手术中通过辅助光源定位以实现更精准的巩膜外加压。

3.  **硅油填充后的并发症管理**：针对玻璃体切割术中使用的硅油填充，文档详细分析了术后高眼压的风险及其机制。为了预防硅油乳化及瞳孔阻滞，作者强调了进行下周缘周边虹膜切除术（PI）的重要性，并指出在术后管理中应通过药物（如房水抑制剂）控制眼压，必要时采取手术干预。

4.  **小切口玻璃体切割术的先进技术**：文档介绍了针对复杂病例（如糖尿病牵引性视网膜脱离）的微创手术技巧，包括使用全氟化碳液体（PFCL）辅助视网膜平复，以及利用粘弹剂进行“粘弹分离术”（Viscodelamination）。通过使用特制的定向粘弹导管，医生可以在纤维血管膜与视网膜之间建立分离空间，从而提高手术的安全性和效率。

总体而言，现代玻璃体视网膜手术正趋向于更微创、更高效，通过结合机械支撑（扣带术）与精细的膜剥离技术，能够显著改善复杂视网膜疾病的解剖与功能预后。",本书为Springer 2015年出版的复杂玻璃体视网膜疾病外科管理专著，面向年轻及资深玻璃体视网膜外科医师，强调围手术期决策、疑难病例处理及术中术后并发症应对，适合作为手术室参考。全书涵盖高度近视黄斑扣带术、儿童复杂玻璃体视网膜病例、后葡萄膜炎玻璃体切除、开放性眼球损伤、增生性玻璃体视网膜病变、增生性糖尿病视网膜病变、玻璃体视网膜手术填塞物并发症、巩膜扣带术及视网膜脱离玻璃体切除的术中术后并发症，还讨论感染性眼内炎的微创玻璃体切除、玻璃体视网膜内窥镜、永久性人工角膜相关问题、黄斑手术并发症及微创玻璃体切除系统。重要关键词包括后巩膜葡萄肿、黄斑裂孔性视网膜脱离、近视性黄斑劈裂、黄斑裂孔、OCT、玻璃体切除、染料、全氟化碳液、内界膜剥除、硅油填塞、视网膜切开及激光光凝等。
113,Springer-Manual Samll Incision Cataract Surgery-Bonnie An Henderson 2016,normalized_exact,03-白内障：晶状体与人工晶体,a0f47c80-3a66-46c8-8315-43b41ce357ea,10000,59e6ac22-2421-464c-b5e6-942c250ddb5f,Springer-Manual Samll Incision Cataract Surgery-Bonnie An Henderson 2016_weknora.mhtml,Springer-Manual Samll Incision Cataract Surgery-Bonnie An Henderson 2016_weknora.mhtml,completed,f6757389-8ea7-4cb0-8723-4f610e9c608d,383fe709-cef7-4ccb-bf02-884389ebb881,362,988,9b59164fd58df9419a3a3fff51f2312ff13707cecd3bb284c1fbeb7a8769cbef,"手动小切口白内障手术（MSICS）是全球范围内应对白内障致盲问题的重要医疗手段。该手术在发展中国家尤为重要，因为白内障是导致该地区失明的主要原因，且手术具有极高的成本效益。

本文档的核心内容涵盖了以下几个方面：

1.  **MSICS的必要性与优势**：相较于发达国家普遍采用的超声乳化技术，MSICS在资源匮乏地区更具优势。它不仅设备成本低、维护简单，且学习曲线较短，对于处理成熟期白内障更为安全有效，同时能显著降低手术并发症风险。
2.  **技术演进与操作方法**：MSICS技术经历了从Blumenthal提出的使用前房维持器（ACM）的经典“Mini-Nuc”技术，到Ruit等人改良技术的演变。文档详细介绍了“V型囊切开术”的操作流程，包括利用针头进行线性切开、形成三角形皮瓣以及后续的晶状体植入步骤。该技术因其对设备要求低、易于学习且适用于复杂病例而受到推崇。
3.  **手术并发症处理**：针对术中可能出现的玻璃体脱出等并发症，文档强调了使用自动化高速玻璃体切除术的必要性，并建议使用稀释的曲安奈德（Kenalog）染色以辅助玻璃体清除，从而降低术后炎症和眼内炎风险。
4.  **人工晶状体（IOL）的选择**：MSICS手术中，硬性三片式聚甲基丙烯酸甲酯（PMMA）人工晶状体因其成本低、生物相容性好且植入稳定，成为全球最常用的选择。文档还讨论了在特定手术条件下（如后囊膜破裂或悬韧带不稳）使用单片式人工晶状体或囊袋张力环的注意事项，并提醒在睫状沟植入时需调整屈光度计算，以避免术后出现近视漂移。

总体而言，MSICS作为一种高效、经济且易于推广的手术方式，在缓解全球白内障致盲负担方面发挥着不可替代的作用。","# Summary
手动小切口白内障手术（MSICS）是全球范围内应对白内障致盲问题的重要医疗手段。该手术在发展中国家尤为重要，因为白内障是导致该地区失明的主要原因，且手术具有极高的成本效益。

本文档的核心内容涵盖了以下几个方面：

1.  **MSICS的必要性与优势**：相较于发达国家普遍采用的超声乳化技术，MSICS在资源匮乏地区更具优势。它不仅设备成本低、维护简单，且学习曲线较短，对于处理成熟期白内障更为安全有效，同时能显著降低手术并发症风险。
2.  **技术演进与操作方法**：MSICS技术经历了从Blumenthal提出的使用前房维持器（ACM）的经典“Mini-Nuc”技术，到Ruit等人改良技术的演变。文档详细介绍了“V型囊切开术”的操作流程，包括利用针头进行线性切开、形成三角形皮瓣以及后续的晶状体植入步骤。该技术因其对设备要求低、易于学习且适用于复杂病例而受到推崇。
3.  **手术并发症处理**：针对术中可能出现的玻璃体脱出等并发症，文档强调了使用自动化高速玻璃体切除术的必要性，并建议使用稀释的曲安奈德（Kenalog）染色以辅助玻璃体清除，从而降低术后炎症和眼内炎风险。
4.  **人工晶状体（IOL）的选择**：MSICS手术中，硬性三片式聚甲基丙烯酸甲酯（PMMA）人工晶状体因其成本低、生物相容性好且植入稳定，成为全球最常用的选择。文档还讨论了在特定手术条件下（如后囊膜破裂或悬韧带不稳）使用单片式人工晶状体或囊袋张力环的注意事项，并提醒在睫状沟植入时需调整屈光度计算，以避免术后出现近视漂移。

总体而言，MSICS作为一种高效、经济且易于推广的手术方式，在缓解全球白内障致盲负担方面发挥着不可替代的作用。",本书出版于2016年，是面向眼科医师、住院医师及需在资源有限环境开展白内障手术者的MSICS实用手册，重点说明其相较超声乳化在费用、手术时间、学习曲线及成熟硬核白内障处理方面的特点。全书涵盖器械耗材、局部/表面麻醉、术前准备与铺巾、巩膜隧道切口及缝合、前囊膜开口、撕囊、分离与核脱位、核娩出、皮质吸除、人工晶状体植入、伤口处理和术后用药随访，并讨论并发症、疗效、散光、成本及由超声乳化转为MSICS的指征。重点技术包括Blumenthal技术、前房维持器、连续环形撕囊、V形或开罐式截囊、液体/黏弹性表达、sandwich、fish-hook、手工劈核、三分核、snare及手工碎核。还涉及小瞳孔、后极性白内障、假性剥脱综合征、葡萄膜炎性和外伤性白内障、晶状体诱发性青光眼、后囊膜破裂、悬韧带松解及前部玻璃体切除等特殊情境。
114,Springer-OCT in AMD-Gabriel Coscas 2009,normalized_exact,06-眼底病与视网膜内科,f900fe21-9deb-47e0-bf36-ce06022cae92,10000,b6434337-5900-490c-9c74-2c707e01ff06,Springer-OCT in AMD-Gabriel Coscas 2009_weknora.mhtml,Springer-OCT in AMD-Gabriel Coscas 2009_weknora.mhtml,completed,05b6398c-3b81-4b6a-ae10-5875911f81d0,23eec4d6-1534-42e5-b8ce-9885ef851f3a,386,1074,99419cfd526afbbeac23cefb6ea352cc514c945522eac1ea9bd9c572555ef0a1,"该文档为《年龄相关性黄斑变性中的光学相干断层扫描》（OCT in AMD）一书的年度报告内容，由Gabriel Coscas教授及其团队编写，法国眼科学会年度报告出版。文档涵盖前言、临床病例分析以及多种OCT设备的技术介绍。

前言部分指出，尽管基础与临床研究不断推进，AMD的病因、病理生理、临床特征及自然病程仍不完全清楚，因此早期诊断对优化新治疗方案至关重要。书中通过对比普通眼底照相、自发荧光、荧光素血管造影和吲哚菁绿血管造影，系统阐述了OCT提供的信息。文档将OCT的发展划分为三个阶段：第一阶段为间接征象的显示，即渗出和积液（曾被不恰当地称为“视网膜”增厚）；第二阶段借助频域OCT获得更清晰的病灶、脱离及炎性反应图像，并能与血管造影精确对应；第三阶段刚起步，侧重于外层视网膜改变及光感受器细胞损伤的分析与监测。

临床病例部分展示了“中等大小隐匿性脉络膜新生血管（CNV）”的18个月延长抗VEGF治疗过程。患者在第2次注射后出现短暂恶化，视力下降且液体持续移位；第6次注射后视力显著改善，视网膜内积液吸收，色素上皮脱离（PED）塌陷；第2年虽病灶看似稳定，但出现复发，频域OCT显示IS/OS界面和外界膜局部断裂或增厚，外核层被高反射物质及亮高反射点侵犯，提示CNV复发。继续每2个月一次注射后，视力稳定在20/40，PED持续存在但被认为与缓慢瘢痕化有关，而非新并发症。

技术部分介绍了多种频域OCT设备：OTI Spectral OCT/SLO可整合微视野计，将视网膜功能与厚度图关联，并支持3D地形图/断层图及青光眼视盘和神经纤维层分析；比较表列出了频域OCT与Stratus时域OCT的技术差异，如扫描速度（18,000–40,000次/秒 vs 400次/秒）、分辨率及3D分析能力；Cirrus HD-OCT则强调高清、高分辨率、眼底图像引导精确定位及ILM和RPE分层等功能。","# Summary
该文档为《年龄相关性黄斑变性中的光学相干断层扫描》（OCT in AMD）一书的年度报告内容，由Gabriel Coscas教授及其团队编写，法国眼科学会年度报告出版。文档涵盖前言、临床病例分析以及多种OCT设备的技术介绍。

前言部分指出，尽管基础与临床研究不断推进，AMD的病因、病理生理、临床特征及自然病程仍不完全清楚，因此早期诊断对优化新治疗方案至关重要。书中通过对比普通眼底照相、自发荧光、荧光素血管造影和吲哚菁绿血管造影，系统阐述了OCT提供的信息。文档将OCT的发展划分为三个阶段：第一阶段为间接征象的显示，即渗出和积液（曾被不恰当地称为“视网膜”增厚）；第二阶段借助频域OCT获得更清晰的病灶、脱离及炎性反应图像，并能与血管造影精确对应；第三阶段刚起步，侧重于外层视网膜改变及光感受器细胞损伤的分析与监测。

临床病例部分展示了“中等大小隐匿性脉络膜新生血管（CNV）”的18个月延长抗VEGF治疗过程。患者在第2次注射后出现短暂恶化，视力下降且液体持续移位；第6次注射后视力显著改善，视网膜内积液吸收，色素上皮脱离（PED）塌陷；第2年虽病灶看似稳定，但出现复发，频域OCT显示IS/OS界面和外界膜局部断裂或增厚，外核层被高反射物质及亮高反射点侵犯，提示CNV复发。继续每2个月一次注射后，视力稳定在20/40，PED持续存在但被认为与缓慢瘢痕化有关，而非新并发症。

技术部分介绍了多种频域OCT设备：OTI Spectral OCT/SLO可整合微视野计，将视网膜功能与厚度图关联，并支持3D地形图/断层图及青光眼视盘和神经纤维层分析；比较表列出了频域OCT与Stratus时域OCT的技术差异，如扫描速度（18,000–40,000次/秒 vs 400次/秒）、分辨率及3D分析能力；Cirrus HD-OCT则强调高清、高分辨率、眼底图像引导精确定位及ILM和RPE分层等功能。",本书出版于2009年，是Lanning B. Kline、Rod Foroozan主编的视神经疾病临床参考书，适用于眼科医生、神经眼科医生及相关临床医师。全书首先介绍视神经的解剖、生理、血液供应和轴突生理，随后讲解病史采集、视力、视野、色觉、亮度对比、瞳孔、对比敏感度、检眼镜、电生理及影像学检查。主要内容涵盖视乳头水肿及特发性颅内压增高、视神经炎与多发性硬化、缺血性视神经病变（NAION、巨细胞动脉炎及后部缺血性病变）、前部视路压迫，以及视神经胶质瘤、颅咽管瘤、垂体腺瘤、脑膜瘤、颅内动脉瘤和甲状腺相关眼病。还系统讨论发育性和遗传性异常、Leber遗传性视神经病变、中毒性和营养性病变、外伤性视神经损伤，以及放射性、癌性、糖尿病性视乳头病变等。书中结合临床表现、鉴别诊断、神经影像、治疗选择、视力预后及颞动脉活检、白内障摘除术等技术，为视神经疾病的诊断和治疗提供参考。
115,Springer-OCT in Glaucoma-Ahmet Akman 2018,normalized_exact,05-青光眼,8bf942e4-80dc-4a8a-87cf-486f897fe2bd,10000,5213d56a-eb9d-4988-ad52-2be0aaef0fa8,Springer-OCT in Glaucoma-Ahmet Akman 2018_weknora.mhtml,Springer-OCT in Glaucoma-Ahmet Akman 2018_weknora.mhtml,completed,76746ac6-3bdb-450f-a769-e64d27af2fe7,18a6f5c3-8ddc-4f6e-85de-4305ffa02984,455,1125,447e2b2961010df5d17965341c05f013fa7011562d1467a0f78206e5d631849d,"《青光眼光学相干断层扫描：实用指南》（Optical Coherence Tomography in Glaucoma: A Practical Guide）是一部旨在填补临床医生在青光眼诊疗中对光学相干断层扫描（OCT）应用空白的专业著作。该书由多位青光眼专家编撰，通过理论与临床实践相结合的方式，为眼科医生提供了系统性的OCT应用指导。

该书的核心内容涵盖以下几个关键方面：

1.  **OCT在青光眼诊疗中的核心地位**：OCT已成为诊断和监测青光眼结构性损伤的主要工具。其高分辨率和可重复性使其在早期青光眼检测及疾病进展评估方面优于传统成像系统，并可作为视野检查的重要补充。
2.  **临床判读与伪影识别**：书中强调，临床医生不能仅依赖设备生成的“红绿”总结统计数据，而应全面审视OCT报告。重点讨论了如何识别OCT图像中的伪影、解剖变异以及可能导致误诊的“青光眼伪装者”（如视神经炎、压迫性视神经病变等），从而减少假阳性和假阴性结果。
3.  **多维度评估与结构功能关联**：强调了综合利用眼部不同层级（如视网膜神经纤维层、神经节细胞层）和不同区域（如视盘、黄斑区）数据的重要性，并提倡将结构性OCT数据与功能性检查结果进行对比分析。
4.  **前沿技术应用**：书中专门探讨了OCT血管成像（OCTA）的现状与局限性。尽管目前OCTA受限于运动伪影和无法检测血管渗漏等问题，但随着扫描速度的提升和技术的迭代，其在评估青光眼血管结构改变方面的潜力巨大。

全书通过丰富的临床案例、详细的图像分析以及对Cirrus HD-OCT和Spectralis OCT等主流设备的实操说明，旨在帮助从住院医师到资深专家的各类眼科从业者提升OCT判读能力，进而改善全球青光眼患者的临床护理质量。","# Summary
《青光眼光学相干断层扫描：实用指南》（Optical Coherence Tomography in Glaucoma: A Practical Guide）是一部旨在填补临床医生在青光眼诊疗中对光学相干断层扫描（OCT）应用空白的专业著作。该书由多位青光眼专家编撰，通过理论与临床实践相结合的方式，为眼科医生提供了系统性的OCT应用指导。

该书的核心内容涵盖以下几个关键方面：

1.  **OCT在青光眼诊疗中的核心地位**：OCT已成为诊断和监测青光眼结构性损伤的主要工具。其高分辨率和可重复性使其在早期青光眼检测及疾病进展评估方面优于传统成像系统，并可作为视野检查的重要补充。
2.  **临床判读与伪影识别**：书中强调，临床医生不能仅依赖设备生成的“红绿”总结统计数据，而应全面审视OCT报告。重点讨论了如何识别OCT图像中的伪影、解剖变异以及可能导致误诊的“青光眼伪装者”（如视神经炎、压迫性视神经病变等），从而减少假阳性和假阴性结果。
3.  **多维度评估与结构功能关联**：强调了综合利用眼部不同层级（如视网膜神经纤维层、神经节细胞层）和不同区域（如视盘、黄斑区）数据的重要性，并提倡将结构性OCT数据与功能性检查结果进行对比分析。
4.  **前沿技术应用**：书中专门探讨了OCT血管成像（OCTA）的现状与局限性。尽管目前OCTA受限于运动伪影和无法检测血管渗漏等问题，但随着扫描速度的提升和技术的迭代，其在评估青光眼血管结构改变方面的潜力巨大。

全书通过丰富的临床案例、详细的图像分析以及对Cirrus HD-OCT和Spectralis OCT等主流设备的实操说明，旨在帮助从住院医师到资深专家的各类眼科从业者提升OCT判读能力，进而改善全球青光眼患者的临床护理质量。",本书出版于2018年，是面向综合眼科医师、青光眼专科医师、住院医师及研究员的青光眼光学相干断层扫描（OCT）实用指南，重点服务于青光眼的早期诊断、结构性损害识别与进展监测。全书从OCT发展史、成像原理、技术参数及厂商系统入手，系统讲解Cirrus HD-OCT与Spectralis OCT报告的判读，包括视神经头（ONH）、视网膜神经纤维层（RNFL）、神经节细胞层/内丛状层（GCL+IPL）、黄斑和最小盘缘宽度（BMO-MRW）等指标。内容进一步覆盖不同严重程度青光眼病例、规范数据库比较、扫描质量控制、伪影与解剖变异、非青光眼性视神经病变，以及近视眼中的OCT应用和前节OCT。后半部分聚焦青光眼结构性进展、Cirrus Guided Progression Analysis、Spectralis进展分析、结构—功能关系及视野检查的联合解释，最后介绍OCT血管成像（OCTA）在青光眼中的应用。书中强调不能机械依赖红黄绿分类或饼图，而应结合原始影像、视盘、RNFL、黄斑、视觉功能及病例背景综合判断。
116,Springer-Ocular Traumatology-Ferenc Kuhn 2008,normalized_exact,13-眼外伤与急症,06e9888f-5d59-49c9-9218-d078b456f01b,10000,83bbb414-eecd-4e54-a2aa-3a967f95ffeb,Springer-Ocular Traumatology-Ferenc Kuhn 2008_weknora.mhtml,Springer-Ocular Traumatology-Ferenc Kuhn 2008_weknora.mhtml,completed,92c6733f-4926-4371-ac55-596e12f17f84,a3943c94-d4d4-418c-b51d-d64b5785d1b3,382,1088,6475f3ec3f4e8dedab0691824b41244c29a76be08f86c92cf0fa636f2c5b67c6,"《眼外伤学》（Ocular Traumatology）是Ferenc Kuhn编著的眼科专著。书中前言部分指出，该书虽沿用前作《眼外伤：原理与实践》的部分体例（如以组织而非眼前节/眼后节划分章节），但大部分内容为新增且由作者独自撰写以保证风格统一。作者强调，手术应以恢复整个眼球解剖与功能为终点，而不能只满足于伤口缝合；医生需在术前自问是否有能力完成最佳手术，并重视“为什么”而不仅是“何时、何物、如何”。前言还分析了眼外伤领域的困难：通用原则多而具体指导少、成功率低于白内障手术、需在设备有限条件下长时间手术、患者焦虑且期望不切实际、医患信任需偶然建立并须靠沟通技巧赢得；术中因角膜水肿、晶状体混浊和玻璃体出血等导致可视性差。尽管如此，作者认为成功救治“无望”眼伤带来的成就感是这一领域的独特吸引力，并指出美国医学院校中仅不到三分之一要求正规眼科训练。

书中的手术技术部分涉及人工晶状体（IOL）脱位至玻璃体腔的处理：可经睫状体平坦部或角膜缘取出，也可在晶状体囊袋完整时用镊子抓持襻、旋转180°后将襻复位入囊袋；还可通过巩膜隧道或睫状体平坦部巩膜切口将襻外置并埋藏固定，内窥镜对此类操作有重要辅助作用。注意事项包括：仔细评估晶状体损伤以选择最佳治疗、避免在晶状体摘除时误吸玻璃体、不要急于摘除晶状体。

身体创伤所致眼部并发症一节描述了黄斑部灰白肿胀、直径小于100微米的火山口样凹陷伴视网膜色素上皮改变，伤后荧光造影可见小范围高荧光；该病无已知治疗，视力多恢复至20/20。文中提醒，怀疑虐待儿童时应仔细检查；玻璃体或黄斑出血是否手术需权衡利弊；身体创伤可造成多种眼部后遗症，严重时可致命，婴幼儿受虐者甚至可能死亡。

文末为勘误：更正图1.9.1、“Controversial”定义（新鲜眼内异物一般不应留置，但若异物确认惰性、无眼内炎风险且未造成眼内病变，则手术可能比异物本身带来更多并发症），以及表2.17.3细菌性外伤性眼内炎的药物治疗剂量，包括玻璃体腔内注射头孢他啶2.2mg/0.1ml、万古霉素1-2mg/0.1ml、地塞米松0.4mg/0.1ml，以及灌注液、结膜下、局部、口服莫西沙星和静脉给药方案。","# Summary
《眼外伤学》（Ocular Traumatology）是Ferenc Kuhn编著的眼科专著。书中前言部分指出，该书虽沿用前作《眼外伤：原理与实践》的部分体例（如以组织而非眼前节/眼后节划分章节），但大部分内容为新增且由作者独自撰写以保证风格统一。作者强调，手术应以恢复整个眼球解剖与功能为终点，而不能只满足于伤口缝合；医生需在术前自问是否有能力完成最佳手术，并重视“为什么”而不仅是“何时、何物、如何”。前言还分析了眼外伤领域的困难：通用原则多而具体指导少、成功率低于白内障手术、需在设备有限条件下长时间手术、患者焦虑且期望不切实际、医患信任需偶然建立并须靠沟通技巧赢得；术中因角膜水肿、晶状体混浊和玻璃体出血等导致可视性差。尽管如此，作者认为成功救治“无望”眼伤带来的成就感是这一领域的独特吸引力，并指出美国医学院校中仅不到三分之一要求正规眼科训练。

书中的手术技术部分涉及人工晶状体（IOL）脱位至玻璃体腔的处理：可经睫状体平坦部或角膜缘取出，也可在晶状体囊袋完整时用镊子抓持襻、旋转180°后将襻复位入囊袋；还可通过巩膜隧道或睫状体平坦部巩膜切口将襻外置并埋藏固定，内窥镜对此类操作有重要辅助作用。注意事项包括：仔细评估晶状体损伤以选择最佳治疗、避免在晶状体摘除时误吸玻璃体、不要急于摘除晶状体。

身体创伤所致眼部并发症一节描述了黄斑部灰白肿胀、直径小于100微米的火山口样凹陷伴视网膜色素上皮改变，伤后荧光造影可见小范围高荧光；该病无已知治疗，视力多恢复至20/20。文中提醒，怀疑虐待儿童时应仔细检查；玻璃体或黄斑出血是否手术需权衡利弊；身体创伤可造成多种眼部后遗症，严重时可致命，婴幼儿受虐者甚至可能死亡。

文末为勘误：更正图1.9.1、“Controversial”定义（新鲜眼内异物一般不应留置，但若异物确认惰性、无眼内炎风险且未造成眼内病变，则手术可能比异物本身带来更多并发症），以及表2.17.3细菌性外伤性眼内炎的药物治疗剂量，包括玻璃体腔内注射头孢他啶2.2mg/0.1ml、万古霉素1-2mg/0.1ml、地塞米松0.4mg/0.1ml，以及灌注液、结膜下、局部、口服莫西沙星和静脉给药方案。",本书出版于2008年，是面向眼科医师、眼外伤专科医师、住院医师及眼科急诊与手术人员的眼外伤临床专著。全书先介绍机械性眼外伤的标准化术语BETT、损伤分类、眼外伤评分OTS、流行病学与预防、患者及家属沟通、评估、战略规划和急救处理；继而按组织系统讲解结膜、角膜、巩膜与角膜缘、组织脱出、前房、虹膜瞳孔、晶状体、睫状体脉络膜、玻璃体和视网膜损伤，并覆盖钝挫伤、眼球破裂、开放性眼球损伤、穿通伤、眼内异物（IOFB）、贯通伤及累及全眼球的复杂创伤。内容还涉及儿童和老年患者外伤、外伤性眼内炎、继发性青光眼、低眼压、内窥镜技术，以及化学伤、电磁损伤和全身创伤对眼部的影响。书中结合视力、APD、视网膜脱离和眼内炎等预后因素，讨论裂隙灯、眼底检查、CT、MRI、UBM、ERG、眼内窥镜、玻璃体切除、伤口缝合、晶状体处理、外磁体取异物、硅油或气体填充等检查、影像与治疗技术。
117,Springer-Ophthalmic Microsurgical Suturing Techniques-Marian S Macsai 2007,normalized_exact,23-眼科手术与操作技术,0ae37310-b90c-4b5b-9249-14be041abd93,10000,4cee46c6-3bc2-47ab-9151-9c81569645a6,Springer-Ophthalmic Microsurgical Suturing Techniques-Marian S Macsai 2007_weknora.mhtml,Springer-Ophthalmic Microsurgical Suturing Techniques-Marian S Macsai 2007_weknora.mhtml,completed,aee662b2-1ff3-45fe-afc0-e09bc6d25946,3190b5da-d40c-4a8c-b3c4-3215d21e851e,326,970,9ec6b5df557318fc5cfb90aeee2aa60c021e7b4fa4f07d3f59592623f4c3230c,"本书《眼科显微手术缝合技术》（Ophthalmic Microsurgical Suturing Techniques）由Marian S. Macsai主编，旨在为眼科医生提供系统化的显微缝合指导。书中强调，由于眼部组织缺乏弹性且手术对视力影响显著，精确的缝合技术对于确保手术成功、维持眼球完整性及减少术后散光至关重要。

本书的核心内容涵盖以下几个方面：

1.  **显微缝合的基本原则与挑战**：眼科显微手术与普通外科手术存在显著差异，要求医生在显微镜下进行精细操作。书中讨论了伤口愈合的生物学基础、器械的选择（如镊子的使用）、以及如何通过正确的缝合张力和伤口结构设计来避免术后感染和视功能受损。
2.  **眼部解剖与伤口愈合特性**：书中详细分析了眼部不同结构的解剖特点，特别是虹膜的特殊结构。由于虹膜基质疏松且缺乏自愈能力，手术修复（如虹膜成形术）需要特殊的缝合策略，以实现机械性对合。
3.  **缝合技术与替代方案**：除了传统的缝合方法，书中还探讨了现代手术技术的演进，例如在翼状胬肉手术中使用纤维蛋白胶（如Tisseel VH）替代缝线。这种方法能缩短手术时间、减轻患者术后不适，并可能实现更快的表面修复，尽管其涉及成本及生物制品安全性等考量。
4.  **临床实践指导**：全书通过分步骤的描述和配套的数字视频剪辑，为外科医生提供了可操作的指南。这种统一的布局设计旨在帮助医生快速定位技术要点，从而提升在复杂病例中的手术应对能力，最终改善患者的视觉预后。

总之，本书通过整合专家经验与现代技术，为眼科医生提供了一套完整的显微缝合工具箱，强调了通过精细的伤口管理和技术创新来优化手术效果的重要性。","# Summary
本书《眼科显微手术缝合技术》（Ophthalmic Microsurgical Suturing Techniques）由Marian S. Macsai主编，旨在为眼科医生提供系统化的显微缝合指导。书中强调，由于眼部组织缺乏弹性且手术对视力影响显著，精确的缝合技术对于确保手术成功、维持眼球完整性及减少术后散光至关重要。

本书的核心内容涵盖以下几个方面：

1.  **显微缝合的基本原则与挑战**：眼科显微手术与普通外科手术存在显著差异，要求医生在显微镜下进行精细操作。书中讨论了伤口愈合的生物学基础、器械的选择（如镊子的使用）、以及如何通过正确的缝合张力和伤口结构设计来避免术后感染和视功能受损。
2.  **眼部解剖与伤口愈合特性**：书中详细分析了眼部不同结构的解剖特点，特别是虹膜的特殊结构。由于虹膜基质疏松且缺乏自愈能力，手术修复（如虹膜成形术）需要特殊的缝合策略，以实现机械性对合。
3.  **缝合技术与替代方案**：除了传统的缝合方法，书中还探讨了现代手术技术的演进，例如在翼状胬肉手术中使用纤维蛋白胶（如Tisseel VH）替代缝线。这种方法能缩短手术时间、减轻患者术后不适，并可能实现更快的表面修复，尽管其涉及成本及生物制品安全性等考量。
4.  **临床实践指导**：全书通过分步骤的描述和配套的数字视频剪辑，为外科医生提供了可操作的指南。这种统一的布局设计旨在帮助医生快速定位技术要点，从而提升在复杂病例中的手术应对能力，最终改善患者的视觉预后。

总之，本书通过整合专家经验与现代技术，为眼科医生提供了一套完整的显微缝合工具箱，强调了通过精细的伤口管理和技术创新来优化手术效果的重要性。",本书出版于2007年，是面向眼科住院医师、显微眼科及各亚专科手术医师的实用技术专著，系统讲解显微镜下眼组织缝合、打结与创口闭合，强调维持眼球完整性、减少感染和手术源性散光、改善视觉结局。全书从创口闭合的物理学、组织操作与张力控制入手，介绍显微手术针、缝线、持针器、组织镊、打结镊及剪刀等器械选择，详述缝线材料、进针方向、等深等距缝合、间断与连续缝合、滑结和方结等基本原则，并配合步骤说明及手术视频。内容覆盖白内障切口闭合、人工晶状体缝合、角膜缝合、眼外伤修复、虹膜重建、巩膜和视网膜缝合、青光眼手术、羊膜移植缝合、斜视手术、屈光手术，以及翼状胬肉、组织胶和未来创口闭合技术；涉及角膜、巩膜、结膜、眼睑、前房、虹膜、人工晶状体等部位及微切口眼内缝合技术。
118,Springer-Ophthalmic Oncology-Bita Esmaeli 2011,normalized_exact,12-眼眶与眼肿瘤,e785de98-5837-4eea-89a8-6a46cacb5173,10000,42ebc14f-fa92-4b6a-8e25-b1ccfc2f5b84,Springer-Ophthalmic Oncology-Bita Esmaeli 2011_weknora.mhtml,Springer-Ophthalmic Oncology-Bita Esmaeli 2011_weknora.mhtml,completed,3c6ce180-7844-4170-8be9-17bf5e4d83d2,bf1e675b-ee85-41e0-a059-d47b836c0086,428,1216,6d05a30e9ddaebb68d0a7f32927febf201d27c5c5402608b3e2b74e6d60a0ad9,"本书《眼科肿瘤学》（Ophthalmic Oncology）由Bita Esmaeli编辑，是MD安德森癌症中心系列丛书之一，系统介绍了眼科肿瘤的临床管理与多学科诊疗实践。该书重点涵盖了眼部、眶部及眼附属器（眼睑、结膜及眼周软组织）肿瘤的诊断与治疗，并结合了大量临床图片与病例分析。

本书的核心内容包括以下几个方面：

1.  **眼眶肿瘤的诊断与管理**：书中详细讨论了成年人原发性眼眶肿瘤，特别是淋巴增殖性疾病。此类疾病是成年人最常见的眼眶恶性肿瘤，通常表现为无痛性肿块，且常伴有“鲑鱼斑”（salmon patch）等临床体征。诊断上强调通过开放性活检获取组织，并利用流式细胞术及免疫组化技术进行精确评估。
2.  **解剖结构与重建**：书中深入分析了眼眶及周边结构（如鼻窦、泪道及上颌骨）的解剖学特征。上颌骨作为面中部支撑的关键结构，其解剖形态对眼眶缺损修复及面部功能重建至关重要。
3.  **原发性眼内淋巴瘤的治疗挑战**：针对原发性眼内淋巴瘤，书中指出其诊断与治疗难度较大，强调了早期临床识别、玻璃体活检及多学科协作的重要性。
4.  **前沿治疗探索**：在治疗手段上，除了传统的全身化疗和眼部放疗，书中探讨了免疫疗法（如利妥昔单抗）的应用前景。研究表明，通过鞘内或玻璃体内注射利妥昔单抗，能够克服血脑屏障的限制，为难治性或复发性病例提供了潜在的治疗方向。

总体而言，该书强调了在综合性癌症中心环境下，通过多学科团队（涵盖眼科、放射肿瘤科、病理科及外科等）的紧密合作，为眼科肿瘤患者提供精准诊断与个体化治疗方案的必要性。","# Summary
本书《眼科肿瘤学》（Ophthalmic Oncology）由Bita Esmaeli编辑，是MD安德森癌症中心系列丛书之一，系统介绍了眼科肿瘤的临床管理与多学科诊疗实践。该书重点涵盖了眼部、眶部及眼附属器（眼睑、结膜及眼周软组织）肿瘤的诊断与治疗，并结合了大量临床图片与病例分析。

本书的核心内容包括以下几个方面：

1.  **眼眶肿瘤的诊断与管理**：书中详细讨论了成年人原发性眼眶肿瘤，特别是淋巴增殖性疾病。此类疾病是成年人最常见的眼眶恶性肿瘤，通常表现为无痛性肿块，且常伴有“鲑鱼斑”（salmon patch）等临床体征。诊断上强调通过开放性活检获取组织，并利用流式细胞术及免疫组化技术进行精确评估。
2.  **解剖结构与重建**：书中深入分析了眼眶及周边结构（如鼻窦、泪道及上颌骨）的解剖学特征。上颌骨作为面中部支撑的关键结构，其解剖形态对眼眶缺损修复及面部功能重建至关重要。
3.  **原发性眼内淋巴瘤的治疗挑战**：针对原发性眼内淋巴瘤，书中指出其诊断与治疗难度较大，强调了早期临床识别、玻璃体活检及多学科协作的重要性。
4.  **前沿治疗探索**：在治疗手段上，除了传统的全身化疗和眼部放疗，书中探讨了免疫疗法（如利妥昔单抗）的应用前景。研究表明，通过鞘内或玻璃体内注射利妥昔单抗，能够克服血脑屏障的限制，为难治性或复发性病例提供了潜在的治疗方向。

总体而言，该书强调了在综合性癌症中心环境下，通过多学科团队（涵盖眼科、放射肿瘤科、病理科及外科等）的紧密合作，为眼科肿瘤患者提供精准诊断与个体化治疗方案的必要性。",本书出版于2011年，是M.D. Anderson实体肿瘤学系列中的眼科肿瘤专著，面向眼科、眼整形与眼眶外科、肿瘤科、放射肿瘤科、神经眼科及相关影像、病理专业人员，强调综合癌症中心的多学科诊疗。内容从眼眶及眼附属器肿瘤展开，涵盖成人原发性眼眶癌、良性及儿童眼眶肿瘤、横纹肌肉瘤、转移瘤、泪腺、眼睑和结膜肿瘤，并讨论标本处理、神经放射影像和放射治疗；进一步介绍视网膜母细胞瘤、葡萄膜黑色素瘤、葡萄膜转移瘤及后极部血管瘤。书中还涉及眼睑缺损重建、泪道手术、眼睑 malposition、颅面手术、眼球摘除、眼内容剜除、眼眶内容物剜除及放疗后眼窝修复。后半部分聚焦癌症治疗相关泪道毒性、化疗眼眶副作用、免疫抑制患者眼部感染，以及颅神经麻痹、颅底肿瘤、视神经胶质瘤和脑膜瘤、软脑膜病、旁肿瘤性视觉综合征、神经纤维瘤病、内源性眼内炎、病毒性视网膜炎、诊断性玻璃体切除和眼内淋巴瘤。关键词包括CT、MRI、活检、组织病理与免疫诊断、化疗、放疗、手术切除及临床照片诊断。
119,Springer-Orbital Fractures-Vadim P Nikolaenko 2015,normalized_exact,13-眼外伤与急症,06e9888f-5d59-49c9-9218-d078b456f01b,10000,9c06cb6b-c24e-4f03-b351-51f3208ad055,Springer-Orbital Fractures-Vadim P Nikolaenko 2015_weknora.mhtml,Springer-Orbital Fractures-Vadim P Nikolaenko 2015_weknora.mhtml,completed,f0a7a4f4-130e-4e26-a659-de762b0aa78a,62916af8-b8e7-42bd-9531-63003a720df9,333,955,e97b75cfecc45ce3c71db61b0a2df8458307f9bb232dbc367e630ba6bc69ffdb,"《眼眶骨折：医师手册》是一部针对眼眶损伤的综合性临床指南，旨在为眼科医生、颌面外科医生、神经外科医生及相关领域的医疗专业人员提供循证医学参考。该书由Vadim P. Nikolaenko和Yury S. Astakhov主编，汇集了多学科专家的临床经验与研究数据。

该手册的核心内容涵盖了以下几个关键方面：

1.  **临床解剖学基础**：手册详细阐述了眼眶的骨骼结构、软组织、血管及神经分布。书中强调了眼眶的三维形态（梨形）、眼眶轴线的几何关系以及眼眶容积的个体差异。作者特别指出，在进行眼眶手术操作时，必须结合术前CT扫描进行精确分析，以确保手术安全。
2.  **眼眶骨折的分类与诊断**：全书分为八个章节，系统讨论了从眶底骨折、内侧壁骨折到鼻-眶-筛骨折、颧骨及上颌骨相关骨折，以及额底骨折的临床表现与诊断策略。书中强调了早期放射学检查（特别是CT和MRI）在诊断中的重要性，尤其是在评估眶顶骨折及穿透性颅脑损伤时。
3.  **治疗策略与植入物应用**：手册深入探讨了眼眶骨折的修复技术，重点介绍了多孔聚乙烯（PE）等生物相容性材料在眶底重建中的应用。作者分析了不同植入物的特性、手术植入技巧以及如何通过多学科协作降低并发症风险。
4.  **复杂损伤的挑战**：针对创伤性视神经病变及眶顶骨折等高风险损伤，手册讨论了诊断与治疗的难点。书中指出，尽管目前尚无单一的标准化治疗方案，但及时的多学科干预对于挽救患者生命、预防视力丧失及神经功能障碍至关重要。

该手册通过多学科视角，为处理眼眶损伤提供了从解剖认知到手术实践的全面指导，是临床医生处理复杂眼眶病理的重要参考资源。","# Summary
《眼眶骨折：医师手册》是一部针对眼眶损伤的综合性临床指南，旨在为眼科医生、颌面外科医生、神经外科医生及相关领域的医疗专业人员提供循证医学参考。该书由Vadim P. Nikolaenko和Yury S. Astakhov主编，汇集了多学科专家的临床经验与研究数据。

该手册的核心内容涵盖了以下几个关键方面：

1.  **临床解剖学基础**：手册详细阐述了眼眶的骨骼结构、软组织、血管及神经分布。书中强调了眼眶的三维形态（梨形）、眼眶轴线的几何关系以及眼眶容积的个体差异。作者特别指出，在进行眼眶手术操作时，必须结合术前CT扫描进行精确分析，以确保手术安全。
2.  **眼眶骨折的分类与诊断**：全书分为八个章节，系统讨论了从眶底骨折、内侧壁骨折到鼻-眶-筛骨折、颧骨及上颌骨相关骨折，以及额底骨折的临床表现与诊断策略。书中强调了早期放射学检查（特别是CT和MRI）在诊断中的重要性，尤其是在评估眶顶骨折及穿透性颅脑损伤时。
3.  **治疗策略与植入物应用**：手册深入探讨了眼眶骨折的修复技术，重点介绍了多孔聚乙烯（PE）等生物相容性材料在眶底重建中的应用。作者分析了不同植入物的特性、手术植入技巧以及如何通过多学科协作降低并发症风险。
4.  **复杂损伤的挑战**：针对创伤性视神经病变及眶顶骨折等高风险损伤，手册讨论了诊断与治疗的难点。书中指出，尽管目前尚无单一的标准化治疗方案，但及时的多学科干预对于挽救患者生命、预防视力丧失及神经功能障碍至关重要。

该手册通过多学科视角，为处理眼眶损伤提供了从解剖认知到手术实践的全面指导，是临床医生处理复杂眼眶病理的重要参考资源。",本书出版于2015年，是面向眼科、颌面外科、神经外科、神经科、耳鼻喉科、放射科及急诊医师，并适合医学生、眼科住院医师和专培医师的眼眶骨折多学科临床手册。全书从眼眶及眶周骨性、软组织、血管神经、鼻旁窦和相关颅面间隙解剖入手，介绍X线、超声、CT、MRI等影像检查及眼眶正常与损伤影像解剖；重点讨论眶底爆裂骨折、陷阱门型及爆入型骨折的机制、分类、临床表现、诊断、治疗、移植物选择和术后并发症，包括眶内血肿、眶气肿、视神经病变、复视、眼球内陷、眶下神经病变、植入物感染或移位、眶鼻瘘等。随后涵盖孤立性及粉碎性眶内侧壁骨折、鼻眶筛骨折、颧眶骨折、Le Fort I–III型上颌骨骨折，以及额底、额窦壁、眶顶和眶尖骨折，涉及内镜入路、经上颌窦入路、骨折复位重建和并发症处理。
120,Springer-Orbital Tumors-Zeynel A Karicioglu 2015,normalized_exact,12-眼眶与眼肿瘤,e785de98-5837-4eea-89a8-6a46cacb5173,10000,d5a22de7-6545-4f0a-ab5c-4176a12fc12f,Springer-Orbital Tumors-Zeynel A Karicioglu 2015_weknora.mhtml,Springer-Orbital Tumors-Zeynel A Karicioglu 2015_weknora.mhtml,completed,74171dee-fd8e-4620-b1f9-015f213b5fe1,17f3503c-4630-44fb-87f9-b94eb16813e8,372,1076,d8ed04bd725506fd216faa31fc9981a6623454a6b45469af3ad07ec370e11075,"《眼眶肿瘤：诊断与治疗》（第二版）由Zeynel A. Karcioglu主编，旨在为眼科医生、肿瘤学家及相关领域专家提供关于眼眶肿瘤诊断与治疗的最新参考。该书强调了医学领域在过去十年中，特别是生物分子革命背景下的快速进步，并对眼眶肿瘤的临床实践进行了全面更新。

本书的核心内容涵盖以下几个方面：

1. **诊断技术的演进**：书中重点介绍了影像学技术的飞跃，包括超声、计算机断层扫描（CT）和磁共振成像（MRI），这些技术显著提高了诊断的精确度。此外，书中还探讨了免疫组化、流式细胞术、基因微阵列及聚合酶链反应等先进诊断手段在眼眶活检中的应用。
2. **生物分子与遗传学研究**：第二版深入探讨了肿瘤发生机制，特别是致癌突变、DNA修复机制以及针对突变基因的靶向药物治疗。这些分子生物学概念已被整合进临床实践，用于识别预后标志物及评估治疗反应。
3. **治疗方法的创新**：书中总结了多种前沿治疗手段，包括肿瘤血管插管、动脉内化学消融、纳米刀手术、三维影像引导手术以及经皮射频热消融（RFA）。同时，放射治疗也在不断演进，如利用轻离子作为高能源，以及将放射性核素与单克隆抗体结合进行靶向治疗。
4. **临床表现与鉴别诊断**：针对特定部位（如泪囊）的肿瘤，书中详细阐述了其临床特征，包括泪囊肿瘤与炎症性病变的鉴别要点，如“泪囊肿瘤三联征”（内眦韧带上方可触及肿块、血性泪液或反流、可自由冲洗的慢性泪囊炎）。
5. **多学科协作与规范化管理**：本书强调了癌症分期在临床管理中的重要性，并更新了针对儿童及成人眼眶肿瘤的化疗与放疗方案。书中还列举了多种用于眼眶疾病（如甲状腺相关眼病、鳞状细胞癌、黑色素瘤等）的药物及其临床毒性，体现了跨学科诊疗的复杂性。

该书通过系统梳理基础知识与前沿进展，为临床医生提供了处理眼眶及眶周肿瘤的实用参考，旨在改善患者的预后并降低发病率与死亡率。","# Summary
《眼眶肿瘤：诊断与治疗》（第二版）由Zeynel A. Karcioglu主编，旨在为眼科医生、肿瘤学家及相关领域专家提供关于眼眶肿瘤诊断与治疗的最新参考。该书强调了医学领域在过去十年中，特别是生物分子革命背景下的快速进步，并对眼眶肿瘤的临床实践进行了全面更新。

本书的核心内容涵盖以下几个方面：

1. **诊断技术的演进**：书中重点介绍了影像学技术的飞跃，包括超声、计算机断层扫描（CT）和磁共振成像（MRI），这些技术显著提高了诊断的精确度。此外，书中还探讨了免疫组化、流式细胞术、基因微阵列及聚合酶链反应等先进诊断手段在眼眶活检中的应用。
2. **生物分子与遗传学研究**：第二版深入探讨了肿瘤发生机制，特别是致癌突变、DNA修复机制以及针对突变基因的靶向药物治疗。这些分子生物学概念已被整合进临床实践，用于识别预后标志物及评估治疗反应。
3. **治疗方法的创新**：书中总结了多种前沿治疗手段，包括肿瘤血管插管、动脉内化学消融、纳米刀手术、三维影像引导手术以及经皮射频热消融（RFA）。同时，放射治疗也在不断演进，如利用轻离子作为高能源，以及将放射性核素与单克隆抗体结合进行靶向治疗。
4. **临床表现与鉴别诊断**：针对特定部位（如泪囊）的肿瘤，书中详细阐述了其临床特征，包括泪囊肿瘤与炎症性病变的鉴别要点，如“泪囊肿瘤三联征”（内眦韧带上方可触及肿块、血性泪液或反流、可自由冲洗的慢性泪囊炎）。
5. **多学科协作与规范化管理**：本书强调了癌症分期在临床管理中的重要性，并更新了针对儿童及成人眼眶肿瘤的化疗与放疗方案。书中还列举了多种用于眼眶疾病（如甲状腺相关眼病、鳞状细胞癌、黑色素瘤等）的药物及其临床毒性，体现了跨学科诊疗的复杂性。

该书通过系统梳理基础知识与前沿进展，为临床医生提供了处理眼眶及眶周肿瘤的实用参考，旨在改善患者的预后并降低发病率与死亡率。",本书出版于2015年，是面向眼科医师、眼科住院医师、眼整形与眼眶外科医师，以及儿科、放射科、病理科、神经外科、耳鼻喉科和肿瘤科专业人员的眼眶肿瘤单卷参考书。全书从癌症分子模型、免疫监视、肿瘤发生发展、转移机制及视网膜母细胞瘤第二原发肿瘤切入，系统介绍眼眶临床与神经眼科评估、超声、CT、MRI及新型影像分析，涵盖眼眶活检、免疫组化、流式细胞术、基因微阵列和PCR。疾病框架包括眼附属器淋巴瘤、血管瘤样病变、纤维组织细胞性、纤维骨性与软骨性、周围神经、泪腺及泪道肿瘤，以及眼睑和眼周皮肤、结膜、眼内、鼻旁窦/鼻腔/颅腔肿瘤、转移瘤和儿童良恶性肿瘤；同时讨论感染与炎症、Graves病及炎性占位与肿瘤的鉴别。治疗部分涉及恶性肿瘤分期、手术、三维计算机图像引导与放射外科、放疗、儿童及成人化疗，并提及肿瘤血管介入、靶向药物、纳米刀和射频热消融等技术。
121,Springer-Pathologic Myopia-Richar F Spaide 2014,normalized_exact,04-屈光与视光：近视、接触镜与低视力,c73385b9-c154-4103-a93e-2d4c31f2423a,10000,2a4264ec-00ac-4811-8f50-b5b3a148b6d5,Springer-Pathologic Myopia-Richar F Spaide 2014_weknora.mhtml,Springer-Pathologic Myopia-Richar F Spaide 2014_weknora.mhtml,completed,14c2d959-8935-42f4-ac44-3b3d2e63d25a,b3cd1b44-b4c5-457e-aca1-cdd161674c95,327,941,59a790215d9bff652bc0b2e3d56545e993734d377a23f79d29d5a98afb9b7b21,"本书《病理性近视》（Pathologic Myopia）由Richard F. Spaide、大野京子（Kyoko Ohno-Matsui）和Lawrence A. Yannuzzi共同编辑，旨在更新并扩展关于病理性近视的临床与科学知识。该书汇集了领域内多位专家的研究成果，涵盖了从基础病理机制到临床诊疗策略的全面内容。

本书的核心要点包括：

1.  **病理性近视的临床重要性与演变**：病理性近视是全球范围内导致视力丧失的主要原因之一，且其发病率在东亚等地区呈上升趋势。与普通近视不同，病理性近视不仅表现为屈光不正，还伴随眼球结构的病理性改变，如后巩膜葡萄肿，这在视力预后中起着关键作用。
2.  **现代影像诊断技术的进步**：随着多模态影像技术的发展，包括光学相干断层扫描（OCT）、吲哚菁绿血管造影、三维磁共振成像（3D MRI）及自适应光学成像等，临床医生能够更精确地评估眼球形状、脉络膜及视网膜的病变，从而为诊断和治疗提供了新的视角。
3.  **病理机制与巩膜重塑**：研究表明，近视的发生与环境及遗传因素密切相关，其中巩膜的重塑与变薄是病理性近视发展的关键环节。动物模型研究揭示了眼球对离焦信号的局部生长反应机制，以及巩膜胶原纤维和细胞成分在眼轴延长过程中的变化。
4.  **治疗与预防策略的探索**：目前针对病理性近视的干预手段包括抗VEGF药物治疗近视性脉络膜新生血管，以及通过光学手段（如周边离焦控制）预防近视进展。此外，针对巩膜强化的再生医学研究，如利用干细胞、生长因子（如TGF-β1）及支架材料进行巩膜修复，被视为未来治疗病理性近视的重要研究方向。

本书不仅是对过去近视研究的总结，更通过整合最新的临床发现与基础科学进展，为眼科医生和研究人员提供了关于病理性近视诊断、管理及未来治疗策略的权威参考。","# Summary
本书《病理性近视》（Pathologic Myopia）由Richard F. Spaide、大野京子（Kyoko Ohno-Matsui）和Lawrence A. Yannuzzi共同编辑，旨在更新并扩展关于病理性近视的临床与科学知识。该书汇集了领域内多位专家的研究成果，涵盖了从基础病理机制到临床诊疗策略的全面内容。

本书的核心要点包括：

1.  **病理性近视的临床重要性与演变**：病理性近视是全球范围内导致视力丧失的主要原因之一，且其发病率在东亚等地区呈上升趋势。与普通近视不同，病理性近视不仅表现为屈光不正，还伴随眼球结构的病理性改变，如后巩膜葡萄肿，这在视力预后中起着关键作用。
2.  **现代影像诊断技术的进步**：随着多模态影像技术的发展，包括光学相干断层扫描（OCT）、吲哚菁绿血管造影、三维磁共振成像（3D MRI）及自适应光学成像等，临床医生能够更精确地评估眼球形状、脉络膜及视网膜的病变，从而为诊断和治疗提供了新的视角。
3.  **病理机制与巩膜重塑**：研究表明，近视的发生与环境及遗传因素密切相关，其中巩膜的重塑与变薄是病理性近视发展的关键环节。动物模型研究揭示了眼球对离焦信号的局部生长反应机制，以及巩膜胶原纤维和细胞成分在眼轴延长过程中的变化。
4.  **治疗与预防策略的探索**：目前针对病理性近视的干预手段包括抗VEGF药物治疗近视性脉络膜新生血管，以及通过光学手段（如周边离焦控制）预防近视进展。此外，针对巩膜强化的再生医学研究，如利用干细胞、生长因子（如TGF-β1）及支架材料进行巩膜修复，被视为未来治疗病理性近视的重要研究方向。

本书不仅是对过去近视研究的总结，更通过整合最新的临床发现与基础科学进展，为眼科医生和研究人员提供了关于病理性近视诊断、管理及未来治疗策略的权威参考。",本书出版于2014年，是面向眼科临床医师、视网膜专科医师、研究者及学生的病理性近视综合性专著与图谱。内容从近视历史、流行病学、遗传学、环境因素、动物实验模型及巩膜调控机制入手，延伸至病理性近视的公共卫生负担、眼球形态与组织病理。重点讨论脉络膜、视神经乳头、玻璃体、后巩膜葡萄肿及其三维MRI分析，并系统覆盖近视性脉络膜视网膜萎缩、脉络膜新生血管、黄斑劈裂、周边视网膜异常、视网膜脱离、青光眼、近视性视神经病变、白内障手术特殊问题、眼球运动异常及相关全身疾病。书中介绍眼轴测量、眼底自发荧光、荧光素及吲哚菁绿血管造影、OCT、自适应光学眼底成像和3D MRI等检查影像，涉及抗VEGF治疗、眼压控制、儿童青少年近视进展预防、角膜塑形镜及巩膜靶向治疗等策略。
122,Springer-Pediatric Cataract Surgery-M Edward Wilson 2014,normalized_exact,03-白内障：晶状体与人工晶体,a0f47c80-3a66-46c8-8315-43b41ce357ea,10000,936d1e8f-86ab-4366-ad66-51f4bff50569,Springer-Pediatric Cataract Surgery-M Edward Wilson 2014_weknora.mhtml,Springer-Pediatric Cataract Surgery-M Edward Wilson 2014_weknora.mhtml,completed,de226e2a-fd89-4a81-8e13-6002861d4d26,461f47c1-68bf-4375-9ade-e0a4b923de3d,365,1031,1b38f053e7a8275be7df0555962ee3079349f34a09c76ceeef8a298080e973c8,"本书《小儿白内障手术：技术、并发症与管理》（第二版）由 M. Edward Wilson 和 Rupal H. Trivedi 编辑，旨在为眼科医生提供小儿白内障诊疗的全面参考。该书强调了小儿白内障手术的复杂性，并探讨了从检测、分析到手术管理及术后并发症处理的各个环节。

本书的核心内容涵盖以下几个关键方面：

1.  **小儿白内障手术的挑战与演变**：小儿白内障是导致儿童视觉障碍的重要原因。与成人手术相比，小儿手术面临着术中难度大、术后炎症反应强、眼球发育导致的屈光状态改变以及弱视风险等挑战。书中回顾了从非自动化手术到现代显微手术技术的演变，指出人工晶状体（IOL）植入技术在儿童中的应用已日趋成熟。
2.  **人工晶状体植入的决策**：书中讨论了植入时机的选择，特别是在婴儿期（7个月或以下）植入IOL的风险与获益。对于无法耐受接触镜或因眼球生长趋于稳定而选择二次植入的患儿，手术时机通常集中在2至4岁或青春期。
3.  **手术技术与未来展望**：现代手术强调精细化操作，如后囊膜连续环形撕囊术及彻底清除晶状体上皮细胞，以减少术后并发症。未来技术的发展方向包括更先进的调节型人工晶状体、更精准的眼轴生长预测公式，以及针对弱视管理的药物辅助治疗。
4.  **临床实践的平衡艺术**：编者强调，小儿眼科医生需在保守谨慎与创新大胆之间寻求平衡。通过持续的学术交流、手术视频学习及“创新之旅”（实地观摩），医生能够不断优化手术方案，从而改善患儿的长期视觉预后。

该书不仅总结了现有的临床共识，还鼓励通过持续的科学研究和技术革新，进一步缩短小儿白内障手术的掌握曲线，为不同水平的眼科医生提供指导。","# Summary
本书《小儿白内障手术：技术、并发症与管理》（第二版）由 M. Edward Wilson 和 Rupal H. Trivedi 编辑，旨在为眼科医生提供小儿白内障诊疗的全面参考。该书强调了小儿白内障手术的复杂性，并探讨了从检测、分析到手术管理及术后并发症处理的各个环节。

本书的核心内容涵盖以下几个关键方面：

1.  **小儿白内障手术的挑战与演变**：小儿白内障是导致儿童视觉障碍的重要原因。与成人手术相比，小儿手术面临着术中难度大、术后炎症反应强、眼球发育导致的屈光状态改变以及弱视风险等挑战。书中回顾了从非自动化手术到现代显微手术技术的演变，指出人工晶状体（IOL）植入技术在儿童中的应用已日趋成熟。
2.  **人工晶状体植入的决策**：书中讨论了植入时机的选择，特别是在婴儿期（7个月或以下）植入IOL的风险与获益。对于无法耐受接触镜或因眼球生长趋于稳定而选择二次植入的患儿，手术时机通常集中在2至4岁或青春期。
3.  **手术技术与未来展望**：现代手术强调精细化操作，如后囊膜连续环形撕囊术及彻底清除晶状体上皮细胞，以减少术后并发症。未来技术的发展方向包括更先进的调节型人工晶状体、更精准的眼轴生长预测公式，以及针对弱视管理的药物辅助治疗。
4.  **临床实践的平衡艺术**：编者强调，小儿眼科医生需在保守谨慎与创新大胆之间寻求平衡。通过持续的学术交流、手术视频学习及“创新之旅”（实地观摩），医生能够不断优化手术方案，从而改善患儿的长期视觉预后。

该书不仅总结了现有的临床共识，还鼓励通过持续的科学研究和技术革新，进一步缩短小儿白内障手术的掌握曲线，为不同水平的眼科医生提供指导。",本书出版于2014年，是面向小儿眼科医师及成人白内障医师的儿童白内障临床与手术专著，系统覆盖先天性、婴幼儿及青少年白内障的遗传学、病因与形态、流行病学、视觉筛查、白瞳反光识别、视觉发育关键期、手术时机及人工晶状体度数计算。内容依次包括术前评估与围术期准备、麻醉、切口与黏弹剂、前囊处理、水分离、晶状体吸除、后囊切开、前部玻璃体切除及感染和炎症预防；重点讨论初次或二期人工晶状体植入、光学部捕获、bag-in-the-lens、piggyback IOL、无囊袋支持植入及散光矫正。并针对外伤、持续性胎儿血管、无虹膜、晶状体异位、葡萄膜炎、早产儿视网膜病变、视网膜母细胞瘤放射性白内障及全身综合征进行处理。后半部分涵盖术后屈光残余、无晶状体矫正、弱视与斜视、视觉结局、介质混浊、术后青光眼、近视漂移、低视力康复、生活质量及未来发展。
123,Springer-Posterior Uveitis-Narsing A Rao 2019,normalized_exact,08-葡萄膜炎与眼内炎症,2c1efff9-0960-4d4b-a4c3-7acfb9411151,10000,745acd0a-af90-48ac-a881-ec8c79ed5153,Springer-Posterior Uveitis-Narsing A Rao 2019_weknora.mhtml,Springer-Posterior Uveitis-Narsing A Rao 2019_weknora.mhtml,completed,e6903031-dca3-41d7-802f-44171c4272b4,672c0ff6-798b-4277-89e8-296e2aa07da6,371,975,31c4a205fa7fb29bfa1f03b009f6fb18cf80f583dcb64d11dc4fc76bdf455e91,"本文档探讨了后葡萄膜炎的诊断成像技术进展及治疗手段的演变。主要内容涵盖以下几个核心方面：

1. **成像技术的进步**：现代眼科诊断已从传统的彩色眼底照相和荧光素血管造影（FA）转向更先进的数字化成像。超广角成像技术（Ultra-widefield imaging）能够提供高达200度的视野，极大提升了对周边视网膜血管炎的评估能力。此外，吲哚青绿血管造影（ICGA）因其分子特性，在评估脉络膜炎症方面具有独特优势。

2. **OCT及相关高级应用**：光学相干断层扫描（OCT）及其增强深度成像（EDI-OCT）技术已成为评估脉络膜形态变化的关键工具，特别是在诊断眼内结核和肉芽肿性病变方面。OCT血管造影（OCT-A）作为一种非侵入性技术，能够实时监测视网膜和脉络膜的血管网络，在评估炎症活动性及疗效监测方面表现出比传统造影更早的敏感性。

3. **新型药物递送系统**：为了提高治疗效果并减少全身副作用，眼科领域正在开发多种局部给药技术。脂质体包封技术为抗炎药物和基因治疗提供了新途径；离子导入技术（Iontophoresis）通过电荷梯度实现地塞米松的高效眼内输送；而脉络膜上腔注射（Suprachoroidal delivery）则通过靶向给药，在治疗非感染性葡萄膜炎引发的黄斑水肿方面展现出显著的临床疗效，如PEACHTREE临床试验所证实的视力改善和视网膜厚度降低。

综上所述，成像技术的数字化与高分辨率化，结合精准的局部药物递送系统，正在重塑后葡萄膜炎的临床诊疗范式，为医生提供了更精确的诊断依据和更有效的治疗选择。","# Summary
本文档探讨了后葡萄膜炎的诊断成像技术进展及治疗手段的演变。主要内容涵盖以下几个核心方面：

1. **成像技术的进步**：现代眼科诊断已从传统的彩色眼底照相和荧光素血管造影（FA）转向更先进的数字化成像。超广角成像技术（Ultra-widefield imaging）能够提供高达200度的视野，极大提升了对周边视网膜血管炎的评估能力。此外，吲哚青绿血管造影（ICGA）因其分子特性，在评估脉络膜炎症方面具有独特优势。

2. **OCT及相关高级应用**：光学相干断层扫描（OCT）及其增强深度成像（EDI-OCT）技术已成为评估脉络膜形态变化的关键工具，特别是在诊断眼内结核和肉芽肿性病变方面。OCT血管造影（OCT-A）作为一种非侵入性技术，能够实时监测视网膜和脉络膜的血管网络，在评估炎症活动性及疗效监测方面表现出比传统造影更早的敏感性。

3. **新型药物递送系统**：为了提高治疗效果并减少全身副作用，眼科领域正在开发多种局部给药技术。脂质体包封技术为抗炎药物和基因治疗提供了新途径；离子导入技术（Iontophoresis）通过电荷梯度实现地塞米松的高效眼内输送；而脉络膜上腔注射（Suprachoroidal delivery）则通过靶向给药，在治疗非感染性葡萄膜炎引发的黄斑水肿方面展现出显著的临床疗效，如PEACHTREE临床试验所证实的视力改善和视网膜厚度降低。

综上所述，成像技术的数字化与高分辨率化，结合精准的局部药物递送系统，正在重塑后葡萄膜炎的临床诊疗范式，为医生提供了更精确的诊断依据和更有效的治疗选择。",本书出版于2019年，是《Essentials in Ophthalmology》系列的后葡萄膜炎专题著作，面向眼科医生、葡萄膜炎及眼底病专科医师、住院医师和从事眼科影像与治疗研究者。全书围绕影像诊断、疾病谱和治疗进展展开：首先介绍彩色眼底摄影、荧光素血管造影（FA）、吲哚菁绿血管造影（ICGA）、超广角成像、眼底自发荧光（FAF）、OCT、OCT-A及B超等技术在后葡萄膜炎识别和随访中的应用；随后讨论眼部结节病、Vogt-Koyanagi-Harada病、交感性眼炎、多灶性脉络膜炎、蛇行性脉络膜炎及相关疾病；感染性部分涵盖眼弓形虫病、眼梅毒、眼结核、病毒性视网膜炎，并介绍伪装综合征眼内淋巴瘤。治疗部分系统涉及非感染性葡萄膜炎的全身及局部糖皮质激素、免疫调节剂、生物制剂和新兴疗法，突出药物递送、影像指导诊疗及炎症复发监测等临床重点。
124,Springer-Retinal Angiography and OCT-J Fernando Arevalo 2009,normalized_exact,06-眼底病与视网膜内科,f900fe21-9deb-47e0-bf36-ce06022cae92,10000,b5af3055-63a9-46af-b8d8-547075d66ebb,Springer-Retinal Angiography and OCT-J Fernando Arevalo 2009_weknora.mhtml,Springer-Retinal Angiography and OCT-J Fernando Arevalo 2009_weknora.mhtml,completed,a51a1848-6af2-45ae-bc92-19355c3973b4,54bca4ec-efe4-4293-8255-556f31a7b947,364,1004,c559559facbf4225350040570bdc6c23428c2a633da11df1c7c22069e119cc87,该文档是《视网膜血管造影与光学相干断层扫描》（Retinal Angiography and Optical Coherence Tomography）一书的节选内容，由J. Fernando Arevalo主编，Springer于2009年出版。前言指出，荧光素血管造影（FA）问世已逾40年，吲哚菁绿血管造影（ICGA）逾20年，光学相干断层扫描（OCT）逾10年，本书旨在系统呈现这些诊断方法的当前技术与临床应用。全书分三部分：第一部分为荧光素与吲哚菁绿血管造影，共9章，涵盖视网膜摄影、血管造影技术及图像解读，以及黄斑病、视网膜血管病、炎症性疾病、视神经疾病、视网膜脉络膜肿瘤和药物视网膜毒性等应用；第二部分为光学相干断层扫描，共12章，阐述OCT工作原理及其在黄斑病、糖尿病视网膜病变、年龄相关性黄斑变性、光动力与抗血管生成治疗评估、牵拉性黄斑病变、眼内炎症、青光眼、视神经疾病和眼内肿瘤中的应用，并讨论OCT图像解读的局限性；第三部分为眼成像、频域与新技术，共6章，涉及眼底成像、超广角荧光素血管造影、眼底自发荧光、超高分辨率OCT、高速傅里叶域OCT及频域OCT/扫描激光检眼镜（SLO）。撰稿人来自美国、西班牙、墨西哥、哥斯达黎加、意大利和委内瑞拉。序言评价该书结构严谨、图解丰富，汇集了FA、ICG与OCT的最新知识，是重要的参考资料。节选还详细介绍了OCT技术原理：通过低相干干涉测量法，利用820纳米近红外光生成眼组织横断面图像，轴向分辨率约10微米，实验室超高分辨率可达3微米；每个断层图像由128至768个A扫描（各含1024个数据点）构成，并以伪彩色显示不同结构的反射率。关于频域OCT/SLO功能成像部分，说明借助血管模式精确配准，可将微视野功能数据叠加到三维地形图上，从而将视网膜表面特征、OCT内部解剖结构与阈值视敏度精确关联，并以年龄相关性黄斑变性及近视性脉络膜新生血管病例为例进行展示。结论认为该设备可为诊断和患者管理提供丰富信息，其效用取决于对设备能力的理解与对结果的准确解读。,"# Summary
该文档是《视网膜血管造影与光学相干断层扫描》（Retinal Angiography and Optical Coherence Tomography）一书的节选内容，由J. Fernando Arevalo主编，Springer于2009年出版。前言指出，荧光素血管造影（FA）问世已逾40年，吲哚菁绿血管造影（ICGA）逾20年，光学相干断层扫描（OCT）逾10年，本书旨在系统呈现这些诊断方法的当前技术与临床应用。全书分三部分：第一部分为荧光素与吲哚菁绿血管造影，共9章，涵盖视网膜摄影、血管造影技术及图像解读，以及黄斑病、视网膜血管病、炎症性疾病、视神经疾病、视网膜脉络膜肿瘤和药物视网膜毒性等应用；第二部分为光学相干断层扫描，共12章，阐述OCT工作原理及其在黄斑病、糖尿病视网膜病变、年龄相关性黄斑变性、光动力与抗血管生成治疗评估、牵拉性黄斑病变、眼内炎症、青光眼、视神经疾病和眼内肿瘤中的应用，并讨论OCT图像解读的局限性；第三部分为眼成像、频域与新技术，共6章，涉及眼底成像、超广角荧光素血管造影、眼底自发荧光、超高分辨率OCT、高速傅里叶域OCT及频域OCT/扫描激光检眼镜（SLO）。撰稿人来自美国、西班牙、墨西哥、哥斯达黎加、意大利和委内瑞拉。序言评价该书结构严谨、图解丰富，汇集了FA、ICG与OCT的最新知识，是重要的参考资料。节选还详细介绍了OCT技术原理：通过低相干干涉测量法，利用820纳米近红外光生成眼组织横断面图像，轴向分辨率约10微米，实验室超高分辨率可达3微米；每个断层图像由128至768个A扫描（各含1024个数据点）构成，并以伪彩色显示不同结构的反射率。关于频域OCT/SLO功能成像部分，说明借助血管模式精确配准，可将微视野功能数据叠加到三维地形图上，从而将视网膜表面特征、OCT内部解剖结构与阈值视敏度精确关联，并以年龄相关性黄斑变性及近视性脉络膜新生血管病例为例进行展示。结论认为该设备可为诊断和患者管理提供丰富信息，其效用取决于对设备能力的理解与对结果的准确解读。",本书为2009年Springer出版的视网膜与脉络膜影像学综合专著，面向玻璃体视网膜专科医师、专科进修医师、眼科住院医师及综合眼科医师。全书分三部分：第一部分介绍眼底摄影、胶片与数字成像、荧光素血管造影（FA）和吲哚菁绿血管造影（ICGA）的原理、操作、正常时相及荧光解读，并应用于黄斑病、视网膜血管病、炎症性疾病、视神经病变、视网膜和脉络膜肿瘤及药物性视网膜毒性；第二部分系统讲解OCT工作原理、黄斑病、糖尿病视网膜病变、年龄相关性黄斑变性、玻璃体黄斑界面疾病、葡萄膜炎、青光眼、视神经疾病及眼内肿瘤，并讨论光动力治疗、抗VEGF治疗评估以及时域OCT图像伪影和局限；第三部分涵盖眼底成像、超广角FA、眼底自发荧光、超高分辨率OCT、频域/傅里叶域OCT及OCT-SLO等新技术，突出影像检查与疾病诊断、随访和治疗决策的结合。
125,Springer-Retinal Vascular Disease-Antonia M Joussen 2007,normalized_exact,06-眼底病与视网膜内科,f900fe21-9deb-47e0-bf36-ce06022cae92,10000,dd67aa04-92cb-4506-90e9-521174f3b610,Springer-Retinal Vascular Disease-Antonia M Joussen 2007_weknora.mhtml,Springer-Retinal Vascular Disease-Antonia M Joussen 2007_weknora.mhtml,completed,6453c26d-cb07-4eea-8c48-e0c6f27dd7d0,758f6adc-c833-4d4f-bf0d-db370813c757,440,1203,e0752c26f01a4b7410e02bc928aa8717edfa516cbd05c2575e9d1253aa275759,"该文献为《视网膜血管疾病》一书的前言、编者序及部分章节内容，主题涵盖视网膜血管疾病的基础机制、诊断治疗及具体病种。全书强调抗血管生成疗法从肿瘤研究向眼科临床的转化：血管生成抑制剂已获FDA批准用于年龄相关性黄斑变性，并正在糖尿病视网膜病变中开展临床试验。前言还提出未来研究方向，如开发血液或尿液生物标志物、口服抗血管生成药物维持疗效等。

在视网膜血管功能解剖与基本病理部分，内容指出视网膜血管呈三维网络结构，其异常是视网膜功能障碍以及糖尿病、高血压、镰状细胞病等全身循环疾病的重要提示；视网膜及其血管对应激和疾病存在特定反应，涉及血流动力学改变、氧饱和度变化、闭塞缺血、修复与重塑，以及对创伤、辐射、药物毒性和炎症的反应。

关于糖尿病黄斑水肿的治疗，内容重点阐述以血管内皮生长因子为靶点的策略。VEGF是血管生成和血管通透性的强效诱导剂，与血-视网膜屏障破坏密切相关；pegaptanib作为特异性针对VEGF165的适体，在动物实验中可逆转血-视网膜屏障破坏。一项纳入172例糖尿病黄斑水肿患者的2期试验显示，与假注射相比，pegaptanib在视力、视网膜厚度及减少光凝需求等主要结局上均带来临床获益，但需3期试验进一步证实。

在视网膜血管增生性肿瘤部分，内容介绍了多种治疗方式：对于小而周边、渗出不多的病变可观察；冷冻疗法适用于多数前部病变；冷冻无效或较大肿瘤可选择敷贴放疗；光动力疗法对后部病变可能减少视力损失；玻璃体视网膜手术用于处理玻璃体积血和视网膜前膜。玻璃体腔注射曲安奈德或贝伐珠单抗等抗血管生成药物也可能有用。该病预后个体差异大，部分患者进展缓慢，部分可出现严重渗出、视网膜纤维化、牵拉性视网膜脱离或新生血管性青光眼。","# Summary
该文献为《视网膜血管疾病》一书的前言、编者序及部分章节内容，主题涵盖视网膜血管疾病的基础机制、诊断治疗及具体病种。全书强调抗血管生成疗法从肿瘤研究向眼科临床的转化：血管生成抑制剂已获FDA批准用于年龄相关性黄斑变性，并正在糖尿病视网膜病变中开展临床试验。前言还提出未来研究方向，如开发血液或尿液生物标志物、口服抗血管生成药物维持疗效等。

在视网膜血管功能解剖与基本病理部分，内容指出视网膜血管呈三维网络结构，其异常是视网膜功能障碍以及糖尿病、高血压、镰状细胞病等全身循环疾病的重要提示；视网膜及其血管对应激和疾病存在特定反应，涉及血流动力学改变、氧饱和度变化、闭塞缺血、修复与重塑，以及对创伤、辐射、药物毒性和炎症的反应。

关于糖尿病黄斑水肿的治疗，内容重点阐述以血管内皮生长因子为靶点的策略。VEGF是血管生成和血管通透性的强效诱导剂，与血-视网膜屏障破坏密切相关；pegaptanib作为特异性针对VEGF165的适体，在动物实验中可逆转血-视网膜屏障破坏。一项纳入172例糖尿病黄斑水肿患者的2期试验显示，与假注射相比，pegaptanib在视力、视网膜厚度及减少光凝需求等主要结局上均带来临床获益，但需3期试验进一步证实。

在视网膜血管增生性肿瘤部分，内容介绍了多种治疗方式：对于小而周边、渗出不多的病变可观察；冷冻疗法适用于多数前部病变；冷冻无效或较大肿瘤可选择敷贴放疗；光动力疗法对后部病变可能减少视力损失；玻璃体视网膜手术用于处理玻璃体积血和视网膜前膜。玻璃体腔注射曲安奈德或贝伐珠单抗等抗血管生成药物也可能有用。该病预后个体差异大，部分患者进展缓慢，部分可出现严重渗出、视网膜纤维化、牵拉性视网膜脱离或新生血管性青光眼。",本书出版于2007年，是面向眼科临床医师、玻璃体视网膜及医学视网膜专科培训者、相关科研人员的视网膜血管病基础与临床综合专著。全书分三部分：首先讨论视网膜血管解剖、发育、血流、缺血、缺氧、炎症、神经元影响、血视网膜屏障、血管生成及VEGF、Ephrin/Eph、造血干细胞和基因治疗等发病机制；其次系统介绍荧光素血管造影、光学相干断层扫描（OCT）、MRI、激光光凝、光动力治疗、冷冻治疗、玻璃体切除、抗VEGF玻璃体腔注射及新生血管性青光眼处理；最后按疾病展开，涵盖糖尿病视网膜病变及黄斑水肿、早产儿视网膜病变、中央及分支视网膜静脉阻塞、视网膜动脉阻塞、眼缺血综合征、黄斑旁毛细血管扩张、Coats病、家族性渗出性玻璃体视网膜病变、脉络膜黑色素瘤治疗后血管病变、Purtscher视网膜病变、Terson综合征、Eales病、系统性红斑狼疮、Behçet病、结节病、高血压性视网膜病变、镰状细胞视网膜病变及视网膜血管肿瘤，并结合影像、病程、病例随访、激光、药物和手术技术进行说明。
126,Springer-Retinal Vein Occlusions-David J Browning 2012,normalized_exact,06-眼底病与视网膜内科,f900fe21-9deb-47e0-bf36-ce06022cae92,10000,2d13f328-a6f3-47bd-ae7f-f7efd5af89ad,Springer-Retinal Vein Occlusions-David J Browning 2012_weknora.mhtml,Springer-Retinal Vein Occlusions-David J Browning 2012_weknora.mhtml,completed,1ce0eed0-fa2f-4e02-bef2-f3129034df46,199e383d-ef30-401c-919f-cd989e768e9d,324,952,33e44a5d464e4c480ccdfb0a3d8abe02da23a5428226b6f753f22eb10856180e,"视网膜静脉阻塞（RVO）是继糖尿病视网膜病变之后第二常见的视网膜血管病变，常由高血压、糖尿病等全身性血管风险因素引起，并可能导致严重的视力下降。该病主要分为分支视网膜静脉阻塞（BRVO）、中央视网膜静脉阻塞（CRVO）及半侧中央视网膜静脉阻塞（HCRVO）。

关于视网膜静脉阻塞的管理，主要包含以下核心要点：

1. **病理与解剖基础**：RVO的发生是多因素共同作用的结果，涉及眼部解剖结构（如眼轴长度、巩膜出口直径）与生理病理机制。研究表明，较短的眼轴可能增加CRVO的患病风险。
2. **治疗演变**：治疗手段已从早期的视网膜激光光凝术（如针对黄斑水肿的格栅样激光和针对新生血管的散射激光）演变为目前的抗血管内皮生长因子（anti-VEGF）药物玻璃体腔注射。虽然药物治疗在改善黄斑水肿和新生血管方面效果显著，但其高昂的经济成本仍是临床面临的挑战。
3. **临床诊断与争议**：该领域存在诸多争议，包括分类标准的不统一以及对发病机制（如是否属于隔室综合征或静脉炎）的不同见解。临床实践中，由于缺乏统一标准，医生需在循证医学证据与个体化临床判断之间取得平衡。
4. **病程与随访**：RVO的自然病程具有高度变异性，部分非缺血性病例可自发缓解，但也存在从非缺血性向缺血性转化的风险。因此，患者需要长期的随访监测，以应对可能出现的视网膜新生血管等迟发性并发症。

总之，视网膜静脉阻塞的管理需要结合解剖学知识、临床试验数据及患者的具体病情进行综合评估。该领域的研究旨在通过严谨的证据评价，不断优化治疗策略，以改善患者的视力预后。","# Summary
视网膜静脉阻塞（RVO）是继糖尿病视网膜病变之后第二常见的视网膜血管病变，常由高血压、糖尿病等全身性血管风险因素引起，并可能导致严重的视力下降。该病主要分为分支视网膜静脉阻塞（BRVO）、中央视网膜静脉阻塞（CRVO）及半侧中央视网膜静脉阻塞（HCRVO）。

关于视网膜静脉阻塞的管理，主要包含以下核心要点：

1. **病理与解剖基础**：RVO的发生是多因素共同作用的结果，涉及眼部解剖结构（如眼轴长度、巩膜出口直径）与生理病理机制。研究表明，较短的眼轴可能增加CRVO的患病风险。
2. **治疗演变**：治疗手段已从早期的视网膜激光光凝术（如针对黄斑水肿的格栅样激光和针对新生血管的散射激光）演变为目前的抗血管内皮生长因子（anti-VEGF）药物玻璃体腔注射。虽然药物治疗在改善黄斑水肿和新生血管方面效果显著，但其高昂的经济成本仍是临床面临的挑战。
3. **临床诊断与争议**：该领域存在诸多争议，包括分类标准的不统一以及对发病机制（如是否属于隔室综合征或静脉炎）的不同见解。临床实践中，由于缺乏统一标准，医生需在循证医学证据与个体化临床判断之间取得平衡。
4. **病程与随访**：RVO的自然病程具有高度变异性，部分非缺血性病例可自发缓解，但也存在从非缺血性向缺血性转化的风险。因此，患者需要长期的随访监测，以应对可能出现的视网膜新生血管等迟发性并发症。

总之，视网膜静脉阻塞的管理需要结合解剖学知识、临床试验数据及患者的具体病情进行综合评估。该领域的研究旨在通过严谨的证据评价，不断优化治疗策略，以改善患者的视力预后。",本书出版于2012年，是一本面向眼科临床医师、视网膜专科医师、学生、住院医师及研究员的视网膜静脉阻塞循证管理专著。全书围绕分支、中央及半中央视网膜静脉阻塞，系统介绍眼部解剖与病理解剖、病理生理、遗传学、分类、流行病学、系统及眼部相关因素、临床表现与自然史，并进一步讨论辅助检查、缺血、后节和前节新生血管、黄斑水肿及青年患者病例。内容重点涉及高血压、糖尿病、原发性开角型青光眼、血液黏稠度及凝血/纤溶异常；检查和影像包括荧光素血管造影、光学相干断层扫描、视网膜摄影、视野及电生理等。治疗部分比较黄斑格栅激光、散射激光/全视网膜光凝、玻璃体腔曲安奈德及抗VEGF药物注射，并评估组织型纤溶酶原激活剂等有争议或未被采用的疗法，最后以病例研究归纳临床决策。
127,Springer-Small Gauge Vitrectomy for DR-Ulrich Spandau 2015,normalized_exact,07-玻璃体视网膜外科,a6b50bbd-5223-4776-88b7-ac57a59a3fcf,10000,470c4d74-1a8f-45bb-9634-0dc1ac41c3ac,Springer-Small Gauge Vitrectomy for DR-Ulrich Spandau 2015_weknora.mhtml,Springer-Small Gauge Vitrectomy for DR-Ulrich Spandau 2015_weknora.mhtml,completed,0e1fd6ae-f44f-4335-800b-aa827d58784d,d873286a-9882-4c93-9d37-528fda63173d,362,980,e9db9547f9fa6c2c300159c1ccf6da6f4103eb2a1de4249b237ea46a57a69c0b,"本书《糖尿病视网膜病变的小切口玻璃体切割术》（Small-Gauge Vitrectomy for Diabetic Retinopathy）由Ulrich Spandau和Zoran Tomic编写，旨在为眼科医生提供处理糖尿病视网膜病变（DR）的专业指导。随着全球糖尿病患者人数的激增，尤其是发展中国家发病率的上升，糖尿病视网膜病变已成为视网膜外科医生面临的重大挑战。

本书的核心内容涵盖了以下几个关键方面：

1. **手术理念与技术演进**：作者强调小切口玻璃体切割术（23G、25G及27G）正逐渐成为治疗糖尿病视网膜病变的金标准。该技术使手术过程更安全、创伤更小。书中提倡“分步手术”（Stepwise surgery）和“双手法玻璃体切割”（Bimanual vitrectomy）作为手术成功的核心要素。

2. **手术操作规范**：书中详细介绍了处理牵引性视网膜脱离、视网膜前出血清除、膜剥离以及视网膜光凝（PRP）等关键步骤。作者建议在玻璃体切除术中同期完成全视网膜光凝，以预防术后玻璃体腔内再出血。此外，书中还讨论了针对术中并发症（如瞳孔缩小）的应对策略及术后填塞物的选择。

3. **临床实践与经验分享**：全书采用类似“食谱”的教学方式，通过详细的步骤说明、图片展示以及配套的在线视频资源，指导外科医生从基础到复杂病例的操作。内容涵盖了从后玻璃体皮质剥离到复杂膜剥离的多种技术，并提供了大量病例报告以供参考。

4. **辅助治疗与注意事项**：书中强调了术后抗VEGF药物（如贝伐珠单抗）的应用，并特别提醒了关于气体填塞患者的飞行禁忌，以及术后复发性玻璃体出血的处理原则。

本书旨在通过规范化的手术流程和现代化的技术手段，帮助外科医生提升手术技能，改善糖尿病视网膜病变患者的预后。随书附带的在线视频资源为读者提供了直观的临床学习参考。","# Summary
本书《糖尿病视网膜病变的小切口玻璃体切割术》（Small-Gauge Vitrectomy for Diabetic Retinopathy）由Ulrich Spandau和Zoran Tomic编写，旨在为眼科医生提供处理糖尿病视网膜病变（DR）的专业指导。随着全球糖尿病患者人数的激增，尤其是发展中国家发病率的上升，糖尿病视网膜病变已成为视网膜外科医生面临的重大挑战。

本书的核心内容涵盖了以下几个关键方面：

1. **手术理念与技术演进**：作者强调小切口玻璃体切割术（23G、25G及27G）正逐渐成为治疗糖尿病视网膜病变的金标准。该技术使手术过程更安全、创伤更小。书中提倡“分步手术”（Stepwise surgery）和“双手法玻璃体切割”（Bimanual vitrectomy）作为手术成功的核心要素。

2. **手术操作规范**：书中详细介绍了处理牵引性视网膜脱离、视网膜前出血清除、膜剥离以及视网膜光凝（PRP）等关键步骤。作者建议在玻璃体切除术中同期完成全视网膜光凝，以预防术后玻璃体腔内再出血。此外，书中还讨论了针对术中并发症（如瞳孔缩小）的应对策略及术后填塞物的选择。

3. **临床实践与经验分享**：全书采用类似“食谱”的教学方式，通过详细的步骤说明、图片展示以及配套的在线视频资源，指导外科医生从基础到复杂病例的操作。内容涵盖了从后玻璃体皮质剥离到复杂膜剥离的多种技术，并提供了大量病例报告以供参考。

4. **辅助治疗与注意事项**：书中强调了术后抗VEGF药物（如贝伐珠单抗）的应用，并特别提醒了关于气体填塞患者的飞行禁忌，以及术后复发性玻璃体出血的处理原则。

本书旨在通过规范化的手术流程和现代化的技术手段，帮助外科医生提升手术技能，改善糖尿病视网膜病变患者的预后。随书附带的在线视频资源为读者提供了直观的临床学习参考。",本书出版于2015年，面向初学及有经验的玻璃体视网膜外科医师，聚焦糖尿病视网膜病变，尤其是增殖性糖尿病视网膜病变（PDR）及牵拉性视网膜脱离（TRD）的评估与手术。全书先介绍糖尿病流行病学、糖尿病玻璃体切除术历史、轻度至重度及晚期PDR的解剖病理，再讨论抗VEGF、白内障超声乳化、激光间接检眼镜（LIO）、全视网膜光凝（PRP）、冷凝、麻醉、器械和手术时机。重点详述23G、25G、27G小口径玻璃体切除，后玻璃体皮质切开、后玻璃体脱离（PVD）、纤维血管膜双手剥除、止血、气体或硅油填充及硅油取出，并结合BIOM、OCT、眼底照片、术中影像和视频说明。后半部分按步骤讲解轻型、重型、晚期PDR伴TRD、玻璃体积血、无PVD病例、术中大出血及新生血管性青光眼，最后汇集术后并发症、13例病例报告、操作陷阱与要点及材料清单。
128,Springer-Surgical Innovations in Glaucoma-John R Samples 2014,normalized_exact,05-青光眼,8bf942e4-80dc-4a8a-87cf-486f897fe2bd,10000,e92728a4-a5aa-4bd5-8383-3e71df13c673,Springer-Surgical Innovations in Glaucoma-John R Samples 2014_weknora.mhtml,Springer-Surgical Innovations in Glaucoma-John R Samples 2014_weknora.mhtml,completed,30202f82-54a1-4517-874c-42e420fc31ea,8bb6ae62-a6b0-4988-89e8-3a322d5e92d4,422,1056,7943ae7e8251a5cfa3929f3ae97079bca5013e85e1a09b7b2dd8cb3605574391,"本书《青光眼手术创新》（Surgical Innovations in Glaucoma）由John R. Samples和Iqbal Ike K. Ahmed编辑，旨在探讨青光眼手术领域的新兴技术与临床实践。该书重点介绍了包括激光、超声及微创手术在内的多种治疗手段，并强调了在手术决策中平衡风险、收益与患者个体化需求的重要性。

本书涵盖的核心内容包括：

1.  **手术创新与技术应用**：书中介绍了多种旨在改善房水引流的新技术，包括针对小梁网、Schlemm氏管、脉络膜上腔及结膜下空间的各类支架、管状植入物及手术器械。作者特别强调了微创青光眼手术（MIGS）的发展，并提供了相关操作视频以指导临床实践。
2.  **解剖学基础与生理机制**：书中详细阐述了房水流出的解剖结构，特别是小梁网、Schlemm氏管及集液管的功能。作者指出，手术设计应尊重眼部的生理特性，例如保留小梁网在心动周期中的泵作用，并利用色素沉着区域作为植入物放置的参考标志。
3.  **临床决策与风险管理**：针对原发性开角型青光眼（POAG），作者强调了手术方案需根据患者的疾病进展、期望值及手术风险进行定制。书中讨论了“超说明书用药/器械使用”（off-label use）的法律与伦理考量，提倡在透明沟通的前提下，以患者利益为核心进行医疗决策。
4.  **生物标志物与预后评估**：书中探讨了免疫系统在青光眼手术预后中的作用，特别是通过监测单核细胞激活及甲襞毛细血管出血等生物标志物，评估手术风险。作者提出，通过调节先天免疫系统或利用这些指标进行术前评估，未来有望提高青光眼手术的成功率。

总体而言，本书鼓励临床医生挑战传统观念，通过不断评估新技术与临床数据，推动青光眼手术向更高效、更安全的方向发展，并强调了在不断变化的监管环境下，持续学习与患者沟通的重要性。","# Summary
本书《青光眼手术创新》（Surgical Innovations in Glaucoma）由John R. Samples和Iqbal Ike K. Ahmed编辑，旨在探讨青光眼手术领域的新兴技术与临床实践。该书重点介绍了包括激光、超声及微创手术在内的多种治疗手段，并强调了在手术决策中平衡风险、收益与患者个体化需求的重要性。

本书涵盖的核心内容包括：

1.  **手术创新与技术应用**：书中介绍了多种旨在改善房水引流的新技术，包括针对小梁网、Schlemm氏管、脉络膜上腔及结膜下空间的各类支架、管状植入物及手术器械。作者特别强调了微创青光眼手术（MIGS）的发展，并提供了相关操作视频以指导临床实践。
2.  **解剖学基础与生理机制**：书中详细阐述了房水流出的解剖结构，特别是小梁网、Schlemm氏管及集液管的功能。作者指出，手术设计应尊重眼部的生理特性，例如保留小梁网在心动周期中的泵作用，并利用色素沉着区域作为植入物放置的参考标志。
3.  **临床决策与风险管理**：针对原发性开角型青光眼（POAG），作者强调了手术方案需根据患者的疾病进展、期望值及手术风险进行定制。书中讨论了“超说明书用药/器械使用”（off-label use）的法律与伦理考量，提倡在透明沟通的前提下，以患者利益为核心进行医疗决策。
4.  **生物标志物与预后评估**：书中探讨了免疫系统在青光眼手术预后中的作用，特别是通过监测单核细胞激活及甲襞毛细血管出血等生物标志物，评估手术风险。作者提出，通过调节先天免疫系统或利用这些指标进行术前评估，未来有望提高青光眼手术的成功率。

总体而言，本书鼓励临床医生挑战传统观念，通过不断评估新技术与临床数据，推动青光眼手术向更高效、更安全的方向发展，并强调了在不断变化的监管环境下，持续学习与患者沟通的重要性。",本书出版于2014年，是面向青光眼专科医师、眼科手术医师及相关研究人员的临床与技术参考书，聚焦传统小梁切除术之外的新型降眼压手术。全书从Schlemm管、集液管、脉络膜上腔和睫状体等治疗靶点，以及器械临床试验、FDA上市申报和专利监管展开；继而介绍激光技术（ELT、环破坏术、CO₂深层巩膜切除术）、超声技术（环形睫状体凝固、治疗性超声）、微创青光眼手术及引流装置，包括iStent、Canaloplasty、Hydrus、XEN Gel Stent、Ex-PRESS、Molteno、Ahmed阀、CyPass、STARflo和SOLX分流器；并讨论白内障手术、晶状体摘除治疗闭角型青光眼及预测手术成功的生物标志物。内容涉及原发性开角型青光眼、闭角型、难治性、继发性、 neovascular、葡萄膜炎、外伤及青少年青光眼，涵盖房水流出通路解剖、眼压控制、超声生物显微镜、低眼压、前房积血、纤维化和装置失败等关键问题，并提供相关手术视频资源。
129,Springer-The Glaucoma Book-Paul N Schacknow 2010,normalized_exact,05-青光眼,8bf942e4-80dc-4a8a-87cf-486f897fe2bd,10000,298f6d2c-ffc6-4818-bd7f-ed87866fa58f,Springer-The Glaucoma Book-Paul N Schacknow 2010_weknora.mhtml,Springer-The Glaucoma Book-Paul N Schacknow 2010_weknora.mhtml,completed,13434077-e96a-4081-9814-b4f4b213ece8,c22deb13-2e3d-4dab-82e9-b02f533a551f,367,1019,9ed292974f4a4abaa288e32b833339ecf96d0c8e21eb6dc812bb9e52c7c18263,"《青光眼手册：患者护理的实用循证方法》（*The Glaucoma Book: A Practical, Evidence-Based Approach to Patient Care*）由保罗·N·沙克诺（Paul N. Schacknow）和约翰·R·桑普尔斯（John R. Samples）编辑，旨在为眼科医生、验光师及住院医师提供一部既具学术深度又兼顾临床实操的综合性参考书。该书汇集了多位临床专家及学者的经验，旨在弥合前沿科学研究与日常临床诊疗之间的鸿沟。

本书的核心内容涵盖以下几个关键方面：

1.  **临床诊疗的实用性与多样性**：该书不局限于传统的解剖学讨论，而是通过92个章节和38个侧边栏专题，深入探讨了从常见病（如开角型青光眼）到复杂临床议题（如青光眼护理的医疗法律层面、社区研究）的广泛内容。书中允许作者表达不同的学术观点，并鼓励通过多视角论述来强化对复杂问题的理解。
2.  **眼压控制与药物治疗**：书中强调了降低眼压（IOP）作为青光眼治疗的核心地位。尽管FDA的药物审批主要基于降压效果，但临床医生在实际工作中还需考虑视野保护、血管调节、防腐剂毒性及患者依从性等因素。此外，书中探讨了眼压的昼夜节律波动及其对视神经损伤和视野缺损的影响，强调了维持24小时平稳眼压曲线的重要性。
3.  **诊断技术与评估手段**：书中详细介绍了多种诊断工具，包括超声生物显微镜（UBM）在眼前节成像中的应用、视野检查（如Humphrey视野分析仪、频率倍增技术视野检查等）、视功能评估以及针对不同类型青光眼（如葡萄膜炎相关性青光眼）的诊断策略。
4.  **循证医学与未来展望**：全书贯穿了循证医学的原则，同时通过编辑的评论和专题文章，探讨了青光眼发病的细胞生物学理论及未来研究方向。编者特别指出，尽管目前对青光眼的认知不断深入，但临床观察与深思熟虑的诊疗决策依然不可替代。

总之，该书通过整合临床经验与科学证据，为一线医生提供了处理青光眼患者的实用指南，旨在通过提升诊疗水平，最终改善全球青光眼患者的预后。","# Summary
《青光眼手册：患者护理的实用循证方法》（*The Glaucoma Book: A Practical, Evidence-Based Approach to Patient Care*）由保罗·N·沙克诺（Paul N. Schacknow）和约翰·R·桑普尔斯（John R. Samples）编辑，旨在为眼科医生、验光师及住院医师提供一部既具学术深度又兼顾临床实操的综合性参考书。该书汇集了多位临床专家及学者的经验，旨在弥合前沿科学研究与日常临床诊疗之间的鸿沟。

本书的核心内容涵盖以下几个关键方面：

1.  **临床诊疗的实用性与多样性**：该书不局限于传统的解剖学讨论，而是通过92个章节和38个侧边栏专题，深入探讨了从常见病（如开角型青光眼）到复杂临床议题（如青光眼护理的医疗法律层面、社区研究）的广泛内容。书中允许作者表达不同的学术观点，并鼓励通过多视角论述来强化对复杂问题的理解。
2.  **眼压控制与药物治疗**：书中强调了降低眼压（IOP）作为青光眼治疗的核心地位。尽管FDA的药物审批主要基于降压效果，但临床医生在实际工作中还需考虑视野保护、血管调节、防腐剂毒性及患者依从性等因素。此外，书中探讨了眼压的昼夜节律波动及其对视神经损伤和视野缺损的影响，强调了维持24小时平稳眼压曲线的重要性。
3.  **诊断技术与评估手段**：书中详细介绍了多种诊断工具，包括超声生物显微镜（UBM）在眼前节成像中的应用、视野检查（如Humphrey视野分析仪、频率倍增技术视野检查等）、视功能评估以及针对不同类型青光眼（如葡萄膜炎相关性青光眼）的诊断策略。
4.  **循证医学与未来展望**：全书贯穿了循证医学的原则，同时通过编辑的评论和专题文章，探讨了青光眼发病的细胞生物学理论及未来研究方向。编者特别指出，尽管目前对青光眼的认知不断深入，但临床观察与深思熟虑的诊疗决策依然不可替代。

总之，该书通过整合临床经验与科学证据，为一线医生提供了处理青光眼患者的实用指南，旨在通过提升诊疗水平，最终改善全球青光眼患者的预后。",本书为三宅养生原著的中文译本，2010年出版，定位于眼科临床医生、视觉电生理工作者及相关研究人员。全书以临床病例和研究随笔为主线，先介绍全视野ERG、黄斑局部ERG、多焦ERG、EOG及OCT的原理、记录方法和正常反应，再讨论遗传性视网膜病变及相关疾病，包括视网膜色素变性、结晶样视网膜病变、Batten病、无脉络膜症、回旋状萎缩、增强蓝锥细胞综合征、先天性静止性夜盲、视锥细胞营养不良、蓝锥细胞单色视、Stargardt病和Best病等；随后分析糖尿病视网膜病变、视网膜循环障碍、视网膜及脉络膜脱离和炎症性疾病，以及中心性浆液性脉络膜视网膜病变、黄斑囊样水肿、黄斑前膜、黄斑裂孔、黄斑假孔和年龄相关性黄斑变性。书中结合眼底像、荧光素眼底血管造影、OCT、视野和心理物理学检查，强调电生理结果与黄斑形态、黄斑手术及功能变化的对应关系。
130,Springer-Trauma and Miscellaneous Disorders in Retina-Eduardo Buchele Rodrigues 2020,normalized_exact,06-眼底病与视网膜内科,f900fe21-9deb-47e0-bf36-ce06022cae92,10000,00ac6ffa-3742-47ce-aebf-53922977005d,Springer-Trauma and Miscellaneous Disorders in Retina-Eduardo Buchele Rodrigues 2020_weknora.mhtml,Springer-Trauma and Miscellaneous Disorders in Retina-Eduardo Buchele Rodrigues 2020_weknora.mhtml,completed,bf7e2ffb-57ec-4464-83b2-fdb407448957,229287ef-b5a2-4541-bbc4-925c12267bbc,349,953,72249588ddcde371be313edd5735c1bb5501a73b5c9d72f2366f59e858d9aa85,"本文档探讨了眼部创伤的诊断、管理以及视神经黑色素细胞瘤（MON）的相关临床特征。

**核心内容要点：**

1.  **眼部创伤的分类与诊断：** 眼部创伤分为开放性与闭合性损伤，是导致视力受损和住院的主要原因。诊断过程依赖于详细的病史采集（包括排除儿童虐待等特殊情况）及全面的眼科检查。对于怀疑有眼球破裂或存在眼内异物（IOFB）的病例，计算机断层扫描（CT）、磁共振成像（MRI）及眼部超声是关键的辅助诊断手段。
2.  **创伤的临床表现与管理：** 创伤可能导致脉络膜损伤、视网膜出血、玻璃体牵拉及视神经损伤等多种后段病变。开放性损伤需尽早手术治疗，重点在于预防眼内炎及处理异物。闭合性损伤的管理则取决于后段病变的严重程度，从观察到手术干预不等。
3.  **眼内异物（IOFB）的取出策略：** 异物取出手术需根据异物的大小、材质及位置采取不同方案。前房异物通常在初次修复时取出；晶状体内异物可能导致白内障或炎症，需视情况行晶状体摘除及人工晶状体植入；后段异物多通过玻璃体切除术（PPV）取出，并根据异物特性选择磁铁或不同类型的镊子。
4.  **视神经黑色素细胞瘤（MON）的评估：** MON是一种常见的视神经色素性病变。临床诊断依赖于荧光素血管造影（显示低荧光）、OCT（显示圆顶状结构及后部阴影）及超声检查。由于其通常为良性，临床上多采取年度观察，仅在病变显著增大或出现严重视力损害时，才考虑进行细针活检或眼球摘除。

总结而言，眼部创伤的治疗强调早期识别与精准影像诊断，而对于视神经黑色素细胞瘤等色素性病变，则应通过多模态影像技术进行长期监测，以平衡临床观察与必要的手术干预。","# Summary
本文档探讨了眼部创伤的诊断、管理以及视神经黑色素细胞瘤（MON）的相关临床特征。

**核心内容要点：**

1.  **眼部创伤的分类与诊断：** 眼部创伤分为开放性与闭合性损伤，是导致视力受损和住院的主要原因。诊断过程依赖于详细的病史采集（包括排除儿童虐待等特殊情况）及全面的眼科检查。对于怀疑有眼球破裂或存在眼内异物（IOFB）的病例，计算机断层扫描（CT）、磁共振成像（MRI）及眼部超声是关键的辅助诊断手段。
2.  **创伤的临床表现与管理：** 创伤可能导致脉络膜损伤、视网膜出血、玻璃体牵拉及视神经损伤等多种后段病变。开放性损伤需尽早手术治疗，重点在于预防眼内炎及处理异物。闭合性损伤的管理则取决于后段病变的严重程度，从观察到手术干预不等。
3.  **眼内异物（IOFB）的取出策略：** 异物取出手术需根据异物的大小、材质及位置采取不同方案。前房异物通常在初次修复时取出；晶状体内异物可能导致白内障或炎症，需视情况行晶状体摘除及人工晶状体植入；后段异物多通过玻璃体切除术（PPV）取出，并根据异物特性选择磁铁或不同类型的镊子。
4.  **视神经黑色素细胞瘤（MON）的评估：** MON是一种常见的视神经色素性病变。临床诊断依赖于荧光素血管造影（显示低荧光）、OCT（显示圆顶状结构及后部阴影）及超声检查。由于其通常为良性，临床上多采取年度观察，仅在病变显著增大或出现严重视力损害时，才考虑进行细针活检或眼球摘除。

总结而言，眼部创伤的治疗强调早期识别与精准影像诊断，而对于视神经黑色素细胞瘤等色素性病变，则应通过多模态影像技术进行长期监测，以平衡临床观察与必要的手术干预。",本书出版于2020年，由孙旭光主编，2015年出版，属“眼表疾病临床系列”，面向眼科临床医生及相关研究人员。全书分基础篇、临床篇，共7章：介绍睑缘与睑板腺的胚胎发育、解剖、组织、免疫及病理生理；系统论述睑缘炎、蠕形螨睑缘炎、睑缘炎相关角结膜病变（BKC）、睑板腺功能障碍（MGD）及MGD相关干眼的流行病学、病因机制、临床表现、诊断、鉴别诊断、分级、治疗与预防，并配有典型病例和要点。内容涵盖裂隙灯、睫毛显微镜镜检、活体角膜激光共聚焦显微镜、泪膜破裂时间、Schirmer试验、荧光素染色、睑板腺挤压及成像等检查；涉及局部清洁、热敷、药物、全身治疗、睑板腺按摩及必要的相关手术。附录介绍眼表干涉仪、睑板腺热脉动治疗仪、Oculus Keratograph 5M眼表综合分析仪和非接触式睑板腺观察仪。
131,Springer-Uveitis-Parul Ichhpujani 2020,normalized_exact,08-葡萄膜炎与眼内炎症,2c1efff9-0960-4d4b-a4c3-7acfb9411151,10000,2c18291c-3a03-4e65-bd9e-8b36c403f156,Springer-Uveitis-Parul Ichhpujani 2020_weknora.mhtml,Springer-Uveitis-Parul Ichhpujani 2020_weknora.mhtml,completed,3bf4dc4f-0b15-4205-ad67-4844b7bab5f6,daaae1d2-f906-452f-ba1c-001063d7a49b,399,1035,847e4ace42dcf6bda2e942f2fb2a4562d3a7b0d6309b1454f8d33136509c7478,"本文档摘自《眼科临床实践》系列丛书中的《葡萄膜炎》分册，旨在为眼科医生、住院医师及研究员提供关于葡萄膜炎诊断、分类及治疗的临床参考。

文档的核心内容涵盖以下几个方面：

1. **非感染性前葡萄膜炎的定义与分类**：根据标准化葡萄膜炎命名（SUN）工作组的标准，前葡萄膜炎被定义为炎症主要位于前房的眼内炎症。临床上通过发病时间、持续时间和病程（如急性、复发性、慢性）进行分类。流行病学数据显示，前葡萄膜炎是葡萄膜炎中最常见的解剖学亚型，且在不同年龄段和性别中表现出不同的发病特征。

2. **临床表现与评估**：前葡萄膜炎的常见症状包括眼红、疼痛和畏光。临床检查重点在于评估前房细胞和闪辉（采用SUN分级系统）、角膜后沉淀物（KPs）以及虹膜结节。文档指出，尽管某些临床特征（如羊脂状KPs或特定虹膜结节）常与肉芽肿性炎症相关，但目前尚无统一的标准化描述。

3. **坏死性疱疹性视网膜炎（ARN/PORN）的诊断与管理**：针对急性视网膜坏死（ARN）等严重感染，文档强调了早期诊断的重要性。虽然临床检查是诊断基础，但建议在抗病毒治疗前进行房水或玻璃体液PCR检测以明确病原体。治疗方案必须采用全身性抗病毒药物，并可辅以玻璃体腔内注射，且需与感染科医生协作以调整剂量。

4. **免疫调节治疗（IMT）与手术干预**：对于慢性炎症，文档讨论了包括甲氨蝶呤在内的抗代谢药物及TNF-α抑制剂等生物制剂的应用。针对炎症引起的并发症（如带状角膜病变、白内障、青光眼），文档强调手术应在炎症控制至少3个月后进行。对于儿童患者，手术干预需特别谨慎，以防术后并发症及视力损伤。

该文档通过整合临床分级标准、诊断路径及治疗策略，为眼科临床实践提供了系统的指导，强调了在处理复杂葡萄膜炎病例时，平衡药物治疗与手术干预的重要性。","# Summary
本文档摘自《眼科临床实践》系列丛书中的《葡萄膜炎》分册，旨在为眼科医生、住院医师及研究员提供关于葡萄膜炎诊断、分类及治疗的临床参考。

文档的核心内容涵盖以下几个方面：

1. **非感染性前葡萄膜炎的定义与分类**：根据标准化葡萄膜炎命名（SUN）工作组的标准，前葡萄膜炎被定义为炎症主要位于前房的眼内炎症。临床上通过发病时间、持续时间和病程（如急性、复发性、慢性）进行分类。流行病学数据显示，前葡萄膜炎是葡萄膜炎中最常见的解剖学亚型，且在不同年龄段和性别中表现出不同的发病特征。

2. **临床表现与评估**：前葡萄膜炎的常见症状包括眼红、疼痛和畏光。临床检查重点在于评估前房细胞和闪辉（采用SUN分级系统）、角膜后沉淀物（KPs）以及虹膜结节。文档指出，尽管某些临床特征（如羊脂状KPs或特定虹膜结节）常与肉芽肿性炎症相关，但目前尚无统一的标准化描述。

3. **坏死性疱疹性视网膜炎（ARN/PORN）的诊断与管理**：针对急性视网膜坏死（ARN）等严重感染，文档强调了早期诊断的重要性。虽然临床检查是诊断基础，但建议在抗病毒治疗前进行房水或玻璃体液PCR检测以明确病原体。治疗方案必须采用全身性抗病毒药物，并可辅以玻璃体腔内注射，且需与感染科医生协作以调整剂量。

4. **免疫调节治疗（IMT）与手术干预**：对于慢性炎症，文档讨论了包括甲氨蝶呤在内的抗代谢药物及TNF-α抑制剂等生物制剂的应用。针对炎症引起的并发症（如带状角膜病变、白内障、青光眼），文档强调手术应在炎症控制至少3个月后进行。对于儿童患者，手术干预需特别谨慎，以防术后并发症及视力损伤。

该文档通过整合临床分级标准、诊断路径及治疗策略，为眼科临床实践提供了系统的指导，强调了在处理复杂葡萄膜炎病例时，平衡药物治疗与手术干预的重要性。",本书出版于2020年。本书2017年出版，定位为眼科医师，尤其是屈光矫正医师及相关医护人员学习和临床应用Pentacam的实用指南。全书介绍基于曲率和基于高度的角膜检查仪器，重点比较Pentacam、Sirius、Galilei及Scheimpflug成像；系统讲解角膜地形图与断层图的曲率、前后表面高度、角膜厚度、厚度分布、K值、Kmax等图形参数。针对圆锥角膜、顿挫型圆锥角膜、透明角膜边缘变性（PMD）、透明样圆锥角膜（PLK）等膨隆性角膜疾病，提供分步读图、定性定量分析和病例评分方法。屈光手术候选者临床路径涵盖病史、干眼、过敏感染、青光眼、糖尿病、妊娠哺乳及药物等评估，以及视力、验光、瞳孔、眼压、裂隙灯和眼底检查。书中总结厚度、RSB、散光、瞳孔中心与Kappa角等手术规则，并通过6例病例讨论LASIK、PRK、地形图引导治疗、SMILE、晶体手术、角膜胶原交联和角膜移植等技术应用。
132,Springer-Vitreoretinal Surgery-Thomas H Willamson 2013,normalized_exact,07-玻璃体视网膜外科,a6b50bbd-5223-4776-88b7-ac57a59a3fcf,10000,2dbd7037-7e1a-4693-9668-799713d983f0,Springer-Vitreoretinal Surgery-Thomas H Willamson 2013_weknora.mhtml,Springer-Vitreoretinal Surgery-Thomas H Willamson 2013_weknora.mhtml,completed,5eeada31-c94a-4f59-869e-5a8d89efc70f,da021441-3a93-42e3-b4d1-ee103878764c,336,966,b0499c0508197f9a65ae05b9a38778f0a3a1320bb606bf9a41dfbc444af79a52,"《玻璃体视网膜手术》（第二版）由Thomas H. Williamson撰写，旨在为玻璃体视网膜疾病的诊断与手术提供一套连贯的临床方法。该书基于作者在伦敦三级转诊中心积累的17年临床经验，并结合了16位国际专家的手术经验，通过约1000幅插图详细阐述了相关临床特征与手术技术。

本书涵盖的核心内容包括：

1.  **解剖与临床基础**：详细探讨了玻璃体视网膜的解剖结构、胚胎发育及玻璃体与周围组织的解剖连接，并对Stickler综合征等遗传性疾病的临床表现及视网膜病变进行了分析。
2.  **手术技术与进展**：重点介绍了玻璃体切除术（PPV）的演变，特别是小切口玻璃体切除术的应用，以及针对巨大视网膜裂孔（GRT）等复杂病例的手术步骤，包括重水（全氟碳液体）的使用、激光视网膜固定术及硅油填充等关键环节。
3.  **数字化工具与临床管理**：随书附带的DVD及VITREOR数据库系统，作为电子病历记录工具，支持临床审计、研究及患者数据管理。书中还提供了视力转换表（Snellen与LogMar）以及涉及扩散、对流和渗透等物理定律的附录，为手术实践提供理论支持。
4.  **转诊指南**：书中提供了一份详细的转诊模式指南，根据视网膜脱离时间、黄斑状态、创伤类型及糖尿病视网膜病变等不同病况，给出了相应的临床转诊建议，以优化患者的预后。

该书通过理论与实践的结合，为眼科医生提供了从解剖生理到手术操作及临床决策的全面参考，并强调了持续更新手术方法以应对该领域快速发展的重要性。","# Summary
《玻璃体视网膜手术》（第二版）由Thomas H. Williamson撰写，旨在为玻璃体视网膜疾病的诊断与手术提供一套连贯的临床方法。该书基于作者在伦敦三级转诊中心积累的17年临床经验，并结合了16位国际专家的手术经验，通过约1000幅插图详细阐述了相关临床特征与手术技术。

本书涵盖的核心内容包括：

1.  **解剖与临床基础**：详细探讨了玻璃体视网膜的解剖结构、胚胎发育及玻璃体与周围组织的解剖连接，并对Stickler综合征等遗传性疾病的临床表现及视网膜病变进行了分析。
2.  **手术技术与进展**：重点介绍了玻璃体切除术（PPV）的演变，特别是小切口玻璃体切除术的应用，以及针对巨大视网膜裂孔（GRT）等复杂病例的手术步骤，包括重水（全氟碳液体）的使用、激光视网膜固定术及硅油填充等关键环节。
3.  **数字化工具与临床管理**：随书附带的DVD及VITREOR数据库系统，作为电子病历记录工具，支持临床审计、研究及患者数据管理。书中还提供了视力转换表（Snellen与LogMar）以及涉及扩散、对流和渗透等物理定律的附录，为手术实践提供理论支持。
4.  **转诊指南**：书中提供了一份详细的转诊模式指南，根据视网膜脱离时间、黄斑状态、创伤类型及糖尿病视网膜病变等不同病况，给出了相应的临床转诊建议，以优化患者的预后。

该书通过理论与实践的结合，为眼科医生提供了从解剖生理到手术操作及临床决策的全面参考，并强调了持续更新手术方法以应对该领域快速发展的重要性。",本书是张金嵩主编、2013年出版的高度近视专题专著，面向眼科临床医师、视光师、基础研究人员及研究生，系统连接发病机制研究与临床诊疗。全书涵盖流行病学、实验性近视模型、基因遗传与环境因素、分子生物学及巩膜生物力学；介绍症状学、视功能评估和超声、CT/MRI、OCT、视野、共焦激光眼底扫描、FFA/ICGA及视觉电生理等检查；重点讨论临床病理、免疫学、后巩膜葡萄肿、视网膜脉络膜改变，以及黄斑病变、脉络膜新生血管、黄斑裂孔、视网膜脱离与劈裂、玻璃体病变、白内障和青光眼等并发症。治疗部分覆盖镜片、接触镜与角膜塑形镜矫正，角膜屈光手术、晶状体性屈光手术、后巩膜加固、局部及全身药物、中药和基因治疗、眼底激光，以及视网膜色素上皮—脉络膜移植，兼顾传统方法、新技术及未来研究方向。
133,Springer-Vitreous in Health and Disease-J Sebag 2014,normalized_exact,07-玻璃体视网膜外科,a6b50bbd-5223-4776-88b7-ac57a59a3fcf,10000,e9b82815-1ba5-4b8c-a0b2-63286e52bf47,Springer-Vitreous in Health and Disease-J Sebag 2014_weknora.mhtml,Springer-Vitreous in Health and Disease-J Sebag 2014_weknora.mhtml,completed,10cc92c5-5bb0-4089-a3b1-17c7c2e5ac6a,9d2cbb20-305e-4b99-b6ee-c2278958c736,377,952,d5483115a9c64d22b1ee49c356fc58c087484c0d289530d9361a2e26f769cf6d,"本书《玻璃体：健康与疾病》（*Vitreous in Health and Disease*）由J. Sebag主编，汇集了全球多位专家对玻璃体生理、病理及临床治疗的深入研究。该书旨在弥合基础科学与临床实践之间的鸿沟，强调玻璃体不仅是眼内的填充空间，更是一个具有重要生理功能的器官。

本书的核心内容涵盖以下几个方面：

1.  **玻璃体的多学科视角**：全书分为多个部分，详细探讨了玻璃体的生物化学、解剖发育、衰老过程、病理机制以及生理药理学。这种多维度分析旨在更新临床医生对玻璃体功能的认识，并为科学家提供解决临床问题的研究方向。
2.  **玻璃体在眼部疾病中的作用**：书中深入分析了玻璃体与视网膜疾病的关联，特别是玻璃体在糖尿病性黄斑水肿和视网膜静脉阻塞中的作用。研究指出，玻璃体后脱离（PVD）及玻璃体手术通过改善氧气输送、降低血管内皮生长因子（VEGF）水平，在缓解视网膜水肿方面具有重要意义。
3.  **手术与治疗策略的演变**：书中详细讨论了现代玻璃体手术（如玻璃体切除术）及未来的药理学玻璃体溶解和基因治疗。特别强调了手术干预对眼内氧气分布的影响，例如广泛玻璃体切除术可能导致晶状体后氧水平升高，从而增加白内障的发生风险。
4.  **临床与科研的结合**：该书不仅总结了现有知识，还特别关注未解之谜，旨在通过提出科学问题，推动未来在视力保护与恢复方面的探索。

通过整合多位作者的临床经验与科学见解，本书为理解玻璃体在维持视觉健康及参与眼部病理过程中的核心地位提供了全面的参考，是临床医生与科研人员的重要工具书。","# Summary
本书《玻璃体：健康与疾病》（*Vitreous in Health and Disease*）由J. Sebag主编，汇集了全球多位专家对玻璃体生理、病理及临床治疗的深入研究。该书旨在弥合基础科学与临床实践之间的鸿沟，强调玻璃体不仅是眼内的填充空间，更是一个具有重要生理功能的器官。

本书的核心内容涵盖以下几个方面：

1.  **玻璃体的多学科视角**：全书分为多个部分，详细探讨了玻璃体的生物化学、解剖发育、衰老过程、病理机制以及生理药理学。这种多维度分析旨在更新临床医生对玻璃体功能的认识，并为科学家提供解决临床问题的研究方向。
2.  **玻璃体在眼部疾病中的作用**：书中深入分析了玻璃体与视网膜疾病的关联，特别是玻璃体在糖尿病性黄斑水肿和视网膜静脉阻塞中的作用。研究指出，玻璃体后脱离（PVD）及玻璃体手术通过改善氧气输送、降低血管内皮生长因子（VEGF）水平，在缓解视网膜水肿方面具有重要意义。
3.  **手术与治疗策略的演变**：书中详细讨论了现代玻璃体手术（如玻璃体切除术）及未来的药理学玻璃体溶解和基因治疗。特别强调了手术干预对眼内氧气分布的影响，例如广泛玻璃体切除术可能导致晶状体后氧水平升高，从而增加白内障的发生风险。
4.  **临床与科研的结合**：该书不仅总结了现有知识，还特别关注未解之谜，旨在通过提出科学问题，推动未来在视力保护与恢复方面的探索。

通过整合多位作者的临床经验与科学见解，本书为理解玻璃体在维持视觉健康及参与眼部病理过程中的核心地位提供了全面的参考，是临床医生与科研人员的重要工具书。",本书出版于2014年，是面向眼科医师、视光师、屈光及眼前节手术医生和相关科研人员的角膜高度断层地形图实用教材。全书围绕Placido地形图、Scheimpflug成像和Oculus Pentacam，介绍地形图与断层摄影的发展、基于高度的数据及拟合参考面、检查设置与屈光手术筛查、Pentacam正常值、角膜测厚和高度地形图判读；重点讲解Belin/Ambrósio增强型早期圆锥筛查、圆锥角膜与角膜扩张（包括非对称性圆锥角膜及LASIK术后扩张），并以图谱和病例说明临床分析。后半部分涉及Scheimpflug图像应用、BESSt 2人工晶状体屈光力计算、原发性闭角型青光眼评估、高端人工晶状体手术中的角膜光学质量、其他显示图及白内障应用。关键词包括角膜前后表面、角膜厚度、前房深度、角膜曲率、光学像差、屈光手术、角膜移植、圆锥角膜和Pentacam。
134,Springer-临床眼科超声病例分析  第2版-Roger P Harrie 2016,normalized_exact,17-检查：眼科超声与 UBM,8ba4bb92-4b55-4e98-94d7-e8322b102084,10000,befc9343-2168-44e0-958a-04fa7243c917,Springer-临床眼科超声病例分析  第2版-Roger P Harrie 2016_weknora.mhtml,Springer-临床眼科超声病例分析  第2版-Roger P Harrie 2016_weknora.mhtml,completed,f796ffda-289c-4856-865c-ad790d841fc7,8c1020ca-8cdd-4a08-b5e0-4bcab54c3fa1,390,1142,0bc47ea9a1f2b9713284a4125f46ff0f381d510b0cb70d8a093edd37425c0bb0,"《临床眼科超声：病例分析（第2版）》由罗杰·P. 哈里（Roger P. Harrie）与辛西娅·J. 肯达尔（Cynthia J. Kendall）编著，是一部专注于眼科超声临床应用与诊断技巧的专业著作。该书通过大量临床病例，系统阐述了眼科超声在诊断眼部及眼眶疾病中的核心价值与操作规范。

本书的核心内容与要点如下：

1.  **眼科超声的临床重要性**：超声检查作为一种无创、可重复且高分辨率的影像学手段，在屈光间质混浊（如白内障、角膜混浊、玻璃体积血）导致眼底无法窥视的情况下，具有不可替代的诊断优势。它不仅能评估眼球内部结构，还能有效辅助眼眶及球后病变的诊断。
2.  **A超与B超的互补应用**：书中强调了A超与B超联合使用的必要性。B超擅长显示眼内组织的解剖形态与空间关系，而A超则能提供定量化的组织特性信息（如波峰高度、反射性及内部血流情况），对于鉴别眼内肿瘤（如脉络膜黑色素瘤、睫状体肿瘤）的性质具有高度特异性。
3.  **案例学习法（Case Study Approach）**：全书以近200个临床病例为纲，通过精美的图像、简明的标注及专家述评，将理论知识与临床实践紧密结合。这种教学方式不仅帮助读者掌握阅片技巧，还涵盖了从视神经玻璃疣到各类眼眶肿瘤（如神经胶质瘤、淋巴瘤、转移性癌等）的诊断特征。
4.  **诊断规范与技术进阶**：书中不仅介绍了基础检查方法，还涉及了浸没式扫描、超声生物显微镜（UBM）等高级技术。作者强调超声诊断的质量高度依赖于操作者的经验，并建议临床医生在面对不明原因的视力下降、眼部疼痛或屈光改变时，应及时应用超声检查以避免漏诊。

综上所述，本书不仅是眼科超声从业人员的专业参考书，也是广大眼科医师在日常诊疗中提升影像诊断水平、优化诊疗决策的重要工具。","# Summary
《临床眼科超声：病例分析（第2版）》由罗杰·P. 哈里（Roger P. Harrie）与辛西娅·J. 肯达尔（Cynthia J. Kendall）编著，是一部专注于眼科超声临床应用与诊断技巧的专业著作。该书通过大量临床病例，系统阐述了眼科超声在诊断眼部及眼眶疾病中的核心价值与操作规范。

本书的核心内容与要点如下：

1.  **眼科超声的临床重要性**：超声检查作为一种无创、可重复且高分辨率的影像学手段，在屈光间质混浊（如白内障、角膜混浊、玻璃体积血）导致眼底无法窥视的情况下，具有不可替代的诊断优势。它不仅能评估眼球内部结构，还能有效辅助眼眶及球后病变的诊断。
2.  **A超与B超的互补应用**：书中强调了A超与B超联合使用的必要性。B超擅长显示眼内组织的解剖形态与空间关系，而A超则能提供定量化的组织特性信息（如波峰高度、反射性及内部血流情况），对于鉴别眼内肿瘤（如脉络膜黑色素瘤、睫状体肿瘤）的性质具有高度特异性。
3.  **案例学习法（Case Study Approach）**：全书以近200个临床病例为纲，通过精美的图像、简明的标注及专家述评，将理论知识与临床实践紧密结合。这种教学方式不仅帮助读者掌握阅片技巧，还涵盖了从视神经玻璃疣到各类眼眶肿瘤（如神经胶质瘤、淋巴瘤、转移性癌等）的诊断特征。
4.  **诊断规范与技术进阶**：书中不仅介绍了基础检查方法，还涉及了浸没式扫描、超声生物显微镜（UBM）等高级技术。作者强调超声诊断的质量高度依赖于操作者的经验，并建议临床医生在面对不明原因的视力下降、眼部疼痛或屈光改变时，应及时应用超声检查以避免漏诊。

综上所述，本书不仅是眼科超声从业人员的专业参考书，也是广大眼科医师在日常诊疗中提升影像诊断水平、优化诊疗决策的重要工具。",本书出版于2016年，是陈倩、孙兴怀主编、2015年出版的眼科新技术应用参考书，面向眼科临床医师及超声生物显微镜（UBM）操作和使用人员。全书从超声波物理特性、高频超声成像原理、设备构成、检查技术及眼前段参数测量入手，介绍正常角膜、结膜、巩膜、前房角、虹膜、睫状体、晶状体、悬韧带、玻璃体和周边视网膜的解剖及UBM表现；随后结合病例讲解角结膜疾病、巩膜炎与巩膜葡萄肿、原发性闭角型青光眼、恶性青光眼、发育性及继发性青光眼、青光眼激发试验和抗青光眼手术评价；并涵盖白内障、晶状体形态及位置异常、人工晶体、葡萄膜炎、睫状上皮脱离、周边视网膜脱离、前部增生性玻璃体视网膜病变及玻璃体视网膜手术。书中还重点讨论眼外伤，包括前房积血、虹膜根部离断、房角后退、睫状体脱离、眼球穿通伤、巩膜裂伤和眼前段异物，以及角结膜、虹膜、睫状体肿瘤、转移性肿瘤、肉芽肿性病变、淋巴瘤的影像评估、测量与定位。
135,Springer-角膜手术基本技术-Bruno Zuberbuhler 2015,normalized_exact,02-角膜与眼表,f041b2b7-3147-4deb-a2f2-0de5cc53d296,10000,5abe4f39-38f3-471a-bc98-829224e2b0e6,Springer-角膜手术基本技术-Bruno Zuberbuhler 2015_weknora.mhtml,Springer-角膜手术基本技术-Bruno Zuberbuhler 2015_weknora.mhtml,completed,b619b381-c76e-4f49-ac46-7efe2356f094,0b255855-91a1-4bca-844a-32d310d81bf9,367,1033,67f17f3e5efd697c9d43d496c047b3cd829b04a1a00c8e4df6400866b1b53c3d,"本书《角膜手术基本技术》由布鲁诺·祖贝布勒等专家编著，旨在为眼科临床医师提供全面、实用的角膜手术技术指导。该书重点涵盖了治疗角膜疾病的各类移植术式以及治疗屈光不正的准分子激光手术，并强调了手术操作的规范化与循证医学原则。

本书的核心内容包括以下几个方面：

1.  **手术技术与临床应用**：详细阐述了角膜移植（如穿透性角膜移植PKP、深前板层角膜移植DALK、后弹力层剥离联合角膜内皮移植DSEK/DMEK）及屈光手术（如PRK、LASIK）的手术步骤、适应证与并发症处理。书中通过高质量示意图、真实图片及手术录像，帮助医师掌握精细的手术技巧。
2.  **解剖与基础知识**：第一章系统介绍了角膜与结膜的解剖结构、生理功能、角膜愈合机制以及角膜手术相关的麻醉方法（如表面麻醉、Tenon囊下麻醉及球周麻醉），为临床操作奠定了理论基础。
3.  **实验室模拟训练**：本书的一大特色是专门设立章节介绍角膜实验室操作技术。通过使用塑料模型眼或动物眼（如猪眼）进行角膜钻切、板层分离、缝合及角膜瓣制作等模拟练习，旨在帮助年轻医师在临床实践前夯实基础，提高手术的熟练度与精确性。
4.  **并发症管理与规范化**：书中深入探讨了手术中可能出现的并发症（如环钻偏位、后弹力层残留、脉络膜上腔出血等）及应对策略，并强调了缝合材料的选择与缝合技巧，旨在通过规范化操作减少术后散光及排斥反应等风险。

总之，本书既是眼科初学者实用的参考手册，也为经验丰富的眼科医师提供了对比与提升手术技术的专业指南，是提升角膜病诊疗水平的重要工具。","# Summary
本书《角膜手术基本技术》由布鲁诺·祖贝布勒等专家编著，旨在为眼科临床医师提供全面、实用的角膜手术技术指导。该书重点涵盖了治疗角膜疾病的各类移植术式以及治疗屈光不正的准分子激光手术，并强调了手术操作的规范化与循证医学原则。

本书的核心内容包括以下几个方面：

1.  **手术技术与临床应用**：详细阐述了角膜移植（如穿透性角膜移植PKP、深前板层角膜移植DALK、后弹力层剥离联合角膜内皮移植DSEK/DMEK）及屈光手术（如PRK、LASIK）的手术步骤、适应证与并发症处理。书中通过高质量示意图、真实图片及手术录像，帮助医师掌握精细的手术技巧。
2.  **解剖与基础知识**：第一章系统介绍了角膜与结膜的解剖结构、生理功能、角膜愈合机制以及角膜手术相关的麻醉方法（如表面麻醉、Tenon囊下麻醉及球周麻醉），为临床操作奠定了理论基础。
3.  **实验室模拟训练**：本书的一大特色是专门设立章节介绍角膜实验室操作技术。通过使用塑料模型眼或动物眼（如猪眼）进行角膜钻切、板层分离、缝合及角膜瓣制作等模拟练习，旨在帮助年轻医师在临床实践前夯实基础，提高手术的熟练度与精确性。
4.  **并发症管理与规范化**：书中深入探讨了手术中可能出现的并发症（如环钻偏位、后弹力层残留、脉络膜上腔出血等）及应对策略，并强调了缝合材料的选择与缝合技巧，旨在通过规范化操作减少术后散光及排斥反应等风险。

总之，本书既是眼科初学者实用的参考手册，也为经验丰富的眼科医师提供了对比与提升手术技术的专业指南，是提升角膜病诊疗水平的重要工具。",本书出版于2015年，是《眼科精粹系列丛书》第三册，2008年出版，定位于连接基础研究与临床实践的眼科专业综述，适用于眼科医生、视光师及各级培训医师。全书围绕眼部免疫与炎症，涵盖眼部变态反应、干眼、瘢痕性类天疱疮、角膜移植免疫调节、巩膜炎、MALT、眼部炎症性疾病免疫遗传学及葡萄膜炎免疫机制；并系统介绍青少年型关节炎相关葡萄膜炎、疱疹病毒和巨细胞病毒感染、Behçet病、脉络膜炎及VKH、交感性眼炎、结节病、结核性脉络膜炎等。内容涉及病理生理、临床表现、鉴别诊断、实验室检查、结膜活检、组织学、眼内液获取、荧光素及吲哚菁绿血管造影（ICGA）等检查和影像技术；治疗包括局部及全身糖皮质激素、NSAID、免疫抑制剂、抗病毒药、抗TNF-α、免疫耐受诱导，以及角膜移植、巩膜炎手术、葡萄膜炎玻璃体切除、联合手术、剥膜、冷凝治疗等技术。
136,Surgical Atlas of Orbital Diseases-Subrahmanyam 2008,normalized_exact,12-眼眶与眼肿瘤,e785de98-5837-4eea-89a8-6a46cacb5173,10000,0b98e0f7-c7e9-46d3-9036-a920669698af,Surgical Atlas of Orbital Diseases-Subrahmanyam 2008_weknora.mhtml,Surgical Atlas of Orbital Diseases-Subrahmanyam 2008_weknora.mhtml,completed,62382b83-3cbb-449f-b16e-1bac4637d06b,ba8e368f-0986-4fcf-8ed8-ca7bd82d04ea,372,1038,20ebb0064aca99b91011e5d3ddf6edc02b7ef1de978d9102627919b024e7d9fd,"该文档为医学著作《Surgical Atlas of Orbital Diseases》（眼眶疾病手术图谱）的内容节选，作者为印度眼科医师 Subrahmanyam Mallajosyula，由 Jaypee Brothers Medical Publishers 出版，2009 年第一版，并附有一张仅供电脑播放的 DVD 光盘，书中注明了系统要求和播放软件配置。

前言由加拿大英属哥伦比亚大学的 Jack Rootman 教授撰写，介绍作者曾于1998年在其指导下进修眼眶及眼整形专业，并称赞作者在印度海得拉巴长期从事公共服务，积累了丰富的眼眶疾病诊疗经验。作者在自序中指出，“突眼是潘多拉之盒”这一传统观念已因影像学、病理学、麻醉及放化疗等领域的进步而改变，如今多数突眼病例可通过非手术或小手术处理。本书旨在以彩色图谱结合病例展示的方式，分享作者二十年临床经验，涵盖常见及部分罕见突眼病因，并邀请国际专家撰写特定章节，如 Jack Rootman 撰写间叶组织肿瘤、Peter J Dolman 撰写甲状腺相关眼病、Mark J Lucarelli 撰写眼眶解剖与骨折。

正文选段首先介绍几种眼眶骨病变。胆固醇肉芽肿表现为额骨溶骨性病变，可扩展入眶及颅内，组织学见胆固醇裂隙和异物巨细胞反应，经皮刮除可治愈。动脉瘤样骨囊肿常以无痛性突眼就诊于青少年，刮除术可治愈，组织学见无内皮衬覆的含血纤维间隙。巨细胞病变包括巨细胞瘤、巨细胞肉芽肿及甲状旁腺功能亢进的“棕色瘤”，三者组织学相似但发病年龄、巨细胞分布及治疗方式不同。骨肉瘤罕见，多见于曾接受放疗的视网膜母细胞瘤或骨纤维异常增殖症患者，进展迅速，表现为突眼、疼痛、复视及视力损害。

文档还列举了多种与眼眶疾病相关的综合征及其眼部与全身表现，包括 Apert 综合征、脑膨出、Wegener 肉芽肿病、Wyburn-Mason 综合征、朗格汉斯细胞组织细胞增生症、Hurler 综合征等，并列出非特异性眼眶炎症、硬化性眼眶炎症、骨瘤、骨纤维异常增殖症、结节性硬化症及血管母细胞瘤等疾病的相关综合征关联，如 Gardner 综合征、McCune-Albright 综合征及 Von Hippel-Lindau 病。整体内容兼具临床病理特征、影像表现、治疗要点及综合征系统概括。","# Summary
该文档为医学著作《Surgical Atlas of Orbital Diseases》（眼眶疾病手术图谱）的内容节选，作者为印度眼科医师 Subrahmanyam Mallajosyula，由 Jaypee Brothers Medical Publishers 出版，2009 年第一版，并附有一张仅供电脑播放的 DVD 光盘，书中注明了系统要求和播放软件配置。

前言由加拿大英属哥伦比亚大学的 Jack Rootman 教授撰写，介绍作者曾于1998年在其指导下进修眼眶及眼整形专业，并称赞作者在印度海得拉巴长期从事公共服务，积累了丰富的眼眶疾病诊疗经验。作者在自序中指出，“突眼是潘多拉之盒”这一传统观念已因影像学、病理学、麻醉及放化疗等领域的进步而改变，如今多数突眼病例可通过非手术或小手术处理。本书旨在以彩色图谱结合病例展示的方式，分享作者二十年临床经验，涵盖常见及部分罕见突眼病因，并邀请国际专家撰写特定章节，如 Jack Rootman 撰写间叶组织肿瘤、Peter J Dolman 撰写甲状腺相关眼病、Mark J Lucarelli 撰写眼眶解剖与骨折。

正文选段首先介绍几种眼眶骨病变。胆固醇肉芽肿表现为额骨溶骨性病变，可扩展入眶及颅内，组织学见胆固醇裂隙和异物巨细胞反应，经皮刮除可治愈。动脉瘤样骨囊肿常以无痛性突眼就诊于青少年，刮除术可治愈，组织学见无内皮衬覆的含血纤维间隙。巨细胞病变包括巨细胞瘤、巨细胞肉芽肿及甲状旁腺功能亢进的“棕色瘤”，三者组织学相似但发病年龄、巨细胞分布及治疗方式不同。骨肉瘤罕见，多见于曾接受放疗的视网膜母细胞瘤或骨纤维异常增殖症患者，进展迅速，表现为突眼、疼痛、复视及视力损害。

文档还列举了多种与眼眶疾病相关的综合征及其眼部与全身表现，包括 Apert 综合征、脑膨出、Wegener 肉芽肿病、Wyburn-Mason 综合征、朗格汉斯细胞组织细胞增生症、Hurler 综合征等，并列出非特异性眼眶炎症、硬化性眼眶炎症、骨瘤、骨纤维异常增殖症、结节性硬化症及血管母细胞瘤等疾病的相关综合征关联，如 Gardner 综合征、McCune-Albright 综合征及 Von Hippel-Lindau 病。整体内容兼具临床病理特征、影像表现、治疗要点及综合征系统概括。",本书出版于2008年，是面向眼科医师、神经内外科医师、放射科医师、医学生及临床工作人员的神经眼科学图谱，依据Sankara Nethralaya临床病例，以高质量彩色眼底、神经影像和病程图片结合简明文字，帮助识别眼部表现与中枢神经系统疾病。全书按传入、传出神经性病变及先天性、感染性、血管性、肿瘤性、斑痣性错构瘤病和其他疾病展开，涵盖缺血性视神经病变、视神经炎、视盘水肿与假性视盘水肿、视神经萎缩、视盘发育异常、外伤性视神经病变、眼肌麻痹、Horner综合征、重症肌无力、甲状腺相关性眼病，以及囊虫病、眼眶蜂窝织炎、颈动脉海绵窦瘘、脑梗死、垂体卒中、脑膜瘤、视神经胶质瘤、垂体腺瘤、多发性硬化等。重点涉及视野、眼底、超声、CT、MRI、增强扫描、DSA、荧光素眼底血管造影、ERG等检查，并介绍激素、放射治疗、化疗、减压及玻璃体切除等处理技术。
137,"Textbook of Vitreoretinal Diseases and Surgery-S Natarajan, Nazimul Hussain 2009",normalized_exact,07-玻璃体视网膜外科,a6b50bbd-5223-4776-88b7-ac57a59a3fcf,10000,3bccccaa-a681-49f7-bb2d-9a08131cd456,"Textbook of Vitreoretinal Diseases and Surgery-S Natarajan, Nazimul Hussain 2009_weknora.mhtml","Textbook of Vitreoretinal Diseases and Surgery-S Natarajan, Nazimul Hussain 2009_weknora.mhtml",completed,e8fdb581-aa54-44b1-b78b-0e9b690390f9,e9f4b9d7-1db6-4225-9267-2348a82cb42d,407,1093,850a0ddfb0e0c75800a76687b11add2d3e617fc874c7b6317575d37f554be5b0,"该文档为医学教科书《玻璃体视网膜疾病与手术学》（Textbook of Vitreoretinal Diseases and Surgery）的节选内容，由S Natarajan、Nazimul Hussain担任主编，Supriya Dabir担任副主编，SS Badrinath与Tarun Sharma作序，Jaypee Brothers出版，2009年第一版。文档主体涉及两大主题：年龄相关性黄斑变性（AMD）的遗传学与治疗。

在AMD遗传学部分，文档指出AMD是一种晚发性、多因素复杂性疾病，在全球致盲原因中位居第三（WHO数据显示约占8.7%）。家族聚集、分离研究和连锁分析为其遗传基础提供了证据。早期定位的候选基因如APOE、ABCA4、FBLN6和EFEMP1仅能解释少数病例；近年研究鉴定了1q32上的补体因子H（CFH）以及10q26上的LOC387715和HTRA1基因簇。CFH的Y402H、LOC387715的A69S及HTRA1启动子变异等单核苷酸多态性与AMD显著相关，并在不同种族人群中得到广泛重复验证。风险因素方面，性别（75岁以上女性发病率更高，可能与绝经后雌激素保护作用丧失有关）、种族（白种人更常见）、吸烟（降低抗氧化水平、改变脉络膜血流，吸烟者发病可提前5–10年）及饮酒（增加氧化应激）均被提及。

在治疗与影像部分，文档强调OCT在AMD管理中的重要作用：可用于监测光动力疗法（PDT）或抗VEGF药物后的反应，PDT后积液常于15–30天内消退，液体的再出现提示需要重复治疗。OCT在发现隐匿性脉络膜新生血管的活动性方面优于FFA，可使无效重复治疗率从35%降至20%。目前AMD治疗药物包括雷珠单抗（人源化抗体片段，半衰期短、亲和力高）和贝伐珠单抗（超适应症全长的单克隆抗体，半衰期长）；MARINA和ANCHOR研究显示每月注射雷珠单抗较假治疗组平均视力改善多17个字母，25%–34%患者视力提高15个字母以上。

关于中心性浆液性脉络膜视网膜病变（CSC），文档介绍了经瞳孔热疗（TTT）和PDT两种治疗方法。TTT研究显示40只患眼中25眼接受治疗，其中24眼单次治疗即消退，8只对照眼持续存在渗漏。PDT使用维替泊芬，有研究采用半剂量或6 mg/m²维替泊芬联合ICGA引导激光，多数患眼渗漏停止、脉络膜血管扩张减轻，但个别病例出现脉络膜新生血管等并发症。文档还建议通过运动、冥想或瑜伽等减压活动辅助治疗。","# Summary
该文档为医学教科书《玻璃体视网膜疾病与手术学》（Textbook of Vitreoretinal Diseases and Surgery）的节选内容，由S Natarajan、Nazimul Hussain担任主编，Supriya Dabir担任副主编，SS Badrinath与Tarun Sharma作序，Jaypee Brothers出版，2009年第一版。文档主体涉及两大主题：年龄相关性黄斑变性（AMD）的遗传学与治疗。

在AMD遗传学部分，文档指出AMD是一种晚发性、多因素复杂性疾病，在全球致盲原因中位居第三（WHO数据显示约占8.7%）。家族聚集、分离研究和连锁分析为其遗传基础提供了证据。早期定位的候选基因如APOE、ABCA4、FBLN6和EFEMP1仅能解释少数病例；近年研究鉴定了1q32上的补体因子H（CFH）以及10q26上的LOC387715和HTRA1基因簇。CFH的Y402H、LOC387715的A69S及HTRA1启动子变异等单核苷酸多态性与AMD显著相关，并在不同种族人群中得到广泛重复验证。风险因素方面，性别（75岁以上女性发病率更高，可能与绝经后雌激素保护作用丧失有关）、种族（白种人更常见）、吸烟（降低抗氧化水平、改变脉络膜血流，吸烟者发病可提前5–10年）及饮酒（增加氧化应激）均被提及。

在治疗与影像部分，文档强调OCT在AMD管理中的重要作用：可用于监测光动力疗法（PDT）或抗VEGF药物后的反应，PDT后积液常于15–30天内消退，液体的再出现提示需要重复治疗。OCT在发现隐匿性脉络膜新生血管的活动性方面优于FFA，可使无效重复治疗率从35%降至20%。目前AMD治疗药物包括雷珠单抗（人源化抗体片段，半衰期短、亲和力高）和贝伐珠单抗（超适应症全长的单克隆抗体，半衰期长）；MARINA和ANCHOR研究显示每月注射雷珠单抗较假治疗组平均视力改善多17个字母，25%–34%患者视力提高15个字母以上。

关于中心性浆液性脉络膜视网膜病变（CSC），文档介绍了经瞳孔热疗（TTT）和PDT两种治疗方法。TTT研究显示40只患眼中25眼接受治疗，其中24眼单次治疗即消退，8只对照眼持续存在渗漏。PDT使用维替泊芬，有研究采用半剂量或6 mg/m²维替泊芬联合ICGA引导激光，多数患眼渗漏停止、脉络膜血管扩张减轻，但个别病例出现脉络膜新生血管等并发症。文档还建议通过运动、冥想或瑜伽等减压活动辅助治疗。",本书出版于2009年，是面向斜视专科初学者、眼科医师及视轴矫正相关人员的临床培训与手术实践指南，依据Moorfields眼科医院培训经验编写。内容由浅入深，涵盖斜视患者评估、非手术治疗、手术原则与手术解剖；重点讨论共同性内斜视、共同性外斜视、垂直及A/V型斜视、眼球运动神经麻痹、限制性异常、复杂眼球运动问题和眼球震颤；并系统介绍直肌手术、斜肌手术、调整缝线术、肉毒毒素治疗及手术并发症的预防处理，附有手术量设计方法。书中强调病史、视力、屈光和弱视评估，以及遮盖试验、三棱镜遮盖试验、Hirschberg/Krimsky检查、眼球运动、旋转、双眼视功能、Hess屏、同视机、三步试验、Bielchowsky头位倾斜试验、AC/A比值和棱镜适应试验等。治疗涉及配镜、双焦眼镜、三棱镜、正位视训练、遮盖及睫状肌麻痹治疗；手术技术包括后退、截除、前徙、后固定、折叠、转位、Harada-Ito术、调整缝线及肉毒毒素应用。
138,The Eye- Basic Sciences in Practice（第4版）-John V. Forrester 等 2016,normalized_exact,01-眼科综合：基础与全身病,09c593aa-1a64-48de-af81-fc4d30d551b4,10000,11c7a96e-65d2-4127-83a8-7e06589c1499,The Eye- Basic Sciences in Practice（第4版）-John V. Forrester 等 2016_weknora.mhtml,The Eye- Basic Sciences in Practice（第4版）-John V. Forrester 等 2016_weknora.mhtml,completed,b4dcd963-f7af-4e8d-9c8e-3d8627a1b10b,d8972122-d73a-40a6-968b-6a98d61e6681,385,1029,4e9450396f65efc10edcdd1112589987d55979bb2eb077d9f240e859e52150e4,"《眼科学：基础科学实践》（第四版）是一部全面探讨眼科学基础理论的学术著作，旨在为眼科医生、视光师及相关科研人员提供眼部解剖、生理及病理学的核心知识。本书结合了现代遗传学、基因组学、免疫学及先进影像技术，系统阐述了眼部结构与功能的科学基础。

本书的核心内容涵盖以下几个方面：

1.  **眼部解剖与骨学基础**：详细介绍了眼眶及颅骨的解剖结构，确立了描述眼部结构位置的国际通用术语，并探讨了颅骨各腔室（如颅腔、鼻腔、眼眶）的功能及其与眼部的解剖关系。
2.  **视觉生理与光适应机制**：深入分析了视网膜的光感受器功能，特别是视紫红质的漂白与再生过程。书中通过道林-鲁什顿（Dowling–Rushton）方程探讨了视网膜敏感度与视紫红质含量之间的数学关系，并解释了光适应与暗适应在分子层面的调控机制。
3.  **眼部病理学与炎症性疾病**：探讨了眼部及眼眶的各类囊性病变（如皮样囊肿、结膜囊肿、粘液囊肿等）的形成机制与临床特征。此外，重点讨论了特发性眼眶炎症（曾称炎性假瘤），分析了其病理表现、纤维化进程以及与IgG4相关疾病的关联，并介绍了皮质类固醇及其他免疫抑制剂的治疗策略。
4.  **临床实践与科研整合**：本书强调了基础科学在临床诊断中的应用，鼓励读者将最新的分子生物学和影像学进展应用于眼科实践。作为第四版，该书还通过在线资源和视频片段，为读者提供了更直观的教学辅助，以帮助理解复杂的视觉科学原理。

总体而言，本书不仅是一部眼科学的基础教材，更是一本整合了从解剖结构到分子机制、从病理诊断到治疗原则的综合性参考手册，旨在促进眼科基础科学知识的更新与临床应用。","# Summary
《眼科学：基础科学实践》（第四版）是一部全面探讨眼科学基础理论的学术著作，旨在为眼科医生、视光师及相关科研人员提供眼部解剖、生理及病理学的核心知识。本书结合了现代遗传学、基因组学、免疫学及先进影像技术，系统阐述了眼部结构与功能的科学基础。

本书的核心内容涵盖以下几个方面：

1.  **眼部解剖与骨学基础**：详细介绍了眼眶及颅骨的解剖结构，确立了描述眼部结构位置的国际通用术语，并探讨了颅骨各腔室（如颅腔、鼻腔、眼眶）的功能及其与眼部的解剖关系。
2.  **视觉生理与光适应机制**：深入分析了视网膜的光感受器功能，特别是视紫红质的漂白与再生过程。书中通过道林-鲁什顿（Dowling–Rushton）方程探讨了视网膜敏感度与视紫红质含量之间的数学关系，并解释了光适应与暗适应在分子层面的调控机制。
3.  **眼部病理学与炎症性疾病**：探讨了眼部及眼眶的各类囊性病变（如皮样囊肿、结膜囊肿、粘液囊肿等）的形成机制与临床特征。此外，重点讨论了特发性眼眶炎症（曾称炎性假瘤），分析了其病理表现、纤维化进程以及与IgG4相关疾病的关联，并介绍了皮质类固醇及其他免疫抑制剂的治疗策略。
4.  **临床实践与科研整合**：本书强调了基础科学在临床诊断中的应用，鼓励读者将最新的分子生物学和影像学进展应用于眼科实践。作为第四版，该书还通过在线资源和视频片段，为读者提供了更直观的教学辅助，以帮助理解复杂的视觉科学原理。

总体而言，本书不仅是一部眼科学的基础教材，更是一本整合了从解剖结构到分子机制、从病理诊断到治疗原则的综合性参考手册，旨在促进眼科基础科学知识的更新与临床应用。",本书出版于2016年。2018年出版，Mark J. Mannis、Edward J. Holland主编，史伟云主译。本书面向角膜专科医师、综合眼科医师、住院医师、进修医师及研究人员，系统讲解角膜与外眼疾病的基础、诊断和治疗。内容涵盖角膜、巩膜、结膜、泪膜、眼睑及眼表的解剖生理与病理；裂隙灯、角膜地形图与形状分析、角膜内皮显微镜、共聚焦显微镜、超声及前节OCT等检查和成像；先天性角膜混浊、角膜溃疡、水肿、营养不良、圆锥角膜、细菌性、病毒性、真菌性、棘阿米巴性角膜炎、神经营养性角膜炎、化学伤及接触镜并发症；并涉及眼库、眼睑和泪道疾病、干眼、结膜肿瘤与炎症，以及巩膜炎、前葡萄膜炎等鉴别诊断。下卷进一步延伸至穿透性、板层、DSEK、DMEK角膜移植，治疗性手术、羊膜移植、人工角膜、眼表重建、胶原交联和PRK、LASIK、SMILE、有晶状体眼人工晶状体等屈光技术。
139,"The Glaucomas, Volume 1- Pediatric Glaucomas-Sampaolesi, Zárate, Sampaolesi 2009",normalized_exact,05-青光眼,8bf942e4-80dc-4a8a-87cf-486f897fe2bd,10000,d5175b5e-f320-4a47-a5a3-7cd32d7eac07,"The Glaucomas, Volume 1- Pediatric Glaucomas-Sampaolesi, Zárate, Sampaolesi 2009_weknora.mhtml","The Glaucomas, Volume 1- Pediatric Glaucomas-Sampaolesi, Zárate, Sampaolesi 2009_weknora.mhtml",completed,780f91c0-948d-458f-90e9-f4240afce6d6,212fa869-5a10-4abe-89c8-b9406c4a60ce,425,1063,a86044330f53a29ffc3b04a41a858912e598002e10f58a13e9116529a408a823,"该文档是《青光眼》第一卷《儿童青光眼》（The Glaucomas, Volume 1: Pediatric Glaucomas）一书的内容摘录，主编为 R. Sampaolesi、J. Zarate 和 J.R. Sampaolesi，由 Springer 于 2009 年出版，并配有随书 DVD。

文档开篇为献词。作者将此书献给妻子 Erica，感谢她40年来参与先天性青光眼患儿麻醉与检查、支持患儿家长并记录病例索引；同时缅怀父母，并感谢子女与孙辈。随后为 M. Bruce Shields 所写的序言，盛赞 Sampaolesi 教授57年间为超过800名青光眼患儿手术并随访40余年的经验，指出儿童青光眼在诊断、药物与手术治疗及弱视处理上均极具挑战。序言概括了书中若干章节：第12章介绍新生儿及儿童正常眼前段形态；第13章阐述先天性青光眼的病理性房角及其手术适应证，并涉及裂隙灯光学相干断层扫描的应用；第17章呈现真实临床病例，强调儿童青光眼易被误诊，并鼓励年轻医生面对失败保持坚持；第20章讨论青春期发育性青光眼（goniodysgenesis）及色素性青光眼。

文档主体还包含一项关于“巨大视盘”（megalopapilla）的研究摘要，回顾了Collier、Hirokane、Jonas、Maisel等人的相关文献，指出巨大视盘可与先天性青光眼性大视杯混淆，需借助黄斑直径与视盘直径之比等指标鉴别。该研究分为四组：先天性巨大视盘、先天性青光眼术后获得性巨大视盘、围期开角型青光眼及正常对照，采用HRT与Octopus视野计等检查。

文档还包含两个临床病例：病例3为儿童双眼视盘不对称，各项检查正常，视野呈儿童典型的“三叶草”样伪缺损；病例4为18岁女性，曾被误诊为正常眼压青光眼，停药后眼压及视野正常。结论认为二者均为先天性双眼巨大视盘，属青光眼假阳性。文末指出，未来若实现24小时眼压监测，青光眼概念可能改变，眼压将不再被视为危险因素，而是青光眼性视神经病变的病因。","# Summary
该文档是《青光眼》第一卷《儿童青光眼》（The Glaucomas, Volume 1: Pediatric Glaucomas）一书的内容摘录，主编为 R. Sampaolesi、J. Zarate 和 J.R. Sampaolesi，由 Springer 于 2009 年出版，并配有随书 DVD。

文档开篇为献词。作者将此书献给妻子 Erica，感谢她40年来参与先天性青光眼患儿麻醉与检查、支持患儿家长并记录病例索引；同时缅怀父母，并感谢子女与孙辈。随后为 M. Bruce Shields 所写的序言，盛赞 Sampaolesi 教授57年间为超过800名青光眼患儿手术并随访40余年的经验，指出儿童青光眼在诊断、药物与手术治疗及弱视处理上均极具挑战。序言概括了书中若干章节：第12章介绍新生儿及儿童正常眼前段形态；第13章阐述先天性青光眼的病理性房角及其手术适应证，并涉及裂隙灯光学相干断层扫描的应用；第17章呈现真实临床病例，强调儿童青光眼易被误诊，并鼓励年轻医生面对失败保持坚持；第20章讨论青春期发育性青光眼（goniodysgenesis）及色素性青光眼。

文档主体还包含一项关于“巨大视盘”（megalopapilla）的研究摘要，回顾了Collier、Hirokane、Jonas、Maisel等人的相关文献，指出巨大视盘可与先天性青光眼性大视杯混淆，需借助黄斑直径与视盘直径之比等指标鉴别。该研究分为四组：先天性巨大视盘、先天性青光眼术后获得性巨大视盘、围期开角型青光眼及正常对照，采用HRT与Octopus视野计等检查。

文档还包含两个临床病例：病例3为儿童双眼视盘不对称，各项检查正常，视野呈儿童典型的“三叶草”样伪缺损；病例4为18岁女性，曾被误诊为正常眼压青光眼，停药后眼压及视野正常。结论认为二者均为先天性双眼巨大视盘，属青光眼假阳性。文末指出，未来若实现24小时眼压监测，青光眼概念可能改变，眼压将不再被视为危险因素，而是青光眼性视神经病变的病因。",本书出版于2009年，是面向眼科、神经眼科临床医师及视野检查相关医务人员的 OCTOPUS 自动视野检查实用参考书。内容涵盖视野与视丘、正常视野、静态及动态视野、光差灵敏度阈值、Goldmann Ⅲ视标和标准测试条件；详述普通、分段、动态、TOP 趋势导向、RAMP 及定性筛查策略，并介绍蓝-黄视野、闪烁视野、Goldmann 动态视野、mfERG 和 mfVEP。书中系统解析 OCTOPUS G1/G2、32、黄斑、神经眼科、糖尿病、低视力、青光眼筛查、Esterman、司法鉴定及自定义程序，指导患者操作、固视控制、屈光矫正、假阳性/假阴性和疲劳效应的排除。还重点讲解原始敏感度图、偏差图、灰度图、概率图、MD、LV、SF、CLV、RF 等报告指标及随访趋势分析，结合视路解剖讨论青光眼、视网膜色素变性、糖尿病视网膜病变、黄斑疾病、神经眼科和儿童视野；最后介绍 OCTOPUS 101、300 视野计及数据传输，并涉及氢激光光凝后的视野评估。
140,The Lacrimal System-Cohen、Mercandetti、Grazzo 2006,normalized_exact,11-整形与泪道,bdde98f8-4f6b-4b3f-89a4-3cee7f5133b4,10000,8e8e0e0b-054a-4cc5-953f-b7bff546b7f1,The Lacrimal System-Cohen、Mercandetti、Grazzo 2006_weknora.mhtml,The Lacrimal System-Cohen、Mercandetti、Grazzo 2006_weknora.mhtml,completed,bed72f85-1ba6-4625-b42c-d492ad6fec95,72575a57-3c63-4939-8aff-2bd57889b3d1,390,1066,c559d0d7b4ca453f71b27c995a16e91e0608831cf96601906458b366881c6fb5,"## The Lacrimal System

Diagnosis, Management and Surgery

The Lacrimal System

# The Lacrimal System Diagnosis, Management, and Surgery

Edited by

Adam J. Cohen, MD

Consulting Surgeon, Eyelid and Facial Aesthetic and Reconstructive
Surgery,

Craniofacial Surgery, Neuro-Ophthalmology, Evanston, Illinois

Michael Mercandetti, MD, MBA, FACS

Attending Staff, Department of Surgery, Doctor’s Hospital, Sarasota,
Florida

### Brian G. Brazzo, MD

","# Summary
## The Lacrimal System

Diagnosis, Management and Surgery

The Lacrimal System

# The Lacrimal System Diagnosis, Management, and Surgery

Edited by

Adam J. Cohen, MD

Consulting Surgeon, Eyelid and Facial Aesthetic and Reconstructive
Surgery,

Craniofacial Surgery, Neuro-Ophthalmology, Evanston, Illinois

Michael Mercandetti, MD, MBA, FACS

Attending Staff, Department of Surgery, Doctor’s Hospital, Sarasota,
Florida

### Brian G. Brazzo, MD

",本书出版于2006年，是Fedra Hajizadeh主编的眼科OCT临床图谱，面向眼科住院医师、视网膜专科医师及综合眼科医生，重点训练OCT影像判读与临床应用。全书先介绍OCT原理、时域/频域及扫频OCT、OCT血管成像、正常视网膜层次、EDI-OCT、适应证、局限性与伪影；随后围绕年龄相关性黄斑变性、糖尿病视网膜病变及视网膜血管阻塞、中心性浆液性脉络膜视网膜病变、黄斑前膜、黄斑裂孔和玻璃体黄斑牵拉展开。内容还涵盖视盘异常与青光眼、眼内肿瘤、病理性近视、遗传性黄斑与视网膜疾病、葡萄膜炎及眼内炎症，以及前节OCT、角膜病变、屈光手术、角膜胶原交联、角膜移植和人工角膜环等。图谱结合OCT、彩色眼底、红外反射、自发荧光、荧光素及吲哚菁绿血管造影，展示玻璃体切割、内界膜剥除、抗VEGF注射、激光光凝等治疗或手术相关影像，并补充外伤、视网膜脱离、术后并发症、氯喹毒性等杂项病例。
141,"The Pediatric Glaucomas-Mandal, Netland 2006",normalized_exact,05-青光眼,8bf942e4-80dc-4a8a-87cf-486f897fe2bd,10000,a24f7bef-00d7-41d4-bde1-7e6ae492dc63,"The Pediatric Glaucomas-Mandal, Netland 2006_weknora.mhtml","The Pediatric Glaucomas-Mandal, Netland 2006_weknora.mhtml",completed,c757873d-9c04-4ec1-ab1d-fe47b71adc22,78aa56f3-374e-4a50-a9b5-f0df36e082cd,334,906,eb3272d14d5c9e8aad2a25c1b5ba62cad53b4c456c7012b20bb66976cc057993,"## THE PEDIATRIC GLAUCOMAS

Anil K Mandal

Peter A Netland

BUTTERWORTH HEINEMANN

An imprint of Elsevier Inc.

ISBN 0 7506 7336 2

## Notice

","# Summary
## THE PEDIATRIC GLAUCOMAS

Anil K Mandal

Peter A Netland

BUTTERWORTH HEINEMANN

An imprint of Elsevier Inc.

ISBN 0 7506 7336 2

## Notice

",本书出版于2006年，是James D. Reynolds、Scott E. Olitsky主编的小儿视网膜综合专著，适用于眼科、儿科、新生儿科、儿童眼科及眼底病专业医师。全书从视网膜胚胎发育、解剖生理和婴幼儿视网膜电图检查入手，系统覆盖早产儿视网膜病变、视神经疾病、代谢性出生缺陷、黄斑病、永存原始玻璃体增生症、视网膜母细胞瘤、Coats病、遗传性黄斑变性与广泛遗传性视网膜营养不良、玻璃体视网膜营养不良、儿童黄斑脉络膜新生血管及Bruch膜损害、增殖性视网膜病变、感染性疾病、虐待性头部创伤/摇晃婴儿综合征、儿童眼外伤和葡萄膜炎。内容强调发育机制与临床表现结合，涉及眼底检查、彩色眼底影像、视网膜电图、遗传与代谢评估、疾病鉴别、标准化诊疗流程及相关治疗和手术决策。
142,"The Retina and Its Disorders-Joseph C. Besharse, Dean Bok 2011",normalized_exact,06-眼底病与视网膜内科,f900fe21-9deb-47e0-bf36-ce06022cae92,10000,5f7c6384-7ad5-48bc-a508-c96fe7ffebb9,"The Retina and Its Disorders-Joseph C. Besharse, Dean Bok 2011_weknora.mhtml","The Retina and Its Disorders-Joseph C. Besharse, Dean Bok 2011_weknora.mhtml",completed,571a7cdc-2b55-42c4-8ef3-a04868179a68,9a87fea5-ca51-4cba-a119-676998b83f08,377,1033,3dd768f501dc6448aa37f09e440e72f23b52933791e573dd0d9807a3cc482ad5,"《视网膜及其疾病》一书由Joseph C. Besharse和Dean Bok编辑，汇集了来自《眼科学百科全书》的111个章节，旨在为生物医学科学家、眼科医生、验光师及心理学家提供关于视网膜健康与疾病的全面参考。该书涵盖了从胚胎发育、解剖生理到视网膜血管疾病及视网膜退行性病变等广泛主题。

本书的核心内容包括以下几个方面：

1.  **视力评估与测量**：详细探讨了视力的定义，区分了检测视力（Detection Acuity）与分辨率视力（Resolution Acuity）。书中介绍了包括斯内伦视力表（Snellen chart）和兰多尔特环（Landolt C）在内的临床测量方法，并强调了标准化测试（如国家科学院标准）在评估视力时的重要性，包括对视标大小、间距及对比度的要求。

2.  **黄斑水肿的药物治疗**：分析了多种治疗黄斑水肿的临床方案。研究指出，玻璃体内注射曲安奈德（Triamcinolone）在治疗中央视网膜静脉阻塞引起的黄斑水肿方面显示出显著疗效，但在分支视网膜静脉阻塞及糖尿病性黄斑水肿中的应用效果存在差异。此外，书中还讨论了抗VEGF药物及长效缓释植入物（如氟轻松植入物）在相关疾病治疗中的应用前景与挑战。

3.  **视网膜再生与米勒胶质细胞（Müller glia）**：探讨了哺乳动物视网膜再生能力有限的原因。研究对比了哺乳动物与斑马鱼在视网膜损伤后的修复机制，指出尽管哺乳动物的米勒胶质细胞在损伤后会表现出一定的增殖和基因表达变化，但其产生的神经元前体细胞数量不足，且难以正确迁移至外核层（ONL）。通过研究斑马鱼视网膜的强健再生能力，科学家们旨在寻找激活哺乳动物视网膜再生潜能的信号通路与机制。

该书通过对视网膜基础科学与临床实践的深度整合，为理解视网膜疾病的病理机制及探索新型治疗策略提供了重要的学术参考。","# Summary
《视网膜及其疾病》一书由Joseph C. Besharse和Dean Bok编辑，汇集了来自《眼科学百科全书》的111个章节，旨在为生物医学科学家、眼科医生、验光师及心理学家提供关于视网膜健康与疾病的全面参考。该书涵盖了从胚胎发育、解剖生理到视网膜血管疾病及视网膜退行性病变等广泛主题。

本书的核心内容包括以下几个方面：

1.  **视力评估与测量**：详细探讨了视力的定义，区分了检测视力（Detection Acuity）与分辨率视力（Resolution Acuity）。书中介绍了包括斯内伦视力表（Snellen chart）和兰多尔特环（Landolt C）在内的临床测量方法，并强调了标准化测试（如国家科学院标准）在评估视力时的重要性，包括对视标大小、间距及对比度的要求。

2.  **黄斑水肿的药物治疗**：分析了多种治疗黄斑水肿的临床方案。研究指出，玻璃体内注射曲安奈德（Triamcinolone）在治疗中央视网膜静脉阻塞引起的黄斑水肿方面显示出显著疗效，但在分支视网膜静脉阻塞及糖尿病性黄斑水肿中的应用效果存在差异。此外，书中还讨论了抗VEGF药物及长效缓释植入物（如氟轻松植入物）在相关疾病治疗中的应用前景与挑战。

3.  **视网膜再生与米勒胶质细胞（Müller glia）**：探讨了哺乳动物视网膜再生能力有限的原因。研究对比了哺乳动物与斑马鱼在视网膜损伤后的修复机制，指出尽管哺乳动物的米勒胶质细胞在损伤后会表现出一定的增殖和基因表达变化，但其产生的神经元前体细胞数量不足，且难以正确迁移至外核层（ONL）。通过研究斑马鱼视网膜的强健再生能力，科学家们旨在寻找激活哺乳动物视网膜再生潜能的信号通路与机制。

该书通过对视网膜基础科学与临床实践的深度整合，为理解视网膜疾病的病理机制及探索新型治疗策略提供了重要的学术参考。",本书出版于2011年。2007年出版。本书是面向眼科医师、神经内科与神经外科医师、放射科医师、临床工作者及医学生的图文教学型神经眼科学图谱，汇集Sankara Nethralaya临床病例，以彩色影像和简明文字展示疾病表现、诊断与处理。全书按传入神经性病变、传出神经性病变、先天性疾病、感染性疾病、血管性疾病、肿瘤、斑痣性错构瘤病及其他疾病编排，涵盖缺血性视神经病变、视神经炎、视盘水肿、视神经萎缩、眼肌麻痹、Horner综合征、重症肌无力、脑梗死、动静脉畸形、颅内及眶内肿瘤、多发性硬化等。内容涉及视力与视野检查、眼底检查、荧光素眼底血管造影、CT、MRI/MR血管造影、DSA、OCT、超声、VEP、腰椎穿刺及活检，并介绍糖皮质激素、放疗、化疗、激光光凝、视神经鞘开窗、脑室腹膜或腰腹膜分流、肿瘤切除、经蝶窦手术、内窥镜减压、立体定位手术等治疗技术。
143,The Retinal Atlas-Yannuzzi 2010,normalized_exact,06-眼底病与视网膜内科,f900fe21-9deb-47e0-bf36-ce06022cae92,10000,828b05c3-c54e-4287-a156-a2077fa1d45f,The Retinal Atlas-Yannuzzi 2010_weknora.mhtml,The Retinal Atlas-Yannuzzi 2010_weknora.mhtml,completed,48ccf8f7-0ca6-4177-b1dc-0224a48519a9,b98526b9-62b8-4da0-aeb1-0d79ff8a1870,403,1161,ee05d32d36abe2c8af623af035dc6bf63865f337ded6a5df8ceb8f1ece457857,"《视网膜图谱》（The Retinal Atlas）由劳伦斯·A·亚努齐（Lawrence A. Yannuzzi）博士主编，是一部全面且权威的眼科临床参考书。该书汇集了众多眼科专家在医学视网膜、视网膜外科、肿瘤学、儿科眼科及病理学等领域的临床病例与研究成果。

本书的核心内容及特点包括：

1.  **影像分类系统**：全书采用标准化的色彩编码系统对视网膜影像进行分类，便于临床识别。五类影像包括：普通眼底照相（黑色）、荧光素血管造影（FA，黄色）、眼底自发荧光（FAF，蓝色）、吲哚青绿血管造影（ICG，绿色）以及无赤光眼底照相（RF，红色）。
2.  **视网膜疾病的临床诊疗**：书中详细记录了多种视网膜病变的诊断与治疗案例，重点探讨了如黄斑毛细血管扩张症（Mactel type 2）继发视网膜下新生血管的治疗方案，包括激光光凝术及抗血管内皮生长因子药物（如贝伐珠单抗、雷珠单抗）和血管抑制剂（如乙酸阿内可他）的应用效果与随访结果。
3.  **视神经病变与肿瘤**：书中涵盖了多种视神经相关疾病，包括非动脉炎性前部缺血性视神经病变、副肿瘤综合征引起的视乳头炎、感染性视神经炎（如巴尔通体感染、梅毒）以及莱伯氏星状视神经病变。此外，书中还讨论了视神经肿瘤的影像学特征，如视神经胶质瘤、视神经脑膜瘤以及由肺癌或乳腺癌引起的视神经转移瘤。
4.  **多学科协作与学术贡献**：该图谱不仅展示了高质量的临床影像，还强调了多学科专家在视网膜疾病研究中的贡献。通过整合不同专家的病例，该书为临床医生提供了丰富的视觉参考，旨在提升对复杂视网膜及视神经疾病的诊断与治疗水平。

本书通过严谨的影像记录与临床分析，为眼科医生提供了处理视网膜及视神经复杂病变的宝贵资料，体现了现代眼科学在影像诊断与治疗干预方面的进展。","# Summary
《视网膜图谱》（The Retinal Atlas）由劳伦斯·A·亚努齐（Lawrence A. Yannuzzi）博士主编，是一部全面且权威的眼科临床参考书。该书汇集了众多眼科专家在医学视网膜、视网膜外科、肿瘤学、儿科眼科及病理学等领域的临床病例与研究成果。

本书的核心内容及特点包括：

1.  **影像分类系统**：全书采用标准化的色彩编码系统对视网膜影像进行分类，便于临床识别。五类影像包括：普通眼底照相（黑色）、荧光素血管造影（FA，黄色）、眼底自发荧光（FAF，蓝色）、吲哚青绿血管造影（ICG，绿色）以及无赤光眼底照相（RF，红色）。
2.  **视网膜疾病的临床诊疗**：书中详细记录了多种视网膜病变的诊断与治疗案例，重点探讨了如黄斑毛细血管扩张症（Mactel type 2）继发视网膜下新生血管的治疗方案，包括激光光凝术及抗血管内皮生长因子药物（如贝伐珠单抗、雷珠单抗）和血管抑制剂（如乙酸阿内可他）的应用效果与随访结果。
3.  **视神经病变与肿瘤**：书中涵盖了多种视神经相关疾病，包括非动脉炎性前部缺血性视神经病变、副肿瘤综合征引起的视乳头炎、感染性视神经炎（如巴尔通体感染、梅毒）以及莱伯氏星状视神经病变。此外，书中还讨论了视神经肿瘤的影像学特征，如视神经胶质瘤、视神经脑膜瘤以及由肺癌或乳腺癌引起的视神经转移瘤。
4.  **多学科协作与学术贡献**：该图谱不仅展示了高质量的临床影像，还强调了多学科专家在视网膜疾病研究中的贡献。通过整合不同专家的病例，该书为临床医生提供了丰富的视觉参考，旨在提升对复杂视网膜及视神经疾病的诊断与治疗水平。

本书通过严谨的影像记录与临床分析，为眼科医生提供了处理视网膜及视神经复杂病变的宝贵资料，体现了现代眼科学在影像诊断与治疗干预方面的进展。",本书出版于2010年。面向眼科医师、视网膜专科医师、住院医师及相关培训者的临床视网膜影像图谱。全书从正常视网膜组织学、玻璃体与黄斑结构及检查方法入手，系统涵盖荧光素血管造影（FA）、吲哚菁绿造影（ICG）、眼底自发荧光（FAF）、超广角成像、OCT及OCTA。内容覆盖遗传性视网膜、脉络膜与黄斑营养不良，视网膜色素变性、儿童先天异常、早产儿视网膜病变、代谢病和白点综合征；炎症、葡萄膜炎、感染及全身病相关视网膜血管炎；视网膜动静脉阻塞、糖尿病视网膜病变、Coats病、黄斑毛细血管扩张、辐射视网膜病变；病理性近视、中心性浆液性脉络膜视网膜病变、年龄相关性黄斑变性、脉络膜新生血管及息肉样脉络膜血管病变；视网膜、脉络膜及视盘肿瘤、黑色素瘤和视网膜母细胞瘤；玻璃体黄斑牵拉、黄斑裂孔、视网膜裂孔与脱离，以及眼外伤、医源性损伤、药物毒性和视神经疾病。重点呈现多模态影像下的典型表现、鉴别诊断、治疗与手术相关病例。
144,Training in ophthalmology-Venki Sundaram 2016,normalized_exact,01-眼科综合：基础与全身病,09c593aa-1a64-48de-af81-fc4d30d551b4,10000,bd9b0496-a9b4-4204-be4d-646338a608c4,Training in ophthalmology-Venki Sundaram 2016_weknora.mhtml,Training in ophthalmology-Venki Sundaram 2016_weknora.mhtml,completed,0f14594b-ca43-463c-94e1-0b46e1b90b25,1c9bdc3c-8150-465e-9d2c-70b818cafd83,381,1069,4268bc8777474b18631a3cd005c0aae5c7638dde4bc52a147a877d70976759fe,"《眼科培训：基本临床课程》（第二版）是一本专为眼科培训生及相关医疗专业人员编写的综合性教材。该书旨在通过映射英国皇家眼科医师学会的眼科专科培训（OST）课程大纲，填补医学教育中眼科基础教学的不足，帮助培训生掌握从基础科学到临床实践的核心技能。

本书的主要内容涵盖以下几个核心方面：

1.  **临床与手术技能培训**：书中详细介绍了眼科各亚专科的临床条件、检查技术及诊断方法。第二版新增了“屈光手术”和“显微手术技能”章节，并扩展了儿科眼科与斜视的内容，旨在为培训生提供从基础到高级的实操指导，以满足工作评估的需求。
2.  **系统性疾病的眼部表现**：教材深入探讨了眼部炎症与全身性疾病的关联，例如强直性脊柱炎、银屑病关节炎及炎症性肠病与葡萄膜炎的关系。此外，书中还详细区分了巩膜炎与表层巩膜炎的病理生理学差异及临床评估要点。
3.  **专业技能与职业素养**：除了临床医学知识，本书还强调了医生在临床实践中的“软技能”，包括沟通技巧、医疗治理、科研理解以及在处理敏感医疗问题（如疑似虐待儿童导致的视网膜出血）时的法律与伦理责任。
4.  **教学方法与资源**：全书采用图文并茂的形式，结合高质量的临床照片、图表和要点总结，旨在提供一种既适合日常参考，又便于准备专业考试的便携式学习工具。

该书不仅适用于眼科培训生，也为全科医生、视光师、矫形师及其他对眼科感兴趣的医疗专业人员提供了宝贵的参考，强调了在临床实践中保持严谨记录、多学科协作以及以患者安全为核心的职业原则。","# Summary
《眼科培训：基本临床课程》（第二版）是一本专为眼科培训生及相关医疗专业人员编写的综合性教材。该书旨在通过映射英国皇家眼科医师学会的眼科专科培训（OST）课程大纲，填补医学教育中眼科基础教学的不足，帮助培训生掌握从基础科学到临床实践的核心技能。

本书的主要内容涵盖以下几个核心方面：

1.  **临床与手术技能培训**：书中详细介绍了眼科各亚专科的临床条件、检查技术及诊断方法。第二版新增了“屈光手术”和“显微手术技能”章节，并扩展了儿科眼科与斜视的内容，旨在为培训生提供从基础到高级的实操指导，以满足工作评估的需求。
2.  **系统性疾病的眼部表现**：教材深入探讨了眼部炎症与全身性疾病的关联，例如强直性脊柱炎、银屑病关节炎及炎症性肠病与葡萄膜炎的关系。此外，书中还详细区分了巩膜炎与表层巩膜炎的病理生理学差异及临床评估要点。
3.  **专业技能与职业素养**：除了临床医学知识，本书还强调了医生在临床实践中的“软技能”，包括沟通技巧、医疗治理、科研理解以及在处理敏感医疗问题（如疑似虐待儿童导致的视网膜出血）时的法律与伦理责任。
4.  **教学方法与资源**：全书采用图文并茂的形式，结合高质量的临床照片、图表和要点总结，旨在提供一种既适合日常参考，又便于准备专业考试的便携式学习工具。

该书不仅适用于眼科培训生，也为全科医生、视光师、矫形师及其他对眼科感兴趣的医疗专业人员提供了宝贵的参考，强调了在临床实践中保持严谨记录、多学科协作以及以患者安全为核心的职业原则。",本书出版于2016年，面向眼科、神经眼科、神经内外科住院医师、实习医生及医学学生，以典型病例为线索，讲解神经眼科检查、诊断、鉴别诊断、治疗与预后。全书涵盖视功能评价、视力与色觉、瞳孔反应、视野、眼球运动及神经影像学，并围绕视觉传入系统和眼球运动系统展开：视神经炎、儿童及不常见视神经炎、前部缺血性视神经病变、巨细胞动脉炎、假性视乳头水肿、压迫性病变、视神经胶质瘤、遗传性、Leber’s、营养性、外伤性视神经病变和视神经发育不全；还涉及一过性黑朦、垂体瘤、视交叉及视束综合征、偏头痛、功能性视力下降、Graves眼病、各类颅神经麻痹、核间性眼肌麻痹、Fisher综合征、眶尖综合征、重症肌无力、Horner综合征、Adie瞳孔、海绵窦瘘及睑痉挛。书中结合视野检查、眼底照相、CT、MRI、腰穿、实验室及药物试验，讨论激素治疗、视神经鞘减压术及肿瘤手术等临床决策。
145,Uveitis and Immunological Disorders-Uwe Pleyer and Bartly Mondino 2005,normalized_exact,08-葡萄膜炎与眼内炎症,2c1efff9-0960-4d4b-a4c3-7acfb9411151,10000,74851a4e-a56b-461b-b2ee-565cae8a3d77,Uveitis and Immunological Disorders-Uwe Pleyer and Bartly Mondino 2005_weknora.mhtml,Uveitis and Immunological Disorders-Uwe Pleyer and Bartly Mondino 2005_weknora.mhtml,completed,bda0a76c-46c6-4cf2-899f-9cb593114d3b,3dba95e8-5618-436b-aaa3-48349fa032ef,390,1124,9edf1d60c4a1a8284a99c4777f6beff611ba0a5772d661473b9fa8a8b24fa6d8,"###### ESSENTIALS IN OPHTHALMOLOGY G.K.KRIEGLSTEIN · R.N.WEINREB Series Editors

Glaucoma

Cataract and Refractive Surgery

Uveitis and Immunological Disorders

Vitreae-retinal Surgery

Medical Retina

Oculoplastics and Orbit

O

Paediatric Ophthalmology, Neuro-ophthalmology, Genetics

Cornea and External Eye Disease

Uveitis and Immunological Disorders

Edited by

U. PLEYER

B. MONDINO

ESSENTIALS IN OPHTHALMOLOGY: Uveitis and Immunological Disorders.

U. Pleyer · B. Mondino (Eds.)

## ESSENTIA","# Summary
###### ESSENTIALS IN OPHTHALMOLOGY G.K.KRIEGLSTEIN · R.N.WEINREB Series Editors

Glaucoma

Cataract and Refractive Surgery

Uveitis and Immunological Disorders

Vitreae-retinal Surgery

Medical Retina

Oculoplastics and Orbit

O

Paediatric Ophthalmology, Neuro-ophthalmology, Genetics

Cornea and External Eye Disease

Uveitis and Immunological Disorders

Edited by

U. PLEYER

B. MONDINO

ESSENTIALS IN OPHTHALMOLOGY: Uveitis and Immunological Disorders.

U. Pleyer · B. Mondino (Eds.)

## ESSENTIA",本书出版于2005年。美国眼科学会面向眼科住院医师和临床执业眼科医师编写的神经眼科学临床教材，采用症状驱动方法，强调病史、体格检查、定位诊断、辅助检查与管理决策。内容涵盖颅底、眼眶、血管、视网膜—视神经—视交叉—视束—视皮层通路，眼球运动、脑神经、瞳孔、眼睑、面神经及自主神经解剖；系统介绍CT、MRI、MRA/MRV、CTA/CTV、导管血管造影、超声及功能影像的选择与判读。围绕视力下降、短暂性视力丧失、幻视和高级皮层功能障碍、复视与异常眼球运动、核上性障碍、眼震、瞳孔异常、上睑下垂和头眼面痛展开评估、鉴别及治疗，并讨论视神经病变、视交叉及后视路病变、偏头痛、甲状腺眼病、重症肌无力、巨细胞动脉炎、多发性硬化、视神经脊髓炎、脑血管病、静脉窦血栓、感染及妊娠相关疾病。关键词包括视野检查、色觉、瞳孔检查、眼底检查、双眼运动、眼震、视神经减压、内镜鼻窦手术、血管介入与视觉康复。
146,Uveitis- Fundamentals and Clinical Practice-Robert B. Nussenblatt and Scott M. Whitcup 2010,normalized_exact,08-葡萄膜炎与眼内炎症,2c1efff9-0960-4d4b-a4c3-7acfb9411151,10000,bf5ad43f-818b-41c3-b1d0-fc167142baaf,Uveitis- Fundamentals and Clinical Practice-Robert B. Nussenblatt and Scott M. Whitcup 2010_weknora.mhtml,Uveitis- Fundamentals and Clinical Practice-Robert B. Nussenblatt and Scott M. Whitcup 2010_weknora.mhtml,completed,b012ff27-d2ac-4ee1-8178-5a9a0f8e379c,f02a70e5-d093-477a-ad1f-8750d9849092,397,1161,599b6affe9ec9c37e14e9535193f1bb9f147a6aa526807b3114e9ca52fc64754,"本文档摘自《葡萄膜炎：基础与临床实践》（第四版），主要探讨了免疫系统在眼部炎症性疾病中的作用机制、眼部弓形虫病的临床表现与并发症，以及免疫干预在青光眼治疗中的潜在应用。

核心内容包括：

1.  **免疫系统基础与发病机制**：免疫系统通过先天免疫（非特异性）和适应性免疫（特异性）识别并清除外来抗原。巨噬细胞在免疫防御中发挥核心作用，包括吞噬病原体、作为抗原呈递细胞激活T淋巴细胞，以及分泌细胞因子（如IL-1、IL-12等）调节炎症反应。眼部存在独特的免疫环境，T细胞在葡萄膜炎的发病中具有重要作用，且眼部常驻细胞与免疫系统存在复杂的相互作用。

2.  **眼部弓形虫病的临床并发症**：眼部弓形虫病可导致严重的视力丧失，特别是当病变累及黄斑时。常见的并发症包括脉络膜新生血管形成、视网膜血管阻塞、视网膜脱离及视网膜裂孔。研究指出，眼部手术可能诱发弓形虫病复发，因此围手术期预防性治疗具有临床意义。此外，该病还可能与Fuchs异色性虹膜睫状体炎等其他眼部病变存在关联。

3.  **青光眼的免疫保护机制**：研究表明，免疫系统（特别是T细胞）在视神经损伤后的神经保护中发挥作用。实验证明，特定的T细胞反应可保护视网膜神经节细胞免受损伤。基于此，研究者提出了“保护性免疫”概念，通过使用如共聚物-1（copolymer-1）等弱激动剂进行T细胞疫苗接种，在慢性高眼压模型中表现出对视网膜神经节细胞的保护作用。尽管目前尚处于实验阶段，但这些发现为通过免疫调节手段治疗青光眼提供了新的研究思路。","# Summary
本文档摘自《葡萄膜炎：基础与临床实践》（第四版），主要探讨了免疫系统在眼部炎症性疾病中的作用机制、眼部弓形虫病的临床表现与并发症，以及免疫干预在青光眼治疗中的潜在应用。

核心内容包括：

1.  **免疫系统基础与发病机制**：免疫系统通过先天免疫（非特异性）和适应性免疫（特异性）识别并清除外来抗原。巨噬细胞在免疫防御中发挥核心作用，包括吞噬病原体、作为抗原呈递细胞激活T淋巴细胞，以及分泌细胞因子（如IL-1、IL-12等）调节炎症反应。眼部存在独特的免疫环境，T细胞在葡萄膜炎的发病中具有重要作用，且眼部常驻细胞与免疫系统存在复杂的相互作用。

2.  **眼部弓形虫病的临床并发症**：眼部弓形虫病可导致严重的视力丧失，特别是当病变累及黄斑时。常见的并发症包括脉络膜新生血管形成、视网膜血管阻塞、视网膜脱离及视网膜裂孔。研究指出，眼部手术可能诱发弓形虫病复发，因此围手术期预防性治疗具有临床意义。此外，该病还可能与Fuchs异色性虹膜睫状体炎等其他眼部病变存在关联。

3.  **青光眼的免疫保护机制**：研究表明，免疫系统（特别是T细胞）在视神经损伤后的神经保护中发挥作用。实验证明，特定的T细胞反应可保护视网膜神经节细胞免受损伤。基于此，研究者提出了“保护性免疫”概念，通过使用如共聚物-1（copolymer-1）等弱激动剂进行T细胞疫苗接种，在慢性高眼压模型中表现出对视网膜神经节细胞的保护作用。尽管目前尚处于实验阶段，但这些发现为通过免疫调节手段治疗青光眼提供了新的研究思路。",本书出版于2010年，是面向眼科住院医师、角膜与眼表专科医师及相关研究人员的综合性角膜学专著。内容从角膜、巩膜、结膜、泪膜和眼睑的解剖生理及病理反应入手，系统介绍眼表检查、裂隙灯显微镜与摄影、泪膜评估、验光、角膜曲率与地形图、内皮镜、共焦显微镜、高分辨率超声、前节OCT、微生物学及分子遗传学。疾病框架涵盖先天性角膜异常、周边病变、角膜溃疡、水肿、沉积、浸润、营养和代谢病、角膜营养不良与圆锥角膜、退行性病变，以及细菌、病毒、真菌、棘阿米巴和寄生虫感染；并涉及干眼、过敏性角结膜炎、疱疹性角膜炎、神经营养性角膜炎、接触镜并发症、化学伤、巩膜炎和前葡萄膜炎。治疗与手术部分重点讨论眼库、穿透性角膜移植、前板层及内皮移植、角膜移植排斥与术后并发症、角膜穿孔修复、治疗性移植、羊膜移植、眼表重建、人工角膜及前节创伤处理，并延伸至PRK、LASIK、角膜扩张防治、角膜环、切开术和有晶状体眼人工晶状体。
147,Varicella-Zoster Virus Epithelial Keratitis in Herpes Zoster Ophthalmicus-Tabery 2011,normalized_exact,02-角膜与眼表,f041b2b7-3147-4deb-a2f2-0de5cc53d296,10000,5c13ae74-ce24-4065-8b67-73e1a0fed45d,Varicella-Zoster Virus Epithelial Keratitis in Herpes Zoster Ophthalmicus-Tabery 2011_weknora.mhtml,Varicella-Zoster Virus Epithelial Keratitis in Herpes Zoster Ophthalmicus-Tabery 2011_weknora.mhtml,completed,c83c26c5-aff4-4e3f-9870-b30ac649794d,eeca5ec5-5885-4075-aab5-b44330a08032,402,1095,e0787fb88d48ea662cbb10d73a7dfaed33b216c5a77ba333de6fb20b969d10ab,"本文档探讨了带状疱疹眼炎（HZO）中水痘-带状疱疹病毒（VZV）引起的角膜上皮病变，通过高倍活体显微摄影技术记录了其形态学特征及动态演变。

核心内容包括以下几点：

1. **VZV角膜上皮炎的形态特征**：VZV感染会导致角膜上皮细胞肿胀、变圆，并形成表面隆起和斑块状结构。与单纯疱疹病毒（HSV）不同，VZV病变通常不表现为实质性溃疡，而是通过受损细胞向表面迁移并脱落进行更替。其分支状病变被称为“假树枝状角膜炎”，与HSV的树枝状病变在微观结构上存在显著差异。

2. **动态演变与修复机制**：通过连续摄影观察发现，VZV病变具有高度动态性，其形状和位置变化迅速。这表明角膜上皮在持续进行修复，且修复过程能够跟上病毒造成的损伤。相比之下，HSV感染表现为持续的局部复制和修复失败，而VZV病变则反映了病毒从三叉神经节持续释放并导致新损伤的病理过程。

3. **临床诊断与治疗观察**：HZO的诊断主要依赖临床表现，包括典型的水疱疹或无皮疹的“带状疱疹眼炎（zoster sine herpete）”。研究指出，抗病毒药物（如阿昔洛韦或伐昔洛韦）对VZV角膜上皮病变的形态和动态演变无明显影响，这与HSV感染对药物的敏感性形成鲜明对比。

4. **病毒行为的差异**：研究推测，VZV在角膜上皮内的局部复制能力较弱，可能因病毒复制速度较慢，受感染细胞在产生完整感染性病毒前即已脱落。这一发现解释了为何临床上难以从眼部拭子中分离出活体VZV，以及为何局部使用类固醇药物对VZV角膜上皮炎无明显负面影响。

该书通过独特的活体成像资料，填补了VZV角膜病变研究在文献中的空白，并为理解VZV与HSV在角膜上皮感染行为上的本质差异提供了形态学依据。","# Summary
本文档探讨了带状疱疹眼炎（HZO）中水痘-带状疱疹病毒（VZV）引起的角膜上皮病变，通过高倍活体显微摄影技术记录了其形态学特征及动态演变。

核心内容包括以下几点：

1. **VZV角膜上皮炎的形态特征**：VZV感染会导致角膜上皮细胞肿胀、变圆，并形成表面隆起和斑块状结构。与单纯疱疹病毒（HSV）不同，VZV病变通常不表现为实质性溃疡，而是通过受损细胞向表面迁移并脱落进行更替。其分支状病变被称为“假树枝状角膜炎”，与HSV的树枝状病变在微观结构上存在显著差异。

2. **动态演变与修复机制**：通过连续摄影观察发现，VZV病变具有高度动态性，其形状和位置变化迅速。这表明角膜上皮在持续进行修复，且修复过程能够跟上病毒造成的损伤。相比之下，HSV感染表现为持续的局部复制和修复失败，而VZV病变则反映了病毒从三叉神经节持续释放并导致新损伤的病理过程。

3. **临床诊断与治疗观察**：HZO的诊断主要依赖临床表现，包括典型的水疱疹或无皮疹的“带状疱疹眼炎（zoster sine herpete）”。研究指出，抗病毒药物（如阿昔洛韦或伐昔洛韦）对VZV角膜上皮病变的形态和动态演变无明显影响，这与HSV感染对药物的敏感性形成鲜明对比。

4. **病毒行为的差异**：研究推测，VZV在角膜上皮内的局部复制能力较弱，可能因病毒复制速度较慢，受感染细胞在产生完整感染性病毒前即已脱落。这一发现解释了为何临床上难以从眼部拭子中分离出活体VZV，以及为何局部使用类固醇药物对VZV角膜上皮炎无明显负面影响。

该书通过独特的活体成像资料，填补了VZV角膜病变研究在文献中的空白，并为理解VZV与HSV在角膜上皮感染行为上的本质差异提供了形态学依据。",本书出版于2011年，是面向眼科及眼整形美容专业医生，尤其适合准备手术、指导实践的初学者和年轻医生的亚洲人眼睑整形手术图谱。全书以韩国人眼睑解剖特点为基础，先介绍眼睑表面结构、皮肤及皮下组织、眼轮匝肌、眶隔脂肪、提上睑肌、血管神经等解剖，并讲解术前准备、局部浸润麻醉和神经阻滞麻醉。正文围绕退行性及瘢痕性睑内翻、倒睫、退行性／瘢痕性／麻痹性睑外翻、上睑下垂的评估检查与手术选择展开，涉及Quickert-Rathbun法、下睑缩肌复位、外侧睑板条、提上睑肌腱膜复位与缩短、额肌悬吊、结膜-Müller肌切除等技术；并系统介绍非切开及切开重睑成形、老年上下睑成形、下睑脂肪复位、内眦赘皮及Park Z、Root Z、Y-V、Uchida、Mustarde等成形术，还包括直接眉成形、上下睑退缩矫正及异体真皮、硬腭移植和眼睑、内眦缺损重建。全书以大量术中照片和步骤图强调手术设计、操作路径及亚洲眼睑形态处理。
148,"Vision Rehabilitation-Penelope S. Suter, Lisa H. Harvey 2011",normalized_exact,04-屈光与视光：近视、接触镜与低视力,c73385b9-c154-4103-a93e-2d4c31f2423a,10000,ca1a2bd3-4a79-42bd-a10a-303e67e817b9,"Vision Rehabilitation-Penelope S. Suter, Lisa H. Harvey 2011_weknora.mhtml","Vision Rehabilitation-Penelope S. Suter, Lisa H. Harvey 2011_weknora.mhtml",completed,eafe3927-3aa3-4f87-930a-a78f45a6fc9a,2b3260d3-303d-45dd-a138-5020990aa6bc,365,928,77fb1ab3b452c11fbf8eed014189d910b87edd0841cc45e3a084111de25b929d,"本书《视觉康复：脑损伤患者的多学科护理》（Vision Rehabilitation: Multidisciplinary Care of the Patient Following Brain Injury）探讨了脑损伤后视觉功能障碍的评估与康复。该书核心内容涵盖了神经可塑性理论、视光干预手段以及多学科协作在患者康复中的重要性。

本书的主要观点包括：

1.  **神经可塑性与康复潜力**：现代科学研究已证实成人大脑具有神经可塑性，即大脑能够通过学习、练习和反馈进行重组。这一发现推翻了传统认为成人脑损伤后无法恢复的观点，为视光康复提供了理论支撑。
2.  **视觉在脑损伤康复中的关键作用**：脑损伤常导致视觉技能受损，如复视、空间感知障碍、阅读困难及注意力问题。由于视觉引导运动的过程多为潜意识，这些视觉损伤往往被忽视，导致物理治疗或职业治疗效果受限。因此，将视光康复纳入多学科护理体系至关重要。
3.  **视光评估与治疗技术**：书中详细介绍了多种评估工具（如Saladin卡片、Brock姿势板等）及治疗方法。治疗手段包括视觉训练（旨在改善双眼视觉、空间感知和视觉运动技能）以及光学辅助工具（如棱镜、遮盖片等），用于处理光敏感、视野缺失和眼位偏斜等问题。
4.  **临床决策原则**：在制定治疗方案时，临床医生应遵循“测试应尽可能模拟患者日常生活视觉需求”的原则。书中提供了一个概念性决策框架，建议优先尝试非棱镜治疗，若无法满足需求，再考虑棱镜应用或遮盖疗法，以缓解复视和视觉混乱。

总之，本书强调了视光专业在脑损伤康复中的独特价值，主张通过科学的评估与针对性的视觉训练，帮助患者重建视觉功能，从而改善其整体生活质量和空间适应能力。","# Summary
本书《视觉康复：脑损伤患者的多学科护理》（Vision Rehabilitation: Multidisciplinary Care of the Patient Following Brain Injury）探讨了脑损伤后视觉功能障碍的评估与康复。该书核心内容涵盖了神经可塑性理论、视光干预手段以及多学科协作在患者康复中的重要性。

本书的主要观点包括：

1.  **神经可塑性与康复潜力**：现代科学研究已证实成人大脑具有神经可塑性，即大脑能够通过学习、练习和反馈进行重组。这一发现推翻了传统认为成人脑损伤后无法恢复的观点，为视光康复提供了理论支撑。
2.  **视觉在脑损伤康复中的关键作用**：脑损伤常导致视觉技能受损，如复视、空间感知障碍、阅读困难及注意力问题。由于视觉引导运动的过程多为潜意识，这些视觉损伤往往被忽视，导致物理治疗或职业治疗效果受限。因此，将视光康复纳入多学科护理体系至关重要。
3.  **视光评估与治疗技术**：书中详细介绍了多种评估工具（如Saladin卡片、Brock姿势板等）及治疗方法。治疗手段包括视觉训练（旨在改善双眼视觉、空间感知和视觉运动技能）以及光学辅助工具（如棱镜、遮盖片等），用于处理光敏感、视野缺失和眼位偏斜等问题。
4.  **临床决策原则**：在制定治疗方案时，临床医生应遵循“测试应尽可能模拟患者日常生活视觉需求”的原则。书中提供了一个概念性决策框架，建议优先尝试非棱镜治疗，若无法满足需求，再考虑棱镜应用或遮盖疗法，以缓解复视和视觉混乱。

总之，本书强调了视光专业在脑损伤康复中的独特价值，主张通过科学的评估与针对性的视觉训练，帮助患者重建视觉功能，从而改善其整体生活质量和空间适应能力。",本书出版于2011年，是面向眼科、视光学及屈光手术医师的角膜高度断层地形图临床与科研参考书，适用于学习和应用Pentacam等Scheimpflug成像系统。全书涵盖角膜地形图与断层摄影的发展、Placido角膜镜、曲率与高度数据、拟合参考面、角膜厚度及前后表面高度图的解读，介绍正常值、筛查设置、CTSP/PTI及Belin/Ambrósio增强型圆锥筛查。重点讨论圆锥角膜、角膜扩张、非对称性圆锥角膜及LASIK术后扩张，并结合图谱和病例分析。内容还涉及Scheimpflug影像在屈光手术筛查、角膜移植、INTACS、DSEK术后观察、原发性闭角型青光眼、白内障及高端人工晶状体手术中的应用，涵盖人工晶状体屈光力计算、BESSt2公式、角膜光学质量、散光、球差、角膜接触镜模拟、晶状体密度、人工晶状体倾斜和术后并发情况评估。
149,Visual Fields Examination and Interpretation-Thomas J. Walsh 2011,normalized_exact,18-检查：视野,0a9523cf-e62e-47a6-ad9f-3ae295c3b564,10000,e54634cf-ac6c-4d89-9971-624e1345a279,Visual Fields Examination and Interpretation-Thomas J. Walsh 2011_weknora.mhtml,Visual Fields Examination and Interpretation-Thomas J. Walsh 2011_weknora.mhtml,completed,fc5fcd63-a2f9-48be-a448-a20a04e06c35,4a435b8c-0df1-479f-93db-d02b59f1754c,357,921,7d737f1c3df74324fbf6ac9dae05993ce722ac706f653b8a460a431048cb6548,"《视野：检查与解读》（第三版）是一部关于眼科视野检查技术的权威专著。该书强调了视野检查在评估视觉系统功能中的核心地位，并探讨了从传统手动技术到现代计算机自动视野计的演变。

本书的核心内容涵盖以下几个方面：

1.  **临床检查的综合性**：作者指出，尽管现代影像学技术（如CT、MRI、OCT）在识别视觉通路病变方面具有重要作用，但它们并非万能。眼科医生必须结合临床表现与视野检查结果，进行解剖定位诊断。此外，书中强调了即使在计算机化检查普及的时代，传统技术（如切线屏检查）在特定情况下仍具有不可替代的价值。
2.  **自动视野检查的演进与应用**：书中详细讨论了自动视野计的各种程序，如SITA Standard和SITA Fast，并分析了其在青光眼诊断及病情监测中的应用。同时，书中探讨了视野检查在视神经疾病、视交叉病变、视束及视放射病变以及视网膜疾病中的临床意义。
3.  **检查质量控制与伪影识别**：书中强调了检查过程中的“学习效应”，建议对初次检查者进行多次测试以建立基线。此外，书中深入分析了导致视野检查结果异常的非病理性因素，如瞳孔大小（瞳孔过小会导致视野弥漫性压抑）、环境光线干扰及患者疲劳等，并建议在必要时进行散瞳以提高检查准确性。
4.  **功能性视力丧失的评估**：针对功能性视力丧失（伪装或主观视力障碍），书中介绍了一系列客观测试方法，包括红绿滤光片测试、偏振镜测试、视动性眼震（OKN）测试及镜像测试。作者强调，通过多种测试手段的组合，可以有效识别并诊断功能性视力问题。

该书不仅回顾了视野检查的历史，还通过多位专家的贡献，将神经解剖学与视野检查紧密结合，旨在为眼科医生和住院医师提供一套系统、科学的临床诊断指南，以应对复杂的视觉系统疾病。","# Summary
《视野：检查与解读》（第三版）是一部关于眼科视野检查技术的权威专著。该书强调了视野检查在评估视觉系统功能中的核心地位，并探讨了从传统手动技术到现代计算机自动视野计的演变。

本书的核心内容涵盖以下几个方面：

1.  **临床检查的综合性**：作者指出，尽管现代影像学技术（如CT、MRI、OCT）在识别视觉通路病变方面具有重要作用，但它们并非万能。眼科医生必须结合临床表现与视野检查结果，进行解剖定位诊断。此外，书中强调了即使在计算机化检查普及的时代，传统技术（如切线屏检查）在特定情况下仍具有不可替代的价值。
2.  **自动视野检查的演进与应用**：书中详细讨论了自动视野计的各种程序，如SITA Standard和SITA Fast，并分析了其在青光眼诊断及病情监测中的应用。同时，书中探讨了视野检查在视神经疾病、视交叉病变、视束及视放射病变以及视网膜疾病中的临床意义。
3.  **检查质量控制与伪影识别**：书中强调了检查过程中的“学习效应”，建议对初次检查者进行多次测试以建立基线。此外，书中深入分析了导致视野检查结果异常的非病理性因素，如瞳孔大小（瞳孔过小会导致视野弥漫性压抑）、环境光线干扰及患者疲劳等，并建议在必要时进行散瞳以提高检查准确性。
4.  **功能性视力丧失的评估**：针对功能性视力丧失（伪装或主观视力障碍），书中介绍了一系列客观测试方法，包括红绿滤光片测试、偏振镜测试、视动性眼震（OKN）测试及镜像测试。作者强调，通过多种测试手段的组合，可以有效识别并诊断功能性视力问题。

该书不仅回顾了视野检查的历史，还通过多位专家的贡献，将神经解剖学与视野检查紧密结合，旨在为眼科医生和住院医师提供一套系统、科学的临床诊断指南，以应对复杂的视觉系统疾病。",本书出版于2011年，是面向眼科专科医师及需进行角膜、屈光和白内障术前评估的临床人员的角膜地形图实用小型图谱。全书以 Orbscan 和 Pentacam 为核心，讲解 Placido 盘、裂隙扫描、Scheimpflug 成像、角膜前后表面高程、曲率、角膜厚度、瞳孔及前房测量，并比较角膜地形图与波前像差仪的互补作用。内容延伸至屈光手术地图分析、Orbscan IIz 诊断、LASIK 后角膜扩张和医源性角膜扩张筛查、圆锥角膜及亚临床圆锥角膜、后部角膜隆起、残余基质床评估、非规则散光、偏心消融和老视 LASIK；同时讨论角膜地形图在导电性角膜成形术、白内障手术及术后人工晶状体度数计算中的应用。书中突出 SimK、最佳拟合球面、Q 值、前后表面曲率、角膜厚度图、像差、角膜扩张风险及异常角膜影像识别等关键词。
150,Wills-Cornea-Christopher J Rapuano 2012,normalized_exact,02-角膜与眼表,f041b2b7-3147-4deb-a2f2-0de5cc53d296,10000,8ddb2e37-6bce-442c-962d-8124f491c795,Wills-Cornea-Christopher J Rapuano 2012_weknora.mhtml,Wills-Cornea-Christopher J Rapuano 2012_weknora.mhtml,completed,03ffdc91-7ce7-4959-b332-c4d4dae13f7e,2f1d896d-f77d-4cf6-908a-7c8d3ca9626e,409,1141,b286030d687f7b2a1e010e4dec59fee0c95ff7992eee3a5af8a5f2e39fefb3a3,"本书《临床眼科学彩色图谱与概要：威尔斯眼科研究所》（第二版）旨在为眼科住院医师、角膜病专科医师及临床医生提供一份关于角膜、眼前节及眼表疾病的临床指南。该书通过高质量的彩色临床照片与简洁的提纲式文字相结合，强调了临床体征识别与观察能力在诊断中的核心作用。

书中涵盖了多种眼部疾病的临床特征、诊断测试、鉴别诊断及治疗方案，主要内容包括：

1.  **眼睑与结膜炎症**：详细介绍了慢性睑缘炎、睑板腺功能障碍（Meibomitis）及霰粒肿（Chalazion）的病因、症状与治疗，强调了温敷、眼睑清洁及药物（如四环素类药物）在管理中的作用。同时讨论了细菌性结膜炎的临床表现及抗生素治疗策略。
2.  **疱疹病毒性角膜炎**：重点阐述了单纯疱疹病毒（HSV）引起的盘状角膜炎及坏死性基质角膜炎。治疗上通常采用局部皮质类固醇联合抗病毒药物，并强调了在长期使用类固醇时进行预防性抗病毒治疗的重要性。
3.  **手术并发症与角膜损伤**：探讨了角膜手术（如白内障手术）后的并发症，包括上皮植入（Epithelial downgrowth）及后弹力层剥离（Descemet’s detachment）。针对后弹力层剥离，书中介绍了通过前房注射空气或长效气体进行复位的治疗方法，并指出对于严重的卷曲性剥离，可能需要手术干预。

本书通过丰富的病例照片，旨在帮助读者提升对眼部异常体征的识别能力，从而做出准确的诊断并制定有效的治疗计划，强调了临床观察在眼科实践中的基础地位。","# Summary
本书《临床眼科学彩色图谱与概要：威尔斯眼科研究所》（第二版）旨在为眼科住院医师、角膜病专科医师及临床医生提供一份关于角膜、眼前节及眼表疾病的临床指南。该书通过高质量的彩色临床照片与简洁的提纲式文字相结合，强调了临床体征识别与观察能力在诊断中的核心作用。

书中涵盖了多种眼部疾病的临床特征、诊断测试、鉴别诊断及治疗方案，主要内容包括：

1.  **眼睑与结膜炎症**：详细介绍了慢性睑缘炎、睑板腺功能障碍（Meibomitis）及霰粒肿（Chalazion）的病因、症状与治疗，强调了温敷、眼睑清洁及药物（如四环素类药物）在管理中的作用。同时讨论了细菌性结膜炎的临床表现及抗生素治疗策略。
2.  **疱疹病毒性角膜炎**：重点阐述了单纯疱疹病毒（HSV）引起的盘状角膜炎及坏死性基质角膜炎。治疗上通常采用局部皮质类固醇联合抗病毒药物，并强调了在长期使用类固醇时进行预防性抗病毒治疗的重要性。
3.  **手术并发症与角膜损伤**：探讨了角膜手术（如白内障手术）后的并发症，包括上皮植入（Epithelial downgrowth）及后弹力层剥离（Descemet’s detachment）。针对后弹力层剥离，书中介绍了通过前房注射空气或长效气体进行复位的治疗方法，并指出对于严重的卷曲性剥离，可能需要手术干预。

本书通过丰富的病例照片，旨在帮助读者提升对眼部异常体征的识别能力，从而做出准确的诊断并制定有效的治疗计划，强调了临床观察在眼科实践中的基础地位。",本书出版于2012年。本书2018年出版，是角膜与外眼疾病诊疗及基础研究的经典专业参考书，适用于角膜专科医师、综合眼科医师、住院医师、进修医师、临床医生和研究人员。全书围绕角膜移植、手术治疗、胶原交联、人工角膜、眼表移植和屈光手术展开，系统介绍穿透性、前部板层、深板层及内皮角膜移植，DSEK、DSAEK、DMEK、飞秒激光辅助移植、儿童及高危角膜移植，以及移植排斥、感染、青光眼和术后并发症；涵盖角膜穿孔、角膜溃疡、翼状胬肉、结膜瓣、羊膜移植、眼前节创伤、虹膜重建和巩膜穿孔等治疗性手术；详述圆锥角膜、屈光术后角膜扩张和感染性角膜炎的胶原交联，Boston及骨齿型人工角膜；并涉及角膜缘干细胞缺乏、眼表重建、免疫抑制管理。屈光部分包括角膜地形图、角膜曲率、断层成像、OCT、波前像差、PRK、LASIK、SMILE、角膜基质环、散光性角膜切开、有晶状体眼人工晶状体及角膜嵌入环矫正老视等检查、影像、技术与并发症处理。
151,Wills-小儿眼科-Leonard B Nelson 2016,normalized_exact,10-小儿眼科：斜视与弱视等,d6a5115a-067a-4514-afbf-9fe81b4e64c0,10000,81213e5e-1a73-4139-9a31-d3a60536e214,Wills-小儿眼科-Leonard B Nelson 2016_weknora.mhtml,Wills-小儿眼科-Leonard B Nelson 2016_weknora.mhtml,completed,7d61aa7a-5165-450a-b2c3-34c8d75c4427,4a22767a-2bed-4980-87aa-ea06c1b9acae,386,1122,ae6b89203614e43e177235ffb15d438d46b4d4b7124906a512d55f269a029a66,"《Wills临床眼科彩色图谱及精要：小儿眼科（第2版）》是由Leonard B. Nelson主编、多位专家翻译的眼科专业参考书。该书旨在为临床执业眼科医师、小儿眼科医师及住院医师提供系统的小儿眼科疾病诊疗指南。全书通过精炼的文字总结与150余幅高质量彩色图片相结合，涵盖了流行病学、病因学、临床表现、鉴别诊断、检查方法及治疗预后等核心内容。

本书的主要内容要点如下：

1.  **眼部发育畸形**：详细阐述了无眼畸形、小眼畸形、小眼球及典型眼组织缺损等先天性异常。书中重点介绍了这些疾病的胚胎发育病因、影像学诊断（如MRI、CT、B超）以及通过内置假体、组织扩张器或手术矫正眼眶发育与外观的治疗方案。
2.  **先天性角膜混浊**：分析了包括角膜巩膜化、产伤（后弹力层破裂）等导致角膜混浊的多种病因。书中强调了通过鉴别诊断区分不同病理机制，并指出弱视治疗及穿透角膜移植术在改善视力预后中的作用。
3.  **视网膜营养不良与遗传性疾病**：涵盖了Best病、无脉络膜症、回旋状脉络膜视网膜萎缩及Leber先天性黑朦等疾病。书中结合电生理检查（如ERG、EOG）与基因筛查，探讨了针对不同病因的临床管理，包括低视力辅助、饮食控制及前沿的基因转导治疗进展。
4.  **眼外肌与眼球运动障碍**：系统介绍了Duane眼球后退综合征、Brown综合征、Möbius综合征、单眼上转缺陷及先天性眼外肌纤维化。书中强调了被动牵拉试验在诊断中的重要性，并针对不同类型的肌肉限制或神经支配障碍，提出了相应的手术矫正策略以改善眼位和代偿头位。

本书作为Wills眼科研究所丛书之一，不仅提供了详尽的临床概述，还强调了早期诊断、多学科评估及个性化治疗方案对改善患儿视功能与外观的重要性。","# Summary
《Wills临床眼科彩色图谱及精要：小儿眼科（第2版）》是由Leonard B. Nelson主编、多位专家翻译的眼科专业参考书。该书旨在为临床执业眼科医师、小儿眼科医师及住院医师提供系统的小儿眼科疾病诊疗指南。全书通过精炼的文字总结与150余幅高质量彩色图片相结合，涵盖了流行病学、病因学、临床表现、鉴别诊断、检查方法及治疗预后等核心内容。

本书的主要内容要点如下：

1.  **眼部发育畸形**：详细阐述了无眼畸形、小眼畸形、小眼球及典型眼组织缺损等先天性异常。书中重点介绍了这些疾病的胚胎发育病因、影像学诊断（如MRI、CT、B超）以及通过内置假体、组织扩张器或手术矫正眼眶发育与外观的治疗方案。
2.  **先天性角膜混浊**：分析了包括角膜巩膜化、产伤（后弹力层破裂）等导致角膜混浊的多种病因。书中强调了通过鉴别诊断区分不同病理机制，并指出弱视治疗及穿透角膜移植术在改善视力预后中的作用。
3.  **视网膜营养不良与遗传性疾病**：涵盖了Best病、无脉络膜症、回旋状脉络膜视网膜萎缩及Leber先天性黑朦等疾病。书中结合电生理检查（如ERG、EOG）与基因筛查，探讨了针对不同病因的临床管理，包括低视力辅助、饮食控制及前沿的基因转导治疗进展。
4.  **眼外肌与眼球运动障碍**：系统介绍了Duane眼球后退综合征、Brown综合征、Möbius综合征、单眼上转缺陷及先天性眼外肌纤维化。书中强调了被动牵拉试验在诊断中的重要性，并针对不同类型的肌肉限制或神经支配障碍，提出了相应的手术矫正策略以改善眼位和代偿头位。

本书作为Wills眼科研究所丛书之一，不仅提供了详尽的临床概述，还强调了早期诊断、多学科评估及个性化治疗方案对改善患儿视功能与外观的重要性。",本书出版于2016年，是Nathan Efron编著、魏瑞华等翻译的角膜接触镜临床并发症诊疗专著，面向眼科医师、眼视光医师、接触镜验配师及医学生。全书先介绍眼前节检查、分级量表和渐变图像分级，再按眼部组织系统讨论瞬目异常、上睑下垂、睑板腺功能障碍、睫毛异常、干眼、黏蛋白球、结膜染色与充血、乳头性结膜炎、角膜缘充血及炎症，以及角膜上皮、基质、内皮的水肿、染色、微囊、褶皱、变薄、混浊、新生血管、浸润、微生物角膜炎、角膜变形、内皮小滴、空泡、细胞重新分布和多形变。各专题结合体征、症状、病理、病因、预后、鉴别诊断与治疗，涵盖裂隙灯生物显微镜、荧光素染色、钴蓝及黄色滤光片、泪膜镜、角膜内皮显微镜、共焦显微镜、光学相干断层扫描、角膜地形图、厚度和角膜感觉测量；治疗涉及停戴或调整镜片、改变配适与材料、护理液和润滑剂、抗生素、类固醇及必要时手术，并附16项并发症和泪膜分级系统。
152,Wills-眼眶病与整形-Robert B Penne 2005,normalized_exact,11-整形与泪道,bdde98f8-4f6b-4b3f-89a4-3cee7f5133b4,10000,4abb70cd-36d6-4372-a8f8-6a92e7ea6fb5,Wills-眼眶病与整形-Robert B Penne 2005_weknora.mhtml,Wills-眼眶病与整形-Robert B Penne 2005_weknora.mhtml,completed,b4372f2d-b5b1-4037-9b7d-c03a3395635a,9d1f9a8a-f319-4cae-877a-04df01d0b942,367,1069,be5dd033571a5ae2bd4b4eac286fbd27b7c28b230cc831ad20ff30c24e826eab,"美国威尔斯眼科医院

临床眼科图谱和精要

COLOR ATLAS &

SYNOPSIS OF

CLINICAL OPHTHALMOLOGY

WILLSEYE HOSPITAL

眼眶病与整形

# OCULOPLASTICS

原著 Robert B. Penne

丛书编辑 Christopher J. Rapuano

译者钱江袁一飞

主审 王文吉

上海科学技术出版社

美国威尔斯眼科医院 临床眼科图谱和精要

COLOR ATLAS & SYNOPSIS OF

CLINICAL OPHTHALMOLOGY

WILLSEYE HOSPITAL

## 眼眶病与整形 OCULOPLASTICS

“临床眼科图谱和精要”丛书系统、全面地介绍了眼科所有的疾病，从流行病学、病史、体格检查、鉴别诊断、实验室和特殊检查、病程以及最新的治疗方法等方面进行了简要概述。文字简洁、精炼。每种疾病配以一幅或多幅照片，图片精美，显示病变典型。是临床医生不可多得的眼科参考书。

## 责任编辑 罗安妮

塞 Aten C. Hu. Dany C. Brown. J. Ann. McMilla","# Summary
美国威尔斯眼科医院

临床眼科图谱和精要

COLOR ATLAS &

SYNOPSIS OF

CLINICAL OPHTHALMOLOGY

WILLSEYE HOSPITAL

眼眶病与整形

# OCULOPLASTICS

原著 Robert B. Penne

丛书编辑 Christopher J. Rapuano

译者钱江袁一飞

主审 王文吉

上海科学技术出版社

美国威尔斯眼科医院 临床眼科图谱和精要

COLOR ATLAS & SYNOPSIS OF

CLINICAL OPHTHALMOLOGY

WILLSEYE HOSPITAL

## 眼眶病与整形 OCULOPLASTICS

“临床眼科图谱和精要”丛书系统、全面地介绍了眼科所有的疾病，从流行病学、病史、体格检查、鉴别诊断、实验室和特殊检查、病程以及最新的治疗方法等方面进行了简要概述。文字简洁、精炼。每种疾病配以一幅或多幅照片，图片精美，显示病变典型。是临床医生不可多得的眼科参考书。

## 责任编辑 罗安妮

塞 Aten C. Hu. Dany C. Brown. J. Ann. McMilla",本书出版于2005年。本书出版于2008年，是总结作者近20年临床经验的眼部整形美容外科图谱，适用于眼部整形美容医师，并供整形外科、颌面外科医师参考。全书分眼部整形美容外科基础、眼睑与眉、结膜、泪器、眼窝及眼眶五篇，系统介绍眼部解剖、无菌与无创操作、切口、剥离、止血、引流、缝合、皮片与皮瓣移植、组织移植和生物材料，以及病史询问、术前检查、医学照相、治疗设计、术后处理和并发症防治。内容涵盖重睑、眼袋、眼睑松弛、眉下垂、眼睑及面肌痉挛、眼睑外伤、睑内外翻、上睑下垂、眼睑退缩、眦角畸形、先天性眼睑疾病、眼睑肿瘤及缺损重建；翼状胬肉、睑球粘连和角膜结膜瓣手术；泪点泪小管异常、泪道义管植入；眼眶解剖与X线、CT、MRI影像，先天性小眼球或无眼球、结膜囊缩窄、羟基磷灰石义眼台植入、眶壁及颌面部骨折整复、游离皮瓣眼窝再造和义眼定制配戴等。
153,Wills-眼科手册 第6版-Jusits P Ehlers 2014,normalized_exact,01-眼科综合：基础与全身病,09c593aa-1a64-48de-af81-fc4d30d551b4,10000,aa18bc40-1215-4b41-abcf-f26bb8cd5ac7,Wills-眼科手册 第6版-Jusits P Ehlers 2014_weknora.mhtml,Wills-眼科手册 第6版-Jusits P Ehlers 2014_weknora.mhtml,completed,9d6944a2-d3ab-471d-b1d9-a80f8ff76399,67a5a2af-f088-49f2-8b74-f4690a3a688f,340,970,1db36bdeccd660226b17bd2006c48c7789426b4a6fa274ab671bdaf2124f5e00,"《Wills眼科手册》（第6版）是一部系统性的眼科临床参考书，旨在为眼科医生提供常见眼部疾病的诊断、鉴别诊断及治疗指导。该书内容涵盖了眼部症状、体征的鉴别诊断，以及特定眼科疾病的诊疗流程。

以下是该文档的核心内容要点：

1.  **眼部症状与体征的鉴别诊断**：手册详细列举了多种临床表现（如视力下降、眼红、眼痛、复视、眼睑肿胀、畏光、流泪等）的常见与少见病因。通过对这些症状的分类梳理，帮助临床医生快速缩小诊断范围，并区分不同病理机制引起的相似表现。
2.  **青光眼及相关疾病的诊疗**：文档重点介绍了多种青光眼类型，包括原发性开角型青光眼、假性剥脱综合征继发青光眼，以及晶状体源性青光眼（如晶状体溶解性青光眼和晶状体颗粒性青光眼）。手册不仅明确了各类型的定义、症状与体征，还提供了详细的诊断流程、药物治疗方案、手术干预指征及随访建议。
3.  **临床检查与决策支持**：书中强调了裂隙灯检查、房角镜检查及眼压测量在诊断中的关键作用，并针对不同疾病提供了具体的治疗目标（如立即降低眼压、减轻炎症等）和手术注意事项，特别提醒了在处理复杂白内障或青光眼手术时可能面临的并发症风险。
4.  **专业术语与缩写规范**：手册末尾整理了眼科临床常用的专业缩写，涵盖了眼部解剖、检查技术、疾病名称及手术方式，为临床沟通和病历记录提供了统一的参考标准。

总体而言，该手册通过严谨的分类和流程化指导，为眼科临床实践提供了科学的决策支持，强调了早期诊断、规范治疗以及针对不同病因采取个体化随访策略的重要性。","# Summary
《Wills眼科手册》（第6版）是一部系统性的眼科临床参考书，旨在为眼科医生提供常见眼部疾病的诊断、鉴别诊断及治疗指导。该书内容涵盖了眼部症状、体征的鉴别诊断，以及特定眼科疾病的诊疗流程。

以下是该文档的核心内容要点：

1.  **眼部症状与体征的鉴别诊断**：手册详细列举了多种临床表现（如视力下降、眼红、眼痛、复视、眼睑肿胀、畏光、流泪等）的常见与少见病因。通过对这些症状的分类梳理，帮助临床医生快速缩小诊断范围，并区分不同病理机制引起的相似表现。
2.  **青光眼及相关疾病的诊疗**：文档重点介绍了多种青光眼类型，包括原发性开角型青光眼、假性剥脱综合征继发青光眼，以及晶状体源性青光眼（如晶状体溶解性青光眼和晶状体颗粒性青光眼）。手册不仅明确了各类型的定义、症状与体征，还提供了详细的诊断流程、药物治疗方案、手术干预指征及随访建议。
3.  **临床检查与决策支持**：书中强调了裂隙灯检查、房角镜检查及眼压测量在诊断中的关键作用，并针对不同疾病提供了具体的治疗目标（如立即降低眼压、减轻炎症等）和手术注意事项，特别提醒了在处理复杂白内障或青光眼手术时可能面临的并发症风险。
4.  **专业术语与缩写规范**：手册末尾整理了眼科临床常用的专业缩写，涵盖了眼部解剖、检查技术、疾病名称及手术方式，为临床沟通和病历记录提供了统一的参考标准。

总体而言，该手册通过严谨的分类和流程化指导，为眼科临床实践提供了科学的决策支持，强调了早期诊断、规范治疗以及针对不同病因采取个体化随访策略的重要性。",本书出版于2014年，是面向眼科、神经内科、神经外科及全科医师的神经眼科临床速查与诊断参考书，强调按解剖定位、症状体征和提纲化要点快速识别疾病。全书涵盖视野及视路定位、核上性和核间性凝视通路、眼球震颤、展神经、动眼神经和滑车神经麻痹、海绵窦综合征、瞳孔异常、视盘水肿与视神经萎缩、重症肌无力和眼肌病，以及三叉神经、面神经、眼睑、头痛、颈动脉疾病、非器质性视觉障碍、高级视觉功能障碍、神经皮肤病和神经影像。内容涉及面对面、动态、静态及Humphrey自动视野检查，Amsler方格、RAPD、OKN、黄斑回避、同向偏盲定位，以及中心暗点、弧形暗点、鼻侧阶梯、视盘水肿、青光眼、视网膜色素变性、视神经炎、垂体腺瘤、脑膜瘤、脑卒中等重要关键词，并结合病例练习强化临床思维和视路病变定位。
154,Wills-神经眼科-Peter J Savino 2015,normalized_exact,09-神经眼科,be1e44f1-985d-4445-b6a3-e60a0f43f85e,10000,698cf56e-a00a-427e-b658-189f9dc72aa3,Wills-神经眼科-Peter J Savino 2015_weknora.mhtml,Wills-神经眼科-Peter J Savino 2015_weknora.mhtml,completed,2bd9b99b-c871-4c16-905c-7f3b3bad688d,1a08b27f-564f-4af7-9ffd-6b3595e9dd80,410,1036,f656aed31ef723306c8e5c4a7736a938f7a9addde99120c85481325cd5bd7e6f,"本书为《Wills临床眼科彩色图谱及精要》系列中的《神经眼科》第2版，由美国Wills眼科研究所专家编写，旨在为眼科医师、住院医师及相关研究人员提供简明、实用的临床参考。全书通过高质量的彩色图片与精炼的文字，系统阐述了神经眼科常见疾病的流行病学、病因、临床表现、诊断及治疗。

本书的核心内容涵盖以下几个方面：

1.  **神经眼科临床检查技术**：详细介绍了视觉传入系统的评估方法，包括视力测定、色觉检查、瞳孔功能（特别是相对性传入性瞳孔功能障碍RAPD的判定）、Amsler方格表检查、对比敏感度及明负荷恢复试验。书中强调了这些检查对于鉴别视神经病变、视网膜病变及非器质性视力下降的重要性。
2.  **视野检查与判读**：阐述了视野检测的解剖学基础，重点分析了视网膜神经纤维走行与视野缺损形态的对应关系（如弓形缺损、中心暗点等），并介绍了面对面视野检查等临床常用手段。
3.  **先天性视神经异常**：探讨了视神经发育不全、视盘缺损及视盘小凹等先天性疾病的病因、临床体征及相关综合征（如de Morsier综合征），并指出了针对弱视的治疗策略。
4.  **外伤性视神经病变（TON）**：分析了钝性外伤、穿通伤及视神经撕脱伤的发生机制，强调了眶室间隔综合征等急症的识别与处理。
5.  **眼眶炎症与血管病变**：涵盖了特发性眼眶炎症综合征（IOIS）的诊断与激素治疗，以及海绵窦瘘的分类、临床表现（如突眼、结膜血管动脉化）及介入治疗手段。

本书通过图文并茂的形式，将复杂的神经眼科知识转化为临床实用的“口袋书”，不仅有助于初学者快速掌握诊断思路，也为高年资医师提供了重要的参考依据。","# Summary
本书为《Wills临床眼科彩色图谱及精要》系列中的《神经眼科》第2版，由美国Wills眼科研究所专家编写，旨在为眼科医师、住院医师及相关研究人员提供简明、实用的临床参考。全书通过高质量的彩色图片与精炼的文字，系统阐述了神经眼科常见疾病的流行病学、病因、临床表现、诊断及治疗。

本书的核心内容涵盖以下几个方面：

1.  **神经眼科临床检查技术**：详细介绍了视觉传入系统的评估方法，包括视力测定、色觉检查、瞳孔功能（特别是相对性传入性瞳孔功能障碍RAPD的判定）、Amsler方格表检查、对比敏感度及明负荷恢复试验。书中强调了这些检查对于鉴别视神经病变、视网膜病变及非器质性视力下降的重要性。
2.  **视野检查与判读**：阐述了视野检测的解剖学基础，重点分析了视网膜神经纤维走行与视野缺损形态的对应关系（如弓形缺损、中心暗点等），并介绍了面对面视野检查等临床常用手段。
3.  **先天性视神经异常**：探讨了视神经发育不全、视盘缺损及视盘小凹等先天性疾病的病因、临床体征及相关综合征（如de Morsier综合征），并指出了针对弱视的治疗策略。
4.  **外伤性视神经病变（TON）**：分析了钝性外伤、穿通伤及视神经撕脱伤的发生机制，强调了眶室间隔综合征等急症的识别与处理。
5.  **眼眶炎症与血管病变**：涵盖了特发性眼眶炎症综合征（IOIS）的诊断与激素治疗，以及海绵窦瘘的分类、临床表现（如突眼、结膜血管动脉化）及介入治疗手段。

本书通过图文并茂的形式，将复杂的神经眼科知识转化为临床实用的“口袋书”，不仅有助于初学者快速掌握诊断思路，也为高年资医师提供了重要的参考依据。",本书出版于2015年，是Peter J. Savino、Helen V. Danesh-Meyer等编著、2005年出版的《美国威尔斯眼科医院临床眼科图谱和精要》之一，定位为面向眼科住院医师、临床眼科医师及相关医务人员的便携式临床参考书。全书涵盖视觉传入系统检查、视野、MRI及视网膜动脉阻塞；系统介绍视神经炎、缺血性、中毒性、遗传性、外伤性视神经病变，视乳头水肿、胶质瘤、脑膜瘤及先天性视盘异常；并论述视交叉以上视路疾病、非生理性视力丧失、传出系统检查、眼位偏斜、脑神经麻痹、眼球运动异常、眼球震颤、瞳孔及Horner、Adie、Argyll Robertson综合征，以及甲状腺相关眼眶病、眼眶炎症和海绵窦瘘。内容涉及视力、色觉、RAPD、Amsler方格、对比敏感度、自动/手动视野计、CT、MRI、DWI、FLAIR、超声多普勒、荧光血管造影、视觉诱发电位、动脉造影，以及皮质类固醇、放疗、手术、栓塞等治疗技术。
155,Wills-葡萄膜炎-Sunir J Garg 2012,normalized_exact,08-葡萄膜炎与眼内炎症,2c1efff9-0960-4d4b-a4c3-7acfb9411151,10000,58074419-c8aa-4ac2-bf83-f937505adb31,Wills-葡萄膜炎-Sunir J Garg 2012_weknora.mhtml,Wills-葡萄膜炎-Sunir J Garg 2012_weknora.mhtml,completed,9e6d6da4-daf8-494a-a928-242d51dc51db,7ca29db2-e902-43e0-b598-416567846f64,417,1153,d6f9716e7188693b7f8dcb236c8b11d8e833052c2a1b1837a7c34aeeff3f13f3,"本书为《Wills临床眼科彩色图谱及精要》丛书中的《葡萄膜炎》（第2版），由Sunir J. Garg主编，杨培增等译。该书旨在为眼科医生、住院医师及相关医疗人员提供涵盖眼部炎症性疾病的简明诊疗手册，全书包含450余幅病例照片及详尽的临床概述。

本书的核心内容包括：

1. **特定葡萄膜炎疾病的诊疗**：书中详细阐述了多灶性脉络膜炎/视网膜下纤维化综合征（MFCP）及点状内层脉络膜病变（PIC）等疾病。内容涵盖了流行病学特征、临床症状、体征、鉴别诊断、影像学检查（如眼底荧光血管造影、ICGA、OCT）及治疗策略。例如，针对MFCP，强调了糖皮质激素和免疫调节剂在控制炎症及预防脉络膜新生血管并发症中的重要作用。

2. **葡萄膜炎的全身药物治疗**：书中系统总结了葡萄膜炎的药物治疗方案，包括糖皮质激素、抗代谢药物、T细胞抑制剂、烷化剂及生物制剂（如TNF-α抑制剂）。书中详细列出了各类药物的作用机制、剂量建议及必要的实验室监测指标，并强调了在治疗过程中需根据患者情况调整用药，并警惕药物副作用。

3. **临床诊断与影像学应用**：通过丰富的图谱和文字，展示了多种影像学检查在诊断中的应用价值。例如，ICGA在识别脉络膜炎症病灶方面表现出比临床检查和眼底荧光造影更高的敏感性；OCT则能有效显示视网膜外层及色素上皮层面的病变特征。

4. **预后与管理**：全书强调了早期诊断和规范化治疗对改善预后的重要性，特别是通过免疫调节治疗可显著降低黄斑并发症及视力丧失的风险。

本书作为一本临床参考书，通过图文结合的方式，为葡萄膜炎的临床诊断、鉴别诊断及个体化治疗提供了权威的参考依据。","# Summary
本书为《Wills临床眼科彩色图谱及精要》丛书中的《葡萄膜炎》（第2版），由Sunir J. Garg主编，杨培增等译。该书旨在为眼科医生、住院医师及相关医疗人员提供涵盖眼部炎症性疾病的简明诊疗手册，全书包含450余幅病例照片及详尽的临床概述。

本书的核心内容包括：

1. **特定葡萄膜炎疾病的诊疗**：书中详细阐述了多灶性脉络膜炎/视网膜下纤维化综合征（MFCP）及点状内层脉络膜病变（PIC）等疾病。内容涵盖了流行病学特征、临床症状、体征、鉴别诊断、影像学检查（如眼底荧光血管造影、ICGA、OCT）及治疗策略。例如，针对MFCP，强调了糖皮质激素和免疫调节剂在控制炎症及预防脉络膜新生血管并发症中的重要作用。

2. **葡萄膜炎的全身药物治疗**：书中系统总结了葡萄膜炎的药物治疗方案，包括糖皮质激素、抗代谢药物、T细胞抑制剂、烷化剂及生物制剂（如TNF-α抑制剂）。书中详细列出了各类药物的作用机制、剂量建议及必要的实验室监测指标，并强调了在治疗过程中需根据患者情况调整用药，并警惕药物副作用。

3. **临床诊断与影像学应用**：通过丰富的图谱和文字，展示了多种影像学检查在诊断中的应用价值。例如，ICGA在识别脉络膜炎症病灶方面表现出比临床检查和眼底荧光造影更高的敏感性；OCT则能有效显示视网膜外层及色素上皮层面的病变特征。

4. **预后与管理**：全书强调了早期诊断和规范化治疗对改善预后的重要性，特别是通过免疫调节治疗可显著降低黄斑并发症及视力丧失的风险。

本书作为一本临床参考书，通过图文结合的方式，为葡萄膜炎的临床诊断、鉴别诊断及个体化治疗提供了权威的参考依据。",本书出版于2012年，由杨培增著，2016年出版，是面向葡萄膜炎专科医生、眼科各专业医生、研究生及临床实习生，并可供风湿科、免疫科、皮肤科等相关专科参考的实用诊疗概要。全书60余万字、519幅插图，共三篇69章：第一篇概论介绍葡萄膜炎概念、解剖与分类、病因机制、病史采集、眼部检查、辅助检查、实验室检查、诊断及治疗指导思想；涵盖荧光素眼底血管造影（FFA）、吲哚青绿血管造影（ICGA）、UBM、超声、OCT、视野及多焦视网膜电图等影像与功能检查。第二篇系统讲述糖皮质激素、免疫抑制剂、非甾体抗炎药、睫状肌麻痹剂和扩瞳剂、中医中药等治疗。第三篇全面讨论前、中间、后及全葡萄膜炎，视网膜血管炎、Eales病、Behcet病、Vogt-小柳原田综合征、交感性眼炎、Fuchs综合征、病毒、弓形虫、结核、梅毒、眼内炎、风湿免疫性疾病相关葡萄膜炎、药物性葡萄膜炎及伪装综合征，并涉及白内障摘除、人工晶状体植入、玻璃体切除及玻璃体内注射等技术。
156,Wills-角膜病-Christopher J Rapuano 2014,normalized_exact,02-角膜与眼表,f041b2b7-3147-4deb-a2f2-0de5cc53d296,10000,6d6b2547-4d1a-4871-81da-3fa5c2a7e9a0,Wills-角膜病-Christopher J Rapuano 2014_weknora.mhtml,Wills-角膜病-Christopher J Rapuano 2014_weknora.mhtml,completed,e831a5c2-e036-4ec7-a809-ec76c77ff5d2,89ed3d53-273e-4ed8-b976-15fe5a8f9234,337,985,c35737769907e6940c1b38843bdbbeb9d7e0b7abb628055e774072dbc501595b,"《Wills临床眼科彩色图谱及精要：角膜病》（第2版）是由美国Wills眼科研究所专家Christopher J. Rapuano编著，陈蔚主译的眼科临床参考书。该书旨在为眼科住院医师、临床医师及相关专业研究生提供关于角膜、眼前节及眼表疾病的权威临床指南。

本书的核心内容与特点包括：

1.  **临床实用性与图文结合**：全书秉持“千言未如一图”的理念，收录了440余幅高质量彩色临床图片，通过精美的图谱与简洁的文字说明，直观展示了各类角膜与眼表疾病的典型体征，强调了观察临床细节对于正确诊断的重要性。
2.  **系统化的疾病诊疗框架**：书中涵盖了多种常见的角膜及结膜疾病，包括睑缘炎、睑板腺囊肿、细菌性与病毒性结膜炎、淋球菌性结膜炎、衣原体结膜炎、棘阿米巴性角膜炎、单纯疱疹病毒性角膜炎，以及外伤引起的前房积血、上皮长入和后弹力层脱离等。每一章节均按照临床特征、诊断检查、鉴别诊断及治疗方案进行系统梳理。
3.  **循证医学与前沿更新**：该书基于循证医学原则，提供了药物治疗（如抗生素、抗病毒药物、糖皮质激素等）及手术干预的实用建议。第2版特别增加了关于角膜后弹力层剥除联合内皮移植术（DSAEK）等新技术的介绍，并更新了相关治疗方法，确保内容的先进性与临床指导价值。
4.  **教育与参考价值**：作为住院医师规范化培训的重要教材，本书不仅有助于提高医师识别异常体征的能力，还通过鉴别诊断帮助医师减少误诊，是眼科临床实践中不可或缺的参考工具。

总体而言，本书通过严谨的学术态度和丰富的临床资料，为中国眼科医师提供了一套易于推广、临床指导意义显著的专业知识库，对提升我国角膜病专业的诊疗水平具有积极意义。","# Summary
《Wills临床眼科彩色图谱及精要：角膜病》（第2版）是由美国Wills眼科研究所专家Christopher J. Rapuano编著，陈蔚主译的眼科临床参考书。该书旨在为眼科住院医师、临床医师及相关专业研究生提供关于角膜、眼前节及眼表疾病的权威临床指南。

本书的核心内容与特点包括：

1.  **临床实用性与图文结合**：全书秉持“千言未如一图”的理念，收录了440余幅高质量彩色临床图片，通过精美的图谱与简洁的文字说明，直观展示了各类角膜与眼表疾病的典型体征，强调了观察临床细节对于正确诊断的重要性。
2.  **系统化的疾病诊疗框架**：书中涵盖了多种常见的角膜及结膜疾病，包括睑缘炎、睑板腺囊肿、细菌性与病毒性结膜炎、淋球菌性结膜炎、衣原体结膜炎、棘阿米巴性角膜炎、单纯疱疹病毒性角膜炎，以及外伤引起的前房积血、上皮长入和后弹力层脱离等。每一章节均按照临床特征、诊断检查、鉴别诊断及治疗方案进行系统梳理。
3.  **循证医学与前沿更新**：该书基于循证医学原则，提供了药物治疗（如抗生素、抗病毒药物、糖皮质激素等）及手术干预的实用建议。第2版特别增加了关于角膜后弹力层剥除联合内皮移植术（DSAEK）等新技术的介绍，并更新了相关治疗方法，确保内容的先进性与临床指导价值。
4.  **教育与参考价值**：作为住院医师规范化培训的重要教材，本书不仅有助于提高医师识别异常体征的能力，还通过鉴别诊断帮助医师减少误诊，是眼科临床实践中不可或缺的参考工具。

总体而言，本书通过严谨的学术态度和丰富的临床资料，为中国眼科医师提供了一套易于推广、临床指导意义显著的专业知识库，对提升我国角膜病专业的诊疗水平具有积极意义。",本书出版于2014年，是张文华主编、2010年出版的《同仁眼科系列图谱》之一，定位为眼科医师、眼科医学生及相关专业人员的临床图谱和教材补充，依托北京同仁医院多年角膜病与外眼病诊疗、影像资料，强调形态学检查、直观图像与图注。全书涵盖眼睑疾病、结膜感染炎症与变性、角膜先天异常、变性退行性改变、角膜营养不良、感染和炎症、其他角膜病变、药物毒性角结膜炎、角膜接触镜并发症、眼外伤、眼部手术及角膜并发症、全身病眼部表现、表层巩膜炎和前巩膜炎、眼表肿瘤。重点涉及沙眼、翼状胬肉、圆锥角膜、细菌性/真菌性/病毒性及棘阿米巴角膜炎、干眼、暴露性和神经营养性角膜炎、角膜溃疡、角膜新生血管、化学及热烧伤，并介绍角膜移植、移植排斥、PTK、屈光手术、结膜瓣遮盖术等检查诊断、治疗与手术关键词。
157,Wills-角膜结膜病-Christopher J Rapuano 2005,normalized_exact,02-角膜与眼表,f041b2b7-3147-4deb-a2f2-0de5cc53d296,10000,78c386ef-639e-46cf-8f43-e3067044b0ce,Wills-角膜结膜病-Christopher J Rapuano 2005_weknora.mhtml,Wills-角膜结膜病-Christopher J Rapuano 2005_weknora.mhtml,completed,619fc2bf-29dc-40d8-927b-ee946b3e93e9,89e7cd4b-6b23-408a-84cd-0c464be50720,359,1049,8a776cc6920258609818af91b6b071e5cd5efc5b7d8e096190d8a71decf0df11,"美国威尔斯眼科医院

临床眼科图谱和精要

WILLSEYE HOSPITAL

## 角膜结膜病 CORNEA

原著 Christopher J. Rapuano

Wee-Jin Heng

丛书编辑 Christopher J. Rapuano

译者 张朝然

主审 王文吉

上海科学技术出版社

## 美国威尔斯眼科医院 临床眼科图谱和精要

# Color Atlas & Synopsis of Clinical Ophthalmology Wills Eye Hospital

# 角膜结膜病 Cornea

原 著 Christopher J. Rapuano

Wee-Jin Heng

丛书编辑 Christopher J. Rapuano

译 者 张朝然

主审 王文吉

上海科学技术出版社

## 第一章 结膜感染及炎症

睑缘炎、睑板腺炎

慢性睑缘炎和睑板腺炎是极常见的，双侧睑缘的炎症。可引起非特异性的眼部刺激症状，通常在早晨严重。另一方面，也有严重的睑缘炎却无症状的。

## 病因学

* 葡萄球菌感染、酒渣鼻和脂溢性皮炎。

## 症状

* 烧灼感","# Summary
美国威尔斯眼科医院

临床眼科图谱和精要

WILLSEYE HOSPITAL

## 角膜结膜病 CORNEA

原著 Christopher J. Rapuano

Wee-Jin Heng

丛书编辑 Christopher J. Rapuano

译者 张朝然

主审 王文吉

上海科学技术出版社

## 美国威尔斯眼科医院 临床眼科图谱和精要

# Color Atlas & Synopsis of Clinical Ophthalmology Wills Eye Hospital

# 角膜结膜病 Cornea

原 著 Christopher J. Rapuano

Wee-Jin Heng

丛书编辑 Christopher J. Rapuano

译 者 张朝然

主审 王文吉

上海科学技术出版社

## 第一章 结膜感染及炎症

睑缘炎、睑板腺炎

慢性睑缘炎和睑板腺炎是极常见的，双侧睑缘的炎症。可引起非特异性的眼部刺激症状，通常在早晨严重。另一方面，也有严重的睑缘炎却无症状的。

## 病因学

* 葡萄球菌感染、酒渣鼻和脂溢性皮炎。

## 症状

* 烧灼感",本书出版于2005年，是张文华主编、2010年出版的《同仁眼科系列图谱》之一，定位为角膜及外眼疾病图谱，是教科书的补充，适合眼科医师、相关专业人员及医学生参考。全书以临床图片和简洁说明为主，系统介绍眼睑疾病、结膜感染炎症与变性、角膜先天异常、变性退行性改变、角膜营养不良、细菌性/真菌性/病毒性/棘阿米巴角膜炎、干眼及其他角膜病变；并涵盖药物毒性角结膜炎、角膜接触镜并发症、眼球挫伤、穿通伤、异物伤、化学及热烧伤。后半部分重点介绍穿透性和板层角膜移植、移植排斥、PTK、屈光手术、结膜瓣遮盖术及相关并发症，还涉及全身病眼部表现、巩膜炎和眼表肿瘤。内容涉及裂隙灯、蠕螨镜检、细菌培养与药敏、组织病理学、超声生物显微镜等检查，以及抗感染、抗炎、人工泪液、热敷按摩、激素、手术切除、角膜移植、羊膜移植和准分子激光等治疗技术。
158,Wills-青光眼-Douglas J Rhee 2018,normalized_exact,05-青光眼,8bf942e4-80dc-4a8a-87cf-486f897fe2bd,10000,7bd8ff47-8731-4337-a4c2-1405fc5fe6ef,Wills-青光眼-Douglas J Rhee 2018_weknora.mhtml,Wills-青光眼-Douglas J Rhee 2018_weknora.mhtml,completed,5a5de009-3d8f-4588-af06-afb870432d0d,a9815eea-22ff-4fc0-83d3-ec0fe88e548d,279,795,0808eda16fcfa481ea7958725f00487d878048d3dd30a5dd7440e703b86d30c9,"本书为《Wills临床眼科彩色图谱及精要：青光眼》（第2版）的中文译本，由道格拉斯·J.里（Douglas J. Rhee）主编，梁亮主译。该书基于循证医学原则，系统阐述了青光眼的临床诊断与治疗，重点涵盖了葡萄膜炎性青光眼及青光眼手术并发症的处理。

核心内容包括：

1. **葡萄膜炎性青光眼的诊断与评估**：强调了全面的眼科检查，包括裂隙灯检查以确定炎症分类（前、中、后或全葡萄膜炎）及活动度，以及前房角镜检查以区分开角型与闭角型青光眼。诊断必须结合视神经损伤及视野缺损的客观证据，并可借助激光闪辉光度测定、B超及超声生物显微镜等辅助手段进行随访。

2. **葡萄膜炎性青光眼的治疗策略**：首要目标是控制眼内炎症并预防结构性改变（如粘连）。治疗方案包括使用皮质类固醇（局部、眼周或全身用药）及散瞳剂/睫状肌麻痹剂。在炎症受控后，针对高眼压的药物治疗主要依赖房水抑制剂，通常应避免使用可能加重炎症的缩瞳剂和前列腺素类药物。

3. **青光眼手术并发症的管理**：书中详细讨论了滤过手术后的常见问题，如滤过泡包裹化、周边滤过泡引起的不适，以及青光眼引流装置的导管侵蚀。针对包裹化，提出了药物治疗、针头穿刺及经角膜巩膜瓣修补术等方案；针对引流导管侵蚀，强调了通过植片移植物（如巩膜、角膜、羊膜或心包膜）覆盖导管以预防感染，并对已发生的侵蚀采取外科修复措施。

该书通过丰富的临床图片与精要的文字说明，为眼科医生提供了规范化的临床诊疗指导，旨在提升青光眼患者的治疗效果与生活质量。","# Summary
本书为《Wills临床眼科彩色图谱及精要：青光眼》（第2版）的中文译本，由道格拉斯·J.里（Douglas J. Rhee）主编，梁亮主译。该书基于循证医学原则，系统阐述了青光眼的临床诊断与治疗，重点涵盖了葡萄膜炎性青光眼及青光眼手术并发症的处理。

核心内容包括：

1. **葡萄膜炎性青光眼的诊断与评估**：强调了全面的眼科检查，包括裂隙灯检查以确定炎症分类（前、中、后或全葡萄膜炎）及活动度，以及前房角镜检查以区分开角型与闭角型青光眼。诊断必须结合视神经损伤及视野缺损的客观证据，并可借助激光闪辉光度测定、B超及超声生物显微镜等辅助手段进行随访。

2. **葡萄膜炎性青光眼的治疗策略**：首要目标是控制眼内炎症并预防结构性改变（如粘连）。治疗方案包括使用皮质类固醇（局部、眼周或全身用药）及散瞳剂/睫状肌麻痹剂。在炎症受控后，针对高眼压的药物治疗主要依赖房水抑制剂，通常应避免使用可能加重炎症的缩瞳剂和前列腺素类药物。

3. **青光眼手术并发症的管理**：书中详细讨论了滤过手术后的常见问题，如滤过泡包裹化、周边滤过泡引起的不适，以及青光眼引流装置的导管侵蚀。针对包裹化，提出了药物治疗、针头穿刺及经角膜巩膜瓣修补术等方案；针对引流导管侵蚀，强调了通过植片移植物（如巩膜、角膜、羊膜或心包膜）覆盖导管以预防感染，并对已发生的侵蚀采取外科修复措施。

该书通过丰富的临床图片与精要的文字说明，为眼科医生提供了规范化的临床诊疗指导，旨在提升青光眼患者的治疗效果与生活质量。",本书出版于2018年，是2009年出版的青光眼眼外科专著，系统介绍非穿透青光眼手术，适用于青光眼专科医师、眼科医生及研究生。全书20章，涵盖该术式的历史现状、手术原理与降眼压机制、基础实验、适应证和禁忌证、手术方法及临床疗效评价；重点讲解深层巩膜切除术、胶原及透明质酸凝胶植入、黏弹物质小管切开术、植入材料、并发症与术后处理，并讨论其在先天性青光眼、房角部分开放的闭角型青光眼及开角型青光眼中的应用。书中还涉及Nd∶YAG激光房角穿孔术、UBM与OCT检查、打磨法小梁成形术、联合晶状体超声乳化术、系统评价，以及非穿透手术能否替代小梁切除术等争议与临床体会。
159,三维角膜地形图的临床应用-陈跃国 2017,normalized_exact,20-检查：角膜地形图、前节分析与共聚焦,4fdc823c-4867-4304-be99-71a539390709,10000,8d293fb9-6fd2-4685-a889-cf33742a7b20,三维角膜地形图的临床应用-陈跃国 2017_weknora.mhtml,三维角膜地形图的临床应用-陈跃国 2017_weknora.mhtml,completed,1df19db1-4248-4e7c-a51c-490e7adc347a,a463925c-80c5-4504-83b6-b6abfbf57a32,389,1103,e4da9d054f1a29d3ef444ab7d992fa4c71131ae908e76fe3d81515f5da6d380e,"# Clinical Applications of Combined Corneal Topography and Tomography

# 三维角膜地形图的临床应用

主编 陈跃国 副主编 黄锦海 王铮

# Clinical Applications of Combined Corneal Topography and Tomography 三维角膜地形图的临床应用

## 内容提要

当前的三维角膜地形图测量系统通常结合Placido盘镜面反射测量与Scheimpflug成像技术，取长补短，以精确反映角膜前、后表面形态与三维眼前段结构。结合基于数据库与特定统计学方法的自动分析软件，三维角膜地形图测量系统可提高早期圆锥角膜诊断的敏感度与特异度，也是角膜屈光手术后疗效观察、分析和随访的重要工具。此外，还可应用于有晶状体眼人工晶状体的选择、人工晶状体度数计算、硬性角膜接触镜的适配、闭角型青光眼的辅助诊断、干眼及其他眼表疾病的诊断等，成为眼科临床医师日常诊疗工作中不可或缺的工具。

本书从发展历史、基本理论、操作方法、阅图流程、临床应用、案例分析等方面，对三维角膜地形图进行了全面详细","# Summary
# Clinical Applications of Combined Corneal Topography and Tomography

# 三维角膜地形图的临床应用

主编 陈跃国 副主编 黄锦海 王铮

# Clinical Applications of Combined Corneal Topography and Tomography 三维角膜地形图的临床应用

## 内容提要

当前的三维角膜地形图测量系统通常结合Placido盘镜面反射测量与Scheimpflug成像技术，取长补短，以精确反映角膜前、后表面形态与三维眼前段结构。结合基于数据库与特定统计学方法的自动分析软件，三维角膜地形图测量系统可提高早期圆锥角膜诊断的敏感度与特异度，也是角膜屈光手术后疗效观察、分析和随访的重要工具。此外，还可应用于有晶状体眼人工晶状体的选择、人工晶状体度数计算、硬性角膜接触镜的适配、闭角型青光眼的辅助诊断、干眼及其他眼表疾病的诊断等，成为眼科临床医师日常诊疗工作中不可或缺的工具。

本书从发展历史、基本理论、操作方法、阅图流程、临床应用、案例分析等方面，对三维角膜地形图进行了全面详细",本书出版于2017年，是刘祖国、林跃生主编、陈家祺主审，2001年出版的角膜地形图学术参考书和工具书，主要面向眼科医务工作者及从事角膜病、屈光手术和相关检查研究的人员。全书系统介绍角膜地形图的发展历史、角膜解剖生理、几何光学与角膜屈光测量原理、Placido盘、角膜曲率计、计算机辅助角膜镜摄影及检测操作，阐述正常角膜地形、角膜分区、曲率和形态变化及阅图方法。重点讨论角膜上皮、基质、角膜缘病变，圆锥角膜、角膜后圆锥、干眼症、泪膜异常、角膜营养不良、角膜炎、角膜溃疡、外伤等疾病的地形图表现，并涉及角膜移植、放射状角膜切开、表面角膜镜片术、白内障与人工晶体植入、抗青光眼、视网膜脱离及玻璃体、斜视和屈光性角膜手术前后的检查、设计、疗效评估与并发变化。书中还介绍角膜散光及其矫正、软性和硬性透气性接触镜、角膜矫形镜验配，以及PAR、Orbscan等非Placido盘反射影像系统。
160,中华眼科学 第3版 上册-李凤鸣 2014,normalized_exact,01-眼科综合：基础与全身病,09c593aa-1a64-48de-af81-fc4d30d551b4,10000,9c5a7060-2db7-4f62-be12-e45ed8de1a42,中华眼科学 第3版 上册-李凤鸣 2014_weknora.mhtml,中华眼科学 第3版 上册-李凤鸣 2014_weknora.mhtml,completed,e6906109-2196-499e-9d83-528854f65461,8e8dde70-29b7-4378-9417-a2034544a391,381,1111,a12afa5e129e6ba9ee9d9fe95f1af041c93261d5b459d08aa9a0e335e4b71963,"《中华眼科学》第3版（上、中、下册）是由李凤鸣、谢立信主编，人民卫生出版社于2014年出版的大型眼科学术专著，属“十二五”国家重点图书出版规划项目。该书前身为1996年首版的《眼科全书》。第一卷前言回顾了20世纪60年代毕华德教授曾组织编写《眼科全书》并出版第一卷的历史，1996年版即是对这一传统的继承与发展；第二版前言说明2004年修订时内容更新约35%～40%，文字由560万字扩至600余万字，作者由130余位增至190余位，并更名为《中华眼科学》；第3版前言指出，本次修订内容约占原书30%，重点补充新理论、新技术，文字扩展至700余万字，编委会由41位增补至55位，作者增至257位，旨在使该书成为眼科医师的“百科全书”，同时保持了注重基础理论与临床实践联系、突出临床指导性的风格。

节选正文包含两大部分内容。第一部分为第一卷“眼科学基础”第一章“国际眼科学发展史”，系统梳理了古代巴比伦、埃及、印度以及古希腊、罗马的眼科成就，继而介绍阿拉伯眼科学、欧洲中世纪与文艺复兴后的眼科学发展，直至19世纪眼科学独立成为专门学科的过程，涉及白内障手术、眼解剖发现、光学理论及眼科机构与刊物的创立等关键进展。第二部分为眼科药物学内容，分类介绍了镇静催眠药（如氯氮草、三唑仑、水合氯醛等）与镇痛药（如芬太尼、喷他佐辛、布桂嗪等）的主要作用、临床应用及不良反应。此外，文档还包含眼眶水平与冠状断层解剖、正常视网膜血管超声显像、眼部肿瘤病理组织像及Crouzon综合征等病例的彩图说明。","# Summary
《中华眼科学》第3版（上、中、下册）是由李凤鸣、谢立信主编，人民卫生出版社于2014年出版的大型眼科学术专著，属“十二五”国家重点图书出版规划项目。该书前身为1996年首版的《眼科全书》。第一卷前言回顾了20世纪60年代毕华德教授曾组织编写《眼科全书》并出版第一卷的历史，1996年版即是对这一传统的继承与发展；第二版前言说明2004年修订时内容更新约35%～40%，文字由560万字扩至600余万字，作者由130余位增至190余位，并更名为《中华眼科学》；第3版前言指出，本次修订内容约占原书30%，重点补充新理论、新技术，文字扩展至700余万字，编委会由41位增补至55位，作者增至257位，旨在使该书成为眼科医师的“百科全书”，同时保持了注重基础理论与临床实践联系、突出临床指导性的风格。

节选正文包含两大部分内容。第一部分为第一卷“眼科学基础”第一章“国际眼科学发展史”，系统梳理了古代巴比伦、埃及、印度以及古希腊、罗马的眼科成就，继而介绍阿拉伯眼科学、欧洲中世纪与文艺复兴后的眼科学发展，直至19世纪眼科学独立成为专门学科的过程，涉及白内障手术、眼解剖发现、光学理论及眼科机构与刊物的创立等关键进展。第二部分为眼科药物学内容，分类介绍了镇静催眠药（如氯氮草、三唑仑、水合氯醛等）与镇痛药（如芬太尼、喷他佐辛、布桂嗪等）的主要作用、临床应用及不良反应。此外，文档还包含眼眶水平与冠状断层解剖、正常视网膜血管超声显像、眼部肿瘤病理组织像及Crouzon综合征等病例的彩图说明。",本书出版于2014年，是瞿佳、陈浩主编，2017年出版的眼视光学专业本科国家级规划教材，适用于眼视光学本科生，也可供研究生、眼科住院医师及配镜、制镜人员参考。全书以眼镜、眼睛与视觉的整体关系为主线，先讲眼镜发展、光学原理、眼球生物与光学特性，以及近视、远视、散光、老视等屈光不正的矫正；继而系统介绍球面透镜、柱面及球柱面透镜、环曲面透镜、曲率与厚度、有效和等效屈光力、焦度计测量、棱镜及Prentice规则。应用部分涵盖无晶状体眼、高度屈光不正、屈光参差、物像不等、低视力助视器、人工晶状体和接触镜中的眼镜学原理；重点讨论双光镜、三光镜、渐变多焦点镜的设计、验配与问题处理，以及镜片像差、非球面和高屈光力设计。后半部涉及玻璃与树脂材料、镀膜、染色、光致变色、偏振和安全防护，眼镜架选择与整形，手工及自动配装、开槽打孔、质量检测、保养，以及眼镜品牌和验配服务营销。
161,中华眼科学 第3版 下册-李凤鸣 2014,normalized_exact,01-眼科综合：基础与全身病,09c593aa-1a64-48de-af81-fc4d30d551b4,10000,54d1cb2f-a262-4cb7-a0ca-65b03aeec831,中华眼科学 第3版 下册-李凤鸣 2014_weknora.mhtml,中华眼科学 第3版 下册-李凤鸣 2014_weknora.mhtml,completed,36a1db2a-fbf0-4b04-937a-a4c667167b07,c7bad411-5d7b-4788-b292-d6137eb30ddb,354,1046,555ea5fe8240ea3d51d667ae8f5e0089106daf822cb9d256d1cfaf05041e5832,"该文档为《中华眼科学》（第3版，李凤鸣、谢立信主编，人民卫生出版社2014年出版）的部分内容摘录，属""十二五""国家重点图书出版规划项目。文档主要包括以下核心内容：

**一、第八卷""眼屈光学""基础理论**。该卷系统阐述光的本质与传播：回顾了从牛顿微粒说、惠更斯波动说到麦克斯韦电磁理论的发展历程，指出光具有波粒二象性；可见光波长范围为380～780nm，并列出红、橙、黄、绿、青、蓝、紫各色对应的波长区间。在光传播部分，介绍了波阵面、光束（发散、平行、会聚）的概念，光速约为3×10⁸m/s，以及光遇到物体时的透射、反射和吸收现象。在波动特性部分，详述了干涉（含杨氏双缝实验、薄膜干涉原理及产生干涉的三个必要条件）、衍射（含夫琅禾费衍射、艾里斑概念、光学系统分辨力与瑞利判据）和偏振（含线偏振光、布儒斯特角、二向色性、双折射晶体及起偏器/检偏器的应用），并给出眼球屈光系统衍射图的相关计算实例。

**二、Leber遗传性视神经病变（LHON）**。内容涉及该病的治疗进展，包括美国FDA批准的药物EPI-743（以NADPH醌氧化还原酶1为靶向）尚处临床验证阶段；基因治疗目前仍停留在细胞及动物模型实验阶段。文档还讨论了饮食控制、避免感染和精神刺激、慎用影响线粒体功能的药物等预防措施，以及有氧锻炼的作用。在遗传咨询方面，明确指出男性患者后代一般不发病，女性患者子女均可能发病（其子约50%发病，其女约20%发病，不发病的女儿多为携带者）。

**三、常染色体显性视神经萎缩（ADOA，即Kjer型视神经萎缩）**。介绍了其发病率（1:10 000～1:50 000）、外显率（40%～90%）、相关候选基因位点（以OPA1为主），临床多呈慢性隐匿性，多在10岁前发病，表现为视力中重度减退、视乳头颞侧萎缩、中心暗点及蓝黄色盲等。发病机制研究聚焦于OPA1突变通过线粒体功能障碍影响视网膜神经节细胞。

**四、书中插图说明及部分索引条目**。包括角膜地形图各类显示模式（轴向曲率图、即时曲率图、高度图、Holladay诊断综述等）的含义，视盘多种先天异常（牵牛花综合征、视盘缺损、玻璃膜疣、有髓神经纤维等）的眼底表现，以及高血压视网膜病变、视网膜动静脉阻塞等血管性疾病的影像特征；索引部分列有Amsler方格表、Argyll Robertson瞳孔等条目。","# Summary
该文档为《中华眼科学》（第3版，李凤鸣、谢立信主编，人民卫生出版社2014年出版）的部分内容摘录，属""十二五""国家重点图书出版规划项目。文档主要包括以下核心内容：

**一、第八卷""眼屈光学""基础理论**。该卷系统阐述光的本质与传播：回顾了从牛顿微粒说、惠更斯波动说到麦克斯韦电磁理论的发展历程，指出光具有波粒二象性；可见光波长范围为380～780nm，并列出红、橙、黄、绿、青、蓝、紫各色对应的波长区间。在光传播部分，介绍了波阵面、光束（发散、平行、会聚）的概念，光速约为3×10⁸m/s，以及光遇到物体时的透射、反射和吸收现象。在波动特性部分，详述了干涉（含杨氏双缝实验、薄膜干涉原理及产生干涉的三个必要条件）、衍射（含夫琅禾费衍射、艾里斑概念、光学系统分辨力与瑞利判据）和偏振（含线偏振光、布儒斯特角、二向色性、双折射晶体及起偏器/检偏器的应用），并给出眼球屈光系统衍射图的相关计算实例。

**二、Leber遗传性视神经病变（LHON）**。内容涉及该病的治疗进展，包括美国FDA批准的药物EPI-743（以NADPH醌氧化还原酶1为靶向）尚处临床验证阶段；基因治疗目前仍停留在细胞及动物模型实验阶段。文档还讨论了饮食控制、避免感染和精神刺激、慎用影响线粒体功能的药物等预防措施，以及有氧锻炼的作用。在遗传咨询方面，明确指出男性患者后代一般不发病，女性患者子女均可能发病（其子约50%发病，其女约20%发病，不发病的女儿多为携带者）。

**三、常染色体显性视神经萎缩（ADOA，即Kjer型视神经萎缩）**。介绍了其发病率（1:10 000～1:50 000）、外显率（40%～90%）、相关候选基因位点（以OPA1为主），临床多呈慢性隐匿性，多在10岁前发病，表现为视力中重度减退、视乳头颞侧萎缩、中心暗点及蓝黄色盲等。发病机制研究聚焦于OPA1突变通过线粒体功能障碍影响视网膜神经节细胞。

**四、书中插图说明及部分索引条目**。包括角膜地形图各类显示模式（轴向曲率图、即时曲率图、高度图、Holladay诊断综述等）的含义，视盘多种先天异常（牵牛花综合征、视盘缺损、玻璃膜疣、有髓神经纤维等）的眼底表现，以及高血压视网膜病变、视网膜动静脉阻塞等血管性疾病的影像特征；索引部分列有Amsler方格表、Argyll Robertson瞳孔等条目。",本书出版于2014年，由瞿佳、陈浩主编，2017年出版，是供眼视光学专业本科生使用的国家级规划教材，也可供研究生、眼科住院医师及验配、制镜人员参考。全书涵盖眼镜历史、眼镜学定位与光学基本原理，眼球生物与光学特性，以及近视、远视、散光、老视、屈光参差、无晶状体眼等屈光问题的矫正。系统介绍球面、柱面、球柱面、环曲面透镜，交叉柱镜，透镜成像、像散、像差、棱镜效应，曲率、矢高、厚度、有效及等效屈光力，并涉及中和法、焦度计等测量检查技术。应用部分讲解高度屈光不正、斜视弱视、低视力助视器、接触镜及人工晶状体的光学应用，多焦点镜、渐变镜设计与验配，非球面镜片、材料、镀膜、染色、光致变色、偏振和紫外线及抗冲击防护。后半部涵盖眼镜架分类、测量、选择、整形校配，眼镜配装、磨边、开槽、打孔、质量检测、保养，以及品牌营销。
162,中华眼科学 第3版 中册-李凤鸣 2014,normalized_exact,01-眼科综合：基础与全身病,09c593aa-1a64-48de-af81-fc4d30d551b4,10000,934ce49c-6f77-43af-886e-6770570f4497,中华眼科学 第3版 中册-李凤鸣 2014_weknora.mhtml,中华眼科学 第3版 中册-李凤鸣 2014_weknora.mhtml,completed,,,360,984,8addcd66662912146def067ad693c2a211b7f44da056b3969a60eb36dd97b19b,,,本书出版于2014年。Roger F. Steinert主编的白内障手术综合教材，适用于眼科医师、白内障专科医师及手术学习者。全书涵盖白内障病理、手术解剖、生物化学、发病机制与分类，术前视功能评估、眩光和对比敏感度检查、裂隙灯及Scheimpflug成像、LOCS分级、人工晶状体度数计算，以及黏弹剂、超声乳化仪原理和局部麻醉。重点讲解囊外摘除、小切口手术和超声乳化，包括切口构筑、撕囊、水分离、劈核、双手/同轴、双轴及扭动模式技术；并讨论小瞳孔、青光眼、角膜移植、葡萄膜炎、儿童、外伤、高度近视、真性小眼球等复杂病例。人工晶状体部分涉及材料、折叠型及非球面设计、老视矫正、Toric晶状体、二期植入固定和病理学；末部系统介绍术中及术后并发症、Nd:YAG激光、眼内炎、角膜水肿、青光眼、黄斑囊样水肿、视网膜脱离等处理。
163,中山眼科急症临床病例解-2025,normalized_exact,13-眼外伤与急症,06e9888f-5d59-49c9-9218-d078b456f01b,10000,9291bd82-f86c-4972-b077-b74fa88ede46,中山眼科急症临床病例解-2025_weknora.mhtml,中山眼科急症临床病例解-2025_weknora.mhtml,completed,d1327017-24d9-4be7-8e24-cb87260ce4b9,825d420a-dc66-478b-a598-3c815cbad6a5,320,916,1ce372188cd03e6ed45fdcdc2c29a1f761a184cb1e8ad10b699c8a98310fcb0e,"中山眼科疑难眼病系列

中山眼科急症

临床病例解析

2025版

总主编 | 林浩添

主编 | 李涛 娄秉盛

Clinical Case Analysis of Ocular Emergencies in Zhongshan Ophthalmic
Center

2025 Edition

# 中山眼科急症 临床病例解析 2025版

主 编 李 涛 娄秉盛

副主编 郑永欣 钟刘学颖 梁凌毅

编委（按姓氏音序排序）

陈晓卿丁小虎段芳高凯何丽文黄国富

黄晶晶 李 涛 梁凌毅 梁轩伟 刘曼丽 娄秉盛

卢蓉欧阳晨唐明君杨瑶姚抒予叶慧菁

余新平 袁钊辉 郑永欣 钟刘学颖

人民卫生出版社

·北京·

版权所有，侵权必究！

图书在版编目（CIP）数据

中山眼科急症临床病例解析：2025版/李涛，娄秉盛主编. –
北京：人民卫生出版社，2026. 1. –（中山眼科疑难眼病系列）. – ISBN
978-7-117-39355-3

I. R770.597

中国国家版本馆 CIP 数据核字第 2026XG7822 号

|  |  |  |
| --- | --- | ","# Summary
中山眼科疑难眼病系列

中山眼科急症

临床病例解析

2025版

总主编 | 林浩添

主编 | 李涛 娄秉盛

Clinical Case Analysis of Ocular Emergencies in Zhongshan Ophthalmic
Center

2025 Edition

# 中山眼科急症 临床病例解析 2025版

主 编 李 涛 娄秉盛

副主编 郑永欣 钟刘学颖 梁凌毅

编委（按姓氏音序排序）

陈晓卿丁小虎段芳高凯何丽文黄国富

黄晶晶 李 涛 梁凌毅 梁轩伟 刘曼丽 娄秉盛

卢蓉欧阳晨唐明君杨瑶姚抒予叶慧菁

余新平 袁钊辉 郑永欣 钟刘学颖

人民卫生出版社

·北京·

版权所有，侵权必究！

图书在版编目（CIP）数据

中山眼科急症临床病例解析：2025版/李涛，娄秉盛主编. –
北京：人民卫生出版社，2026. 1. –（中山眼科疑难眼病系列）. – ISBN
978-7-117-39355-3

I. R770.597

中国国家版本馆 CIP 数据核字第 2026XG7822 号

|  |  |  |
| --- | --- | ",本书出版于2025年。本书出版于2016年，系统总结结膜松弛症及相关眼表疾病研究，定位于眼科及相关专业医护人员学习、临床诊疗与科研参考。全书涵盖结膜、泪液、泪道和眼睑的解剖生理及疾病进展，结膜松弛症流行病学、发病机制、基质金属蛋白酶、炎性因子、氧化应激与免疫反应研究，临床表现、诊断、鉴别诊断及分级标准。重点介绍泪液功能检查、泪膜破裂时间、结膜印迹细胞学、结膜活体检查、OCT及99mTc-SPECT动态显像等检查与影像技术，并论述药物治疗、中医药治疗及护理。手术部分涉及结膜新月形切除、双极电凝、结膜缝线固定、下睑缘高张力减弱、半月皱襞切除、羊膜移植、角膜缘结膜梯形切除、定量定位切除及纤维蛋白胶应用，附上海市诊断治疗规范及相关文献目录。
164,临床前房角图谱-黄秀贞 2010,normalized_exact,21-检查：房角镜,757c926c-3b49-4a5f-9d09-fef6ea738e97,10000,83d06469-edaf-40d3-bdd4-7be064919274,临床前房角图谱-黄秀贞 2010_weknora.mhtml,临床前房角图谱-黄秀贞 2010_weknora.mhtml,completed,990eea63-7866-4436-9c7a-df081c8d6206,d87db947-8334-437a-856d-5abd4a361767,372,1008,dd4a4f6fb2ed4b44fb96d756bfa58f8ddb38bc81d6629a61f2454e1da5c2468c,"《临床前房角图谱》是由黄秀贞主编、人民卫生出版社2010年出版的眼科学专著，系作者继1992年《前房角图谱》之后的再版之作，汇集了其四十余年眼科工作中积累的300余幅前房角图片，并附有作者多年的临床经验与独到见解。

全书首先阐述前房角检查的意义。前房角虽仅约1毫米宽，但构造精密，对维持正常眼压、保持眼球功能至关重要，该部位发育异常或病变常致失明，故房角检查是眼科医生的常规检查。青光眼的开角、闭角分型依赖房角检查；先天性青光眼多因房水排泄系统发育不良，盲目行房角切开术反而会造成更坚固的组织粘连，应先查房角再定术式。眼球挫伤后常出现房角后退、虹膜根部离断、睫状体剥离等改变，初期眼压低继而升高，只有通过房角检查才能补充临床遗漏的诊断。书中还提到，使用瓶型房角镜（黄树春1974年首先发现）可清晰看到铁锈症的角膜黄色反射，为眼内铁质异物提供诊断依据。

在检查方法方面，介绍坐式（Goldmann型等棱镜）与卧式（Koeppe型、Troncoso型）两类房角镜，并指出传统房角镜存在价格昂贵、操作复杂、需助手配合、镜像倒像、患者痛苦等局限，而改进的瓶型前房角镜具有方便、价廉、无痛、结果一目了然等优点，便于推广应用。

书中案例涵盖多种房角病变，如铁屑崩伤、木刺伤、麦芒刺伤所致房角异物及穿通伤，以及一例锥子刺伤后发生交感性眼炎的患者，详细记录了其房角镜下角膜粘连、色素沉着、Schlemm管充血等表现及治疗前后视力恢复情况。

附录2为1964年257人（500眼）的房角普查资料，结果显示我国正常人眼绝大多数为宽角或中等角，窄角极少；Schwalbe线下方有色素沉积者占99.2%；滤帘透明度随年龄增大而降低；Schlemm管充血占35%；梳状韧带出现率46.2%。作者还提出诸多见解，如先天性青光眼手术减压越早越好、肝豆状核变性患者的K-F环并非从房水中沉积等。","# Summary
《临床前房角图谱》是由黄秀贞主编、人民卫生出版社2010年出版的眼科学专著，系作者继1992年《前房角图谱》之后的再版之作，汇集了其四十余年眼科工作中积累的300余幅前房角图片，并附有作者多年的临床经验与独到见解。

全书首先阐述前房角检查的意义。前房角虽仅约1毫米宽，但构造精密，对维持正常眼压、保持眼球功能至关重要，该部位发育异常或病变常致失明，故房角检查是眼科医生的常规检查。青光眼的开角、闭角分型依赖房角检查；先天性青光眼多因房水排泄系统发育不良，盲目行房角切开术反而会造成更坚固的组织粘连，应先查房角再定术式。眼球挫伤后常出现房角后退、虹膜根部离断、睫状体剥离等改变，初期眼压低继而升高，只有通过房角检查才能补充临床遗漏的诊断。书中还提到，使用瓶型房角镜（黄树春1974年首先发现）可清晰看到铁锈症的角膜黄色反射，为眼内铁质异物提供诊断依据。

在检查方法方面，介绍坐式（Goldmann型等棱镜）与卧式（Koeppe型、Troncoso型）两类房角镜，并指出传统房角镜存在价格昂贵、操作复杂、需助手配合、镜像倒像、患者痛苦等局限，而改进的瓶型前房角镜具有方便、价廉、无痛、结果一目了然等优点，便于推广应用。

书中案例涵盖多种房角病变，如铁屑崩伤、木刺伤、麦芒刺伤所致房角异物及穿通伤，以及一例锥子刺伤后发生交感性眼炎的患者，详细记录了其房角镜下角膜粘连、色素沉着、Schlemm管充血等表现及治疗前后视力恢复情况。

附录2为1964年257人（500眼）的房角普查资料，结果显示我国正常人眼绝大多数为宽角或中等角，窄角极少；Schwalbe线下方有色素沉积者占99.2%；滤帘透明度随年龄增大而降低；Schlemm管充血占35%；梳状韧带出现率46.2%。作者还提出诸多见解，如先天性青光眼手术减压越早越好、肝豆状核变性患者的K-F环并非从房水中沉积等。",本书出版于2010年。本书出版于2006年，定位为面向眼科临床医生、视觉电生理及相关检查人员的ROLAND视觉电生理仪操作与临床应用图谱。全书介绍仪器结构、性能、Ganzfeld刺激器、放大器、参数设置、记录、波形分析、报告打印及数据库管理；系统讲解全视野ERG、多焦ERG、VEP和EOG的原理、ISCEV标准、测试流程、生理起源、正常值、异常图形及联合定位。临床涉及视网膜色素变性、结晶样视网膜变性、先天性视网膜劈裂、静止性夜盲、视网膜血管病变、糖尿病视网膜病变、高度近视、视网膜脱离、黄斑裂孔、老年黄斑变性、脉络膜新生血管、黄斑前膜、囊样水肿、中浆、Stargardt病、青光眼、视神经病变、弱视、白内障及卵黄样黄斑病变等。配合眼底彩照、FFA、OCT及电生理图谱，涉及激光光凝、药物治疗、白内障超声乳化联合人工晶状体植入、巩膜扣带术等。
165,临床病例会诊与点评 眼科分册-赵家良 2011,normalized_exact,01-眼科综合：基础与全身病,09c593aa-1a64-48de-af81-fc4d30d551b4,10000,cb41308d-bed9-4aaf-b25c-0608ba23f69e,临床病例会诊与点评 眼科分册-赵家良 2011_weknora.mhtml,临床病例会诊与点评 眼科分册-赵家良 2011_weknora.mhtml,completed,f1056fc1-b4b0-41d0-937e-6b969470c5dc,dd9a32fb-8807-47b6-8f81-39612bd66ff4,389,1116,312e878b093c8f47970c6e2a0dd6ecb5f5047e0af0986ee8c994c4f3c1de65f4,"《临床病例会诊与点评——眼科分册》是由赵家良主编、人民军医出版社2011年出版的""中华医学系列图书""之一。该书汇集典型、疑难及个案病例，结合临床经验与国内外进展进行分析点评，旨在培养眼科医师临床思维，适合眼科医师、研究生及科研人员阅读。

书中眼睑疾病部分包含多个病例。病例1为小睑裂综合征，5岁半男患儿表现为睑裂狭小、倒向性内眦赘皮、内眦间距增宽及完全性上睑下垂，具有阳性家族史，经内眦Spaeth双""Z""成形、外眦延长及额肌悬吊等同期手术改善外观，术后辅以弱视训练。专家点评指出该病为常染色体显性遗传的Komoto四联征，宜在学龄前手术以利于弱视治疗，同时提示手术仅能有限改善外观，需重视心理支持。病例2为先天性上睑下垂，4岁女患儿右眼重度下垂伴弱视，提上睑肌肌力仅2mm，行额肌腱膜瓣悬吊术后效果良好。点评重点讨论了手术时机（重度单侧下垂宜3岁左右手术以防弱视及脊柱后弯）及术式选择原则。病例3为睑板腺癌，58岁男性上睑肿物迅速增大伴耳前淋巴结肿大，病理确诊后行肿瘤扩大切除及眼睑成形术。

肿瘤部分收录两例睫状体髓上皮瘤：一例7岁男童以眼前房游离白色囊肿及新生血管青光眼为首发表现，另一例9岁女童表现为反复红痛、新生血管青光眼，两例均经病理确诊为恶性后行眼球摘除术。点评强调儿童期新生血管青光眼需警惕睫状体髓上皮瘤，并讨论了VEGF在虹膜红变发生中的作用。

感染性疾病部分报道两例AIDS并发巨细胞病毒（CMV）性视网膜炎，患者均有输血或卖血史，早期被误诊为视网膜血管炎或白塞病并误用糖皮质激素，后经HIV抗体检测确诊。专家点评指出，CMV性视网膜炎是AIDS最常见严重的眼部并发症，对原因不明的眼底病变应行HIV抗体检测，确诊后应停用激素，采用HAART及更昔洛韦玻璃体注射治疗，并强调提高眼科医师对HIV/AIDS眼部并发症认识的重要性。","# Summary
《临床病例会诊与点评——眼科分册》是由赵家良主编、人民军医出版社2011年出版的""中华医学系列图书""之一。该书汇集典型、疑难及个案病例，结合临床经验与国内外进展进行分析点评，旨在培养眼科医师临床思维，适合眼科医师、研究生及科研人员阅读。

书中眼睑疾病部分包含多个病例。病例1为小睑裂综合征，5岁半男患儿表现为睑裂狭小、倒向性内眦赘皮、内眦间距增宽及完全性上睑下垂，具有阳性家族史，经内眦Spaeth双""Z""成形、外眦延长及额肌悬吊等同期手术改善外观，术后辅以弱视训练。专家点评指出该病为常染色体显性遗传的Komoto四联征，宜在学龄前手术以利于弱视治疗，同时提示手术仅能有限改善外观，需重视心理支持。病例2为先天性上睑下垂，4岁女患儿右眼重度下垂伴弱视，提上睑肌肌力仅2mm，行额肌腱膜瓣悬吊术后效果良好。点评重点讨论了手术时机（重度单侧下垂宜3岁左右手术以防弱视及脊柱后弯）及术式选择原则。病例3为睑板腺癌，58岁男性上睑肿物迅速增大伴耳前淋巴结肿大，病理确诊后行肿瘤扩大切除及眼睑成形术。

肿瘤部分收录两例睫状体髓上皮瘤：一例7岁男童以眼前房游离白色囊肿及新生血管青光眼为首发表现，另一例9岁女童表现为反复红痛、新生血管青光眼，两例均经病理确诊为恶性后行眼球摘除术。点评强调儿童期新生血管青光眼需警惕睫状体髓上皮瘤，并讨论了VEGF在虹膜红变发生中的作用。

感染性疾病部分报道两例AIDS并发巨细胞病毒（CMV）性视网膜炎，患者均有输血或卖血史，早期被误诊为视网膜血管炎或白塞病并误用糖皮质激素，后经HIV抗体检测确诊。专家点评指出，CMV性视网膜炎是AIDS最常见严重的眼部并发症，对原因不明的眼底病变应行HIV抗体检测，确诊后应停用激素，采用HAART及更昔洛韦玻璃体注射治疗，并强调提高眼科医师对HIV/AIDS眼部并发症认识的重要性。",本书出版于2011年。杨培增著，2009年出版。本书为系统讲解葡萄膜炎诊断与治疗的眼科专著，适用于眼科医师、研究人员及相关专业医学生。全书分四篇、72章，涵盖葡萄膜解剖生理、概念分类、感染与自身免疫等病因及发病机制；诊断程序、病史采集、视力及眼前节、玻璃体、眼底、眼压检查，以及荧光素眼底血管造影、吲哚青绿血管造影、超声活体显微镜、超声、光学相干断层成像、视野、多焦视网膜电图和实验室检查。治疗部分详述糖皮质激素、免疫抑制剂、非甾体消炎药、睫状肌麻痹剂和扩瞳剂、中医中药及并发症处理，并讨论白内障摘除、人工晶状体植入、角膜移植、玻璃体切除等手术时机与原则。各论覆盖前、中间、后及全葡萄膜炎、视网膜血管炎、Behçet病、Vogt-小柳原田综合征、交感性眼炎、Fuchs综合征、病毒、寄生虫、结核、梅毒、眼内炎及系统性疾病相关葡萄膜炎，结合典型病例阐述诊断、鉴别诊断、治疗和预后。
166,临床眼底病 内科卷-文峰 2015,normalized_exact,06-眼底病与视网膜内科,f900fe21-9deb-47e0-bf36-ce06022cae92,10000,a73a7f8a-4115-4c2c-9af5-e2809f0008de,临床眼底病 内科卷-文峰 2015_weknora.mhtml,临床眼底病 内科卷-文峰 2015_weknora.mhtml,completed,7b2c8c19-8fbc-4ac4-8e20-1bb2cda8c0d3,bc9af198-5765-442b-99ff-ae08748f3575,345,1019,eb361b4e5198cb6c9af031277d35dd0f2e160511aacb19f1420dc6fa518e5f4a,"## 主编 刘文

## 临床眼底病 内科卷

内科卷主编文峰易长贤

内科卷副主编 闫 宏 于 强

名誉主编高汝龙吴启崇胡兆科

## 临床眼底病内科卷

本书是《临床眼底病.外科卷》的姊妹卷，包括了各种以非手术治疗为主的常见眼底疾病论述，分为基础篇和单个疾病的各论。在基础篇，简单介绍了眼底内科疾病相关的解剖、生理、病理、检查方法和治疗方法。在各论篇，全面系统地介绍了各种常见眼底疾病的临床表现、诊断和鉴别诊断、治疗及治疗效果。本书的特点是用了大量先进检查仪器的图片来解说临床表现，包括精选出的2220幅眼底疾病图片和80个典型病例，方便读者理解和处理各种眼底疾病。本书在写作手法上采用了图文并茂，由浅入深的编写方式。很适合于各级眼科医师、大中专医学生、研究生、眼科教学及研究人员阅读和参考。

策划编辑 李海凌 刘红霞

责任编辑 李海凌 刘红霞

封面设计 尹岩

版式设计 单斯

销售分类 眼科

人卫社官网 www.pmph.com 出版物查询，在线购书

人卫医学网 www.ipmph.com
医学考试辅导，医学数据库服务，医学教育资源，大众健康资讯

定价：428.00元

主","# Summary
## 主编 刘文

## 临床眼底病 内科卷

内科卷主编文峰易长贤

内科卷副主编 闫 宏 于 强

名誉主编高汝龙吴启崇胡兆科

## 临床眼底病内科卷

本书是《临床眼底病.外科卷》的姊妹卷，包括了各种以非手术治疗为主的常见眼底疾病论述，分为基础篇和单个疾病的各论。在基础篇，简单介绍了眼底内科疾病相关的解剖、生理、病理、检查方法和治疗方法。在各论篇，全面系统地介绍了各种常见眼底疾病的临床表现、诊断和鉴别诊断、治疗及治疗效果。本书的特点是用了大量先进检查仪器的图片来解说临床表现，包括精选出的2220幅眼底疾病图片和80个典型病例，方便读者理解和处理各种眼底疾病。本书在写作手法上采用了图文并茂，由浅入深的编写方式。很适合于各级眼科医师、大中专医学生、研究生、眼科教学及研究人员阅读和参考。

策划编辑 李海凌 刘红霞

责任编辑 李海凌 刘红霞

封面设计 尹岩

版式设计 单斯

销售分类 眼科

人卫社官网 www.pmph.com 出版物查询，在线购书

人卫医学网 www.ipmph.com
医学考试辅导，医学数据库服务，医学教育资源，大众健康资讯

定价：428.00元

主",本书出版于2015年，由朱志忠编著，2016年出版，定位为眼表亚专业人才培养的理论与实践结合型应用教材，亦可供眼科临床、教学和科研人员参考。全书分应用性基础理论、临床诊疗、治疗和增视性眼表手术三篇，涵盖角膜应用性解剖生理、眼表细胞学检查、眼表用药、泪膜与干眼、眼表理学检查及角膜水肿；系统讨论感染性角膜溃疡、铜绿假单胞菌性角膜溃疡、真菌性角膜炎、红眼、眼表烧伤、蚕蚀性角膜溃疡、圆锥角膜、复发性角膜上皮糜烂、接触镜相关眼病、医源性角膜结膜毒性和眼表肿瘤。内容涉及光学显微镜、荧光显微镜、电子显微镜、共聚焦显微镜及印迹细胞学等检查与影像观察，并介绍后弹力层膨出、角膜穿孔处理，羊膜贴敷、眼库与角膜保存、深板层角膜移植、角膜缘干细胞移植、治疗性及增视性角膜移植、成分性角膜移植和人工角膜等技术。
167,临床眼底病 外科卷-张少冲 2014,normalized_exact,07-玻璃体视网膜外科,a6b50bbd-5223-4776-88b7-ac57a59a3fcf,10000,f8a4ec0e-a3e4-458a-8ac7-a277851f606f,临床眼底病 外科卷-张少冲 2014_weknora.mhtml,临床眼底病 外科卷-张少冲 2014_weknora.mhtml,completed,88188bf9-c552-444b-bfaf-29bb8a3a1e76,25020411-b7f3-44d3-937b-a23a9c0c3286,393,1125,112a5e9bd4a78195c6bd408a22f432da4eb3f2e56f1d5ab004b60dbab8f24649,"《临床眼底病·外科卷》是由刘文主编、人民卫生出版社于2014年出版的眼科学专著，外科卷主编为张少冲、吕林。该书是国内外首次将眼底疾病分为内科卷与外科卷论述的尝试，外科卷着重介绍眼底手术的基本原理、手术步骤与治疗效果，配有1 915张图片和94个典型病例，强调以图像直观展示诊疗过程，帮助读者掌握各类眼底外科疾病的处理技术。

图书内容包括序言、前言、基础篇及各论篇。美国视网膜专家David S. Dyer在序中回顾了视网膜疾病治疗从限制视力丧失向最大程度恢复视力的转变，并高度评价本书为眼底病诊疗的全面资源。正文节选部分首先介绍了周边部视网膜的改变，区分了无临床意义的正常变异（如径向褶、锯齿凹闭合）与发育性异常（如非囊性视网膜突起、悬韧带牵拉突起），以及周边囊样变性、铺路石样变性等周边变性，强调认识这些改变以避免不必要的治疗。随后阐述后极部裂孔性视网膜脱离的病因与发病机制，涉及高度近视、眼外伤、血管性疾病、感染及手术等因素，并描述其症状与体征，强调找到视网膜裂孔是诊断和治疗的关键。书中还附有典型病例诊治过程及抗病毒药物用量附录。

编后记详细记录了本书五年编写历程，包括大量原始资料的核实、病例随访及治疗前后图像的采集整理，同时表达了作者对恩师、家人及参与编写各单位的感谢。","# Summary
《临床眼底病·外科卷》是由刘文主编、人民卫生出版社于2014年出版的眼科学专著，外科卷主编为张少冲、吕林。该书是国内外首次将眼底疾病分为内科卷与外科卷论述的尝试，外科卷着重介绍眼底手术的基本原理、手术步骤与治疗效果，配有1 915张图片和94个典型病例，强调以图像直观展示诊疗过程，帮助读者掌握各类眼底外科疾病的处理技术。

图书内容包括序言、前言、基础篇及各论篇。美国视网膜专家David S. Dyer在序中回顾了视网膜疾病治疗从限制视力丧失向最大程度恢复视力的转变，并高度评价本书为眼底病诊疗的全面资源。正文节选部分首先介绍了周边部视网膜的改变，区分了无临床意义的正常变异（如径向褶、锯齿凹闭合）与发育性异常（如非囊性视网膜突起、悬韧带牵拉突起），以及周边囊样变性、铺路石样变性等周边变性，强调认识这些改变以避免不必要的治疗。随后阐述后极部裂孔性视网膜脱离的病因与发病机制，涉及高度近视、眼外伤、血管性疾病、感染及手术等因素，并描述其症状与体征，强调找到视网膜裂孔是诊断和治疗的关键。书中还附有典型病例诊治过程及抗病毒药物用量附录。

编后记详细记录了本书五年编写历程，包括大量原始资料的核实、病例随访及治疗前后图像的采集整理，同时表达了作者对恩师、家人及参与编写各单位的感谢。",本书出版于2014年，是眼科医生、研究生、进修生及眼科专业技术人员学习眼底血管造影与影像判读的临床速查参考书。在2007年版基础上修订，系统介绍荧光素眼底血管造影（FFA）、吲哚青绿眼底血管造影（ICGA）、虹膜血管造影及眼底自发荧光的原理、设备、造影剂、操作流程、正常循环时相和异常荧光表现，并结合OCT图像分析窗样缺损、荧光素渗漏、遮蔽荧光、无灌注、新生血管、黄斑囊样水肿等。全书涵盖视网膜血管性疾病、黄斑区疾病、视神经疾病、眼内肿瘤、遗传变性性眼底病、葡萄膜炎、玻璃体视网膜手术后改变、外伤性视网膜脉络膜病变及全身疾病的眼底表现。重点涉及糖尿病视网膜病变、视网膜静脉阻塞、年龄相关性黄斑变性、脉络膜新生血管、息肉状脉络膜血管病、中心性浆液性脉络膜视网膜病变、Stargardt病、视网膜色素变性、虹膜新生血管和新生血管性青光眼，并涉及肿瘤鉴别、激光治疗指导、手术后评估及预后判断。
168,临床眼科彩色图谱-龚向明 2012,normalized_exact,01-眼科综合：基础与全身病,09c593aa-1a64-48de-af81-fc4d30d551b4,10000,0d15958d-3410-4e87-a80e-974cec88a15f,临床眼科彩色图谱-龚向明 2012_weknora.mhtml,临床眼科彩色图谱-龚向明 2012_weknora.mhtml,completed,51b7de7a-9188-4c90-ab03-386762bdc8af,c86ce3a2-9c73-428c-b179-03a6d13c225e,355,1029,bc5c46d4405698e9110f3c4b8181490df754719fd19642590d93c3287e3ed885,"《临床眼科彩色图谱》是由龚向明、钟兴武、杨晓主编，广东科技出版社于2012年出版的眼科学图谱专著，为广东省优秀科技专著出版基金资助项目。全书共十七章、660千字，收录330多种眼病及930多幅真实病例彩色照片，内容涵盖眼附属器官、眼球前节与后节组织疾病、颅神经病、常见全身病在眼部的表现等眼科学全部篇章，附录收录眼科治疗常用药物。该书以图文并重方式编写，对每一病种的临床要点、鉴别诊断与治疗作扼要文字描述，并配以典型病例图谱，兼具理性认识与直观感知。

全书具体内容可从抽样章节窥见。第一章为眼睑病，分节阐述眼睑位置与形态功能异常及眼睑炎症两大类病变，详述了睑内翻（分为疤痕性、老年性痉挛性、婴幼儿性、机械性四类）、睑外翻、上睑下垂、下颌瞬目综合征、老年性眼睑皮肤松垂症、眼睑皮肤松弛症、睑痉挛、眼睑闭合不全、眼睑退缩、内眦赘皮、先天性睑裂狭小综合征、眼睑缺损、倒睫、双行睫及睑腺炎等的临床特点、鉴别诊断和治疗方法。第八章涉及葡萄膜炎症性疾病，包括后葡萄膜炎、Behcet病、Vogt-小柳-原田综合征、交感性眼炎及急性视网膜坏死综合征等，重点描述了反复发作的葡萄膜炎、视网膜血管炎、前房积脓、晚霞状眼底、Dalen-Fuch结节等特征性表现及糖皮质激素、免疫抑制剂等治疗策略。附录部分则介绍了眼科常用药物，包括促进组织修复的酶类及生物制剂、以活血化瘀、清肝明目、补益肝肾等为主要功效的眼科常用中成药，以及中山大学中山眼科中心经验的协定中草药处方。

书中还收录了不少在其他图谱中少见的眼病珍贵彩色照片。据序言评价，本书病种齐全、系统性及实用性强，适用于各级眼科医师、眼视光师、研究生、全科医师、眼科实习医师及其他医务工作者作为临床诊病和教学参考书使用。","# Summary
《临床眼科彩色图谱》是由龚向明、钟兴武、杨晓主编，广东科技出版社于2012年出版的眼科学图谱专著，为广东省优秀科技专著出版基金资助项目。全书共十七章、660千字，收录330多种眼病及930多幅真实病例彩色照片，内容涵盖眼附属器官、眼球前节与后节组织疾病、颅神经病、常见全身病在眼部的表现等眼科学全部篇章，附录收录眼科治疗常用药物。该书以图文并重方式编写，对每一病种的临床要点、鉴别诊断与治疗作扼要文字描述，并配以典型病例图谱，兼具理性认识与直观感知。

全书具体内容可从抽样章节窥见。第一章为眼睑病，分节阐述眼睑位置与形态功能异常及眼睑炎症两大类病变，详述了睑内翻（分为疤痕性、老年性痉挛性、婴幼儿性、机械性四类）、睑外翻、上睑下垂、下颌瞬目综合征、老年性眼睑皮肤松垂症、眼睑皮肤松弛症、睑痉挛、眼睑闭合不全、眼睑退缩、内眦赘皮、先天性睑裂狭小综合征、眼睑缺损、倒睫、双行睫及睑腺炎等的临床特点、鉴别诊断和治疗方法。第八章涉及葡萄膜炎症性疾病，包括后葡萄膜炎、Behcet病、Vogt-小柳-原田综合征、交感性眼炎及急性视网膜坏死综合征等，重点描述了反复发作的葡萄膜炎、视网膜血管炎、前房积脓、晚霞状眼底、Dalen-Fuch结节等特征性表现及糖皮质激素、免疫抑制剂等治疗策略。附录部分则介绍了眼科常用药物，包括促进组织修复的酶类及生物制剂、以活血化瘀、清肝明目、补益肝肾等为主要功效的眼科常用中成药，以及中山大学中山眼科中心经验的协定中草药处方。

书中还收录了不少在其他图谱中少见的眼病珍贵彩色照片。据序言评价，本书病种齐全、系统性及实用性强，适用于各级眼科医师、眼视光师、研究生、全科医师、眼科实习医师及其他医务工作者作为临床诊病和教学参考书使用。",本书出版于2012年，是面向眼科医师、眼科超声及医学影像工作人员的眼部超声诊断专著与病例图谱。全书分三篇：概论介绍眼球、眼眶及血管的实用解剖，A型、B型、超声生物显微镜（UBM）、彩色多普勒等检查方法，特殊动态观察、定量回声分析及眼球轴长、人工晶状体屈光力和角膜厚度测量；眼内疾病篇涵盖各型青光眼、视网膜及脉络膜脱离、视网膜肿瘤、葡萄膜肿瘤、玻璃体疾病、眼球外伤、视盘与黄斑病变及眼球轮廓异常，重点涉及视网膜母细胞瘤、脉络膜黑色素瘤、眼内异物、感染性眼内炎等，并结合CT、MRI、手术后影像、疗效监测和鉴别诊断；眼眶疾病篇包括血管性病变、视神经胶质瘤和鞘脑膜瘤、神经鞘瘤、泪腺肿瘤、囊肿、炎症、外伤及全身病相关眼眶病变。书中以典型超声图像为核心，强调动态扫描、标准化A型超声和UBM在诊断、测量及随访中的应用。
169,临床眼科肿瘤学-Singh、Damato、Pe'er、Murphree、Perry 2008,normalized_exact,12-眼眶与眼肿瘤,e785de98-5837-4eea-89a8-6a46cacb5173,10000,57fbef46-95ae-46f0-b9a8-c830aad992ad,临床眼科肿瘤学-Singh、Damato、Pe'er、Murphree、Perry 2008_weknora.mhtml,临床眼科肿瘤学-Singh、Damato、Pe'er、Murphree、Perry 2008_weknora.mhtml,completed,e5b27ffc-e8f1-418c-b54c-e3af7761118c,1379c7ab-11f2-49d6-885a-74bc959ee8cb,368,994,e6655ce68870ecdb9a3c808b3f0266a4e48fc5dd7b24f2923af88298864e1cbb,"《临床眼科肿瘤学》由多国眼科专家共同编撰，系统介绍眼睑、结膜、角膜、葡萄膜、视网膜及眼眶肿瘤的基础理论、临床表现、病理特征、影像学诊断、鉴别诊断和治疗方法，并配有大量疾病图片。书中同时涉及临床流行病学、肿瘤病因学、肿瘤病理学、血管发生学和肿瘤免疫学等基础内容。

临床流行病学部分阐述患病率、发病率、死亡率、病死率和生存质量等结果指标，并介绍相对危险度、危害比、比值比、危险度差异及均值差异等关联指标。内容还讨论混杂偏倚、选择偏倚和信息偏倚，以及病例系列、横断面研究、队列研究、随机对照试验、病例对照研究、试点研究和系统性综述等研究设计。

肿瘤病因学将致癌因素归纳为化学因素、紫外线和其他放射线、感染、饮食及医源性因素，并说明遗传易感性、免疫抑制、化疗和放疗与肿瘤发生风险的关系。病理学部分区分良性与恶性肿瘤，介绍癌、肉瘤、母细胞瘤、白血病、淋巴瘤和黑色素瘤等类型，以及转移、细胞学、细针吸取活检、组织学、免疫组织化学、电镜和分子生物学诊断技术。

血管发生学重点说明肿瘤依赖新生血管生长，涉及“血管生成开关”、共择、肿瘤血管异常、VEGF及其受体、缺氧调控机制和抗血管生成治疗。免疫学部分则讨论固有免疫、特异性免疫、眼部免疫赦免、前房相关免疫偏离及葡萄膜黑色素瘤的免疫逃逸。

书中还介绍脉络膜血管瘤、葡萄膜神经纤维瘤和神经鞘瘤、脉络膜骨瘤等具体肿瘤的临床诊断与治疗，并详细说明眼眶肿瘤手术路径的选择原则，包括肿瘤位置、与视神经及眼外肌的关系、肿瘤边缘和组织成分，以及结膜入路、经泪阜入路、上方或下方开眶术和眶尖部手术等技术。","# Summary
《临床眼科肿瘤学》由多国眼科专家共同编撰，系统介绍眼睑、结膜、角膜、葡萄膜、视网膜及眼眶肿瘤的基础理论、临床表现、病理特征、影像学诊断、鉴别诊断和治疗方法，并配有大量疾病图片。书中同时涉及临床流行病学、肿瘤病因学、肿瘤病理学、血管发生学和肿瘤免疫学等基础内容。

临床流行病学部分阐述患病率、发病率、死亡率、病死率和生存质量等结果指标，并介绍相对危险度、危害比、比值比、危险度差异及均值差异等关联指标。内容还讨论混杂偏倚、选择偏倚和信息偏倚，以及病例系列、横断面研究、队列研究、随机对照试验、病例对照研究、试点研究和系统性综述等研究设计。

肿瘤病因学将致癌因素归纳为化学因素、紫外线和其他放射线、感染、饮食及医源性因素，并说明遗传易感性、免疫抑制、化疗和放疗与肿瘤发生风险的关系。病理学部分区分良性与恶性肿瘤，介绍癌、肉瘤、母细胞瘤、白血病、淋巴瘤和黑色素瘤等类型，以及转移、细胞学、细针吸取活检、组织学、免疫组织化学、电镜和分子生物学诊断技术。

血管发生学重点说明肿瘤依赖新生血管生长，涉及“血管生成开关”、共择、肿瘤血管异常、VEGF及其受体、缺氧调控机制和抗血管生成治疗。免疫学部分则讨论固有免疫、特异性免疫、眼部免疫赦免、前房相关免疫偏离及葡萄膜黑色素瘤的免疫逃逸。

书中还介绍脉络膜血管瘤、葡萄膜神经纤维瘤和神经鞘瘤、脉络膜骨瘤等具体肿瘤的临床诊断与治疗，并详细说明眼眶肿瘤手术路径的选择原则，包括肿瘤位置、与视神经及眼外肌的关系、肿瘤边缘和组织成分，以及结膜入路、经泪阜入路、上方或下方开眶术和眶尖部手术等技术。",本书出版于2008年。本书出版于2016年，是国内较早系统介绍角膜胶原交联及临床应用的专著，适合眼科、角膜病与屈光手术临床医师、研究人员及拟开展交联技术者阅读。全书从角膜组织学基础、生物力学及角膜扩张性疾病入手，阐述核黄素-紫外线交联原理、设备药品、手术步骤、参数优化与疗效评估；重点覆盖圆锥角膜、屈光术后角膜扩张、感染性角膜溃疡、真菌性角膜炎、大泡性角膜病变和暴露性角膜溃疡，并介绍术后处理、随访、并发症及未成年人交联。书中还讨论低厚度角膜的低渗性核黄素、保留上皮交联、离子电渗跨上皮交联、Avedro KXL加速交联系统，以及交联联合角膜基质环植入、有晶体眼人工晶体植入和屈光性表层切削术。诊断与评估涉及角膜地形图、Orbscan、Pentacam、Sirius、前节OCT、波前像差、ORA、Corvis ST及活体共聚焦显微镜。
170,临床眼黄斑病学-吴乐正 2007,normalized_exact,06-眼底病与视网膜内科,f900fe21-9deb-47e0-bf36-ce06022cae92,10000,dfb45e98-e3de-403d-be90-0d6ecba39f05,临床眼黄斑病学-吴乐正 2007_weknora.mhtml,临床眼黄斑病学-吴乐正 2007_weknora.mhtml,completed,e8586982-dc12-4b81-a008-b6fa18f56132,fa0d70cb-ee11-4a23-a8b4-fdd843242465,399,1173,06ff9f50d3cece97757fa933dab77ff5c005b74332607421b9292fe6d7b3ac95,"《临床眼黄斑病学》是一部由中国大陆及香港、美国、澳大利亚等地眼科专家共同编写的黄斑疾病专著，内容兼顾基础知识与临床应用，系统介绍黄斑病的解剖、生理、胚胎发育、流行病学、特殊检查、视功能评估、诊断、治疗及视觉康复。全书按照疾病病因和类型，涵盖获得性、血管性及血液性、炎症性、遗传性、先天性以及与全身疾病相关的黄斑病，并讨论中西医药物、激光、手术等治疗进展。

书中强调黄斑位于视网膜后极部，是精细视觉、对比觉和色觉的主要功能区域；其中心凹、中心小凹及中心凹无血管区具有重要的解剖和临床意义。黄斑发育迟缓且持续至出生后早期，视网膜、血管、脉络膜和视神经的发育异常均可能与黄斑疾病发生相关。黄斑疾病的诊断已因眼底荧光血管造影（FFA）、吲哚菁绿血管造影（ICGA）、光学相干断层扫描（OCT）、多焦视网膜电图及计算机视野等技术的发展而得到明显改进。

节选重点介绍了眼弓浆虫病及急性视网膜坏死。眼弓浆虫病可表现为先天性或后天性感染，常见局灶性渗出性脉络膜视网膜炎、玻璃体炎、视网膜血管炎及瘢痕复发，诊断需结合病史、眼底表现和血清学或眼内抗体检查，治疗可使用乙胺嘧啶、磺胺甲基异噁唑、螺旋霉素，必要时联合糖皮质激素。急性视网膜坏死则是由水痘-带状疱疹病毒或单纯疱疹病毒等引起的进展迅速、预后较差的坏死性视网膜炎。

在视觉康复方面，书中讨论低视力评估、助视器处方、定向行走和日常生活训练，并介绍眼内植入微型望远镜（IMT）用于年龄相关性黄斑变性患者的尝试。IMT可将视网膜成像放大约3倍，部分患者术后远近视力提高，但存在炎症、视野缩小、手术选择困难及眼底观察受限等问题，目前仍需系统研究，不宜大范围推广。","# Summary
《临床眼黄斑病学》是一部由中国大陆及香港、美国、澳大利亚等地眼科专家共同编写的黄斑疾病专著，内容兼顾基础知识与临床应用，系统介绍黄斑病的解剖、生理、胚胎发育、流行病学、特殊检查、视功能评估、诊断、治疗及视觉康复。全书按照疾病病因和类型，涵盖获得性、血管性及血液性、炎症性、遗传性、先天性以及与全身疾病相关的黄斑病，并讨论中西医药物、激光、手术等治疗进展。

书中强调黄斑位于视网膜后极部，是精细视觉、对比觉和色觉的主要功能区域；其中心凹、中心小凹及中心凹无血管区具有重要的解剖和临床意义。黄斑发育迟缓且持续至出生后早期，视网膜、血管、脉络膜和视神经的发育异常均可能与黄斑疾病发生相关。黄斑疾病的诊断已因眼底荧光血管造影（FFA）、吲哚菁绿血管造影（ICGA）、光学相干断层扫描（OCT）、多焦视网膜电图及计算机视野等技术的发展而得到明显改进。

节选重点介绍了眼弓浆虫病及急性视网膜坏死。眼弓浆虫病可表现为先天性或后天性感染，常见局灶性渗出性脉络膜视网膜炎、玻璃体炎、视网膜血管炎及瘢痕复发，诊断需结合病史、眼底表现和血清学或眼内抗体检查，治疗可使用乙胺嘧啶、磺胺甲基异噁唑、螺旋霉素，必要时联合糖皮质激素。急性视网膜坏死则是由水痘-带状疱疹病毒或单纯疱疹病毒等引起的进展迅速、预后较差的坏死性视网膜炎。

在视觉康复方面，书中讨论低视力评估、助视器处方、定向行走和日常生活训练，并介绍眼内植入微型望远镜（IMT）用于年龄相关性黄斑变性患者的尝试。IMT可将视网膜成像放大约3倍，部分患者术后远近视力提高，但存在炎症、视野缩小、手术选择困难及眼底观察受限等问题，目前仍需系统研究，不宜大范围推广。",本书出版于2007年，是瞿佳主编、2011年出版的全国高等学校眼视光学专业教材，是连接眼视光学基础理论与临床实践的核心课程用书，适用于眼视光学专业学生及相关医师学习参考。全书围绕“全面、全程眼睛保健医疗”，系统介绍临床思维、病史采集与问题分析、视力检查及视力表设计；涵盖眼外部、裂隙灯显微镜、角膜曲率与角膜地形图、前房角镜、UBM、眼压、直接及间接检眼镜等眼部健康检查和影像/形态分析。重点讲解眼球光学、正视、近视、远视、散光、屈光参差的病因、分类、诊断、处理与预防，以及检影验光、电脑验光、主觉验光、调节控制和验光辅助设备。内容还包括双眼视功能、融像、调节聚散、斜视隐斜、老视及其框架眼镜、接触镜和手术矫正，视野、色觉、立体视觉、瞳孔、对比敏感度、动态视力、眩光、暗适应、潜视力、婴幼儿视力检查和眼球像差检测，最后通过儿童近视、低度屈光不正、远视、散光、屈光参差、老视及高度近视病例进行分析讨论。
171,临床视光学-杨智宽 2014,normalized_exact,04-屈光与视光：近视、接触镜与低视力,c73385b9-c154-4103-a93e-2d4c31f2423a,10000,712c223d-8ccd-4e23-8a46-dc1ff30c178f,临床视光学-杨智宽 2014_weknora.mhtml,临床视光学-杨智宽 2014_weknora.mhtml,completed,9097581d-59e1-403e-ad40-0f41ea22810f,41aa5309-a259-4a72-bb6f-d82a0b437779,364,1050,485f1518ad0aa95efc43312993be00c43dc5f007da76a3706692e08d5ab7863b,"# 临床视光学

第2版

主编 杨智宽

|  |
| --- |
| (R-4735.01) |
| www.sciencep.com |
|  |
| 科学出版社 医药卫生出版分社：010-64006727 (投稿) 64034601 (购书)-mail: med-prof@mail.sciencep.com |
| 定价：128.00 元 |

# 临床视光学

第2版

主编 杨智宽

## 内容简介

本书共二十二章，涵盖了眼科屈光学和传统视光学的基本内容，从眼球的胚胎发育、正视化过程入手，对视觉感知过程及其影响因素进行阐述，然后对各种屈光不正、调节与老视、双眼视觉异常、低视力等问题进行详细深入的介绍。最值得一提的是，本书紧密结合临床，对影响视觉成像的眼科疾病、眼科疾病手术后的屈光问题、各种屈光不正的配镜原则和常见错误、影响屈光的药物以及验光配镜的质量控制进行了专题讨论，对角膜接触镜重点介绍其在眼科疾病中的临床应用。

本书适合眼科医师、视光医师、验光师以及视觉科学研究人员阅读，还可供在校负责卫生工作的相关人员及关注青少年视觉问题的人士参考，部分内容对眼镜店进行医学验光配镜","# Summary
# 临床视光学

第2版

主编 杨智宽

|  |
| --- |
| (R-4735.01) |
| www.sciencep.com |
|  |
| 科学出版社 医药卫生出版分社：010-64006727 (投稿) 64034601 (购书)-mail: med-prof@mail.sciencep.com |
| 定价：128.00 元 |

# 临床视光学

第2版

主编 杨智宽

## 内容简介

本书共二十二章，涵盖了眼科屈光学和传统视光学的基本内容，从眼球的胚胎发育、正视化过程入手，对视觉感知过程及其影响因素进行阐述，然后对各种屈光不正、调节与老视、双眼视觉异常、低视力等问题进行详细深入的介绍。最值得一提的是，本书紧密结合临床，对影响视觉成像的眼科疾病、眼科疾病手术后的屈光问题、各种屈光不正的配镜原则和常见错误、影响屈光的药物以及验光配镜的质量控制进行了专题讨论，对角膜接触镜重点介绍其在眼科疾病中的临床应用。

本书适合眼科医师、视光医师、验光师以及视觉科学研究人员阅读，还可供在校负责卫生工作的相关人员及关注青少年视觉问题的人士参考，部分内容对眼镜店进行医学验光配镜",本书出版于2014年，是2008年出版的眼视光学与眼科学综合性专业教材，面向验光师、眼科医师及住院医师，兼顾医学验光、配镜、接触镜和眼病诊疗。全书分为视光学基础、视光学检查、眼视光系统治疗及影响视光系统的疾病与治疗四篇，系统涵盖光学、眼屈光系统、视觉神经解剖生理、视觉生理，视力、视野、色觉、双眼视觉、ERG/VEP、检影验光、自动验光、角膜曲率及地形图、像差、裂隙灯、眼底、超声、角膜共焦显微镜、OCT、HRT和眼底血管造影等检查技术；并介绍药物、眼镜、角膜接触镜、人工晶体、物理疗法、视觉训练及角膜移植、屈光、白内障、青光眼、玻璃体视网膜和眼肌手术。疾病部分涉及远视、近视、散光、屈光参差、老视，干眼、圆锥角膜、角膜炎、白内障、青光眼、葡萄膜炎、玻璃体及视网膜疾病、视神经与视路病变、低视力、光污染、全身病眼部表现和眼外伤。
172,临床角膜病学 -谢立信 2014,normalized_exact,02-角膜与眼表,f041b2b7-3147-4deb-a2f2-0de5cc53d296,10000,c9a32565-f665-4c00-aac5-7a1b261f53be,临床角膜病学 -谢立信 2014_weknora.mhtml,临床角膜病学 -谢立信 2014_weknora.mhtml,completed,3994e0aa-3143-414e-b49d-501a2dec924e,c9953a5b-8b46-4fb2-aa1a-2c11b953ec6b,340,1004,cfcdee811ca630516f933ef7bac8c4b3cbee6691d8e8038d7309db897f346c29,"# Clinical Cornea 临床角膜病学

谢立信 著

|  |  |
| --- | --- |
| ☐ | 人民卫生出版社 |
| ☐ | ☐ |
| ☐ | ☐ |
| ☐ | ☐ |
| ☐ | ☐ |
| <ecel> |  |

# Clinical Cornea 临床角膜病学

策划编辑 刘红霞 李海凌

责任编辑 李海凌 刘红霞

封面设计华昌印联郭淼

版式设计 魏红波

销售分类/眼科

人卫社官网 www.pmph.com 出版物查询，在线购书

人卫医学网 www.ipmph.com
医学考试辅导，医学数据库服务，医学教育资源，大众健康资讯

9787117181945>

定 价：148.00 元

## 临床角膜病学

谢立信 著

## 人民卫生出版社

图书在版编目（CIP）数据

临床角膜病学 / 谢立信 著. — 北京：人民卫生出版社，2014

ISBN 978-7-117-18194-5

Ⅰ. ①临… Ⅱ. ①谢… Ⅲ. ①角膜疾病 - 诊疗 Ⅳ. ①R772.2

中国版本图书馆 CIP 数据核字（2013）第 280576 号

","# Summary
# Clinical Cornea 临床角膜病学

谢立信 著

|  |  |
| --- | --- |
| ☐ | 人民卫生出版社 |
| ☐ | ☐ |
| ☐ | ☐ |
| ☐ | ☐ |
| ☐ | ☐ |
| <ecel> |  |

# Clinical Cornea 临床角膜病学

策划编辑 刘红霞 李海凌

责任编辑 李海凌 刘红霞

封面设计华昌印联郭淼

版式设计 魏红波

销售分类/眼科

人卫社官网 www.pmph.com 出版物查询，在线购书

人卫医学网 www.ipmph.com
医学考试辅导，医学数据库服务，医学教育资源，大众健康资讯

9787117181945>

定 价：148.00 元

## 临床角膜病学

谢立信 著

## 人民卫生出版社

图书在版编目（CIP）数据

临床角膜病学 / 谢立信 著. — 北京：人民卫生出版社，2014

ISBN 978-7-117-18194-5

Ⅰ. ①临… Ⅱ. ①谢… Ⅲ. ①角膜疾病 - 诊疗 Ⅳ. ①R772.2

中国版本图书馆 CIP 数据核字（2013）第 280576 号

",本书出版于2014年，是谢立信、史伟云著，2007年出版，是面向眼科研究生、住院医师及角膜病临床与科研人员的专科参考书。全书分角膜应用基础、检查法、疾病和手术学四篇，系统介绍角膜胚胎发育、泪膜、解剖组织、生理病理、生物化学、角膜缘干细胞、免疫学、微生物、药理药物治疗及羊膜应用；涵盖共焦显微镜、角膜内皮显微镜、角膜曲率计、角膜地形图、角膜厚度、裂隙灯照相、泪功能、印迹细胞学、微生物学及基因诊断检查。疾病部分包括细菌性、真菌性、病毒性、棘阿米巴角膜炎，免疫性角膜病，营养不良与变性、圆锥角膜、翼状胬肉、外伤性疾病及角膜肿瘤。手术部分重点阐述眼库、麻醉、穿透性和板层角膜移植、高危及儿童角膜移植、联合手术、眼外伤移植、人工角膜，以及术后免疫排斥、青光眼、植片溃疡、散光等并发症处理。
173,临床青光眼-葛坚 2015,normalized_exact,05-青光眼,8bf942e4-80dc-4a8a-87cf-486f897fe2bd,10000,8f7877bf-ac84-41f9-9579-d5368cf5c6d7,临床青光眼-葛坚 2015_weknora.mhtml,临床青光眼-葛坚 2015_weknora.mhtml,completed,60e50e07-69f6-48f8-b431-aea7699f2d22,7effc173-f9ac-47e8-890b-6839d6477fc2,329,943,873ff70ed423d0e3c25033e8891a7831f1fb308390dc1e6a5bf6359fa58b9556,"第3版

## 临床青光眼 Clinical Glaucoma

主编葛坚

副主编 余敏斌

卓业鸿

刘杏

第3版

# 临床青光眼

# Clinical Glaucoma

主 编 葛 坚

副主编 余敏斌 卓业鸿 刘 杏

编者 叶天才 彭寿雄 林明楷

张秀兰 凌运兰 黄晶晶

钟毅敏 王梅

秘书 王忠浩

## 前言

青光眼是目前世界主要的致盲性眼病之一。WHO预计到2020年，全世界将有7960万人患有青光眼，其中1120万人最终可能发展为双眼盲；而约有2000万原发性青光眼患者在中国。由于青光眼患者数量大、种类多、病情复杂、致盲率高，严重影响患者的生活质量，因此积极开展青光眼防治研究成为当前我国眼科工作者面临的严峻挑战。

","# Summary
第3版

## 临床青光眼 Clinical Glaucoma

主编葛坚

副主编 余敏斌

卓业鸿

刘杏

第3版

# 临床青光眼

# Clinical Glaucoma

主 编 葛 坚

副主编 余敏斌 卓业鸿 刘 杏

编者 叶天才 彭寿雄 林明楷

张秀兰 凌运兰 黄晶晶

钟毅敏 王梅

秘书 王忠浩

## 前言

青光眼是目前世界主要的致盲性眼病之一。WHO预计到2020年，全世界将有7960万人患有青光眼，其中1120万人最终可能发展为双眼盲；而约有2000万原发性青光眼患者在中国。由于青光眼患者数量大、种类多、病情复杂、致盲率高，严重影响患者的生活质量，因此积极开展青光眼防治研究成为当前我国眼科工作者面临的严峻挑战。

",本书出版于2015年。本书2014年出版，主编唐炘，是面向各级眼科医生、青光眼专科医师及相关临床人员的图文诊断参考书，强调结合中国患者特征进行临床表现识别与鉴别诊断。全书涵盖原发性开角型、急慢性闭角型青光眼，以及角膜、虹膜、晶状体、玻璃体视网膜疾病相关青光眼；眼部炎症、外伤、内眼手术后、糖皮质激素、眼内肿瘤、上巩膜静脉压升高所致继发性青光眼；原发性先天性青光眼、先天发育异常相关青光眼，并专章介绍滤过手术后及药物并发症。内容涉及眼压及24小时眼压监测、裂隙灯、房角镜、眼底和视盘、视野、RNFL、UBM、角膜内皮镜、眼部超声、CT、MRI及荧光素血管造影等检查与影像；同时涉及降眼压药物、激光周边虹膜切除术、小梁切除术、青光眼引流物植入术及相关并发症识别。
174,人体寄生虫学（八年制第二版）-张希美 2005,normalized_exact,01-眼科综合：基础与全身病,09c593aa-1a64-48de-af81-fc4d30d551b4,10000,5cd367a2-37b7-4119-b623-baa24fefd807,人体寄生虫学（八年制第二版）-张希美 2005_weknora.mhtml,人体寄生虫学（八年制第二版）-张希美 2005_weknora.mhtml,completed,fa7ef45e-8ddc-4890-bb48-c2bfdf99f683,2e224247-eb00-4317-971c-b988d0d9176c,391,987,864a8d0f17131f740f6eee237a74b4899e98e8146a3dca1ad5de8cc64ea975e1,"《人体寄生虫学》第2版是面向全国高等学校八年制、七年制临床医学等专业的规划教材，由詹希美主编，2010年由人民卫生出版社出版。本版在第一版基础上修订，旨在适应医学科学发展、教学改革和长学制医学人才培养需求。教材坚持“三基”“三严”“三高”要求，强调自学、实践、思维、创新以及理论联系实际等综合能力的培养，并注重医学学科交叉、内容更新和启发式教学。

全书主要包括总论、医学原虫、医学蠕虫、医学节肢动物、寄生虫学检查及治疗药物五篇二十五章。内容以寄生虫及其与宿主的关系为核心，涉及寄生虫的形态结构、生态与生活史、致病机制、流行规律、防治原则，以及寄生虫病与临床医学的联系。教材还增加了分子生物学等近年来发展的内容，并通过概述、思考题、章节小结和参考文献帮助学习，配有电子教材、实验指导、专业英语词汇及相关参考资源。

总论阐述了人体寄生虫学的学科范围及其在病原生物学、预防医学和临床医学中的基础地位，介绍了共栖、互利共生和寄生三种共生关系，以及寄生虫由自由生活向寄生生活演化时在形态、生理、代谢、侵入和繁殖等方面形成的适应性变化。书中有关线虫的内容进一步讨论了其形态结构、卵壳特点、生活史分类、幼虫蜕皮、组织内移行和能量代谢，并说明部分驱虫药物通过影响线虫神经系统或能量代谢发挥作用。教材末尾还收录寄生虫学及医学节肢动物学专业术语、彩色形态图谱，展示疟原虫、原虫、蠕虫和主要寄生虫卵的形态特征。","# Summary
《人体寄生虫学》第2版是面向全国高等学校八年制、七年制临床医学等专业的规划教材，由詹希美主编，2010年由人民卫生出版社出版。本版在第一版基础上修订，旨在适应医学科学发展、教学改革和长学制医学人才培养需求。教材坚持“三基”“三严”“三高”要求，强调自学、实践、思维、创新以及理论联系实际等综合能力的培养，并注重医学学科交叉、内容更新和启发式教学。

全书主要包括总论、医学原虫、医学蠕虫、医学节肢动物、寄生虫学检查及治疗药物五篇二十五章。内容以寄生虫及其与宿主的关系为核心，涉及寄生虫的形态结构、生态与生活史、致病机制、流行规律、防治原则，以及寄生虫病与临床医学的联系。教材还增加了分子生物学等近年来发展的内容，并通过概述、思考题、章节小结和参考文献帮助学习，配有电子教材、实验指导、专业英语词汇及相关参考资源。

总论阐述了人体寄生虫学的学科范围及其在病原生物学、预防医学和临床医学中的基础地位，介绍了共栖、互利共生和寄生三种共生关系，以及寄生虫由自由生活向寄生生活演化时在形态、生理、代谢、侵入和繁殖等方面形成的适应性变化。书中有关线虫的内容进一步讨论了其形态结构、卵壳特点、生活史分类、幼虫蜕皮、组织内移行和能量代谢，并说明部分驱虫药物通过影响线虫神经系统或能量代谢发挥作用。教材末尾还收录寄生虫学及医学节肢动物学专业术语、彩色形态图谱，展示疟原虫、原虫、蠕虫和主要寄生虫卵的形态特征。",本书出版于2005年，是“屈光性白内障手术系列”著作，2017年出版，定位于眼科医务工作者，尤其适用于白内障手术医师开展屈光性白内障手术及人工晶状体（IOL）个体化选择。全书围绕角膜光学特性展开，系统介绍角膜散光、球差、不规则散光、前后表面曲率半径比、Kappa角和Alpha角等参数，以及角膜曲率、角膜地形图、波前像差、眼前节影像和检查判读。以Pentacam及Scheimpflug成像为重点，并涉及Orbscan、Galilei、Sirius、iTrace、OPD-Scan等设备原理与应用。内容涵盖Toric环曲面、非球面、多焦点及其他功能性IOL的优选原则，IOL屈光力计算、定位与视觉质量评估；结合规则散光、角膜球差、不规则散光、近视准分子激光角膜切削术后及不同Kappa角病例，讲解白内障摘除、人工晶状体植入和屈光矫正的临床决策，附病例练习、IOL参数及英汉专业词汇。
175,人工晶状体屈光手术学-张振平 2009,normalized_exact,03-白内障：晶状体与人工晶体,a0f47c80-3a66-46c8-8315-43b41ce357ea,10000,38f6dd05-57a3-4a26-802f-dd4e8b0cda02,人工晶状体屈光手术学-张振平 2009_weknora.mhtml,人工晶状体屈光手术学-张振平 2009_weknora.mhtml,completed,b84df66e-251a-4744-b766-09dc30a9b8d5,a152231c-10a8-4b22-9692-4a2ad584ab5f,379,985,8ffcd91a73e331c64b4821a7b6af75752b9623560d9b805a1f1a6624cdb23285,"《人工晶状体屈光手术学》是由张振平主编、陈子林副主编的一部眼科学专业著作，2009年由人民卫生出版社出版。全书共分5篇72章，系统涵盖人工晶状体屈光手术的各个领域，包括常规单焦点可折叠人工晶状体的临床应用及并发症处理、后发性白内障防治、非球面人工晶状体的设计与屈光度优化、可调节和多焦点人工晶状体的适应证与手术原则、有晶状体眼人工晶状体矫正屈光不正等。该书以简练文字配合丰富照片，面向高年资眼科医生、白内障专科医师及角膜屈光手术医师，兼具学术性与实用性。

书中序言指出，白内障是全球首位可手术复明的眼病，手术已从复明性时代迈入屈光性时代。中国有超过500万白内障致盲患者，每年仅实施约60万例手术，眼科医生仅2.3万名，该书对眼科医师教育及防盲治盲工作具有重要意义。

正文历史部分回顾了白内障手术与屈光矫正的发展：古代印度针拨术历经数千年；1747年Jacques Daviel首创白内障囊外摘除术；眼镜自13世纪末在意大利出现，后经双焦点镜片、圆柱镜片及标准视力表等发展逐步完善；1949年Harold Ridley受飞行员眼内PMMA异物启发，研制并植入世界首枚人工晶状体，开辟屈光手术新纪元；1967年Charles Kelman发明超声乳化术，使白内障手术向屈光性手术转变。书中还系统梳理了老视与调节机制的理论演变，包括Young-Helmholtz晶状体弹性理论等。

关于后发性白内障，书中详述了E细胞增殖引起的再生性后发障（珍珠样混浊）与A细胞导致的前囊膜混浊（纤维化）的临床特点、定量评价方法（如EPCO、POCO、AQUA软件）及影响因素，指出材料、光学面边缘设计和撕囊方式等均影响囊膜混浊发生，并讨论去除赤道部上皮细胞等手术防治策略。

前沿部分介绍了新型人工晶状体研究：NuLens可调节人工晶状体通过睫状肌驱动活塞产生高达40.0D以上调节幅度；光控屈光度调整人工晶状体（LAL）利用光束改变硅凝胶曲率，术后可无创调整度数并矫正散光及高阶像差；望远镜式人工晶状体（IOTL）结合伽利略望远镜，用于老年性黄斑变性终末期患者，临床研究显示术后1年67%术眼最佳矫正远视力提高≥3行，但内皮细胞损失约25%。","# Summary
《人工晶状体屈光手术学》是由张振平主编、陈子林副主编的一部眼科学专业著作，2009年由人民卫生出版社出版。全书共分5篇72章，系统涵盖人工晶状体屈光手术的各个领域，包括常规单焦点可折叠人工晶状体的临床应用及并发症处理、后发性白内障防治、非球面人工晶状体的设计与屈光度优化、可调节和多焦点人工晶状体的适应证与手术原则、有晶状体眼人工晶状体矫正屈光不正等。该书以简练文字配合丰富照片，面向高年资眼科医生、白内障专科医师及角膜屈光手术医师，兼具学术性与实用性。

书中序言指出，白内障是全球首位可手术复明的眼病，手术已从复明性时代迈入屈光性时代。中国有超过500万白内障致盲患者，每年仅实施约60万例手术，眼科医生仅2.3万名，该书对眼科医师教育及防盲治盲工作具有重要意义。

正文历史部分回顾了白内障手术与屈光矫正的发展：古代印度针拨术历经数千年；1747年Jacques Daviel首创白内障囊外摘除术；眼镜自13世纪末在意大利出现，后经双焦点镜片、圆柱镜片及标准视力表等发展逐步完善；1949年Harold Ridley受飞行员眼内PMMA异物启发，研制并植入世界首枚人工晶状体，开辟屈光手术新纪元；1967年Charles Kelman发明超声乳化术，使白内障手术向屈光性手术转变。书中还系统梳理了老视与调节机制的理论演变，包括Young-Helmholtz晶状体弹性理论等。

关于后发性白内障，书中详述了E细胞增殖引起的再生性后发障（珍珠样混浊）与A细胞导致的前囊膜混浊（纤维化）的临床特点、定量评价方法（如EPCO、POCO、AQUA软件）及影响因素，指出材料、光学面边缘设计和撕囊方式等均影响囊膜混浊发生，并讨论去除赤道部上皮细胞等手术防治策略。

前沿部分介绍了新型人工晶状体研究：NuLens可调节人工晶状体通过睫状肌驱动活塞产生高达40.0D以上调节幅度；光控屈光度调整人工晶状体（LAL）利用光束改变硅凝胶曲率，术后可无创调整度数并矫正散光及高阶像差；望远镜式人工晶状体（IOTL）结合伽利略望远镜，用于老年性黄斑变性终末期患者，临床研究显示术后1年67%术眼最佳矫正远视力提高≥3行，但内皮细胞损失约25%。",本书出版于2009年，是王雁、赵堪兴主编、2014年出版的飞秒激光角膜屈光手术专著，适合眼科、综合眼科及屈光手术医师学习参考。全书五篇20章，涵盖角膜屈光手术发展与分类、飞秒激光器及超短脉冲物理基础、激光生物效应、角膜组织作用机制、生物力学和激光安全；重点讲解全飞秒SMILE及角膜基质内微透镜取出术的适应证、禁忌证、术前检查评估、参数设计、操作技巧、并发症防治和疗效评价；系统介绍LDV、IntraLase、WaveLight FS200、VisuMax辅助LASIK及制瓣技术；并扩展至老视、近视、远视、散光、圆锥角膜相关治疗，包括IntraCOR、角膜基质环植入、角膜基质内镶嵌、FS-AK、FS-CXL、角膜移植和飞秒激光白内障手术。书中涉及波前像差、角膜地形图引导、角膜生物力学、角膜敏感性、光致破裂、等离子体空泡、OBL等检查、影像与技术关键词。
176,人工晶状体手术  适应证、并发症及复杂病例-J Bradley Randleman 2018,normalized_exact,03-白内障：晶状体与人工晶体,a0f47c80-3a66-46c8-8315-43b41ce357ea,10000,e9234f97-3106-416e-847a-6db332d53c59,人工晶状体手术  适应证、并发症及复杂病例-J Bradley Randleman 2018_weknora.mhtml,人工晶状体手术  适应证、并发症及复杂病例-J Bradley Randleman 2018_weknora.mhtml,completed,5bb465fc-1aea-4564-9f3a-df5621d2772f,da85a587-8aef-4f4a-aacd-aae6e7955e8b,337,989,aa9cb1b5b12335ce42d94073c0eda2c344b90c9eeb4376dd63683b82e6f002b2,"# 人工晶状体手术 适应证、并发症及复杂病例

Editor

J. Bradley Randleman

Associate Editor

Iqbal Ike K. Ahmed

主编〔美〕J.布拉德利·兰德尔曼

副主编〔美〕伊克巴尔·艾克·K. 艾哈迈德

主 译 姚 克

天津出版传媒集团

天津科技翻译出版有限公司

眼科手术技术不断进步。人工晶状体及其植入方法的选择范围持续拓宽，使视力障碍患者的生活质量得到改善。虽然白内障手术的成功率很高，但也有可能发生意外并发症。要获得良好的临床效果，必须有能力迎接挑战。

本书共28章内容，由顶级专家分享了他们在人工晶状体技术的应用及改良方面积累的经验和手术技巧。本书内容全面，讲解清晰，并配有精美的插图和手术视频，为人工晶状体手术提供了宝贵的资源，包括各种复杂情况下的处理方法，如囊袋缺陷患者的手术策略等。

本书特色：

论述了现有所有人工晶状体的设计、材料和技术规格

● 涵盖新一代人工晶状体的相关介绍

最新手术技术操作步骤详解

50多个视频，提供来自手术现场的实时教学

关于残余散光、光晕、混浊、后囊破裂、虹膜炎-青光眼-前房","# Summary
# 人工晶状体手术 适应证、并发症及复杂病例

Editor

J. Bradley Randleman

Associate Editor

Iqbal Ike K. Ahmed

主编〔美〕J.布拉德利·兰德尔曼

副主编〔美〕伊克巴尔·艾克·K. 艾哈迈德

主 译 姚 克

天津出版传媒集团

天津科技翻译出版有限公司

眼科手术技术不断进步。人工晶状体及其植入方法的选择范围持续拓宽，使视力障碍患者的生活质量得到改善。虽然白内障手术的成功率很高，但也有可能发生意外并发症。要获得良好的临床效果，必须有能力迎接挑战。

本书共28章内容，由顶级专家分享了他们在人工晶状体技术的应用及改良方面积累的经验和手术技巧。本书内容全面，讲解清晰，并配有精美的插图和手术视频，为人工晶状体手术提供了宝贵的资源，包括各种复杂情况下的处理方法，如囊袋缺陷患者的手术策略等。

本书特色：

论述了现有所有人工晶状体的设计、材料和技术规格

● 涵盖新一代人工晶状体的相关介绍

最新手术技术操作步骤详解

50多个视频，提供来自手术现场的实时教学

关于残余散光、光晕、混浊、后囊破裂、虹膜炎-青光眼-前房",本书出版于2018年，是面向眼科住院医师、研究员及白内障、屈光和前节手术医师的人工晶状体手术临床参考书。全书以人工晶状体为核心，涵盖其历史、材料、设计与技术改良；围绕人工晶状体度数计算、角膜地形图、复曲面晶状体、屈光手术后计算及老视矫正型晶状体选择，讨论个体化术前评估。重点分析屈光偏差、残余散光、术后不满意、晶状体混浊、光感觉异常及葡萄膜炎-青光眼-前房积血（UGH）综合征等并发症的识别与处理，并系统介绍人工晶状体偏心复位与置换。针对囊袋不完整或缺损病例，详述睫状沟固定、光学部固定、囊袋张力环、虹膜夹持、虹膜缝合、巩膜缝线及黏合剂固定等植入技术，同时涉及瞳孔成形术、人造虹膜植入及新一代人工晶状体技术。配有插图、步骤说明和50多个手术视频，突出复杂病例决策与操作技巧。
177,儿童白内障-张红 2015,normalized_exact,03-白内障：晶状体与人工晶体,a0f47c80-3a66-46c8-8315-43b41ce357ea,10000,1a33480e-e06c-46ad-ab6f-07d1962f087b,儿童白内障-张红 2015_weknora.mhtml,儿童白内障-张红 2015_weknora.mhtml,completed,f4fb8582-ba9f-4b23-8f6f-7105bc2c420c,fbc25f5b-24bf-426f-8eca-b894319ae2b7,338,998,f500735dfea74ec9e1a3d8d644b1875d5907e212acbfd2286ce593ed71b3ec18,"# 儿童白内障

# The Childhood Cataract

# 儿童白内障

主编 张 红 王晓红

天津出版传媒集团

儿童白内障/张红，王晓红主编.一天津科技翻译出版有限公司，2015.3

ISBN 978-7-5433-3272-0

## 序

儿童白内障的患病率约为1/10
000，各种晶状体混浊可初次发现于任何年龄，可能是单眼或双眼，对称性或非对称性，遗传性或获得性，通常在出生时便已存在。白内障手术是目前公认的儿童可避免盲目的最常见手术，可以防止盲目50年甚至更久，因此在所有眼科治疗中，儿童白内障手术是最有价值的。

目前，先天性白内障的治疗发展迅速，因其手术难度大、术后反应重及眼球发育带来的屈光状态的改变等，使围手术期方案的制定更为复杂。而且儿童白内障常合并有全身疾病或具有家族遗传性，这些并发症使儿童白内障医生面临巨大挑战。因此，该领域的发展是全世界医生共同合作的结果，本书作者把自己的经验与大家分享也必将继续促进其发展。

所有治疗白内障的医生都面临着如何将熟练的成人手术技术非常好地应用于儿童眼科的问题，本书作者对儿童白内障的“处理艺术”做了全面总结，可以满足","# Summary
# 儿童白内障

# The Childhood Cataract

# 儿童白内障

主编 张 红 王晓红

天津出版传媒集团

儿童白内障/张红，王晓红主编.一天津科技翻译出版有限公司，2015.3

ISBN 978-7-5433-3272-0

## 序

儿童白内障的患病率约为1/10
000，各种晶状体混浊可初次发现于任何年龄，可能是单眼或双眼，对称性或非对称性，遗传性或获得性，通常在出生时便已存在。白内障手术是目前公认的儿童可避免盲目的最常见手术，可以防止盲目50年甚至更久，因此在所有眼科治疗中，儿童白内障手术是最有价值的。

目前，先天性白内障的治疗发展迅速，因其手术难度大、术后反应重及眼球发育带来的屈光状态的改变等，使围手术期方案的制定更为复杂。而且儿童白内障常合并有全身疾病或具有家族遗传性，这些并发症使儿童白内障医生面临巨大挑战。因此，该领域的发展是全世界医生共同合作的结果，本书作者把自己的经验与大家分享也必将继续促进其发展。

所有治疗白内障的医生都面临着如何将熟练的成人手术技术非常好地应用于儿童眼科的问题，本书作者对儿童白内障的“处理艺术”做了全面总结，可以满足",本书出版于2015年，是2017年出版的儿童白内障专著，定位于眼科医师、儿科医师及从事小儿眼科手术与术后管理的临床人员。全书围绕术前评价、外科技术、先天性及系统性疾病相关白内障、术后管理与并发症处理、未来发展五部分展开，涵盖先天性白内障遗传学、病因形态、流行病学、视力筛查、视觉发育关键期、手术时机及人工晶状体度数选择，并讨论麻醉、眼内炎预防、切口构造、黏弹剂、前囊处理、水分离、晶状体吸出、后囊膜切开、前部玻璃体切割和一期、二期及无囊膜支撑人工晶状体植入。还涉及后囊缺损、持续性胎儿血管、外伤性白内障、无虹膜、晶状体异位、葡萄膜炎、早产儿视网膜病变及放射性白内障。术后部分重点介绍用药随访、屈光不正、眼镜和角膜接触镜、弱视、斜视、继发青光眼、近视漂移、低视力康复及生活质量。
178,儿童白内障学-谢立信 2014,normalized_exact,03-白内障：晶状体与人工晶体,a0f47c80-3a66-46c8-8315-43b41ce357ea,10000,5a45d1d8-694f-40b9-b197-308ff204fafb,儿童白内障学-谢立信 2014_weknora.mhtml,儿童白内障学-谢立信 2014_weknora.mhtml,completed,1fd4f221-2107-45ed-9eb5-3baea0e45c92,bfedbba5-ae04-47be-bc24-10ea14652452,378,1098,bc566024cfa53e98bacc0392a33c9d195a0ba6a5cd7e67d7ccd3b0efb733ec3f,"## 儿童白内障学 PEDIATRIC CATARACT

# 儿童白内障学 PEDIATRIC CATARACT

主 编 谢立信 黄钰森

编者（按姓氏拼音排序）

代云海 黄钰森 蓝婕 龙潭 吴晓明

谢立信 徐英男 于常红 由彩云 张辉

## 图书在版编目（CIP）数据

儿童白内障学 / 谢立信，黄钰森主编. — 北京：人民卫生出版社，2014

ISBN 978-7-117-19282-8

Ⅰ. ①儿… Ⅱ. ①谢… ②黄… Ⅲ. ①小儿疾病－白内障－诊疗 Ⅳ. ①R776.1

中国版本图书馆 CIP 数据核字（2014）第 132568 号

|  |  |  |
| --- | --- | --- |
| 人卫社官网 | www.pmph.com | 出版物查询，在线购书 |
| 人卫医学网 | www.ipmph.com | 医学考试辅导，医学数据库服务，医学教育资源，大众健康资讯 |

版权所有，侵权必究！

## 儿童白内障学

主 编：谢立信 黄钰森

出版发行：人民卫生出版社（中继线010-59780011）

地址：北京市朝阳区潘家园南里19号

邮编","# Summary
## 儿童白内障学 PEDIATRIC CATARACT

# 儿童白内障学 PEDIATRIC CATARACT

主 编 谢立信 黄钰森

编者（按姓氏拼音排序）

代云海 黄钰森 蓝婕 龙潭 吴晓明

谢立信 徐英男 于常红 由彩云 张辉

## 图书在版编目（CIP）数据

儿童白内障学 / 谢立信，黄钰森主编. — 北京：人民卫生出版社，2014

ISBN 978-7-117-19282-8

Ⅰ. ①儿… Ⅱ. ①谢… ②黄… Ⅲ. ①小儿疾病－白内障－诊疗 Ⅳ. ①R776.1

中国版本图书馆 CIP 数据核字（2014）第 132568 号

|  |  |  |
| --- | --- | --- |
| 人卫社官网 | www.pmph.com | 出版物查询，在线购书 |
| 人卫医学网 | www.ipmph.com | 医学考试辅导，医学数据库服务，医学教育资源，大众健康资讯 |

版权所有，侵权必究！

## 儿童白内障学

主 编：谢立信 黄钰森

出版发行：人民卫生出版社（中继线010-59780011）

地址：北京市朝阳区潘家园南里19号

邮编",本书为2014年出版的儿童白内障专著，主要面向临床眼科医师、研究生，也可供相关医学专业医师参考。全书围绕儿童白内障的诊疗展开：先介绍儿童眼球解剖、生长发育及神经视觉发育，继而讨论先天性白内障的遗传学、病因、发病机制、遗传方式、晶状体蛋白与相关基因，以及家系调查、突变研究、基因定位、外显子测序和遗传咨询。检查部分涵盖全麻检查、儿童视力、检影验光、裂隙灯、眼压、前房角、眼球生物测量、眼部B超及UBM。重点讲解人工晶状体度数计算与选择、术后屈光矫正、无晶状体眼处理、弱视训练和长期随访；系统阐述先天性白内障的分类、形态、手术时机与适应证、超声乳化、IOL植入、后囊膜连续环形撕囊（PCCC）、前段玻璃体切除、围术期抗炎抗感染及并发症处理，包括后囊膜混浊、继发膜、IOL移位、青光眼、视网膜脱离和黄斑囊样水肿。末章介绍儿童外伤性白内障的病因、分类、检查与治疗。
179,儿童白内障手术学-M Edward Wilson 2017,normalized_exact,03-白内障：晶状体与人工晶体,a0f47c80-3a66-46c8-8315-43b41ce357ea,10000,577ed1ff-371f-4d02-87c1-3773f63f3519,儿童白内障手术学-M Edward Wilson 2017_weknora.mhtml,儿童白内障手术学-M Edward Wilson 2017_weknora.mhtml,completed,37ca6c3b-87f8-4bbd-ab41-95a9fb6dc4ff,863b1f24-18f2-4b90-af36-0e61e82232be,373,1103,d10780333f72e274df9161a5998bc0ffc10c0933e9af9cbe5569cff6cf99d275,"# 儿童白内障手术学

# ——技术、并发症及处理

Pediatric Cataract Surgery

Techniques, Complications and Management

原著者 M. Edward Wilson

Rupal H. Trivedi

主 译 叶 剑 陈春林

# 儿童白内障手术学

# —— 技术、并发症及处理

# Pediatric Cataract Surgery

# Techniques, Complications and Management

原书第2版

原著者 M. Edward Wilson

Rupal H. Trivedi

主译叶剑陈春林

主审王莉（美）刘少章

科学出版社

北京

## 内容简介

本书由美国南卡罗来纳医科大学 Strom 眼科研究所的 M. Edward Wilson
教授领衔，来自美国、英国、比利时、伊朗、印度、以色列等国的眼科学、儿科学、麻醉学等领域的专家集中编写，由第三军医大学大坪医院的专家翻译。全书分为五个部分：儿童白内障术前评价、准备和思考，外科技术，眼和系统性先天疾患相关白内障的处理","# Summary
# 儿童白内障手术学

# ——技术、并发症及处理

Pediatric Cataract Surgery

Techniques, Complications and Management

原著者 M. Edward Wilson

Rupal H. Trivedi

主 译 叶 剑 陈春林

# 儿童白内障手术学

# —— 技术、并发症及处理

# Pediatric Cataract Surgery

# Techniques, Complications and Management

原书第2版

原著者 M. Edward Wilson

Rupal H. Trivedi

主译叶剑陈春林

主审王莉（美）刘少章

科学出版社

北京

## 内容简介

本书由美国南卡罗来纳医科大学 Strom 眼科研究所的 M. Edward Wilson
教授领衔，来自美国、英国、比利时、伊朗、印度、以色列等国的眼科学、儿科学、麻醉学等领域的专家集中编写，由第三军医大学大坪医院的专家翻译。全书分为五个部分：儿童白内障术前评价、准备和思考，外科技术，眼和系统性先天疾患相关白内障的处理",本书出版于2017年，是2015年出版的儿童白内障临床专著，面向儿童眼科及白内障临床医生，既可供初学者作为诊疗指南，也可供有经验者参考。全书从晶状体胚胎发育、解剖和儿童眼球发育特点入手，系统涵盖儿童白内障的先天性与获得性分类、相关综合征、诊断和鉴别诊断；术前病史采集、眼科学检查、生物测量及手术准备；小儿麻醉的解剖生理、麻醉前评估、禁食和常用麻醉药物。重点讨论视觉发育、手术时机、手术方式、人工晶状体屈光度选择，以及术后炎症、后囊膜混浊、继发性青光眼等并发症处理。另专章介绍合并永存原始玻璃体增生症的手术治疗、随访和视功能重建，并涉及无晶状体眼矫正、残留屈光不正、视觉剥夺性弱视训练、斜视、眼球震颤及视力预后。关键词包括先天性白内障、弱视、人工晶状体、全身麻醉、裂隙灯显微镜、生物测量、心电图、超声心动图、胸片、后囊膜混浊和永存原始玻璃体增生症。
180,同仁眼外伤手术治疗学-庞秀琴 2016,normalized_exact,13-眼外伤与急症,06e9888f-5d59-49c9-9218-d078b456f01b,10000,bb8b2f12-3dd6-47db-b01e-58fd25a785f4,同仁眼外伤手术治疗学-庞秀琴 2016_weknora.mhtml,同仁眼外伤手术治疗学-庞秀琴 2016_weknora.mhtml,completed,dfc20d52-1082-481c-8cb3-1ce7025e0e44,fd26083a-c3a5-4e62-8855-f5c0c5cb86f7,353,1031,8e0967cb9476c9512b32c7696461bda5543947ea8a89cfcf4ce0179b5780b330,"TONGREN YANWAISHANG

SHOUSHU ZHILIAOXUE

# 同仁眼外伤 手术治疗学

第2版

主编 庞秀琴 卢海 王海燕

副主编 何 雷 刘 毅

主审 王文伟 宋维贤

# 同仁眼外伤 手术治疗学

第2版

责任编辑：张青山 张运华

责任校对：贾荣

装帧设计 耕者 设计工作室 www.zjk.com.cn

# 同仁眼外伤手术治疗学

## 第2版

主编 庞秀琴 卢海 王海燕

副主编 何 雷 刘 毅

主审 王文伟 宋维贤

## 图书在版编目（CIP）数据

同仁眼外伤手术治疗学/庞秀琴，卢海，王海燕主编.—2版.—北京：北京科学技术出版社，2016.1

ISBN 978-7-5304-7673-4

Ⅰ. ①同… Ⅱ. ①庞… ②卢… ③王… Ⅲ. ①眼外科手术 Ⅳ. ①R779.6

中国版本图书馆CIP数据核字（2015）第040375号

## 同仁眼外伤手术治疗学（第2版）

主 编：庞秀琴 卢 海 王海燕

责任编辑：张青山 张运华

责任校对：贾荣

责任印制：李茗

封面设计：耕者设计工作室

版式设计：锋尚制版

图文制作","# Summary
TONGREN YANWAISHANG

SHOUSHU ZHILIAOXUE

# 同仁眼外伤 手术治疗学

第2版

主编 庞秀琴 卢海 王海燕

副主编 何 雷 刘 毅

主审 王文伟 宋维贤

# 同仁眼外伤 手术治疗学

第2版

责任编辑：张青山 张运华

责任校对：贾荣

装帧设计 耕者 设计工作室 www.zjk.com.cn

# 同仁眼外伤手术治疗学

## 第2版

主编 庞秀琴 卢海 王海燕

副主编 何 雷 刘 毅

主审 王文伟 宋维贤

## 图书在版编目（CIP）数据

同仁眼外伤手术治疗学/庞秀琴，卢海，王海燕主编.—2版.—北京：北京科学技术出版社，2016.1

ISBN 978-7-5304-7673-4

Ⅰ. ①同… Ⅱ. ①庞… ②卢… ③王… Ⅲ. ①眼外科手术 Ⅳ. ①R779.6

中国版本图书馆CIP数据核字（2015）第040375号

## 同仁眼外伤手术治疗学（第2版）

主 编：庞秀琴 卢 海 王海燕

责任编辑：张青山 张运华

责任校对：贾荣

责任印制：李茗

封面设计：耕者设计工作室

版式设计：锋尚制版

图文制作",本书出版于2016年，系北京同仁医院眼外伤科临床经验总结，面向各级眼科临床医师，强调眼外伤手术适应证、操作方法、术后处理及并发症防治。全书从眼外伤急诊处理与手术原则入手，系统涵盖眼睑、泪小管、结膜、角膜及巩膜裂伤修复，角膜移植、羊膜移植和角膜干细胞移植，虹膜睫状体损伤、外伤性青光眼、白内障、晶状体脱位及人工晶状体植入；重点介绍玻璃体切除、儿童玻璃体手术、晶状体—玻璃体联合手术、外伤性视网膜脱离、硅油填充及取出、眼内异物影像定位与摘出、感染性眼内炎处理，以及显微眼内镜、眼眶骨折整复、眶内异物摘出、视神经管减压和外伤后眼部整形。涉及视力、眼压、裂隙灯、眼底、X线、CT、MRI、B超、UBM、彩色多普勒超声等检查，并收录微创玻璃体手术、角膜内皮移植、无缝线巩膜固定人工晶状体、内镜经鼻视神经管减压等技术。
181,同仁眼底激光治疗手册-魏文斌 2014,normalized_exact,06-眼底病与视网膜内科,f900fe21-9deb-47e0-bf36-ce06022cae92,10000,33e63b89-d943-4034-b852-21801d82d164,同仁眼底激光治疗手册-魏文斌 2014_weknora.mhtml,同仁眼底激光治疗手册-魏文斌 2014_weknora.mhtml,completed,7f492349-8bde-4483-883f-f2949583e283,7b8071e6-cc7b-4c2f-84bb-bc5737c4591a,375,1069,8668c906cb8900a717bb6303cb2ae443d87eecbcdcd7f85258afedc8028a0c2d,"《同仁眼底激光治疗手册》由魏文斌、史雪辉编著，首都医科大学附属北京同仁医院眼科编写，2014年由人民卫生出版社出版。手册基于同仁医院眼科临床经验，系统介绍眼底病激光治疗的基本原理、适应证、操作规范及并发症防范，强调激光自20世纪60年代应用于眼科以来，已成为眼底病最基本的治疗技术。

手册首先阐述激光的基本概念与物理特性：激光即“受激辐射光放大”，1960年诞生首台红宝石激光器，1963年应用于眼科临床。激光具有单色性好、方向性好、相干性好、能量密度高等特性。在眼组织应用基础方面，激光依赖眼球屈光间质透明及眼底色素吸收特性；450～1000nm波长激光在透明屈光间质透射率达95%。眼底黑色素、血红蛋白和叶黄素对不同波长激光的吸收各异，影响治疗波长选择。激光生物学效应包括光热效应（温热、凝固、汽化、炭化、气化）、电离效应（如Q-Nd:YAG激光）和光化学效应（如光动力疗法）。

在激光器选择方面，手册按波长分类介绍了绿、黄、红、红外激光器的特点与适用情况：绿色激光常用于屈光间质透明时的视网膜光凝；黄色激光适合黄斑部病变及血管性疾病；红色及红外激光穿透力强，适用于屈光间质混浊、视网膜下及脉络膜疾病。激光治疗四要素为波长、光斑直径、曝光时间和输出功率，能量密度公式为D=P×T/A，参数需根据病变灵活调节。

临床部分涉及多种疾病：视网膜血管炎需根据FFA对无灌注区、新生血管及渗漏区进行播散光凝，出现视盘新生血管时行全视网膜光凝；急性视网膜坏死综合征可通过“堤坝式”光凝阻止坏死灶向后极部扩展，预防视网膜脱离。脉络膜骨瘤可选用激光光凝、TTT或PDT治疗；脉络膜转移癌首选TTT，也可用光凝或PDT，同时需关注患者全身状况，其生命预后较差。","# Summary
《同仁眼底激光治疗手册》由魏文斌、史雪辉编著，首都医科大学附属北京同仁医院眼科编写，2014年由人民卫生出版社出版。手册基于同仁医院眼科临床经验，系统介绍眼底病激光治疗的基本原理、适应证、操作规范及并发症防范，强调激光自20世纪60年代应用于眼科以来，已成为眼底病最基本的治疗技术。

手册首先阐述激光的基本概念与物理特性：激光即“受激辐射光放大”，1960年诞生首台红宝石激光器，1963年应用于眼科临床。激光具有单色性好、方向性好、相干性好、能量密度高等特性。在眼组织应用基础方面，激光依赖眼球屈光间质透明及眼底色素吸收特性；450～1000nm波长激光在透明屈光间质透射率达95%。眼底黑色素、血红蛋白和叶黄素对不同波长激光的吸收各异，影响治疗波长选择。激光生物学效应包括光热效应（温热、凝固、汽化、炭化、气化）、电离效应（如Q-Nd:YAG激光）和光化学效应（如光动力疗法）。

在激光器选择方面，手册按波长分类介绍了绿、黄、红、红外激光器的特点与适用情况：绿色激光常用于屈光间质透明时的视网膜光凝；黄色激光适合黄斑部病变及血管性疾病；红色及红外激光穿透力强，适用于屈光间质混浊、视网膜下及脉络膜疾病。激光治疗四要素为波长、光斑直径、曝光时间和输出功率，能量密度公式为D=P×T/A，参数需根据病变灵活调节。

临床部分涉及多种疾病：视网膜血管炎需根据FFA对无灌注区、新生血管及渗漏区进行播散光凝，出现视盘新生血管时行全视网膜光凝；急性视网膜坏死综合征可通过“堤坝式”光凝阻止坏死灶向后极部扩展，预防视网膜脱离。脉络膜骨瘤可选用激光光凝、TTT或PDT治疗；脉络膜转移癌首选TTT，也可用光凝或PDT，同时需关注患者全身状况，其生命预后较差。",2014年出版。本书是首都医科大学附属北京同仁医院眼科编著的眼底激光临床手册，面向眼科临床医生、进修医师及医学生，强调适应证、操作规范、参数选择和并发症防治。内容涵盖激光原理、眼组织光学与生物学效应、激光器及波长选择、光斑反应分级、光凝、经瞳孔温热疗法（TTT）、光动力疗法（PDT）、治疗前准备与操作。疾病部分包括糖尿病视网膜病变、视网膜静脉阻塞、视网膜大动脉瘤、视网膜血管炎、急性视网膜坏死、格子样变性、视网膜裂孔及局限性脱离、黄斑裂孔、Coats病、家族性渗出性玻璃体视网膜病变、中心性浆液性脉络膜视网膜病变、脉络膜新生血管、息肉状脉络膜血管病变，以及视网膜和脉络膜血管瘤、黑色素瘤、骨瘤、转移癌。重点涉及散瞳眼底检查、彩色眼底照相、荧光素眼底血管造影（FFA）、PRP、格栅及局灶光凝、NVE/NVD、黄斑水肿、激光参数和玻璃体切除手术衔接。
182,同仁眼科手术操作与技巧-魏文斌 2011,normalized_exact,23-眼科手术与操作技术,0ae37310-b90c-4b5b-9249-14be041abd93,10000,a18dac88-cc88-4d26-ae6f-904818ca6f6e,同仁眼科手术操作与技巧-魏文斌 2011_weknora.mhtml,同仁眼科手术操作与技巧-魏文斌 2011_weknora.mhtml,completed,6737759d-f185-4485-a708-0a012d398766,8bfa0ac6-bb26-4bf0-80ff-84bd72378064,380,1122,52c2bd2a70c5312df433998a316ac6cd671972824152fc6ea6626590a6549d7d,"《眼科手术操作与技巧》是由北京同仁医院眼科专家魏文斌、施玉英主编，人民卫生出版社2011年出版的眼科手术专著。全书共九篇59章，约60万字、插图约500幅，主要介绍外眼常见小手术、白内障、青光眼、角膜、玻璃体视网膜、眼外伤、斜视及眼部整形等各类手术，重点突出手术操作技巧、术者经验体会、适应证选择、围手术期注意事项和并发症防治，以临床实用为核心，兼具年轻医生教材和有经验医生参考书的定位。

前言中说明，尽管新技术不断涌现，显微手术仍是许多眼病的重要乃至唯一治疗方法，而良好手术设计、合理掌握适应证和精湛技术是影响疗效的关键。同仁医院眼科日门诊量超过2500人次、年手术量超过5万例，编写者均为临床一线手术专家。

书中开篇论述眼科显微手术的基本技术，包括术前无菌技术（抗生素应用、泪道冲洗、备皮）、手术野消毒铺巾、开睑与眼球固定技术、软化眼球技术（药物及机械降眼压），以及眼组织的镊持、切开、缝合、打结剪线拆线和止血技巧，强调操作细节对手术安全与效果的影响。麻醉章节介绍了表面麻醉、浸润麻醉、神经阻滞麻醉等方法及球后阻滞的并发症处理。

后半部分涉及玻璃体视网膜手术的术后处理，强调术后头位姿势对裂孔闭合的重要性，须根据裂孔位置保持相应体位，同时介绍了饮食、全身疾病处理、药物应用及术后眼部检查（视功能、眼前节、眼压、眼底观察）等具体内容。斜视相关内容中，甲状腺相关性眼病限制性斜视的手术需注意后徙量控制、下睑退缩的预防及并发症处理；斜视手术并发症章节系统阐述了术中并发症（做错肌肉、眼球穿通、出血、肌肉滑脱）、术后早期并发症（前节缺血、结膜植入性囊肿、复视、感染）及晚期并发症（下斜肌粘连综合征、远期再次手术）的原因、预防和处理方法。","# Summary
《眼科手术操作与技巧》是由北京同仁医院眼科专家魏文斌、施玉英主编，人民卫生出版社2011年出版的眼科手术专著。全书共九篇59章，约60万字、插图约500幅，主要介绍外眼常见小手术、白内障、青光眼、角膜、玻璃体视网膜、眼外伤、斜视及眼部整形等各类手术，重点突出手术操作技巧、术者经验体会、适应证选择、围手术期注意事项和并发症防治，以临床实用为核心，兼具年轻医生教材和有经验医生参考书的定位。

前言中说明，尽管新技术不断涌现，显微手术仍是许多眼病的重要乃至唯一治疗方法，而良好手术设计、合理掌握适应证和精湛技术是影响疗效的关键。同仁医院眼科日门诊量超过2500人次、年手术量超过5万例，编写者均为临床一线手术专家。

书中开篇论述眼科显微手术的基本技术，包括术前无菌技术（抗生素应用、泪道冲洗、备皮）、手术野消毒铺巾、开睑与眼球固定技术、软化眼球技术（药物及机械降眼压），以及眼组织的镊持、切开、缝合、打结剪线拆线和止血技巧，强调操作细节对手术安全与效果的影响。麻醉章节介绍了表面麻醉、浸润麻醉、神经阻滞麻醉等方法及球后阻滞的并发症处理。

后半部分涉及玻璃体视网膜手术的术后处理，强调术后头位姿势对裂孔闭合的重要性，须根据裂孔位置保持相应体位，同时介绍了饮食、全身疾病处理、药物应用及术后眼部检查（视功能、眼前节、眼压、眼底观察）等具体内容。斜视相关内容中，甲状腺相关性眼病限制性斜视的手术需注意后徙量控制、下睑退缩的预防及并发症处理；斜视手术并发症章节系统阐述了术中并发症（做错肌肉、眼球穿通、出血、肌肉滑脱）、术后早期并发症（前节缺血、结膜植入性囊肿、复视、感染）及晚期并发症（下斜肌粘连综合征、远期再次手术）的原因、预防和处理方法。",本书由魏文斌、施玉英主编，2011年出版，是北京同仁医院眼科临床专家编写的眼科显微手术实用专著，适合眼科初学手术者、住院医师及有经验医生参考。全书九篇59章，围绕术前评估、麻醉、手术操作、围术期处理及并发症防治展开，内容涵盖显微手术基本技术、局部与全身麻醉、眼睑、结膜、泪器及眼球摘除等常见小手术；白内障囊外摘除、超声乳化、人工晶状体植入与取出、儿童及复杂白内障联合手术；穿透性和板层角膜移植、羊膜移植及角膜上皮细胞培养移植；青光眼虹膜、滤过、房角、睫状体、引流阀及激光和联合手术；视网膜脱离、玻璃体切割、微创玻璃体手术；眼外伤、眼内异物、感染性眼内炎和眼眶骨折处理；眼睑整形、上睑下垂、眼睑肿瘤缺损修复、义眼台植入、结膜囊成形，以及共同性、麻痹性、A-V型和特殊类型斜视手术。书中特别强调适应证选择、术式设计、器械与操作技巧、术前检查、术后管理及并发症处理。
183,同仁眼科诊疗指南-魏文斌 2014,normalized_exact,22-检查：综合检查与仪器,16f1a07d-8623-4655-b09e-502d32d0610a,10000,d68a78ee-768d-4c74-93e8-c6a9239f0276,同仁眼科诊疗指南-魏文斌 2014_weknora.mhtml,同仁眼科诊疗指南-魏文斌 2014_weknora.mhtml,completed,b8898738-0bfd-4289-9777-eb0d0ca0b326,b70244ee-7bdb-425e-8dfc-d1be20e37bc6,372,1078,8bba0341f786079b873d01cffc7ccad18b40d87181bc95b14db2d41a28ac2968,"《同仁眼科诊疗指南》是由魏文斌主编、人民卫生出版社于2014年出版的眼科临床诊疗规范手册，内容基于北京同仁医院眼科百余年临床经验的积累。该院眼科为国家重点学科及首批国家临床重点专科，日接诊量达数千人次，为此本次修订旨在统一诊疗操作规范，以保障医疗质量。

在病史采集方面，指南规定了按一般资料、主诉、现病史、既往史、个人史、家族史逐项询问记录的要求，并强调两眼分别记录、患眼在先的注意事项。视功能检查部分详细介绍了远视力、近视力、视网膜功能、婴幼儿视力的检查方法，如国际标准视力表操作流程、指数/手动/光感的递进检测，以及注视反应、选择性观看、视动性眼震等婴幼儿检查法；同时涵盖动态与静态视野检查、色觉检查、立体视检查，并系统列出了伪装单眼全盲及视力减退的多种伪盲鉴别试验方法（如瞬目试验、三棱镜试验、Jackson试验等）及其与癔症性盲目、皮质盲、球后视神经炎的鉴别要点。

裂隙灯检查部分阐述了裂隙灯的结构、6种基本检查方法及角膜、前房、虹膜、瞳孔、晶状体、玻璃体、眼底等各部位的具体检查内容和操作要点，并介绍了前置镜、前房角镜等附件的应用。指南还涉及眼内感染性疾病的诊治，包括术后及外伤性眼内炎的急诊处理原则、内源性细菌性眼内炎的抗生素选择（头孢唑林、庆大霉素、环丙沙星等）及玻璃体切除术的适应证、晶状体过敏性眼内炎的诊断，以及虹膜囊肿（原发与继发性）和脉络膜血管瘤（孤立性与弥漫性）的临床表现、鉴别诊断与治疗方法。

书末附有大量临床参考数据，包括眼外肌解剖参数、眼眶及睫状神经节数据、小儿视力发育表、视力记录法换算表、WHO低视力与盲分级标准、各年龄调节力与近点距离、正常视野范围、隐斜及融合力参考值、眼压及激发试验正常参考值等。","# Summary
《同仁眼科诊疗指南》是由魏文斌主编、人民卫生出版社于2014年出版的眼科临床诊疗规范手册，内容基于北京同仁医院眼科百余年临床经验的积累。该院眼科为国家重点学科及首批国家临床重点专科，日接诊量达数千人次，为此本次修订旨在统一诊疗操作规范，以保障医疗质量。

在病史采集方面，指南规定了按一般资料、主诉、现病史、既往史、个人史、家族史逐项询问记录的要求，并强调两眼分别记录、患眼在先的注意事项。视功能检查部分详细介绍了远视力、近视力、视网膜功能、婴幼儿视力的检查方法，如国际标准视力表操作流程、指数/手动/光感的递进检测，以及注视反应、选择性观看、视动性眼震等婴幼儿检查法；同时涵盖动态与静态视野检查、色觉检查、立体视检查，并系统列出了伪装单眼全盲及视力减退的多种伪盲鉴别试验方法（如瞬目试验、三棱镜试验、Jackson试验等）及其与癔症性盲目、皮质盲、球后视神经炎的鉴别要点。

裂隙灯检查部分阐述了裂隙灯的结构、6种基本检查方法及角膜、前房、虹膜、瞳孔、晶状体、玻璃体、眼底等各部位的具体检查内容和操作要点，并介绍了前置镜、前房角镜等附件的应用。指南还涉及眼内感染性疾病的诊治，包括术后及外伤性眼内炎的急诊处理原则、内源性细菌性眼内炎的抗生素选择（头孢唑林、庆大霉素、环丙沙星等）及玻璃体切除术的适应证、晶状体过敏性眼内炎的诊断，以及虹膜囊肿（原发与继发性）和脉络膜血管瘤（孤立性与弥漫性）的临床表现、鉴别诊断与治疗方法。

书末附有大量临床参考数据，包括眼外肌解剖参数、眼眶及睫状神经节数据、小儿视力发育表、视力记录法换算表、WHO低视力与盲分级标准、各年龄调节力与近点距离、正常视野范围、隐斜及融合力参考值、眼压及激发试验正常参考值等。",本书由魏文斌主编，2014年出版，是北京同仁医院眼科临床诊疗规范与经验总结，适用于眼科医师、进修医师及相关医护人员。内容从病史采集和常用检查入手，涵盖视力、视野、色觉、裂隙灯、前房角镜、眼底、眼压、屈光及眼外肌功能检查，并介绍角膜地形图、角膜内皮显微镜、HRT、GDx、RetCam、超声、荧光素眼底血管造影、OCT和视觉电生理等特殊检查。疾病部分系统涉及眼睑、泪器、结膜、角膜、巩膜、晶状体、青光眼、葡萄膜、玻璃体视网膜、神经眼科、眼视光、斜视弱视、眼眶、眼外伤及眼与全身病，重点包括白内障、各型青光眼、葡萄膜炎、视网膜脱离、黄斑病变、糖尿病视网膜病变、视神经病变、屈光不正和眼眶肿瘤等。书中结合药物、激光、注射、屈光手术、斜视手术、眼睑及泪道手术、眼外伤缝合、眼内炎前房冲洗和玻璃体内注药等治疗技术，突出临床诊断、鉴别、操作规范与疗效评估。
184,同仁荧光素眼底血管造影-魏文斌 2014,normalized_exact,06-眼底病与视网膜内科,f900fe21-9deb-47e0-bf36-ce06022cae92,10000,9c37e131-0d3c-4d4c-b8c6-9692eb0f67df,同仁荧光素眼底血管造影-魏文斌 2014_weknora.mhtml,同仁荧光素眼底血管造影-魏文斌 2014_weknora.mhtml,completed,6a0f8973-7f8d-4dfa-b3a3-949ef84b09e5,e6097dbf-10d3-49a5-960a-6c8f47665c91,364,1052,77a5fad53f77d00fac131b52600d9ebac55e9d2be929bed53768d3490542fa04,"《同仁荧光素眼底血管造影手册》由魏文斌、杨丽红编著，属同仁眼科手册系列，2014年由人民卫生出版社出版。前言指出，该手册基于北京同仁医院眼科的临床积累，同仁医院眼科已有127年历史，为国家级重点学科和首批国家临床重点专科，2012年门诊量达93万人次。眼底荧光血管造影（FFA）自20世纪60年代应用于临床，至今仍是眼底病诊断、鉴别诊断、治疗与随诊的基本影像技术。

第一章阐述基本理论。荧光素钠吸收光谱位于465—490nm蓝光区，发射光谱位于520—530nm黄绿区，可通过滤光片区分激发光与荧光；其80%以上与血浆蛋白结合，游离分子可自由通过脉络膜毛细血管和Bruch膜，但无法通过血视网膜屏障及RPE封闭小带。造影流程包括造影前眼底检查、自发荧光拍摄（对卵黄样病变、Stargardt病、中浆等有价值）、皮试、静脉注射（成人常规3—5ml）及分期拍片。不良反应分轻、中、重度，恶心呕吐最常见（发生率低于5%），重度反应罕见，文献报道22万例研究中出现1例相关性死亡。设备部分重点介绍海德堡HRA-Ⅱ共焦激光扫描造影仪，其优势包括分辨率高、曝光量低、立体造影、动态造影、FFA与ICGA同步造影以及对老幼患者更安全。

第二章总结读片六原则：同病异影、异病同影、形影不离（须结合眼底彩照）、时移影异（以时间为主线动态观察）、鉴影度形（分析异常荧光形态）、相时而动（对特定病变做动态观察）。

第七章介绍视网膜静脉阻塞，将中央静脉阻塞分为不完全性、轻中度及严重缺血性三类，FFA是区分缺血型与非缺血型的可靠手段；视网膜分支静脉阻塞多发生于动静脉交叉处，44%—60%累及颞上支，无灌注区超过5个视盘面积者须密切随诊有无新生血管。另介绍IRVAN综合征，以多发后极部动脉瘤、周边视网膜血管阻塞和血管炎为特征，需与Coats病鉴别。第八章提及梅毒性脉络膜视网膜炎眼底表现多样。第十五章讲述脉络膜骨瘤、黑色素瘤、转移癌及黑色素细胞瘤等肿瘤的FFA与ICGA特征。","# Summary
《同仁荧光素眼底血管造影手册》由魏文斌、杨丽红编著，属同仁眼科手册系列，2014年由人民卫生出版社出版。前言指出，该手册基于北京同仁医院眼科的临床积累，同仁医院眼科已有127年历史，为国家级重点学科和首批国家临床重点专科，2012年门诊量达93万人次。眼底荧光血管造影（FFA）自20世纪60年代应用于临床，至今仍是眼底病诊断、鉴别诊断、治疗与随诊的基本影像技术。

第一章阐述基本理论。荧光素钠吸收光谱位于465—490nm蓝光区，发射光谱位于520—530nm黄绿区，可通过滤光片区分激发光与荧光；其80%以上与血浆蛋白结合，游离分子可自由通过脉络膜毛细血管和Bruch膜，但无法通过血视网膜屏障及RPE封闭小带。造影流程包括造影前眼底检查、自发荧光拍摄（对卵黄样病变、Stargardt病、中浆等有价值）、皮试、静脉注射（成人常规3—5ml）及分期拍片。不良反应分轻、中、重度，恶心呕吐最常见（发生率低于5%），重度反应罕见，文献报道22万例研究中出现1例相关性死亡。设备部分重点介绍海德堡HRA-Ⅱ共焦激光扫描造影仪，其优势包括分辨率高、曝光量低、立体造影、动态造影、FFA与ICGA同步造影以及对老幼患者更安全。

第二章总结读片六原则：同病异影、异病同影、形影不离（须结合眼底彩照）、时移影异（以时间为主线动态观察）、鉴影度形（分析异常荧光形态）、相时而动（对特定病变做动态观察）。

第七章介绍视网膜静脉阻塞，将中央静脉阻塞分为不完全性、轻中度及严重缺血性三类，FFA是区分缺血型与非缺血型的可靠手段；视网膜分支静脉阻塞多发生于动静脉交叉处，44%—60%累及颞上支，无灌注区超过5个视盘面积者须密切随诊有无新生血管。另介绍IRVAN综合征，以多发后极部动脉瘤、周边视网膜血管阻塞和血管炎为特征，需与Coats病鉴别。第八章提及梅毒性脉络膜视网膜炎眼底表现多样。第十五章讲述脉络膜骨瘤、黑色素瘤、转移癌及黑色素细胞瘤等肿瘤的FFA与ICGA特征。",本书由魏文斌、杨丽红编著，2014年出版，面向眼科临床医生、眼科医学生及相关进修人员，定位为荧光素眼底血管造影（FFA）的临床实用手册。全书围绕荧光成像原理、荧光素钠造影剂、检查流程、设备使用及不良反应预防处理展开，系统讲解读片原则、造影报告书写、正常荧光分期，以及透见荧光、荧光积存、着染、渗漏、遮蔽和无灌注等异常荧光表现。正文按疾病影像特点组织，涵盖玻璃疣、老年黄斑变性、黄斑裂孔、中心性浆液性脉络膜视网膜病变、息肉样脉络膜血管病变、病理性近视、视网膜动静脉阻塞、Coats病、Eales病、糖尿病视网膜病变、炎症性及遗传性视网膜疾病、视网膜脱离、外伤性眼底病变、全身病相关眼底改变、视神经疾病，以及视网膜和脉络膜肿瘤。书中结合眼底彩照、自发荧光、动态及广角造影图像，突出FFA在诊断、鉴别诊断、治疗决策和疗效随访中的应用。
185,同仁角结膜病例精解-孙旭光 2014,normalized_exact,02-角膜与眼表,f041b2b7-3147-4deb-a2f2-0de5cc53d296,10000,2f064609-b9e2-4cd1-a1df-1c1ca954ce18,同仁角结膜病例精解-孙旭光 2014_weknora.mhtml,同仁角结膜病例精解-孙旭光 2014_weknora.mhtml,completed,3c800633-9e56-473c-8ed7-67c0408ebbbf,6c5dd800-fd6b-4d28-a818-66853ed4ad40,361,1061,0624603b86d080dfae2d25551a769121d88c93c994708d963788030558ccffdf,"《同仁角结膜病例精粹》是由孙旭光主编、人民军医出版社于2014年4月出版的临床眼科学专著，副主编为梁庆丰。全书约118千字，定价56.00元。该书汇集了北京同仁医院眼科研究组在临床实践中积累的典型与疑难角结膜病例，旨在通过实际病例从疾病、患者及医生经验三方面分享角膜疾病的诊治思路，提高临床诊疗水平。

前言指出，典型病例是认识疾病的出发点，疑难病例是建立临床诊疗思路与积累经验的基础。书中病例覆盖范围广泛，包括在不同危险因素下发生的多种病原体角膜感染，如外伤或角膜塑形镜相关的阿米巴及奴卡菌性角膜炎；与全身疾病相关的角膜病变，如银屑病相关性角膜病变、先天性红细胞生成性卟啉病合并巩膜病变、甲状腺功能亢进相关性Theodore上方角膜缘角结膜炎；常见的典型病例，如眼睑阴虱感染、红斑痤疮并发眼部病变、药源性角膜病变；少见的准分子激光角膜磨镶术后非结核分枝杆菌性角膜炎及儿童眼部带状疱疹；以及罕见的先天性痛觉缺失伴角膜溃疡等。

第1章“感染性角结膜病”收录多个具体病例，包括放射状角膜切开术后铜绿假单胞菌性角膜炎、角膜塑形镜相关奴卡菌性角膜炎、准分子激光角膜磨镶术后单眼及双眼非结核分枝杆菌性角膜炎、蕈状芽胞杆菌性角膜炎以及外伤后放线菌性角膜炎。各病例均按“病例摘要—病例讨论”结构编排，详述患者病史、眼部检查、实验室检查、临床诊断、治疗经过及经验总结。后续章节还涉及红斑痤疮性眼部病变、Theodore上方角膜缘角结膜炎、眼睑板腺癌及原发性虹膜基质囊肿等病例，并配有裂隙灯照片、病理检查及影像学图片。全书强调药物与手术相结合、局部与全身治疗相结合的诊治原则，并提醒注意医源性感染防控及疑难病例的鉴别诊断。","# Summary
《同仁角结膜病例精粹》是由孙旭光主编、人民军医出版社于2014年4月出版的临床眼科学专著，副主编为梁庆丰。全书约118千字，定价56.00元。该书汇集了北京同仁医院眼科研究组在临床实践中积累的典型与疑难角结膜病例，旨在通过实际病例从疾病、患者及医生经验三方面分享角膜疾病的诊治思路，提高临床诊疗水平。

前言指出，典型病例是认识疾病的出发点，疑难病例是建立临床诊疗思路与积累经验的基础。书中病例覆盖范围广泛，包括在不同危险因素下发生的多种病原体角膜感染，如外伤或角膜塑形镜相关的阿米巴及奴卡菌性角膜炎；与全身疾病相关的角膜病变，如银屑病相关性角膜病变、先天性红细胞生成性卟啉病合并巩膜病变、甲状腺功能亢进相关性Theodore上方角膜缘角结膜炎；常见的典型病例，如眼睑阴虱感染、红斑痤疮并发眼部病变、药源性角膜病变；少见的准分子激光角膜磨镶术后非结核分枝杆菌性角膜炎及儿童眼部带状疱疹；以及罕见的先天性痛觉缺失伴角膜溃疡等。

第1章“感染性角结膜病”收录多个具体病例，包括放射状角膜切开术后铜绿假单胞菌性角膜炎、角膜塑形镜相关奴卡菌性角膜炎、准分子激光角膜磨镶术后单眼及双眼非结核分枝杆菌性角膜炎、蕈状芽胞杆菌性角膜炎以及外伤后放线菌性角膜炎。各病例均按“病例摘要—病例讨论”结构编排，详述患者病史、眼部检查、实验室检查、临床诊断、治疗经过及经验总结。后续章节还涉及红斑痤疮性眼部病变、Theodore上方角膜缘角结膜炎、眼睑板腺癌及原发性虹膜基质囊肿等病例，并配有裂隙灯照片、病理检查及影像学图片。全书强调药物与手术相结合、局部与全身治疗相结合的诊治原则，并提醒注意医源性感染防控及疑难病例的鉴别诊断。",本书为孙旭光主编、2014年出版的角结膜疾病临床病例专著，适合眼科医师、角膜病专业人员及研究生学习诊疗思路。全书精选43例典型、疑难及罕见病例，涵盖感染性角结膜病、免疫性角结膜病、神经麻痹性角膜病、角膜营养不良及变性、药源性角结膜病和其他角结膜病。内容涉及铜绿假单胞菌、奴卡菌、非结核分枝杆菌、真菌、棘阿米巴及带状疱疹等感染，角膜塑形镜和LASIK术后并发症，赖特综合征、银屑病、红斑痤疮、甲状腺功能异常相关病变，神经营养性角膜病、遗传性角膜营养不良、药物毒性角膜溃疡，以及角膜上皮增生、巩膜囊肿、翼状胬肉术后溃疡和睑板腺癌等。重点展示裂隙灯、荧光素染色、角膜刮片、细菌及真菌培养、药敏试验、组织病理、角膜共聚焦显微镜和眼部超声等检查，并结合强化抗菌、抗真菌、抗阿米巴、免疫抑制、人工泪液、角膜瓣切除及结膜手术等治疗技术。
186,图解临床青光眼诊治-张秀兰 2014,normalized_exact,05-青光眼,8bf942e4-80dc-4a8a-87cf-486f897fe2bd,10000,a74ee14a-ce12-4275-96fc-c6641ab4ace0,图解临床青光眼诊治-张秀兰 2014_weknora.mhtml,图解临床青光眼诊治-张秀兰 2014_weknora.mhtml,completed,,,421,1181,82544312329f9d9169e3058babbd8f30c36c752fc4c670d96835a96386853b09,,,本书为张秀兰、王宁利著、2014年出版的青光眼临床图解专著，适合医学生、研究生、各级眼科医师及青光眼专业学习者。全书以近2000幅病例图片串联临床思维，内容涵盖原发性闭角型青光眼、原发性开角型青光眼、儿童青光眼、继发性青光眼、混合性青光眼及绝对期青光眼，并系统介绍药物、激光和手术治疗。重点涉及房角镜、裂隙灯、眼底、UBM、前段及后段OCT、视野、HRT、B超、ICG、CT、MRI等检查影像；讨论瞳孔阻滞、高褶虹膜、脉络膜膨胀、正常眼压性青光眼及跨筛板压力差等机制，以及肝豆状核变性、葡萄膜炎、外伤、晶状体疾病、肿瘤、糖皮质激素、色素播散、假性剥脱和新生血管性青光眼等。手术部分详述周边虹膜切除、小梁切除、非穿透小梁切除、小梁切开、Schlemm管成形、EX-PRESS及房水引流阀植入、睫状体光凝、白内障及联合手术，并展示滤过泡、浅前房、低眼压、恶性青光眼等并发症处理；末章专门讲解青光眼与非青光眼性视神经病变的视盘、视野及神经影像鉴别。
187,图解眼底病-张卯年、黄厚斌 2013,normalized_exact,06-眼底病与视网膜内科,f900fe21-9deb-47e0-bf36-ce06022cae92,10000,2697a3d8-2235-46ed-95d7-a6c2d9be0536,图解眼底病-张卯年、黄厚斌 2013_weknora.mhtml,图解眼底病-张卯年、黄厚斌 2013_weknora.mhtml,completed,,,374,1058,7c83daa94ba56cc88167245a1c3b85a4949b38cb552a83af9cd71c8fd0d8ccf5,,,2013年出版，张卯年、黄厚斌主编。本书定位为眼底病图像识别与鉴别诊断工具，适用于青年医师、眼底病医师及研究生。全书以“看图识病”为特色，汇集950余幅临床图像，先介绍正常眼底、荧光血管造影（FFA）和脉络膜血管造影（ICGA），继而涵盖眼底先天异常、遗传性视网膜脉络膜变性与营养障碍、视网膜血管性疾病、视网膜脱离、黄斑部疾病、视网膜及脉络膜炎性疾病、视盘及眼底肿瘤、视乳头与视神经病及其他疾病。重点涉及视网膜血管阻塞、Coats病、ROP、糖尿病及全身血管病眼底表现、孔源性视网膜脱离、年龄相关黄斑变性、中心性浆液性视网膜脉络膜病变、脉络膜新生血管、黄斑裂孔、葡萄膜炎、视网膜肿瘤、视乳头水肿和寄生虫等，并配有眼底彩照、无赤光像、自发荧光、FFA、ICGA及OCT等影像，部分病例结合全身和实验室检查，亦涉及视网膜脱离、玻璃体手术等临床技术背景。
188,图解青光眼手术操作与技巧-张秀兰 2016,normalized_exact,05-青光眼,8bf942e4-80dc-4a8a-87cf-486f897fe2bd,10000,6cbdb30e-6f05-4f4c-ae05-77eed5ad6472,图解青光眼手术操作与技巧-张秀兰 2016_weknora.mhtml,图解青光眼手术操作与技巧-张秀兰 2016_weknora.mhtml,completed,373f2c86-c905-4a2d-b2bc-6423270cc060,8fe71274-71e0-4f86-b603-d5018493df21,420,1156,c198502019f6008b8690a0667900a5e4ac510d608dac7fd567147fae62036079,"# 图解青光眼手术 操作与技巧

Illustrated

Surgical Techniques and Pearls of Glaucoma

张秀兰 王宁利/著

Xiulan Zhang Ningli Wang ( Author)

葛坚 叶天才/审

Jian Ge Tiancai Ye (Review)

# 图解青光眼手术 操作与技巧

张秀兰 王宁利 / 著

葛坚 叶天才/审

张秀兰 中山大学中山眼科中心

王宁利 首都医科大学北京同仁眼科中心

葛坚 中山大学中山眼科中心

叶天才 中山大学中山眼科中心

## 图书在版编目（CIP）数据

图解青光眼手术操作与技巧 /
张秀兰，王宁利著．—北京：人民卫生出版社，2016

ISBN 978-7-117-22819-0

版次：2016年9月第1版 2016年9月第1版第1次印刷

标准书号：ISBN 978-7-117-22819-0/R·22820

## Illustrated

# Surgical Techniques and Pearls of Glaucoma

## Authored by

Xiu","# Summary
# 图解青光眼手术 操作与技巧

Illustrated

Surgical Techniques and Pearls of Glaucoma

张秀兰 王宁利/著

Xiulan Zhang Ningli Wang ( Author)

葛坚 叶天才/审

Jian Ge Tiancai Ye (Review)

# 图解青光眼手术 操作与技巧

张秀兰 王宁利 / 著

葛坚 叶天才/审

张秀兰 中山大学中山眼科中心

王宁利 首都医科大学北京同仁眼科中心

葛坚 中山大学中山眼科中心

叶天才 中山大学中山眼科中心

## 图书在版编目（CIP）数据

图解青光眼手术操作与技巧 /
张秀兰，王宁利著．—北京：人民卫生出版社，2016

ISBN 978-7-117-22819-0

版次：2016年9月第1版 2016年9月第1版第1次印刷

标准书号：ISBN 978-7-117-22819-0/R·22820

## Illustrated

# Surgical Techniques and Pearls of Glaucoma

## Authored by

Xiu",本书为2016年出版的青光眼手术图解参考书，主要面向眼科住院医师、主治及中高级医师、进修医生和研究生。全书以大量手术照片、视频和问答，围绕术前沟通、术前用药、麻醉及术中通用操作展开，系统介绍周边虹膜切除术、小梁切除术、儿童青光眼手术、EX-PRESS微型引流器和房水引流阀植入术，涵盖结膜瓣、巩膜瓣、前房穿刺、滤过泡调控及术中术后并发症处理；并论述睫状体光凝、内镜光凝、HIFU等睫状体分泌功能减弱性手术，以及Schlemm管成形术、小梁消融术、CLASS等新型非滤过泡依赖手术。后半部分重点讲解白内障手术在青光眼中的应用，包括Phaco、ECCE、ICCE、人工晶状体植入、青白联合手术及恶性青光眼处理。涉及原发性开角型和闭角型青光眼、急性闭角、儿童青光眼、恶性青光眼、新生血管性青光眼、ICE综合征、硅油眼、Coats病及移植术后继发性青光眼，并涉及房角镜、UBM、滤过泡、浅前房、低眼压、脉络膜出血、眼内炎等检查、影像与并发症关键词。
189,复杂病例白内障手术学-姚克 2004,normalized_exact,03-白内障：晶状体与人工晶体,a0f47c80-3a66-46c8-8315-43b41ce357ea,10000,d7a4732e-bd01-4d1e-869b-e65bbf1a4a53,复杂病例白内障手术学-姚克 2004_weknora.mhtml,复杂病例白内障手术学-姚克 2004_weknora.mhtml,completed,fe175e47-fe38-4648-83e5-ad193d523cf6,0d22a5e1-2cb7-40ff-abda-8f5a46f6ea79,368,1092,46a27d682f73879eb723a1935269bec5a007f5ffb8cb7161fde08b7de3f22cce,"文档围绕复杂病例中的白内障手术，重点介绍硬核白内障超声乳化及相关器械、人工晶状体和囊袋支持技术。首先，硬核程度可依据晶状体核颜色、混浊情况、眼底红光反射及患者年龄进行评估，通常参照Emery和Little的Ⅰ～Ⅴ级标准。硬核白内障常伴有核大而硬、红光反射差或消失、囊膜脆弱及悬韧带松弱等特点，手术中主要面临撕囊困难、后囊破裂风险增加以及超声能量和操作时间较长导致角膜内皮、虹膜损伤等问题。

为提高手术安全性，术前需进行充分准备，包括抗感染、镇静、控制咳嗽和便秘、合理使用抗炎或激素药物、降低眼压以及充分散瞳。完整而连续的前囊撕囊是硬核超声乳化的重要基础，可采用开罐式截囊或连续环形撕囊，并根据人工晶状体植入位置控制囊口大小。充分的囊下水分离和层间水分离能够使晶状体核、皮质及囊膜分层游离，减少对后囊和悬韧带的牵拉。

文中还系统介绍了多种硬核处理方法，包括中央蚀刻与核去除、四分原位碎核、刻槽式及多方向分块清除、弹坑式分块清除、乳化劈裂和拦截劈裂等。不同方法应根据核硬度、大小、皮质情况及术者经验选择，并强调保持前房稳定、使用粘弹剂保护角膜内皮、降低超声能量和轻柔操作。

对于悬韧带损伤或晶状体脱位病例，囊袋张力环可通过均匀的环形支撑稳定囊袋、减少玻璃体脱出和人工晶状体偏位，必要时可结合巩膜缝线固定或采用自制聚丙烯张力环。随着小切口超声乳化的发展，折叠式人工晶状体逐渐取代硬性PMMA晶状体，相关材料包括硅凝胶、水凝胶和可折叠丙烯酸酯。文末介绍Sovereign超声乳化系统的同步反馈、数字化脚踏板、轻巧手柄、可重复使用管道及“白星”冷超声技术，强调通过高负压、低能量和减少热效应来维持前房稳定、保护角膜并促进术后视力恢复。","# Summary
文档围绕复杂病例中的白内障手术，重点介绍硬核白内障超声乳化及相关器械、人工晶状体和囊袋支持技术。首先，硬核程度可依据晶状体核颜色、混浊情况、眼底红光反射及患者年龄进行评估，通常参照Emery和Little的Ⅰ～Ⅴ级标准。硬核白内障常伴有核大而硬、红光反射差或消失、囊膜脆弱及悬韧带松弱等特点，手术中主要面临撕囊困难、后囊破裂风险增加以及超声能量和操作时间较长导致角膜内皮、虹膜损伤等问题。

为提高手术安全性，术前需进行充分准备，包括抗感染、镇静、控制咳嗽和便秘、合理使用抗炎或激素药物、降低眼压以及充分散瞳。完整而连续的前囊撕囊是硬核超声乳化的重要基础，可采用开罐式截囊或连续环形撕囊，并根据人工晶状体植入位置控制囊口大小。充分的囊下水分离和层间水分离能够使晶状体核、皮质及囊膜分层游离，减少对后囊和悬韧带的牵拉。

文中还系统介绍了多种硬核处理方法，包括中央蚀刻与核去除、四分原位碎核、刻槽式及多方向分块清除、弹坑式分块清除、乳化劈裂和拦截劈裂等。不同方法应根据核硬度、大小、皮质情况及术者经验选择，并强调保持前房稳定、使用粘弹剂保护角膜内皮、降低超声能量和轻柔操作。

对于悬韧带损伤或晶状体脱位病例，囊袋张力环可通过均匀的环形支撑稳定囊袋、减少玻璃体脱出和人工晶状体偏位，必要时可结合巩膜缝线固定或采用自制聚丙烯张力环。随着小切口超声乳化的发展，折叠式人工晶状体逐渐取代硬性PMMA晶状体，相关材料包括硅凝胶、水凝胶和可折叠丙烯酸酯。文末介绍Sovereign超声乳化系统的同步反馈、数字化脚踏板、轻巧手柄、可重复使用管道及“白星”冷超声技术，强调通过高负压、低能量和减少热效应来维持前房稳定、保护角膜并促进术后视力恢复。",本书为姚克主编、2004年出版的复杂白内障手术专著，适合眼科医师、白内障及超声乳化手术医师、研究生和临床进修人员。全书围绕复杂病例的评估、术式选择、操作技术与并发症处理展开，涵盖硬核、过熟期、晶状体脱位、外伤性白内障及后囊缺陷；高度近视、远视小眼球、角膜散光、小瞳孔、虹膜缺损、葡萄膜炎、儿童和糖尿病患者；青光眼、角膜屈光、人工晶状体及玻璃体视网膜手术后的白内障。还系统介绍虹膜手术、联合青光眼滤过、角膜移植和玻璃体视网膜手术，特殊人工晶状体植入、无囊膜支持植入、人工晶状体置换、双联人工晶状体、囊袋张力环及折叠式人工晶状体技术，以及术中、术后并发症防治。重点关键词包括晶状体核硬度分级、裂隙灯检查、房角镜、B超、X线、眼电生理、连续环形撕囊、粘弹剂、水分离、劈核、超声乳化参数、玻璃体切除、后囊混浊、青光眼、黄斑囊样水肿和视网膜脱离。
190,头颈部影像学（眼科卷）-鲜军舫 2013,normalized_exact,16-检查：CT 与 MRI,c9231d63-fc70-4995-be25-876189e90f6d,10000,a54aef66-70c5-4e2e-80b1-4a0ba7e1e3ec,头颈部影像学（眼科卷）-鲜军舫 2013_weknora.mhtml,头颈部影像学（眼科卷）-鲜军舫 2013_weknora.mhtml,completed,,,365,1047,11a01031a0d5e0dc95880ae4a808f4b2805dd4efaf79571b5d1da670a93cd1dc,,,本书出版于2013年，是头颈部影像学丛书眼科分卷，面向影像科医师及眼科、耳鼻咽喉头颈外科、神经内外科医师，强调临床病例、检查路径、诊断要点、疗效评估及术后改变。全书包括眼部解剖生理、X线、超声、CT、MRI、MRA及正常影像解剖；眼球先天异常、炎症、Coats病、视网膜及脉络膜脱离、白内障、青光眼和眼球肿瘤；眼眶发育异常、炎症、囊肿、视神经病变、骨肿瘤、神经源性及血管性病变、横纹肌肉瘤、全身病和造血系统肿瘤的眼部表现；眼睑、泪道、泪腺疾病及眼外伤，包括异物定位、眼球破裂、眶壁骨折、视神经管损伤；并介绍视路、视皮质、眼球运动、三叉神经和面神经相关的神经眼科影像诊断，以及视网膜脱离术、眼外伤、眼眶手术、眼球肿物切除和人工晶状体植入术后的影像学。书末收录大量与眼有关的综合征，涉及超声、增强MRI、脂肪抑制、DTI等技术关键词。
191,实用眼科临床病理-陈荣家 2009,normalized_exact,01-眼科综合：基础与全身病,09c593aa-1a64-48de-af81-fc4d30d551b4,10000,4f573732-6a08-48e7-b5f8-c7d054139666,实用眼科临床病理-陈荣家 2009_weknora.mhtml,实用眼科临床病理-陈荣家 2009_weknora.mhtml,completed,2ae946f4-80c2-4d88-91d9-cb3a4f382271,cfb38792-c30b-44a2-ad59-cfac274e949d,332,976,58df92f68784b34ddb6ed582b1df8cd22281e121c3acb3d8b46e46bd72cb535e,"《实用眼科临床病理》是由陈荣家、毕颖文编著、复旦大学出版社2009年出版的眼科病理学专著，属于孙兴怀总主编的“眼病诊治图谱与精要丛书”。据序言与前言介绍，该丛书旨在借助大量临床图片与诊治要点相结合的方式，帮助各级眼科医师尤其是年轻医师掌握眼病特征；本书则基于复旦大学附属眼耳鼻喉科医院眼科病理室自1953年建立以来积累的丰富病例资料，突出临床病理诊断的实用性与科学性。

正文内容按眼部组织学顺序展开。第一章为眼球组织常见病变的病理形态学，先展示正常角膜、房角、眼球壁、视网膜、视神经及泪腺的组织学形态；随后分述角膜营养不良（颗粒状、斑点状、格子状）、角膜带状变性、角膜炎症、大泡性角膜病变和角膜葡萄肿的病理特点，并介绍后巩膜炎、巩膜穿孔伤与眼内炎、眼球痨。青光眼的组织病理表现包括房角结构破坏、虹膜睫状体萎缩、视神经乳头凹陷加深等；葡萄膜病变涵盖急性化脓性葡萄膜炎和交感性眼炎；视网膜玻璃体病变涉及玻璃体混浊的先天性、内因性、外因性分类，视网膜劈裂，早产儿视网膜病变及增殖性玻璃体视网膜症；此外还总结了眼球萎缩的临床表现与组织病理变化。

后续章节涉及眼部肿瘤性病变。虹膜睫状体部分述及上皮细胞增生、虹膜囊肿、睫状体无色素上皮腺瘤与腺癌、髓上皮瘤（好发于2～4岁幼儿，可表现为青光眼、白瞳症等，Zimmerman将其分为畸胎瘤样和非畸胎瘤样两型），以及眼球内神经鞘瘤和睫状体平滑肌瘤；另记载一例4月龄男婴中间型分化脉络膜黑色素细胞性肿瘤。第八章系统阐述黏膜相关淋巴组织结外边缘区B细胞淋巴瘤（MALT）的概述、组织病理学形态（边缘区B细胞增生、淋巴上皮病变、淋巴滤泡植入等）、鉴别诊断及预后，指出其病程惰性、对放疗敏感，但可向弥漫大B细胞淋巴瘤转化。","# Summary
《实用眼科临床病理》是由陈荣家、毕颖文编著、复旦大学出版社2009年出版的眼科病理学专著，属于孙兴怀总主编的“眼病诊治图谱与精要丛书”。据序言与前言介绍，该丛书旨在借助大量临床图片与诊治要点相结合的方式，帮助各级眼科医师尤其是年轻医师掌握眼病特征；本书则基于复旦大学附属眼耳鼻喉科医院眼科病理室自1953年建立以来积累的丰富病例资料，突出临床病理诊断的实用性与科学性。

正文内容按眼部组织学顺序展开。第一章为眼球组织常见病变的病理形态学，先展示正常角膜、房角、眼球壁、视网膜、视神经及泪腺的组织学形态；随后分述角膜营养不良（颗粒状、斑点状、格子状）、角膜带状变性、角膜炎症、大泡性角膜病变和角膜葡萄肿的病理特点，并介绍后巩膜炎、巩膜穿孔伤与眼内炎、眼球痨。青光眼的组织病理表现包括房角结构破坏、虹膜睫状体萎缩、视神经乳头凹陷加深等；葡萄膜病变涵盖急性化脓性葡萄膜炎和交感性眼炎；视网膜玻璃体病变涉及玻璃体混浊的先天性、内因性、外因性分类，视网膜劈裂，早产儿视网膜病变及增殖性玻璃体视网膜症；此外还总结了眼球萎缩的临床表现与组织病理变化。

后续章节涉及眼部肿瘤性病变。虹膜睫状体部分述及上皮细胞增生、虹膜囊肿、睫状体无色素上皮腺瘤与腺癌、髓上皮瘤（好发于2～4岁幼儿，可表现为青光眼、白瞳症等，Zimmerman将其分为畸胎瘤样和非畸胎瘤样两型），以及眼球内神经鞘瘤和睫状体平滑肌瘤；另记载一例4月龄男婴中间型分化脉络膜黑色素细胞性肿瘤。第八章系统阐述黏膜相关淋巴组织结外边缘区B细胞淋巴瘤（MALT）的概述、组织病理学形态（边缘区B细胞增生、淋巴上皮病变、淋巴滤泡植入等）、鉴别诊断及预后，指出其病程惰性、对放疗敏感，但可向弥漫大B细胞淋巴瘤转化。",本书为2009年出版的眼科临床病理图谱，面向眼科、病理科、肿瘤科、放疗科医师及相关专业人员，强调临床表现、辅助检查、影像资料与组织病理形态的结合。全书涵盖正常眼球组织及角膜、巩膜、葡萄膜、视网膜玻璃体等常见病变；眼睑良恶性肿瘤；角膜、结膜肿瘤及色素性病变；视网膜母细胞瘤、葡萄膜黑色素瘤、眼内淋巴瘤等眼球内肿瘤；眼眶囊肿、血管瘤、脑膜瘤、神经胶质瘤、神经鞘瘤、横纹肌肉瘤及转移瘤；泪腺、泪囊肿瘤；眼部黑色素细胞性病变，以及结外边缘区B细胞淋巴瘤。重点涉及角膜营养不良、青光眼、葡萄膜炎、增殖性玻璃体视网膜症、皮脂腺癌、基底细胞癌、恶性黑色素瘤和视网膜母细胞瘤等，配有临床照片、CT、MRI、眼部辅助检查、组织学切片及免疫组化资料，并涉及泪腺肿瘤治疗与肿瘤鉴别诊断。
192,实用眼科诊断-施殿雄 2004,normalized_exact,22-检查：综合检查与仪器,16f1a07d-8623-4655-b09e-502d32d0610a,10000,d28ff1ff-8a05-4c69-9cda-2264c5f53f10,实用眼科诊断-施殿雄 2004_weknora.mhtml,实用眼科诊断-施殿雄 2004_weknora.mhtml,completed,a7b79c8a-b3f1-4483-9ca5-156317cb3472,6f434e61-b139-4b71-b079-c9c3fb37b601,376,1112,09f8126167866306d31273b7f2c333146df9b60c121255553b88c80af32fa72f,"《实用眼科诊断》是一部面向眼科临床，尤其适合初入门及住院医师使用的诊断学参考书。作者施殿雄曾在国内医院从事眼科工作近30年，并在美国眼科研究机构工作约20年，本书是在《眼科检查与诊断》的基础上结合中美临床经验大幅重写而成，旨在为中国眼科医师提供较新的诊疗资料，帮助其改进常规、提高诊疗水平。

全书以临床实用为核心，系统介绍常用检查方法、临床理论、病史采集、症状与体征的分析逻辑，以及常见眼病的临床诊断和鉴别诊断。作者强调诊断要点、常见病优先原则和容易出现的诊断误区，并通过插图、彩图及相似疾病组合图，帮助读者比较不同疾病的表现；书中还选择性介绍治疗原则，并附有美国眼科诊疗概况、英文缩写、眼病综合征及索引。

书中关于病史采集指出，主诉应简明记录眼别、发作方式、主要症状、严重程度、病情变化和病程；现病史则需围绕症状性质、部位、时间、经过、既往史及全身情况进行有针对性的追问。视觉性症状包括视物模糊、飞蚊症、虹视、视野缺损、复视、视物变形、闪光感、色视症和夜盲等，不同表现分别提示屈光问题、青光眼、玻璃体或视网膜病变、黄斑疾病、视神经及视路异常等。感觉性症状包括眼部不适、奇痒、异物感、畏光、流泪、视疲劳和眼痛，诊断时需结合症状的部位、诱因、持续时间及伴随表现。

节选内容还涉及视网膜和脉络膜的解剖、生理、血供及临床区域划分，介绍了黄斑、中心凹、锯齿缘、Müller细胞和脉络膜各层等关键结构。此外，书后综合征资料将眼部表现与全身异常联系起来，涵盖神经系统、遗传性、内分泌、血管及肿瘤等多种疾病，体现了眼科诊断中结合全身状况进行判断的重要性。","# Summary
《实用眼科诊断》是一部面向眼科临床，尤其适合初入门及住院医师使用的诊断学参考书。作者施殿雄曾在国内医院从事眼科工作近30年，并在美国眼科研究机构工作约20年，本书是在《眼科检查与诊断》的基础上结合中美临床经验大幅重写而成，旨在为中国眼科医师提供较新的诊疗资料，帮助其改进常规、提高诊疗水平。

全书以临床实用为核心，系统介绍常用检查方法、临床理论、病史采集、症状与体征的分析逻辑，以及常见眼病的临床诊断和鉴别诊断。作者强调诊断要点、常见病优先原则和容易出现的诊断误区，并通过插图、彩图及相似疾病组合图，帮助读者比较不同疾病的表现；书中还选择性介绍治疗原则，并附有美国眼科诊疗概况、英文缩写、眼病综合征及索引。

书中关于病史采集指出，主诉应简明记录眼别、发作方式、主要症状、严重程度、病情变化和病程；现病史则需围绕症状性质、部位、时间、经过、既往史及全身情况进行有针对性的追问。视觉性症状包括视物模糊、飞蚊症、虹视、视野缺损、复视、视物变形、闪光感、色视症和夜盲等，不同表现分别提示屈光问题、青光眼、玻璃体或视网膜病变、黄斑疾病、视神经及视路异常等。感觉性症状包括眼部不适、奇痒、异物感、畏光、流泪、视疲劳和眼痛，诊断时需结合症状的部位、诱因、持续时间及伴随表现。

节选内容还涉及视网膜和脉络膜的解剖、生理、血供及临床区域划分，介绍了黄斑、中心凹、锯齿缘、Müller细胞和脉络膜各层等关键结构。此外，书后综合征资料将眼部表现与全身异常联系起来，涵盖神经系统、遗传性、内分泌、血管及肿瘤等多种疾病，体现了眼科诊断中结合全身状况进行判断的重要性。",本书出版于2004年，是2005年出版的眼科临床诊断参考书，面向眼科初学者、住院医师及临床医师，强调从病史、主诉、视觉与感觉症状、体征入手进行分析，结合鉴别诊断、诊断陷阱和治疗原则提高诊疗能力。内容涵盖病史采集、视力障碍与屈光不正、色觉缺陷、夜盲、视野异常、复视、闪光感、眼痛及头痛等症状学；系统介绍远视、近视、散光、弱视与调节、视疲劳，以及裂隙灯显微镜、眼压、泪道、结膜和角膜检查。疾病框架延伸至巩膜、前房、虹膜睫状体、晶状体、青光眼、玻璃体、视网膜与脉络膜、黄斑、视神经、眼球突出和眼内陷，并包括瞳孔、眼球运动与斜视、验光、儿童眼科检查、眼科电生理、眼底荧光素血管造影及眼病影像学检查。书中配合病例、彩色眼底照片和同类体征对照，涉及屈光矫正、遮盖治疗、角膜接触镜、白内障术后散光及常见眼病治疗原则；附录还介绍美国眼科诊疗概况、英文缩写和眼病综合征。
193,实用眼震电图和眼震视图检查-李晓璐 2007,normalized_exact,19-检查：视觉电生理,90a38a5f-92ce-4de3-a03a-152fd1db4d8e,10000,363c66d6-31ad-466f-a68f-6feda1ccae86,实用眼震电图和眼震视图检查-李晓璐 2007_weknora.mhtml,实用眼震电图和眼震视图检查-李晓璐 2007_weknora.mhtml,completed,77034648-a270-4189-8fec-d9ef54393774,4e882123-e98a-4dbb-a9a4-6447c7aa5449,349,949,fa96ac86ddb50c39587413cf50dc10f6bfc6533f89988df06f41c6847df13d83,"该书围绕眩晕和平衡障碍的临床检查，系统介绍眼震电图（ENG）和眼震视图（VNG）的基础理论、检查方法、结果分析及临床意义。全书共六章，配有大量插图和病例讨论，内容涵盖测试步骤、异常结果判断、其他前庭功能检查及报告撰写，旨在为相关专业医务人员提供实用的临床手册。

书中首先阐述眼球震颤的形成机制及其在前庭系统疾病、中枢病变和眼病诊断中的价值。裸眼检查和Frenzel眼镜检查简便但难以定量，ENG通过角膜—视网膜电位间接记录眼动，可分析潜伏期、反应期、频率、振幅、慢相角速度（SPV）、方向、类型和节律等参数；VNG则利用红外摄像头直接记录瞳孔运动，具有可直接观察眼动、分辨率较高、能记录旋转性眼震及较少受电信号干扰等优势。

内容还重点说明ENG记录系统、ENG/VNG图形判读及常见伪迹处理，包括眨眼、角膜—视网膜电位差异、皮肤电阻过高、电极位置不当或漂移、接触不良，以及50Hz交流电、瞬变电流、肌电和心电干扰。双耳变温冷热试验部分强调灌注位置、异常采样点、单次反应异常、受试者适应、鼓膜穿孔和中耳积液等因素均可能造成误判，必要时应重测或结合原始图形分析。

异常结果及临床意义部分涉及扫视、视跟踪、视动性眼震、凝视、静态和动态位置、冷热、压力及摇头等试验。不同类型的眼震可提示周围性前庭病变、中枢神经系统、小脑、脑干、皮质或眼运动通路异常。附录进一步总结常用药物对ENG/VNG的影响，以及各项测试异常表现、病变定位和临床印象，为检查结果解释和规范报告提供参考。","# Summary
该书围绕眩晕和平衡障碍的临床检查，系统介绍眼震电图（ENG）和眼震视图（VNG）的基础理论、检查方法、结果分析及临床意义。全书共六章，配有大量插图和病例讨论，内容涵盖测试步骤、异常结果判断、其他前庭功能检查及报告撰写，旨在为相关专业医务人员提供实用的临床手册。

书中首先阐述眼球震颤的形成机制及其在前庭系统疾病、中枢病变和眼病诊断中的价值。裸眼检查和Frenzel眼镜检查简便但难以定量，ENG通过角膜—视网膜电位间接记录眼动，可分析潜伏期、反应期、频率、振幅、慢相角速度（SPV）、方向、类型和节律等参数；VNG则利用红外摄像头直接记录瞳孔运动，具有可直接观察眼动、分辨率较高、能记录旋转性眼震及较少受电信号干扰等优势。

内容还重点说明ENG记录系统、ENG/VNG图形判读及常见伪迹处理，包括眨眼、角膜—视网膜电位差异、皮肤电阻过高、电极位置不当或漂移、接触不良，以及50Hz交流电、瞬变电流、肌电和心电干扰。双耳变温冷热试验部分强调灌注位置、异常采样点、单次反应异常、受试者适应、鼓膜穿孔和中耳积液等因素均可能造成误判，必要时应重测或结合原始图形分析。

异常结果及临床意义部分涉及扫视、视跟踪、视动性眼震、凝视、静态和动态位置、冷热、压力及摇头等试验。不同类型的眼震可提示周围性前庭病变、中枢神经系统、小脑、脑干、皮质或眼运动通路异常。附录进一步总结常用药物对ENG/VNG的影响，以及各项测试异常表现、病变定位和临床印象，为检查结果解释和规范报告提供参考。",本书为2007年出版，面向耳鼻咽喉科、眩晕与平衡障碍相关医务人员，系统介绍眼震电图（ENG）和眼震视图（VNG）的临床检查与判读。全书六章涵盖记录原理、仪器系统、参数及伪迹，检查室与受试者准备、校准和记录程序；详细讲解扫视、平稳跟踪、视动性眼震、凝视、静态及动态位置、冷热试验，并介绍压力、摇头、甩头、颈部振动和过度通气等前庭功能测试，最后讨论异常结果、病变定位、报告撰写及药物影响。重点涉及周围性、中枢性和眼性眼震，良性阵发性位置性眩晕（BPPV）、耳石症、半规管功能减退、中枢性前庭病变、小脑及脑干病变、桥脑小脑角肿瘤、多发性硬化等。书中结合大量ENG/VNG图形、Dix-Hallpike和滚转试验、冷热灌注、SPV、UW、DP、FI等技术指标，强调VNG记录旋转性眼震及BPPV诊断的优势。
194,实用神经眼科学-Leonard A Levin 2007,normalized_exact,09-神经眼科,be1e44f1-985d-4445-b6a3-e60a0f43f85e,10000,51992457-2720-4818-b7b1-19a1294bcffc,实用神经眼科学-Leonard A Levin 2007_weknora.mhtml,实用神经眼科学-Leonard A Levin 2007_weknora.mhtml,completed,5e7f859d-482a-42f2-8a0a-4025d14a0e29,55d455b9-dd78-4087-bbee-9c3aa779cc27,406,1064,961d41b6b0025e233fa624ed67c4b012be0e905b1c12ea97f5cb32cdc7050dff,"《实用神经眼科学》是一部面向临床医师的神经眼科实用指南，强调神经眼科与眼科、神经内科、神经外科、耳鼻咽喉头颈外科、内分泌、心血管内科及神经影像学等多学科的交叉特点。译者序指出，我国神经眼科尚处于起步阶段，缺乏具有普及性和指导性的教材。本书采用提纲式结构，从症状、病史采集和专科检查入手，介绍神经眼科疾病及视野、电生理、神经影像等辅助检查，并通过“诊治紧迫性”“关键问题”“典型表现”“危险信号”及转诊随访建议，帮助读者建立系统的临床思维。书中有关美国医疗体系、转诊和保险收费的内容与我国实际存在差异。

所提供的检查章节重点介绍视功能评估，包括视力、色觉、视野、立体视觉、对比敏感度和高级皮层视觉功能。视力检查需分别评估远、近视力，并根据年龄、合作程度、屈光状态及神经系统情况选择方法；小孔试验、手动、指数、光感和无光感等记录方式有助于判断视力下降的性质。儿童视力检查需结合发育阶段，采用固视追随、视动性眼球震颤、优先注视、“E”表及HOTV等方法。色觉检查主要采用Ishihara色盘，获得性色觉异常，尤其是女性患者的色觉缺陷，应警惕视神经或视网膜疾病。对比敏感度可发现部分视力正常但视觉质量下降的患者。

节选还讨论了外伤性视神经病及视神经不同解剖部位的损伤特点。视神经撕裂、眶内段、骨管内段和颅内段损伤可导致不同程度的视力、色觉、视野和瞳孔异常，其中骨管内段最易受间接外伤影响。诊断需结合眼底、瞳孔、眼眶及神经系统检查，并以高分辨率CT评估骨折、异物和出血，必要时采用MRI观察软组织及视神经损伤。

最后部分介绍神经眼科医疗服务的保险编码和收费原则，包括辅助检查的医疗必要性、医生监督、报告记录、CPT编码、NCCI捆绑规则及“-57”等调节码，并通过传入系统疾病、眼眶疾病和传出系统疾病病例说明评估处理、检查及诊断编码的实际应用。","# Summary
《实用神经眼科学》是一部面向临床医师的神经眼科实用指南，强调神经眼科与眼科、神经内科、神经外科、耳鼻咽喉头颈外科、内分泌、心血管内科及神经影像学等多学科的交叉特点。译者序指出，我国神经眼科尚处于起步阶段，缺乏具有普及性和指导性的教材。本书采用提纲式结构，从症状、病史采集和专科检查入手，介绍神经眼科疾病及视野、电生理、神经影像等辅助检查，并通过“诊治紧迫性”“关键问题”“典型表现”“危险信号”及转诊随访建议，帮助读者建立系统的临床思维。书中有关美国医疗体系、转诊和保险收费的内容与我国实际存在差异。

所提供的检查章节重点介绍视功能评估，包括视力、色觉、视野、立体视觉、对比敏感度和高级皮层视觉功能。视力检查需分别评估远、近视力，并根据年龄、合作程度、屈光状态及神经系统情况选择方法；小孔试验、手动、指数、光感和无光感等记录方式有助于判断视力下降的性质。儿童视力检查需结合发育阶段，采用固视追随、视动性眼球震颤、优先注视、“E”表及HOTV等方法。色觉检查主要采用Ishihara色盘，获得性色觉异常，尤其是女性患者的色觉缺陷，应警惕视神经或视网膜疾病。对比敏感度可发现部分视力正常但视觉质量下降的患者。

节选还讨论了外伤性视神经病及视神经不同解剖部位的损伤特点。视神经撕裂、眶内段、骨管内段和颅内段损伤可导致不同程度的视力、色觉、视野和瞳孔异常，其中骨管内段最易受间接外伤影响。诊断需结合眼底、瞳孔、眼眶及神经系统检查，并以高分辨率CT评估骨折、异物和出血，必要时采用MRI观察软组织及视神经损伤。

最后部分介绍神经眼科医疗服务的保险编码和收费原则，包括辅助检查的医疗必要性、医生监督、报告记录、CPT编码、NCCI捆绑规则及“-57”等调节码，并通过传入系统疾病、眼眶疾病和传出系统疾病病例说明评估处理、检查及诊断编码的实际应用。",本书出版于2007年，是Leonard A. Levin、Anthony C. Arnold主编《Neuro-Ophthalmology: The Practical Guide》的中文译著，定位于眼科、神经内科及相关专科医师的神经眼科临床实用指南。全书围绕“检查—症状体征—疾病—辅助检查”展开：介绍视力、色觉、瞳孔、眼球运动和视野检查及结果分析；按短暂或持续性视力下降、视野缺损、阳性视觉现象、复视、眼球震颤、视盘水肿、视神经萎缩、眼痛、眼球突出、瞳孔不等大、眼睑下垂等症状建立诊断思路；系统涵盖缺血性、炎性、压迫性、遗传性、中毒代谢性、创伤性视神经病，视神经肿瘤、视交叉及视路病变，颅神经麻痹、海绵窦病变、重症肌无力、甲状腺相关眼病、眼眶肿瘤与感染、偏头痛、面神经病变、血栓栓塞性疾病及非器质性视力丧失。辅助检查包括急诊评估、电生理、颞动脉活检、腰椎穿刺和神经影像学，并强调诊治紧迫性、红旗征、转诊与随访。
195,实用神经眼科学-Timothy J Martin 2016,normalized_exact,09-神经眼科,be1e44f1-985d-4445-b6a3-e60a0f43f85e,10000,bb83f1cb-bcb2-4250-95c8-27fbefae85f7,实用神经眼科学-Timothy J Martin 2016_weknora.mhtml,实用神经眼科学-Timothy J Martin 2016_weknora.mhtml,completed,fcad5b6d-285b-4fd7-b71a-45a0b31a2be5,68f9cd75-3c78-41a1-bf9f-be45e2466c66,306,876,e81e6df57af5835a795b0dd3be4009f2c12c5986880d287ec05906ed0ab8d3c5,"蒂莫西·马丁 [美] TIMOTHY J. MARTIN 合著

詹姆士·科比特 [美] JAMES J. CORBETT

魏文斌 张晓君 主译

# 实用神经眼科学 PRACTICAL NEUROOPHTHALMOLOGY

实用神经眼科学

Practical Neuroophthalmology

著者：蒂莫西·马丁（Timothy J. Martin，MD）

美国北卡罗来纳维克森医学院眼科及神经内科

詹姆士·科比特（James J. Corbett，MD）

美国密西西比大学医学中心神经内科及眼科

美国爱荷华大学莱维特神经眼科

主译：魏文斌 张晓君

首都医科大学附属北京同仁医院

中国协和医科大学出版社

## 图书在版编目（CIP）数据

实用神经眼科学 / (美) 蒂莫西·马丁 (Timothy J. Martin), (美)
詹姆士·科比特 (James J. Corbett) 著；魏文斌，张晓君译. —
北京：中国协和医科大学出版社，2016.10

ISBN 978-7-5679-0669-3

Ⅰ. ①实… Ⅱ. ①蒂…②詹…③魏…④张… Ⅲ. ①神经眼","# Summary
蒂莫西·马丁 [美] TIMOTHY J. MARTIN 合著

詹姆士·科比特 [美] JAMES J. CORBETT

魏文斌 张晓君 主译

# 实用神经眼科学 PRACTICAL NEUROOPHTHALMOLOGY

实用神经眼科学

Practical Neuroophthalmology

著者：蒂莫西·马丁（Timothy J. Martin，MD）

美国北卡罗来纳维克森医学院眼科及神经内科

詹姆士·科比特（James J. Corbett，MD）

美国密西西比大学医学中心神经内科及眼科

美国爱荷华大学莱维特神经眼科

主译：魏文斌 张晓君

首都医科大学附属北京同仁医院

中国协和医科大学出版社

## 图书在版编目（CIP）数据

实用神经眼科学 / (美) 蒂莫西·马丁 (Timothy J. Martin), (美)
詹姆士·科比特 (James J. Corbett) 著；魏文斌，张晓君译. —
北京：中国协和医科大学出版社，2016.10

ISBN 978-7-5679-0669-3

Ⅰ. ①实… Ⅱ. ①蒂…②詹…③魏…④张… Ⅲ. ①神经眼",2016年出版的临床神经眼科学实用专著，适合眼科、神经内科、神经外科住院医师及神经眼科初学者和临床医生。全书围绕病史采集、体格检查及辅助检查展开，系统介绍中心视功能、视力、对比敏感度、视野、RAPD、ERG、VEP等检查，以及神经影像学（MRI、CT）的临床应用；结合视觉通路解剖分析视野缺损，涵盖视神经炎、缺血性和压迫性视神经病变、视盘水肿、视交叉及视路病变、同侧偏盲、非器质性视力下降等。眼运动部分涉及斜视与复视、眼外肌和神经肌肉接头疾病、Ⅲ/Ⅳ/Ⅵ脑神经麻痹、核上性眼球运动障碍、眼震、瞳孔及面神经疾病；附加内容讨论三叉神经、面部麻木、头痛、畏光、脑血管病和神经皮肤综合征，并涉及疾病鉴别、诊断与治疗决策。
196,小儿视网膜-James D Reynolds 2013,normalized_exact,10-小儿眼科：斜视与弱视等,d6a5115a-067a-4514-afbf-9fe81b4e64c0,10000,454773d5-4372-46b2-bd82-6f913626e8aa,小儿视网膜-James D Reynolds 2013_weknora.mhtml,小儿视网膜-James D Reynolds 2013_weknora.mhtml,completed,56697d99-1a54-4131-8e71-42493c6782b4,6e2064be-76d1-44bf-b84d-039be8ff45f6,423,1163,4908d1345691520d0b1a8815b83976df503c6ac7fb355a70cb453135b4d5144b,"《小儿视网膜》是一本由第四军医大学出版社于2013年出版的眼科学译著，原著由美国学者詹姆斯·D. 雷诺兹和斯科特·E. 奥利茨基主编，中文版由王雨生主译，窦国睿、李蓉、刘涛、储昭节任副主译。全书共500余页，包含220余幅插图和彩色照片，定价160元。内容简介指出，该书旨在为小儿视网膜疾病提供综合性资源，涵盖从视神经到葡萄膜的各类疾病，包括发育性、遗传性、代谢性、炎性、肿瘤和外伤性病变，并设有胚胎学、解剖学、生理学和电生理检测等拓展章节。

原著前言阐述了本书的编写理念，强调将儿科医师与视网膜外科医师的观点相结合、实验室与临床相结合、发病机制与临床表现相结合，并针对疾病自然病程和发病机制给予同等关注。译者序以“陆之尽，海之始”为喻，表达了对学术探索无止境的感悟，并介绍了翻译本书的初衷——国内尚缺乏儿童眼底病中文专著。

书中摘录的章节内容涉及多个主题。视网膜发育章节详细讨论了视网膜的比较进化、胚胎诱导机制、视泡与视杯的形成，以及晶状体发育的潜能与组织间相互作用，并引用了Spemann-Mangold组织体实验等经典研究。视网膜母细胞瘤章节以标准化操作规程（SOP）形式列出了化疗、放疗、支持疗法和心理支持的适应证、实施流程与临床结果，包括CEV/CSA化疗方案、外放射治疗的风险（如第二恶性肿瘤发生风险）及长期随访要求。先天性梅毒章节则介绍了其经胎盘传播的机制、早期与晚期先天性梅毒的全身及眼部临床表现（如“椒盐样”眼底、角膜基质炎）、诊断方法（血清学检测）以及青霉素治疗方案。

译后记中，主译王雨生回顾了一年半的翻译历程，指出原著的专业深度与涉及的文化社会背景带来了诸多挑战，同时说明了译著中对部分章节标题、结构、图表及参考文献格式所做的调整，并重申了本书对从事儿童眼底病工作的医护人员的参考价值。","# Summary
《小儿视网膜》是一本由第四军医大学出版社于2013年出版的眼科学译著，原著由美国学者詹姆斯·D. 雷诺兹和斯科特·E. 奥利茨基主编，中文版由王雨生主译，窦国睿、李蓉、刘涛、储昭节任副主译。全书共500余页，包含220余幅插图和彩色照片，定价160元。内容简介指出，该书旨在为小儿视网膜疾病提供综合性资源，涵盖从视神经到葡萄膜的各类疾病，包括发育性、遗传性、代谢性、炎性、肿瘤和外伤性病变，并设有胚胎学、解剖学、生理学和电生理检测等拓展章节。

原著前言阐述了本书的编写理念，强调将儿科医师与视网膜外科医师的观点相结合、实验室与临床相结合、发病机制与临床表现相结合，并针对疾病自然病程和发病机制给予同等关注。译者序以“陆之尽，海之始”为喻，表达了对学术探索无止境的感悟，并介绍了翻译本书的初衷——国内尚缺乏儿童眼底病中文专著。

书中摘录的章节内容涉及多个主题。视网膜发育章节详细讨论了视网膜的比较进化、胚胎诱导机制、视泡与视杯的形成，以及晶状体发育的潜能与组织间相互作用，并引用了Spemann-Mangold组织体实验等经典研究。视网膜母细胞瘤章节以标准化操作规程（SOP）形式列出了化疗、放疗、支持疗法和心理支持的适应证、实施流程与临床结果，包括CEV/CSA化疗方案、外放射治疗的风险（如第二恶性肿瘤发生风险）及长期随访要求。先天性梅毒章节则介绍了其经胎盘传播的机制、早期与晚期先天性梅毒的全身及眼部临床表现（如“椒盐样”眼底、角膜基质炎）、诊断方法（血清学检测）以及青霉素治疗方案。

译后记中，主译王雨生回顾了一年半的翻译历程，指出原著的专业深度与涉及的文化社会背景带来了诸多挑战，同时说明了译著中对部分章节标题、结构、图表及参考文献格式所做的调整，并重申了本书对从事儿童眼底病工作的医护人员的参考价值。",本书出版于2013年，是2011年出版的眼科新技术应用专著，面向眼科及眼底病临床医师、玻璃体视网膜专业人员和OCT检查操作与研究人员。全书以频域光学相干断层成像（FD-OCT）为核心，介绍OCT基本原理、TD-OCT与FD-OCT/SD-OCT技术、成像参数及正常和异常黄斑图像判读，结合临床病例讲解视网膜分层结构、视网膜外层、IS/OS带及RPE等影像特征。内容覆盖玻璃体后脱离、玻璃体视网膜界面综合征、黄斑前膜、黄斑裂孔，中心性浆液性脉络膜视网膜病变、年龄相关黄斑变性、息肉样脉络膜血管病变、高度近视和远视相关眼底改变，视网膜动静脉阻塞、糖尿病视网膜病变、视网膜大动脉瘤，先天及遗传性视网膜病变，缺血性视神经病变、视盘小凹，以及葡萄膜炎、脉络膜血管瘤、骨瘤、黑色素瘤、视盘玻璃膜疣和外伤性病变。书中还涉及黄斑裂孔玻璃体手术前后OCT观察、裂孔闭合、术后视力预后及体位指导，突出频域OCT在无损、高分辨率、快速视网膜影像检查和临床诊疗中的应用。
197,常见眼病综合征-林顺潮 2008,normalized_exact,01-眼科综合：基础与全身病,09c593aa-1a64-48de-af81-fc4d30d551b4,10000,e90379dd-2e11-4512-a072-6e6a955af261,常见眼病综合征-林顺潮 2008_weknora.mhtml,常见眼病综合征-林顺潮 2008_weknora.mhtml,completed,26332acc-59f3-416e-a6ae-648af459cd16,7399fcaa-80d7-43ce-b468-66b9d59657c8,368,1064,f14a23e919ab5551a8f3c5bd816402a6a0edb539b6683705fb3ddf9886b026ad,"文档系统介绍多种常见眼病综合征，内容涵盖其概要、病因病理、眼部及全身表现、诊断、治疗和鉴别诊断。部分综合征以视疲劳或眼部局部症状为主，如过度调节综合征表现为近距离阅读后视疲劳、视物模糊及调节功能异常，主要通过屈光矫正和改善调节功能治疗；急性出血性结膜炎则由柯萨奇病毒A24或肠病毒70引起，具有传染性强、双眼受累、结膜水肿出血及耳前淋巴结肿大等特点，治疗以局部抗病毒和预防继发感染为主。

文档还重点描述梅毒、高山综合征和获得性免疫缺陷综合征。梅毒可累及结膜、角膜、葡萄膜、视网膜及视神经，并伴有不同阶段的皮肤黏膜、心血管和中枢神经系统损害，诊断依靠血清学检查，治疗以大剂量青霉素为主。高山综合征由高海拔低氧引起，可出现视物模糊、视乳头水肿、视网膜出血以及头痛、意识障碍、发绀等全身症状，急救包括吸氧、脱水和转移至低海拔地区。AIDS由HIV破坏CD4 T辅助细胞所致，可发生巨细胞病毒性视网膜炎、弓形虫性视网膜脉络膜炎、棉絮斑、Kaposi肉瘤、视网膜血管病变及神经眼部异常，诊断结合抗HIV抗体、CD4细胞减少及机会性感染表现，治疗包括抗逆转录病毒疗法、机会性感染处理和眼部并发症治疗。

此外，文档介绍多种遗传性、代谢性及神经系统综合征。肢端-胼胝体综合征以发育迟缓、精神障碍、胼胝体缺如和多指（趾）畸形为主；高胱氨酸尿综合征常见晶状体向下鼻侧脱位、智力障碍、骨骼异常和血栓形成，需与Marfan综合征鉴别；泽韦格综合征累及脑、肝、肾并伴严重眼部异常。文末还涉及外伤或手术后眼部缺血、空间定向障碍、酒精相关高脂血症溶血性贫血、先天性角化不良及卓-艾综合征等疾病，治疗多依据病因采取手术、药物或对症处理。","# Summary
文档系统介绍多种常见眼病综合征，内容涵盖其概要、病因病理、眼部及全身表现、诊断、治疗和鉴别诊断。部分综合征以视疲劳或眼部局部症状为主，如过度调节综合征表现为近距离阅读后视疲劳、视物模糊及调节功能异常，主要通过屈光矫正和改善调节功能治疗；急性出血性结膜炎则由柯萨奇病毒A24或肠病毒70引起，具有传染性强、双眼受累、结膜水肿出血及耳前淋巴结肿大等特点，治疗以局部抗病毒和预防继发感染为主。

文档还重点描述梅毒、高山综合征和获得性免疫缺陷综合征。梅毒可累及结膜、角膜、葡萄膜、视网膜及视神经，并伴有不同阶段的皮肤黏膜、心血管和中枢神经系统损害，诊断依靠血清学检查，治疗以大剂量青霉素为主。高山综合征由高海拔低氧引起，可出现视物模糊、视乳头水肿、视网膜出血以及头痛、意识障碍、发绀等全身症状，急救包括吸氧、脱水和转移至低海拔地区。AIDS由HIV破坏CD4 T辅助细胞所致，可发生巨细胞病毒性视网膜炎、弓形虫性视网膜脉络膜炎、棉絮斑、Kaposi肉瘤、视网膜血管病变及神经眼部异常，诊断结合抗HIV抗体、CD4细胞减少及机会性感染表现，治疗包括抗逆转录病毒疗法、机会性感染处理和眼部并发症治疗。

此外，文档介绍多种遗传性、代谢性及神经系统综合征。肢端-胼胝体综合征以发育迟缓、精神障碍、胼胝体缺如和多指（趾）畸形为主；高胱氨酸尿综合征常见晶状体向下鼻侧脱位、智力障碍、骨骼异常和血栓形成，需与Marfan综合征鉴别；泽韦格综合征累及脑、肝、肾并伴严重眼部异常。文末还涉及外伤或手术后眼部缺血、空间定向障碍、酒精相关高脂血症溶血性贫血、先天性角化不良及卓-艾综合征等疾病，治疗多依据病因采取手术、药物或对症处理。",本书为2008年出版的眼科综合征工具参考书，面向眼科及相关医学领域的临床、科研和教学人员。全书按英文病名A—Z编排，收录近570种与眼科相关的常见或较常见综合征，涵盖遗传、感染、免疫、神经、代谢、血液、内分泌及全身系统性疾病的眼部表现；每条均从疾病名称、译名、别名、概要、病因病理、眼部特征、全身特征和治疗八方面论述，并附中英文索引及大量参考文献。内容涉及获得性免疫缺陷综合征、获得性梅毒、高山综合征、急性视网膜坏死、急性出血性结膜炎、过度调节综合征、白化病及肢端-胼胝体综合征等。重点关键词包括视力与视野检查、裂隙灯、眼底检查、荧光素眼底血管造影、血清学及HIV抗体、CD4/CD8检测、电子显微镜；治疗涉及抗逆转录病毒药物、抗感染、青霉素、更昔洛韦、膦甲酸、吸氧利尿、玻璃体内注射，以及冷冻、放疗、激光、手术切除和玻璃体切割等技术。
198,干眼-刘祖国 2017,normalized_exact,02-角膜与眼表,f041b2b7-3147-4deb-a2f2-0de5cc53d296,10000,5c195e52-443a-436b-911e-43097eff3a3c,干眼-刘祖国 2017_weknora.mhtml,干眼-刘祖国 2017_weknora.mhtml,completed,f84c8e22-eaff-4d6b-8a54-7d343e4f6fc9,d3e5e98c-b706-47d2-9ba0-6ed6e94d364c,359,1026,b049ce047e5e810dfa8e3c82803f4000f121b8bd03f9568249e8edcdf7c3b851,"## Dry Eye

## 干眼

## 主编 刘祖国

干眼/刘祖国主编.—北京：人民卫生出版社，2017 ISBN
978-7-117-25286-7

版次：2017年11月第1版 2017年11月第1版第1次印刷

标准书号：ISBN 978-7-117-25286-7/R·25287

## 前言

干眼已成为除屈光不正以外最常见的眼科疾病。目前全球干眼发病率约为5%35%，不同人种、不同年龄、不同地区，其发病率会有所差异。我国干眼发病率与其他亚洲国家相似，较欧美为高，发病率约为21%30%。干眼也是眼科门诊中最常见的疾病，研究表明，门诊干眼病人已占全部病人30%左右。轻中度干眼已成为影响我国人口工作效率与生活质量的最常见的眼表疾病，而重度干眼会导致视力障碍，甚至失明。

","# Summary
## Dry Eye

## 干眼

## 主编 刘祖国

干眼/刘祖国主编.—北京：人民卫生出版社，2017 ISBN
978-7-117-25286-7

版次：2017年11月第1版 2017年11月第1版第1次印刷

标准书号：ISBN 978-7-117-25286-7/R·25287

## 前言

干眼已成为除屈光不正以外最常见的眼科疾病。目前全球干眼发病率约为5%35%，不同人种、不同年龄、不同地区，其发病率会有所差异。我国干眼发病率与其他亚洲国家相似，较欧美为高，发病率约为21%30%。干眼也是眼科门诊中最常见的疾病，研究表明，门诊干眼病人已占全部病人30%左右。轻中度干眼已成为影响我国人口工作效率与生活质量的最常见的眼表疾病，而重度干眼会导致视力障碍，甚至失明。

",刘祖国主编，2017年出版。本书是国内较早系统论述干眼的专业专著，适合眼科临床医师、基层医师及从事眼表疾病基础研究的人员。全书分基础篇与临床篇：基础篇介绍干眼历史与概念、泪膜功能单位及角膜、结膜、泪腺、睑板腺和泪道的组织解剖与病理生理，涵盖流行病学、泪液高渗、眼表免疫异常、细胞凋亡、氧化应激、神经与内分泌调控、黏蛋白分泌异常及动物模型；临床篇涉及干眼分类、检查、诊断和治疗，并专题讨论Sjögren综合征、Stevens-Johnson综合征、中毒性表皮坏死松解症、移植物抗宿主病、眼瘢痕性类天疱疮、睑板腺功能障碍、视频终端综合征、结膜松弛症、视疲劳、手术源性干眼、中医及精神心理因素。治疗关键词包括物理治疗、湿房镜、强脉冲光、人工泪液、促泪液分泌、脂质替代、抗炎、泪道栓塞、治疗性角膜接触镜、血清滴眼液及手术治疗。
199,斜视弱视学-赵堪兴 2011,normalized_exact,10-小儿眼科：斜视与弱视等,d6a5115a-067a-4514-afbf-9fe81b4e64c0,10000,7b5072ec-b1a9-4aca-ac7f-c00dc4e1e64a,斜视弱视学-赵堪兴 2011_weknora.mhtml,斜视弱视学-赵堪兴 2011_weknora.mhtml,completed,e261edf7-305e-479e-bf86-0b953cbc9889,f2412c62-4fa1-4f22-a983-728dc5700de8,362,1046,8f43cfcf832c8d83065d5e9e4209743e3374e99f22e47a9889a4489f874dcf48,"《斜视弱视学》是由赵堪兴主编、人民卫生出版社2011年出版的眼视光学专业规划教材，为卫生部""十二五""规划教材，也是第二轮规划教材中新增的品种，与原《双眼视觉学》互为姊妹篇，侧重讲述斜视和弱视等与双眼视觉功能密切相关疾病的临床诊断和处理。教材前言指出，斜视和弱视的患病率分别约为3%和2%～4%，学习本教材需掌握三个基本知识：眼外肌解剖和眼球运动生理、双眼视觉生理和斜视后的代偿、视觉发育与弱视的形成，并强调规范化的专科检查技能（知觉功能检查和眼球运动功能检查）及早期干预的重要性。

在解剖章节中，教材系统介绍了七条眼外肌（四条直肌、两条斜肌及提上睑肌）的起点、走行、附着点和作用，如内直肌止点距角膜缘5.5mm、上直肌与视轴夹角23°等，并阐述了Tillaux螺旋、直肌pulley结构。神经支配方面，上直肌、下直肌、内直肌、下斜肌及提上睑肌受动眼神经支配，外直肌受展神经支配，上斜肌受滑车神经支配。内容还涉及眼外肌的血液供应、慢纤维与快纤维两类肌纤维的结构特点，以及眼眶骨性结构、Tenon囊、肌锥、肌鞘、节制韧带、Lockwood韧带和眶脂肪等筋膜关系及其临床意义。

在内斜视部分，教材介绍了Duane眼球后退综合征（属先天性颅神经异常支配性眼病，分为三型）、Möbius综合征及盲点综合征等特殊类型内斜视，以及知觉性内斜视和手术后内斜视等继发性内斜视的病因与处理原则。外斜视章节概述了其发病过程四期分期（从视远外隐斜到视近、视远均外斜）、假性外斜视的鉴别及外隐斜视的病因。此外，教材还涉及先天性眼球震颤的遗传学研究进展，包括X连锁遗传位点（Xp11.4-p11.3、Xq26.3-27.1）、FRMD7致病基因的发现与功能，以及常染色体显性遗传位点和合并眼球震颤疾病的相关遗传因素。","# Summary
《斜视弱视学》是由赵堪兴主编、人民卫生出版社2011年出版的眼视光学专业规划教材，为卫生部""十二五""规划教材，也是第二轮规划教材中新增的品种，与原《双眼视觉学》互为姊妹篇，侧重讲述斜视和弱视等与双眼视觉功能密切相关疾病的临床诊断和处理。教材前言指出，斜视和弱视的患病率分别约为3%和2%～4%，学习本教材需掌握三个基本知识：眼外肌解剖和眼球运动生理、双眼视觉生理和斜视后的代偿、视觉发育与弱视的形成，并强调规范化的专科检查技能（知觉功能检查和眼球运动功能检查）及早期干预的重要性。

在解剖章节中，教材系统介绍了七条眼外肌（四条直肌、两条斜肌及提上睑肌）的起点、走行、附着点和作用，如内直肌止点距角膜缘5.5mm、上直肌与视轴夹角23°等，并阐述了Tillaux螺旋、直肌pulley结构。神经支配方面，上直肌、下直肌、内直肌、下斜肌及提上睑肌受动眼神经支配，外直肌受展神经支配，上斜肌受滑车神经支配。内容还涉及眼外肌的血液供应、慢纤维与快纤维两类肌纤维的结构特点，以及眼眶骨性结构、Tenon囊、肌锥、肌鞘、节制韧带、Lockwood韧带和眶脂肪等筋膜关系及其临床意义。

在内斜视部分，教材介绍了Duane眼球后退综合征（属先天性颅神经异常支配性眼病，分为三型）、Möbius综合征及盲点综合征等特殊类型内斜视，以及知觉性内斜视和手术后内斜视等继发性内斜视的病因与处理原则。外斜视章节概述了其发病过程四期分期（从视远外隐斜到视近、视远均外斜）、假性外斜视的鉴别及外隐斜视的病因。此外，教材还涉及先天性眼球震颤的遗传学研究进展，包括X连锁遗传位点（Xp11.4-p11.3、Xq26.3-27.1）、FRMD7致病基因的发现与功能，以及常染色体显性遗传位点和合并眼球震颤疾病的相关遗传因素。",本书出版于2011年，是全国高等学校眼视光学专业教材，主编赵堪兴，适用于眼视光学专业师生、医学生及青年眼科医师，侧重斜视、弱视相关双眼视觉疾病的临床诊断与处理。全书从眼眶及眼外肌解剖、眼球运动生理、双眼视觉基础入手，系统介绍斜视弱视检查法，包括视力与屈光检查、眼外肌和双眼单视功能评估、遮盖试验、斜视角测量、代偿头位、牵拉试验及CT、MRI等影像学检查；随后讨论斜视概论、内斜视、外斜视、A-V型斜视、垂直斜视、麻痹性及中枢性斜视，并涉及Duane眼球后退综合征、甲状腺相关眼病、重症肌无力、眶壁骨折等特殊类型。弱视部分涵盖病因、危险因素、分类、诊断鉴别、筛查、遮盖和压抑疗法；另论述先天性眼球震颤及其ENG检查、屈光矫正和手术。斜视治疗包括配镜、药物、视能训练及直肌后徙、缩短、斜肌手术、调整缝线等技术，并介绍斜视遗传学。
200,斜视手术指南-Caroline MacEwen、Richard Gregson 2006,normalized_exact,10-小儿眼科：斜视与弱视等,d6a5115a-067a-4514-afbf-9fe81b4e64c0,10000,438a02ab-bfac-4114-b594-028ae7345520,斜视手术指南-Caroline MacEwen、Richard Gregson 2006_weknora.mhtml,斜视手术指南-Caroline MacEwen、Richard Gregson 2006_weknora.mhtml,completed,8de409cb-835c-4f40-bf90-52bde380e7b7,b2d9da78-edd4-48e6-8eac-50121d5bde9d,364,1048,a0ca20fa0e287cd53ebcf4ff07f0385016ecb542ac6236f844aa794de1cdc19f,"本书是一部以临床实践为导向的斜视手术指南，内容涵盖斜视患者从评估、诊断到非手术及手术治疗的基本原则，并兼顾近年来相关诊疗技术的发展。全书强调，制定治疗方案和判断预后必须建立在完整检查基础上，包括病史采集、视力与屈光状态、斜视度、眼球运动、双眼视功能及全面眼科和全身检查。

患者评估应关注斜视的发生方式、持续时间、进展、诱因和缓解因素，以及复视、头痛、头位异常、既往眼病和神经、内分泌、心血管疾病等信息。检查方面，遮盖试验和三棱镜遮盖试验被视为确定斜视及测量斜视角的重要方法；Hirschberg法、Krimsky法、同视机、Hess屏、单眼或双眼注视野等检查则用于特殊患者或非共同性斜视的进一步分析。视力评估尤其关系到弱视处理，儿童通常需在睫状肌麻痹下验光，伴弱视者原则上应先改善视力再考虑手术。

书中详细介绍双眼视觉的感觉融合、运动融合、立体视觉和抑制，并讨论AC/A比值、棱镜适应试验、术后复视检测、三步试验、Bielchowsky头位倾斜试验及肌肉功能测试在诊断和术前设计中的作用。神经麻痹性斜视部分重点涉及第Ⅲ、Ⅳ脑神经麻痹的临床表现、病因、鉴别诊断、非手术处理及手术原则，强调复杂病例应充分评估恢复可能性、双眼视觉潜力和手术风险。

此外，本书还讨论术后并发症、下斜肌粘连综合征及远期再次手术的原因和处理原则。附录提供共同性水平斜视、垂直斜视以及A、V征的手术量设计参考，并指出手术量应结合斜视度、注视距离、眼球运动异常、双眼视功能及既往手术情况个体化确定。","# Summary
本书是一部以临床实践为导向的斜视手术指南，内容涵盖斜视患者从评估、诊断到非手术及手术治疗的基本原则，并兼顾近年来相关诊疗技术的发展。全书强调，制定治疗方案和判断预后必须建立在完整检查基础上，包括病史采集、视力与屈光状态、斜视度、眼球运动、双眼视功能及全面眼科和全身检查。

患者评估应关注斜视的发生方式、持续时间、进展、诱因和缓解因素，以及复视、头痛、头位异常、既往眼病和神经、内分泌、心血管疾病等信息。检查方面，遮盖试验和三棱镜遮盖试验被视为确定斜视及测量斜视角的重要方法；Hirschberg法、Krimsky法、同视机、Hess屏、单眼或双眼注视野等检查则用于特殊患者或非共同性斜视的进一步分析。视力评估尤其关系到弱视处理，儿童通常需在睫状肌麻痹下验光，伴弱视者原则上应先改善视力再考虑手术。

书中详细介绍双眼视觉的感觉融合、运动融合、立体视觉和抑制，并讨论AC/A比值、棱镜适应试验、术后复视检测、三步试验、Bielchowsky头位倾斜试验及肌肉功能测试在诊断和术前设计中的作用。神经麻痹性斜视部分重点涉及第Ⅲ、Ⅳ脑神经麻痹的临床表现、病因、鉴别诊断、非手术处理及手术原则，强调复杂病例应充分评估恢复可能性、双眼视觉潜力和手术风险。

此外，本书还讨论术后并发症、下斜肌粘连综合征及远期再次手术的原因和处理原则。附录提供共同性水平斜视、垂直斜视以及A、V征的手术量设计参考，并指出手术量应结合斜视度、注视距离、眼球运动异常、双眼视功能及既往手术情况个体化确定。",本书出版于2006年。2007年出版。本书面向各级眼科医师、眼科医学生、研究生及教学科研人员，重点介绍视网膜脱离外路显微手术和全玻璃体切除术。内容涵盖眼球、玻璃体、视网膜及视网膜下液的解剖生理病理，术前眼前后节检查、眼底检查、超声、超声生物显微镜、荧光及吲哚青绿血管造影、OCT、CT、MRI等辅助检查，显微镜、冷凝器、玻璃体切割机、眼内填充物及手术准备麻醉。系统讲解巩膜加压、环扎、排液、冷凝、外路显微手术及并发症处理，并详述全玻璃体切除、膜剥离、视网膜切开、气液交换、重水、膨胀气体和硅油填充技术。针对裂孔性、牵拉性、渗出性视网膜脱离、PVR、巨大裂孔、糖尿病视网膜病变、外伤性及小儿视网膜脱离，还涉及早产儿视网膜病变、视网膜劈裂、急性视网膜坏死、黄斑疾病、眼内肿瘤、硅油填充眼和玻璃体手术并发症，配有典型病例及手术DVD。
201,斜视手术操作与技巧-John D Ferris 2013,normalized_exact,10-小儿眼科：斜视与弱视等,d6a5115a-067a-4514-afbf-9fe81b4e64c0,10000,4c3ec2ea-e244-4a42-a9ff-fa162dc029e0,斜视手术操作与技巧-John D Ferris 2013_weknora.mhtml,斜视手术操作与技巧-John D Ferris 2013_weknora.mhtml,completed,59a6c15a-1f05-4d82-adec-a123a263f09f,6ba128fa-c677-4106-a9d7-3cbc091ab041,358,958,2ca2716286a524a1045f127b903584e23f26d6ac3113910838e84684e714e29c,本资料为《斜视手术操作与技巧》一书的节选，系统介绍斜视手术的器械、基本技术及多种术式。开篇说明丛书旨在为眼科医师提供手术理论与实用指导，强调术中应变与团队协作。第一章详列手术器械与缝线：Clark开睑器、Moorfields镊、St.Martins镊、锁定镊、Westcott剪、多种斜视钩、拉钩、眼用规、双极电凝、持针器等；缝线以6-0薇乔最常用，7-0薇乔缝结膜，丝线作牵引，爱惜邦用于上斜肌和faden术，Prolen用于调整缝线，并用Bulldog夹保护线结。第二章介绍手术准备与常用技术：头位固定、碘伏消毒、肾上腺素滴眼减少出血、牵引缝线、角膜保护；被动牵拉试验的目的、操作及Guyton改良法；角巩膜缘切口和穹隆切口、眼外肌暴露、分离与缝合要点。后续章节涉及faden术的常见错误与并发症（如欠矫、眼球运动受限、巩膜穿通率约15%但严重并发症少见），内直肌pulley后固定缝线术；下斜肌功能解剖、减弱术式（后徙、切除、前转位）及其适应证与手术步骤；代偿头位的测量、术前沟通、改良Parks手术量、四条或两条肌肉手术，以及眼球震颤合并斜视的处理。附录列出内斜视、外斜视的手术设计量表；最后介绍严重并发症：巩膜穿孔（发生率1%～2%，推荐口服环丙沙星）、眼内炎（,"# Summary
本资料为《斜视手术操作与技巧》一书的节选，系统介绍斜视手术的器械、基本技术及多种术式。开篇说明丛书旨在为眼科医师提供手术理论与实用指导，强调术中应变与团队协作。第一章详列手术器械与缝线：Clark开睑器、Moorfields镊、St.Martins镊、锁定镊、Westcott剪、多种斜视钩、拉钩、眼用规、双极电凝、持针器等；缝线以6-0薇乔最常用，7-0薇乔缝结膜，丝线作牵引，爱惜邦用于上斜肌和faden术，Prolen用于调整缝线，并用Bulldog夹保护线结。第二章介绍手术准备与常用技术：头位固定、碘伏消毒、肾上腺素滴眼减少出血、牵引缝线、角膜保护；被动牵拉试验的目的、操作及Guyton改良法；角巩膜缘切口和穹隆切口、眼外肌暴露、分离与缝合要点。后续章节涉及faden术的常见错误与并发症（如欠矫、眼球运动受限、巩膜穿通率约15%但严重并发症少见），内直肌pulley后固定缝线术；下斜肌功能解剖、减弱术式（后徙、切除、前转位）及其适应证与手术步骤；代偿头位的测量、术前沟通、改良Parks手术量、四条或两条肌肉手术，以及眼球震颤合并斜视的处理。附录列出内斜视、外斜视的手术设计量表；最后介绍严重并发症：巩膜穿孔（发生率1%～2%，推荐口服环丙沙星）、眼内炎（",本书为Teresa C. Chen主编、2013年出版的青光眼外科专著，面向眼科住院医师、全科眼科医师及青光眼专科医师，系统讲解20种常用青光眼手术，并配有手术视频。内容涵盖小梁切除术、白内障青光眼联合手术、滤过泡修复、Ahmed、Krupin、Baerveldt、Molteno及Taco引流装置植入，以及前房角切开、小梁切开、房角分离、周边虹膜切除、前房冲洗、后巩膜切开术；同时介绍氩激光、Nd:YAG激光周边虹膜切除，氩激光和选择性激光小梁成形、周边虹膜成形，以及经巩膜二极管激光和内镜睫状体光凝。书中重点讨论青光眼分期、视神经损伤进展、靶眼内压、手术适应证与禁忌证、术前沟通、麻醉、显微器械、结膜瓣与巩膜瓣制作、房水滤过通道建立、滤过泡管理、丝裂霉素C应用及低眼压、浅前房、脉络膜脱离、滤过失败等并发症处理。
202,晶状体病学-何守志 2014,normalized_exact,03-白内障：晶状体与人工晶体,a0f47c80-3a66-46c8-8315-43b41ce357ea,10000,33ba90ed-027f-43f5-90d4-8b817caf8a48,晶状体病学-何守志 2014_weknora.mhtml,晶状体病学-何守志 2014_weknora.mhtml,completed,9a53a906-5705-4758-8267-d8c86119fdb8,fd237d29-9c5b-4dc0-9a21-8aebc8fd5a59,332,972,e0f311abc8d3cb9a766c7b189840b865663db0092afd2099b60ab31d62852bb7,"## 第 $ ^{②} $版 Diseases of the Lens 晶状体病学

何守志 编著

纵观《晶状体病学》第2版，有三个突出特点。第一是坚持瞄准国内外前沿，围绕“新”字做出其新颖性；第二是坚持学术性导向，博采众家所长，基础和临床并举，以表现其全面性和权威性；全部灰度图均由作者结合自己经验在电脑绘制，使文字和图例互补，以体现所表达内容的生动和真实

本书参阅了大量国内外文献，还邀请十几位国内顶尖白内障学者参编，彰显编著者对本书倾注的大量精力和心血。本书内容丰富，文字流畅，图文并茂，实用性强，堪称精品。

—谢立信

何守志教授是我的老朋友，特别是在白内障学术领域共同走过了数十年，他的组织天赋和学术创新思维，正像他的歌声一样充满激情，热烈奔放，令人十分敬佩。

—谢立信

本书是一本全面介绍晶状体及其白内障基础理论和临床实践，以及相关新技术、新进展的专业参考书。自2004年第1版出版以来，受到广泛欢迎和各方面赞誉。几年来，眼科发展日新月异，有关白内障的基础研究及临床新技术更是层出不穷。为保持本书既注重基本知识又瞄准学术前沿的特色，迫切需要更新和增加新内容。为此特邀请国内众多顶","# Summary
## 第 $ ^{②} $版 Diseases of the Lens 晶状体病学

何守志 编著

纵观《晶状体病学》第2版，有三个突出特点。第一是坚持瞄准国内外前沿，围绕“新”字做出其新颖性；第二是坚持学术性导向，博采众家所长，基础和临床并举，以表现其全面性和权威性；全部灰度图均由作者结合自己经验在电脑绘制，使文字和图例互补，以体现所表达内容的生动和真实

本书参阅了大量国内外文献，还邀请十几位国内顶尖白内障学者参编，彰显编著者对本书倾注的大量精力和心血。本书内容丰富，文字流畅，图文并茂，实用性强，堪称精品。

—谢立信

何守志教授是我的老朋友，特别是在白内障学术领域共同走过了数十年，他的组织天赋和学术创新思维，正像他的歌声一样充满激情，热烈奔放，令人十分敬佩。

—谢立信

本书是一本全面介绍晶状体及其白内障基础理论和临床实践，以及相关新技术、新进展的专业参考书。自2004年第1版出版以来，受到广泛欢迎和各方面赞誉。几年来，眼科发展日新月异，有关白内障的基础研究及临床新技术更是层出不穷。为保持本书既注重基本知识又瞄准学术前沿的特色，迫切需要更新和增加新内容。为此特邀请国内众多顶",何守志编著、2014年出版。本书是面向各级眼科临床、教学与科研人员的晶状体及白内障专业参考书，强调实用性、先进性和系统性。全书23章，先介绍晶状体胚胎发育、解剖、生化、组织形态、透明性与混浊光学变化及白内障病因学，继而涵盖白内障检查、临床评价、视功能检测、晶状体异位和各类型白内障。主体系统讲解显微手术基础、术前麻醉与术后处理、切口、传统及现代囊外摘除、手法碎核小切口、超声乳化和飞秒激光辅助技术，并延伸至小瞳孔、成熟过熟、葡萄膜炎、婴幼儿、脱位、外伤及玻璃体术后等特殊病例。后半部涉及联合手术、无晶状体眼矫正、人工晶状体材料与屈光度计算、功能扩展型及有晶状体眼人工晶状体、眼内屈光手术，以及术中术后并发症、视网膜光损伤、散光控制、药物治疗和Nd:YAG激光应用。
203,波前时代角膜地形图的临床应用-余克明译 2009,normalized_exact,20-检查：角膜地形图、前节分析与共聚焦,4fdc823c-4867-4304-be99-71a539390709,10000,d40783d2-9ebb-4fee-8f83-71a49be4edd0,波前时代角膜地形图的临床应用-余克明译 2009_weknora.mhtml,波前时代角膜地形图的临床应用-余克明译 2009_weknora.mhtml,completed,b2cabaf6-61b0-4e98-ab7f-e71fe112330d,b5ad077c-0301-4a22-89af-66bcac904b4b,352,890,6cf516087ec131080c35aef35f3a0d192c2fcf55c81b983b28ed5301f63b2e01,"《波前时代角膜地形图的临床应用》是一部由王明旭（Ming Wang）主编、余克明主译的眼科学专著，汇集了来自世界各地的数十位专家参与撰写。全书分为四部分：角膜地形图的基本原理、角膜地形图的临床应用、以角膜地形图为基础的个性化治疗，以及各类商用角膜地形图仪的具体介绍。

主编王明旭为医学、物理学双博士，毕业于中国科技大学并赴美深造，先后取得马里兰大学激光光谱学博士和哈佛大学医学博士学位（magna cum laude），在威尔士眼科医院完成住院医师培训，在巴斯康帕默眼科医院接受角膜专科训练，现为田纳西州大学眼科教授及王氏眼科中心创办人。他在实验原子物理、分子生物学和眼科三个领域均有建树，完成了25000例LASIK手术，实施了世界首例飞秒激光辅助人工角膜移植术，并创建慈善基金会帮助角膜盲患者。

前言明确指出，尽管波前测量技术提供了眼睛的全方位信息，角膜地形图仍然不可或缺，理由包括：角膜是眼球最大的屈光结构、手术矫正屈光不正主要针对角膜、现代地形图技术能测量角膜后表面和厚度（对圆锥角膜诊断至关重要）、波前技术存在内在限制（无法区分像差来源、缺少瞳孔外数据等）。21世纪将是角膜地形图与波前像差技术共同指导眼前段手术的时代。

第1章回顾了角膜地形图的发展历史，阐述了角膜光学基础：角膜提供约43D屈光力（占人眼总屈光力60D的2/3），正常角膜呈非球面形态，伴有0.5～1.0D顺规散光。

书中节选内容还涉及个体化治疗技术，如VISX的ACAP系统通过构建患者眼球的相位板模型，整合角膜地形图与波前像差数据来预测和优化手术效果；以Precisio和CIPTA软件为代表的个性化地形图切削技术，可用于圆锥角膜及屈光手术后并发症的处理。第26章展望未来，指出角膜地形图仍是术前评估的金标准，将与波前技术、OCT成像、术中实时地形图监测等手段融合，以提高屈光手术的预测性和安全性。","# Summary
《波前时代角膜地形图的临床应用》是一部由王明旭（Ming Wang）主编、余克明主译的眼科学专著，汇集了来自世界各地的数十位专家参与撰写。全书分为四部分：角膜地形图的基本原理、角膜地形图的临床应用、以角膜地形图为基础的个性化治疗，以及各类商用角膜地形图仪的具体介绍。

主编王明旭为医学、物理学双博士，毕业于中国科技大学并赴美深造，先后取得马里兰大学激光光谱学博士和哈佛大学医学博士学位（magna cum laude），在威尔士眼科医院完成住院医师培训，在巴斯康帕默眼科医院接受角膜专科训练，现为田纳西州大学眼科教授及王氏眼科中心创办人。他在实验原子物理、分子生物学和眼科三个领域均有建树，完成了25000例LASIK手术，实施了世界首例飞秒激光辅助人工角膜移植术，并创建慈善基金会帮助角膜盲患者。

前言明确指出，尽管波前测量技术提供了眼睛的全方位信息，角膜地形图仍然不可或缺，理由包括：角膜是眼球最大的屈光结构、手术矫正屈光不正主要针对角膜、现代地形图技术能测量角膜后表面和厚度（对圆锥角膜诊断至关重要）、波前技术存在内在限制（无法区分像差来源、缺少瞳孔外数据等）。21世纪将是角膜地形图与波前像差技术共同指导眼前段手术的时代。

第1章回顾了角膜地形图的发展历史，阐述了角膜光学基础：角膜提供约43D屈光力（占人眼总屈光力60D的2/3），正常角膜呈非球面形态，伴有0.5～1.0D顺规散光。

书中节选内容还涉及个体化治疗技术，如VISX的ACAP系统通过构建患者眼球的相位板模型，整合角膜地形图与波前像差数据来预测和优化手术效果；以Precisio和CIPTA软件为代表的个性化地形图切削技术，可用于圆锥角膜及屈光手术后并发症的处理。第26章展望未来，指出角膜地形图仍是术前评估的金标准，将与波前技术、OCT成像、术中实时地形图监测等手段融合，以提高屈光手术的预测性和安全性。",本书出版于2009年，是面向眼科医师、眼视光医师及角膜与屈光手术专业人员的综合性临床参考书，系统讲解波前技术时代角膜地形图的原理、判读与应用。全书分为四部分：首先介绍角膜解剖、生理和光学、地形图发展史、检查技术，以及轴向图、高度图、角膜厚度图和计量方法；其次分析正常及常见角膜病地形图，重点涉及圆锥角膜、亚临床圆锥角膜（FFKC）、屈光手术前评估、术后并发症和角膜后表面改变；第三部分讨论角膜地形图与波前像差互补、个性化屈光手术、准分子激光及VISX地形图引导切削；第四部分结合病例介绍Magellan、iTrace、Orbscan、Artemis、Keratron、Tomey、Topcon、AstraMax、Pentacam、Precisio等系统及其临床功能，并展望角膜成像和眼前段手术技术的发展。
204,泪道手术图谱-R.K. Weber 2010,normalized_exact,11-整形与泪道,bdde98f8-4f6b-4b3f-89a4-3cee7f5133b4,10000,69c275e1-853d-43d7-a6af-1a2558131e4a,泪道手术图谱-R.K. Weber 2010_weknora.mhtml,泪道手术图谱-R.K. Weber 2010_weknora.mhtml,completed,1a6102ed-bb12-4fea-9127-4686035aa279,d93219e4-a43e-4f5e-9e2f-a35502c11d3a,315,915,6ed8abd3d57648fbf749e8f27f40cfc06b26552c56520fdf665743512213e4ae,"《泪道手术图谱》中文版是一部由R.K. Weber、R. Keerl、S.D. Schaefer、R.C. Della Rocca等国际专家主编，陶海、侯世科主译，吴海洋、马志中审阅的眼科手术学专著，由北京科学技术出版社于2010年出版。全书共13章，含插图232幅、表格20个，附手术操作录像DVD及主题索引，内容涉及眼科、耳鼻喉科、整形科和放射科等多个领域。

该书内容涵盖泪道的解剖学、生理学、病理生理学和诊断学特点，并系统介绍了鼻泪管探通与置管、泪囊鼻腔造口术、儿童泪囊鼻腔造口术、激光辅助泪囊鼻腔造口术、结膜泪囊鼻腔吻合术及伴Jones管置入、泪道外伤修复等手术操作，还包括鼻内窥镜下泪囊鼻腔造口术的并发症处理、泪道显微内窥镜应用及泪道介入放射学研究进展，为临床医生提供了阶梯式诊疗方案。

书前部分强调，泪道外科需要眼科、耳鼻喉科及整形外科的跨学科合作，其目标是针对不同部位狭窄、肿瘤或外伤导致的泪溢，为每位患者制定个性化手术方案。译序和译者前言指出，国内泪道病诊治虽有进展，但在基础研究和某些先进手术技术方面与国外仍有差距，翻译出版此书有助于吸纳国际先进理论与技术。

从所摘录的章节内容看，解剖生理部分重点阐述了泪膜的结构与功能，包括脂质层、水液层、黏蛋白层，以及黏蛋白和TFF肽在泪膜稳定、抗菌防御中的作用；同时说明泪囊和鼻泪管周围海绵体血管丛通过膨胀和收缩调节泪液引流。诊断部分介绍了Schirmer试验、泪膜破裂时间、孟加拉红染色、溶菌酶溶胞试验等检查方法，并强调应明确阻塞位置和程度后选择相应手术方式。探通与置管部分针对先天性鼻泪管阻塞，介绍了Hasner瓣阻塞这一常见原因及操作要点，如先探上泪小管、避免损伤泪小管垂直部、防止形成假道等。泪道内窥镜部分则介绍了内窥镜设备、铒YAG激光等治疗工具，以及正常和病理状态下的内镜下表现。","# Summary
《泪道手术图谱》中文版是一部由R.K. Weber、R. Keerl、S.D. Schaefer、R.C. Della Rocca等国际专家主编，陶海、侯世科主译，吴海洋、马志中审阅的眼科手术学专著，由北京科学技术出版社于2010年出版。全书共13章，含插图232幅、表格20个，附手术操作录像DVD及主题索引，内容涉及眼科、耳鼻喉科、整形科和放射科等多个领域。

该书内容涵盖泪道的解剖学、生理学、病理生理学和诊断学特点，并系统介绍了鼻泪管探通与置管、泪囊鼻腔造口术、儿童泪囊鼻腔造口术、激光辅助泪囊鼻腔造口术、结膜泪囊鼻腔吻合术及伴Jones管置入、泪道外伤修复等手术操作，还包括鼻内窥镜下泪囊鼻腔造口术的并发症处理、泪道显微内窥镜应用及泪道介入放射学研究进展，为临床医生提供了阶梯式诊疗方案。

书前部分强调，泪道外科需要眼科、耳鼻喉科及整形外科的跨学科合作，其目标是针对不同部位狭窄、肿瘤或外伤导致的泪溢，为每位患者制定个性化手术方案。译序和译者前言指出，国内泪道病诊治虽有进展，但在基础研究和某些先进手术技术方面与国外仍有差距，翻译出版此书有助于吸纳国际先进理论与技术。

从所摘录的章节内容看，解剖生理部分重点阐述了泪膜的结构与功能，包括脂质层、水液层、黏蛋白层，以及黏蛋白和TFF肽在泪膜稳定、抗菌防御中的作用；同时说明泪囊和鼻泪管周围海绵体血管丛通过膨胀和收缩调节泪液引流。诊断部分介绍了Schirmer试验、泪膜破裂时间、孟加拉红染色、溶菌酶溶胞试验等检查方法，并强调应明确阻塞位置和程度后选择相应手术方式。探通与置管部分针对先天性鼻泪管阻塞，介绍了Hasner瓣阻塞这一常见原因及操作要点，如先探上泪小管、避免损伤泪小管垂直部、防止形成假道等。泪道内窥镜部分则介绍了内窥镜设备、铒YAG激光等治疗工具，以及正常和病理状态下的内镜下表现。",本书出版于2010年，是面向眼科、耳鼻喉科、整形外科及放射科临床医师、研究生和进修生的泪道外科专著。全书以泪道解剖、生理及病理生理为基础，讨论原发性获得性鼻泪管阻塞、泪石病、干眼症、泪点栓塞及相关免疫异常，继而系统介绍泪道诊断学，包括泪道探通与冲洗、放射线检查、鼻部及鼻内窥镜检查、泪道内窥镜检查。手术部分涵盖鼻泪管探通和置管、成人及儿童泪囊鼻腔造口术、激光辅助DCR及其失败和并发症处理、结膜鼻腔吻合术、伴Jones管置入术，以及鼻泪系统外伤和泪小管断裂修复。书中还介绍显微内窥镜下泪道微创诊断治疗、激光泪道成形、泪道结石及异物处理和介入放射学，配有大量术式图解、表格、DVD手术录像和索引，体现跨学科、阶梯式和个体化诊疗特点。
205,活体角膜激光共聚焦显微镜图谱-孙旭光 2014,normalized_exact,20-检查：角膜地形图、前节分析与共聚焦,4fdc823c-4867-4304-be99-71a539390709,10000,663e0838-d32d-4cb1-885d-5f5d2dd7e38c,活体角膜激光共聚焦显微镜图谱-孙旭光 2014_weknora.mhtml,活体角膜激光共聚焦显微镜图谱-孙旭光 2014_weknora.mhtml,completed,016c066a-9e49-4bbc-9152-bc878e45a801,95b16496-852c-4bb9-a49f-326779b7a638,351,1029,f769193c5151bc5400c69d6903b5ba953413e65001f17da9dc9627d353336607,"# 活体角膜激光共聚焦显微镜图谱

主编 孙旭光

人民军医出版社

# 活体角膜激光共聚焦 显微镜图谱

主 编 孙旭光

副主编 邓世靖

编委（以姓氏笔画为序）

王森 王智群 邓世靖 刘畅

孙旭光 李炜炜 张琛 张小艳

张丰菊 侯文博 姜 超 梁庆丰

图书在版编目(CIP)数据

活体角膜激光共聚焦显微镜图谱/孙旭光主编．—北京：人民军医出版社，2014.4

ISBN 978-7-5091-7457-9

Ⅰ. ①活… Ⅱ. ①孙… Ⅲ. ①角膜—共聚焦激光扫描显微镜—图谱 Ⅳ. ①R322.9-64

中国版本图书馆 CIP 数据核字（2014）第 066659 号

## 内容提要

本图谱共分为14章，集中了作者及其课题组多年来积累的、典型角结膜疾病的活体角膜激光共聚焦显微镜观察图片和角膜外伤图片，共312幅，内容主要涉及正常角结膜组织、感染性角膜病、免疫性角膜病、角膜营养不良与变性、神经营养性角膜病变、角膜手术后、药源性角膜病变及全身疾病相关性角膜病与角膜外伤等。为了使广大眼科医师能够更好地将活体角膜激光共聚焦显微镜图像信息与临床相结合，本图谱编写中还在部分章节","# Summary
# 活体角膜激光共聚焦显微镜图谱

主编 孙旭光

人民军医出版社

# 活体角膜激光共聚焦 显微镜图谱

主 编 孙旭光

副主编 邓世靖

编委（以姓氏笔画为序）

王森 王智群 邓世靖 刘畅

孙旭光 李炜炜 张琛 张小艳

张丰菊 侯文博 姜 超 梁庆丰

图书在版编目(CIP)数据

活体角膜激光共聚焦显微镜图谱/孙旭光主编．—北京：人民军医出版社，2014.4

ISBN 978-7-5091-7457-9

Ⅰ. ①活… Ⅱ. ①孙… Ⅲ. ①角膜—共聚焦激光扫描显微镜—图谱 Ⅳ. ①R322.9-64

中国版本图书馆 CIP 数据核字（2014）第 066659 号

## 内容提要

本图谱共分为14章，集中了作者及其课题组多年来积累的、典型角结膜疾病的活体角膜激光共聚焦显微镜观察图片和角膜外伤图片，共312幅，内容主要涉及正常角结膜组织、感染性角膜病、免疫性角膜病、角膜营养不良与变性、神经营养性角膜病变、角膜手术后、药源性角膜病变及全身疾病相关性角膜病与角膜外伤等。为了使广大眼科医师能够更好地将活体角膜激光共聚焦显微镜图像信息与临床相结合，本图谱编写中还在部分章节",本书出版于2014年，是面向眼科医师、角膜病及眼表疾病临床与科研人员的影像学图谱，汇集312幅典型角结膜疾病及角膜外伤图像。全书从活体角膜激光共聚焦显微镜的发展、结构原理、检查方法和操作注意事项入手，先展示正常角膜各层细胞、神经、郎格汉斯细胞、内皮及正常结膜结构，再结合疾病定义、临床表现、组织病理和共聚焦图像，系统呈现细菌性、真菌性、阿米巴及病毒性角膜炎，角膜变性与营养不良，免疫性角膜病、干眼、药源性及全身疾病相关角膜病变；并涵盖LASIK等屈光手术后神经修复、手术界面与并发症，角膜移植和羊膜移植术后改变及免疫排斥。另收录角膜异物、热烧伤和化学烧伤，以及春季卡他性结膜炎、蠕形螨性睑缘炎和角结膜上皮内上皮癌。重点体现活体、无创、实时、动态、近细胞水平观察在诊断、病程评估、治疗指导和科研中的价值。
206,现代临床视野检测-袁援生 2015,normalized_exact,18-检查：视野,0a9523cf-e62e-47a6-ad9f-3ae295c3b564,10000,b84c2b1f-0aed-4ac0-ba40-3b350019141b,现代临床视野检测-袁援生 2015_weknora.mhtml,现代临床视野检测-袁援生 2015_weknora.mhtml,completed,fb7a5ef3-82f2-42d9-bc85-c17e55eff509,a2bc0bba-0bc1-4204-b323-6209e9d2ae5d,415,1183,3773c8360cc671bb410c4ff06af06abd068f6f1c2424b25a6c04a996f17d649b,"## 第2版

# 现代临床 视野检测

主编 袁援生 钟华

# 现代临床视野检测

## 内容提要

计算机自动视野计在近十余年来有了长足的发展，视野检查技术也得到了不断的改进和提高。无论是从硬件设施还是软件的设计，都给临床诊疗提供了最需要的支持。为了让更多的眼科及相关专业医师能及时地了解视野检查发展的动态，我们重新修订了《现代临床视野检测》一书，从视野计的发展开始，先介绍了视野检查的原理、视野计的硬件和软件设计等基础性内容，同时对视野检查中程序与策略的选择、影响因素和需要注意的事项等进行说明，对视野结果的阅读分析也做了重点的阐述（特别是青光眼相关的视野特点和分析方法），最后，将视野在眼科临床常见疾病中的应用特点结合实际的病例进行了分析总结。

本书的目的是为广大读者提供了一本详尽的现代临床视野实际应用的参考书籍。

策划编辑 郝巨为

责任编辑 郝巨为 杨帆

封面设计 水长流文化 尹岩

版式设计 单斯

人卫社官网 www.pmph.com 出版物查询，在线购书

人卫医学网 www.ipmph.com
医学考试辅导，医学数据库服务，医学教育资源，大众健康资讯

销售分类/眼","# Summary
## 第2版

# 现代临床 视野检测

主编 袁援生 钟华

# 现代临床视野检测

## 内容提要

计算机自动视野计在近十余年来有了长足的发展，视野检查技术也得到了不断的改进和提高。无论是从硬件设施还是软件的设计，都给临床诊疗提供了最需要的支持。为了让更多的眼科及相关专业医师能及时地了解视野检查发展的动态，我们重新修订了《现代临床视野检测》一书，从视野计的发展开始，先介绍了视野检查的原理、视野计的硬件和软件设计等基础性内容，同时对视野检查中程序与策略的选择、影响因素和需要注意的事项等进行说明，对视野结果的阅读分析也做了重点的阐述（特别是青光眼相关的视野特点和分析方法），最后，将视野在眼科临床常见疾病中的应用特点结合实际的病例进行了分析总结。

本书的目的是为广大读者提供了一本详尽的现代临床视野实际应用的参考书籍。

策划编辑 郝巨为

责任编辑 郝巨为 杨帆

封面设计 水长流文化 尹岩

版式设计 单斯

人卫社官网 www.pmph.com 出版物查询，在线购书

人卫医学网 www.ipmph.com
医学考试辅导，医学数据库服务，医学教育资源，大众健康资讯

销售分类/眼",本书出版于2015年，是面向眼科医师、视野检查技师及相关专业人员的临床视野学参考书，重点服务于青光眼、神经眼科及视网膜疾病的诊断、治疗评估和随访。全书从临床视野检查发展、新型检测技术和常用术语入手，系统讲解光学、眼与视路解剖生理、心理物理学、视岛与等视线、动态及静态阈值检查和正常值；继而介绍Humphrey自动视野计的硬件、软件、操作、SITA策略、可靠性指标、统计分析、程序选择及伪迹识别。核心内容包括视野报告阅读、灰度图与偏差图分析、GHT和视野指数、视野缺损类型及进展判断，重点阐述原发性开角型、正常眼压性和闭角型青光眼的视野改变、分级、随访、筛查及手术后评价，并延伸至视路病变、视神经和视交叉疾病、视网膜色素变性、糖尿病视网膜病变、黄斑病变、视网膜脱离、近视、白内障及人工晶状体术后改变，还涉及功能性视野异常、驾驶与视力残疾评定，以及短波长、倍频、mfVEP、闪烁、瞳孔、视觉运动觉、高通分辨和Rarebit等检测技术。
207,现代眼眶病诊断学-肖利华 2006,normalized_exact,12-眼眶与眼肿瘤,e785de98-5837-4eea-89a8-6a46cacb5173,10000,1acaafaf-e859-46ef-aea2-5a134105a266,现代眼眶病诊断学-肖利华 2006_weknora.mhtml,现代眼眶病诊断学-肖利华 2006_weknora.mhtml,completed,c36a5903-ae2f-4608-9eb9-e1278342e43e,05a9f5e3-f70e-4484-b786-60f834cbe39f,371,1071,b6bc0975d3c344a71b8fb77c0dd184c918db2c118ce52a36fb76a4769265634d,"《现代眼眶病诊断学》系统介绍眼眶疾病的临床症状、体征、常规检查及超声、CT、MRI、DSA和放射性核素显像等影像学方法，旨在帮助临床医生认识眼眶病的发生发展规律并提高诊断准确性。全书资料主要来自作者多年临床经验及大量病例和影像资料，涵盖各类眼眶疾病，并通过典型病例、图像分析和病理对照说明诊断要点。

本书强调，现代影像学虽显著拓展了眼眶病的检查手段，能够提供病变的形态、密度、血流、组织信号及代谢等信息，但影像只能作为辅助诊断，不能替代病史采集、症状分析、体格检查和临床思维。第一章重点讨论眼球突出、眼球内陷、眼球移位和疼痛等常见表现。眼球突出是最常见症状，其病因与年龄、单侧或双侧分布及突出方向有关；搏动性或体位性突出分别提示动静脉交通、骨缺失或眶内静脉曲张等疾病。眼球内陷常见于爆裂性骨折、静脉曲张、转移性乳腺硬癌及硬化型炎性假瘤；眼球移位方向则有助于判断病变所在的眼眶解剖间隙和位置。

节选内容还以颈动脉海绵窦瘘（CCF）为例，说明超声、CT、MRI及DSA的联合应用价值。其中DSA被视为诊断CCF的“金标准”，可明确瘘口、供血动脉及静脉引流方向，并为介入治疗提供依据。书中同时分析了朗格汉斯细胞组织细胞增生症、鼻窦黏液囊肿和眼眶瘘管等容易误诊的疾病，指出应结合年龄、病程、临床表现和影像特征进行鉴别；对于外伤后反复不愈的眼周瘘管，应高度警惕残留异物，并合理选择CT或MRI检查。","# Summary
《现代眼眶病诊断学》系统介绍眼眶疾病的临床症状、体征、常规检查及超声、CT、MRI、DSA和放射性核素显像等影像学方法，旨在帮助临床医生认识眼眶病的发生发展规律并提高诊断准确性。全书资料主要来自作者多年临床经验及大量病例和影像资料，涵盖各类眼眶疾病，并通过典型病例、图像分析和病理对照说明诊断要点。

本书强调，现代影像学虽显著拓展了眼眶病的检查手段，能够提供病变的形态、密度、血流、组织信号及代谢等信息，但影像只能作为辅助诊断，不能替代病史采集、症状分析、体格检查和临床思维。第一章重点讨论眼球突出、眼球内陷、眼球移位和疼痛等常见表现。眼球突出是最常见症状，其病因与年龄、单侧或双侧分布及突出方向有关；搏动性或体位性突出分别提示动静脉交通、骨缺失或眶内静脉曲张等疾病。眼球内陷常见于爆裂性骨折、静脉曲张、转移性乳腺硬癌及硬化型炎性假瘤；眼球移位方向则有助于判断病变所在的眼眶解剖间隙和位置。

节选内容还以颈动脉海绵窦瘘（CCF）为例，说明超声、CT、MRI及DSA的联合应用价值。其中DSA被视为诊断CCF的“金标准”，可明确瘘口、供血动脉及静脉引流方向，并为介入治疗提供依据。书中同时分析了朗格汉斯细胞组织细胞增生症、鼻窦黏液囊肿和眼眶瘘管等容易误诊的疾病，指出应结合年龄、病程、临床表现和影像特征进行鉴别；对于外伤后反复不愈的眼周瘘管，应高度警惕残留异物，并合理选择CT或MRI检查。",本书为肖利华著、2006年出版的眼眶病影像与临床诊断专著，适合眼科、医学影像科及神经科、耳鼻咽喉科、颌面外科医生学习参考。全书以病史、症状、体征和一般检查为基础，系统介绍X线、超声、CT、MRI、DSA、PET及SPECT等检查方法与影像判读，并讨论检查选择、影像局限及影像导向下穿刺活检。内容涵盖先天及发育异常、眼眶炎症、囊肿、原发性肿瘤、继发性及转移性肿瘤、淋巴性和造血病变、甲状腺相关眼病、外伤出血、骨折与异物，以及相关疾病和易误诊、漏诊病例。重点涉及眼球突出、内陷、移位、疼痛、复视、视力下降、眼睑征和眶周肿块等临床表现，并收录海绵状血管瘤、淋巴管瘤、炎性假瘤、横纹肌肉瘤、视神经胶质瘤、脑膜瘤、泪腺肿瘤、淋巴瘤、转移癌、甲状腺相关眼病、眶蜂窝织炎、爆裂性骨折等疾病的典型外观及影像资料，强调结合病程、全身病史与临床思维进行鉴别诊断。
208,现代眼肿瘤眼眶病学-吴中耀 2002,normalized_exact,12-眼眶与眼肿瘤,e785de98-5837-4eea-89a8-6a46cacb5173,10000,adfa4234-2858-4775-8855-c3e928232efc,现代眼肿瘤眼眶病学-吴中耀 2002_weknora.mhtml,现代眼肿瘤眼眶病学-吴中耀 2002_weknora.mhtml,completed,0cc6286a-3443-4c84-acd0-a745ec2b8521,fde7884e-f3ea-4448-be39-70aedf85f1da,354,1033,a2fd090f1c70f7d65292d0c27acf769be313dbb62545d2a582b671ab8ba513ee,"《现代眼肿瘤眼眶病学》是一部系统介绍眼部肿瘤与眼眶疾病现代诊断、治疗及手术技术的专著。全书分为总论、各论和手术3篇，共19章，内容涵盖眼睑、结膜、角膜、巩膜、泪器、眼内及眼眶的良恶性肿瘤和其他病变，并结合现代影像学、实验诊断、病理学、分子生物学及多学科协作的发展，介绍国内外研究进展、诊疗原则、新技术和作者的临床经验，旨在为眼科及相关专科医师提供参考。

节选重点讨论葡萄膜肿瘤。葡萄膜富含色素和血管，是眼部肿瘤常见部位，既可发生虹膜囊肿、虹膜及脉络膜痣、血管瘤等良性病变，也可发生成人常见的恶性黑色素瘤及儿童髓上皮瘤；后部脉络膜还容易出现全身肿瘤转移。虹膜囊肿包括原发性、外伤或手术植入性及其他继发性类型，临床表现和并发症与病理来源、位置及生长情况有关，可导致继发性青光眼、角膜内皮损害、白内障、葡萄膜炎和弱视。裂隙灯、房角镜及UBM有助于诊断和鉴别，治疗可采用观察、激光、穿刺抽吸联合冷冻或手术切除。虹膜痣和脉络膜痣通常为良性，但需通过定期随访警惕恶性黑色素瘤。

节选还涉及眼眶平滑肌瘤、平滑肌肉瘤、纤维瘤和纤维组织细胞瘤等间叶组织肿瘤，以及眼眶静脉曲张和动脉瘤。此类疾病多表现为眼球突出、视力下降、眼球移位或运动障碍，影像学检查用于定位、判断范围及提示良恶性，确诊常需病理检查。良性肿瘤以完整手术切除为主，恶性或易复发病变需更积极处理；眼眶静脉曲张可根据病情观察或手术，动脉瘤则可采用血管结扎、切除或介入栓塞治疗。","# Summary
《现代眼肿瘤眼眶病学》是一部系统介绍眼部肿瘤与眼眶疾病现代诊断、治疗及手术技术的专著。全书分为总论、各论和手术3篇，共19章，内容涵盖眼睑、结膜、角膜、巩膜、泪器、眼内及眼眶的良恶性肿瘤和其他病变，并结合现代影像学、实验诊断、病理学、分子生物学及多学科协作的发展，介绍国内外研究进展、诊疗原则、新技术和作者的临床经验，旨在为眼科及相关专科医师提供参考。

节选重点讨论葡萄膜肿瘤。葡萄膜富含色素和血管，是眼部肿瘤常见部位，既可发生虹膜囊肿、虹膜及脉络膜痣、血管瘤等良性病变，也可发生成人常见的恶性黑色素瘤及儿童髓上皮瘤；后部脉络膜还容易出现全身肿瘤转移。虹膜囊肿包括原发性、外伤或手术植入性及其他继发性类型，临床表现和并发症与病理来源、位置及生长情况有关，可导致继发性青光眼、角膜内皮损害、白内障、葡萄膜炎和弱视。裂隙灯、房角镜及UBM有助于诊断和鉴别，治疗可采用观察、激光、穿刺抽吸联合冷冻或手术切除。虹膜痣和脉络膜痣通常为良性，但需通过定期随访警惕恶性黑色素瘤。

节选还涉及眼眶平滑肌瘤、平滑肌肉瘤、纤维瘤和纤维组织细胞瘤等间叶组织肿瘤，以及眼眶静脉曲张和动脉瘤。此类疾病多表现为眼球突出、视力下降、眼球移位或运动障碍，影像学检查用于定位、判断范围及提示良恶性，确诊常需病理检查。良性肿瘤以完整手术切除为主，恶性或易复发病变需更积极处理；眼眶静脉曲张可根据病情观察或手术，动脉瘤则可采用血管结扎、切除或介入栓塞治疗。",本书为2002年出版的眼肿瘤与眼眶病现代诊治专著，适合眼科临床医师、研究生及耳鼻咽喉、神经外科、颌面外科、整形外科、影像和病理等相关医师参考。全书分总论、各论、手术三篇19章，系统涉及眼睑、结膜、角膜、巩膜、葡萄膜、视网膜、视神经、泪器及眼眶肿瘤，并涵盖先天发育异常、眼眶炎症、血管性畸形、淋巴细胞病变、白血病和转移癌。重点疾病包括葡萄膜恶性黑色素瘤、视网膜母细胞瘤、髓上皮瘤、眼内及眼眶转移癌、泪腺肿瘤、海绵状血管瘤、横纹肌肉瘤、脑膜瘤、神经鞘瘤和炎性假瘤等。内容强调病理、临床表现、鉴别诊断与预后，介绍裂隙灯、房角镜、眼底检查、超声、UBM、CT、MRI、荧光及吲哚氰绿血管造影、细针活检等检查技术，以及手术切除、眼球摘除、眶内容剜除、放疗、化疗、冷冻、激光、放射性贴敷、γ刀和眼部整形等治疗与手术方法。
209,现代神经疾病学上-吕雪飞 2016,normalized_exact,09-神经眼科,be1e44f1-985d-4445-b6a3-e60a0f43f85e,10000,9a46e1f7-5d2b-410c-8080-72332fa5fc9b,现代神经疾病学上-吕雪飞 2016_weknora.mhtml,现代神经疾病学上-吕雪飞 2016_weknora.mhtml,completed,4b114be3-ee0a-433d-b2bc-b5bb39068f60,314d2bd3-1210-4092-afdc-b7f3b60d35f7,310,916,04c064d0e29b945a2466a6cccb1c86eb5600892ae5ffd86c905a961c9b042781,"## 现代 神经疾病学

吕雪飞等◎主编

# 现代神经疾病学

（上）

吕雪飞等◎主编

图书在版编目（CIP）数据

现代神经疾病学/吕雪飞，衣永尚，李兆生主编

. —— 长春：吉林科学技术出版社，2016.7

ISBN 978-7-5578-1143-3

Ⅰ．①现…Ⅱ．①吕…②衣…③李…Ⅲ．①神经病学Ⅳ．①R741

中国版本图书馆CIP数据核字（2016）第167842号

## 现代神经疾病学

XIANDAI SHENJING JIBING XUE

主 编 吕雪飞 衣永尚 李兆生 王娟娟 边世春 郑鸿伟

出版人李梁

责任编辑 孟波

封面设计 长春创意广告图文制作有限责任公司

制版长春创意广告图文制作有限责任公司

开本 787mm×1092mm 1/16

字数840千字

印 张 38.5

版次2016年7月第1版

印次2017年6月第1版第2次印刷

出版吉林科学技术出版社

发行 吉林科学技术出版社

地址 长春市人民大街4646号

邮编130021

发行部电话/传真 0431-85635177 85651759 85651628

8565","# Summary
## 现代 神经疾病学

吕雪飞等◎主编

# 现代神经疾病学

（上）

吕雪飞等◎主编

图书在版编目（CIP）数据

现代神经疾病学/吕雪飞，衣永尚，李兆生主编

. —— 长春：吉林科学技术出版社，2016.7

ISBN 978-7-5578-1143-3

Ⅰ．①现…Ⅱ．①吕…②衣…③李…Ⅲ．①神经病学Ⅳ．①R741

中国版本图书馆CIP数据核字（2016）第167842号

## 现代神经疾病学

XIANDAI SHENJING JIBING XUE

主 编 吕雪飞 衣永尚 李兆生 王娟娟 边世春 郑鸿伟

出版人李梁

责任编辑 孟波

封面设计 长春创意广告图文制作有限责任公司

制版长春创意广告图文制作有限责任公司

开本 787mm×1092mm 1/16

字数840千字

印 张 38.5

版次2016年7月第1版

印次2017年6月第1版第2次印刷

出版吉林科学技术出版社

发行 吉林科学技术出版社

地址 长春市人民大街4646号

邮编130021

发行部电话/传真 0431-85635177 85651759 85651628

8565",2016年出版，面向神经科临床医师、医学生及相关护理和精神卫生人员，强调实用性、系统性与诊疗技术更新。本书共23章，涵盖神经系统常见症状与定位思维、体格检查、神经系统检查及其他检查；脑血管病、脑积水、癫痫、蝶鞍区病变、痴呆、头痛、神经系统感染、脱髓鞘病、脊髓病、神经肌肉接头与肌肉病、周围神经病及运动障碍；并包括颅内压增高、脑疝、颅脑损伤护理，精神障碍诊疗、药物与心理治疗、预防康复、癌症心理社会干预及急诊内科疾病。重点涉及脑梗死、脑出血、蛛网膜下腔出血、颅内动脉瘤、脑动静脉畸形、重症肌无力、吉兰-巴雷综合征、帕金森病等，涉及脑电图、经颅多普勒、体感诱发电位、脑缺血外科治疗、神经外科血管内治疗及癫痫外科治疗等关键词。
210,现代神经疾病学下-吕雪飞 2016,normalized_exact,09-神经眼科,be1e44f1-985d-4445-b6a3-e60a0f43f85e,10000,3182df64-81e5-43db-a8b7-959b3c98b637,现代神经疾病学下-吕雪飞 2016_weknora.mhtml,现代神经疾病学下-吕雪飞 2016_weknora.mhtml,completed,216e9fd5-1fdf-483c-9443-b84c52245015,f6db3eca-6420-4f0d-99f1-8d90b78970d9,332,960,afc9e5a5b43b4d9af728d7444c8e9d401fc98d992e17c254d2acc2f984feb706,"## 现代 神经疾病学

吕雪飞等◎主编

# 现代神经疾病学

（下）

吕雪飞等 $ ^{©} $主编

## 第十五章 颅内压增高与脑疝患者的护理

## 第一节 颅内压增高患者的护理

颅内压（ICP）是指颅腔内容物对颅腔壁所产生的压力，通常以侧卧位时腰段脊髓蛛网膜下腔穿刺所测得的脑脊液压为代表。正常为
0.8～0.18kPa（80～180mmH₂O，6～13.5mmHg），儿童较低，为
0.5～1.0kPa（50～100mmH₂O，3.7～7.4mmHg）。颅内压也可经颅内压监护系统直接测得。在病理情况下，当颅内压监护测得的压力或腰椎穿刺测得的脑脊液压超过
2kPa（200mmH₂O）时，即颅内压增高。颅内压增高是神经科医生在临床工作中经常遇到的问题，如不能及时诊断、去除病因或者采取措施以缓解颅内压，患者极可能发生脑疝，继而出现生命危险。

## 一、 病因及发病机制

在成人，当颅缝闭合后，颅腔的容积即固定不变，约为 1400 ～
1500ml。颅腔内容物主要为脑、血液和脑脊液三种成分：其中脑体积约为 1150 ～
1350cm³；颅内血容量约占颅腔容积的 2%～11%，变","# Summary
## 现代 神经疾病学

吕雪飞等◎主编

# 现代神经疾病学

（下）

吕雪飞等 $ ^{©} $主编

## 第十五章 颅内压增高与脑疝患者的护理

## 第一节 颅内压增高患者的护理

颅内压（ICP）是指颅腔内容物对颅腔壁所产生的压力，通常以侧卧位时腰段脊髓蛛网膜下腔穿刺所测得的脑脊液压为代表。正常为
0.8～0.18kPa（80～180mmH₂O，6～13.5mmHg），儿童较低，为
0.5～1.0kPa（50～100mmH₂O，3.7～7.4mmHg）。颅内压也可经颅内压监护系统直接测得。在病理情况下，当颅内压监护测得的压力或腰椎穿刺测得的脑脊液压超过
2kPa（200mmH₂O）时，即颅内压增高。颅内压增高是神经科医生在临床工作中经常遇到的问题，如不能及时诊断、去除病因或者采取措施以缓解颅内压，患者极可能发生脑疝，继而出现生命危险。

## 一、 病因及发病机制

在成人，当颅缝闭合后，颅腔的容积即固定不变，约为 1400 ～
1500ml。颅腔内容物主要为脑、血液和脑脊液三种成分：其中脑体积约为 1150 ～
1350cm³；颅内血容量约占颅腔容积的 2%～11%，变",本书出版于2016年，是神经疾病临床护理、精神医学与急诊处理的综合性专业读物，适用于神经科、神经外科、精神科医护人员及相关专业学习者。内容涵盖颅内压增高、脑疝、颅脑损伤、颅骨骨折、颅内血肿、脑干损伤、颅内脓肿等疾病的病因、临床表现、诊断、治疗与专科护理；并系统介绍阿尔茨海默病、脑血管病及脑外伤所致精神障碍、癫痫及颅内感染相关精神障碍、精神活性物质和中毒所致障碍、精神分裂症、抑郁障碍等。书中还涉及抗精神病药、抗抑郁药、心境稳定剂、抗焦虑药、物理治疗、心理治疗、精神障碍预防康复，以及癌症患者心理社会干预和急诊内科常见疾病。重要关键词包括颅内压监护、腰椎穿刺、CT、MRI、DSA、CTA、MRA、甘露醇脱水、亚低温、巴比妥昏迷、脑室引流、脓肿穿刺引流与切除术等。
211,玻璃体显微手术学（第5版）-Steve Charles、Jorge Calzada、Byron Wood 2013,normalized_exact,07-玻璃体视网膜外科,a6b50bbd-5223-4776-88b7-ac57a59a3fcf,10000,a373e83a-c860-4265-983d-3d4aea331bbb,玻璃体显微手术学（第5版）-Steve Charles、Jorge Calzada、Byron Wood 2013_weknora.mhtml,玻璃体显微手术学（第5版）-Steve Charles、Jorge Calzada、Byron Wood 2013_weknora.mhtml,completed,274a29a4-92fa-4df3-8906-5d0ba5c555c9,1185e896-8584-4485-bcd7-ab47d1112655,344,990,7092d6efd437687450a2e68794643ecab5f37b89526f017a3c7249c6c88dff0d,"《玻璃体显微手术学》（第5版）是一部眼科学专著，由Steve Charles等美国学者著、解正高主译，人民军医出版社出版。本次提供的文本涵盖该书多个章节的核心内容。

在“术前评估”部分，书中强调玻璃体手术已扩展至更多眼病，25G微创玻璃体切割术减少了并发症，使黄斑前膜等患者也能受益。医师需亲自检查患者双眼，与患者及其家属坦诚沟通手术成功概率、并发症风险及术后注意事项，并关注患者经济状况。全身因素方面，需评估年龄、糖尿病、心肺疾病、肥胖及阻塞性睡眠呼吸暂停综合征等对麻醉和手术的影响，提倡个体化治疗方案。眼部检查方面，重点包括视功能检查（视力、光感、手动、指数等的规范操作）、对比敏感度、视物变形、视野、内视现象、辨色力、Maddox杆点测试、两点分辨试验及激光干涉视力等心理物理学检查，并指出这些检查存在假阳性和假阴性，作者目前仅用视力评估视功能。此外还涉及瞳孔检查（传入性瞳孔阻滞）、裂隙灯检查角膜/虹膜/晶状体/眼压，以及玻璃体形态结构和视网膜检查，强调理解玻璃体后脱离和玻璃体对视网膜牵拉的重要性。

在视网膜裂孔激光治疗部分，书中讨论了治疗指征（如带瓣裂孔、上方裂孔等）、激光能量与光斑间距的选择、环形光凝技巧及与冷凝术的比较，指出冷凝可能增加PVR风险，激光则即时黏合且炎症轻。

充气性视网膜固定术部分，作者介绍了其适应症（上方单纯视网膜脱离）和操作要点，主张避免冷凝以减少PVR，若注气后未复位则改行玻璃体切割术。

“术后随访”部分强调术后3周内密切观察PVR、网脱等并发症，糖尿病患者需更频繁复查。

“手术医师的自我训练”部分指出术者需通过模拟器、动物眼等反复练习，诚实评估自身立体视、色觉和心理素质，系统收集分析手术结果并与同行比较，加强团队教育及与器械公司的合作，以持续改进技术。","# Summary
《玻璃体显微手术学》（第5版）是一部眼科学专著，由Steve Charles等美国学者著、解正高主译，人民军医出版社出版。本次提供的文本涵盖该书多个章节的核心内容。

在“术前评估”部分，书中强调玻璃体手术已扩展至更多眼病，25G微创玻璃体切割术减少了并发症，使黄斑前膜等患者也能受益。医师需亲自检查患者双眼，与患者及其家属坦诚沟通手术成功概率、并发症风险及术后注意事项，并关注患者经济状况。全身因素方面，需评估年龄、糖尿病、心肺疾病、肥胖及阻塞性睡眠呼吸暂停综合征等对麻醉和手术的影响，提倡个体化治疗方案。眼部检查方面，重点包括视功能检查（视力、光感、手动、指数等的规范操作）、对比敏感度、视物变形、视野、内视现象、辨色力、Maddox杆点测试、两点分辨试验及激光干涉视力等心理物理学检查，并指出这些检查存在假阳性和假阴性，作者目前仅用视力评估视功能。此外还涉及瞳孔检查（传入性瞳孔阻滞）、裂隙灯检查角膜/虹膜/晶状体/眼压，以及玻璃体形态结构和视网膜检查，强调理解玻璃体后脱离和玻璃体对视网膜牵拉的重要性。

在视网膜裂孔激光治疗部分，书中讨论了治疗指征（如带瓣裂孔、上方裂孔等）、激光能量与光斑间距的选择、环形光凝技巧及与冷凝术的比较，指出冷凝可能增加PVR风险，激光则即时黏合且炎症轻。

充气性视网膜固定术部分，作者介绍了其适应症（上方单纯视网膜脱离）和操作要点，主张避免冷凝以减少PVR，若注气后未复位则改行玻璃体切割术。

“术后随访”部分强调术后3周内密切观察PVR、网脱等并发症，糖尿病患者需更频繁复查。

“手术医师的自我训练”部分指出术者需通过模拟器、动物眼等反复练习，诚实评估自身立体视、色觉和心理素质，系统收集分析手术结果并与同行比较，加强团队教育及与器械公司的合作，以持续改进技术。",2013年出版。本书面向玻璃体视网膜外科医师、眼科住院医师及手术室相关人员，系统介绍玻璃体显微手术的临床决策、术前评估与围术期管理。内容涵盖视功能、瞳孔、裂隙灯、间接检眼镜检查，以及B型/实时灰阶超声、OCT、ERG、VEP和眼内异物影像定位；详述手术系统、器械、显微镜、照明、灌注、抽吸、切割、眼内光凝、电凝、手术录像、麻醉与术中监护，并介绍25G、20G玻璃体切割、联合超声乳化、气液交换、眼内气体填充、巩膜扣带、激光光凝、玻璃体腔注射等技术。疾病处理涉及视网膜裂孔与脱离、巨大裂孔、增生性玻璃体视网膜病变、黄斑前膜、黄斑裂孔、糖尿病视网膜病变、视网膜静脉阻塞、脉络膜新生血管、葡萄膜炎、眼内炎、早产儿视网膜病变、儿童牵拉性视网膜脱离、人工晶状体并发症、眼外伤、眼内异物及术后并发症。
212,玻璃体视网膜手术学-黎晓新 2014,normalized_exact,06-眼底病与视网膜内科,f900fe21-9deb-47e0-bf36-ce06022cae92,10000,1f3c5e03-bdbb-408d-97d3-aa4f1c0210f6,玻璃体视网膜手术学-黎晓新 2014_weknora.mhtml,玻璃体视网膜手术学-黎晓新 2014_weknora.mhtml,completed,5f354156-f971-428e-82f4-32e314e33958,42a9f433-45b5-4e80-80e9-33293637f407,383,1117,aa0f0467f3c047b083e46dd17774b0ed3d7692fe45f4b86ef29f6b1d67f7ff0b,"# 玻璃体视网膜手术学

第2版

主编 黎晓新 王景昭

副主编 魏文斌 赵明威

主编助理 佘海澄

玻璃体视网膜手术学/黎晓新，王景昭主编. —2版.
—北京：人民卫生出版社，2014

ISBN 978-7-117-19293-4

## 第1版序

视网膜脱离是严重的致盲性眼病之一。视网膜玻璃体疾病的手术治疗是从20世纪开始，首先是Gonin开辟的视网膜脱离的手术治疗，使得这一疾病从不治变为可治。20世纪70年代以后，玻璃体手术的出现，各种玻璃体替代物的更新与临床应用，使视网膜脱离手术进一步完善与提高。尤其是80年代以后，各种膨胀气体、硅油、全氟化碳液体的应用、眼内光凝、视网膜切开与切除技术的应用，对增生性玻璃体视网膜病变（PVR）的认识和研究不断地伸入，尤其是前部PVR的研究等，使玻璃体手术适应证逐步拓宽，手术技术日新月异，玻璃体视网膜手术成功率大大提高。

","# Summary
# 玻璃体视网膜手术学

第2版

主编 黎晓新 王景昭

副主编 魏文斌 赵明威

主编助理 佘海澄

玻璃体视网膜手术学/黎晓新，王景昭主编. —2版.
—北京：人民卫生出版社，2014

ISBN 978-7-117-19293-4

## 第1版序

视网膜脱离是严重的致盲性眼病之一。视网膜玻璃体疾病的手术治疗是从20世纪开始，首先是Gonin开辟的视网膜脱离的手术治疗，使得这一疾病从不治变为可治。20世纪70年代以后，玻璃体手术的出现，各种玻璃体替代物的更新与临床应用，使视网膜脱离手术进一步完善与提高。尤其是80年代以后，各种膨胀气体、硅油、全氟化碳液体的应用、眼内光凝、视网膜切开与切除技术的应用，对增生性玻璃体视网膜病变（PVR）的认识和研究不断地伸入，尤其是前部PVR的研究等，使玻璃体手术适应证逐步拓宽，手术技术日新月异，玻璃体视网膜手术成功率大大提高。

",本书出版于2014年，是黎晓新、王景昭主编的眼科玻璃体视网膜手术高级参考书，面向眼底病及玻璃体视网膜手术临床医师、研究者和相关专业学习者。全书从手术发展史、视网膜与玻璃体的解剖生理、胚胎学、生化及病理生理入手，介绍手术器械、广角显像系统、眼内灌注液、膨胀性气体、全氟化碳液体、硅油和重硅油等玻璃体腔替代物，并系统讲述术前检查、荧光素及吲哚青绿血管造影、OCT、视觉电生理、超声、CT/MRI、激光治疗和麻醉管理。重点围绕孔源性、牵拉性、渗出性、外伤性及术后视网膜脱离，涵盖巩膜扣带术、晶状体切割、常规及微切口玻璃体切除、眼内光凝、膜剥除、视网膜切开、气液交换和硅油填充等技术；并涉及PVR、糖尿病视网膜病变、黄斑裂孔与黄斑前膜、视网膜血管炎、眼内炎、葡萄膜炎、儿童眼底病、视网膜血管增生性肿瘤、视网膜母细胞瘤、前后节联合手术、眼内镜、诊断性玻璃体切除及经玻璃体给药。
213,白内障与人工晶状体-李筱荣 2011,normalized_exact,03-白内障：晶状体与人工晶体,a0f47c80-3a66-46c8-8315-43b41ce357ea,10000,e54827b4-a81a-40f5-bcff-ea685a1d971f,白内障与人工晶状体-李筱荣 2011_weknora.mhtml,白内障与人工晶状体-李筱荣 2011_weknora.mhtml,completed,49fe432d-6595-4655-9000-b067518d2f1f,e51eaaaa-dd3d-4a3f-9981-ab01edcdc723,356,1038,80b67b9a9747ffc2b37817b982431f3a8db2e055f7ff9e61cc20008205d541fe,"本书为《白内障与人工晶状体》专业著作，由李筱荣主编，袁佳琴作序。全书以白内障治疗为切入点，分上下两篇，系统介绍了白内障的发病机制、分类、治疗手段及人工晶状体的选择与应用，旨在为临床医生提供参考。

上篇为白内障部分。第一章详述晶状体的解剖、组织形态学及生理，包括晶状体的双凸透镜结构、悬韧带功能、囊膜/上皮细胞/纤维的组织学特点，以及屈光、调节、保护三大生理功能。白内障各论部分介绍了先天性白内障，涵盖其遗传与非遗传病因、白瞳症等临床表现及核性、绕核性、全白内障等九种临床类型和诊断要点；年龄相关性白内障是最常见的类型，书中详述了其流行病学、皮质性/核性/后囊下性三种分型及各期的临床特征与手术时机；并发性白内障则概述了眼部炎症、退行性病变等导致的晶状体混浊。

术式部分介绍了抗青光眼术后白内障超声乳化术的解剖特点及手术技巧，以及儿童白内障手术的时机选择、手术方法（如连续环形撕囊、人工晶状体植入、后囊膜处理）和常见并发症处理。此外，还介绍了无晶状体眼的矫正方式，如角膜接触镜的优缺点与适用人群、表层角膜镜片术的评价，以及人工晶状体二期植入的适应证、禁忌证和不同类型植入方法的选择。","# Summary
本书为《白内障与人工晶状体》专业著作，由李筱荣主编，袁佳琴作序。全书以白内障治疗为切入点，分上下两篇，系统介绍了白内障的发病机制、分类、治疗手段及人工晶状体的选择与应用，旨在为临床医生提供参考。

上篇为白内障部分。第一章详述晶状体的解剖、组织形态学及生理，包括晶状体的双凸透镜结构、悬韧带功能、囊膜/上皮细胞/纤维的组织学特点，以及屈光、调节、保护三大生理功能。白内障各论部分介绍了先天性白内障，涵盖其遗传与非遗传病因、白瞳症等临床表现及核性、绕核性、全白内障等九种临床类型和诊断要点；年龄相关性白内障是最常见的类型，书中详述了其流行病学、皮质性/核性/后囊下性三种分型及各期的临床特征与手术时机；并发性白内障则概述了眼部炎症、退行性病变等导致的晶状体混浊。

术式部分介绍了抗青光眼术后白内障超声乳化术的解剖特点及手术技巧，以及儿童白内障手术的时机选择、手术方法（如连续环形撕囊、人工晶状体植入、后囊膜处理）和常见并发症处理。此外，还介绍了无晶状体眼的矫正方式，如角膜接触镜的优缺点与适用人群、表层角膜镜片术的评价，以及人工晶状体二期植入的适应证、禁忌证和不同类型植入方法的选择。",2011年出版。本书面向眼科临床工作者，系统介绍白内障诊疗及人工晶状体应用，分“白内障”和“人工晶状体”上下篇。内容涵盖晶状体解剖、组织形态与生理，先天性、年龄相关性、并发性、代谢性、药物中毒性及外伤性白内障；重点讲解病史采集、视力与视功能、裂隙灯、眼压、角膜内皮、B超、UBM、OCT、视觉电生理及潜在视力检查，术前全身评估、麻醉、护理和术后管理。手术部分包括现代囊外摘除、非超声乳化小切口手术、超声乳化吸除术及术中、术后并发症处理。人工晶状体篇涉及前房型、后房型、虹膜支撑型晶状体，PMMA、硅凝胶、水凝胶、丙烯酸酯等材料，眼轴、角膜曲率、前房深度测量及屈光度计算；还介绍球面、非球面、散光矫正、多焦点、拟调节、黄色及变色人工晶状体的选择、植入、更换取出，以及无晶状体眼的框架眼镜、角膜接触镜和二期植入矫正。
214,白内障与屈光手术学-朱思泉 2009,normalized_exact,03-白内障：晶状体与人工晶体,a0f47c80-3a66-46c8-8315-43b41ce357ea,10000,6548b3d2-6d37-4c63-a406-7f31e3537e6a,白内障与屈光手术学-朱思泉 2009_weknora.mhtml,白内障与屈光手术学-朱思泉 2009_weknora.mhtml,completed,719ec215-c875-45aa-b820-234760fe1ff0,f227db8e-6733-4075-8fb2-eec1d592ce01,318,920,0515a3ea17319568b919d316a33010292df86833d18ef4ec21ad76728912149c,"该材料为《白内障与屈光手术学》一书的汇编内容。该书由朱思泉主编，张丰菊、王开杰任副主编，北京大学医学出版社出版，获国家科学技术学术著作出版基金资助，面向高年资眼科医生、研究生及相关研究人员。全书分两部分：第一部分为白内障手术，涵盖麻醉、小切口手术、黏弹剂、人工晶状体、复杂类型白内障及术后并发症处理等；第二部分为屈光手术，介绍LASIK、LASEK、PRK、有晶状体眼人工晶状体植入、个体化切削、飞秒激光、屈光性晶状体置换术等，并将提高视觉质量作为贯穿全文的主线。

材料中具体展开的内容包括四个方面。第一，白内障手术表面麻醉与前房内麻醉：追溯了从1884年可卡因应用到现代表面麻醉复兴的历史，阐述其生理学与药理学基础，即通过阻断感觉神经末梢痛觉的产生而非神经传导实现麻醉；比较了酯类与酰胺类麻醉药物的特性，指出利多卡因最为常用；讨论了pH值、防腐剂、温度对药液的影响，以及滴注次数、双眼滴注等给药方式，并说明该麻醉方式全身副作用极小，但可引起眼干、角膜上皮水肿等局部反应。

第二，儿童白内障术后并发症：包括后发性白内障、瞳孔偏心与夹持、继发性青光眼以及人工晶状体表面沉积物、偏位、混浊等，并提出相应临床建议，如致密先天性白内障应尽早手术，术后需终身随诊，1岁以上可考虑人工晶状体植入，后囊膜撕开联合前部玻璃体切除有助于减少后发障。

第三，白内障术后感染的预防和治疗：工业化国家术后眼内炎发生率约为0.1%，感染来源以患者自身眼表细菌为主，术前结膜培养阳性率可达51%～76%；预防措施包括术前局部应用抗生素及规范消毒，其中术前24小时消毒的抗菌效果优于抗生素应用。

第四，屈光手术后视觉质量：准分子激光术后短期内对比敏感度下降，多在3～6个月恢复；影响因素包括瞳孔大小、切削区直径、术前屈光度、偏中心切削、手术方式及haze等并发症，波前像差引导的个体化切削可改善视觉质量。有晶状体眼人工晶状体植入后常见眩光与光晕，原因与光学区大小、偏中心等有关；Verisyse植入可改善对比敏感度与眩光敏感度。屈光性晶状体置换术后视觉障碍则与人工晶状体偏中心、倾斜、后囊膜混浊及设计等因素相关。","# Summary
该材料为《白内障与屈光手术学》一书的汇编内容。该书由朱思泉主编，张丰菊、王开杰任副主编，北京大学医学出版社出版，获国家科学技术学术著作出版基金资助，面向高年资眼科医生、研究生及相关研究人员。全书分两部分：第一部分为白内障手术，涵盖麻醉、小切口手术、黏弹剂、人工晶状体、复杂类型白内障及术后并发症处理等；第二部分为屈光手术，介绍LASIK、LASEK、PRK、有晶状体眼人工晶状体植入、个体化切削、飞秒激光、屈光性晶状体置换术等，并将提高视觉质量作为贯穿全文的主线。

材料中具体展开的内容包括四个方面。第一，白内障手术表面麻醉与前房内麻醉：追溯了从1884年可卡因应用到现代表面麻醉复兴的历史，阐述其生理学与药理学基础，即通过阻断感觉神经末梢痛觉的产生而非神经传导实现麻醉；比较了酯类与酰胺类麻醉药物的特性，指出利多卡因最为常用；讨论了pH值、防腐剂、温度对药液的影响，以及滴注次数、双眼滴注等给药方式，并说明该麻醉方式全身副作用极小，但可引起眼干、角膜上皮水肿等局部反应。

第二，儿童白内障术后并发症：包括后发性白内障、瞳孔偏心与夹持、继发性青光眼以及人工晶状体表面沉积物、偏位、混浊等，并提出相应临床建议，如致密先天性白内障应尽早手术，术后需终身随诊，1岁以上可考虑人工晶状体植入，后囊膜撕开联合前部玻璃体切除有助于减少后发障。

第三，白内障术后感染的预防和治疗：工业化国家术后眼内炎发生率约为0.1%，感染来源以患者自身眼表细菌为主，术前结膜培养阳性率可达51%～76%；预防措施包括术前局部应用抗生素及规范消毒，其中术前24小时消毒的抗菌效果优于抗生素应用。

第四，屈光手术后视觉质量：准分子激光术后短期内对比敏感度下降，多在3～6个月恢复；影响因素包括瞳孔大小、切削区直径、术前屈光度、偏中心切削、手术方式及haze等并发症，波前像差引导的个体化切削可改善视觉质量。有晶状体眼人工晶状体植入后常见眩光与光晕，原因与光学区大小、偏中心等有关；Verisyse植入可改善对比敏感度与眩光敏感度。屈光性晶状体置换术后视觉障碍则与人工晶状体偏中心、倾斜、后囊膜混浊及设计等因素相关。",本书为朱思泉主编、2009年出版的眼科学专著，面向高年资眼科医生、研究生、眼科医师及白内障与屈光学研究人员。全书围绕屈光性白内障手术与术后视觉质量展开：白内障部分涵盖表面麻醉与前房内麻醉、小切口超声乳化技巧、眼科黏弹剂、折叠式人工晶状体材料与设计、后囊膜混浊预防，以及成熟期白内障、葡萄膜炎并发白内障、儿童白内障和术后感染的处理；屈光手术部分介绍学科发展趋势、LASIK、LASEK、PRK、屈光性角膜切开术、有晶状体眼人工晶状体植入、个体化屈光手术、飞秒激光、屈光性晶状体置换术及术后后房型人工晶状体计算。重点涉及连续环形撕囊、水分离、核劈解、微切口及双手超声乳化、人工晶状体植入、角膜内皮保护、感染预防、视觉质量检测与影响因素分析。
215,白内障和屈光手术-Thomas Kohnen 2009,normalized_exact,03-白内障：晶状体与人工晶体,a0f47c80-3a66-46c8-8315-43b41ce357ea,10000,a4d0347e-6e83-476a-819d-fc31f789c78c,白内障和屈光手术-Thomas Kohnen 2009_weknora.mhtml,白内障和屈光手术-Thomas Kohnen 2009_weknora.mhtml,completed,beaff294-6be4-4958-92de-a6b1970ab816,56c98585-f838-479c-bae2-66a8c568e02e,345,959,397046b26a9248d7e08a42ffee1e48aef5c4468baae259a83179cf7b8376e492,"《白内障和屈光手术》是""眼科精粹系列丛书""的第二分册，由德国学者托马斯·库能和道格拉斯·科赫主编、刘虎主译，辽宁科学技术出版社出版，系统综述了白内障与屈光手术领域的最新进展。丛书序言指出，全书在白内障部分涵盖麻醉方式、小切口超声乳化技术、眼用粘弹剂和人工晶状体等新型手术耗材、并发症防治及疑难病例处理；屈光手术部分则介绍准分子激光角膜表层和板层切削、角膜切开、眼内人工晶状体植入等术式，并重点阐述波前像差、视觉质量评估和瞳孔检测等内容。丛书前言说明，鉴于医学知识半衰期仅约5年，本丛书旨在期刊与教科书之间架起桥梁，加速新知识向临床实践的转化。

第1章综述白内障手术的表面麻醉和眼内麻醉。其机制是药物直接作用于神经末梢钠离子通道、抑制神经冲动产生而非阻断冲动传导，可使痛觉丧失但眼球转动未被制动，适用于无需制动眼球的小切口超声乳化术。酯类药物（地卡因、奥布卡因等）起效快但维持时间短，氨基类药物（利多卡因、布吡卡因等）起效慢但角膜穿透性好、作用持久。首选方案为不含防腐剂的4%利多卡因点眼，合并或不合并1","# Summary
《白内障和屈光手术》是""眼科精粹系列丛书""的第二分册，由德国学者托马斯·库能和道格拉斯·科赫主编、刘虎主译，辽宁科学技术出版社出版，系统综述了白内障与屈光手术领域的最新进展。丛书序言指出，全书在白内障部分涵盖麻醉方式、小切口超声乳化技术、眼用粘弹剂和人工晶状体等新型手术耗材、并发症防治及疑难病例处理；屈光手术部分则介绍准分子激光角膜表层和板层切削、角膜切开、眼内人工晶状体植入等术式，并重点阐述波前像差、视觉质量评估和瞳孔检测等内容。丛书前言说明，鉴于医学知识半衰期仅约5年，本丛书旨在期刊与教科书之间架起桥梁，加速新知识向临床实践的转化。

第1章综述白内障手术的表面麻醉和眼内麻醉。其机制是药物直接作用于神经末梢钠离子通道、抑制神经冲动产生而非阻断冲动传导，可使痛觉丧失但眼球转动未被制动，适用于无需制动眼球的小切口超声乳化术。酯类药物（地卡因、奥布卡因等）起效快但维持时间短，氨基类药物（利多卡因、布吡卡因等）起效慢但角膜穿透性好、作用持久。首选方案为不含防腐剂的4%利多卡因点眼，合并或不合并1",本书出版于2009年，是《眼科精粹系列》第二分册，面向眼科医师、白内障与屈光手术专业人员及相关临床学习者，定位于连接研究进展与临床实践的专题综述。内容分为白内障手术与屈光手术两大部分：前者涵盖表面麻醉和眼内麻醉、小切口及连续环形撕囊、超声乳化碎核、眼用粘弹剂、折叠式及可调节人工晶状体、后囊膜混浊预防，以及成熟白内障、葡萄膜炎并发白内障、儿童白内障和术后眼内炎的处理；后者涉及屈光手术发展趋势、LASIK、LASEK、PRK、屈光性角膜切开术、有晶状体眼人工晶状体植入、屈光性晶状体置换、波前引导手术、瞳孔测量与术后视觉质量。关键词包括超声乳化、人工晶状体材料与度数、角膜地形图、Orbscan、波前像差、Hartmann-Shack、点扩散函数、光传递函数、夜视力、散光矫正及手术并发症。
216,白内障手术学-Roger F Steinert 2012,normalized_exact,03-白内障：晶状体与人工晶体,a0f47c80-3a66-46c8-8315-43b41ce357ea,10000,f16ff445-6189-41ae-91c2-8f00173b1290,白内障手术学-Roger F Steinert 2012_weknora.mhtml,白内障手术学-Roger F Steinert 2012_weknora.mhtml,completed,60808939-328d-4008-8e53-fa35a56d4db2,3c8ef2c9-c930-4ba6-9d97-97ea5f7bd369,326,962,d63c741272cea46fbe0c7c865b321695d4015e42c90afeb01656695d7d1fb2b4,"本书为《白内障手术学》（第3版）的中文译本，由Roger F. Steinert主编、刘奕志主译，人民军医出版社2012年出版。译者序指出，该书系统阐述了白内障手术治疗的基础理论与最新进展，各章节自成一体，涵盖历史回顾、理论研究、临床经验及手术技巧，并配有大量高质量图片，具有较强的实用性和可读性。前言回顾了超声乳化及人工晶状体植入术领域先驱的贡献，特别向Charles Kelman博士致敬，并说明第3版在以往版本基础上进行了全面更新和修订。

第一章“白内障病理学”详细介绍了晶状体的胚胎发育过程，包括晶状体板、晶状体泡及原始晶状体纤维的形成；阐述了正常晶状体的解剖结构，如囊膜、上皮细胞、皮质与核的分层及各部分所占比例；系统描述了各类白内障的组织病理学特征，包括先天性白内障（板层、绕核性、极性等）、核性白内障、皮质性白内障（水隙、轮辐状混浊、Morgagnian小体）、后囊下白内障（Wedl细胞）、前囊下异常改变、外伤性白内障（Vossius环、Soemmerings环、Elschnig珠）以及假性剥脱与真性剥脱的区别，并指出全面理解这些病理改变有助于术者做好术前准备。

第30章涉及外伤性白内障的手术处理，重点包括晶状体悬韧带损伤时皮质的轻柔清除技巧、玻璃体脱出时的处理方法（如经睫状体平坦部玻璃体切除术）、干吸晶状体皮质技术、致密囊膜混浊斑块的处理、致密核合并后囊破口时采用黏弹剂或滑板辅助超声乳化及人工晶状体植入策略，以及眼内感染的诊断与治疗规范。

第58章“白内障手术的发展前景”以Robert Osher博士的个人观点展望未来：屈光性晶状体置换术将普及，透明晶状体摘除可能成为常规；手术切口日趋微小化；人工晶状体将具备矫正高阶像差、术后度数调整、药物缓释、疾病监测等复合功能；同时批评了FDA审批程序对新技术的阻碍，并对医疗保险支付体系带来的挑战发表了看法。","# Summary
本书为《白内障手术学》（第3版）的中文译本，由Roger F. Steinert主编、刘奕志主译，人民军医出版社2012年出版。译者序指出，该书系统阐述了白内障手术治疗的基础理论与最新进展，各章节自成一体，涵盖历史回顾、理论研究、临床经验及手术技巧，并配有大量高质量图片，具有较强的实用性和可读性。前言回顾了超声乳化及人工晶状体植入术领域先驱的贡献，特别向Charles Kelman博士致敬，并说明第3版在以往版本基础上进行了全面更新和修订。

第一章“白内障病理学”详细介绍了晶状体的胚胎发育过程，包括晶状体板、晶状体泡及原始晶状体纤维的形成；阐述了正常晶状体的解剖结构，如囊膜、上皮细胞、皮质与核的分层及各部分所占比例；系统描述了各类白内障的组织病理学特征，包括先天性白内障（板层、绕核性、极性等）、核性白内障、皮质性白内障（水隙、轮辐状混浊、Morgagnian小体）、后囊下白内障（Wedl细胞）、前囊下异常改变、外伤性白内障（Vossius环、Soemmerings环、Elschnig珠）以及假性剥脱与真性剥脱的区别，并指出全面理解这些病理改变有助于术者做好术前准备。

第30章涉及外伤性白内障的手术处理，重点包括晶状体悬韧带损伤时皮质的轻柔清除技巧、玻璃体脱出时的处理方法（如经睫状体平坦部玻璃体切除术）、干吸晶状体皮质技术、致密囊膜混浊斑块的处理、致密核合并后囊破口时采用黏弹剂或滑板辅助超声乳化及人工晶状体植入策略，以及眼内感染的诊断与治疗规范。

第58章“白内障手术的发展前景”以Robert Osher博士的个人观点展望未来：屈光性晶状体置换术将普及，透明晶状体摘除可能成为常规；手术切口日趋微小化；人工晶状体将具备矫正高阶像差、术后度数调整、药物缓释、疾病监测等复合功能；同时批评了FDA审批程序对新技术的阻碍，并对医疗保险支付体系带来的挑战发表了看法。",本书出版于2012年，是2015年出版的白内障手术专著，面向眼科临床医师、手术医师、进修医师、医学生及研究生，重点讲解超声乳化与飞秒激光辅助白内障手术的原理、设备、参数和规范操作。全书涵盖前房内及囊袋内超声乳化、核分块与劈核技术、微切口及双轴微切口手术、注吸与后囊抛光、液流学、泵系统、超声手柄和主流超声乳化仪；进一步介绍飞秒激光白内障手术的患者筛选、适应证与禁忌证、对接定位、图像引导校准、囊膜切开、晶状体核裂解、角膜切口、人工晶状体植入及复杂病例处理。书中还讨论光学相干断层扫描、角膜散光弧形切开、屈光预后、角膜内皮和黄斑影响，以及小瞳孔、虹膜后粘连、角膜混浊、圆锥角膜、后囊破裂、玻璃体脱出等疾病或并发症的手术策略，兼顾早期临床结果与技术安全性。
217,白内障显微手术彩色图谱-李筱荣 2009,normalized_exact,03-白内障：晶状体与人工晶体,a0f47c80-3a66-46c8-8315-43b41ce357ea,10000,199fe87c-a479-4026-974d-2a08bf74fe29,白内障显微手术彩色图谱-李筱荣 2009_weknora.mhtml,白内障显微手术彩色图谱-李筱荣 2009_weknora.mhtml,completed,a0e28fb6-a12d-4cd9-a08c-9d828bdcc8b8,e5d59cc8-a12b-464c-b46e-fe1ec5f8445c,358,1026,9d8a711e27dfdb532e2ff09c8936efb0be7fbcdc275adc758ef7e1de8fb9d72c,"本书《白内障显微手术彩色图谱》由李筱荣、袁佳琴主编，科学出版社出版，系统介绍了各类白内障手术的步骤与技巧。全书共16章，含近400幅彩色插图，内容涵盖白内障术前检查与准备、现代及改良的囊外白内障摘除术、小切口非超声乳化白内障摘除术、超声乳化吸除术、儿童及复杂情况下的白内障手术、白内障与其他眼病的联合手术，以及眼内屈光矫正术、人工晶状体新进展等前沿信息，适合各级眼科医师、护士、进修医师及研究生参考。

第一章回顾了白内障手术发展史：自1745年Daniel首次施行白内障摘除术以来，历经囊内摘除术、酶制剂与冷冻器的应用，进入显微手术时代；1968年Kelman发明超声乳化仪，20世纪90年代超声乳化由动力型向抽吸型转变。在我国，现代囊外白内障摘除术曾为主要术式，在此基础上发展出小切口非超声乳化术；超声乳化技术自20世纪90年代初引入后迅速推广，出现了分而治之、拦截劈裂、预劈核等多种核处理技巧。激光乳化术则以Er:YAG激光较为成熟。天津医科大学眼科中心是国内最早进行人工晶状体培训的中心，培养了3000余名眼科医生并合作完成16万例复明手术。

第二章介绍显微手术基础，包括手术显微镜的选择与调节（0位、瞳距、屈光度、倍率、照明等）及常规显微手术器械（侧切刀、前房穿刺刀、巩膜隧道刀、撕囊镊、截囊针、劈核钩等）的规格与用途。

第九章节选部分讨论术中并发症的防治，包括切口灼伤、前囊撕裂、前房出血、后囊破裂、悬韧带断裂及暴发性脉络膜上腔出血等，详细阐述了各自的发生原因、预防措施及处理方法，如后囊破裂时可根据破孔大小选择囊袋内植入、睫状沟固定或放弃植入等策略。

第十六章节选部分介绍新型人工晶状体，包括拟调节人工晶状体（单光学面CrystaLens、1CU、Tetraflex，双光学面Synchrony、Sarfarazi，囊袋填充型Smart Lens及光控性晶状体）、基于菲涅耳透镜原理的微小切口ThinOptX晶状体，以及抗囊袋张力的Centerflex晶状体等，反映了该领域的最新技术进展。","# Summary
本书《白内障显微手术彩色图谱》由李筱荣、袁佳琴主编，科学出版社出版，系统介绍了各类白内障手术的步骤与技巧。全书共16章，含近400幅彩色插图，内容涵盖白内障术前检查与准备、现代及改良的囊外白内障摘除术、小切口非超声乳化白内障摘除术、超声乳化吸除术、儿童及复杂情况下的白内障手术、白内障与其他眼病的联合手术，以及眼内屈光矫正术、人工晶状体新进展等前沿信息，适合各级眼科医师、护士、进修医师及研究生参考。

第一章回顾了白内障手术发展史：自1745年Daniel首次施行白内障摘除术以来，历经囊内摘除术、酶制剂与冷冻器的应用，进入显微手术时代；1968年Kelman发明超声乳化仪，20世纪90年代超声乳化由动力型向抽吸型转变。在我国，现代囊外白内障摘除术曾为主要术式，在此基础上发展出小切口非超声乳化术；超声乳化技术自20世纪90年代初引入后迅速推广，出现了分而治之、拦截劈裂、预劈核等多种核处理技巧。激光乳化术则以Er:YAG激光较为成熟。天津医科大学眼科中心是国内最早进行人工晶状体培训的中心，培养了3000余名眼科医生并合作完成16万例复明手术。

第二章介绍显微手术基础，包括手术显微镜的选择与调节（0位、瞳距、屈光度、倍率、照明等）及常规显微手术器械（侧切刀、前房穿刺刀、巩膜隧道刀、撕囊镊、截囊针、劈核钩等）的规格与用途。

第九章节选部分讨论术中并发症的防治，包括切口灼伤、前囊撕裂、前房出血、后囊破裂、悬韧带断裂及暴发性脉络膜上腔出血等，详细阐述了各自的发生原因、预防措施及处理方法，如后囊破裂时可根据破孔大小选择囊袋内植入、睫状沟固定或放弃植入等策略。

第十六章节选部分介绍新型人工晶状体，包括拟调节人工晶状体（单光学面CrystaLens、1CU、Tetraflex，双光学面Synchrony、Sarfarazi，囊袋填充型Smart Lens及光控性晶状体）、基于菲涅耳透镜原理的微小切口ThinOptX晶状体，以及抗囊袋张力的Centerflex晶状体等，反映了该领域的最新技术进展。",本书出版于2009年，是面向眼科医师、专业护士、进修医师和眼科研究生的白内障显微手术培训与临床参考图谱，共16章、近400幅彩色插图。内容涵盖白内障手术发展、显微镜与器械基础、术前病史及眼部和全身检查、裂隙灯与眼底检查、眼压和视功能测定、A/B型超声、IOL-Master、角膜曲率及内皮细胞检查，人工晶状体度数计算与选择和常用麻醉方法。重点讲解现代囊外白内障摘除、不缝合及小切口非超声乳化手术、超声乳化吸除、后房型和前房型人工晶状体植入，以及术中术后并发症处理。并系统介绍硬核、白色、晶状体脱位、小瞳孔、高度远视小眼球、玻璃体切割或抗青光眼术后等复杂病例，儿童白内障、白内障联合青光眼/玻璃体切割/角膜移植手术、二期人工晶状体植入、术后感染性眼内炎及眼内屈光矫正术，还涉及可调节、复合曲面人工晶状体和相关技术进展。
218,眼与全身疾病鉴别诊断图谱-杰克·J·肯思基 2002,normalized_exact,22-检查：综合检查与仪器,16f1a07d-8623-4655-b09e-502d32d0610a,10000,de6f61d4-8d5b-413f-a698-87c9c8f2967f,眼与全身疾病鉴别诊断图谱-杰克·J·肯思基 2002_weknora.mhtml,眼与全身疾病鉴别诊断图谱-杰克·J·肯思基 2002_weknora.mhtml,completed,70385189-346c-4b0f-b8be-fc416cf50333,454835b6-e849-411b-a62e-ad29fe247d19,363,1081,d689751630f0c48e686ba29cd661b704d553ccf793fac22d1efc03ea71eb576f,"《眼与全身疾病鉴别诊断图谱》旨在帮助眼科医师识别全身疾病的眼部表现，同时帮助非眼科医师了解全身疾病可能累及眼部的方式。全书按三部分组织：第一部分从眼部体征出发，列出相关全身疾病及其重要表现；第二部分从全身体征出发，归纳相应眼部病变；第三部分按疾病总结全身与眼部表现，并配合大量图标和图片，以便快速查阅。内容主要涉及具有明确眼部表现的常见或重要疾病，未收录无眼部表现的疾病及部分罕见儿科疾病。

书中展示了多种眼部体征与系统性疾病之间的鉴别关系。例如，上睑下垂可见于第3对颅神经麻痹、霍纳综合征、重症肌无力、强直性肌营养不良、眼肌病及某些遗传代谢病；眼睑退缩和眼球突出常提示甲状腺毒症，也可能与中脑病变、颈动脉海绵体瘘、Wegener肉芽肿病、淋巴瘤、转移癌及神经纤维瘤病有关。角结膜干燥、结膜炎、结膜瘢痕、结膜血管异常和巩膜炎，则分别与Sjögren综合征、风湿性疾病、感染、严重皮肤黏膜病、大血管异常及系统性血管炎等相关。

全身体征部分进一步说明，肠炎、吸收障碍、肝病、肾炎、生殖器溃疡、尿道炎及周围神经病变等，也可通过葡萄膜炎、视网膜病变、角膜病变、巩膜炎、眼球运动障碍和结膜改变提示潜在全身疾病。书中还总结了多种遗传性、代谢性和多系统疾病，如Usher综合征、Vogt-Koyanagi-Harada综合征、Von Hippel-Lindau综合征、Waardenburg综合征、Wilson病、Wegener肉芽肿病、Whipple病、Wernicke脑病及着色性干皮病，强调其眼部表现有时虽少见，却可能严重，或成为早期识别全身病变的重要线索。","# Summary
《眼与全身疾病鉴别诊断图谱》旨在帮助眼科医师识别全身疾病的眼部表现，同时帮助非眼科医师了解全身疾病可能累及眼部的方式。全书按三部分组织：第一部分从眼部体征出发，列出相关全身疾病及其重要表现；第二部分从全身体征出发，归纳相应眼部病变；第三部分按疾病总结全身与眼部表现，并配合大量图标和图片，以便快速查阅。内容主要涉及具有明确眼部表现的常见或重要疾病，未收录无眼部表现的疾病及部分罕见儿科疾病。

书中展示了多种眼部体征与系统性疾病之间的鉴别关系。例如，上睑下垂可见于第3对颅神经麻痹、霍纳综合征、重症肌无力、强直性肌营养不良、眼肌病及某些遗传代谢病；眼睑退缩和眼球突出常提示甲状腺毒症，也可能与中脑病变、颈动脉海绵体瘘、Wegener肉芽肿病、淋巴瘤、转移癌及神经纤维瘤病有关。角结膜干燥、结膜炎、结膜瘢痕、结膜血管异常和巩膜炎，则分别与Sjögren综合征、风湿性疾病、感染、严重皮肤黏膜病、大血管异常及系统性血管炎等相关。

全身体征部分进一步说明，肠炎、吸收障碍、肝病、肾炎、生殖器溃疡、尿道炎及周围神经病变等，也可通过葡萄膜炎、视网膜病变、角膜病变、巩膜炎、眼球运动障碍和结膜改变提示潜在全身疾病。书中还总结了多种遗传性、代谢性和多系统疾病，如Usher综合征、Vogt-Koyanagi-Harada综合征、Von Hippel-Lindau综合征、Waardenburg综合征、Wilson病、Wegener肉芽肿病、Whipple病、Wernicke脑病及着色性干皮病，强调其眼部表现有时虽少见，却可能严重，或成为早期识别全身病变的重要线索。",2002年出版。本书定位为眼科医师及非眼科临床医师使用的眼部体征与全身疾病鉴别诊断图谱。全书分三部分：第一部分按眼睑、眼眶、泪腺、结膜、巩膜、角膜、虹膜、晶状体、青光眼、玻璃体、眼底血管及炎症、发育异常、眼内肿瘤、视神经病变和眼肌麻痹等眼部体征，反查相关全身病；第二部分按面部、口腔、颅骨、颈部、手、毛发、皮肤、关节、肺、心血管、消化、肾脏、生殖器和神经系统体征，归纳相应眼部病变；第三部分按疾病总结全身表现和眼部表现，涵盖糖尿病、高血压、甲状腺毒症、重症肌无力、霍纳综合征、颈动脉海绵体瘘、白塞病、系统性红斑狼疮、强直性脊柱炎、艾滋病、白血病、淋巴瘤、转移癌及多种遗传代谢综合征。重点线索包括上睑下垂、眼球突出、瞳孔及光反射、眼球运动、角膜、虹膜、晶状体、玻璃体、视盘、视网膜和眼底血管改变，配合大量图示和图标辅助快速鉴别。
219,眼内屈光手术学-王宁利 2012,normalized_exact,04-屈光与视光：近视、接触镜与低视力,c73385b9-c154-4103-a93e-2d4c31f2423a,10000,5f5a13df-7b78-4d46-bebf-69f97462921b,眼内屈光手术学-王宁利 2012_weknora.mhtml,眼内屈光手术学-王宁利 2012_weknora.mhtml,completed,,,357,941,ab9574a48d07e0293b86994035218202ff2322ca62d52681338db7f25acec890,,,本书为王宁利主编、2012年出版的眼内屈光手术专著，面向准备开展或已实施有晶状体眼人工晶状体植入术的眼科医师。全书从近视流行病学、危险因素及屈光不正矫正方法演变入手，系统介绍手术应用解剖、适应证与禁忌证、术前检查和人工晶状体度数选择，重点涵盖角膜曲率、角膜地形图、ORBSCAN、Pentacam、OCT、波前像差及眼底检查。正文分别讨论房角支撑型、虹膜固定型Artisan/Verisyse、后房型ICL和PC-PRL、Toric后房型晶状体植入，以及透明晶状体置换的患者选择、手术步骤、材料、计算、术中术后并发症与处理，并涉及病理性近视、黄斑出血、视网膜变性裂孔、视网膜脱离、Collamer材料、硅橡胶、对比敏感度、眩光、双眼视觉和调节。末章展望远视及老视矫正、双光学联合术式和后巩膜加固联合P-IOL植入。
220,眼内液检测的临床应用-陶勇 2020,normalized_exact,08-葡萄膜炎与眼内炎症,2c1efff9-0960-4d4b-a4c3-7acfb9411151,10000,ac3dc215-5a2c-4934-bd9c-7db2032cae29,眼内液检测的临床应用-陶勇 2020_weknora.mhtml,眼内液检测的临床应用-陶勇 2020_weknora.mhtml,completed,aefc7726-e39d-4fd3-a06b-debc0d59f8df,d20395e3-f7b5-4607-aa8a-c2892aeafce3,335,921,4974f7835d4519a29aa93590cc01d714236e8183b5cea276b88c26b491fa83f7,"# 眼内液检测的临床应用 Examination of Intraocular Fluids

陶勇编著

林顺潮 黄德光 主审

# 眼内液检测的临床应用

# Examination of Intraocular Fluids

陶勇编著

林顺潮 黄德光 主审

图书在版编目（CIP）数据

眼内液检测的临床应用/陶勇编著.一北京：人

民卫生出版社，2020

ISBN 978-7-117-30136-7

# 第一章

# 眼内液概论

## 一、 眼内液种类

眼内液是眼球内液体的统称，包括房水、玻璃体液、视网膜下液、脉络膜上腔积液等。房水和玻璃体液均为屈光介质的组成部分。

为了满足眼球作为视觉器官的特殊需求，屈光介质需要保持透明，这就要求眼内的免疫环境相对安静，否则眼内蛋白和细胞成分增加，势必导致屈光介质透明度下降。眼内的免疫赦免分子机制体现在三个方面：①解剖、细胞和分子屏障；②眼源性免疫容忍，或前房相关免疫偏离（anterior
chamber-associated immune deviation,
ACAID）；③免疫抑制性眼内微环境。

","# Summary
# 眼内液检测的临床应用 Examination of Intraocular Fluids

陶勇编著

林顺潮 黄德光 主审

# 眼内液检测的临床应用

# Examination of Intraocular Fluids

陶勇编著

林顺潮 黄德光 主审

图书在版编目（CIP）数据

眼内液检测的临床应用/陶勇编著.一北京：人

民卫生出版社，2020

ISBN 978-7-117-30136-7

# 第一章

# 眼内液概论

## 一、 眼内液种类

眼内液是眼球内液体的统称，包括房水、玻璃体液、视网膜下液、脉络膜上腔积液等。房水和玻璃体液均为屈光介质的组成部分。

为了满足眼球作为视觉器官的特殊需求，屈光介质需要保持透明，这就要求眼内的免疫环境相对安静，否则眼内蛋白和细胞成分增加，势必导致屈光介质透明度下降。眼内的免疫赦免分子机制体现在三个方面：①解剖、细胞和分子屏障；②眼源性免疫容忍，或前房相关免疫偏离（anterior
chamber-associated immune deviation,
ACAID）；③免疫抑制性眼内微环境。

",2020年出版，国内首部系统介绍眼内液检测临床应用的眼科学专著，适合眼科临床医生、葡萄膜炎专科医师及相关检验人员学习参考。全书围绕眼内液概论、房水与玻璃体液等标本类型、检测项目选择、前房穿刺与玻璃体取液、标本保存运输、细胞/DNA/宏基因组/RNA/抗原抗体/细胞因子检测及常用方法原理展开，并进一步讨论巨细胞病毒、疱疹病毒、结核、弓形虫、弓蛔虫、莱姆病相关葡萄膜炎，急性视网膜坏死、巨细胞病毒性视网膜炎、眼内炎、眼内淋巴瘤及其他疾病的诊断、鉴别、治疗和随诊。书中结合PCR、基因芯片、NGS、Goldmann-Witmer系数、细胞因子检测、OCT、荧光素眼底血管造影、B超及玻璃体切割术等技术，配有18例真实案例，突出病原学、免疫学检测与影像学结合推动眼科精准诊疗。
221,眼创伤学-张卯 2007,normalized_exact,13-眼外伤与急症,06e9888f-5d59-49c9-9218-d078b456f01b,10000,08f8e4f9-ad13-43ae-a280-ce958a0eedf2,眼创伤学-张卯 2007_weknora.mhtml,眼创伤学-张卯 2007_weknora.mhtml,completed,dfef3cb0-2236-4dff-9c89-ffa6a006ff20,a86df1cc-4da1-469c-9df8-6a091bfd9d9f,346,990,3e7dad2c8c5b4c37b85501d7a0c2626f04578388f038684925eb5be8c6586ea2,"《眼创伤学》由全军29位中青年眼科专家编写，旨在系统总结眼创伤及眼战伤的基础研究、临床诊断和现代治疗经验，兼顾平时与战时应用。全书分为四篇、26章，内容涵盖眼创伤相关基础医学、检查与分类、机械性和非机械性眼外伤、创伤并发症及特殊类型损伤，重点介绍核爆炸眼损伤、辐射伤、激光伤、军事毒剂和化学武器伤、应激性眼损伤等军队特色内容，同时吸收国内外近年来眼外伤救治的新观念和新技术。

书中强调眼创伤是年轻人致盲和低视力的重要原因，现代显微手术的发展使部分过去需要摘除的严重外伤眼能够保留眼球，甚至恢复一定视功能，对减少战斗减员和非战斗减员具有重要意义。基础部分从眼球、眼附属器及视路的解剖生理入手，详细说明角膜、巩膜、角膜缘、前房角、虹膜等结构及其与外伤发生、房水循环和视功能损害的关系。

临床治疗部分以角膜全层裂伤修补为例，介绍线形、成角、星形、斜行伤口以及不同程度角膜组织缺失的缝合原则和手术方法，强调水密性、组织对位、减少瘢痕及术后散光。对于伴虹膜脱出或玻璃体脱出的伤口，分别讨论虹膜还纳或切除的条件，以及通过显微剪或玻璃体切割清除嵌塞组织、避免继发牵拉和视网膜脱离的方法。

书中还涉及高加速度环境下的视觉障碍及其机制，指出视网膜缺血可导致周边视力下降、黑视甚至意识丧失，并介绍抗荷训练、抗荷装备、后倾座椅和自动恢复系统等防护措施。此外，内容阐述电离辐射的来源、航空航天辐射风险、战时飞行人员剂量标准，以及高功率激光可能造成的短时失能或永久性眼损伤及其防护问题。","# Summary
《眼创伤学》由全军29位中青年眼科专家编写，旨在系统总结眼创伤及眼战伤的基础研究、临床诊断和现代治疗经验，兼顾平时与战时应用。全书分为四篇、26章，内容涵盖眼创伤相关基础医学、检查与分类、机械性和非机械性眼外伤、创伤并发症及特殊类型损伤，重点介绍核爆炸眼损伤、辐射伤、激光伤、军事毒剂和化学武器伤、应激性眼损伤等军队特色内容，同时吸收国内外近年来眼外伤救治的新观念和新技术。

书中强调眼创伤是年轻人致盲和低视力的重要原因，现代显微手术的发展使部分过去需要摘除的严重外伤眼能够保留眼球，甚至恢复一定视功能，对减少战斗减员和非战斗减员具有重要意义。基础部分从眼球、眼附属器及视路的解剖生理入手，详细说明角膜、巩膜、角膜缘、前房角、虹膜等结构及其与外伤发生、房水循环和视功能损害的关系。

临床治疗部分以角膜全层裂伤修补为例，介绍线形、成角、星形、斜行伤口以及不同程度角膜组织缺失的缝合原则和手术方法，强调水密性、组织对位、减少瘢痕及术后散光。对于伴虹膜脱出或玻璃体脱出的伤口，分别讨论虹膜还纳或切除的条件，以及通过显微剪或玻璃体切割清除嵌塞组织、避免继发牵拉和视网膜脱离的方法。

书中还涉及高加速度环境下的视觉障碍及其机制，指出视网膜缺血可导致周边视力下降、黑视甚至意识丧失，并介绍抗荷训练、抗荷装备、后倾座椅和自动恢复系统等防护措施。此外，内容阐述电离辐射的来源、航空航天辐射风险、战时飞行人员剂量标准，以及高功率激光可能造成的短时失能或永久性眼损伤及其防护问题。",2007年军事医学出版，张卯年主编。本书是面向各级眼科临床医生、研究生和科研工作者的专业参考书，强调平战结合，系统总结眼创伤基础、检查诊断、临床救治及特殊军事伤害。全书四篇、26章：先讲眼部解剖生理、创伤病理生理与临床病理、创伤免疫、感染、分类急救及显微外科；继而介绍病史采集、流行病学、常规检查和影像学检查，包括X线、CT、MRI、超声、荧光及吲哚青绿血管造影、UBM、OCT、ERG、VEP等；临床各论涵盖眼睑、泪器、眼眶、视神经、眼球机械性损伤、眼内异物、化学伤、热烧伤、激光损伤、爆炸伤和枪弹伤，并讨论外伤性青光眼、低眼压、交感性眼炎、感染性眼内炎等并发症。书中还涉及整形修复、义眼台植入、玻璃体手术、视网膜切开、过氟化碳液及“防火道”技术，以及核爆炸、辐射、军事毒剂和应激性眼损伤。
222,眼前房角镜检查-张莉林 2011,normalized_exact,21-检查：房角镜,757c926c-3b49-4a5f-9d09-fef6ea738e97,10000,20d4d1ad-2fc8-4310-9e55-3a883e706472,眼前房角镜检查-张莉林 2011_weknora.mhtml,眼前房角镜检查-张莉林 2011_weknora.mhtml,completed,0a65464e-6192-4ed8-a7d1-608fbe5edde0,f0f812c5-8612-41c5-84b8-b8ac2076cf91,430,1160,c59373bbea5c1491eb38833f3baca641ce69a339bc78375fabf0efe1b8c89e1a,"《眼前房角镜检查》是由张莉林、阴正勤主编，人民卫生出版社出版的眼科学专著，由第三军医大学第一附属医院眼科团队编写。全书分为基础篇和临床篇，配有260多幅彩色活体前房角正常结构与病理变化的照片，旨在为眼科医师特别是初学者和基层医师提供简便实用的前房角检查参考。

该书强调前房角镜检查在眼科特别是青光眼诊治中的重要性。前房角解剖位置隐蔽，不借助前房角镜无法直接观察。该检查可用于判断房水外流阻滞部位、将原发性青光眼准确区分为闭角型和开角型、发现前房角各种先天性和继发性改变，以及直接在前房角镜下进行手术。书中指出，即使超声生物显微镜（UBM）问世后，前房角镜检查的重要性也未减弱，二者可互为补充。

前房角镜的发展历程部分，追溯了自1907年Trantas首次观察前房角以来，历经Salzmann提出""全反射""概念、接触镜的试用、Koeppe接触镜的应用、Uribe Troncoso命名""前房角镜""，直至1938年Goldmann发明反光镜型接触镜这一重大革新，以及此后Zeiss四面镜型等各类棱镜的发展。书中阐述了前房角镜的原理，即通过接触镜消除角膜—空气界面的全反射，使房角光线进入检查者眼内，并介绍了直接型（Koeppe型）与间接型（Goldmann型）两大类房角镜的结构、种类及临床应用。

基础篇还介绍了前房角的组织胚胎发育与解剖生理，包括胚胎期前房角的形成过程，以及虹膜、睫状体等组织的结构特点。临床篇通过具体病例，展示了马凡综合征、颜面血管瘤综合征（Sturge-Weber综合征）、眼皮肤黑变病、白化病、眼前段上皮植入性囊肿，以及虹膜与房角色素异常等多种疾病的前房角病理改变，如虹膜突粗大、凝胶状黑色素充满房角、房角结构无色素、囊肿突入前房、周边前粘连等。此外，书中还系统论述了前房角镜检查的记录方法（方位记录法与钟点位记录法）、检查描述规范，以及房角镜的清洁、消毒、保管和检查注意事项。","# Summary
《眼前房角镜检查》是由张莉林、阴正勤主编，人民卫生出版社出版的眼科学专著，由第三军医大学第一附属医院眼科团队编写。全书分为基础篇和临床篇，配有260多幅彩色活体前房角正常结构与病理变化的照片，旨在为眼科医师特别是初学者和基层医师提供简便实用的前房角检查参考。

该书强调前房角镜检查在眼科特别是青光眼诊治中的重要性。前房角解剖位置隐蔽，不借助前房角镜无法直接观察。该检查可用于判断房水外流阻滞部位、将原发性青光眼准确区分为闭角型和开角型、发现前房角各种先天性和继发性改变，以及直接在前房角镜下进行手术。书中指出，即使超声生物显微镜（UBM）问世后，前房角镜检查的重要性也未减弱，二者可互为补充。

前房角镜的发展历程部分，追溯了自1907年Trantas首次观察前房角以来，历经Salzmann提出""全反射""概念、接触镜的试用、Koeppe接触镜的应用、Uribe Troncoso命名""前房角镜""，直至1938年Goldmann发明反光镜型接触镜这一重大革新，以及此后Zeiss四面镜型等各类棱镜的发展。书中阐述了前房角镜的原理，即通过接触镜消除角膜—空气界面的全反射，使房角光线进入检查者眼内，并介绍了直接型（Koeppe型）与间接型（Goldmann型）两大类房角镜的结构、种类及临床应用。

基础篇还介绍了前房角的组织胚胎发育与解剖生理，包括胚胎期前房角的形成过程，以及虹膜、睫状体等组织的结构特点。临床篇通过具体病例，展示了马凡综合征、颜面血管瘤综合征（Sturge-Weber综合征）、眼皮肤黑变病、白化病、眼前段上皮植入性囊肿，以及虹膜与房角色素异常等多种疾病的前房角病理改变，如虹膜突粗大、凝胶状黑色素充满房角、房角结构无色素、囊肿突入前房、周边前粘连等。此外，书中还系统论述了前房角镜检查的记录方法（方位记录法与钟点位记录法）、检查描述规范，以及房角镜的清洁、消毒、保管和检查注意事项。",2011年出版。本书面向眼科医师，尤其是青光眼专科、初学者及基层医师，系统介绍前房角镜检查的理论、操作与临床判读。基础篇涵盖前房角镜的历史发展、全反射原理、Goldmann与Zeiss等镜型、前房角组织胚胎、解剖生理，以及Scheie、Shaffer、Spaeth房角分类和色素分级；重点讲解适应证、禁忌证、Van Herick法、裂隙灯及眼压检查、镜片置放、静态与动态检查、压陷鉴别接触性或粘连性闭角、记录、消毒和注意事项。临床篇结合大量彩色活体照片，展示正常房角、虹膜突、瞳孔残膜、虹膜缺损等先天变异，以及急慢性闭角型、原发性开角型、发育性和继发性青光眼的房角改变，并涉及葡萄膜炎、青光眼-睫状体炎综合征、虹膜角膜内皮综合征、白内障膨胀期、晶状体溶解性、糖皮质激素性和新生血管性青光眼。另详述抗青光眼术后、虹膜YAG激光周切、房角激光治疗、眼外伤性房角后退、房角出血、异物及马凡、Sturge-Weber等综合征的检查要点，并说明UBM与房角镜的互补作用。
223,眼前节光学相干断层扫描-徐建江 2013,normalized_exact,14-检查：OCT/OCTA,7859da35-5359-43bb-bca6-4f99792392ea,10000,499dfc03-697d-44a7-9458-20397d5750ca,眼前节光学相干断层扫描-徐建江 2013_weknora.mhtml,眼前节光学相干断层扫描-徐建江 2013_weknora.mhtml,completed,2e010843-dbb5-4352-bc78-fa443ef03193,2f15c56f-acfd-4ae3-ba19-299deed44927,419,1167,5f0e54b2a67de5ff2c0b958373c4cb12f8f234f6c5c0102cc6fcb71cbfcfd6bf,"本书是《眼科新技术应用丛书》中关于眼前节光学相干断层扫描（OCT）的专著，系统介绍了该技术在眼科临床应用中的原理、设备类型及多种眼前节疾病的诊疗价值。

内容首先阐述了OCT的基本原理。OCT本质上是一种具有共聚焦扫描特性的低相干干涉仪，通过对样品后向散射光与参考光干涉信号的傅里叶解调，实现活体眼组织的高分辨率断层成像。技术经历了从时域OCT到傅里叶域OCT的发展；后者又分为扫频光源OCT和光谱OCT，其无需轴向机械扫描，成像速度和信噪比大幅提升，A-Scan速度可达300 kHz。眼前节OCT多采用1310 nm波长光源，穿透力强，扫描深度3～6 mm，纵向分辨率6～25 μm，并能显示角膜、前房、房角、虹膜和晶状体等结构。

在设备类型方面，书中介绍了Heidelberg裂隙灯适配型SL-OCT和Zeiss公司Visante OCT等常用机型，并指出理想设备应具备扫描快、分辨率高、可完整成像及分析软件全面等优点。

临床应用部分覆盖多种疾病：在角膜移植术后，OCT可观察DSEK术后植片贴附、水肿、脱位及间隙测量等情况，为术后随访提供依据；在干眼症中，OCT可定量测量泪河高度、深度和面积，用于诊断及动态评价人工泪液疗效，并观察角膜前泪膜改变；在晶状体疾病方面，可用于评估虹膜夹持型人工晶状体、带虹膜隔后房型人工晶状体植入术后的位置，辅助诊断晶状体半脱位、先天性无虹膜等；在眼前节新生物方面，OCT能显示角结膜皮样瘤的侵犯深度及其内部血管结构，也可用于上皮植入性虹膜囊肿的囊实性鉴别及与周围组织关系的判断，为手术方案制订提供依据。

编后语指出，眼前节OCT仍存在分析软件滞后、扫描模式受限等不足，有待在分辨率、探测范围和三维重建方面不断改进，但作为非接触、非侵入、高分辨率的成像手段，具有广阔应用前景。","# Summary
本书是《眼科新技术应用丛书》中关于眼前节光学相干断层扫描（OCT）的专著，系统介绍了该技术在眼科临床应用中的原理、设备类型及多种眼前节疾病的诊疗价值。

内容首先阐述了OCT的基本原理。OCT本质上是一种具有共聚焦扫描特性的低相干干涉仪，通过对样品后向散射光与参考光干涉信号的傅里叶解调，实现活体眼组织的高分辨率断层成像。技术经历了从时域OCT到傅里叶域OCT的发展；后者又分为扫频光源OCT和光谱OCT，其无需轴向机械扫描，成像速度和信噪比大幅提升，A-Scan速度可达300 kHz。眼前节OCT多采用1310 nm波长光源，穿透力强，扫描深度3～6 mm，纵向分辨率6～25 μm，并能显示角膜、前房、房角、虹膜和晶状体等结构。

在设备类型方面，书中介绍了Heidelberg裂隙灯适配型SL-OCT和Zeiss公司Visante OCT等常用机型，并指出理想设备应具备扫描快、分辨率高、可完整成像及分析软件全面等优点。

临床应用部分覆盖多种疾病：在角膜移植术后，OCT可观察DSEK术后植片贴附、水肿、脱位及间隙测量等情况，为术后随访提供依据；在干眼症中，OCT可定量测量泪河高度、深度和面积，用于诊断及动态评价人工泪液疗效，并观察角膜前泪膜改变；在晶状体疾病方面，可用于评估虹膜夹持型人工晶状体、带虹膜隔后房型人工晶状体植入术后的位置，辅助诊断晶状体半脱位、先天性无虹膜等；在眼前节新生物方面，OCT能显示角结膜皮样瘤的侵犯深度及其内部血管结构，也可用于上皮植入性虹膜囊肿的囊实性鉴别及与周围组织关系的判断，为手术方案制订提供依据。

编后语指出，眼前节OCT仍存在分析软件滞后、扫描模式受限等不足，有待在分辨率、探测范围和三维重建方面不断改进，但作为非接触、非侵入、高分辨率的成像手段，具有广阔应用前景。",本书为2013年出版的《眼科新技术应用丛书》之一，面向眼科临床医生及从事眼前节影像、屈光手术和眼病研究的医务人员。全书先介绍OCT及眼前节OCT的基本原理、时域与傅里叶域技术、设备类型、优势局限、操作方法和应用范围，继而结合图像系统阐述其在眼表疾病中的应用，涵盖正常角膜与结膜、角膜疾病、接触镜佩戴、穿透性及成分角膜移植、干眼症、翼状胬肉和结膜松弛症等。随后讨论眼前节OCT在有晶状体眼人工晶体植入、LASEK、Epi-LASIK、LASIK及角膜基质环植入术中的术前评估、术后随访和并发症分析；并重点涉及青光眼房角结构、房角定量、Schlemm管及青光眼—白内障联合手术随访，白内障分级、透明角膜切口愈合、前房深度、房角宽度、晶状体厚度、IOL位置及并发症，以及眼前节新生物诊疗。关键词包括角膜厚度、前房深度、房角成像、泪河、角膜地形、OCT图像、白内障、青光眼、圆锥角膜、角膜营养不良、角膜移植、干眼、屈光手术、人工晶体和眼前节肿物。
224,眼前节疾病图谱-赖盛辉 2002,normalized_exact,02-角膜与眼表,f041b2b7-3147-4deb-a2f2-0de5cc53d296,10000,9e747750-8807-4fff-b304-6ef29d18082a,眼前节疾病图谱-赖盛辉 2002_weknora.mhtml,眼前节疾病图谱-赖盛辉 2002_weknora.mhtml,completed,51333bc3-7ba1-47f9-8118-dd0b8e2e74c6,18410256-ce3c-4926-b962-03cbde5da4cf,364,1002,14ffa27e531e38a5dffd39b819f62a07946c9507f2a2471feca37f8ba69eb115,"本书是一部中英文对照的眼前节疾病临床摄影图谱，共分十章，记录眼睑与附属器、结膜、角膜、虹膜睫状体及瞳孔、青光眼、白内障、斜视、眼眶及眼球突出、眼外伤和眼综合征等疾病，共涉及211种病变，并配有大量彩色、黑白及裂隙灯照片，附中英文索引，主要供眼科医师、医学生、临床医生和科研人员用于教学、临床参考及继续教育。

第1章重点介绍眼睑及其附属器疾病。内容涵盖眼睑炎症、过敏和水肿，特应性皮炎、脂溢性皮炎、带状疱疹性眼病及眼部天疱疮等皮肤病变；还介绍药物过敏、皮脂腺囊肿、乳头瘤、色素痣、黄色瘤、麦粒肿、霰粒肿、脓肿、血管瘤和眼睑皮肤癌等。章节同时讨论老年性或瘢痕性睑外翻、睑内翻、倒睫以及先天性和获得性上睑下垂，并强调相关疾病的临床表现、鉴别诊断及手术治疗。

第5章图像内容显示了先天性和老年性白内障的多种形态，包括核性、绕核性、花冠状、车轮状、成熟期、过熟期白内障，以及晶状体半脱位、核下沉、棕色核和白内障囊外摘除术后的皮质残留、后囊膜色素沉着等情况。

第10章涉及全身性疾病和眼部表现，包括Stevens-Johnson综合征所致的双眼睑结膜及口腔黏膜水肿、充血、糜烂和全身多形性红斑；还展示Vogt-Koyanagi-Harada综合征的睫毛变白、羊脂样角膜后沉着物、虹膜后粘连、浆液性视网膜脱离及晚期“晚霞样”眼底改变。","# Summary
本书是一部中英文对照的眼前节疾病临床摄影图谱，共分十章，记录眼睑与附属器、结膜、角膜、虹膜睫状体及瞳孔、青光眼、白内障、斜视、眼眶及眼球突出、眼外伤和眼综合征等疾病，共涉及211种病变，并配有大量彩色、黑白及裂隙灯照片，附中英文索引，主要供眼科医师、医学生、临床医生和科研人员用于教学、临床参考及继续教育。

第1章重点介绍眼睑及其附属器疾病。内容涵盖眼睑炎症、过敏和水肿，特应性皮炎、脂溢性皮炎、带状疱疹性眼病及眼部天疱疮等皮肤病变；还介绍药物过敏、皮脂腺囊肿、乳头瘤、色素痣、黄色瘤、麦粒肿、霰粒肿、脓肿、血管瘤和眼睑皮肤癌等。章节同时讨论老年性或瘢痕性睑外翻、睑内翻、倒睫以及先天性和获得性上睑下垂，并强调相关疾病的临床表现、鉴别诊断及手术治疗。

第5章图像内容显示了先天性和老年性白内障的多种形态，包括核性、绕核性、花冠状、车轮状、成熟期、过熟期白内障，以及晶状体半脱位、核下沉、棕色核和白内障囊外摘除术后的皮质残留、后囊膜色素沉着等情况。

第10章涉及全身性疾病和眼部表现，包括Stevens-Johnson综合征所致的双眼睑结膜及口腔黏膜水肿、充血、糜烂和全身多形性红斑；还展示Vogt-Koyanagi-Harada综合征的睫毛变白、羊脂样角膜后沉着物、虹膜后粘连、浆液性视网膜脱离及晚期“晚霞样”眼底改变。",赖盛辉、李志杰编著，2002年出版。本书为大型眼前节临床摄影图谱，收录211种病变，含中英文对照、彩色及黑白图片，并配有中英文索引，适合眼科医师、医学生、临床各科医生及科研人员用于临床教学、鉴别诊断和继续教育。全书按眼睑与附属器、结膜病、角膜与巩膜病、虹膜睫状体病及瞳孔异常、晶状体与白内障、青光眼、斜视、眼眶病与眼球突出、眼外伤、眼综合征展开，涵盖眼睑炎、麦粒肿、霰粒肿、睑内外翻、上睑下垂、翼状胬肉、沙眼、角膜溃疡、单纯疱疹及棘阿米巴角膜炎、圆锥角膜、巩膜炎、虹膜炎、白内障、闭角型和开角型青光眼、斜视、甲状腺相关突眼、眼外伤及Sturge-Weber、Marfan、Vogt-Koyanagi-Harada等综合征。涉及裂隙灯、荧光素染色、涂片染色、微生物培养，以及虹膜切除、激光、滤过术、睫状体透热术和白内障摘除等技术。
225,眼外伤 理论与实践-张卯年 2010,normalized_exact,13-眼外伤与急症,06e9888f-5d59-49c9-9218-d078b456f01b,10000,0b3e12a5-fabd-40b1-9f71-e19a555970a5,眼外伤 理论与实践-张卯年 2010_weknora.mhtml,眼外伤 理论与实践-张卯年 2010_weknora.mhtml,completed,b6d2e80c-55f1-4fe2-bb5e-2b9731ba5f2c,d83c9642-9f7b-4e76-b76a-fa2561c585e4,363,1037,84737118701461dfd6562f3fd9f54fe59b50a19b83882f3bafa8dfaed02c57d3,"本书《眼外伤——理论与实践》是由Ferenc Kuhn和Dante J. Pieramici原著、张卯年主译的中文译本，由人民军医出版社2010年出版，全书共38章，系统介绍眼外伤的基础理论与临床知识，涵盖生理、病理、感染、免疫等理论，以及生理检查、影像诊断、造影检查等技术，并阐述各类眼外伤的临床表现、诊断及手术和药物治疗。

前言和“关于本书”部分强调，该书不同于以往眼外伤专著，力求便于查找、便于使用，以表格和粗体圆点替代冗长段落，并设置“要点”“注意点”“特殊考虑”等栏目；纳入患者观点、眼外伤分类和术语、严重眼外伤预后、康复、治疗方案等以往较少涉及的主题，同时依托美国眼外伤登记处等数据库，体现国际多中心视角。

“重症眼外伤：患者的观点”部分收录了Ellen、Emily及其丈夫的亲身叙述，展现炸弹爆炸等致盲性眼外伤对患者视力、心理、家庭和生活能力的巨大影响，描述了康复训练、多次手术及医患关系的支持作用，强调医生将患者作为“人”而非“没有名字的脸”来对待的重要性。

临床内容方面，第23章讨论眼后节外伤与玻璃体积血，包括外伤后增殖性玻璃体视网膜病变的病理过程、玻璃体积血的病因与处理、早期与延迟玻璃体切割术的比较，以及硅油与SF6/C3F8在严重PVR治疗中的效果对比。第24章介绍眼内异物的定义、历史、流行病学和处理原则，强调治疗的首要目标是防治眼内炎、视网膜脱离等并发症，玻璃体切除时代将重点从取出异物转向视力恢复。

附录部分依据NEISS和USEIR数据分析运动相关眼外伤的流行病学，指出防护眼镜标准（如ASTM F803）对降低运动眼外伤发病和严重程度的作用，并提出通过标准分类和加强教育来减少眼外伤发生。","# Summary
本书《眼外伤——理论与实践》是由Ferenc Kuhn和Dante J. Pieramici原著、张卯年主译的中文译本，由人民军医出版社2010年出版，全书共38章，系统介绍眼外伤的基础理论与临床知识，涵盖生理、病理、感染、免疫等理论，以及生理检查、影像诊断、造影检查等技术，并阐述各类眼外伤的临床表现、诊断及手术和药物治疗。

前言和“关于本书”部分强调，该书不同于以往眼外伤专著，力求便于查找、便于使用，以表格和粗体圆点替代冗长段落，并设置“要点”“注意点”“特殊考虑”等栏目；纳入患者观点、眼外伤分类和术语、严重眼外伤预后、康复、治疗方案等以往较少涉及的主题，同时依托美国眼外伤登记处等数据库，体现国际多中心视角。

“重症眼外伤：患者的观点”部分收录了Ellen、Emily及其丈夫的亲身叙述，展现炸弹爆炸等致盲性眼外伤对患者视力、心理、家庭和生活能力的巨大影响，描述了康复训练、多次手术及医患关系的支持作用，强调医生将患者作为“人”而非“没有名字的脸”来对待的重要性。

临床内容方面，第23章讨论眼后节外伤与玻璃体积血，包括外伤后增殖性玻璃体视网膜病变的病理过程、玻璃体积血的病因与处理、早期与延迟玻璃体切割术的比较，以及硅油与SF6/C3F8在严重PVR治疗中的效果对比。第24章介绍眼内异物的定义、历史、流行病学和处理原则，强调治疗的首要目标是防治眼内炎、视网膜脱离等并发症，玻璃体切除时代将重点从取出异物转向视力恢复。

附录部分依据NEISS和USEIR数据分析运动相关眼外伤的流行病学，指出防护眼镜标准（如ASTM F803）对降低运动眼外伤发病和严重程度的作用，并提出通过标准分类和加强教育来减少眼外伤发生。",本书出版于2010年，是面向各级眼科医师，并可供职业病防治人员、社区医师及法医参考的眼外伤临床专著。全书从BETT标准术语、开放性与闭合性损伤分类、OTS眼外伤评分、流行病学预防、医患沟通、康复、法医学及处理方案入手，继而讲述复合伤和化学伤急诊处理；按眼部解剖系统覆盖结膜、角膜、巩膜、前房、虹膜、睫状体、晶体、脉络膜、玻璃体、视网膜及眼内异物，并讨论青光眼、严重前后节联合伤、贯通伤、术后外伤、眼内炎、交感性眼炎和儿童眼外伤。另有非机械性损伤、光电损伤，以及眼睑泪器、眼眶、视神经视路和眼运动系统损伤。内容涉及视力、APD、眼底、超声、X线、CT、MRI、荧光血管造影、ERG、VEP等检查，涵盖清创缝合、眼内异物定位与取出、玻璃体切割、视网膜手术、角膜移植、眼球摘除，以及气液交换、重水、硅油、眼内激光和抗感染药物等技术。
226,眼外伤临床精粹-肖天林 2013,normalized_exact,13-眼外伤与急症,06e9888f-5d59-49c9-9218-d078b456f01b,10000,bfcaeb7c-0972-43c4-8cc9-d187a4acd654,眼外伤临床精粹-肖天林 2013_weknora.mhtml,眼外伤临床精粹-肖天林 2013_weknora.mhtml,completed,bab39f27-9baa-4141-b207-29682c7386a9,bf4fe4bf-45b1-4fcd-a1d3-52444a7223b4,322,906,633fa8c01f76fa8d6179f8804df8ec6402e5af7452070178a895c2ba964b82bb,"《眼外伤临床精粹》（主编肖天林、吴文灿、王勤美，湖北科学技术出版社2013年出版）系统论述了眼外伤的流行病学、定义范畴、分类及临床诊治。全书核心内容包括以下几个方面。

在流行病学方面，眼外伤是中青年人常见的致盲性眼病，是单眼盲目和眼球摘除的最主要原因。美国眼外伤登记网数据显示，美国每年约240万眼外伤患者，40%的单眼盲目由眼外伤引起，发生率约0.36%，家庭已成为最主要致伤场所（40%），钝器致伤居首（31%），78%发生在无防护情况下。印度贫民窟调查眼外伤发生率2.4%，农村40岁以上人群为4.5%，较美国约高10倍。我国北京某地区40岁以上人群发生率1.6%，介于美国与印度之间；1999年调查显示眼外伤占十种眼病的9.44%。温州某院2004—2007年1704例住院眼外伤统计显示：20～40岁占50%以上，男女比4.9:1，工人占73.8%，以角膜穿通伤（42.7%）为主，老年人盲目率（42.14%）和眼球摘除率（5%）最高。

在定义与分类上，眼外伤指外界物体引起的眼部损伤，不包括体内代谢毒素所致病变，分为机械性与非机械性眼外伤。国际BETTS分类将机械性眼外伤分为闭合性与开放性，并界定钝挫伤、板层裂伤、破裂伤、裂伤、穿通伤、贯通伤等概念，同时从类型、视力分级、瞳孔反应（RAPD）及分区四方面进行系统分类；我国传统分类则按致伤物性质划分。

临床部分涉及黄斑外伤、玻璃体视网膜手术及外伤性眼内炎。外伤性黄斑出血可保守治疗或采用视网膜下注射tPA、玻璃体腔注气等手术；黄斑裂孔按OCT表现分为Ⅰ～Ⅳ期，有10%～60%自愈率，较大裂孔及伴视网膜脱离者需行玻璃体切割联合内界膜剥离术。玻璃体视网膜手术分为外路与内路（玻璃体切割），常规20G手术包括三通道切口、玻璃体切割、裂孔封闭及眼内填塞等步骤，器械方面介绍了BIOM、OFFISS等广角镜系统。外伤性眼内炎部分讨论了蜡样芽孢杆菌（病情凶险，常致眼球摘除）与地衣芽孢杆菌（极少见）感染病例，并提出了按累及部位分类的观点：前部眼内炎（约10%，前房冲洗加玻璃体腔注药即可）、后部眼内炎（0～3%）及全眼内炎（约90%，多需玻璃体切割，预后较差）；作者强调此分类有助于治疗方案的制定，但眼内炎为进行性疾病，分类可随病情进展而变化，需密切观察。","# Summary
《眼外伤临床精粹》（主编肖天林、吴文灿、王勤美，湖北科学技术出版社2013年出版）系统论述了眼外伤的流行病学、定义范畴、分类及临床诊治。全书核心内容包括以下几个方面。

在流行病学方面，眼外伤是中青年人常见的致盲性眼病，是单眼盲目和眼球摘除的最主要原因。美国眼外伤登记网数据显示，美国每年约240万眼外伤患者，40%的单眼盲目由眼外伤引起，发生率约0.36%，家庭已成为最主要致伤场所（40%），钝器致伤居首（31%），78%发生在无防护情况下。印度贫民窟调查眼外伤发生率2.4%，农村40岁以上人群为4.5%，较美国约高10倍。我国北京某地区40岁以上人群发生率1.6%，介于美国与印度之间；1999年调查显示眼外伤占十种眼病的9.44%。温州某院2004—2007年1704例住院眼外伤统计显示：20～40岁占50%以上，男女比4.9:1，工人占73.8%，以角膜穿通伤（42.7%）为主，老年人盲目率（42.14%）和眼球摘除率（5%）最高。

在定义与分类上，眼外伤指外界物体引起的眼部损伤，不包括体内代谢毒素所致病变，分为机械性与非机械性眼外伤。国际BETTS分类将机械性眼外伤分为闭合性与开放性，并界定钝挫伤、板层裂伤、破裂伤、裂伤、穿通伤、贯通伤等概念，同时从类型、视力分级、瞳孔反应（RAPD）及分区四方面进行系统分类；我国传统分类则按致伤物性质划分。

临床部分涉及黄斑外伤、玻璃体视网膜手术及外伤性眼内炎。外伤性黄斑出血可保守治疗或采用视网膜下注射tPA、玻璃体腔注气等手术；黄斑裂孔按OCT表现分为Ⅰ～Ⅳ期，有10%～60%自愈率，较大裂孔及伴视网膜脱离者需行玻璃体切割联合内界膜剥离术。玻璃体视网膜手术分为外路与内路（玻璃体切割），常规20G手术包括三通道切口、玻璃体切割、裂孔封闭及眼内填塞等步骤，器械方面介绍了BIOM、OFFISS等广角镜系统。外伤性眼内炎部分讨论了蜡样芽孢杆菌（病情凶险，常致眼球摘除）与地衣芽孢杆菌（极少见）感染病例，并提出了按累及部位分类的观点：前部眼内炎（约10%，前房冲洗加玻璃体腔注药即可）、后部眼内炎（0～3%）及全眼内炎（约90%，多需玻璃体切割，预后较差）；作者强调此分类有助于治疗方案的制定，但眼内炎为进行性疾病，分类可随病情进展而变化，需密切观察。",本书为2013年出版的眼外伤临床参考书，由肖天林、吴文灿、王勤美主编，面向眼外伤医护人员及相关专业师生，汇集眼外伤临床诊断与治疗经验。全书分总论与分论：总论涵盖流行病学、定义范畴、分类分级、临床表现与诊断、治疗原则、患者特点、预后、防护、临床挑战及伤后解剖与视功能重建康复；分论系统讨论眼睑、结膜、泪小管、角膜巩膜、虹膜睫状体脉络膜、晶状体、玻璃体、视网膜及黄斑外伤，并涉及玻璃体视网膜手术、眼球穿通伤、眼内外异物、眼球破裂、前节毒性反应综合征和细菌性、真菌性外伤性眼内炎。重点关键词包括裂隙灯、B超、X线、CT、MRI、UBM、AS-OCT及黄斑OCT，外伤性白内障、晶状体脱位、玻璃体积血、视网膜脱离、硅油填充、23G/25G玻璃体切割等。
227,眼外伤前房角改变及其治疗-韩梅 2007,normalized_exact,13-眼外伤与急症,06e9888f-5d59-49c9-9218-d078b456f01b,10000,afdf86b0-bdef-4c9c-bb48-1f6d47770ccb,眼外伤前房角改变及其治疗-韩梅 2007_weknora.mhtml,眼外伤前房角改变及其治疗-韩梅 2007_weknora.mhtml,completed,5e6fcc45-d8bc-4134-a670-9dc8aa65c609,92e2860c-5191-4d27-a6bb-a269b86440ea,336,988,efa66ae30c026b7a9a46850d80440201b897ff0bb4910f55289f1367b0cb590f,"本书系统介绍眼外伤后前房角的解剖改变、临床表现、对眼压及视功能的影响，以及相应的治疗方法。前房角是房水排出的主要通道，也是青光眼的重要病变部位和眼外伤后容易受损的区域。由于其缺乏突出症状和典型体征，临床检查中常被忽视；作者强调，开放性或闭合性眼外伤均应重视前房角镜检查，以便早期发现病变、预防继发性青光眼和视功能丧失。

书中首先讲解正常前房角的解剖结构，包括Schwalbe线、Schlemm管、小梁网、巩膜突、睫状体和虹膜，并介绍Goldmann等前房角镜及裂隙灯显微镜的使用方法。静态检查用于观察前房角的真实结构，动态检查则有助于判断粘连性或接触性闭合、发现虹膜根部断离和睫状体分离等细小病变；低眼压患者检查时需避免不当加压，必要时结合超声生物显微镜。

本书重点归纳了作者长期临床实践中积累的150余例病例，分为17类典型前房角改变，并配有104幅真实摄影图片、特写图、示意图及部分组织病理学资料。内容涉及前房角后退、虹膜周边前粘连、虹膜根部断离、小梁网色素沉着、前房角异物、新生血管、肿瘤、硅油及复合性损伤等。书中阐述了眼挫伤导致前房角损伤的力学机制，重点讨论前房角后退的分型及睫状体分离、脱离与低眼压之间的关系。

治疗方面，针对不同病变及其对视功能、眼压的影响，介绍观察、药物治疗、前房冲洗、虹膜根部修复、睫状体固定缝合、滤过手术、玻璃体切除及硅油取出等方法，并强调复合性损伤应优先处理影响最大的病变。","# Summary
本书系统介绍眼外伤后前房角的解剖改变、临床表现、对眼压及视功能的影响，以及相应的治疗方法。前房角是房水排出的主要通道，也是青光眼的重要病变部位和眼外伤后容易受损的区域。由于其缺乏突出症状和典型体征，临床检查中常被忽视；作者强调，开放性或闭合性眼外伤均应重视前房角镜检查，以便早期发现病变、预防继发性青光眼和视功能丧失。

书中首先讲解正常前房角的解剖结构，包括Schwalbe线、Schlemm管、小梁网、巩膜突、睫状体和虹膜，并介绍Goldmann等前房角镜及裂隙灯显微镜的使用方法。静态检查用于观察前房角的真实结构，动态检查则有助于判断粘连性或接触性闭合、发现虹膜根部断离和睫状体分离等细小病变；低眼压患者检查时需避免不当加压，必要时结合超声生物显微镜。

本书重点归纳了作者长期临床实践中积累的150余例病例，分为17类典型前房角改变，并配有104幅真实摄影图片、特写图、示意图及部分组织病理学资料。内容涉及前房角后退、虹膜周边前粘连、虹膜根部断离、小梁网色素沉着、前房角异物、新生血管、肿瘤、硅油及复合性损伤等。书中阐述了眼挫伤导致前房角损伤的力学机制，重点讨论前房角后退的分型及睫状体分离、脱离与低眼压之间的关系。

治疗方面，针对不同病变及其对视功能、眼压的影响，介绍观察、药物治疗、前房冲洗、虹膜根部修复、睫状体固定缝合、滤过手术、玻璃体切除及硅油取出等方法，并强调复合性损伤应优先处理影响最大的病变。",韩梅主编，2007年出版。本书面向眼科临床医师，尤其适合眼外伤专业医师及医学研究生，系统总结外伤性前房角损伤的诊断与治疗。内容先介绍正常前房角解剖、房水排出通道、前房角镜接触镜及裂隙灯检查、静态与动态观察和UBM，再阐述损伤机制、前房角后退及外伤性低眼压。正文按病变类型综合讨论前房角后退、虹膜周边前粘连、小梁网色素沉着、虹膜根部断离、外伤后无虹膜、虹膜后卷、前房角异物、铁质和铜质沉着、虹膜囊肿、炎性渗出物、晶状体皮质沉积、膜状积血、新生血管、前房角肿瘤、硅油及复合性改变，结合大量前房角镜、裂隙灯、UBM和组织病理图像，说明临床表现、视功能与眼压影响、典型病例、手术适应证及操作，包括前房冲洗、抗青光眼手术、虹膜及睫状体切除、白内障摘除、人工晶状体植入和玻璃体切除等。
228,眼外伤手术实践与思考-贾金辰 2013,normalized_exact,13-眼外伤与急症,06e9888f-5d59-49c9-9218-d078b456f01b,10000,aa450a6a-9fbd-4c29-83ae-127972482ba6,眼外伤手术实践与思考-贾金辰 2013_weknora.mhtml,眼外伤手术实践与思考-贾金辰 2013_weknora.mhtml,completed,be131cfc-6d90-4d20-9103-6cdd22687d78,3a1fb13d-8a28-4cbf-8bb2-6a29080371ae,371,1087,b05e5d4570408eb8185aeba7fe2bf8e0ddc6f55edc16012be1d65c2a28c8f3cc,"该材料为《眼外伤手术实践与思考》一书的出版信息、序言、前言及部分章节正文。该书由贾金辰主编，人民卫生出版社2013年出版，全书共十八章，系统介绍眼睑外伤、泪器外伤、结膜外伤、角巩膜外伤、虹膜外伤、前房积血、外伤性青光眼、晶状体外伤、玻璃体视网膜外伤、眼内炎、眼内异物、眶内异物、眼眶骨折、眼球脱位、眼爆炸伤、眼化学伤、义眼台植入等眼外伤手术治疗内容，配有大量插图，强调术前应思考的问题、手术适应证、手术方法技巧及术中特殊情况的处理，可供各级眼科临床医师参考。

前言和序言指出，眼外伤是临床常见且可预防的重要致盲性眼病，手术是其治疗的重要手段，但病情复杂，常涉及眼球多个部位，并可能合并颅脑、颌面等全身损伤，有时需多学科联合或多次手术。该书是主编及编写团队多年临床经验的总结，旨在弥补国内眼外伤手术专著不足。

正文节选涵盖三方面内容。其一为第一章“眼外伤临床概述及治疗原则”，包括眼外伤分类：按致伤因素分为机械性和非机械性；机械性眼外伤的国际分类明确了破裂伤、裂伤、穿通伤、贯通伤、眼内异物伤等术语，并划分开放性与闭合性眼球损伤的分区。同时介绍病史采集和临床检查要点，强调先评估生命体征和有无危及生命的损伤，化学伤应先冲洗，检查包括视力、眼压、眼睑、泪器、结膜、角膜、前房等，并注意避免对破裂眼球施压，防止眼内容脱出。

其二为眼外伤玻璃体视网膜手术相关章节，阐述了手术目的，如清除混浊玻璃体和机化组织、处理脱位晶状体、复位视网膜、控制眼内炎、取出眼内异物等；分析了临床特点，如角膜透明度差、手术时机要求严格、周边部视网膜损伤重、手术难度大、角巩膜伤口漏水、眼内异物增加难度、常需联合手术、术后易发生眼压异常等；并列出适应证、禁忌证及手术时机选择原则，如早期手术适用于化脓性眼内炎、铜铁或木质异物等情况，常规手术时机一般为伤后7～14天。

其三为第十八章义眼台植入相关内容，讨论义眼台取出术、儿童及婴幼儿义眼台植入的时机与大小选择，指出严重眼睑外伤患者行眼内容摘除时应同时植入义眼台以支撑眼睑愈合；对伴有眶壁骨折者可行眶壁骨折修复联合义眼台植入手术，并介绍了手术适应证、方法和技巧。","# Summary
该材料为《眼外伤手术实践与思考》一书的出版信息、序言、前言及部分章节正文。该书由贾金辰主编，人民卫生出版社2013年出版，全书共十八章，系统介绍眼睑外伤、泪器外伤、结膜外伤、角巩膜外伤、虹膜外伤、前房积血、外伤性青光眼、晶状体外伤、玻璃体视网膜外伤、眼内炎、眼内异物、眶内异物、眼眶骨折、眼球脱位、眼爆炸伤、眼化学伤、义眼台植入等眼外伤手术治疗内容，配有大量插图，强调术前应思考的问题、手术适应证、手术方法技巧及术中特殊情况的处理，可供各级眼科临床医师参考。

前言和序言指出，眼外伤是临床常见且可预防的重要致盲性眼病，手术是其治疗的重要手段，但病情复杂，常涉及眼球多个部位，并可能合并颅脑、颌面等全身损伤，有时需多学科联合或多次手术。该书是主编及编写团队多年临床经验的总结，旨在弥补国内眼外伤手术专著不足。

正文节选涵盖三方面内容。其一为第一章“眼外伤临床概述及治疗原则”，包括眼外伤分类：按致伤因素分为机械性和非机械性；机械性眼外伤的国际分类明确了破裂伤、裂伤、穿通伤、贯通伤、眼内异物伤等术语，并划分开放性与闭合性眼球损伤的分区。同时介绍病史采集和临床检查要点，强调先评估生命体征和有无危及生命的损伤，化学伤应先冲洗，检查包括视力、眼压、眼睑、泪器、结膜、角膜、前房等，并注意避免对破裂眼球施压，防止眼内容脱出。

其二为眼外伤玻璃体视网膜手术相关章节，阐述了手术目的，如清除混浊玻璃体和机化组织、处理脱位晶状体、复位视网膜、控制眼内炎、取出眼内异物等；分析了临床特点，如角膜透明度差、手术时机要求严格、周边部视网膜损伤重、手术难度大、角巩膜伤口漏水、眼内异物增加难度、常需联合手术、术后易发生眼压异常等；并列出适应证、禁忌证及手术时机选择原则，如早期手术适用于化脓性眼内炎、铜铁或木质异物等情况，常规手术时机一般为伤后7～14天。

其三为第十八章义眼台植入相关内容，讨论义眼台取出术、儿童及婴幼儿义眼台植入的时机与大小选择，指出严重眼睑外伤患者行眼内容摘除时应同时植入义眼台以支撑眼睑愈合；对伴有眶壁骨折者可行眶壁骨折修复联合义眼台植入手术，并介绍了手术适应证、方法和技巧。",本书由贾金辰主编，2013年出版，是总结眼外伤手术经验、适应证、操作方法、术中处理与临床思考的专著，适合各级眼科医师、研究生及进修医师。全书围绕眼外伤分类、病史采集、临床检查、辅助检查及治疗原则展开，系统涉及眼睑、泪器、结膜及眼外肌、角巩膜、虹膜睫状体、前房积血、外伤性青光眼、晶状体、玻璃体视网膜、感染性眼内炎、眼内异物、眶内异物、眼眶骨折、眼球脱位、爆炸伤、化学烧伤与睑球粘连，以及义眼台植入等十八章。重点包括角膜和巩膜裂伤缝合、泪小管吻合、皮瓣与植皮重建、虹膜根部离断修复、前房穿刺及冲洗、抗青光眼手术、白内障摘除与人工晶状体植入、玻璃体切除、视网膜剥膜、硅油及膨胀气体应用、眼内异物定位与取出、眶骨折修复和计算机导航。书中还涉及X线、CT、超声、UBM、MRI等影像检查及眼内炎微生物学检查，突出显微缝合、联合手术和复杂伤情处理技巧。
229,眼外肌病学-杨景存 2003,normalized_exact,10-小儿眼科：斜视与弱视等,d6a5115a-067a-4514-afbf-9fe81b4e64c0,10000,bc3a0d04-5c50-497d-ac72-1c2348efa86b,眼外肌病学-杨景存 2003_weknora.mhtml,眼外肌病学-杨景存 2003_weknora.mhtml,completed,0f3de86f-e728-42ac-948a-bb9b416502df,66156dfd-3633-451b-b32e-a337114abc0c,349,1019,8a5c55ad8bbacb42635b7580a15f61bcd8d00a634578184061d4f231c16cabf9,"本书系统介绍眼外肌相关的胚胎发育、解剖生理、斜视与弱视、先天性眼球震颤及斜视矫正手术，共分六章。胚胎学部分说明了胚胎由受精卵、桑椹胚、囊胚逐步发育形成胚盘和各器官原基的过程，重点叙述视泡、视杯、晶状体及胚裂的形成，并指出眼外肌约于胚胎第5周开始出现，第6周可辨认四条直肌和两条斜肌；孕期营养障碍、代谢异常及疾病可能导致眼外肌缺如、融合或止端附着异常等先天缺陷。

解剖生理部分概述六条眼外肌的结构、神经支配、血供、接触弧及运动作用。眼外肌虽属横纹肌，但具有肌纤维细小、运动单位少、神经支配丰富、收缩灵敏、血供充足且不易疲劳等特点。内、外直肌主要负责水平转动，上、下直肌兼有垂直、水平和旋转作用，上斜肌主要使眼球内旋，下斜肌主要使眼球外旋；各肌肉的筋膜、鞘膜和节制韧带共同影响眼球运动及手术效果。

书中还讨论了眼眶爆裂性骨折及其所致限制性斜视。该病多由拳击、车祸等钝性暴力引起，主要累及眶下壁和内壁，可因眶内压力骤增或眶缘受力造成骨折，导致眼外肌及软组织嵌顿、眼球运动受限、垂直复视、眼球内陷和眶下神经感觉减退。文中介绍了其分类、临床表现及眶路、窦路和联合进路等治疗方式。

斜视手术部分涉及周期性内斜、先天性下直肌缺如所致上斜、眼眶爆裂性骨折所致垂直斜视及动眼神经麻痹所致外斜等特殊情况。最后，书中强调斜视显微手术可提高操作精确性，减少组织损伤和术后粘连，并通过分离、保留睫状前动脉，降低眼球前段缺血综合征风险。","# Summary
本书系统介绍眼外肌相关的胚胎发育、解剖生理、斜视与弱视、先天性眼球震颤及斜视矫正手术，共分六章。胚胎学部分说明了胚胎由受精卵、桑椹胚、囊胚逐步发育形成胚盘和各器官原基的过程，重点叙述视泡、视杯、晶状体及胚裂的形成，并指出眼外肌约于胚胎第5周开始出现，第6周可辨认四条直肌和两条斜肌；孕期营养障碍、代谢异常及疾病可能导致眼外肌缺如、融合或止端附着异常等先天缺陷。

解剖生理部分概述六条眼外肌的结构、神经支配、血供、接触弧及运动作用。眼外肌虽属横纹肌，但具有肌纤维细小、运动单位少、神经支配丰富、收缩灵敏、血供充足且不易疲劳等特点。内、外直肌主要负责水平转动，上、下直肌兼有垂直、水平和旋转作用，上斜肌主要使眼球内旋，下斜肌主要使眼球外旋；各肌肉的筋膜、鞘膜和节制韧带共同影响眼球运动及手术效果。

书中还讨论了眼眶爆裂性骨折及其所致限制性斜视。该病多由拳击、车祸等钝性暴力引起，主要累及眶下壁和内壁，可因眶内压力骤增或眶缘受力造成骨折，导致眼外肌及软组织嵌顿、眼球运动受限、垂直复视、眼球内陷和眶下神经感觉减退。文中介绍了其分类、临床表现及眶路、窦路和联合进路等治疗方式。

斜视手术部分涉及周期性内斜、先天性下直肌缺如所致上斜、眼眶爆裂性骨折所致垂直斜视及动眼神经麻痹所致外斜等特殊情况。最后，书中强调斜视显微手术可提高操作精确性，减少组织损伤和术后粘连，并通过分离、保留睫状前动脉，降低眼球前段缺血综合征风险。",本书为杨景存主编、2003年出版的眼外肌病专著，适用于眼科医师、斜视与小儿眼科医师、研究生及相关临床教学人员。全书围绕眼外肌疾病的基础、诊断与治疗展开：先讲胚胎发育及先天性眼外肌异常，再系统介绍眼外肌大体与显微解剖、肌电和运动规律、眼位、集合、AC/A比率及双眼视觉；继而讨论隐斜视、共同性和非共同性斜视，以及眼球后退综合征、上斜肌腱鞘综合征、眼外肌粘连、固定性斜视、甲状腺相关眼病、爆裂性眼眶骨折、重症肌无力、眼肌麻痹等特殊类型。弱视部分涵盖分型分级、屈光和视功能检查、电生理、PET、遮盖及综合治疗；先天性眼球震颤部分涉及诊断标准、病因、分类、ENG检查、鉴别诊断、药物及手术治疗。末章重点介绍斜视术前检查、手术设计与量的计算、直肌和斜肌手术、特殊斜视矫正、显微手术、术后眼位异常及并发症处理。
230,眼底光相干断层扫描学习精要-黄厚斌 2017,normalized_exact,06-眼底病与视网膜内科,f900fe21-9deb-47e0-bf36-ce06022cae92,10000,664f15a6-620c-4e9a-a317-319f2401bee8,眼底光相干断层扫描学习精要-黄厚斌 2017_weknora.mhtml,眼底光相干断层扫描学习精要-黄厚斌 2017_weknora.mhtml,completed,6ee25fe3-5569-426a-8417-37228daa80bb,2475dcc7-2fa4-4201-9d00-75734738bcaf,365,1013,85ac11c7ea7627deb9d9f5c6771d860cecfce7e07daf9c444ac481237d0c172c,"# 眼底光相干断层扫描 学习精要

编 著 / 黄厚斌 王 敏

ISBN 978-7-03-053170-4

# 眼底光相干断层扫描学习精要

黄厚斌 王 敏 编著

## 内容简介

本书是在国际上对 OCT 眼底层次结构规范命名后的国内第一本眼底 OCT
专著。它抛弃了以往根据疾病分类对 OCT
表现进行描述的叙述方式，而是站在总论的高度、病理生理学的角度，从 OCT
下的各种正常和异常表现出发进行剖析，从 OCT
的角度对临床体征的病理生理过程进行深入的分析和细致的追溯。本书分为四章：第一章介绍
OCT 的光学成像原理；第二章结合黄斑和视盘的组织结构介绍 OCT
的图像特征；第三章介绍图像测量、en face 图像、OCT 血管成像等 OCT
的高级分析；第四章介绍 OCT 下各种病变的形态、特征及其临床意义。

本书注重临床实践经验和国内外关于 OCT
的最新进展，内容丰富，实用性强，可供眼科临床医师和技师参考使用。

## 序一

光相干断层扫描（optical coherence
tomography，OCT）的问世和进展使眼科医生能够从组织层面看到眼后部的正常结构和病","# Summary
# 眼底光相干断层扫描 学习精要

编 著 / 黄厚斌 王 敏

ISBN 978-7-03-053170-4

# 眼底光相干断层扫描学习精要

黄厚斌 王 敏 编著

## 内容简介

本书是在国际上对 OCT 眼底层次结构规范命名后的国内第一本眼底 OCT
专著。它抛弃了以往根据疾病分类对 OCT
表现进行描述的叙述方式，而是站在总论的高度、病理生理学的角度，从 OCT
下的各种正常和异常表现出发进行剖析，从 OCT
的角度对临床体征的病理生理过程进行深入的分析和细致的追溯。本书分为四章：第一章介绍
OCT 的光学成像原理；第二章结合黄斑和视盘的组织结构介绍 OCT
的图像特征；第三章介绍图像测量、en face 图像、OCT 血管成像等 OCT
的高级分析；第四章介绍 OCT 下各种病变的形态、特征及其临床意义。

本书注重临床实践经验和国内外关于 OCT
的最新进展，内容丰富，实用性强，可供眼科临床医师和技师参考使用。

## 序一

光相干断层扫描（optical coherence
tomography，OCT）的问世和进展使眼科医生能够从组织层面看到眼后部的正常结构和病",本书为黄厚斌、王敏编著，2017年出版，是面向眼科临床医师、眼科技师及眼底病影像学习者的OCT专著。全书以正常与异常影像形态及病理生理机制为主线，先讲低相干干涉、频域OCT、组织光学特性、反射性、阴影与穿透效应及阅片方法；继而系统解析黄斑、视盘、玻璃体视网膜交界面、视网膜血管等正常横断面结构；再介绍黄斑和视盘厚度、容积、RNFL、GCC/GCIPL、杯盘比等测量，以及地形图、3D重建、动画、en face扫描和OCT血管成像。异常部分围绕视网膜水肿、硬性渗出、棉绒斑、出血、视网膜劈裂、神经视网膜脱离、视网膜脱离、色素上皮脱离与撕裂、色素异常、玻璃体黄斑牵引、黄斑前膜、结构缺失变薄或增厚展开，并涉及青光眼、Leber遗传性视神经病变、缺血性视神经病变、脉络膜新生血管、玻璃膜疣等病例，强调以B扫描为基础进行诊断、评估和随访。
231,眼底病影像诊断图谱-王光璐 2012,normalized_exact,06-眼底病与视网膜内科,f900fe21-9deb-47e0-bf36-ce06022cae92,10000,08c6ec01-4af0-43bf-bdc8-0a7646136a28,眼底病影像诊断图谱-王光璐 2012_weknora.mhtml,眼底病影像诊断图谱-王光璐 2012_weknora.mhtml,completed,19259b77-9266-4521-8043-3261a4a108a3,4ab2c3c4-aa75-487c-b73e-5bbfbdcaccde,361,1015,c4822907ffe0f397d0199cf0f3d92488dfb107a2ee4a62eca44974e45004a350,"《眼底病影像诊断图谱（第2版）》是由王光璐主编、北京科学技术出版社2012年出版的医学影像图谱专著，属“同仁眼科系列图谱”之一。全书960千字，图片资料主要来自北京同仁医院，并邀请多家医院专家参与编写。再版在首版基础上新增500余幅图片，补充了眼底先天性异常、早期老年黄斑变性、球内注射雷珠单抗观察、炎症变性类眼底病及全身病所致眼底疾病等内容，旨在以影像图谱形式直观展示眼底疾病，辅助临床诊断。

第一章系统介绍荧光素眼底血管造影（FFA）技术。内容包括造影的基本原理：荧光素钠为水溶性荧光染料，激发光波长465～490nm，发射荧光波长520～530nm；注入后60%～80%与血浆蛋白结合，仅有游离部分可发出荧光。眼底存在血－视网膜屏障（内屏障）和血－色素上皮屏障（外屏障），屏障破坏可导致荧光渗漏。正常眼底造影分为动脉前期、动脉期、动静脉期和晚期，臂－视网膜循环时间为10～15秒，黄斑呈暗区并有拱环结构。异常眼底荧光包括自发荧光/假荧光、高荧光（透见荧光即窗样缺损、荧光渗漏所致的组织着染和荧光素积存）以及低荧光（遮挡荧光、无灌注）等类型，各配以典型病例图像说明。

第十一章涉及黄斑裂孔的影像诊断与治疗。OCT对黄斑裂孔的诊断、鉴别诊断和定量评估具有重要价值，可将板层裂孔、全层裂孔、假性黄斑裂孔等区分开来，并按Gass分期描述Ⅰ～Ⅳ期OCT特征。治疗以玻璃体手术（内界膜剥离、解除玻璃体牵引）为主，可辅以自体血清等生物辅助剂。继发性黄斑裂孔可继发于外伤、高度近视、黄斑前膜牵拉、长期黄斑囊样水肿及炎症性疾病等。

第二十章介绍多种全身性疾病引起的眼底病变，包括混合性结缔组织病继发视网膜静脉阻塞、成人斯蒂尔病引起的视网膜血管炎（表现为棉絮斑、出血）、脆骨－蓝巩膜综合征（van der Hoeve综合征）的眼部异常如蓝巩膜、后巩膜葡萄肿、视网膜裂孔及脱离，以及抗磷脂综合征（APS）所致眼底血管闭塞、出血及黄斑囊样水肿，并附典型病例和影像资料。","# Summary
《眼底病影像诊断图谱（第2版）》是由王光璐主编、北京科学技术出版社2012年出版的医学影像图谱专著，属“同仁眼科系列图谱”之一。全书960千字，图片资料主要来自北京同仁医院，并邀请多家医院专家参与编写。再版在首版基础上新增500余幅图片，补充了眼底先天性异常、早期老年黄斑变性、球内注射雷珠单抗观察、炎症变性类眼底病及全身病所致眼底疾病等内容，旨在以影像图谱形式直观展示眼底疾病，辅助临床诊断。

第一章系统介绍荧光素眼底血管造影（FFA）技术。内容包括造影的基本原理：荧光素钠为水溶性荧光染料，激发光波长465～490nm，发射荧光波长520～530nm；注入后60%～80%与血浆蛋白结合，仅有游离部分可发出荧光。眼底存在血－视网膜屏障（内屏障）和血－色素上皮屏障（外屏障），屏障破坏可导致荧光渗漏。正常眼底造影分为动脉前期、动脉期、动静脉期和晚期，臂－视网膜循环时间为10～15秒，黄斑呈暗区并有拱环结构。异常眼底荧光包括自发荧光/假荧光、高荧光（透见荧光即窗样缺损、荧光渗漏所致的组织着染和荧光素积存）以及低荧光（遮挡荧光、无灌注）等类型，各配以典型病例图像说明。

第十一章涉及黄斑裂孔的影像诊断与治疗。OCT对黄斑裂孔的诊断、鉴别诊断和定量评估具有重要价值，可将板层裂孔、全层裂孔、假性黄斑裂孔等区分开来，并按Gass分期描述Ⅰ～Ⅳ期OCT特征。治疗以玻璃体手术（内界膜剥离、解除玻璃体牵引）为主，可辅以自体血清等生物辅助剂。继发性黄斑裂孔可继发于外伤、高度近视、黄斑前膜牵拉、长期黄斑囊样水肿及炎症性疾病等。

第二十章介绍多种全身性疾病引起的眼底病变，包括混合性结缔组织病继发视网膜静脉阻塞、成人斯蒂尔病引起的视网膜血管炎（表现为棉絮斑、出血）、脆骨－蓝巩膜综合征（van der Hoeve综合征）的眼部异常如蓝巩膜、后巩膜葡萄肿、视网膜裂孔及脱离，以及抗磷脂综合征（APS）所致眼底血管闭塞、出血及黄斑囊样水肿，并附典型病例和影像资料。",本书由王光璐主编，2012年出版，定位为眼科医师、眼底病专科医生及医学生学习和临床影像诊断的图谱型参考书。全书以上、下篇展开：上篇介绍荧光素眼底血管造影（FFA）、吲哚青绿血管造影（ICGA）、相干光断层成像（OCT）、视网膜厚度分析、激光扫描检眼镜、超声生物显微镜、B型超声、CT及MRI等检查原理、方法和临床应用；下篇围绕眼底影像表现，涵盖先天性异常、视网膜静脉及动脉疾病、糖尿病视网膜病变、高血压和动脉硬化、年龄相关性黄斑变性、黄斑疾病、遗传及变性类疾病、炎症与寄生虫病、视网膜及脉络膜脱离、视神经疾病、外伤、眼内肿瘤、中毒性及全身性疾病所致眼底改变。重点涉及IRVAN综合征、PCV、视网膜血管瘤样增生、早产儿视网膜病变、脉络膜新生血管、视网膜脱离和眼内肿瘤，并展示PDT、TTT及球内注射雷珠单抗等治疗相关影像。
232,眼底病激光治疗-张惠蓉 2012,normalized_exact,06-眼底病与视网膜内科,f900fe21-9deb-47e0-bf36-ce06022cae92,10000,be41a6e2-7aaf-4799-a3f3-54199c70331e,眼底病激光治疗-张惠蓉 2012_weknora.mhtml,眼底病激光治疗-张惠蓉 2012_weknora.mhtml,completed,117aff4c-6079-4c5d-8cad-6ea697fd74fd,9a93c16e-3b78-4330-ba2d-a5ffd4a220d3,411,1153,712bc2d740a5b5b39e736f6a89a050609356ddbdfffc396bac3a044d69ece093,"《眼底病激光治疗》是由张惠蓉主编、人民卫生出版社出版的一部眼底病激光治疗图谱专著。全书基于编者所在科室数十年积累的临床资料，以图谱形式直观展示激光治疗眼底病的方法与效果，共12章，含590余幅插图，包括彩色眼底图、荧光血管造影、吲哚菁绿造影、频域相干光断层扫描、视野及多焦眼电图等资料，并专门设有光动力学治疗章节。该书既可供从事眼底病激光治疗的医师参考，也可用于临床教学。

在基础概述部分，书中详细介绍了视网膜十层组织结构、脉络膜结构与血供，以及视网膜色素上皮、脉络膜色素、视色素、叶黄素、血色素等不同色素对激光吸收的影响。传统激光方面，阐述了激光方向性好、单色性好、相干性好的特性及其热作用、光化学作用、压强作用、电磁场作用和生物刺激作用等生物学效应；并按波长对绿色激光（氩绿、氪绿、倍频Nd:YAG）、黄色激光（氪黄、染料黄）、红色激光（氪红、红宝石、半导体）等不同激光的优缺点和适应证逐一说明，强调应根据病变部位、水肿和出血情况选择合适波长。

针对传统激光可能损伤视网膜神经感觉层和脉络膜的问题，书中还介绍了阈值下微脉冲激光和短脉冲模式扫描激光等新型激光，前者损伤小、可用于黄斑水肿等病变并可重复治疗，后者可一次曝光形成多点光斑，显著缩短全视网膜光凝时间。

在具体疾病治疗方面，以脉络膜新生血管为例，书中系统介绍了激光治疗的目的、适应证（新生血管需位于中心凹外约0.5DD，中心凹下者为禁忌并可改用光动力治疗）、激光前2～3天行荧光血管造影的必要性，以及激光参数选择、光斑重叠、重复治疗和避免中心凹损伤等技术要点，并强调术后2～3周复查造影和OCT以判断新生血管是否闭塞。治疗效果与新生血管的部位、大小及病因相关。

关于光动力治疗的并发症，书中分别介绍了全身并发症如注射时背痛、光敏反应、注射处局部反应，以及眼部并发症如视力严重下降、视网膜色素上皮改变与萎缩、视网膜色素上皮撕裂、脉络膜缺血、黄斑下出血、玻璃体积血和新生血管形成等，并引用了国内外多项研究的发生率数据，提示临床注意相关风险。","# Summary
《眼底病激光治疗》是由张惠蓉主编、人民卫生出版社出版的一部眼底病激光治疗图谱专著。全书基于编者所在科室数十年积累的临床资料，以图谱形式直观展示激光治疗眼底病的方法与效果，共12章，含590余幅插图，包括彩色眼底图、荧光血管造影、吲哚菁绿造影、频域相干光断层扫描、视野及多焦眼电图等资料，并专门设有光动力学治疗章节。该书既可供从事眼底病激光治疗的医师参考，也可用于临床教学。

在基础概述部分，书中详细介绍了视网膜十层组织结构、脉络膜结构与血供，以及视网膜色素上皮、脉络膜色素、视色素、叶黄素、血色素等不同色素对激光吸收的影响。传统激光方面，阐述了激光方向性好、单色性好、相干性好的特性及其热作用、光化学作用、压强作用、电磁场作用和生物刺激作用等生物学效应；并按波长对绿色激光（氩绿、氪绿、倍频Nd:YAG）、黄色激光（氪黄、染料黄）、红色激光（氪红、红宝石、半导体）等不同激光的优缺点和适应证逐一说明，强调应根据病变部位、水肿和出血情况选择合适波长。

针对传统激光可能损伤视网膜神经感觉层和脉络膜的问题，书中还介绍了阈值下微脉冲激光和短脉冲模式扫描激光等新型激光，前者损伤小、可用于黄斑水肿等病变并可重复治疗，后者可一次曝光形成多点光斑，显著缩短全视网膜光凝时间。

在具体疾病治疗方面，以脉络膜新生血管为例，书中系统介绍了激光治疗的目的、适应证（新生血管需位于中心凹外约0.5DD，中心凹下者为禁忌并可改用光动力治疗）、激光前2～3天行荧光血管造影的必要性，以及激光参数选择、光斑重叠、重复治疗和避免中心凹损伤等技术要点，并强调术后2～3周复查造影和OCT以判断新生血管是否闭塞。治疗效果与新生血管的部位、大小及病因相关。

关于光动力治疗的并发症，书中分别介绍了全身并发症如注射时背痛、光敏反应、注射处局部反应，以及眼部并发症如视力严重下降、视网膜色素上皮改变与萎缩、视网膜色素上皮撕裂、脉络膜缺血、黄斑下出血、玻璃体积血和新生血管形成等，并引用了国内外多项研究的发生率数据，提示临床注意相关风险。",本书为张惠蓉主编、2012年出版的眼科激光治疗图谱，面向眼底病激光治疗临床医师，也可用于临床教学。全书12章，系统讲解视网膜、脉络膜组织结构与血供、传统及微脉冲等激光类型、生物学效应、适应证禁忌证、术前准备、光斑参数、治疗操作、术后随访和疗效判断。正文重点涵盖视网膜静脉阻塞、糖尿病视网膜病变、Eales病及其他视网膜血管炎、视网膜大动脉瘤、Coats病、家族渗出性玻璃体视网膜病变、早产儿视网膜病变、中心性浆液性脉络膜视网膜病变、黄斑区脉络膜新生血管、老年黄斑变性、息肉样脉络膜血管病变、视网膜周边变性与裂孔，以及视网膜海绵状血管瘤、Von Hippel病、脉络膜血管瘤、脉络膜骨瘤和黑色素瘤。书中结合彩色眼底照相、荧光素血管造影、吲哚青绿造影、OCT、视野及电生理检查，展示黄斑水肿、新生血管、视网膜脱离等病变的治疗前后影像，并讨论全视网膜光凝并发症及光动力治疗原理、适应证、Verteporfin参数、疗效和并发症。
233,眼底病激光治疗指南-黎晓新、廖菊生 2009,normalized_exact,06-眼底病与视网膜内科,f900fe21-9deb-47e0-bf36-ce06022cae92,10000,2f6d9cf1-d4b6-4f5e-bd7e-358d184e98dd,眼底病激光治疗指南-黎晓新、廖菊生 2009_weknora.mhtml,眼底病激光治疗指南-黎晓新、廖菊生 2009_weknora.mhtml,completed,26510467-e2dd-4dec-8cc2-b30c605a37aa,d2ee3d49-00f7-4c58-924d-d7959b417611,358,1048,bd64c835c2697f1e68ded500420f7b8a48ccbd9dac5a6ac1d55b09504d8c6b07,"《眼底病激光治疗指南》（黎晓新、廖菊生编著）以循证医学为基础，系统阐述眼底病激光治疗的理论与实践。总论部分介绍激光原理与三类激光效应：光热效应用于眼底光凝，光电离效应用于虹膜造孔和晶状体后囊切开，光化学效应即光动力学治疗；回顾了从1949年阳光凝固、红宝石激光、氩激光到半导体532nm/810nm及多波长激光的发展进程。组织生物学方面，讨论了不同波长的穿透性、视网膜色素上皮和脉络膜吸收、血红蛋白吸收（600nm以上吸收少）及叶黄素吸收特性（避免蓝光损伤视锥细胞）。波长选择依病变部位和性质而定：视网膜血管病多用绿光，黄斑水肿选黄光，脉络膜病变及出血性疾病选红光。常设参数包括光斑大小（黄斑区100～200μm，周边200～600μm）、曝光时间（黄斑区0.1s、周边0.2s，TTT 60s、PDT 83s）和功率递增方法；光斑反应分为1～4级，PRP和裂孔封闭用3级，TTT用1级，需借助接触镜放大系数和眼底标志（视盘1500μm、中心凹无血管区500μm）定位。

治疗模式部分详述全视网膜播散光凝的适应证（增殖期糖尿病视网膜病变、严重非增殖期合并黄斑水肿、缺血型视网膜中央静脉阻塞、视网膜静脉周围炎）、方法（距视盘1～1.5PD，光斑200～500μm，间隔1～1.5个光斑，总量1600～2000点）、单次与多次治疗及再激光原则；区域性播散光凝用于分支静脉阻塞和静脉周围炎；局灶光凝针对临床有意义黄斑水肿，微动脉瘤直接光凝选用50～100μm黄光，距中心凹750μm以外。此外涉及视网膜毛细血管扩张症、Coats病、特发性中心凹旁毛细血管扩张症的治疗适应证，糖尿病弥漫性黄斑水肿采用格栅光凝。后半部分介绍中心凹下脉络膜新生血管膜的光动力疗法，包括CNV分型（经典为主型、微小经典型、隐匿型、脉络膜息肉样变）及病理性近视、特发性CNV的病例选择和再治疗、终止治疗指标，并引述ANCHOR与MARINA研究显示Ranibizumab联合PDT优于单纯PDT。最后列举光凝并发症：玻璃体积血、视网膜裂孔、脉络膜脱离、脉络膜新生血管、虹膜灼伤和牵拉性视网膜脱离，强调规范操作、遵循循证方案以减少医源性损伤。","# Summary
《眼底病激光治疗指南》（黎晓新、廖菊生编著）以循证医学为基础，系统阐述眼底病激光治疗的理论与实践。总论部分介绍激光原理与三类激光效应：光热效应用于眼底光凝，光电离效应用于虹膜造孔和晶状体后囊切开，光化学效应即光动力学治疗；回顾了从1949年阳光凝固、红宝石激光、氩激光到半导体532nm/810nm及多波长激光的发展进程。组织生物学方面，讨论了不同波长的穿透性、视网膜色素上皮和脉络膜吸收、血红蛋白吸收（600nm以上吸收少）及叶黄素吸收特性（避免蓝光损伤视锥细胞）。波长选择依病变部位和性质而定：视网膜血管病多用绿光，黄斑水肿选黄光，脉络膜病变及出血性疾病选红光。常设参数包括光斑大小（黄斑区100～200μm，周边200～600μm）、曝光时间（黄斑区0.1s、周边0.2s，TTT 60s、PDT 83s）和功率递增方法；光斑反应分为1～4级，PRP和裂孔封闭用3级，TTT用1级，需借助接触镜放大系数和眼底标志（视盘1500μm、中心凹无血管区500μm）定位。

治疗模式部分详述全视网膜播散光凝的适应证（增殖期糖尿病视网膜病变、严重非增殖期合并黄斑水肿、缺血型视网膜中央静脉阻塞、视网膜静脉周围炎）、方法（距视盘1～1.5PD，光斑200～500μm，间隔1～1.5个光斑，总量1600～2000点）、单次与多次治疗及再激光原则；区域性播散光凝用于分支静脉阻塞和静脉周围炎；局灶光凝针对临床有意义黄斑水肿，微动脉瘤直接光凝选用50～100μm黄光，距中心凹750μm以外。此外涉及视网膜毛细血管扩张症、Coats病、特发性中心凹旁毛细血管扩张症的治疗适应证，糖尿病弥漫性黄斑水肿采用格栅光凝。后半部分介绍中心凹下脉络膜新生血管膜的光动力疗法，包括CNV分型（经典为主型、微小经典型、隐匿型、脉络膜息肉样变）及病理性近视、特发性CNV的病例选择和再治疗、终止治疗指标，并引述ANCHOR与MARINA研究显示Ranibizumab联合PDT优于单纯PDT。最后列举光凝并发症：玻璃体积血、视网膜裂孔、脉络膜脱离、脉络膜新生血管、虹膜灼伤和牵拉性视网膜脱离，强调规范操作、遵循循证方案以减少医源性损伤。",本书为黎晓新、廖菊生编著、2009年出版的眼底病激光治疗临床指南，面向眼科医师，尤其适合需要掌握眼底激光技术的年轻同道。全书先介绍多波长激光的类型、发展、组织生物学反应及波长选择，讲解光斑大小、曝光时间、功率、反应分级、接触镜放大和眼底标识测量，并系统阐述全视网膜播散光凝、病变区播散光凝、黄斑水肿局部及格栅光凝、视网膜裂孔封闭、TTT、光动力疗法和玻璃体手术中的光凝。后半部围绕中心性浆液性脉络膜视网膜病变、视网膜毛细血管扩张症、糖尿病黄斑水肿及增殖性视网膜病变、视网膜中央和分支静脉阻塞、血管炎及低灌注性无灌注区、视网膜大动脉瘤、视网膜及脉络膜血管瘤、脉络膜黑色素瘤、视网膜裂孔、中心凹脉络膜新生血管膜等，结合眼底检查、荧光素眼底血管造影（FFA）、OCT等影像，说明适应证、操作方法、参数选择、再治疗及并发症。
234,眼底病疑难病例解析精选-刘宁朴 2012,normalized_exact,06-眼底病与视网膜内科,f900fe21-9deb-47e0-bf36-ce06022cae92,10000,c1e5dca3-7356-4a6f-bb1f-e24780c8f61c,眼底病疑难病例解析精选-刘宁朴 2012_weknora.mhtml,眼底病疑难病例解析精选-刘宁朴 2012_weknora.mhtml,completed,b6ca5280-24bb-424c-b88b-8a4721206ff5,1f86ca23-d504-4fc8-bf92-6238c05420cc,378,1072,476f459da7045d1576ed4f95a67d0958508a0dd7ce43444e25f42efd9e289a98,"本书《眼底病疑难病例解析精选2012》由刘宁朴主编，选取了23种眼底病疑难临床真实病例进行讨论分析，旨在通过典型病例的总结分析展示扩展的临床思维方式，帮助开阔视野、积累经验，提高为患者服务的能力。全书分为视网膜疾病、葡萄膜疾病和其他疾病三部分，包含109幅眼底彩色照相、光学断层扫描、荧光血管造影、吲哚菁绿造影、彩色超声多普勒及磁共振成像等检查图片，可供各级眼科医生参考。

书中对每个病例均提炼出诊疗过程中的经验、教训和体会，具体内容涉及多个疑难病例的诊治分析。例如，一则原因不明的黄斑区视网膜前出血病例，患者因过度悲伤哭泣一夜后发病，最终诊断为Valsalva视网膜病变，经玻璃体手术后视力恢复良好，说明此类出血可能与类似Valsalva动作的憋气现象有关，且临床上倾向保守治疗。小口氏病病例介绍了该罕见先天性疾病的特征，即眼底呈灰暗金黄色反光，长时间暗适应后颜色恢复正常（水尾现象）。日食性视网膜病变病例通过OCT观察到中心凹IS/OS层断裂，分析其热损伤与光化学损伤机制，并指出轻度损伤可自行修复。急性视网膜坏死综合征病例详细阐述了其病因、分期、药物治疗及玻璃体视网膜联合手术的处理方案。Terson综合征病例针对双眼玻璃体积血合并黄斑区内界膜下出血患者实施玻璃体切除术，讨论了手术时机、内界膜剥离的必要性及术后视网膜前膜形成的并发症。全书强调正确的临床思维是决定眼底病诊断及治疗效果的关键。","# Summary
本书《眼底病疑难病例解析精选2012》由刘宁朴主编，选取了23种眼底病疑难临床真实病例进行讨论分析，旨在通过典型病例的总结分析展示扩展的临床思维方式，帮助开阔视野、积累经验，提高为患者服务的能力。全书分为视网膜疾病、葡萄膜疾病和其他疾病三部分，包含109幅眼底彩色照相、光学断层扫描、荧光血管造影、吲哚菁绿造影、彩色超声多普勒及磁共振成像等检查图片，可供各级眼科医生参考。

书中对每个病例均提炼出诊疗过程中的经验、教训和体会，具体内容涉及多个疑难病例的诊治分析。例如，一则原因不明的黄斑区视网膜前出血病例，患者因过度悲伤哭泣一夜后发病，最终诊断为Valsalva视网膜病变，经玻璃体手术后视力恢复良好，说明此类出血可能与类似Valsalva动作的憋气现象有关，且临床上倾向保守治疗。小口氏病病例介绍了该罕见先天性疾病的特征，即眼底呈灰暗金黄色反光，长时间暗适应后颜色恢复正常（水尾现象）。日食性视网膜病变病例通过OCT观察到中心凹IS/OS层断裂，分析其热损伤与光化学损伤机制，并指出轻度损伤可自行修复。急性视网膜坏死综合征病例详细阐述了其病因、分期、药物治疗及玻璃体视网膜联合手术的处理方案。Terson综合征病例针对双眼玻璃体积血合并黄斑区内界膜下出血患者实施玻璃体切除术，讨论了手术时机、内界膜剥离的必要性及术后视网膜前膜形成的并发症。全书强调正确的临床思维是决定眼底病诊断及治疗效果的关键。",本书为2013年出版的眼底病疑难病例选编，书名含“2012”。精选23种临床真实病例，面向各级眼科医生，尤其适合眼底病临床诊疗、教学与经验总结。全书分视网膜疾病、葡萄膜疾病和其他疾病三部分，涵盖Valsalva视网膜病变、小口氏病、日食性视网膜病变、激光笔黄斑损伤、黄斑裂孔、孔源性视网膜脱离、巨大裂孔、急性视网膜坏死、增生性糖尿病视网膜病变及视网膜脱离术后并发症；葡萄膜炎、葡萄膜渗漏综合征、梅毒性葡萄膜炎、脉络膜肿瘤及肺癌脉络膜转移；白血病相关视网膜病变、巨细胞病毒性视网膜炎、颈内动脉狭窄致新生血管性青光眼和Terson综合征。病例结合病史、眼底检查、眼底彩照、OCT、荧光素眼底血管造影、吲哚菁绿造影、B超、彩色超声多普勒及MRI，讨论激光光凝、冷冻、玻璃体切除、气液交换、重水及硅油填充等治疗与手术技术，并总结诊疗思路、经验教训和围术期处理要点。
235,眼底病诊断与治疗-黄叔仁 2016,normalized_exact,06-眼底病与视网膜内科,f900fe21-9deb-47e0-bf36-ce06022cae92,10000,0abdab40-e6d3-4298-9f60-0c0059930a76,眼底病诊断与治疗-黄叔仁 2016_weknora.mhtml,眼底病诊断与治疗-黄叔仁 2016_weknora.mhtml,completed,29878ddb-5616-4d91-9b20-0935ee7847a9,4f071c9a-a406-4597-9b21-184c0a456882,403,1143,72fdd29f9b2fae3e90b82c00c20fe11d9f2010576f5510c448fdd11096b4e233,"## 眼底病 诊断与治疗

主 编 黄叔仁 张晓峰

副主编 魏文斌 陈积中

第3版

# 眼底病诊断与治疗

# （第3版）

主 编

黄叔仁 张晓峰

副主编

魏文斌 陈积中

编委（按姓氏笔画排序）

张晓峰 陈积中 黄叔仁 魏文斌

图书在版编目（CIP）数据

眼底病诊断与治疗/黄叔仁，张晓峰主编. —3版.

一北京：人民卫生出版社，2016

ISBN 978-7-117-22887-9

Ⅰ. ①眼… Ⅱ. ①黄…②张… Ⅲ. ①眼底疾病-诊疗Ⅳ. ①R773.4

中国版本图书馆 CIP 数据核字（2016）第 148654 号

人卫智网 www.ipmph.com 医学教育、学术、考试、健康，

购书智慧智能综合服务平台

人卫官网 www.pmph.com 人卫官方资讯发布平台

版权所有,侵权必究!

## 眼底病诊断与治疗 第3版

主 编：黄叔仁 张晓峰

出版发行：人民卫生出版社（中继线010-59780011）

地址：北京市朝阳区潘家园南里19号

邮编：100021

E - mail: pmph @ pmph.com

购书热线：010-5","# Summary
## 眼底病 诊断与治疗

主 编 黄叔仁 张晓峰

副主编 魏文斌 陈积中

第3版

# 眼底病诊断与治疗

# （第3版）

主 编

黄叔仁 张晓峰

副主编

魏文斌 陈积中

编委（按姓氏笔画排序）

张晓峰 陈积中 黄叔仁 魏文斌

图书在版编目（CIP）数据

眼底病诊断与治疗/黄叔仁，张晓峰主编. —3版.

一北京：人民卫生出版社，2016

ISBN 978-7-117-22887-9

Ⅰ. ①眼… Ⅱ. ①黄…②张… Ⅲ. ①眼底疾病-诊疗Ⅳ. ①R773.4

中国版本图书馆 CIP 数据核字（2016）第 148654 号

人卫智网 www.ipmph.com 医学教育、学术、考试、健康，

购书智慧智能综合服务平台

人卫官网 www.pmph.com 人卫官方资讯发布平台

版权所有,侵权必究!

## 眼底病诊断与治疗 第3版

主 编：黄叔仁 张晓峰

出版发行：人民卫生出版社（中继线010-59780011）

地址：北京市朝阳区潘家园南里19号

邮编：100021

E - mail: pmph @ pmph.com

购书热线：010-5",本书为黄叔仁、张晓峰主编，2016年出版的眼底病临床专著，定位于眼科医师、眼底病专科医师及相关医学生，强调临床实用，围绕诊断与治疗展开，并融入有确切疗效的中药经验。全书从正常眼底解剖、生理及常见病变体征入手，系统介绍先天异常、视神经疾病、视网膜与脉络膜血管病、脉络膜视网膜炎症、眼底变性、视网膜与脉络膜脱离、全身疾病眼底表现、眼底肿瘤，以及外伤和中毒性眼底损害。重点涉及视网膜动静脉阻塞、糖尿病视网膜病变、高血压眼底改变、年龄相关性黄斑变性、息肉状脉络膜血管病变、视网膜色素变性、视网膜脱离、葡萄膜炎、视网膜母细胞瘤和脉络膜黑色素瘤等。检查与影像涵盖视力、视野、色觉、视觉电生理、检眼镜、裂隙灯、眼底照相、FFA、ICGA、红外摄像、自发荧光、超声、CT、MRI及频域OCT、EDI-OCT、OCT血管成像；治疗关键词包括激光光凝、光动力治疗、经瞳孔温热疗法、抗VEGF玻璃体腔注射及玻璃体视网膜显微手术。
236,眼底病鉴别诊断学-魏文斌 2012,normalized_exact,06-眼底病与视网膜内科,f900fe21-9deb-47e0-bf36-ce06022cae92,10000,4da7ae0f-2b5d-4733-9ce3-36f18df6dffd,眼底病鉴别诊断学-魏文斌 2012_weknora.mhtml,眼底病鉴别诊断学-魏文斌 2012_weknora.mhtml,completed,a6c1e838-3183-4286-9a34-0d4ecd7bc326,65986a8c-4cc5-4e90-875f-cb95244e705d,379,1105,783a40706a86eb560bbb3b637dc2aaf6d945c5a2ebddfcabe3903524909878c5,"《眼底病鉴别诊断学》是由魏文斌、陈积中主编、黄叔仁主审的眼底病学专著，2012年由人民卫生出版社出版。全书共17章144节，约100余万字，涵盖约220个病种，配有约1000幅图片，重点突出眼底病的鉴别诊断，并附有大量“眼底病误诊、误治原因分析与防范”病例，旨在总结经验、提高诊疗水平。

本书强调眼底是“机体橱窗”，其组织结构精细、功能复杂，诊断需借助OCT、荧光素眼底血管造影、视觉电生理等精密设备，因此误诊误治时有发生。第一章从医学认识论出发，论述疾病诊断的本质是抓住疾病的特征性表现，并介绍了“一元论”“概率”“排除法”“整体性”等诊断原则，强调正确诊断需具备全面诊察、现代知识资料库和科学思维路线三个要素。该书还界定了眼底和眼底病的概念，指出眼底包括视网膜、视盘、黄斑，眼底病涵盖视网膜、视盘、脉络膜及玻璃体疾病，并列举了眼底病的八大分类。

第二章介绍眼底病相关解剖与胚胎发育，详述玻璃体的结构、分区（皮质、中央玻璃体、中央管）、组成成分及其与周围组织的附着关系，为理解玻璃体后脱离等病变提供解剖基础。节选内容还涉及多个具体疾病的临床与鉴别诊断：病理性近视（包括漆裂纹、Fuchs斑、脉络膜新生血管、黄斑劈裂等眼底改变及并发症）、视神经脊髓炎（与多发性硬化的鉴别要点）、同型胱氨酸尿症（与Marfan综合征的鉴别）以及血栓闭塞性脉管炎，展示了本书理论与实践结合、注重鉴别诊断的特色。","# Summary
《眼底病鉴别诊断学》是由魏文斌、陈积中主编、黄叔仁主审的眼底病学专著，2012年由人民卫生出版社出版。全书共17章144节，约100余万字，涵盖约220个病种，配有约1000幅图片，重点突出眼底病的鉴别诊断，并附有大量“眼底病误诊、误治原因分析与防范”病例，旨在总结经验、提高诊疗水平。

本书强调眼底是“机体橱窗”，其组织结构精细、功能复杂，诊断需借助OCT、荧光素眼底血管造影、视觉电生理等精密设备，因此误诊误治时有发生。第一章从医学认识论出发，论述疾病诊断的本质是抓住疾病的特征性表现，并介绍了“一元论”“概率”“排除法”“整体性”等诊断原则，强调正确诊断需具备全面诊察、现代知识资料库和科学思维路线三个要素。该书还界定了眼底和眼底病的概念，指出眼底包括视网膜、视盘、黄斑，眼底病涵盖视网膜、视盘、脉络膜及玻璃体疾病，并列举了眼底病的八大分类。

第二章介绍眼底病相关解剖与胚胎发育，详述玻璃体的结构、分区（皮质、中央玻璃体、中央管）、组成成分及其与周围组织的附着关系，为理解玻璃体后脱离等病变提供解剖基础。节选内容还涉及多个具体疾病的临床与鉴别诊断：病理性近视（包括漆裂纹、Fuchs斑、脉络膜新生血管、黄斑劈裂等眼底改变及并发症）、视神经脊髓炎（与多发性硬化的鉴别要点）、同型胱氨酸尿症（与Marfan综合征的鉴别）以及血栓闭塞性脉管炎，展示了本书理论与实践结合、注重鉴别诊断的特色。",本书由魏文斌、陈积中主编，2012年出版，定位于眼底病临床鉴别诊断与误诊防范，适合基层及各级医院眼科医师、眼底病学医师和相关专业教学科研人员。全书分总论与各论：总论涵盖医学认识论、疾病诊断思维、眼底解剖胚胎、生理生化、正常眼底、常见症状与体征及相关检查；各论系统讨论先天异常、玻璃体病、视神经病、视网膜与脉络膜血管病、变性与营养障碍、脉络膜视网膜炎症、视网膜及脉络膜脱离、眼底肿瘤、全身疾病和中毒所致眼底改变、外伤性眼底改变，以及疑难眼底病误诊思辨和相关综合征。重点涉及视网膜动静脉阻塞、糖尿病视网膜病变、年龄相关性黄斑变性、视网膜色素变性、葡萄膜炎、视网膜脱离、白瞳症、眼内淋巴瘤等，并结合检眼镜、眼底照相、荧光素和吲哚青绿血管造影、OCT、超声、CT、MRI等影像检查，以及激光、药物和玻璃体视网膜手术等诊疗技术，收录大量误诊误治病例与约1000幅图片。
237,眼底荧光素血管造影学习精要-黄厚斌 2015,normalized_exact,06-眼底病与视网膜内科,f900fe21-9deb-47e0-bf36-ce06022cae92,10000,b1bc972c-3cc8-404f-b523-d5ac3beb60b9,眼底荧光素血管造影学习精要-黄厚斌 2015_weknora.mhtml,眼底荧光素血管造影学习精要-黄厚斌 2015_weknora.mhtml,completed,f6ecd8e2-e6fd-47b1-b0ec-4519638902e4,58971387-4c2c-4eec-9ac3-bc7642282ba6,335,957,0f3966ba86ae711d0fe978df80cd0b07ceeefe918fe148ce79aa5105f65ef77e,"# 眼底荧光素血管造影 学习精要

YANDI YINGGUANGSU XUEGUAN ZAOYING XUEXI JINGYAO

编 著 / 黄厚斌

# 眼底荧光素血管造影 学习精要

YANDI YINGGUANGSU XUEGUAN ZAOYING XUEXI JINGYAO

二策划编辑 梁紫岩

编辑邮箱 PMMP999@aliyun.com

二封面设计 吴朝洪

二销售分类 眼科学

定价：70.00元

眼科入门系列

# 眼底荧光素血管造影学习精要

# YANDI YINGGUANGSU XUEGUAN ZAOYING XUEXI JINGYAO

## 编 著 黄厚斌

北京

图书在版编目(CIP)数据

眼底荧光素血管造影学习精要/黄厚斌编著. —
北京：人民军医出版社，2015.11

ISBN 978-7-5091-8837-8

Ⅰ. ①眼… Ⅱ. ①黄… Ⅲ. ①眼底荧光摄影—血管造影—基本知识 Ⅳ. ①R770.41

中国版本图书馆 CIP 数据核字（2015）第 256026 号

策划编辑：梁紫岩 文字编辑：韩志 责任审读：王三荣

出版发","# Summary
# 眼底荧光素血管造影 学习精要

YANDI YINGGUANGSU XUEGUAN ZAOYING XUEXI JINGYAO

编 著 / 黄厚斌

# 眼底荧光素血管造影 学习精要

YANDI YINGGUANGSU XUEGUAN ZAOYING XUEXI JINGYAO

二策划编辑 梁紫岩

编辑邮箱 PMMP999@aliyun.com

二封面设计 吴朝洪

二销售分类 眼科学

定价：70.00元

眼科入门系列

# 眼底荧光素血管造影学习精要

# YANDI YINGGUANGSU XUEGUAN ZAOYING XUEXI JINGYAO

## 编 著 黄厚斌

北京

图书在版编目(CIP)数据

眼底荧光素血管造影学习精要/黄厚斌编著. —
北京：人民军医出版社，2015.11

ISBN 978-7-5091-8837-8

Ⅰ. ①眼… Ⅱ. ①黄… Ⅲ. ①眼底荧光摄影—血管造影—基本知识 Ⅳ. ①R770.41

中国版本图书馆 CIP 数据核字（2015）第 256026 号

策划编辑：梁紫岩 文字编辑：韩志 责任审读：王三荣

出版发",本书为黄厚斌编著、2015年出版的眼科入门教材，面向住院医师、主治医师、进修生、研究生及眼底病临床研究人员，重点帮助初学者掌握荧光素眼底血管造影（FFA）原理、操作与阅片。全书围绕三部分展开：荧光素及眼底照相机、生理屏障、造影准备与流程、不良反应和报告书写；视网膜、视盘、黄斑及脉络膜的正常荧光、循环时间和分期；异常荧光的系统判读，包括遮蔽荧光、充盈缺损、脉络膜皱褶、透见荧光、渗漏、组织着染、染料积存、自发及假荧光，以及血管纡曲、扩张、狭窄、视网膜内微血管异常、新生血管、血管瘤和肿瘤血管。书中结合大量病例图像，涉及视网膜中央动脉阻塞、Coats病、Stargardt病、脉络膜新生血管等，并联系彩色眼底照相、无赤光、红外、自发荧光、OCT及吲哚青绿造影进行鉴别分析。
238,眼底血管造影图谱-Heimann 2014,normalized_exact,06-眼底病与视网膜内科,f900fe21-9deb-47e0-bf36-ce06022cae92,10000,0693625e-b460-4d60-bd01-c77b45a6aa03,眼底血管造影图谱-Heimann 2014_weknora.mhtml,眼底血管造影图谱-Heimann 2014_weknora.mhtml,completed,1f0d4edf-f367-4609-b190-f7f07e32a4d6,eda29d0d-bc06-4557-bbdd-41e155e893b6,376,1114,62b8054f65f9e44416ddcb075c19c44aef5aa9867055cd7b16cec8a19340addd,"《眼底血管造影图谱》是由海因里希·海曼、乌尔里希·克尔纳和米夏埃尔·弗尔斯特原著、赵红姝主译、照日格图与魏文斌译审的医学专著，由人民军医出版社于2014年出版。全书共10章，系统讲述荧光眼底血管造影与吲哚青绿血管造影的检查方法、不良反应、常见疾病的典型造影表现、发病机制及治疗原则，以大量配有细致描述的造影图像架起造影解读与临床决策之间的桥梁。

原版序言回顾了荧光血管造影自20世纪60年代确立为现代眼科标准检查方法以来的发展历程，指出ETDRS研究提出“有临床意义的黄斑水肿”概念，CNV新疗法使三级医疗中心造影数量倍增，并讨论了OCT、眼底自发荧光等技术对比于荧光造影的优势与局限。

第一章详述检查方法。荧光素钠是最常用的造影染料，70%～80%与血浆蛋白结合，通过肾清除。检查前需做好急救准备、建立可靠静脉通路，配备相应激发与记录滤光器。操作时静脉推注5ml 10%荧光素钠，连续拍摄动脉期至动静脉期图像，并在5、10、15分钟拍摄晚期像。图像判读具有主观性，应结合病史、彩色照片和既往造影结果综合诊断。作者强调避免不必要的血管造影，并列举了常被过度检查的疾病，如单纯临床诊断的年龄相关性黄斑病变、糖尿病视网膜病变常规检查等。正常造影中，染料依次充盈脉络膜与视网膜血管，RPE作为屏障阻止荧光素渗漏；异常表现分为高荧光与低荧光，前者见于窗样缺损、新生血管、屏障功能损害，后者源于遮蔽或灌注减少。

后续章节涉及多种眼底疾病。脉络膜痣多无需治疗，但需与小的葡萄膜黑色素瘤鉴别，肿瘤宽度＞2.0mm、邻近视盘、出现橙色色素、视网膜下液或复杂微循环为生长危险因素。脉络膜黑色素瘤是最常见的眼内原发性恶性肿瘤，白种人发病率7～8/1000 000，5年病死率10%～50%，造影中典型表现为“双循环”、早期低荧光及晚期高荧光。视盘水肿由颅内压高于眼压引起，多为双侧，造影显示扩张的视盘毛细血管过早渗漏，晚期弥漫高荧光。视盘旁视网膜和视网膜色素上皮联合错构瘤为罕见良性病变，特征为早期遮蔽、中期微血管瘤与扩张毛细血管网、晚期明显渗漏。视盘周围脉络膜新生血管可源于多种病因，造影显示早期中等量渗漏、晚期边界不清的高荧光，治疗可考虑激光光凝、视网膜下手术或光动力疗法。","# Summary
《眼底血管造影图谱》是由海因里希·海曼、乌尔里希·克尔纳和米夏埃尔·弗尔斯特原著、赵红姝主译、照日格图与魏文斌译审的医学专著，由人民军医出版社于2014年出版。全书共10章，系统讲述荧光眼底血管造影与吲哚青绿血管造影的检查方法、不良反应、常见疾病的典型造影表现、发病机制及治疗原则，以大量配有细致描述的造影图像架起造影解读与临床决策之间的桥梁。

原版序言回顾了荧光血管造影自20世纪60年代确立为现代眼科标准检查方法以来的发展历程，指出ETDRS研究提出“有临床意义的黄斑水肿”概念，CNV新疗法使三级医疗中心造影数量倍增，并讨论了OCT、眼底自发荧光等技术对比于荧光造影的优势与局限。

第一章详述检查方法。荧光素钠是最常用的造影染料，70%～80%与血浆蛋白结合，通过肾清除。检查前需做好急救准备、建立可靠静脉通路，配备相应激发与记录滤光器。操作时静脉推注5ml 10%荧光素钠，连续拍摄动脉期至动静脉期图像，并在5、10、15分钟拍摄晚期像。图像判读具有主观性，应结合病史、彩色照片和既往造影结果综合诊断。作者强调避免不必要的血管造影，并列举了常被过度检查的疾病，如单纯临床诊断的年龄相关性黄斑病变、糖尿病视网膜病变常规检查等。正常造影中，染料依次充盈脉络膜与视网膜血管，RPE作为屏障阻止荧光素渗漏；异常表现分为高荧光与低荧光，前者见于窗样缺损、新生血管、屏障功能损害，后者源于遮蔽或灌注减少。

后续章节涉及多种眼底疾病。脉络膜痣多无需治疗，但需与小的葡萄膜黑色素瘤鉴别，肿瘤宽度＞2.0mm、邻近视盘、出现橙色色素、视网膜下液或复杂微循环为生长危险因素。脉络膜黑色素瘤是最常见的眼内原发性恶性肿瘤，白种人发病率7～8/1000 000，5年病死率10%～50%，造影中典型表现为“双循环”、早期低荧光及晚期高荧光。视盘水肿由颅内压高于眼压引起，多为双侧，造影显示扩张的视盘毛细血管过早渗漏，晚期弥漫高荧光。视盘旁视网膜和视网膜色素上皮联合错构瘤为罕见良性病变，特征为早期遮蔽、中期微血管瘤与扩张毛细血管网、晚期明显渗漏。视盘周围脉络膜新生血管可源于多种病因，造影显示早期中等量渗漏、晚期边界不清的高荧光，治疗可考虑激光光凝、视网膜下手术或光动力疗法。",本书出版于2014年，是眼科医师，尤其是眼底病初学者及中高级临床医师使用的眼底影像与临床决策指南，旨在连接血管造影判读、疾病机制、治疗依据和随访。全书先介绍荧光素眼底血管造影、吲哚青绿血管造影、眼底自发荧光、立体血管造影及眼底成像方法比较，涵盖染料、设备、操作流程、图像判读、禁忌证和不良反应，并比较眼底照相、红外反射、广角成像、OCT、视网膜厚度分析、激光扫描检眼镜、超声及视网膜血管分析等技术。随后围绕年龄相关性黄斑变性及脉络膜新生血管、遗传性和中毒性视网膜病变、眼内肿瘤、糖尿病视网膜病变、其他视网膜血管疾病、黄斑及中央视网膜疾病、炎性和自身免疫性疾病、视神经乳头疾病，系统展示典型造影表现、发病机制、鉴别要点及治疗启示，涉及糖尿病黄斑水肿、视网膜静脉阻塞、色素上皮脱离、黄斑水肿、中心性浆液性脉络膜视网膜病变、视网膜色素变性、视网膜母细胞瘤等。
239,眼整形外科学-范先群 2009,normalized_exact,11-整形与泪道,bdde98f8-4f6b-4b3f-89a4-3cee7f5133b4,10000,39fa1304-83cd-4a26-b725-b778d10b1a2e,眼整形外科学-范先群 2009_weknora.mhtml,眼整形外科学-范先群 2009_weknora.mhtml,completed,,,400,1192,48b05d86e39a0e4a4c64c35795515cc03b70533563df6fe6ccce6be3f1921896,,,本书出版于2009年，是眼科与整形外科交叉领域的系统专著，适用于眼科、整形外科、美容外科及颌面外科医师学习参考。全书八篇：基础篇涵盖眼整形原则、切口剥离、止血缝合、组织移植、生物材料、组织工程、内窥镜、激光、术前检查、医学摄影与麻醉；眼睑篇讨论上睑下垂、内外翻、退缩、松弛症、眼睑痉挛、肿瘤、缺损、先天畸形及外伤修复；眼部美容篇涉及双重睑、上下睑成形、眼袋、眉及面中部提升、肉毒毒素、透明质酸和射频美容；眦角篇涵盖内眦赘皮及先天、外伤性内外眦畸形；泪器篇涉及泪道检查、先天异常、鼻泪管阻塞、泪液引流障碍、泪腺炎症、泪器肿瘤及外伤性损伤；结膜篇讨论翼状胬肉、变性、肿瘤、松弛症、睑球粘连和化学伤；眼窝篇包括无眼球、小眼球、眼球萎缩、眼窝凹陷与狭窄、眶内植入物及义眼；眼眶篇重点介绍临床检查、影像学、手术入路、炎症、囊肿、肿瘤、甲状腺相关眼病、视神经鞘减压、眼眶骨折及计算机辅助手术、放射性畸形和赝复体。
240,眼整形手术彩色图谱-David T Tse 2015,normalized_exact,11-整形与泪道,bdde98f8-4f6b-4b3f-89a4-3cee7f5133b4,10000,b551bea9-e801-47f5-9d36-8548d408f5aa,眼整形手术彩色图谱-David T Tse 2015_weknora.mhtml,眼整形手术彩色图谱-David T Tse 2015_weknora.mhtml,completed,4d842801-c4e2-4f9f-bb18-6d522f75521d,893c1d71-4347-44be-926a-499efec74dd8,391,1141,312284114924cb84f0c202be76450a1d88d1f48b1a0c185966d23df10a906c5a,"Color Atlas of Oculoplastic Surgery

# 眼整形手术 彩色图谱

原著 David T. Tse

主译秦伟 阴正勤

第2版

# 眼整形手术彩色图谱

## 第2版

原著 David T. Tse

主 译 秦 伟 阴正勤

## 图书在版编目（CIP）数据

眼整形手术彩色图谱 / （美）彻（Tse，D.T.）原著；秦伟，阴正勤译.

–2 版. – 北京：人民军医出版社，2015.1

ISBN 978-7-5091-8147-8

Ⅰ．①眼… Ⅱ．①彻… ②秦… ③阴… Ⅲ．①眼外科手术－整形外科学－图谱
Ⅳ．①R779.6-64

中国版本图书馆 CIP 数据核字（2014）第 309706 号

本书提供了药物的适应证、副作用和剂量疗程，可能根据实际情况进行调整。读者须阅读药品包括盒内的使用说明书，并遵照医嘱使用。本书的作者、编辑、出版者或发行者对因使用本书信息所造成的错误、疏忽或任何后果不承担责任，对出版物的内容不做明示的或隐含的保证。作者、编辑、出版者或发行者对由本书引起的任何人身伤害或财产损害不承担任何责任。

## 内容提要
","# Summary
Color Atlas of Oculoplastic Surgery

# 眼整形手术 彩色图谱

原著 David T. Tse

主译秦伟 阴正勤

第2版

# 眼整形手术彩色图谱

## 第2版

原著 David T. Tse

主 译 秦 伟 阴正勤

## 图书在版编目（CIP）数据

眼整形手术彩色图谱 / （美）彻（Tse，D.T.）原著；秦伟，阴正勤译.

–2 版. – 北京：人民军医出版社，2015.1

ISBN 978-7-5091-8147-8

Ⅰ．①眼… Ⅱ．①彻… ②秦… ③阴… Ⅲ．①眼外科手术－整形外科学－图谱
Ⅳ．①R779.6-64

中国版本图书馆 CIP 数据核字（2014）第 309706 号

本书提供了药物的适应证、副作用和剂量疗程，可能根据实际情况进行调整。读者须阅读药品包括盒内的使用说明书，并遵照医嘱使用。本书的作者、编辑、出版者或发行者对因使用本书信息所造成的错误、疏忽或任何后果不承担责任，对出版物的内容不做明示的或隐含的保证。作者、编辑、出版者或发行者对由本书引起的任何人身伤害或财产损害不承担任何责任。

## 内容提要
",本书为David T. Tse主编、2015年出版的眼整形外科彩色手术图谱，面向眼科及整形科医师，侧重手术解剖、适应证、操作要点与并发症防治。全书涵盖总论、外伤、眼睑和眉外科、泪道系统外科、眼眶及眶周外科五大部分，内容涉及眼睑裂伤、眼眶爆裂性骨折、睑内翻与睑外翻、外眦韧带固定、上睑下垂、上下睑成形、亚洲人眼睑成形、眉成形及内镜提眉提额；还包括甲状腺相关眼病眼睑退缩、睑缘缝合、金块及弹簧植入、莫氏显微外科和眼睑重建。泪道部分涉及泪小点成形、鼻泪管探通插管、经鼻内镜或结膜入路泪囊鼻腔吻合。眼眶部分涵盖眼球摘除与义眼台植入、眼内容物及眶内容物剜除、眶窝重建、开眶、眼眶减压、视神经鞘开窗和颞动脉活检，并介绍特发性眼睑痉挛肌切除、化学及激光皮肤表层重建、肉毒杆菌毒素与组织填充剂美容应用。书中强调眼睑、眼眶解剖，临床评估，影像学和病理学辅助，以及微创、内镜、激光和新型眶内材料等技术。
241,眼的光学成像原理-徐庆 2012,normalized_exact,04-屈光与视光：近视、接触镜与低视力,c73385b9-c154-4103-a93e-2d4c31f2423a,10000,fc534190-6911-436d-8769-1b65ed962b4b,眼的光学成像原理-徐庆 2012_weknora.mhtml,眼的光学成像原理-徐庆 2012_weknora.mhtml,completed,211c8a3e-4129-40dc-bb07-d96b6dad3547,68313990-e64b-4f8b-b780-c35fe940cbea,387,1125,3f98186b32bcc8295d1731d99ec5861f4dbee977347509e565fa5d33b5f6ddf5,"《眼的光学成像原理》由徐庆编著，上海科技教育出版社2012年出版，是一部系统阐述人眼光学成像原理的眼科学著作。内容提要指出，全书共十章，涵盖眼屈光系统的组成与光学特征、光线与眼组织的相互作用、眼的光学成像过程、视网膜像的质量与评价方法、影响成像质量的因素、屈光不正的测量与矫正、眼的年龄相关性光学变化，并介绍模型眼发展历史、常用模型、光学成像理论与像差理论。

前言强调眼是人类最重要的感觉器官，约90%的外界信息经眼接收，但以往研究多集中于生理与病理过程，对眼最基本的光学成像功能关注不足；本书以屈光系统为对象，比较模型眼与真实眼中的研究成果，探讨眼的光学结构与成像原理。

正文第一章概述眼光学系统。眼球壁由外层角膜与巩膜、中层葡萄膜、内层视网膜构成。视网膜含视杆细胞和视锥细胞：视杆细胞约1.1亿至1.5亿个，在距中央凹约20°处密度最大；视锥细胞约630万至680万个，密集于中央凹中心，负责高光线水平下的高分辨视觉。眼内容物包括房水、晶状体和玻璃体，与角膜共同构成屈光系统；晶状体通过形状变化实现调节。眼的基本光学特征包括焦点、主点、结点等基点，等效屈光力约60D，以及光轴、视轴、转动中心等概念，瞳孔作为孔径光阑控制进入眼内的光束。视觉表现部分讨论了中心视力、视野、双眼视觉，以及视觉分辨力极限理论（光感受器理论和光的波动理论），并列举影响视力的因素如衍射、对比敏感度、最小可分性、游标视力等。

第五章内容涉及屈光不正的测量，将测量技术分为主观、主客观联合和客观三类，介绍常规主观验光技术、简易验光仪和Badal验光仪的原理及光学方程，指出理想验光仪应满足测量值与标靶位移线性相关、标靶外观大小独立、测量范围适当、眼净空足够等要求；同时给出角膜、房水、晶状体、折射面曲率半径及眼轴距离等参数变化对屈光不正影响的数值表。

第十章涉及视网膜像质量计算，介绍了振幅点扩散函数、瞳孔函数和波像差函数的数学表达，以及散焦、纵向色差和横向色差在波像差中的表示方法，多色光源通过波长加权叠加各单色点扩散函数得到；光学传递函数可由瞳孔函数与其复共轭的自相关积分求得，并提供了几种结果验算方法。","# Summary
《眼的光学成像原理》由徐庆编著，上海科技教育出版社2012年出版，是一部系统阐述人眼光学成像原理的眼科学著作。内容提要指出，全书共十章，涵盖眼屈光系统的组成与光学特征、光线与眼组织的相互作用、眼的光学成像过程、视网膜像的质量与评价方法、影响成像质量的因素、屈光不正的测量与矫正、眼的年龄相关性光学变化，并介绍模型眼发展历史、常用模型、光学成像理论与像差理论。

前言强调眼是人类最重要的感觉器官，约90%的外界信息经眼接收，但以往研究多集中于生理与病理过程，对眼最基本的光学成像功能关注不足；本书以屈光系统为对象，比较模型眼与真实眼中的研究成果，探讨眼的光学结构与成像原理。

正文第一章概述眼光学系统。眼球壁由外层角膜与巩膜、中层葡萄膜、内层视网膜构成。视网膜含视杆细胞和视锥细胞：视杆细胞约1.1亿至1.5亿个，在距中央凹约20°处密度最大；视锥细胞约630万至680万个，密集于中央凹中心，负责高光线水平下的高分辨视觉。眼内容物包括房水、晶状体和玻璃体，与角膜共同构成屈光系统；晶状体通过形状变化实现调节。眼的基本光学特征包括焦点、主点、结点等基点，等效屈光力约60D，以及光轴、视轴、转动中心等概念，瞳孔作为孔径光阑控制进入眼内的光束。视觉表现部分讨论了中心视力、视野、双眼视觉，以及视觉分辨力极限理论（光感受器理论和光的波动理论），并列举影响视力的因素如衍射、对比敏感度、最小可分性、游标视力等。

第五章内容涉及屈光不正的测量，将测量技术分为主观、主客观联合和客观三类，介绍常规主观验光技术、简易验光仪和Badal验光仪的原理及光学方程，指出理想验光仪应满足测量值与标靶位移线性相关、标靶外观大小独立、测量范围适当、眼净空足够等要求；同时给出角膜、房水、晶状体、折射面曲率半径及眼轴距离等参数变化对屈光不正影响的数值表。

第十章涉及视网膜像质量计算，介绍了振幅点扩散函数、瞳孔函数和波像差函数的数学表达，以及散焦、纵向色差和横向色差在波像差中的表示方法，多色光源通过波长加权叠加各单色点扩散函数得到；光学传递函数可由瞳孔函数与其复共轭的自相关积分求得，并提供了几种结果验算方法。",本书是徐庆编著、2012年出版的眼科学与视光学基础专著，适合医学院校学生，尤其是视光学专业学生、眼科医生及视光从业人员，也可供相关研究者参考。全书围绕眼屈光系统及其成像功能展开：先介绍角膜、巩膜、虹膜、晶状体、玻璃体、视网膜、瞳孔、眼轴线、景深等结构与基本光学特征；继而讨论光线进入眼内后的传播、反射、散射及与眼底组织的相互作用，说明近轴对焦像、散焦像和视网膜像形成。随后以点扩散函数、线扩散函数、光学传递函数评价成像质量，分析近视、远视、散光等屈光异常的测量、透镜矫正及准分子激光屈光手术背景；系统讲解单色像差、色差、模型眼及其参数、年龄相关的角膜和晶状体变化、调节、老视、瞳孔与像差变化，并简介波像差、Seidel像差及由像差计算点扩散函数和光学传递函数的方法。涉及弱视、斜视、震颤眼、偏心固视、角膜曲率计、角膜地形图、瞳孔计、晶状体屈光计、Purkinje像等关键词。
242,眼眶病学-宋国祥 2010,normalized_exact,12-眼眶与眼肿瘤,e785de98-5837-4eea-89a8-6a46cacb5173,10000,ee64ce6e-cd9b-42d3-8650-e603c615acaf,眼眶病学-宋国祥 2010_weknora.mhtml,眼眶病学-宋国祥 2010_weknora.mhtml,completed,eaf7ae2b-254a-499b-adc2-d2e7850be393,ceb8bad7-f9ce-4a24-9ae2-d3677e133e46,310,906,7c49fa9dddba1f31fe96d5cb43a95dce64134aa61361f331d47af7386f22498f,"《眼眶病学》由宋国祥主编，系第2版专著，全书70余万字、图片1000余幅，系统介绍眼眶的正常解剖、影像技术检查、各类眼眶疾病与外伤的病理改变、临床表现、诊断方法、治疗预后及手术操作，是眼科及相关专业医师和研究生的参考书。

第一章概论部分详细阐述眼眶解剖和生理。眼眶是由7块颅骨构成的左右对称骨腔，分骨壁和眶内容；骨壁分内、上、外、下四壁，各壁与鼻窦、颅脑关系密切。文中给出眼眶测量数据及骨壁标志间距，强调其对诊断和手术的指导意义。眼外肌包括四直肌和两斜肌，另有提上睑肌、平滑肌、骨膜、筋膜及四个眶内间隙（中央间隙、周围间隙、骨膜下间隙、巩膜表面间隙），并介绍脂肪体和泪腺结构。这些解剖基础与爆裂性骨折、甲状腺相关眼病、肿瘤蔓延及手术入路选择密切相关。

第九章介绍骨、软骨肿瘤及类肿瘤。骨瘤为较常见的良性骨源性肿瘤，多原发于鼻窦并蔓延至眶内，分象牙性、成熟性和纤维性三种病理类型；症状取决于部位，影像学包括X线、超声和CT，治疗依肿瘤大小和症状决定，多数预后良好。骨母细胞瘤极罕见，分良性和侵袭性，由骨母细胞、骨组织和富含血管的纤维间质构成，常需与骨化纤维瘤等鉴别。

文档还涉及眼内肿瘤眼眶蔓延，如视网膜母细胞瘤和脉络膜恶性黑色素瘤的诊断与眶内容摘除术；组织细胞增生病、眼眶转移癌的临床表现和影像特征；眼眶穿刺及肿瘤活检的适应证与操作要点；儿童眶肿瘤手术的特殊性；以及眼眶手术近期并发症（视力丧失、眶压增高、出血、感染、角膜损伤）的处理原则。整体内容强调多学科知识在眼眶病诊断和治疗中的重要性。","# Summary
《眼眶病学》由宋国祥主编，系第2版专著，全书70余万字、图片1000余幅，系统介绍眼眶的正常解剖、影像技术检查、各类眼眶疾病与外伤的病理改变、临床表现、诊断方法、治疗预后及手术操作，是眼科及相关专业医师和研究生的参考书。

第一章概论部分详细阐述眼眶解剖和生理。眼眶是由7块颅骨构成的左右对称骨腔，分骨壁和眶内容；骨壁分内、上、外、下四壁，各壁与鼻窦、颅脑关系密切。文中给出眼眶测量数据及骨壁标志间距，强调其对诊断和手术的指导意义。眼外肌包括四直肌和两斜肌，另有提上睑肌、平滑肌、骨膜、筋膜及四个眶内间隙（中央间隙、周围间隙、骨膜下间隙、巩膜表面间隙），并介绍脂肪体和泪腺结构。这些解剖基础与爆裂性骨折、甲状腺相关眼病、肿瘤蔓延及手术入路选择密切相关。

第九章介绍骨、软骨肿瘤及类肿瘤。骨瘤为较常见的良性骨源性肿瘤，多原发于鼻窦并蔓延至眶内，分象牙性、成熟性和纤维性三种病理类型；症状取决于部位，影像学包括X线、超声和CT，治疗依肿瘤大小和症状决定，多数预后良好。骨母细胞瘤极罕见，分良性和侵袭性，由骨母细胞、骨组织和富含血管的纤维间质构成，常需与骨化纤维瘤等鉴别。

文档还涉及眼内肿瘤眼眶蔓延，如视网膜母细胞瘤和脉络膜恶性黑色素瘤的诊断与眶内容摘除术；组织细胞增生病、眼眶转移癌的临床表现和影像特征；眼眶穿刺及肿瘤活检的适应证与操作要点；儿童眶肿瘤手术的特殊性；以及眼眶手术近期并发症（视力丧失、眶压增高、出血、感染、角膜损伤）的处理原则。整体内容强调多学科知识在眼眶病诊断和治疗中的重要性。",宋国祥主编，2010年出版。本书是面向眼科医师、耳鼻咽喉科及颌面外科、神经内外科相关医师和研究生的眼眶病学专著。内容从眼眶解剖生理、发病率、眼球突出等位置异常、临床与病理诊断、分子诊断及超声、X线、CT、MRI、放射核素等影像检查入手，系统讨论先天性异常、细菌/真菌/寄生虫感染、非感染性炎症、囊肿、血管淋巴管病变及血管畸形，并涵盖肌源性、纤维脂肪组织、骨软骨、淋巴造血、组织细胞、神经源、泪器肿瘤，以及继发性、转移性肿瘤和甲状腺相关眼病。另设眼眶外伤专题，涉及爆裂性骨折、眶内异物、视神经损伤及眶尖、眶上裂综合征；治疗部分涵盖药物、放射、介入和手术，详述开眶入路、眶减压、骨折修复、肿瘤切除、穿刺活检及术后并发症处理。
243,眼眶病磁共振诊断图谱-王宏 2006,normalized_exact,12-眼眶与眼肿瘤,e785de98-5837-4eea-89a8-6a46cacb5173,10000,2872ed0d-d2f1-4eba-a6ea-d958f8fd17d6,眼眶病磁共振诊断图谱-王宏 2006_weknora.mhtml,眼眶病磁共振诊断图谱-王宏 2006_weknora.mhtml,completed,bbdb1f58-9bd8-4029-a943-51f827f6cfb7,f0a17891-cff6-4b07-b1bc-91355d6b8012,350,984,75b545ee8b0feaae213da8a7142b74c78d0769b2b19ed7c717619d2d9d9dacaf,"《眼眶病磁共振（MRI）诊断图谱》由王宏、王发强、郑静昆主编，2006年由军事医学科学出版社出版。全书收录1300余幅眼眶病变图像，其中包括24幅彩色患者病变图像，资料均经病理证实，旨在为临床医师、眼科及手术医师提供诊断、鉴别诊断、教学和术前参考。

全书首先系统介绍眼眶的骨骼、软组织及MRI解剖。内容涉及眶骨结构、眶脂肪、眼外肌、眼球、视神经、三叉神经、眼动脉及眶内静脉等，并通过横轴位、矢状位和冠状位图像说明各解剖结构的MRI表现。书中指出，MRI具有无骨伪影、软组织分辨率高、组织特性显示清晰及可多方位成像等优势，能够观察液性病变与实性肿瘤的性质、视神经及视交叉病变，以及病灶边缘、内部结构和邻近组织受累范围。

疾病部分以病例图谱为主要形式，介绍眼肌病变、甲状腺相关性眼病及多种眼眶肿瘤。甲状腺相关性眼病是一种常见的自身免疫性突眼病，主要累及眼外肌和上睑提肌，MRI表现为肌腹梭形增厚而肌腱通常不增厚，并可伴有不同程度的信号改变和强化。肿瘤病例包括视神经脑膜瘤、脑膜瘤、转移瘤、腺样囊腺癌和副神经节细胞瘤等，分别展示病灶的位置、信号特点、强化方式、骨质破坏、视神经受压及邻近结构侵犯情况，并结合影像诊断与病理诊断进行对照。","# Summary
《眼眶病磁共振（MRI）诊断图谱》由王宏、王发强、郑静昆主编，2006年由军事医学科学出版社出版。全书收录1300余幅眼眶病变图像，其中包括24幅彩色患者病变图像，资料均经病理证实，旨在为临床医师、眼科及手术医师提供诊断、鉴别诊断、教学和术前参考。

全书首先系统介绍眼眶的骨骼、软组织及MRI解剖。内容涉及眶骨结构、眶脂肪、眼外肌、眼球、视神经、三叉神经、眼动脉及眶内静脉等，并通过横轴位、矢状位和冠状位图像说明各解剖结构的MRI表现。书中指出，MRI具有无骨伪影、软组织分辨率高、组织特性显示清晰及可多方位成像等优势，能够观察液性病变与实性肿瘤的性质、视神经及视交叉病变，以及病灶边缘、内部结构和邻近组织受累范围。

疾病部分以病例图谱为主要形式，介绍眼肌病变、甲状腺相关性眼病及多种眼眶肿瘤。甲状腺相关性眼病是一种常见的自身免疫性突眼病，主要累及眼外肌和上睑提肌，MRI表现为肌腹梭形增厚而肌腱通常不增厚，并可伴有不同程度的信号改变和强化。肿瘤病例包括视神经脑膜瘤、脑膜瘤、转移瘤、腺样囊腺癌和副神经节细胞瘤等，分别展示病灶的位置、信号特点、强化方式、骨质破坏、视神经受压及邻近结构侵犯情况，并结合影像诊断与病理诊断进行对照。",2006年军事医学出版。本书是面向影像科、眼科临床医师及手术医师的眼眶疾病MRI诊断与教学图谱，收录1300余幅图像，资料均经病理证实，并提供术前诊断参考。全书先讲述眼眶骨骼、软组织及正常MRI解剖，继而围绕眼肌、血管、神经末梢、视神经及视神经鞘、泪腺、眼眶炎症、囊性病变、眼球壁和其他肿瘤展开，涵盖甲状腺相关性眼病、眼肌炎、横纹肌肉瘤、海绵状血管瘤、淋巴管瘤、动静脉畸形与瘘、神经鞘瘤、神经纤维瘤、视神经胶质瘤、脑膜瘤、泪腺良恶性肿瘤、寄生虫炎症、炎性假瘤、皮样及表皮样囊肿、角膜炎、脉络膜黑色素瘤、视网膜母细胞瘤、眼睑恶性肿瘤、上颌窦癌及眶内转移瘤等。内容结合病例、临床表现、病理改变、影像表现、影像诊断与病理诊断，重点涉及T1WI、T2WI、STIR、脂肪抑制、Gd-DTPA增强及多方位扫描。
244,眼科CT与MRI学习精要-唐伟强 2015,normalized_exact,16-检查：CT 与 MRI,c9231d63-fc70-4995-be25-876189e90f6d,10000,47cbdcfb-8c88-434d-a47a-9450eb04476b,眼科CT与MRI学习精要-唐伟强 2015_weknora.mhtml,眼科CT与MRI学习精要-唐伟强 2015_weknora.mhtml,completed,8fb221a4-fec9-44ce-ac75-1b4713066e33,898d3c7d-d4b3-4b47-b292-1f6214c533d4,335,953,777e89575d8dd68c87cdbf29b9d2ac758b7c10dbba8083fccb15a18150a07bc1,"# 眼科CT与MRI 学习精要

YANKE CT YU MRI

XUEXI JINGYAO

主编 / 唐维强

# 眼科CT与MRI 学习精要

YANKE CT YU MRI

XUEXI JINGYAO

二策划编辑 梁紫岩

编辑邮箱 PMMP999@aliyun.com

二封面设计 吴朝洪

二销售分类 眼科学

9787509184776>

定价：29.00元

YANKE CT YU MRI XUEXI JING YAO

# 眼科CT与MRI学习精要 ——眼科入门系列

主 编 唐维强

北京

## 图书在版编目(CIP)数据

眼科CT与MRI学习精要：眼科入门系列/唐维强主编.

—北京：人民军医出版社，2015.7

ISBN 978-7-5091-8477-6

Ⅰ. ①眼… Ⅱ. ①唐… Ⅲ. ①眼病—常见病—计算机 X 线扫描体层摄影—基本知识
②眼病—常见病—核磁共振成像—基本知识 Ⅳ. ①R816.97 ②R770.4

中国版本图书馆 CIP 数据核字（2015）第 128499 号

策划编辑：梁紫岩

文字编辑：吴昌远 杨芳

责任审读：","# Summary
# 眼科CT与MRI 学习精要

YANKE CT YU MRI

XUEXI JINGYAO

主编 / 唐维强

# 眼科CT与MRI 学习精要

YANKE CT YU MRI

XUEXI JINGYAO

二策划编辑 梁紫岩

编辑邮箱 PMMP999@aliyun.com

二封面设计 吴朝洪

二销售分类 眼科学

9787509184776>

定价：29.00元

YANKE CT YU MRI XUEXI JING YAO

# 眼科CT与MRI学习精要 ——眼科入门系列

主 编 唐维强

北京

## 图书在版编目(CIP)数据

眼科CT与MRI学习精要：眼科入门系列/唐维强主编.

—北京：人民军医出版社，2015.7

ISBN 978-7-5091-8477-6

Ⅰ. ①眼… Ⅱ. ①唐… Ⅲ. ①眼病—常见病—计算机 X 线扫描体层摄影—基本知识
②眼病—常见病—核磁共振成像—基本知识 Ⅳ. ①R816.97 ②R770.4

中国版本图书馆 CIP 数据核字（2015）第 128499 号

策划编辑：梁紫岩

文字编辑：吴昌远 杨芳

责任审读：",本书出版于2015年，是面向各级眼科医师的眼科影像学入门学习资料，也适合放射科、耳鼻咽喉科、神经外科医师及研究生、进修生参考。全书以眼部解剖结构和临床典型病例为主线，先介绍CT、MRI成像原理、影像比较、CT值、窗宽窗位、检查申请及MRI信号特征，再讲解正常眼部结构影像，继而涵盖眶骨病变、眼外肌与眶脂肪、泪腺和泪道、眼眶囊肿气肿血肿、神经及血管源性肿瘤、眼睑和眼球、视神经及眶尖病变。重点关键词包括眶壁及爆裂性骨折、三维重建CT、骨纤维异常增生症、甲状腺相关眼病、眼眶减压术、炎性假瘤、蜂窝织炎、泪腺肿瘤、MALT淋巴瘤、皮样囊肿、海绵状血管瘤、视网膜母细胞瘤、视神经炎、胶质瘤、鞘脑膜瘤、眶尖综合征及颈动脉海绵窦瘘，突出CT/MRI读片规律、鉴别诊断和手术方案制定。
245,眼科临床解剖学-刘祖国 2009,normalized_exact,01-眼科综合：基础与全身病,09c593aa-1a64-48de-af81-fc4d30d551b4,10000,deccec2d-25df-47c9-8e8b-4f2a5b7cf3c2,眼科临床解剖学-刘祖国 2009_weknora.mhtml,眼科临床解剖学-刘祖国 2009_weknora.mhtml,completed,f52ecc15-98a6-4833-94d8-7c425f025d96,4f7c8803-092e-409c-8291-5707ed516313,311,917,2872a69804a24819174f99a924f84a5659c34fb929454911a8cb47d98dc0b5bd,"《眼科临床解剖学》是""钟世镇现代临床解剖学全集""的一个分册，由刘祖国、颜建华主编，山东科学技术出版社出版。全书以临床应用为导向，旨在为临床医生、研究生和教师提供一本实用、简练的眼科临床解剖学专著，强调从临床医师的角度用临床思维审视解剖学内容，在解剖学与临床疾病的结合点上展开论述。

全书共分八章，系统介绍了眼的胚胎发育、眼球解剖、眼附属器解剖、眼表结构与临床、眼眶及其毗邻解剖关系、眼部血液循环和神经分布等内容。在眼的胚胎发育部分，详细阐述了视泡、视杯和胚裂的形成过程及其发育异常，包括先天性无眼球或小眼球、先天性囊性眼、眼组织缺损及牵牛花综合征等，并指出视网膜脱离实质是视网膜神经上皮层与色素上皮层之间的分离。

在眼球内容物部分，重点介绍了房水、晶状体和玻璃体。房水由睫状体无色素上皮分泌，经瞳孔流入前房，再通过小梁网及Schlemm管排出，其生成与排出的动态平衡维持正常眼内压（10～21 mmHg）；睫状体、虹膜炎症可破坏血—房水屏障。晶状体由囊膜、上皮、晶状体细胞及悬韧带构成，囊膜各部位厚度不一，白内障手术涉及前后囊膜的处理，术后晶状体上皮细胞残留迁移可致后囊膜混浊。

在眼眶解剖部分，阐述了额窦、上颌窦、筛窦和蝶窦与眼眶的毗邻关系及其临床意义，如筛窦纸样板极薄，炎症或囊肿易侵犯眼眶；蝶窦上方毗邻视神经，蝶窦炎可波及视神经引起球后视神经炎。此外还分析了眼眶与口腔的解剖关系，包括眶下裂与翼腭窝的通道、颞窝与眼眶的肿瘤相互侵犯、颧弓与下颌关节联合损伤以及上颌骨牙源性感染波及眼眶的途径，并强调多专科协作处理相关骨折的必要性。","# Summary
《眼科临床解剖学》是""钟世镇现代临床解剖学全集""的一个分册，由刘祖国、颜建华主编，山东科学技术出版社出版。全书以临床应用为导向，旨在为临床医生、研究生和教师提供一本实用、简练的眼科临床解剖学专著，强调从临床医师的角度用临床思维审视解剖学内容，在解剖学与临床疾病的结合点上展开论述。

全书共分八章，系统介绍了眼的胚胎发育、眼球解剖、眼附属器解剖、眼表结构与临床、眼眶及其毗邻解剖关系、眼部血液循环和神经分布等内容。在眼的胚胎发育部分，详细阐述了视泡、视杯和胚裂的形成过程及其发育异常，包括先天性无眼球或小眼球、先天性囊性眼、眼组织缺损及牵牛花综合征等，并指出视网膜脱离实质是视网膜神经上皮层与色素上皮层之间的分离。

在眼球内容物部分，重点介绍了房水、晶状体和玻璃体。房水由睫状体无色素上皮分泌，经瞳孔流入前房，再通过小梁网及Schlemm管排出，其生成与排出的动态平衡维持正常眼内压（10～21 mmHg）；睫状体、虹膜炎症可破坏血—房水屏障。晶状体由囊膜、上皮、晶状体细胞及悬韧带构成，囊膜各部位厚度不一，白内障手术涉及前后囊膜的处理，术后晶状体上皮细胞残留迁移可致后囊膜混浊。

在眼眶解剖部分，阐述了额窦、上颌窦、筛窦和蝶窦与眼眶的毗邻关系及其临床意义，如筛窦纸样板极薄，炎症或囊肿易侵犯眼眶；蝶窦上方毗邻视神经，蝶窦炎可波及视神经引起球后视神经炎。此外还分析了眼眶与口腔的解剖关系，包括眶下裂与翼腭窝的通道、颞窝与眼眶的肿瘤相互侵犯、颧弓与下颌关节联合损伤以及上颌骨牙源性感染波及眼眶的途径，并强调多专科协作处理相关骨折的必要性。",本书为刘祖国、颜建华主编，2009年出版，定位于临床眼科医生、研究生和教师的实用参考书。全书以应用解剖为主线，涵盖眼胚胎发育及基因调控、眼球壁与眼内腔和房水/晶状体/玻璃体、眼睑泪器结膜及眼外肌、眼表结构与泪膜功能、骨性眼眶及眶内间隙、眼部动静脉循环、视神经视路与自主神经反射，以及眼部同中枢神经系统、鼻窦和口腔的毗邻关系。内容结合大体、组织和影像解剖，涉及先天性无眼、小眼球、眼部缺损、先天性白内障和青光眼、上睑下垂、睑裂狭窄、双行睫、泪点及鼻泪管闭锁、干眼、斜视、眼眶肿瘤等疾病，并介绍眼底造影、眼部CT、组织学图像、断面测量，以及眼外肌手术、上睑提肌缩短术、额肌提吊术、泪道探通、病变切除和冷冻等治疗技术的解剖依据。
246,眼科基本技术标准操作流程-林晓峰 2017,normalized_exact,23-眼科手术与操作技术,0ae37310-b90c-4b5b-9249-14be041abd93,10000,65f9a4e8-efce-42d0-b723-f2f06b7ac37c,眼科基本技术标准操作流程-林晓峰 2017_weknora.mhtml,眼科基本技术标准操作流程-林晓峰 2017_weknora.mhtml,completed,f3b2f1af-37b6-44e6-9954-075ff866fa1a,91e8beda-ba15-4064-9961-3b0af343d91f,380,1068,cf36c5e51def97b08b00f02b251ea1e5a3051f296f7d1fa91ffa516a9ef80443,"# 住院医师规范化培训

# 眼科基本技术 标准操作流程

Standard Operation Procedure for Resident Training of
Ophthalmology

林晓峰 主编

SPM南方出版传媒

广东科技出版社 | 全国优秀出版社

# 住院医师规范化培训 眼科基本技术 标准操作流程

Standard Operation Procedure for Resident Training of
Ophthalmology

扫一扫，更精彩

广东科技出版社

官网

广东科技出版社

天猫旗舰店

ISBN 978-7-5359-6827

定价：58.00元

住院医师规范化培训

## 眼科基本技术 标准操作流程

Standard Operation Procedure for Resident Training of
Ophthalmology

主 编 林晓峰

副主编 卓业鸿 郑丹莹 丁小燕

SPM南方出版传媒

广东科技出版社 | 全国优秀出版社

· 广州 ·

## 图书在版编目（CIP）数据

住院医师规范化培训眼科基本技术标","# Summary
# 住院医师规范化培训

# 眼科基本技术 标准操作流程

Standard Operation Procedure for Resident Training of
Ophthalmology

林晓峰 主编

SPM南方出版传媒

广东科技出版社 | 全国优秀出版社

# 住院医师规范化培训 眼科基本技术 标准操作流程

Standard Operation Procedure for Resident Training of
Ophthalmology

扫一扫，更精彩

广东科技出版社

官网

广东科技出版社

天猫旗舰店

ISBN 978-7-5359-6827

定价：58.00元

住院医师规范化培训

## 眼科基本技术 标准操作流程

Standard Operation Procedure for Resident Training of
Ophthalmology

主 编 林晓峰

副主编 卓业鸿 郑丹莹 丁小燕

SPM南方出版传媒

广东科技出版社 | 全国优秀出版社

· 广州 ·

## 图书在版编目（CIP）数据

住院医师规范化培训眼科基本技术标",本书出版于2017年。本书出版于2018年，依据《专科医生培养标准——眼科细则》编写，定位为眼科住院医师规范化培训、临床基本技能训练及自学参考手册。全书以SOP形式系统覆盖眼科常规检查、专科检查、治疗操作和手术技术：包括视力、眼压、眼睑与泪器、眼球运动、裂隙灯、房角镜、眼底、屈光与斜视检查；IOL Master、A超、Pentacam、UBM、OCT、眼底荧光造影、视野、视网膜电图和视觉诱发电位等检查；滴眼液、眼膏、包扎、眼部及泪道冲洗、泪道探通、结膜结石剔除、麦粒肿切开排脓、电解倒睫和结膜下注射；并讲解无菌技术、球后及球周阻滞麻醉、眼睑裂伤和角巩膜伤口处理、前房穿刺与冲洗、小切口白内障囊外摘除、小梁切除术及锐器损伤防治。内容涉及青光眼、白内障、眼外伤、角膜病变、眼睑肿物、泪道阻塞、斜视等，配合操作流程、关键要点和结果判读，突出临床规范性与可操作性。
247,眼科学基础-John V Forrester 2018,normalized_exact,01-眼科综合：基础与全身病,09c593aa-1a64-48de-af81-fc4d30d551b4,10000,171a4358-ccf4-4942-bbf4-754a4da4ef84,眼科学基础-John V Forrester 2018_weknora.mhtml,眼科学基础-John V Forrester 2018_weknora.mhtml,completed,a7a4100b-399d-410d-aa46-832301202f0f,38c8cc2a-67a4-4dad-8d71-a03de8c04016,363,1077,cbb5ae3593254bf33fde29864202f092452d25c5e4a40f60e40b88c1e5228349,"# 眼科学基础

The Eye

原著

John V. Forrester · Andrew D. Dick

Paul G. McMenann · Fiona Roberts · Eric Pearlman

主译

黄一飞 王丽强

ELSEVIER

# 眼科学基础

# The Eye Basic Sciences in Practice

原著 John V. Forrester Andrew D. Dick

Paul G. McMenamin Fiona Roberts

Eric Pearlman

主译 黄一飞 王丽强

译者（以姓氏笔画为序）

王群王大江王丽强叶子田磊

白芳 巩琰 许薇薇 吴星 余继锋

张远霞 陈小鸟 陈晓菲 金鑫 孟晓丽

侯豹可 姜严明 贾亮 贾烈曦

黄一炎 董莹

科学出版社

北京

## 内容简介

本书是美国和英国眼科医师资格考试的必备参考书，也是“国际眼科医师考试”的重要参考书。因出版以来广受欢迎，目前已是第4版。全书分9章，将眼科的基础知识按照眼的解剖学、组织胚胎学、遗传学、生化和细胞生物学、生理学、病理学、免疫学、药理学","# Summary
# 眼科学基础

The Eye

原著

John V. Forrester · Andrew D. Dick

Paul G. McMenann · Fiona Roberts · Eric Pearlman

主译

黄一飞 王丽强

ELSEVIER

# 眼科学基础

# The Eye Basic Sciences in Practice

原著 John V. Forrester Andrew D. Dick

Paul G. McMenamin Fiona Roberts

Eric Pearlman

主译 黄一飞 王丽强

译者（以姓氏笔画为序）

王群王大江王丽强叶子田磊

白芳 巩琰 许薇薇 吴星 余继锋

张远霞 陈小鸟 陈晓菲 金鑫 孟晓丽

侯豹可 姜严明 贾亮 贾烈曦

黄一炎 董莹

科学出版社

北京

## 内容简介

本书是美国和英国眼科医师资格考试的必备参考书，也是“国际眼科医师考试”的重要参考书。因出版以来广受欢迎，目前已是第4版。全书分9章，将眼科的基础知识按照眼的解剖学、组织胚胎学、遗传学、生化和细胞生物学、生理学、病理学、免疫学、药理学",本书出版于2018年，是眼科医师资格考试、住院医师培训及眼科学与视觉科学基础研究的重要参考书，适合眼科医师、研究生、基础研究者及相关医学人员。全书以眼和眶的解剖为起点，系统讲解眼及附属器胚胎发育、遗传学、生物化学与细胞生物学、视觉生理与视觉系统、基础及眼科药理学、免疫学、微生物感染眼病和病理学。内容贯通角膜、巩膜、葡萄膜、房水、晶状体、玻璃体、视网膜、视神经及视路，涉及基因突变、基因治疗、细胞与组织损伤、炎症、免疫耐受、移植和肿瘤发生。书中结合角膜地形图、活体共焦显微镜、组织学与电镜、影像学检查、视觉电生理等技术，阐述圆锥角膜、白内障、糖尿病、甲状腺眼病、视网膜变性、眼部过敏、病毒/细菌/真菌感染、沙眼、河盲症及眼部肿瘤等疾病，并介绍眼压调控、眼部给药、玻璃体腔给药、糖皮质激素、免疫抑制剂和局部麻醉药等治疗相关基础。
248,眼科学彩色图谱-杨钧 2008,normalized_exact,01-眼科综合：基础与全身病,09c593aa-1a64-48de-af81-fc4d30d551b4,10000,06e49f4b-7e5f-436e-b589-b5f2597599ce,眼科学彩色图谱-杨钧 2008_weknora.mhtml,眼科学彩色图谱-杨钧 2008_weknora.mhtml,completed,a31b0f25-979a-445d-a45d-f35ad241ef51,e507b36b-de0b-4b72-99b7-a2b3f38993ad,376,1082,b98607e1a667f7cd8881574f8bc2cc3ee244f5f419e2fe05e7fbc8723b3ec522,"《眼科学彩色图谱》第2版以真实、清晰的彩色图像展示眼科临床疾病征象，旨在辅助眼科初学者、临床医师和研究者理解眼部形态学改变及现代检查结果。再版内容根据检查技术进步、新病种发现和原图质量进行更新，重点反映我国眼病谱的变化：天花、麻疹、维生素A缺乏所致角膜软化及沙眼已明显减少，病毒性、霉菌性和过敏性角膜病增多；青光眼、白内障及糖尿病、高血压相关眼底病仍较常见；眼部及眶内、颅内肿瘤检出增多，早产儿视网膜病变也受到重视。全书分为15章，包括常用检查法、按解剖部位介绍的各类眼病以及眼外伤，并附参考书目和中英文病名索引。

第一章概述视力、视野、色觉等主观检查，以及裂隙灯、检眼镜、影像学和眼电生理等仪器检查。视力检查依据视角和最小视角原理，通过E字视标、Landolt环及对数视力表评估视觉分辨能力，并介绍近视力、儿童视力和弱视眼检查方法。视野检查包括面对面法、动态视野计、静态及自动定量视野计，可用于判断视野缺损范围和视觉敏感度。色觉部分说明三种锥细胞及红绿、黄蓝对立机制，并介绍假性同色图、色相排列等色觉障碍检查。

节选内容还展示了青光眼视乳头损害的表现，包括视杯扩大、盘沿切迹、视网膜神经纤维层（RNFL）缺损、血管改变和视乳头出血，以及这些征象的进行性变化。眼外伤部分重点描述酸、碱及染料化学伤造成的结膜缺血、角膜水肿混浊、上皮缺损、新生血管、瘢痕和严重并发症。视神经管骨折则强调HRCT在早期诊断和指导减压手术中的价值，并提出横轴位、冠状位、高分辨率骨算法及小于2mm层厚等检查要求。","# Summary
《眼科学彩色图谱》第2版以真实、清晰的彩色图像展示眼科临床疾病征象，旨在辅助眼科初学者、临床医师和研究者理解眼部形态学改变及现代检查结果。再版内容根据检查技术进步、新病种发现和原图质量进行更新，重点反映我国眼病谱的变化：天花、麻疹、维生素A缺乏所致角膜软化及沙眼已明显减少，病毒性、霉菌性和过敏性角膜病增多；青光眼、白内障及糖尿病、高血压相关眼底病仍较常见；眼部及眶内、颅内肿瘤检出增多，早产儿视网膜病变也受到重视。全书分为15章，包括常用检查法、按解剖部位介绍的各类眼病以及眼外伤，并附参考书目和中英文病名索引。

第一章概述视力、视野、色觉等主观检查，以及裂隙灯、检眼镜、影像学和眼电生理等仪器检查。视力检查依据视角和最小视角原理，通过E字视标、Landolt环及对数视力表评估视觉分辨能力，并介绍近视力、儿童视力和弱视眼检查方法。视野检查包括面对面法、动态视野计、静态及自动定量视野计，可用于判断视野缺损范围和视觉敏感度。色觉部分说明三种锥细胞及红绿、黄蓝对立机制，并介绍假性同色图、色相排列等色觉障碍检查。

节选内容还展示了青光眼视乳头损害的表现，包括视杯扩大、盘沿切迹、视网膜神经纤维层（RNFL）缺损、血管改变和视乳头出血，以及这些征象的进行性变化。眼外伤部分重点描述酸、碱及染料化学伤造成的结膜缺血、角膜水肿混浊、上皮缺损、新生血管、瘢痕和严重并发症。视神经管骨折则强调HRCT在早期诊断和指导减压手术中的价值，并提出横轴位、冠状位、高分辨率骨算法及小于2mm层厚等检查要求。",本书为杨钧主编、2008年出版的眼科学临床彩色图谱，定位于眼科医师、实习医生、研究生及相关医务人员的临床诊断与教学参考。全书以真实、美观的眼病图片为主要表现形式，先介绍视力、视野、色觉、裂隙灯、眼底、眼压、前房角镜、角膜曲率计、角膜地形图、角膜内皮显微镜、EOG/ERG/VEP及超声、CT、MRI等检查和影像诊断；继而系统覆盖眼睑、泪器、眼眶、结膜、角膜、巩膜、葡萄膜、青光眼、晶状体、玻璃体、视网膜、视神经、斜视和眼外伤。内容涉及眼眶及眼部肿瘤、甲状腺相关眼病、细菌性/病毒性/真菌性/棘阿米巴角膜炎、葡萄膜炎、原发性开角型和闭角型青光眼、白内障、糖尿病及高血压视网膜病变、黄斑病、视网膜脱离、视网膜肿瘤、早产儿视网膜病变、视神经炎、缺血性视神经病变、共同性与麻痹性斜视，以及眼睑、角膜、眼内结构和视神经管外伤，兼顾药物、激光、手术及影像检查要点。
249,眼科常见疾病的CT及MRI图谱-李若溪 2014,normalized_exact,16-检查：CT 与 MRI,c9231d63-fc70-4995-be25-876189e90f6d,10000,77098070-903e-4f30-9aa6-88edbc629137,眼科常见疾病的CT及MRI图谱-李若溪 2014_weknora.mhtml,眼科常见疾病的CT及MRI图谱-李若溪 2014_weknora.mhtml,completed,4d312e37-a168-48ba-86cd-2362cf185de1,056adf76-bbd1-4386-a702-8da5dde9261d,329,927,f2e63fdc0df5f2ee4997f0eb924eefd76da398d734732523beb1bf1276265409,"本书为《眼科常见疾病的CT及MRI图谱》（李若溪主编），采用手册式写法，对常见眼科疾病的主要临床特点、适宜的影像学检查方法及其CT或MRI表现进行介绍，并配以图像，力求精练、直观、查找方便，旨在为临床医生认识疾病和正确选择影像学检查提供参考。书中图片均来自眼科临床诊治患者。

内容首先阐述眼部正常结构，包括眼球壁三层结构（纤维膜、葡萄膜、视网膜）、眼内容物（房水、晶状体、玻璃体）及眼附属器的解剖，并分别描述正常CT与MRI表现，如CT上晶状体呈双凸透镜状高密度影、玻璃体呈低密度影、眼外肌构成肌锥；MRI上玻璃体T1低信号、T2高信号，眼外肌呈中等信号等。

随后按疾病部位逐章介绍。眼前段疾病包括结膜皮样脂肪瘤（呈脂肪密度/信号）和睫状体黑色素瘤（MRI呈短T1、长T2信号）。眼底疾病涵盖视网膜脱离（MRI呈花瓣状长T1长T2信号）、视网膜母细胞瘤（婴幼儿常见眼内恶性肿瘤，CT显示钙化是最主要诊断证据）、脉络膜黑色素瘤（因黑色素顺磁性作用呈短T1短T2信号）、脉络膜骨瘤（CT显示与眶骨一致的高密度影）、后巩膜葡萄肿及眼内转移癌（MRI为首选）。眼外伤部分介绍了眼球破裂的CT与MRI表现及眶壁骨折的诊断。眼眶疾病涉及海绵状血管瘤（动态增强呈渐进性“渗漏”强化）、视神经鞘瘤（“轨道征”）、视神经脑膜瘤（增强后“双轨征”）及神经母细胞瘤（CT显示溶骨性破坏及针状骨质影）。视神经及视路疾病包括视神经胶质瘤（视神经梭形增粗）、垂体瘤（视交叉受压上抬）、枕叶肿瘤及枕叶出血（急性期CT高密度）。

每种疾病均按临床表现、影像学诊断要点（超声、CT或MRI）及鉴别诊断的结构阐述，强调了CT对钙化和骨质改变的显示优势、MRI对软组织分辨力的优势。文档中包含部分省略内容标记，但所涉章节主题均已在上述概括中体现。","# Summary
本书为《眼科常见疾病的CT及MRI图谱》（李若溪主编），采用手册式写法，对常见眼科疾病的主要临床特点、适宜的影像学检查方法及其CT或MRI表现进行介绍，并配以图像，力求精练、直观、查找方便，旨在为临床医生认识疾病和正确选择影像学检查提供参考。书中图片均来自眼科临床诊治患者。

内容首先阐述眼部正常结构，包括眼球壁三层结构（纤维膜、葡萄膜、视网膜）、眼内容物（房水、晶状体、玻璃体）及眼附属器的解剖，并分别描述正常CT与MRI表现，如CT上晶状体呈双凸透镜状高密度影、玻璃体呈低密度影、眼外肌构成肌锥；MRI上玻璃体T1低信号、T2高信号，眼外肌呈中等信号等。

随后按疾病部位逐章介绍。眼前段疾病包括结膜皮样脂肪瘤（呈脂肪密度/信号）和睫状体黑色素瘤（MRI呈短T1、长T2信号）。眼底疾病涵盖视网膜脱离（MRI呈花瓣状长T1长T2信号）、视网膜母细胞瘤（婴幼儿常见眼内恶性肿瘤，CT显示钙化是最主要诊断证据）、脉络膜黑色素瘤（因黑色素顺磁性作用呈短T1短T2信号）、脉络膜骨瘤（CT显示与眶骨一致的高密度影）、后巩膜葡萄肿及眼内转移癌（MRI为首选）。眼外伤部分介绍了眼球破裂的CT与MRI表现及眶壁骨折的诊断。眼眶疾病涉及海绵状血管瘤（动态增强呈渐进性“渗漏”强化）、视神经鞘瘤（“轨道征”）、视神经脑膜瘤（增强后“双轨征”）及神经母细胞瘤（CT显示溶骨性破坏及针状骨质影）。视神经及视路疾病包括视神经胶质瘤（视神经梭形增粗）、垂体瘤（视交叉受压上抬）、枕叶肿瘤及枕叶出血（急性期CT高密度）。

每种疾病均按临床表现、影像学诊断要点（超声、CT或MRI）及鉴别诊断的结构阐述，强调了CT对钙化和骨质改变的显示优势、MRI对软组织分辨力的优势。文档中包含部分省略内容标记，但所涉章节主题均已在上述概括中体现。",本书2014年出版，定位为眼科临床医生及影像科医师参考、查阅常见眼病影像表现的手册式图谱。全书先介绍眼球、眼附属器及眼眶正常解剖，以及眼部CT、MRI的冠状位、轴位、矢状位、三维重建、T1WI、T2WI和脂肪抑制表现；继而涵盖眼前段疾病、眼底疾病、眼外伤、眼外肌疾病、眼眶疾病、泪器疾病和视路疾病。重点涉及皮样脂肪瘤、睫状体黑色素瘤、视网膜脱离、视网膜母细胞瘤、脉络膜黑色素瘤及骨瘤、后巩膜葡萄肿、眼内转移癌、眼球破裂、眶壁骨折、眼内异物、眼眶肿瘤、泪腺病变、视神经及视交叉疾病等。内容结合临床症状、鉴别诊断与影像图像，涉及B超、彩色多普勒、UBM、OCT、眼底血管造影、增强CT/MRI、钙化、骨质破坏、软组织侵犯、视神经受累、术后病理及穿刺活检等关键词。
250,眼科影像学-李文华 2004,normalized_exact,22-检查：综合检查与仪器,16f1a07d-8623-4655-b09e-502d32d0610a,10000,374de8a1-37af-4002-992d-d0051824c392,眼科影像学-李文华 2004_weknora.mhtml,眼科影像学-李文华 2004_weknora.mhtml,completed,5a4fbb07-3a86-497f-85fd-c4f380cfb2dd,50199712-2ddc-45ed-8e43-6a4e4df06c96,368,1066,7f3e445af46f7e3f5a4b20803f24ddadecd8a868fab37c69b6dd0e1d29b67abf,"本书系统介绍眼科疾病的影像学检查方法、影像表现及临床应用，重点涉及超声、超声生物显微镜（UBM）、CT、MRI及介入治疗等技术，内容分为四篇十九章，涵盖眼球、眼眶、视路及相关疾病。全书强调比较影像学思路，对多数疾病分析诊断要点，提出检查顺序、诊断与鉴别诊断方法，并说明各种检查的适用范围和局限。

前言指出，现代影像学技术的发展显著提高了眼科疾病的诊断、手术指导和预后评价水平。传统眼眶X线平片、眶造影及血管造影因有创性、成功率低或信息有限，已基本被淘汰。现代CT能够提供薄层、连续及三维重建图像，并可进行CT血管造影；MRI具有高对比分辨率、多维和多参数成像优势，可显示眼眶、视神经、视交叉、视束及视觉中枢。扩散、灌注、波谱和PET等功能或代谢成像则仍处于研究和有限应用阶段。影像诊断必须结合临床资料，通过规范检查、图像识别和科学解读完成，且CT、MRI仍主要反映宏观形态，存在组织层次和细胞学显示方面的限制。

总论部分首先阐述眼眶及眶周解剖，包括眶壁、眶缘、视神经孔、眶上裂、眶下裂、筛骨孔、骨缝、鼻窦关系、筋膜、脂肪、眼睑和结膜，并介绍眼球的形态、大小、眼轴及眼球壁结构。书中病例内容展示了眼眶血管瘤和视网膜母细胞瘤的X线、超声、彩色多普勒、CT及MRI表现，强调钙化、强化、血流、视神经侵犯和颅内蔓延等影像特征。此外，文中还列举多种先天性发育异常及综合征，涉及眼眶、颅面骨、骨骼、心肺、神经和生殖系统等影像学表现，体现了眼科影像学与全身疾病评估的联系。","# Summary
本书系统介绍眼科疾病的影像学检查方法、影像表现及临床应用，重点涉及超声、超声生物显微镜（UBM）、CT、MRI及介入治疗等技术，内容分为四篇十九章，涵盖眼球、眼眶、视路及相关疾病。全书强调比较影像学思路，对多数疾病分析诊断要点，提出检查顺序、诊断与鉴别诊断方法，并说明各种检查的适用范围和局限。

前言指出，现代影像学技术的发展显著提高了眼科疾病的诊断、手术指导和预后评价水平。传统眼眶X线平片、眶造影及血管造影因有创性、成功率低或信息有限，已基本被淘汰。现代CT能够提供薄层、连续及三维重建图像，并可进行CT血管造影；MRI具有高对比分辨率、多维和多参数成像优势，可显示眼眶、视神经、视交叉、视束及视觉中枢。扩散、灌注、波谱和PET等功能或代谢成像则仍处于研究和有限应用阶段。影像诊断必须结合临床资料，通过规范检查、图像识别和科学解读完成，且CT、MRI仍主要反映宏观形态，存在组织层次和细胞学显示方面的限制。

总论部分首先阐述眼眶及眶周解剖，包括眶壁、眶缘、视神经孔、眶上裂、眶下裂、筛骨孔、骨缝、鼻窦关系、筋膜、脂肪、眼睑和结膜，并介绍眼球的形态、大小、眼轴及眼球壁结构。书中病例内容展示了眼眶血管瘤和视网膜母细胞瘤的X线、超声、彩色多普勒、CT及MRI表现，强调钙化、强化、血流、视神经侵犯和颅内蔓延等影像特征。此外，文中还列举多种先天性发育异常及综合征，涉及眼眶、颅面骨、骨骼、心肺、神经和生殖系统等影像学表现，体现了眼科影像学与全身疾病评估的联系。",李文华等主编，2004年出版。本书是面向医学影像学工作者及各级临床眼科医师的眼科影像学专著，强调影像表现与临床资料结合，服务于诊断、鉴别诊断、手术计划和疗效评估。全书从影像学解剖、生理、胚胎发育、正常表现及疾病基本征象入手，系统介绍X线、超声（US）、超声生物显微镜（UBM）、CT、MRI及泪道核素检查；继而讨论视觉通路、视神经及眼运动和感觉神经病变。各论涵盖先天畸形、炎症与感染、眼部及眼眶肿瘤、眼外伤和异物定位、泪器疾病、血管性疾病、青光眼、白内障、黄斑变性、视网膜脱离，以及甲状腺相关眼病、糖尿病视网膜病变等全身疾病相关眼部表现。后半部分重点涉及青光眼手术、准分子激光屈光手术、人工晶状体和义眼植入、眶内容剜除与重建、US或CT引导穿刺活检、鼻泪管球囊成形及支架、颈动脉海绵窦瘘栓塞、视网膜中央动脉闭塞溶栓和肿瘤血管内灌注化疗。
251,眼科手术学-宋琛 2008,normalized_exact,23-眼科手术与操作技术,0ae37310-b90c-4b5b-9249-14be041abd93,10000,4f0dfbe4-3760-4e04-93f0-9667aafd950a,眼科手术学-宋琛 2008_weknora.mhtml,眼科手术学-宋琛 2008_weknora.mhtml,completed,66d9b342-c1f4-4968-ac8a-ff5c8fb81450,96cd9c33-e476-4b91-89ff-cadb4e90cccc,355,1031,54ff2f0340d8e6e81c81442943e942b8960c13d15c7449a276129090a309836d,"本书为《眼科手术学》第二版，系统介绍眼科手术的基础理论、常用经典术式及近年来经临床验证的新术式。全书按眼睑、泪器、结膜、眼肌、角膜、晶状体、青光眼、视网膜脱离、玻璃体、眼外伤、眼球、眼眶及激光治疗等内容分章，重点围绕适应证、禁忌证、术前准备、麻醉、手术步骤、术中注意事项、术后处理和并发症展开，并配有大量操作图示。第二版强调与科技发展同步，更新新理论、新技术和新术式，删除不再适用的方法，同时突出围手术期处理的重要性。

眼科手术具有高度专科化特点。眼睛是重要的视觉感受器，手术成败直接关系患者视功能、生活质量和劳动能力；显微技术的发展使手术更加精细、准确和安全，也对术者的理论知识、操作技巧及临床经验提出更高要求。眼科医师除应具备良好医德、责任心和沟通能力外，还需具有严谨的临床思维、钻研创新精神、稳定灵巧的手眼协调能力、持久耐力以及处理术中意外和并发症的专业能力。

书中还介绍眼科仪器、器械的使用、维护与消毒，包括紫外线、熏气、高压蒸气、煮沸、浸泡和环氧乙烷等方法，并具体说明冷凝器、电凝器等设备的类型、适应证、操作程序和注意事项。角膜手术部分涉及不同类型人工角膜的结构、适应证及植入步骤；晶状体手术部分概述现代囊外白内障摘除、人工晶状体植入和超声乳化技术的发展，以及小切口手术、专用器械、折叠人工晶状体材料和麻醉方式的改进。激光治疗部分则涉及Nd:YAG激光瞳孔成形、虹膜后粘连松解、前后玻璃体牵引松解及前囊膜切开等操作，强调治疗适应证、能量控制、定位、安全距离和术后抗炎、散瞳及眼压监测。","# Summary
本书为《眼科手术学》第二版，系统介绍眼科手术的基础理论、常用经典术式及近年来经临床验证的新术式。全书按眼睑、泪器、结膜、眼肌、角膜、晶状体、青光眼、视网膜脱离、玻璃体、眼外伤、眼球、眼眶及激光治疗等内容分章，重点围绕适应证、禁忌证、术前准备、麻醉、手术步骤、术中注意事项、术后处理和并发症展开，并配有大量操作图示。第二版强调与科技发展同步，更新新理论、新技术和新术式，删除不再适用的方法，同时突出围手术期处理的重要性。

眼科手术具有高度专科化特点。眼睛是重要的视觉感受器，手术成败直接关系患者视功能、生活质量和劳动能力；显微技术的发展使手术更加精细、准确和安全，也对术者的理论知识、操作技巧及临床经验提出更高要求。眼科医师除应具备良好医德、责任心和沟通能力外，还需具有严谨的临床思维、钻研创新精神、稳定灵巧的手眼协调能力、持久耐力以及处理术中意外和并发症的专业能力。

书中还介绍眼科仪器、器械的使用、维护与消毒，包括紫外线、熏气、高压蒸气、煮沸、浸泡和环氧乙烷等方法，并具体说明冷凝器、电凝器等设备的类型、适应证、操作程序和注意事项。角膜手术部分涉及不同类型人工角膜的结构、适应证及植入步骤；晶状体手术部分概述现代囊外白内障摘除、人工晶状体植入和超声乳化技术的发展，以及小切口手术、专用器械、折叠人工晶状体材料和麻醉方式的改进。激光治疗部分则涉及Nd:YAG激光瞳孔成形、虹膜后粘连松解、前后玻璃体牵引松解及前囊膜切开等操作，强调治疗适应证、能量控制、定位、安全距离和术后抗炎、散瞳及眼压监测。",本书为宋琛、马志中主编、2008年出版的眼科手术专著，面向各级眼科医师及医学院校师生，兼具系统教学与临床操作参考价值。全书围绕眼科手术概述、麻醉、眼睑、泪器、结膜、眼肌、角膜、晶状体、青光眼、视网膜脱离、玻璃体、眼外伤、眼球、眼眶及眼病激光治疗展开，涵盖显微手术、超声乳化、人工晶状体植入、角膜移植、斜视与上睑下垂矫正、泪道阻塞处理、小梁切除、巩膜外加压与环扎、玻璃体切割、眼内异物取出、眼球肿物切除等。重点涉及白内障、青光眼、孔源性及牵拉性视网膜脱离、糖尿病视网膜病变、黄斑水肿、脉络膜新生血管、翼状胬肉、眼外伤和眼内肿瘤。书中按适应证、禁忌证、术前检查与准备、麻醉、手术步骤、术后处理及并发症系统说明，并介绍眼底荧光血管造影、吲哚青绿造影、OCT、X线定位、激光光凝、PDT及Nd:YAG激光等检查与技术。
252,眼科手术学-葛坚 2013,normalized_exact,23-眼科手术与操作技术,0ae37310-b90c-4b5b-9249-14be041abd93,10000,0a6c7a53-36f7-4bbc-94c7-55f860ee6e96,眼科手术学-葛坚 2013_weknora.mhtml,眼科手术学-葛坚 2013_weknora.mhtml,completed,adb6463c-e159-4855-9e18-d5480bd4a209,efc1ceaf-48e3-43e3-8a92-795e982aa678,362,1016,73810ffe788242eee43a683265b17894397f3eca6f0d300046dcf9980ff0b2c9,"《眼科手术学》第3版由葛坚、刘奕志主编，人民卫生出版社于2015年出版。该书基于1996年第2版（由已故李绍珍院士主编）修订而成，是中山大学中山眼科中心团队历时两年多的合作成果，旨在融合经典内容与近年眼科手术领域的新知识、新技术、新设备。

书前内容阐述了全球防盲治盲的严峻形势。据WHO资料，2010年全球视力受损人群约2.85亿，其中白内障致盲率最高（51%），中国是全世界盲人最多的国家，约500万盲人，占全球18%。为此，WHO与多国签署了“视觉2020：享有看见的权利”行动及西太平洋地区眼健康行动计划，目标是在2020年前根除可避免盲。书中强调我国CSR（白内障手术率）和GSR（青光眼手术率）仍落后于发达国家，培养合格的基层眼科手术医生是提高防盲治盲水平的关键。

该书系统回顾了眼科手术发展史：从古印度的“金针拨障术”到1949年首例白内障摘除联合人工晶状体植入，再到1967年超声乳化术及当代飞秒激光辅助手术；角膜移植从穿透移植发展到成分移植和人工角膜；青光眼手术从小梁切除术演进到微创青光眼手术（MIGS）；玻璃体手术从“开天窗”技术发展到25G/27G微创PPV。书中指出，精密制造业的发展推动了手术设备和器械的进步，但中国在高端医疗器械研发领域鲜有自主知识产权，“中国声音”不足，亟需转向以临床应用为导向、以创新核心技术为驱动的研发进程。

正文选摘涉及两部分具体临床内容：一是先天性内斜视、后天性非调节性内斜视、继发性内斜视及间歇性外斜视等斜视的手术时机与术式选择原则；二是有晶体眼人工晶状体（PIOL）植入术的术后护理与随访流程，包括术后第1天、1周、1个月检查要点，以及联合散光性角膜切开术或激光屈光手术的时机选择与注意事项。","# Summary
《眼科手术学》第3版由葛坚、刘奕志主编，人民卫生出版社于2015年出版。该书基于1996年第2版（由已故李绍珍院士主编）修订而成，是中山大学中山眼科中心团队历时两年多的合作成果，旨在融合经典内容与近年眼科手术领域的新知识、新技术、新设备。

书前内容阐述了全球防盲治盲的严峻形势。据WHO资料，2010年全球视力受损人群约2.85亿，其中白内障致盲率最高（51%），中国是全世界盲人最多的国家，约500万盲人，占全球18%。为此，WHO与多国签署了“视觉2020：享有看见的权利”行动及西太平洋地区眼健康行动计划，目标是在2020年前根除可避免盲。书中强调我国CSR（白内障手术率）和GSR（青光眼手术率）仍落后于发达国家，培养合格的基层眼科手术医生是提高防盲治盲水平的关键。

该书系统回顾了眼科手术发展史：从古印度的“金针拨障术”到1949年首例白内障摘除联合人工晶状体植入，再到1967年超声乳化术及当代飞秒激光辅助手术；角膜移植从穿透移植发展到成分移植和人工角膜；青光眼手术从小梁切除术演进到微创青光眼手术（MIGS）；玻璃体手术从“开天窗”技术发展到25G/27G微创PPV。书中指出，精密制造业的发展推动了手术设备和器械的进步，但中国在高端医疗器械研发领域鲜有自主知识产权，“中国声音”不足，亟需转向以临床应用为导向、以创新核心技术为驱动的研发进程。

正文选摘涉及两部分具体临床内容：一是先天性内斜视、后天性非调节性内斜视、继发性内斜视及间歇性外斜视等斜视的手术时机与术式选择原则；二是有晶体眼人工晶状体（PIOL）植入术的术后护理与随访流程，包括术后第1天、1周、1个月检查要点，以及联合散光性角膜切开术或激光屈光手术的时机选择与注意事项。",葛坚、刘奕志主编，出版；CIP数据标注2013年，版权页载第3版于2015年出版。本书面向眼科临床医师、青年医生及相关专业人员，系统总结眼科显微手术的基础、规范与临床技术。内容涵盖手术室管理、麻醉、显微镜及基本操作，眼睑、泪器、结膜、角膜、巩膜、晶状体和青光眼手术，以及斜视、视网膜脱离、玻璃体、黄斑疾病、眼肿瘤、眼眶、眼球摘除和眼外伤手术，并延伸至眼科激光与屈光手术。重点涉及白内障超声乳化与人工晶状体植入、角膜移植、青光眼小梁切除及引流装置、斜视矫正、巩膜扣带和充气性视网膜固定、玻璃体切除、膜剥离、内界膜剥除、硅油及过氟化碳填充、眼内注药等。检查与技术关键词包括角膜地形图、眼底荧光血管造影、吲哚菁绿造影、OCT、UBM、超声、视野、微视野、视觉电生理、MIGS、LASIK、PRK、SMILE、飞秒激光及光动力治疗。
253,眼科手术学原理与实践-Spaeth Danesh Meyer 2015,normalized_exact,23-眼科手术与操作技术,0ae37310-b90c-4b5b-9249-14be041abd93,10000,34891283-65a9-459b-9553-b57461d897ae,眼科手术学原理与实践-Spaeth Danesh Meyer 2015_weknora.mhtml,眼科手术学原理与实践-Spaeth Danesh Meyer 2015_weknora.mhtml,completed,ad260af8-3d3b-4e35-81d2-aa41720be1ea,c6f1a901-bfeb-4282-8514-1aeeba90edce,426,1202,c7c44bacabd049f3ba5e050ce27d747e5f6e4d27648752a7c29e007190addea4,"# 眼科手术学 原理与实践

Ophthalmic Surgery: Principles and Practice

第4版

原著 Spaeth, Danesh-Meyer

Goldberg, Kampik

主 译 孙兴怀 陈晓明 谢 琳

本书译自Ophthalmic Surgery: Principles and
Practice，并由Elsevier授权出版

策划编辑 左 巍 刘 歆

责任编辑 刘 歆

封面设计 大 荡方国 赵京津

版式设计 陈 阮

人卫社官网 www.pmph.com 出版物查询，在线购书

销售分类/眼科

人卫医学网 www.ipmph.com
医学考试辅导，医学数据库服务，医学教育资源，大众健康资讯

9787117202770>

定价：298.00元

## 眼科手术学原理与实践

# Ophthalmic Surgery: Principles and Practice 第4版

# 原著 Spaeth, Danesh-Meyer Goldberg, Kampik

主 译 孙兴怀 陈晓明 谢 琳

译者（按姓氏笔画排序）

王嘉健","# Summary
# 眼科手术学 原理与实践

Ophthalmic Surgery: Principles and Practice

第4版

原著 Spaeth, Danesh-Meyer

Goldberg, Kampik

主 译 孙兴怀 陈晓明 谢 琳

本书译自Ophthalmic Surgery: Principles and
Practice，并由Elsevier授权出版

策划编辑 左 巍 刘 歆

责任编辑 刘 歆

封面设计 大 荡方国 赵京津

版式设计 陈 阮

人卫社官网 www.pmph.com 出版物查询，在线购书

销售分类/眼科

人卫医学网 www.ipmph.com
医学考试辅导，医学数据库服务，医学教育资源，大众健康资讯

9787117202770>

定价：298.00元

## 眼科手术学原理与实践

# Ophthalmic Surgery: Principles and Practice 第4版

# 原著 Spaeth, Danesh-Meyer Goldberg, Kampik

主 译 孙兴怀 陈晓明 谢 琳

译者（按姓氏笔画排序）

王嘉健",2015年中文版（原著第4版）。本书面向综合眼科医师、各亚专科医师、眼科医学生及眼外科培训人员，强调术前判断、分阶段计划、知情选择、风险控制、创伤最小化及术后评估。内容涵盖眼科手术总原则，白内障的诊断鉴别、解剖与生物测量、麻醉、切口、撕囊、水分离、碎核、超声乳化、人工晶状体、儿童及复杂白内障和并发症；角膜外伤、翼状胬肉、准分子治疗、穿透性及板层角膜移植、人工角膜；角膜地形图、波前分析、PRK/LASEK/Epi-LASIK、LASIK、飞秒激光、屈光性晶体置换、有晶体眼人工晶体及老视治疗。书中还系统介绍青光眼滤过、非穿透、引流管及激光手术，眼睑、泪道、眼眶、Graves眼病、眼球摘除与眼窝重建，斜视和眼外肌手术，以及玻璃体切割、眼内注药、视网膜脱离与PVR、糖尿病视网膜病变、黄斑水肿、老年性黄斑变性、眼内炎、黄斑前膜和黄斑裂孔。肿瘤部分涉及葡萄膜黑色素瘤、视网膜母细胞瘤、脉络膜血管瘤、眼部淋巴瘤等，涵盖超声、光凝、放射治疗及局部切除等技术。
254,眼科手术彩色图解-卞春及 2013,normalized_exact,23-眼科手术与操作技术,0ae37310-b90c-4b5b-9249-14be041abd93,10000,d5c43c55-5d9a-4278-9e39-b5edd956e69d,眼科手术彩色图解-卞春及 2013_weknora.mhtml,眼科手术彩色图解-卞春及 2013_weknora.mhtml,completed,,,333,977,53502da3f9f13dd44d4522ff4952c1733fc9359689fe65b10f8d8ce8cdba3632,,,2013年出版的眼科显微手术临床参考图谱，面向眼科中青年医师及手术学习者，强调规范、精细、微创操作。全书13章、近200种术式，按眼睑、泪器、结膜、角膜、前房及虹膜、晶状体、青光眼、玻璃体、视网膜、眼外肌、眼部异物、眼球与眼眶、眼部成形展开。内容涵盖倒睫、麦粒肿、睑板腺囊肿、睑内外翻、泪道阻塞、翼状胬肉、角膜溃疡、角膜移植、白内障、青光眼、视网膜脱离、斜视、眼内及眶内异物、眼眶肿瘤等疾病，涉及泪道冲洗探通与插管、泪囊鼻腔吻合、角膜移植、超声乳化、人工晶状体植入、小梁切除、青光眼减压阀、玻璃体切除、巩膜扣带、眼外肌矫正及眼睑整形等技术。各术式结合应用解剖、手术指征、禁忌证、术前准备、麻醉、体位、步骤、意外处理、术后处理和临床经验，并配彩色图示及15个手术视频。
255,眼科手术操作与技巧-魏文斌 2011,normalized_exact,23-眼科手术与操作技术,0ae37310-b90c-4b5b-9249-14be041abd93,10000,dc002b7e-01cd-4cf9-821b-14ce0f550aea,眼科手术操作与技巧-魏文斌 2011_weknora.mhtml,眼科手术操作与技巧-魏文斌 2011_weknora.mhtml,completed,019cb65e-e161-4be1-85aa-7fb484fe6d67,44cc66ba-1bbb-4348-b70f-914b421ba2bc,380,1122,f273c237023695103c2e59893c2e115a8908255f092935dff8ff77ba84b0f104,"本书是首都医科大学附属北京同仁医院眼科临床专家编写的一部眼科手术专著，由魏文斌、施玉英主编，人民卫生出版社于2011年出版。全书九篇59章，约60万字，含约500幅插图，涵盖外眼小手术、白内障手术、青光眼手术、角膜手术、玻璃体视网膜手术、眼外伤手术、斜视及眼部整形手术等。该书以临床实用为中心，重手术技术与技巧、术者经验体会，以及适应证选择、术前术后注意事项和并发症防治，既可作为年轻医师的手术教材，也可供有经验医师参考。

在显微手术基础方面，书中详细介绍了准备性操作技术：眼部无菌技术包括术前抗生素应用、泪道冲洗、术眼备皮；手术野消毒范围与螺旋式消毒方法；包头巾和眼单的铺巾方法。眼球暴露技术包括开睑器开睑、金属钩开睑、单线与双线缝线开睑、外眦切开术，以及眼球固定技术（角膜缘牵引缝线、眼外肌牵引缝线、浅层巩膜固定缝线、角膜固定缝线）。软化眼球技术包括20%甘露醇药物降眼压及机械压迫降眼压。眼组织基本操作技术涉及组织的镊持（有齿镊与无齿镊的选择）、切开（刀片垂直、一次性切透）、六种缝合方式（间断、连续、褥式、8字、减张、深层错位缝合）及缝合技巧，并介绍了器械打结（方结、3~4个结扣）、剪线、埋藏线结及血管钳夹、压迫、烧灼等止血方法。

麻醉部分介绍局部麻醉的八项要求、表面麻醉滴药方法、浸润麻醉（皮下、结膜下、筋膜囊下、直肌鞘注射）及睫状神经节阻滞的注射方法与并发症处理。此外，书中还涉及玻璃体视网膜术后处理（按裂孔位置决定头位、饮食全身处理、药物应用、术后眼部检查），甲状腺相关性眼病限制性斜视手术量的掌握、眼睑处理及并发症防治，以及斜视手术并发症（做错肌肉、眼球穿通、出血、肌肉滑脱、前节缺血、结膜植入性囊肿、复视、术后感染、下斜肌粘连综合征、远期再次手术）的原因、预防和处理。","# Summary
本书是首都医科大学附属北京同仁医院眼科临床专家编写的一部眼科手术专著，由魏文斌、施玉英主编，人民卫生出版社于2011年出版。全书九篇59章，约60万字，含约500幅插图，涵盖外眼小手术、白内障手术、青光眼手术、角膜手术、玻璃体视网膜手术、眼外伤手术、斜视及眼部整形手术等。该书以临床实用为中心，重手术技术与技巧、术者经验体会，以及适应证选择、术前术后注意事项和并发症防治，既可作为年轻医师的手术教材，也可供有经验医师参考。

在显微手术基础方面，书中详细介绍了准备性操作技术：眼部无菌技术包括术前抗生素应用、泪道冲洗、术眼备皮；手术野消毒范围与螺旋式消毒方法；包头巾和眼单的铺巾方法。眼球暴露技术包括开睑器开睑、金属钩开睑、单线与双线缝线开睑、外眦切开术，以及眼球固定技术（角膜缘牵引缝线、眼外肌牵引缝线、浅层巩膜固定缝线、角膜固定缝线）。软化眼球技术包括20%甘露醇药物降眼压及机械压迫降眼压。眼组织基本操作技术涉及组织的镊持（有齿镊与无齿镊的选择）、切开（刀片垂直、一次性切透）、六种缝合方式（间断、连续、褥式、8字、减张、深层错位缝合）及缝合技巧，并介绍了器械打结（方结、3~4个结扣）、剪线、埋藏线结及血管钳夹、压迫、烧灼等止血方法。

麻醉部分介绍局部麻醉的八项要求、表面麻醉滴药方法、浸润麻醉（皮下、结膜下、筋膜囊下、直肌鞘注射）及睫状神经节阻滞的注射方法与并发症处理。此外，书中还涉及玻璃体视网膜术后处理（按裂孔位置决定头位、饮食全身处理、药物应用、术后眼部检查），甲状腺相关性眼病限制性斜视手术量的掌握、眼睑处理及并发症防治，以及斜视手术并发症（做错肌肉、眼球穿通、出血、肌肉滑脱、前节缺血、结膜植入性囊肿、复视、术后感染、下斜肌粘连综合征、远期再次手术）的原因、预防和处理。",2011年出版。本书由北京同仁医院眼科临床专家编写，定位为眼科显微手术的临床实用教材与参考书，适合初学手术的年轻医生及有经验的眼科医师。全书九篇59章，涵盖眼科显微手术基础、局部及全身麻醉和小儿麻醉；眼睑、结膜、泪器及眼球摘除等常见小手术；白内障术前评估、囊外摘除、超声乳化、人工晶状体植入及复杂联合手术；穿透性和板层角膜移植、羊膜移植；青光眼虹膜、滤过、房角、睫状体、引流阀及激光治疗；视网膜脱离、玻璃体切割和微创玻璃体手术；眼外伤急诊修补、眼内异物、感染性眼内炎及眼眶骨折处理；眼睑整形、上睑下垂、眼睑肿瘤缺损重建、义眼台植入和结膜囊成形；共同性、麻痹性、A-V型及特殊类型斜视手术。重点强调适应证选择、术前检查与准备、操作技巧、围手术期处理及并发症防治，并涉及眼内压控制、人工晶状体测量、黏弹剂、玻璃体充填物、眼心反射、超声乳化、巩膜扣带和激光等关键词。
256,眼科手术操作技术-管怀进 2012,normalized_exact,23-眼科手术与操作技术,0ae37310-b90c-4b5b-9249-14be041abd93,10000,8ddac434-3b8a-47f2-a2a8-ce15b31bbb76,眼科手术操作技术-管怀进 2012_weknora.mhtml,眼科手术操作技术-管怀进 2012_weknora.mhtml,completed,13451ea5-8eec-483a-b06a-f0902b24b078,04586490-62dc-44b9-88b2-b23018ca93e6,339,1009,822dcfbd4def624a69788bf6950d627368a57d4718119e40a21a647d0e460657,"《眼科手术操作技术》（第2版）由管怀进主编，是一部系统论述眼科手术操作原理、方法、技术、技巧及注意事项的专著。全书共5篇26章：第一篇介绍镊取、切开、分离、缝合、打结、止血等基本操作的器械与技巧，以及无菌、麻醉、暴露、软化眼球、黏弹剂应用等基础操作；第二篇讲述显微手术与内镜微创手术基本技术；第三篇阐明结膜、角膜、角膜缘、巩膜、虹膜、晶状体等组织的切开缝合操作；第四篇论述白内障超声乳化、青光眼、角膜移植、玻璃体视网膜及眼外伤、斜视、眼肿瘤、眼整形等常见手术；第五篇介绍实验室训练方法与技巧。书前序言和前言指出，眼科手术医师既要“精于勤”反复实践，也要“知其理”掌握操作原理；第2版在保留第1版特色的基础上，采用全彩色插图，新增内镜微创手术、新术式操作细节及手术培训等内容。

在具体操作技术方面，第一章重点剖析眼组织镊持的力学原理：镊取组织须使摩擦力大于牵拉力，摩擦力取决于作用力、镊尖接触及夹持方向。无齿镊分为夹持面可变型、固定型、凹槽型和环型，各有适用范围；有齿镊（直角齿、成角齿/鼠齿镊）通过使组织变形增强把持，常用于角膜、巩膜等坚韧组织，操作时需注意持镊位置和制动挡的调节。第二章介绍眼用手术刀的类型，包括尖点刃、线状刃、环形刃等，并阐述不同刀片切开直线、弧形切口的特性。

节选还涵盖多种屈光手术：传导性角膜成形术与激光角膜热成形术通过加热使角膜胶原收缩以矫正远视；单眼视LASIK对主视眼全矫、非主视眼欠矫，利用大脑抑制模糊成像获得看远看近能力；激光老视逆转术通过巩膜激光切削增加巩膜弹性；有晶状体眼人工晶状体植入术则在前房或后房植入人工晶状体矫正屈光不正。各手术均列出适应证、禁忌证、操作要点及并发症处理。

最后的训练部分介绍了动物眼实验室训练，包括连续环形撕囊、超声乳化刻槽与劈核、皮质吸除、复杂病例处理等技能，强调实验室训练与临床手术的差异；计算机虚拟手术训练（如Eyesi、Phaco Vision模拟仪）利用仿真眼、仿真器械和三维手术界面进行白内障及玻璃体视网膜手术训练，并具有实时警告和量化评分功能。","# Summary
《眼科手术操作技术》（第2版）由管怀进主编，是一部系统论述眼科手术操作原理、方法、技术、技巧及注意事项的专著。全书共5篇26章：第一篇介绍镊取、切开、分离、缝合、打结、止血等基本操作的器械与技巧，以及无菌、麻醉、暴露、软化眼球、黏弹剂应用等基础操作；第二篇讲述显微手术与内镜微创手术基本技术；第三篇阐明结膜、角膜、角膜缘、巩膜、虹膜、晶状体等组织的切开缝合操作；第四篇论述白内障超声乳化、青光眼、角膜移植、玻璃体视网膜及眼外伤、斜视、眼肿瘤、眼整形等常见手术；第五篇介绍实验室训练方法与技巧。书前序言和前言指出，眼科手术医师既要“精于勤”反复实践，也要“知其理”掌握操作原理；第2版在保留第1版特色的基础上，采用全彩色插图，新增内镜微创手术、新术式操作细节及手术培训等内容。

在具体操作技术方面，第一章重点剖析眼组织镊持的力学原理：镊取组织须使摩擦力大于牵拉力，摩擦力取决于作用力、镊尖接触及夹持方向。无齿镊分为夹持面可变型、固定型、凹槽型和环型，各有适用范围；有齿镊（直角齿、成角齿/鼠齿镊）通过使组织变形增强把持，常用于角膜、巩膜等坚韧组织，操作时需注意持镊位置和制动挡的调节。第二章介绍眼用手术刀的类型，包括尖点刃、线状刃、环形刃等，并阐述不同刀片切开直线、弧形切口的特性。

节选还涵盖多种屈光手术：传导性角膜成形术与激光角膜热成形术通过加热使角膜胶原收缩以矫正远视；单眼视LASIK对主视眼全矫、非主视眼欠矫，利用大脑抑制模糊成像获得看远看近能力；激光老视逆转术通过巩膜激光切削增加巩膜弹性；有晶状体眼人工晶状体植入术则在前房或后房植入人工晶状体矫正屈光不正。各手术均列出适应证、禁忌证、操作要点及并发症处理。

最后的训练部分介绍了动物眼实验室训练，包括连续环形撕囊、超声乳化刻槽与劈核、皮质吸除、复杂病例处理等技能，强调实验室训练与临床手术的差异；计算机虚拟手术训练（如Eyesi、Phaco Vision模拟仪）利用仿真眼、仿真器械和三维手术界面进行白内障及玻璃体视网膜手术训练，并具有实时警告和量化评分功能。",本书为管怀进主编、2012年出版的眼科手术操作技术专著，面向各级眼科医师、五官科及显微外科医师、眼科手术培训者和医学院校师生。全书围绕“如何操作、为何如此操作及如何避免并发症”展开，系统涵盖眼组织镊持、切开、分离、缝合、打结、止血、无菌、麻醉、暴露、软化眼球和黏弹剂应用；眼科显微镜、显微器械、显微缝线、显微手术及内镜微创技术；结膜、角膜、角膜缘、巩膜、虹膜和晶状体的基本操作。临床部分涉及翼状胬肉、屈光手术、角膜移植、青光眼、白内障摘除与人工晶状体植入、超声乳化及术中异常处理、玻璃体积血、复杂性视网膜脱离、黄斑病变、增生性糖尿病视网膜病变、眼内炎、眼外伤、眼内异物、斜视、眼眶肿瘤、上睑下垂、无眼球眼窝凹陷和眶壁骨折等手术，并介绍动物眼手术、实验室训练和计算机虚拟手术训练。
257,眼科治疗手册 临床指南-Bruce E Onofrey 2013,normalized_exact,01-眼科综合：基础与全身病,09c593aa-1a64-48de-af81-fc4d30d551b4,10000,a306b87a-27a2-40e2-af1a-0105b70d8eb3,眼科治疗手册 临床指南-Bruce E Onofrey 2013_weknora.mhtml,眼科治疗手册 临床指南-Bruce E Onofrey 2013_weknora.mhtml,completed,abf2cdd1-9ec1-4807-be3b-35540a497c88,9dddc394-e9d2-4ae6-9139-85c02bcd19e9,408,1184,d33e971cff07ee64feebaa7f01b6a2dbd79ceb277e775fc10f5de5b555a60229,"《眼科治疗手册——临床指南》是美国眼科学领域有影响力的临床参考专著（第3版），由Bruce E. Onofrey、Leonid Skorin Jr.和Nicky R. Holdeman原著，赵培泉、金海鹰主译，北京大学医学出版社出版。全书以简明、快速易得的形式为临床医生提供眼科问题的诊治信息，结构分为快速查阅、眼科治疗和附录三部分。快速查阅部分涵盖眼科微生物分类、实验室检查方法等内容；治疗部分论述疾病的病理生理学、病因学、流行病学特点和推荐治疗方案；附录提供眼科缩写与转换表。书中收录150多个病例解析，采用“问题导向”式设计，围绕每个病例系统论述病理生理学、病因学、临床症状和体征、流行病学、家族史、临床检查、推荐疗法和时间表，便于医生在临床中高效检索关键信息。

从内容选段来看，书中详细介绍了眼科微生物相关的实用信息，包括微生物学和细胞学实验所需材料、眼科重要细菌的分类（革兰阳性菌与革兰阴性菌）、耐甲氧西林金黄色葡萄球菌（MRSA）的社区相关性与诊所相关性区别、常见眼睑细菌特点、结膜炎患者与正常人的菌群比较、革兰染色及多种眼部标本染色方法（PAS、抗酸染色、瑞特-吉姆萨染色、Diff-Quick等）以及常用眼科培养基的使用。此外，书中还包含化学性眼外伤的分级（Hugh分级）与治疗时间表，涵盖急诊冲洗（持续冲洗至泪液pH中性）、碱烧伤与酸烧伤的后续治疗、睫状肌麻痹剂与抗生素的使用、激素应用的时机与限制、降眼压药物选择，以及远期处理如角膜移植术等，并附有角膜曲率屈光度与曲率半径换算表等附录资料。

本书的翻译出版获得国家自然科学基金、上海市级医院新兴前沿技术联合攻关项目、教育部留学回国人员科研启动基金、广东省医学科研基金等多项资助，可供眼科学、视光学临床医生、住院医师、培训医生、研究生与实习医生作为临床工作参考用书。","# Summary
《眼科治疗手册——临床指南》是美国眼科学领域有影响力的临床参考专著（第3版），由Bruce E. Onofrey、Leonid Skorin Jr.和Nicky R. Holdeman原著，赵培泉、金海鹰主译，北京大学医学出版社出版。全书以简明、快速易得的形式为临床医生提供眼科问题的诊治信息，结构分为快速查阅、眼科治疗和附录三部分。快速查阅部分涵盖眼科微生物分类、实验室检查方法等内容；治疗部分论述疾病的病理生理学、病因学、流行病学特点和推荐治疗方案；附录提供眼科缩写与转换表。书中收录150多个病例解析，采用“问题导向”式设计，围绕每个病例系统论述病理生理学、病因学、临床症状和体征、流行病学、家族史、临床检查、推荐疗法和时间表，便于医生在临床中高效检索关键信息。

从内容选段来看，书中详细介绍了眼科微生物相关的实用信息，包括微生物学和细胞学实验所需材料、眼科重要细菌的分类（革兰阳性菌与革兰阴性菌）、耐甲氧西林金黄色葡萄球菌（MRSA）的社区相关性与诊所相关性区别、常见眼睑细菌特点、结膜炎患者与正常人的菌群比较、革兰染色及多种眼部标本染色方法（PAS、抗酸染色、瑞特-吉姆萨染色、Diff-Quick等）以及常用眼科培养基的使用。此外，书中还包含化学性眼外伤的分级（Hugh分级）与治疗时间表，涵盖急诊冲洗（持续冲洗至泪液pH中性）、碱烧伤与酸烧伤的后续治疗、睫状肌麻痹剂与抗生素的使用、激素应用的时机与限制、降眼压药物选择，以及远期处理如角膜移植术等，并附有角膜曲率屈光度与曲率半径换算表等附录资料。

本书的翻译出版获得国家自然科学基金、上海市级医院新兴前沿技术联合攻关项目、教育部留学回国人员科研启动基金、广东省医学科研基金等多项资助，可供眼科学、视光学临床医生、住院医师、培训医生、研究生与实习医生作为临床工作参考用书。",2013年出版。本书是面向眼科、视光学临床医生、住院医师、培训医生、研究生和实习医生的临床参考手册，也适合未经眼科专业训练的医生快速查阅。全书分为快速查阅、眼科治疗和附录三部分：涵盖眼科微生物、实验室检查及操作规程、眼科诊断检查、全身用药的眼部副作用和眼科药物；系统讨论细菌、病毒、真菌及棘阿米巴等感染，免疫性疾病、泪器病、眼外伤、眼科急症、系统性突发事件、脑外伤，以及糖尿病、高血压、甲状腺相关眼病和HIV相关眼病；进一步覆盖青光眼、视网膜与玻璃体疾病、神经眼科、眼整形、小儿眼科、白内障与屈光手术。内容涉及角膜炎、葡萄膜炎、视网膜脱离、年龄相关性黄斑变性、视网膜血管阻塞、早产儿视网膜病变、视网膜母细胞瘤等，介绍药物治疗、激光、白内障超声乳化、LASIK及相关急救流程。检查与技术关键词包括CT、MRI、荧光素和吲哚青绿血管造影、眼科超声、OCT、扫描激光影像、角膜地形图、角膜测厚、眼电生理和活体共聚焦显微镜。
258,眼科疑难问题解析-姜发纲 2011,normalized_exact,01-眼科综合：基础与全身病,09c593aa-1a64-48de-af81-fc4d30d551b4,10000,f55ed88b-4845-4f56-8884-dd65412c1b99,眼科疑难问题解析-姜发纲 2011_weknora.mhtml,眼科疑难问题解析-姜发纲 2011_weknora.mhtml,completed,,,304,833,e896a24f37df0a4398abe5b26ccd4214d508633093752ce08b2240cfb8c16830,,,2011年出版的《眼科疑难问题解析》属“主任医师·教授查房丛书”，以问答式解析眼科临床常见及疑难问题，适合眼科研究生、住院医师和主治医师查阅学习。全书涵盖眼睑与泪器、结膜、干眼、角膜、晶状体、青光眼、视网膜、葡萄膜、视神经、眼外伤、眼肿瘤、眼科整形美容、斜视弱视与屈光、准分子激光角膜屈光手术及特殊检查。内容涉及上睑下垂、泪道阻塞、结膜炎、干眼、角膜炎、白内障、青光眼、视网膜血管病、黄斑病变、视神经炎、眼外伤、甲状腺相关眼病等疾病的鉴别诊断、检查与治疗，并介绍PRK、LASIK、LASEK、PTK、眼眶减压及眼睑重建等手术技术，以及OCT、FFA、ICGA、视野、HRT、GDx、UBM等影像和功能检查。
259,眼科疾病临床诊疗思维-王宁利 2011,normalized_exact,01-眼科综合：基础与全身病,09c593aa-1a64-48de-af81-fc4d30d551b4,10000,f17f66ae-f7a6-4556-8542-433dd18d49ea,眼科疾病临床诊疗思维-王宁利 2011_weknora.mhtml,眼科疾病临床诊疗思维-王宁利 2011_weknora.mhtml,completed,28b8c33e-2d04-4a7f-8495-39cc574071a1,79362d82-a3d1-4a3b-b547-dc5dd4672af2,340,1000,474c807d53d176d68b5ce02855a7c87738bd82fcdf43584d404a04f9da6d15e9,"《眼科疾病临床诊疗思维》是由王宁利、谢立信、崔浩主编，马建民任副主编，人民卫生出版社于2011年出版的临床诊疗思维系列丛书之一。该书以培养医学生和低年资医师主动、科学的临床诊疗思维为宗旨，约60万字，精选56个病例，涵盖眼睑病、角膜病、青光眼、眼眶病等多个眼科领域，并专设2个章节介绍中医眼科的临床诊疗思维模式。全书以临床病例为依托，围绕问诊、体格检查、辅助检查选择、诊断确立、治疗方案制订与调整、术后随访及失败病例经验总结等完整诊疗过程展开，重点展现医生的临床思维变化。

节选内容中，病例1完整展示了4岁男性患儿先天性上睑下垂的诊疗过程。患儿出生后即双眼睁不大且大小不一，经病史询问、体格检查、散瞳验光、新斯的明试验及胸片检查，最终诊断为双眼先天性上睑下垂伴右眼弱视，排除了重症肌无力。治疗采用全麻下双眼提上睑肌缩短术，术后给予人工泪液及眼膏保护角膜，并配合弱视训练，术后随访半年视力和眼睑外观均明显改善。该病例还系统阐述了上睑下垂的分类（先天性、后天性）、鉴别诊断要点及手术方式选择原则。

其他节选病例包括：病例2为54岁男性右眼反复红痛、视力下降20余年，考虑病毒性角膜炎；病例29为儿童牵牛花综合征并发陈旧性视网膜脱离，行玻璃体切除联合眼内激光、硅油填充手术，术后出现硅油进入视网膜下等复杂情况，经二次手术处理，并介绍了牵牛花综合征的临床特征与发病机制；病例30为60岁糖尿病史20年女性双眼渐进性视力下降，考虑糖尿病性视网膜病变及代谢性白内障。

中医眼科部分论述了眼底出血""止血、消瘀、宁血、补虚""的治血四法及其在不同出血阶段的应用，单纯疱疹病毒性角膜炎的中西医结合辨证论治思路，以及眼科围手术期应用益气养阴、清热解毒、活血化瘀等中药调理的原则。书末附有56个病例的最终诊断结果列表，涉及先天性上睑下垂、各种类型角膜炎与青光眼、糖尿病性视网膜病变、眼内异物、眼眶骨折、眼部肿瘤及全身病相关眼病等多种疾病。","# Summary
《眼科疾病临床诊疗思维》是由王宁利、谢立信、崔浩主编，马建民任副主编，人民卫生出版社于2011年出版的临床诊疗思维系列丛书之一。该书以培养医学生和低年资医师主动、科学的临床诊疗思维为宗旨，约60万字，精选56个病例，涵盖眼睑病、角膜病、青光眼、眼眶病等多个眼科领域，并专设2个章节介绍中医眼科的临床诊疗思维模式。全书以临床病例为依托，围绕问诊、体格检查、辅助检查选择、诊断确立、治疗方案制订与调整、术后随访及失败病例经验总结等完整诊疗过程展开，重点展现医生的临床思维变化。

节选内容中，病例1完整展示了4岁男性患儿先天性上睑下垂的诊疗过程。患儿出生后即双眼睁不大且大小不一，经病史询问、体格检查、散瞳验光、新斯的明试验及胸片检查，最终诊断为双眼先天性上睑下垂伴右眼弱视，排除了重症肌无力。治疗采用全麻下双眼提上睑肌缩短术，术后给予人工泪液及眼膏保护角膜，并配合弱视训练，术后随访半年视力和眼睑外观均明显改善。该病例还系统阐述了上睑下垂的分类（先天性、后天性）、鉴别诊断要点及手术方式选择原则。

其他节选病例包括：病例2为54岁男性右眼反复红痛、视力下降20余年，考虑病毒性角膜炎；病例29为儿童牵牛花综合征并发陈旧性视网膜脱离，行玻璃体切除联合眼内激光、硅油填充手术，术后出现硅油进入视网膜下等复杂情况，经二次手术处理，并介绍了牵牛花综合征的临床特征与发病机制；病例30为60岁糖尿病史20年女性双眼渐进性视力下降，考虑糖尿病性视网膜病变及代谢性白内障。

中医眼科部分论述了眼底出血""止血、消瘀、宁血、补虚""的治血四法及其在不同出血阶段的应用，单纯疱疹病毒性角膜炎的中西医结合辨证论治思路，以及眼科围手术期应用益气养阴、清热解毒、活血化瘀等中药调理的原则。书末附有56个病例的最终诊断结果列表，涉及先天性上睑下垂、各种类型角膜炎与青光眼、糖尿病性视网膜病变、眼内异物、眼眶骨折、眼部肿瘤及全身病相关眼病等多种疾病。",2011年出版。本书面向医学生、眼科住院医师及临床眼科医务人员，旨在训练从问诊、体格检查、辅助检查、鉴别诊断到治疗、随访的系统临床思维。全书以56个病例展开，涵盖眼睑、角膜、巩膜与葡萄膜、晶状体、青光眼、玻璃体、视网膜与脉络膜、斜视与小儿眼病、眼眶、眼外伤及神经眼科、眼部肿瘤等领域，并设中医眼科诊疗思路章节。重点涉及先天性上睑下垂、单纯疱疹病毒性角膜炎、圆锥角膜、白内障、正常眼压性及新生血管性青光眼、急慢性葡萄膜炎、糖尿病性视网膜病变、视网膜中央动脉阻塞、视网膜色素变性、眼眶肿瘤、眼内异物和碱烧伤等。书中结合裂隙灯、眼压、眼底、角膜OCT、共焦显微镜、角膜地形图、B超及影像学检查，讨论抗病毒、抗感染、降眼压、糖皮质激素、激光、角膜移植、青光眼滤过手术及外伤处理等诊疗技术。
260,眼科疾病的发病机制与治疗-莱文、艾伯特著 2012,normalized_exact,01-眼科综合：基础与全身病,09c593aa-1a64-48de-af81-fc4d30d551b4,10000,63bd5f4d-be01-4af5-84c1-a3f9653a557b,眼科疾病的发病机制与治疗-莱文、艾伯特著 2012_weknora.mhtml,眼科疾病的发病机制与治疗-莱文、艾伯特著 2012_weknora.mhtml,completed,53e35de9-c980-442d-be30-ee6ba38a6344,e8a1703d-ec9d-4ce9-b9e2-349dda71ca49,385,1087,b9084b73073ffe21af41e272dae44d436f3154a3414c97fbed1ae73104a6da43,"《眼科疾病的发病机制与治疗》（Ocular Disease: Mechanisms and Management）是由Leonard A. Levin和Daniel M. Albert于2010年主编的眼科学专著，汇集了美、英、加等国上百位眼科专家的研究成果与临床经验。中译本由张丰菊、宋旭东主译，魏文斌主审，北京大学医学出版社于2012年出版。译者序言、前言及原著序言均强调，该书摒弃传统按解剖部位分章的编写模式，以临床问题为核心，从病理生理和分子机制角度阐释疾病，旨在帮助眼科医生“知其然，亦知其所以然”。原著序言还介绍了遗传学进展，如已鉴定出超过500个导致孟德尔眼疾病的基因，以及补体因子H等年龄相关性黄斑变性风险基因的发现。

文档摘录了三个章节内容。其一为角膜透明度丧失的机制，从角膜胶原纤维排列、晶格理论、短程有序理论等透明度理论出发，分析了角膜水肿时“湖”的形成及其对光散射的影响，以及角膜瘢痕和屈光手术后混浊的结构基础。其二为Leber遗传性视神经病变（LHON），阐述了其线粒体DNA突变（3460、14484、11778位点）、外显率差异、X染色体敏感位点、视网膜神经节细胞选择性易损的病理生理机制，以及吸烟饮酒等环境诱因。其三为结节病的病因与病理生理，介绍了其非干酪样肉芽肿的病理特征（绍曼小体、草酸钙结晶等）、CD4+T细胞在肺泡灌洗液中的诊断价值，以及分枝杆菌、痤疮丙酸杆菌等感染因素和遗传易感性的相关研究。","# Summary
《眼科疾病的发病机制与治疗》（Ocular Disease: Mechanisms and Management）是由Leonard A. Levin和Daniel M. Albert于2010年主编的眼科学专著，汇集了美、英、加等国上百位眼科专家的研究成果与临床经验。中译本由张丰菊、宋旭东主译，魏文斌主审，北京大学医学出版社于2012年出版。译者序言、前言及原著序言均强调，该书摒弃传统按解剖部位分章的编写模式，以临床问题为核心，从病理生理和分子机制角度阐释疾病，旨在帮助眼科医生“知其然，亦知其所以然”。原著序言还介绍了遗传学进展，如已鉴定出超过500个导致孟德尔眼疾病的基因，以及补体因子H等年龄相关性黄斑变性风险基因的发现。

文档摘录了三个章节内容。其一为角膜透明度丧失的机制，从角膜胶原纤维排列、晶格理论、短程有序理论等透明度理论出发，分析了角膜水肿时“湖”的形成及其对光散射的影响，以及角膜瘢痕和屈光手术后混浊的结构基础。其二为Leber遗传性视神经病变（LHON），阐述了其线粒体DNA突变（3460、14484、11778位点）、外显率差异、X染色体敏感位点、视网膜神经节细胞选择性易损的病理生理机制，以及吸烟饮酒等环境诱因。其三为结节病的病因与病理生理，介绍了其非干酪样肉芽肿的病理特征（绍曼小体、草酸钙结晶等）、CD4+T细胞在肺泡灌洗液中的诊断价值，以及分枝杆菌、痤疮丙酸杆菌等感染因素和遗传易感性的相关研究。",本书为莱文、艾伯特主编、2012年出版的眼科学专著，将视觉科学、病理生理机制与临床诊疗结合，适合眼科医师、研究生及从事眼病基础研究和临床转化的人员。全书依次讨论角膜、干眼病、青光眼、晶状体、神经眼科学、肿瘤学、其他眼病、小儿眼病、视网膜和葡萄膜炎，涵盖角膜透明度丧失、异常伤口愈合、LASIK/PRK术后反应、角膜营养不良、Fuchs营养不良、圆锥角膜、感染性角膜炎、移植排斥、角膜水肿、眼表修复、疱疹性角膜炎、变态反应、干眼免疫机制与泪膜异常，以及青光眼神经损害、白内障、视神经病变、眼内肿瘤、斜视弱视、糖尿病视网膜病变、黄斑变性、视网膜脱离和葡萄膜炎等。书中涉及裂隙灯、角膜地形图、角膜内皮镜、共聚焦显微镜、OCT、角膜厚度测量、培养及PCR等检查；并讨论基因治疗、抗炎和抗血管生成药物、丝裂霉素C、LASIK/PRK、飞秒激光制瓣、角膜移植及角膜基质环植入等技术。
261,眼科病理学-赵桂秋 2014,normalized_exact,01-眼科综合：基础与全身病,09c593aa-1a64-48de-af81-fc4d30d551b4,10000,7f1c652f-ae14-4523-876c-1bd908e0ebae,眼科病理学-赵桂秋 2014_weknora.mhtml,眼科病理学-赵桂秋 2014_weknora.mhtml,completed,2343a7ea-d53b-4e49-b61d-35862fe5b61e,79cc1ca7-750b-4edf-b407-7474a2b79464,375,1107,841b5fcee23c582e331a822fd34546cc4583b5b26fc610b996e20ca6183c26fc,"《眼科病理学》第2版由赵桂秋、孙为荣主编，人民卫生出版社2014年出版。前言回顾了我国眼科病理学的发展历程，并阐明本书编写原则为先进性、科学性、实用性和可读性，全书共16章、50万字、图2193幅，图片均取自国人眼科病理切片。

第一章总论系统阐述了细胞、组织的适应与损伤。适应包括肥大（代偿性、内分泌性）、增生（生理性、病理性）、萎缩（生理性、病理性）和化生；损伤因素归纳为物理、化学、生物、免疫、遗传和营养六类；损伤机制涉及缺血缺氧性损伤及化学性毒性损伤等；形态学改变涵盖可逆性变性（细胞水肿、脂肪变性、玻璃样变性、淀粉样变性、黏液样变性、纤维素样变性、病理性色素沉积等）和不可逆性细胞死亡。

后续内容涉及多种视网膜血管疾病的病理改变，包括糖尿病性视网膜病变（微血管瘤、出血渗出、神经纤维层梗死、新生血管及增生膜形成等）、视网膜静脉周围炎（Eales病）、巨细胞动脉炎及Coats病（外层渗出性视网膜病变）的临床表现与病理特征。

此外，还介绍了现代眼科病理学技术：PCR基因重排检测、比较基因组杂交技术（CGH）、比较蛋白质组学技术、流式细胞技术以及形态计量与图像分析技术，说明了各自原理、方法、优点及临床应用。","# Summary
《眼科病理学》第2版由赵桂秋、孙为荣主编，人民卫生出版社2014年出版。前言回顾了我国眼科病理学的发展历程，并阐明本书编写原则为先进性、科学性、实用性和可读性，全书共16章、50万字、图2193幅，图片均取自国人眼科病理切片。

第一章总论系统阐述了细胞、组织的适应与损伤。适应包括肥大（代偿性、内分泌性）、增生（生理性、病理性）、萎缩（生理性、病理性）和化生；损伤因素归纳为物理、化学、生物、免疫、遗传和营养六类；损伤机制涉及缺血缺氧性损伤及化学性毒性损伤等；形态学改变涵盖可逆性变性（细胞水肿、脂肪变性、玻璃样变性、淀粉样变性、黏液样变性、纤维素样变性、病理性色素沉积等）和不可逆性细胞死亡。

后续内容涉及多种视网膜血管疾病的病理改变，包括糖尿病性视网膜病变（微血管瘤、出血渗出、神经纤维层梗死、新生血管及增生膜形成等）、视网膜静脉周围炎（Eales病）、巨细胞动脉炎及Coats病（外层渗出性视网膜病变）的临床表现与病理特征。

此外，还介绍了现代眼科病理学技术：PCR基因重排检测、比较基因组杂交技术（CGH）、比较蛋白质组学技术、流式细胞技术以及形态计量与图像分析技术，说明了各自原理、方法、优点及临床应用。",本书为赵桂秋、孙为荣主编，2014年出版的《眼科病理学》第2版，定位于病理工作者、眼科医师及研究生，强调病理与临床联系、诊断与鉴别诊断，并配有大量国人眼科病理彩色图像。全书16章，内容由总论中的细胞损伤与修复、炎症、免疫病理、先天异常和肿瘤基础，延伸至眼睑、泪器、结膜、角膜、巩膜、葡萄膜、视网膜、青光眼、晶状体、玻璃体、视神经及眼眶疾病，涵盖感染、外伤、变性、血管病变、肿瘤和发育异常；重点涉及角膜溃疡、葡萄膜炎、视网膜脱离、糖尿病性视网膜病变、年龄相关性黄斑变性、视网膜母细胞瘤、葡萄膜黑色素瘤、青光眼、白内障、眼眶淋巴瘤及甲状腺相关眼病等。另设全身性疾病与眼、临床病理基本知识及实验技术，介绍标本采集固定、HE及特殊染色、免疫组织化学、电子显微镜、激光共焦显微、原位杂交、显微切割、流式细胞和图像分析等技术，并涉及眼内手术并发症及病理报告解读。
262,眼科病理学图谱-赵桂秋 2011,normalized_exact,01-眼科综合：基础与全身病,09c593aa-1a64-48de-af81-fc4d30d551b4,10000,05a541f8-45b1-4f18-8c31-649d6a4ceecf,眼科病理学图谱-赵桂秋 2011_weknora.mhtml,眼科病理学图谱-赵桂秋 2011_weknora.mhtml,completed,c9490e33-67b4-4963-a787-8924e7c240ea,56384f9e-4dea-439f-a5d2-0fd9ffe03b5f,344,1004,aaebbc4870b06c4b0efb870d554d96dcb8955007d34b629d9f05568ddc7e6bbe,"《眼科病理学图谱》是由赵桂秋、林锦镛、林红主编、孙为荣主审，人民卫生出版社2011年出版的眼科病理学专著。前言指出，病理学检查能准确揭示病变的病理属性、严重程度和发展趋势，是影像学检查无法取代的重要诊断手段，眼科病理学是基础医学与临床医学之间的桥梁。全书共10章，按眼的解剖部位排列，收录近千幅典型的临床影像及组织病理学彩色图片，涵盖眼科常见病、多发病及肿瘤与非肿瘤性疾患。

书中第一部分讲述眼睑及眼附属器病变。正常眼睑由皮肤、皮下疏松结缔组织、肌层、睑板和结膜5层构成，含Zeis腺、Moll腺、Krause和Wolfring腺、Meibomian腺等附属结构。感染性炎性病变方面，结核性肉芽肿以干酪样坏死和Langhans多核巨细胞为特征；传染性软疣由痘病毒引起，表皮细胞内有嗜酸性软疣小体；寻常疣与HPV感染有关，可见空泡状细胞；蠕形螨感染可致睑缘炎症。非感染性炎症方面，睑板腺囊肿为导管阻塞引起的慢性无菌性肉芽肿性炎症；结节病表现为无干酪样坏死的肉芽肿结节，需与结核性肉芽肿鉴别；巨噬细胞性肉芽肿多由异物引起。眼睑表皮良性肿瘤中，鳞状细胞乳头状瘤呈乳头状外生性生长，中央含纤维血管束；脂溢性角化病为基底细胞增生，分棘层肥厚型、网状型和色素型，可含假性角质囊肿。

第二部分涉及视网膜变性病变。周边部视网膜微小囊样变性好发于老年人，囊腔位于外丛状层与内核层之间；黄斑囊性水肿由多种原因导致黄斑部液体聚积于外丛状层；变性性视网膜劈裂症指视网膜自外丛状层劈裂为两层，是视网膜脱离的重要原因；铺路石样变性表现为周边部视网膜变薄萎缩、色素上皮消失；年龄相关性黄斑变性临床分萎缩型和渗出型，渗出型伴脉络膜新生血管。

第三部分为眼眶肿瘤。邻近结构恶性肿瘤可蔓延至眶内，包括鼻窦肿瘤、眼睑或结膜恶性肿瘤、眼球内肿瘤（如视网膜母细胞瘤、脉络膜黑色素瘤）及颅内肿瘤。眼眶转移性肿瘤均经血源性转移，儿童以神经母细胞瘤等胚胎性肉瘤为主，成人以癌瘤为主，女性多源于乳腺癌，男性多源于肺癌，并介绍了白血病及粒细胞肉瘤侵犯眼眶的病理特征。","# Summary
《眼科病理学图谱》是由赵桂秋、林锦镛、林红主编、孙为荣主审，人民卫生出版社2011年出版的眼科病理学专著。前言指出，病理学检查能准确揭示病变的病理属性、严重程度和发展趋势，是影像学检查无法取代的重要诊断手段，眼科病理学是基础医学与临床医学之间的桥梁。全书共10章，按眼的解剖部位排列，收录近千幅典型的临床影像及组织病理学彩色图片，涵盖眼科常见病、多发病及肿瘤与非肿瘤性疾患。

书中第一部分讲述眼睑及眼附属器病变。正常眼睑由皮肤、皮下疏松结缔组织、肌层、睑板和结膜5层构成，含Zeis腺、Moll腺、Krause和Wolfring腺、Meibomian腺等附属结构。感染性炎性病变方面，结核性肉芽肿以干酪样坏死和Langhans多核巨细胞为特征；传染性软疣由痘病毒引起，表皮细胞内有嗜酸性软疣小体；寻常疣与HPV感染有关，可见空泡状细胞；蠕形螨感染可致睑缘炎症。非感染性炎症方面，睑板腺囊肿为导管阻塞引起的慢性无菌性肉芽肿性炎症；结节病表现为无干酪样坏死的肉芽肿结节，需与结核性肉芽肿鉴别；巨噬细胞性肉芽肿多由异物引起。眼睑表皮良性肿瘤中，鳞状细胞乳头状瘤呈乳头状外生性生长，中央含纤维血管束；脂溢性角化病为基底细胞增生，分棘层肥厚型、网状型和色素型，可含假性角质囊肿。

第二部分涉及视网膜变性病变。周边部视网膜微小囊样变性好发于老年人，囊腔位于外丛状层与内核层之间；黄斑囊性水肿由多种原因导致黄斑部液体聚积于外丛状层；变性性视网膜劈裂症指视网膜自外丛状层劈裂为两层，是视网膜脱离的重要原因；铺路石样变性表现为周边部视网膜变薄萎缩、色素上皮消失；年龄相关性黄斑变性临床分萎缩型和渗出型，渗出型伴脉络膜新生血管。

第三部分为眼眶肿瘤。邻近结构恶性肿瘤可蔓延至眶内，包括鼻窦肿瘤、眼睑或结膜恶性肿瘤、眼球内肿瘤（如视网膜母细胞瘤、脉络膜黑色素瘤）及颅内肿瘤。眼眶转移性肿瘤均经血源性转移，儿童以神经母细胞瘤等胚胎性肉瘤为主，成人以癌瘤为主，女性多源于乳腺癌，男性多源于肺癌，并介绍了白血病及粒细胞肉瘤侵犯眼眶的病理特征。",赵桂秋、林锦镛、林红主编，2011年出版。本书为以国人临床与病理资料为主的眼科临床病理学图谱，适合眼科医师、眼病理学医师、病理工作者及医学生、研究生学习参考。全书10章，围绕眼睑及附属器、结膜、角膜巩膜、葡萄膜、视网膜与视神经、晶状体玻璃体、眼外伤、青光眼和眼眶病变展开，兼顾正常组织解剖、先天异常、炎症、变性、血管病变、囊肿及良恶性肿瘤。重点涉及基底细胞癌、鳞状细胞癌、皮脂腺癌、结膜黑色素瘤、葡萄膜黑色素瘤、视网膜母细胞瘤、糖尿病性视网膜病变、视网膜脱离、白内障、青光眼及泪腺和眼眶肿瘤等。内容结合临床表现、外眼影像、眼底及组织病理图像，强调病理诊断、良恶性鉴别和临床诊疗依据，涉及B型超声、CT、MRI、HE染色、免疫学、分子细胞生物学、数码摄影、眼球外伤及眼内手术并发症等关键词。
263,眼科荧光血管造影-翁景宁 2011,normalized_exact,15-检查：眼底血管造影（FFA/ICGA）,b12450f6-99ea-4f03-8765-a0a9b2753124,10000,bcbda05c-ceaa-4c33-91a6-f3229912b5e2,眼科荧光血管造影-翁景宁 2011_weknora.mhtml,眼科荧光血管造影-翁景宁 2011_weknora.mhtml,completed,49de3201-c6b9-4cdd-9f30-98985358d841,f1609bc1-6e20-41b4-aeb9-f0832994766a,397,1123,a059678917189d81104b017c091f7d01a5969a08988c603d99161f7fcfcccc16,"《眼科荧光血管造影》是由S. Dithmar与F.G. Holz原著、翁景宁等主译的眼科影像学专著。全书基于海德堡大学眼科应用第二代海德堡视网膜血管造影仪（HRA2）的临床经验编写，系统介绍荧光素血管造影（FA）、吲哚青绿血管造影（ICGA）与眼底自发荧光（AF）三种技术，配合大量典型病例图例及解析，适于眼科医师临床参考。

在理化基础方面，书中阐述了荧光产生原理，并介绍两种造影剂：荧光素钠吸收光谱位于465～490nm，激发光谱520～530nm，注射后70%～80%与血浆蛋白结合，经肝肾排泄；常见不良反应为恶心呕吐，偶有过敏性休克，妊娠及过敏史者禁用。吲哚青绿吸收与激发光谱均位于红外区（790～805nm、825～835nm），98%与血浆蛋白结合，几乎不溢出血管，经肝脏代谢，不良反应较少，但甲亢、贝类过敏及严重肝功能不全者禁用，其红外光穿透性强，特别适用于脉络膜循环研究。

技术原理部分，书中重点介绍共焦激光扫描检眼镜（SLO）的设计与成像原理，包括激光光源（氩离子激光及倍频半导体激光）、共焦光圈对晶状体等杂散光的屏蔽作用、横向与纵向分辨率参数，以及HRA2设备的基本成像模式：FA（488nm）、ICGA、无赤光（RF）与红外照相（IR），并支持同步成像、拼图模式、广角物镜、ART运动校正、眼前节检查与立体成像等扩展功能。

临床应用方面，黄斑疾病部分描述了黄斑囊样水肿的囊腔样强荧光与三叶草样外观；遗传性黄斑病变中，Stargardt病表现为脂褐质沉积导致的暗脉络膜、RPE缺失区窗样缺损及AF增强，眼底黄色斑点症为其相关表型；Best病（卵状黄斑营养不良）以脂褐质盘状积存及强AF为特征；图形状RPE营养不良呈对称性色素纹。视神经疾病部分，视盘水肿在FA中显示毛细血管扩张与晚期染料渗漏，视盘旁脉络膜新生血管表现与其他部位CNV类似的强荧光和渗漏。眼内肿瘤部分，脉络膜黑色素瘤的FA/ICGA表现随色素沉着与血管化程度而异；脉络膜转移癌多表现为背景荧光遮蔽及晚期不规则强荧光；脉络膜血管瘤则因瘤体内血管充盈呈特征性强荧光，ICGA可持续显示肿瘤内血管网。","# Summary
《眼科荧光血管造影》是由S. Dithmar与F.G. Holz原著、翁景宁等主译的眼科影像学专著。全书基于海德堡大学眼科应用第二代海德堡视网膜血管造影仪（HRA2）的临床经验编写，系统介绍荧光素血管造影（FA）、吲哚青绿血管造影（ICGA）与眼底自发荧光（AF）三种技术，配合大量典型病例图例及解析，适于眼科医师临床参考。

在理化基础方面，书中阐述了荧光产生原理，并介绍两种造影剂：荧光素钠吸收光谱位于465～490nm，激发光谱520～530nm，注射后70%～80%与血浆蛋白结合，经肝肾排泄；常见不良反应为恶心呕吐，偶有过敏性休克，妊娠及过敏史者禁用。吲哚青绿吸收与激发光谱均位于红外区（790～805nm、825～835nm），98%与血浆蛋白结合，几乎不溢出血管，经肝脏代谢，不良反应较少，但甲亢、贝类过敏及严重肝功能不全者禁用，其红外光穿透性强，特别适用于脉络膜循环研究。

技术原理部分，书中重点介绍共焦激光扫描检眼镜（SLO）的设计与成像原理，包括激光光源（氩离子激光及倍频半导体激光）、共焦光圈对晶状体等杂散光的屏蔽作用、横向与纵向分辨率参数，以及HRA2设备的基本成像模式：FA（488nm）、ICGA、无赤光（RF）与红外照相（IR），并支持同步成像、拼图模式、广角物镜、ART运动校正、眼前节检查与立体成像等扩展功能。

临床应用方面，黄斑疾病部分描述了黄斑囊样水肿的囊腔样强荧光与三叶草样外观；遗传性黄斑病变中，Stargardt病表现为脂褐质沉积导致的暗脉络膜、RPE缺失区窗样缺损及AF增强，眼底黄色斑点症为其相关表型；Best病（卵状黄斑营养不良）以脂褐质盘状积存及强AF为特征；图形状RPE营养不良呈对称性色素纹。视神经疾病部分，视盘水肿在FA中显示毛细血管扩张与晚期染料渗漏，视盘旁脉络膜新生血管表现与其他部位CNV类似的强荧光和渗漏。眼内肿瘤部分，脉络膜黑色素瘤的FA/ICGA表现随色素沉着与血管化程度而异；脉络膜转移癌多表现为背景荧光遮蔽及晚期不规则强荧光；脉络膜血管瘤则因瘤体内血管充盈呈特征性强荧光，ICGA可持续显示肿瘤内血管网。",本书为2011年出版的眼科影像图谱，面向眼科医师及从事眼底病诊疗、教学和检查的相关人员。全书围绕荧光素血管造影（FA）、吲哚青绿血管造影（ICGA）和眼底自发荧光（AF）展开，介绍荧光素钠、吲哚青绿的理化基础，以及激光扫描检眼镜、共焦成像、HRA2系统、同步造影、拼图、广角、立体成像和眼前节检查等技术。内容依次涵盖正常眼底与病理性强弱荧光、RPE脂褐质及自发荧光图像；重点分析黄斑疾病，包括年龄相关性黄斑变性、玻璃膜疣、RPE萎缩、脉络膜新生血管、RPE脱离、息肉状脉络膜血管病变、视网膜血管瘤样增生、黄斑水肿、遗传性黄斑病变、中心性浆液性脉络膜视网膜病变、黄斑裂孔和氯喹性黄斑病变；并涉及糖尿病、高血压、动静脉阻塞、Coats病及各类血管瘤，视网膜脉络膜炎症、视神经疾病和脉络膜黑色素瘤、转移癌、血管瘤等眼内肿瘤。书中结合大量典型病例和影像，说明鉴别诊断、激光光凝及抗VEGF治疗相关表现。
264,眼科诊疗常规-赵家良 2012,normalized_exact,22-检查：综合检查与仪器,16f1a07d-8623-4655-b09e-502d32d0610a,10000,c9f10510-6dc7-4a61-96df-a2cf2c6e7596,眼科诊疗常规-赵家良 2012_weknora.mhtml,眼科诊疗常规-赵家良 2012_weknora.mhtml,completed,c1b73cdc-ae2b-49c3-a4b8-b20b183c213b,821d7420-ed7a-42f9-b944-d7216ccb3c98,354,1046,b19aa41fca69f39900ebf3de771f087c1c634ef1f062393742b1ee1ed4fbe7f3,"《眼科诊疗常规》（2012年版）是由北京医师协会组织编写、赵家良主编的专业医学规范手册，由中国医药科技出版社出版。该书是2002年版《眼科、耳鼻喉科诊疗常规》中眼科部分的独立修订分册，为北京市执业医师定期考核指定用书。全书涵盖17大类349种眼科疾病的诊疗常规、84种眼科检查技术操作和81种眼科治疗技术操作，每种疾病均明确了定义、临床表现、诊断要点、治疗原则及治疗目标。

在眼睑疾病方面，内容涵盖眼睑水肿（分炎症性与非炎症性两类）、各类眼睑皮肤病（包括湿疹、单纯疱疹病毒性睑皮炎、带状疱疹病毒性睑皮炎、脓疱病、疖及寄生虫感染）、三种睑缘炎（鳞屑性、溃疡性、眦部）以及睑腺疾病（睑腺炎、睑板腺囊肿、睑板腺梗阻、眼睑脓肿），并详述了眼睑与睫毛位置异常的处理，如倒睫、睑内翻、睑外翻、眼睑闭合不全、上睑下垂和睑球粘连的诊治要点。

在眼眶疾病部分，涉及转移性眼眶癌的占位、浸润及炎性体征，强调影像学检查与病理活检的重要性，治疗以化疗延长生命、放疗缓解症状为主；先天性眼眶异常包括颅面骨发育不全、尖头畸形、眶距过宽、先天性小眼球合并眼眶囊肿、脑膜-脑膨出及神经纤维瘤等，多需手术干预。

在屈光不正与治疗技术方面，介绍了近视眼的定义、病因与分类，详细载明了LASIK准分子激光手术的适应证、禁忌证、术前检查、操作步骤、术后处理及并发症注意事项，以及激光泪道疏通术的适应证、操作方法和术后冲洗要求。此外还阐述了角膜接触镜的配戴适应证、禁忌证、验配前检查、戴镜与摘镜方法及配戴后护理规范。","# Summary
《眼科诊疗常规》（2012年版）是由北京医师协会组织编写、赵家良主编的专业医学规范手册，由中国医药科技出版社出版。该书是2002年版《眼科、耳鼻喉科诊疗常规》中眼科部分的独立修订分册，为北京市执业医师定期考核指定用书。全书涵盖17大类349种眼科疾病的诊疗常规、84种眼科检查技术操作和81种眼科治疗技术操作，每种疾病均明确了定义、临床表现、诊断要点、治疗原则及治疗目标。

在眼睑疾病方面，内容涵盖眼睑水肿（分炎症性与非炎症性两类）、各类眼睑皮肤病（包括湿疹、单纯疱疹病毒性睑皮炎、带状疱疹病毒性睑皮炎、脓疱病、疖及寄生虫感染）、三种睑缘炎（鳞屑性、溃疡性、眦部）以及睑腺疾病（睑腺炎、睑板腺囊肿、睑板腺梗阻、眼睑脓肿），并详述了眼睑与睫毛位置异常的处理，如倒睫、睑内翻、睑外翻、眼睑闭合不全、上睑下垂和睑球粘连的诊治要点。

在眼眶疾病部分，涉及转移性眼眶癌的占位、浸润及炎性体征，强调影像学检查与病理活检的重要性，治疗以化疗延长生命、放疗缓解症状为主；先天性眼眶异常包括颅面骨发育不全、尖头畸形、眶距过宽、先天性小眼球合并眼眶囊肿、脑膜-脑膨出及神经纤维瘤等，多需手术干预。

在屈光不正与治疗技术方面，介绍了近视眼的定义、病因与分类，详细载明了LASIK准分子激光手术的适应证、禁忌证、术前检查、操作步骤、术后处理及并发症注意事项，以及激光泪道疏通术的适应证、操作方法和术后冲洗要求。此外还阐述了角膜接触镜的配戴适应证、禁忌证、验配前检查、戴镜与摘镜方法及配戴后护理规范。",本书出版于2012年，由北京医师协会组织编写、赵家良主编，定位为北京市各级各类医疗机构眼科医务人员日常诊疗护理规范及执业医师定期考核用书，适合眼科医师和相关医务人员参考。全书涵盖眼睑、泪器、结膜、角膜、巩膜、晶状体、青光眼、葡萄膜、玻璃体、视网膜、视神经与视路、眼眶、屈光不正、斜视与眼外肌、眼外伤、全身病相关眼病及视功能障碍等17大类疾病，并系统介绍视力、裂隙灯、检眼镜、角膜地形图、眼压、眼底荧光素及吲哚菁绿血管造影、视觉电生理、眼部超声和超声生物显微镜等84项检查技术。治疗部分涉及眼部给药、麻醉、眼睑及泪器手术、角膜移植、白内障超声乳化、青光眼手术、玻璃体切除、视网膜脱离复位、斜视及眼外伤修复、眼眶肿物摘除和激光治疗等，突出疾病定义、临床表现、诊断要点、治疗原则、适应证禁忌证、操作程序与注意事项。
265,眼耳鼻咽喉科临床解剖学图谱-孔祥玉 2006,normalized_exact,01-眼科综合：基础与全身病,09c593aa-1a64-48de-af81-fc4d30d551b4,10000,36d69fb1-a7e6-4a43-a860-c9f827c42703,眼耳鼻咽喉科临床解剖学图谱-孔祥玉 2006_weknora.mhtml,眼耳鼻咽喉科临床解剖学图谱-孔祥玉 2006_weknora.mhtml,completed,1b2af1d1-9fe0-4e76-93f1-f0efe2aba60e,c4ed783d-02cc-4903-8bb1-8411e077c88f,386,1106,f7c81eef7c98b93a7cc96263e4fd722888831fd55c4a42a2cf713a696f41b4a6,"《钟世镇临床解剖学图谱全集·眼耳鼻咽喉科临床解剖学图谱》由钟世镇总主编，承德医学院与北京同仁医院合作编写，旨在弥补既有眼耳鼻咽喉解剖学图谱以陈列馆标本或模式图为主、难以充分满足临床教学和外科实践需求的不足。图谱以真实标本图像为主要表达形式，结合局部解剖、断层解剖和手术解剖，系统展示眼、耳、鼻、咽、喉五个部分的形态结构、层次关系及相互毗邻关系，并辅以少量示意图。全书收入彩图446幅，图注采用中英文解剖学名词，内耳部分尤其使用连续厚骨切片，以帮助读者理解颞骨内耳迷路的三维形态和空间关系。

全集的编写延续了《现代临床解剖学丛书》的临床导向，同时吸收生物力学、微创外科、断层影像和数字化人体等新技术内容。总前言回顾了我国解剖学从新中国成立初期的人体体质调查，到改革开放后现代临床解剖学兴起的发展历程，并指出临床解剖学应与相关临床专科及新技术方法紧密结合，重点解决临床实践中的人体结构问题。

节选内容首先介绍眼的外观、骨性眶腔和眼睑。相关要点涉及角膜、结膜、眼睑、眦部、眼轮匝肌、泪囊窝、鼻泪管、眶上裂、眶下裂及视神经管等结构，并说明其在泪囊手术、眼睑闭合和眶内解剖中的临床意义。随后展示眼球壁和视神经、颞骨连续切面及内耳结构，重点说明面神经管、耳蜗、骨螺旋板、前庭、骨半规管和内耳道等的空间关系。喉与甲状腺部分则描述甲状腺血管、喉上神经、喉返神经、颈动脉鞘、膈神经及相关肌肉的层次和毗邻，突出其对甲状腺及喉部手术的解剖学价值。编者同时说明，受标本处理、拍摄条件和编写经验所限，部分图像清晰度、色泽及内容仍存在不足。","# Summary
《钟世镇临床解剖学图谱全集·眼耳鼻咽喉科临床解剖学图谱》由钟世镇总主编，承德医学院与北京同仁医院合作编写，旨在弥补既有眼耳鼻咽喉解剖学图谱以陈列馆标本或模式图为主、难以充分满足临床教学和外科实践需求的不足。图谱以真实标本图像为主要表达形式，结合局部解剖、断层解剖和手术解剖，系统展示眼、耳、鼻、咽、喉五个部分的形态结构、层次关系及相互毗邻关系，并辅以少量示意图。全书收入彩图446幅，图注采用中英文解剖学名词，内耳部分尤其使用连续厚骨切片，以帮助读者理解颞骨内耳迷路的三维形态和空间关系。

全集的编写延续了《现代临床解剖学丛书》的临床导向，同时吸收生物力学、微创外科、断层影像和数字化人体等新技术内容。总前言回顾了我国解剖学从新中国成立初期的人体体质调查，到改革开放后现代临床解剖学兴起的发展历程，并指出临床解剖学应与相关临床专科及新技术方法紧密结合，重点解决临床实践中的人体结构问题。

节选内容首先介绍眼的外观、骨性眶腔和眼睑。相关要点涉及角膜、结膜、眼睑、眦部、眼轮匝肌、泪囊窝、鼻泪管、眶上裂、眶下裂及视神经管等结构，并说明其在泪囊手术、眼睑闭合和眶内解剖中的临床意义。随后展示眼球壁和视神经、颞骨连续切面及内耳结构，重点说明面神经管、耳蜗、骨螺旋板、前庭、骨半规管和内耳道等的空间关系。喉与甲状腺部分则描述甲状腺血管、喉上神经、喉返神经、颈动脉鞘、膈神经及相关肌肉的层次和毗邻，突出其对甲状腺及喉部手术的解剖学价值。编者同时说明，受标本处理、拍摄条件和编写经验所限，部分图像清晰度、色泽及内容仍存在不足。",本书为面向临床医生、医学生和教师的眼耳鼻咽喉科临床解剖学图谱，承德医学院与北京同仁医院编写，2006年出版。全书以眼、耳、鼻、咽、喉为五大部分，结合局部解剖、断层解剖、手术解剖及正常器官形态，重点展示结构层次、毗邻关系和临床操作定位，共收彩图446幅。眼部涵盖眶腔、眼睑、眼球壁、视神经、眼外肌、眶内神经血管、泪器、组织学及眼睑整形相关解剖，涉及Graves眼病、上睑下垂、睑内翻、下睑袋、泪道阻塞、裂隙灯、房角镜、超声生物显微镜等。耳部详述颞骨、外耳、中耳、听小骨、骨迷路、面神经和内耳神经，并配有颞骨连续切片、CT、三维重建、MRI、乳突手术、人工听骨及人工耳蜗植入图。鼻部包括鼻腔、鼻中隔、鼻旁窦、血管神经、鼻内镜、鼻窦CT及泪囊鼻腔造口、钩突切除、蝶窦开放等。咽喉部分涵盖咽腔、咽后间隙、颈部血管神经、H-UPPP、喉软骨肌肉、声门喉腔、喉癌根治术及颈部手术解剖。
266,眼表病诊疗策略与技术-朱志忠 2016,normalized_exact,02-角膜与眼表,f041b2b7-3147-4deb-a2f2-0de5cc53d296,10000,8a42fd25-b309-4389-9cdb-0a81fc1faabb,眼表病诊疗策略与技术-朱志忠 2016_weknora.mhtml,眼表病诊疗策略与技术-朱志忠 2016_weknora.mhtml,completed,f6e137af-15a1-4878-883c-10aaaac6ca1d,13a96cf8-bd32-4848-8a18-991970d1c3cd,328,976,f66a942295d66616fcbd0a24a091029217e3a96a5e00a0ca0ddb24f1ce107851,"YANBIAOBING ZHENLIAO CELUE YU JISHU

## 诊疗策略与技术

朱志忠 编著

# 眼表病诊疗策略与技术

朱志忠 编著

## 图书在版编目（CIP）数据

眼表病诊疗策略与技术 / 朱志忠编著. — 北京：北京科学技术出版社，2016.1
ISBN 978-7-5304-8142-4

Ⅰ. ①眼… Ⅱ. ①朱… Ⅲ. ①眼病—诊疗 IV. ①R772

中国版本图书馆 CIP 数据核字（2015）第 311812 号

## 眼表病诊疗策略与技术

|  |  |
| --- | --- |
| 作 者：朱志忠 | |
| 策划编辑：何晓菲 | |
| 责任编辑：张晓雪 张运华 | |
| 责任校对：贾荣 | |
| 责任印制：李 茗 | |
| 图文制作：艺典华章 | |
| 封面设计：耕者设计工作室 | |
| 出版人：曾庆宇 | |
| 出版发行：北京科学技术出版社 | |
| 社址：北京西直门南大街16号 | |
| 邮政编码：100035 | |
| 电话传真：0086-10-66135495（总编室） | |
| 0086-10-66","# Summary
YANBIAOBING ZHENLIAO CELUE YU JISHU

## 诊疗策略与技术

朱志忠 编著

# 眼表病诊疗策略与技术

朱志忠 编著

## 图书在版编目（CIP）数据

眼表病诊疗策略与技术 / 朱志忠编著. — 北京：北京科学技术出版社，2016.1
ISBN 978-7-5304-8142-4

Ⅰ. ①眼… Ⅱ. ①朱… Ⅲ. ①眼病—诊疗 IV. ①R772

中国版本图书馆 CIP 数据核字（2015）第 311812 号

## 眼表病诊疗策略与技术

|  |  |
| --- | --- |
| 作 者：朱志忠 | |
| 策划编辑：何晓菲 | |
| 责任编辑：张晓雪 张运华 | |
| 责任校对：贾荣 | |
| 责任印制：李 茗 | |
| 图文制作：艺典华章 | |
| 封面设计：耕者设计工作室 | |
| 出版人：曾庆宇 | |
| 出版发行：北京科学技术出版社 | |
| 社址：北京西直门南大街16号 | |
| 邮政编码：100035 | |
| 电话传真：0086-10-66135495（总编室） | |
| 0086-10-66",本书为朱志忠编著、2016年出版的眼表病临床诊疗与手术技术专著，面向眼科医师、眼表亚专业医师及相关教学科研人员。全书分为应用性基础理论、临床诊疗、治疗和增视性眼表手术三篇：先介绍角膜应用解剖与生理、眼表细胞学检查、眼表用药途径和准则；继而围绕泪膜与干眼、眼表理学检查、角膜水肿、感染性角膜溃疡及铜绿假单胞菌性角膜溃疡、真菌性角膜炎、红眼、眼表烧伤、蚕蚀性角膜溃疡、圆锥角膜、复发性角膜上皮糜烂、接触镜相关眼病、医源性角膜结膜毒性和眼表肿瘤展开诊断、鉴别与处理；最后讨论后弹力层膨出、角膜穿孔、羊膜贴敷、眼库与角膜保存、深板层及成分性角膜移植、角膜缘干细胞移植、人工角膜等。涉及泪膜、角膜屏障、共聚焦显微镜、角膜内皮镜、感染控制、药物递送及眼表重建等关键词。
267,眼视光学-王玉良 2008,normalized_exact,04-屈光与视光：近视、接触镜与低视力,c73385b9-c154-4103-a93e-2d4c31f2423a,10000,cc65c340-be64-48f4-9691-2fb7fba0e58e,眼视光学-王玉良 2008_weknora.mhtml,眼视光学-王玉良 2008_weknora.mhtml,completed,08a9b853-8790-4771-a371-632f3c587d13,14eb7ccf-fe3e-4021-8522-44e8f83d54fa,322,946,744787a5bc9144e6eed443299300c5fc044e1d6cd8383a8efebe121214f4bd9e,"本书将视光学与眼科学相关知识融为一体，旨在弥补验光师和眼科医师在彼此相关领域中的知识不足，强调视光学是眼科学不可分割的组成部分。内容既涉及验光、配镜、接触镜、屈光手术和人工晶状体，也涵盖眼科检查、眼病治疗及玻璃体视网膜手术等领域，体现了视光学与眼科学相互结合的发展趋势。书中还指出，中国内地眼镜行业发展迅速，但验光人员水平不一，部分眼科住院医师忽视检影验光训练，因此需要加强医学验光及相关眼科知识。

基础篇重点介绍视光学和视觉神经系统，包括几何光学、光的波动理论及几何像差理论。几何光学阐述光的直线传播、独立传播、反射折射和全反射，并说明这些定律成立所需的均匀、各向同性介质及可忽略衍射和非线性效应等条件。波动光学部分讨论光的干涉和衍射，说明干涉需要频率相同、振动方向相同、相位差恒定及适当光程差等条件，并介绍OCT和视网膜调制传递函数测定等眼科临床应用。衍射则与玻璃体混浊畏光、加膜镜片、准分子激光及衍射型人工晶体等问题相关。

像差理论分析理想成像受到的限制，区分单色像差和色像差，并具体说明球差、彗差、像散、像场弯曲和畸变的成因及影响。书中后续内容还涉及微创玻璃体视网膜手术及其器械，包括25G和23G系统、玻璃体切割头、灌注、照明、电凝、气液交换、晶体粉碎和超声乳化等装置，同时介绍眼内冷凝和激光等辅助设备，强调微创手术具有损伤小、效率高和恢复快等特点。末尾图谱覆盖衍射、视网膜疾病、OCT、波阵面像差、屈光手术、人工晶状体及眼外伤等多种临床资料。","# Summary
本书将视光学与眼科学相关知识融为一体，旨在弥补验光师和眼科医师在彼此相关领域中的知识不足，强调视光学是眼科学不可分割的组成部分。内容既涉及验光、配镜、接触镜、屈光手术和人工晶状体，也涵盖眼科检查、眼病治疗及玻璃体视网膜手术等领域，体现了视光学与眼科学相互结合的发展趋势。书中还指出，中国内地眼镜行业发展迅速，但验光人员水平不一，部分眼科住院医师忽视检影验光训练，因此需要加强医学验光及相关眼科知识。

基础篇重点介绍视光学和视觉神经系统，包括几何光学、光的波动理论及几何像差理论。几何光学阐述光的直线传播、独立传播、反射折射和全反射，并说明这些定律成立所需的均匀、各向同性介质及可忽略衍射和非线性效应等条件。波动光学部分讨论光的干涉和衍射，说明干涉需要频率相同、振动方向相同、相位差恒定及适当光程差等条件，并介绍OCT和视网膜调制传递函数测定等眼科临床应用。衍射则与玻璃体混浊畏光、加膜镜片、准分子激光及衍射型人工晶体等问题相关。

像差理论分析理想成像受到的限制，区分单色像差和色像差，并具体说明球差、彗差、像散、像场弯曲和畸变的成因及影响。书中后续内容还涉及微创玻璃体视网膜手术及其器械，包括25G和23G系统、玻璃体切割头、灌注、照明、电凝、气液交换、晶体粉碎和超声乳化等装置，同时介绍眼内冷凝和激光等辅助设备，强调微创手术具有损伤小、效率高和恢复快等特点。末尾图谱覆盖衍射、视网膜疾病、OCT、波阵面像差、屈光手术、人工晶状体及眼外伤等多种临床资料。",本书由王育良、李凯主编，2008年出版，定位于融合视光学与眼科学的专业教材，适用于验光师、眼科医师、眼科住院医师及角膜病专科人员。全书涵盖视光学基础、眼屈光系统、视觉神经解剖生理与视觉生理；系统介绍视功能、屈光状态、裂隙灯、眼底及视觉电生理检查，以及眼部超声、角膜共焦显微镜、OCT、HRT、荧光素和吲哚青绿眼底血管造影等影像技术。治疗部分包括药物治疗、配镜、角膜接触镜、人工晶体、物理疗法、激光及视觉神经刺激疗法，并详述角膜移植、屈光、老视、白内障、青光眼、视网膜玻璃体、眼外伤和眼肌手术。疾病篇涉及远视、近视、散光、屈光参差、老视，眼表及角膜病、白内障、青光眼、葡萄膜病、玻璃体和视网膜病、视路疾病、低视力、光污染、全身病眼部表现及眼外伤。
268,眼视光学理论和方法（第2版）-瞿佳 2011,normalized_exact,04-屈光与视光：近视、接触镜与低视力,c73385b9-c154-4103-a93e-2d4c31f2423a,10000,88bc0555-0957-4580-930b-7c4cf92fda05,眼视光学理论和方法（第2版）-瞿佳 2011_weknora.mhtml,眼视光学理论和方法（第2版）-瞿佳 2011_weknora.mhtml,completed,5ea5d39c-31fa-44ed-8dda-0bc257b2672a,9b25d633-47f8-410a-8c7f-d9ea20e1871d,360,1064,96bc2d031dde1cc7f4f037a18e008ead65fbba71495b0483054081fb37bc38b2,"《眼视光学理论和方法》第2版是卫生部“十二五”规划教材和全国高等学校眼视光学专业第二轮规划教材之一，由瞿佳主编，人民卫生出版社出版。该书是眼视光学专业本科系列教材中的核心课程用书，本轮教材共13本，新增了《斜视弱视学》和《眼视光应用光学》，并将《眼视光影像学》内容整合至相关教材。

该教材以“全面、全程眼睛保健医疗”理念为主线，将基础理论与临床技术紧密结合。再版修订时新增了“概述”“病史与临床问题分析”“病例分析与讨论”等章节，并配套出版实训指导，以强化学生从课堂到临床的实践衔接。

教材第一章概述阐述了眼视光学的学科定位，强调“理论”是对眼疾病因、机制的认识，“方法”是临床规范诊断流程中的检测技术，二者相互交融共同完成科学诊断。眼睛既是具有全身共性的生物器官，又是以光为适宜刺激的光学器官，全身许多疾病可在眼部有所表现。流行病学资料对临床诊疗思维有重要参考价值，如不同年龄段近视、远视、散光、老视的发病率规律各有特点。临床诊疗需遵循规范流程，可采用SOAP框架（主观、客观、评估、方案）组织诊断过程，并将系统检查归类为验光、视觉功能、眼球运动、眼部健康状况四大部分。

第七章论述双眼视功能的理论基础与临床方法，包括双眼视、感觉融像、运动融像等概念，强调双眼视可提供立体视和更大视野。章节还通过高度近视病例展示了临床诊断、治疗计划制定及有晶状体眼人工晶状体植入术的适应人群选择、术前教育和术后随访等完整处理思路。","# Summary
《眼视光学理论和方法》第2版是卫生部“十二五”规划教材和全国高等学校眼视光学专业第二轮规划教材之一，由瞿佳主编，人民卫生出版社出版。该书是眼视光学专业本科系列教材中的核心课程用书，本轮教材共13本，新增了《斜视弱视学》和《眼视光应用光学》，并将《眼视光影像学》内容整合至相关教材。

该教材以“全面、全程眼睛保健医疗”理念为主线，将基础理论与临床技术紧密结合。再版修订时新增了“概述”“病史与临床问题分析”“病例分析与讨论”等章节，并配套出版实训指导，以强化学生从课堂到临床的实践衔接。

教材第一章概述阐述了眼视光学的学科定位，强调“理论”是对眼疾病因、机制的认识，“方法”是临床规范诊断流程中的检测技术，二者相互交融共同完成科学诊断。眼睛既是具有全身共性的生物器官，又是以光为适宜刺激的光学器官，全身许多疾病可在眼部有所表现。流行病学资料对临床诊疗思维有重要参考价值，如不同年龄段近视、远视、散光、老视的发病率规律各有特点。临床诊疗需遵循规范流程，可采用SOAP框架（主观、客观、评估、方案）组织诊断过程，并将系统检查归类为验光、视觉功能、眼球运动、眼部健康状况四大部分。

第七章论述双眼视功能的理论基础与临床方法，包括双眼视、感觉融像、运动融像等概念，强调双眼视可提供立体视和更大视野。章节还通过高度近视病例展示了临床诊断、治疗计划制定及有晶状体眼人工晶状体植入术的适应人群选择、术前教育和术后随访等完整处理思路。",本书出版于2011年，由瞿佳主编，2004年出版，是全国高等学校眼视光学专业规划教材，定位为临床基础课程，主要供本科五年制眼视光学专业使用，四年制及七年制学生亦可参考。全书以全面、全程眼保健和临床检测分析流程为主线，系统介绍视力与视力检查、视功能基本检查、双眼视功能基础检查、眼部检查、屈光和屈光不正、验光、调节和聚散、老视、特殊视觉功能及眼球像差。内容涵盖近视、远视、散光、屈光参差、老视等屈光问题，以及视野、色觉、立体视觉、瞳孔、眼外肌运动、融像、裂隙灯显微镜、前房角、眼压、直接眼底镜等检查与分析；还涉及检影验光、主觉验光、角膜曲率计、焦度计、镜片箱、试镜架、对比敏感度、眩光、暗适应、潜视力、婴幼儿视力检查和眼球像差检测。疾病处理主要体现为屈光不正和老视的检查、鉴别与矫正，目录未设独立眼视光影像或屈光手术章节。
269,眼部整形美容手术图谱-李冬梅 2008,normalized_exact,11-整形与泪道,bdde98f8-4f6b-4b3f-89a4-3cee7f5133b4,10000,431f5fd5-fa01-4329-9883-2da449261fca,眼部整形美容手术图谱-李冬梅 2008_weknora.mhtml,眼部整形美容手术图谱-李冬梅 2008_weknora.mhtml,completed,39153205-d990-4c36-9364-181a5d8c96ae,188df0ce-23d7-4f31-8a04-f4ba36b1bff7,366,1072,3886767f6b390b70620db9441e67283490649f1868a0d02cae8f18fa53469a3d,"《眼部整形美容手术图谱》是李冬梅主编的一部眼部整形美容外科专著，内容源于作者近20年的临床与科研经验。全书分为眼部整形美容外科基础、眼睑、结膜、泪器、眼窝及眼眶五篇，共5篇36章，系统涉及相关解剖、畸形矫治、整复重建和美容手术，并配有大量手术图片及示意图，强调从术前设计、手术步骤到操作技巧、注意事项和并发症防治的连续讲解。

前言和概述部分指出，眼部整形外科学是眼科学、整形外科学与现代美学相结合的交叉学科，既要恢复眼部功能，也要改善外形。其治疗范围包括先天性畸形、外伤及感染造成的缺损、肿瘤切除后畸形、医源性畸形以及重睑、睑袋切除等美容性手术。眼部手术具有高度精细、计划性强和个体化明显等特点，医师不仅需要扎实的眼科和整形外科知识，还应具备熟练的显微操作技能、美学素养、心理学修养、职业责任感和持续总结提高的能力。

基础技术部分强调无菌操作和无创操作，要求切口尽量沿皮肤自然皱褶线或其他隐蔽部位设计，以减少张力和瘢痕；同时介绍了锐性剥离、压迫止血、结扎止血、双频射频止血、创面清洗、引流及缝合等基本方法。

书中眼睑重建内容以缺损范围和累及层次为依据，介绍了小范围缺损直接拉拢缝合、Tenzel半圆形旋转皮瓣、局部滑行及旋转皮瓣、睑板滑行瓣等修复方式，并强调眼睑缘对位、组织血运、缝合张力及术后包扎拆线管理。后部还详细介绍了义眼模型制作、虹膜与义眼成形、义眼摘戴、清洁、复查和日常保养等内容。","# Summary
《眼部整形美容手术图谱》是李冬梅主编的一部眼部整形美容外科专著，内容源于作者近20年的临床与科研经验。全书分为眼部整形美容外科基础、眼睑、结膜、泪器、眼窝及眼眶五篇，共5篇36章，系统涉及相关解剖、畸形矫治、整复重建和美容手术，并配有大量手术图片及示意图，强调从术前设计、手术步骤到操作技巧、注意事项和并发症防治的连续讲解。

前言和概述部分指出，眼部整形外科学是眼科学、整形外科学与现代美学相结合的交叉学科，既要恢复眼部功能，也要改善外形。其治疗范围包括先天性畸形、外伤及感染造成的缺损、肿瘤切除后畸形、医源性畸形以及重睑、睑袋切除等美容性手术。眼部手术具有高度精细、计划性强和个体化明显等特点，医师不仅需要扎实的眼科和整形外科知识，还应具备熟练的显微操作技能、美学素养、心理学修养、职业责任感和持续总结提高的能力。

基础技术部分强调无菌操作和无创操作，要求切口尽量沿皮肤自然皱褶线或其他隐蔽部位设计，以减少张力和瘢痕；同时介绍了锐性剥离、压迫止血、结扎止血、双频射频止血、创面清洗、引流及缝合等基本方法。

书中眼睑重建内容以缺损范围和累及层次为依据，介绍了小范围缺损直接拉拢缝合、Tenzel半圆形旋转皮瓣、局部滑行及旋转皮瓣、睑板滑行瓣等修复方式，并强调眼睑缘对位、组织血运、缝合张力及术后包扎拆线管理。后部还详细介绍了义眼模型制作、虹膜与义眼成形、义眼摘戴、清洁、复查和日常保养等内容。",本书由李冬梅主编，2008年出版，定位为眼部整形美容外科的临床图谱与手术参考书，适用于眼整形美容医师，也可供整形外科、颌面外科医师参考。全书共5篇36章，涵盖眼部整形美容外科基础、眼睑与眉、结膜、泪器及眼窝与眼眶。内容包括眼部解剖、美学评估、术前检查与医学照相、手术设计、无菌及无创操作、切口、剥离、止血、缝合、皮片皮瓣和黏膜等组织移植、生物材料及术后处理。重点介绍重睑成形、下睑袋切除、眼睑松弛、眉下垂、眼睑及面肌痉挛、眼睑外伤、瘢痕性睑内外翻、上睑下垂、眼睑退缩、先天畸形、眼睑肿瘤切除与缺损重建；并涉及翼状胬肉、睑球粘连、泪点泪小管异常、泪道义管植入。眼眶部分包括X线、CT、MRI影像，先天性小眼球或无眼球、结膜囊成形、羟基磷灰石义眼台、眶壁及颌面部骨折整复、游离皮瓣眼窝再造和义眼定制配戴，并系统讨论术后并发症及修复处理。
270,眼部超声诊断图谱-李立新 2013,normalized_exact,17-检查：眼科超声与 UBM,8ba4bb92-4b55-4e98-94d7-e8322b102084,10000,2ec6c2d8-f70e-434b-a1e3-0b1f6ff75b17,眼部超声诊断图谱-李立新 2013_weknora.mhtml,眼部超声诊断图谱-李立新 2013_weknora.mhtml,completed,2653e1ee-e458-4d99-b29e-6ae92fdeea6a,54ddbf5a-069f-45d0-b0aa-01c1345d334b,355,1043,4922f5c83e90ea9dc42045e9eae8200c441bce07c989966283494d9af2123717,"《眼部超声诊断图谱》第2版是由李立新主编、石璇参编的眼科超声诊断专著，人民卫生出版社2013年出版。全书按概论、眼内疾病、眼眶疾病等篇章编排，收入大量典型超声图像及CT、MRI等影像资料，并配有鉴别诊断列表，是一部内容系统、图像丰富的图谱类参考书。

本书再版距第1版（2003年）已10年。再版时对结构进行了调整，新增青光眼、眼前段肿瘤、外伤等章节，主要有三方面变化：一是增加了超声生物显微镜（UBM）在眼前段疾病及各类青光眼中的应用，并配以大量UBM图像；二是恶性肿瘤部分尽量选用有病理结论的病例，补充了视网膜母细胞瘤和脉络膜黑色素瘤治疗理念更新方面的内容，并增加少见病例；三是删减了对超声诊断价值有限的黄斑病变，精简了国内应用较少的标准化A型超声内容，保留并扼要改写眼眶疾病部分。序言指出，眼球构造规则、界面整齐，是人体最适于超声检查的部位，A型、B型、三维超声、彩色多普勒及UBM等多种显像形式各有优势。

在解剖与基础部分，第一章系统介绍了眼部超声显像实用解剖，包括眼球壁三层结构（纤维膜、葡萄膜、视网膜）、眼内容（房水、晶状体、玻璃体）以及眼眶的眶脂肪体、视神经、眼外肌、泪腺、眶骨壁和眼部血管；第二章阐述了超声基础知识，如超声波频率大于","# Summary
《眼部超声诊断图谱》第2版是由李立新主编、石璇参编的眼科超声诊断专著，人民卫生出版社2013年出版。全书按概论、眼内疾病、眼眶疾病等篇章编排，收入大量典型超声图像及CT、MRI等影像资料，并配有鉴别诊断列表，是一部内容系统、图像丰富的图谱类参考书。

本书再版距第1版（2003年）已10年。再版时对结构进行了调整，新增青光眼、眼前段肿瘤、外伤等章节，主要有三方面变化：一是增加了超声生物显微镜（UBM）在眼前段疾病及各类青光眼中的应用，并配以大量UBM图像；二是恶性肿瘤部分尽量选用有病理结论的病例，补充了视网膜母细胞瘤和脉络膜黑色素瘤治疗理念更新方面的内容，并增加少见病例；三是删减了对超声诊断价值有限的黄斑病变，精简了国内应用较少的标准化A型超声内容，保留并扼要改写眼眶疾病部分。序言指出，眼球构造规则、界面整齐，是人体最适于超声检查的部位，A型、B型、三维超声、彩色多普勒及UBM等多种显像形式各有优势。

在解剖与基础部分，第一章系统介绍了眼部超声显像实用解剖，包括眼球壁三层结构（纤维膜、葡萄膜、视网膜）、眼内容（房水、晶状体、玻璃体）以及眼眶的眶脂肪体、视神经、眼外肌、泪腺、眶骨壁和眼部血管；第二章阐述了超声基础知识，如超声波频率大于",本书出版于2013年，是眼科超声影像诊断专著，适用于眼科医师、超声诊断医师及相关专业学习者。全书分三篇：概论介绍眼球、眼眶及血管的超声解剖，超声物理基础、A型、B型、超声生物显微镜（UBM）、彩色多普勒、三维超声及生物测量技术；眼内疾病篇系统讲述青光眼、视网膜脱离及劈裂、脉络膜脱离，视网膜母细胞瘤、细胞瘤、血管瘤，葡萄膜囊肿、痣、黑色素瘤、血管瘤、骨瘤及转移癌，玻璃体后脱离、积血、增生、眼内炎和猪囊尾蚴病，以及眼球外伤、眼内异物、晶状体或人工晶状体脱位、视盘和黄斑疾病、巩膜及眼球轮廓异常；眼眶疾病篇涵盖血管性病变、神经源性肿瘤、泪腺疾病、皮样囊肿与黏液囊肿、眼眶炎症、外伤及全身病相关眼部病变，并结合CT、磁共振、手术后超声、巩膜扣带术、眼内填充、玻璃体手术及疗效监测等内容，突出超声影像特征与鉴别诊断。
271,眼镜学-瞿佳 2017,normalized_exact,04-屈光与视光：近视、接触镜与低视力,c73385b9-c154-4103-a93e-2d4c31f2423a,10000,37b5d83a-b69c-4d5e-9fa7-bc7c91a842ac,眼镜学-瞿佳 2017_weknora.mhtml,眼镜学-瞿佳 2017_weknora.mhtml,completed,641d7597-98cd-40bd-9606-a7e76a5818e2,1eb90195-9d16-45c4-a828-faacf992fd56,328,946,705c9c35d81f6c5bf7913181cc611c4837dd2a480654469043875f61e1a127bb,"## 眼镜学

供眼视光学专业用

第3版

主编瞿佳陈浩

## 供眼视光学专业用

眼镜学（第3版）

眼镜学实训指导（第2版）

眼视光器械学（第3版）

眼视光学理论和方法（第3版）

眼视光学理论和方法实训指导（第2版）

接触镜学（第3版）

接触镜学实训指导（第2版）

双眼视觉学（第3版）

眼科学基础（第3版）

低视力学（第3版）

低视力学实训指导

眼病学（第3版）

屈光手术学（第3版）

视觉神经生理学（第3版）

眼视光公共卫生学（第3版）

斜视弱视学（第2版）

眼视光应用光学（第2版）

眼视光学习题集

本书随书附赠

每章课后练习与解析、10个视频、11个动画

#### 扫描圆标二维码或登录jh.ipmph.com享受增值服务

策划编辑 李海凌 刘红霞

责任编辑 蒋 冉 李海凌

刘红霞

封面设计 周天驰

版式设计 李秋斋

人卫智网

www.ipmph.com

医学教育、学术、考试、健康，

购书智慧智能综合服务平台

人卫官网

www.pmph.com

人卫官方资讯发布平台

关注人卫健康

提升健康素养

ISBN 978","# Summary
## 眼镜学

供眼视光学专业用

第3版

主编瞿佳陈浩

## 供眼视光学专业用

眼镜学（第3版）

眼镜学实训指导（第2版）

眼视光器械学（第3版）

眼视光学理论和方法（第3版）

眼视光学理论和方法实训指导（第2版）

接触镜学（第3版）

接触镜学实训指导（第2版）

双眼视觉学（第3版）

眼科学基础（第3版）

低视力学（第3版）

低视力学实训指导

眼病学（第3版）

屈光手术学（第3版）

视觉神经生理学（第3版）

眼视光公共卫生学（第3版）

斜视弱视学（第2版）

眼视光应用光学（第2版）

眼视光学习题集

本书随书附赠

每章课后练习与解析、10个视频、11个动画

#### 扫描圆标二维码或登录jh.ipmph.com享受增值服务

策划编辑 李海凌 刘红霞

责任编辑 蒋 冉 李海凌

刘红霞

封面设计 周天驰

版式设计 李秋斋

人卫智网

www.ipmph.com

医学教育、学术、考试、健康，

购书智慧智能综合服务平台

人卫官网

www.pmph.com

人卫官方资讯发布平台

关注人卫健康

提升健康素养

ISBN 978",本书出版于2017年，是2011年出版的全国高等学校眼视光学专业规划教材，面向眼视光学专业学生及临床眼视光医师，是连接基础理论与临床实践、训练规范化检查和诊疗思维的核心课程教材。全书以“全面、全程眼睛保健医疗”为主线，涵盖临床概述、病史采集与问题分析、视力及视力表、眼部健康检查、屈光与屈光不正、客观和主觉验光、调节与双眼视功能、老视、视野、色觉、立体视觉、瞳孔及特殊视觉功能、眼球像差等内容，并以病例分析讨论儿童近视、低度屈光不正、远视、散光、屈光参差、老视和高度近视。重点涉及裂隙灯、角膜曲率和角膜地形图、前房角镜、UBM、Goldmann压平眼压计、检眼镜、检影验光、电脑验光、综合验光仪及波前像差检查，同时介绍框架眼镜、接触镜和老视手术等矫正处理。
272,睑缘炎与睑板腺功能障碍-孙旭光 2015,normalized_exact,02-角膜与眼表,f041b2b7-3147-4deb-a2f2-0de5cc53d296,10000,fbe96bfb-73f4-47f7-bc8b-9e5fa6fd835a,睑缘炎与睑板腺功能障碍-孙旭光 2015_weknora.mhtml,睑缘炎与睑板腺功能障碍-孙旭光 2015_weknora.mhtml,completed,8d8bba65-5f25-45b2-a03b-2396b3604ee9,16ee6ab7-4776-4b64-939e-1d6f4538eea9,322,946,84f2bec3430bd6ee6c0c321ed019c17d2823702454d54996fb3f7a8ebec0437e,"# 睑缘炎与睑板腺功能障碍

# 主编 孙旭光

## 内容提要

本书汇集了睑缘炎与睑板腺功能障碍的基础知识及最新认识，并介绍了著者的临床诊治经验。全书分为两篇：基础篇和临床篇，共7章。

通过基础篇，读者可以全面了解睑缘和睑板腺的解剖、特殊标志性结构、病理生理、免疫反应及其与眼表疾病的关系等知识，为临床深入认识睑缘炎与睑板腺功能障碍，以及开展相关的研究提供知识基础。临床篇共分5章，分别对睑缘炎、蠕形螨睑缘炎、睑缘炎相关角结膜病变、睑板腺功能障碍、睑板腺功能障碍相关干眼进行了较详尽的论述，内容涉及疾病的流行病学、病因学、病理机制、临床表现与诊断，以及治疗与预防等诸多方面。另外，为了帮助读者更好地了解相关疾病，在临床篇每章的结尾，著者不仅提纲挈领地总结了该章要点，而且提供了典型病例与读者分享，以作为临床实例性参考。

常言道，一图值千字，本书提供了丰富的相关疾病图片，共150余幅，并努力做到图文并茂，希望本书能够对广大眼科工作者的临床及相关研究有所帮助。

策划编辑 刘红霞 李海凌

责任编辑 李海凌 刘红霞

封面设计 郭淼

版式设计 陈 朊

人卫社官网 www.pmph.com","# Summary
# 睑缘炎与睑板腺功能障碍

# 主编 孙旭光

## 内容提要

本书汇集了睑缘炎与睑板腺功能障碍的基础知识及最新认识，并介绍了著者的临床诊治经验。全书分为两篇：基础篇和临床篇，共7章。

通过基础篇，读者可以全面了解睑缘和睑板腺的解剖、特殊标志性结构、病理生理、免疫反应及其与眼表疾病的关系等知识，为临床深入认识睑缘炎与睑板腺功能障碍，以及开展相关的研究提供知识基础。临床篇共分5章，分别对睑缘炎、蠕形螨睑缘炎、睑缘炎相关角结膜病变、睑板腺功能障碍、睑板腺功能障碍相关干眼进行了较详尽的论述，内容涉及疾病的流行病学、病因学、病理机制、临床表现与诊断，以及治疗与预防等诸多方面。另外，为了帮助读者更好地了解相关疾病，在临床篇每章的结尾，著者不仅提纲挈领地总结了该章要点，而且提供了典型病例与读者分享，以作为临床实例性参考。

常言道，一图值千字，本书提供了丰富的相关疾病图片，共150余幅，并努力做到图文并茂，希望本书能够对广大眼科工作者的临床及相关研究有所帮助。

策划编辑 刘红霞 李海凌

责任编辑 李海凌 刘红霞

封面设计 郭淼

版式设计 陈 朊

人卫社官网 www.pmph.com",本书为2015年出版的《眼表疾病临床系列》专著，面向眼科临床医生及相关研究人员。全书分基础篇和临床篇：基础篇介绍睑缘胚胎发育、解剖、组织学、免疫学、病理生理学，以及睑板与睑板腺的解剖、组织、脂质分泌和功能；临床篇系统讨论睑缘炎、蠕形螨睑缘炎、睑缘炎相关角结膜病变（BKC）、睑板腺功能障碍（MGD）及其相关干眼，涵盖流行病学、病因机制、临床表现、分类分级、诊断标准、鉴别诊断、辅助检查、治疗、预防和典型病例。重点涉及前后及混合型睑缘炎、葡萄球菌性和脂溢性睑缘炎、蠕形螨感染、睑板腺阻塞与萎缩、干眼、角膜浸润及溃疡等；介绍裂隙灯、睑板腺挤压、红外睑板腺成像、活体角膜共聚焦显微镜、泪膜及眼表检查，以及热敷、睑缘清洁、药物和睑板腺热脉动治疗等技术。
273,硬性角膜接触镜验配跟我学-梅颖 2018,normalized_exact,04-屈光与视光：近视、接触镜与低视力,c73385b9-c154-4103-a93e-2d4c31f2423a,10000,c6beb76d-cbb7-4530-8bdc-4e288442ccad,硬性角膜接触镜验配跟我学-梅颖 2018_weknora.mhtml,硬性角膜接触镜验配跟我学-梅颖 2018_weknora.mhtml,completed,b5cb3d13-5469-4ed4-ab43-c328570e37d6,ae080f67-c904-4f98-8d5e-b1a559afca98,362,1046,cf170fb5548b92216057da1ce5afabce702222cec503a76fa725f0be17d41007,"# 硬性角膜接触镜 验配跟我学 第2版

# 硬性角膜接触镜 验配跟我学

第2版

梅颖 唐志萍 编著

一北京：人民卫生出版社，2018

ISBN 978-7-117-25966-8

## 序

梅颖医生又写了一本书，名曰《硬性角膜接触镜验配跟我学》，看题目就能猜到此书一定是验配一线工作着的专家写的，是为正在验配一线初学者写的。只有经历过在临床上探索初期的艰难和历练，才会有这样的写书感悟和写这样书给大家分享的夙愿。

梅颖医师再次邀请我写序言，我虽因词穷想推辞，但看到梅颖医师如此坚韧不拔地努力，如此不遗余力分享的品格，我也只有欣然提笔、努力“推荐”此书了。

梅颖医师去年写成了《硬性角膜接触镜验配案例图解》，以案例的形式展示临床中常见或不常见的验配经验，获得了不少同行的推崇。自然，年轻同行在临床上遇到相关疑惑，会更多地在“微信”或“圈子”里提出，梅颖医师在交流中发现，在诸多基层单位，在开展验配的过程中都面临相同的困境：缺乏一个规范化的流程指导、无法在开展初期迅速掌握验配的要点。这一短板对硬镜的推广有着极大的屏障作用，也由此带来疗效不佳、引起一些本可规避的并发症，给医患双方带来负","# Summary
# 硬性角膜接触镜 验配跟我学 第2版

# 硬性角膜接触镜 验配跟我学

第2版

梅颖 唐志萍 编著

一北京：人民卫生出版社，2018

ISBN 978-7-117-25966-8

## 序

梅颖医生又写了一本书，名曰《硬性角膜接触镜验配跟我学》，看题目就能猜到此书一定是验配一线工作着的专家写的，是为正在验配一线初学者写的。只有经历过在临床上探索初期的艰难和历练，才会有这样的写书感悟和写这样书给大家分享的夙愿。

梅颖医师再次邀请我写序言，我虽因词穷想推辞，但看到梅颖医师如此坚韧不拔地努力，如此不遗余力分享的品格，我也只有欣然提笔、努力“推荐”此书了。

梅颖医师去年写成了《硬性角膜接触镜验配案例图解》，以案例的形式展示临床中常见或不常见的验配经验，获得了不少同行的推崇。自然，年轻同行在临床上遇到相关疑惑，会更多地在“微信”或“圈子”里提出，梅颖医师在交流中发现，在诸多基层单位，在开展验配的过程中都面临相同的困境：缺乏一个规范化的流程指导、无法在开展初期迅速掌握验配的要点。这一短板对硬镜的推广有着极大的屏障作用，也由此带来疗效不佳、引起一些本可规避的并发症，给医患双方带来负",本书出版于2018年，是面向硬性角膜接触镜验配初学者的实操型专业指导书，也可供视光医师、临床眼科医师、验光师及医学院校、视光职业学校师生参考。全书涵盖角膜解剖生理、镜片材料、场地设备、法规与档案设计，以及基于Placido盘的角膜地形图检查和阅读；介绍硬镜戴摘、护理、清洁与随访。重点讲解RGP镜的球面、后复曲面和双复曲面验配，适配者筛选、问诊检查、参数测量、试戴评估及常见配适问题；系统介绍角膜塑形镜的适应证、非适应证、近视控制原理、安全性、验配流程、散光设计、参数调整、复诊管理，并涵盖CRT及双矢高CRT技术。内容还涉及近视、远视、散光、弱视、圆锥角膜、不规则角膜散光、角膜外伤及角膜屈光手术后矫正，比较角膜塑形与角膜屈光手术，并讨论角膜上皮损伤、角膜色素环、角膜浸润或溃疡、感染性角膜炎、泪液及结膜异常等并发症防治。
274,神经眼科-Savino等 2005,normalized_exact,09-神经眼科,be1e44f1-985d-4445-b6a3-e60a0f43f85e,10000,afafa41a-6531-4b8b-a980-53b3771243b9,神经眼科-Savino等 2005_weknora.mhtml,神经眼科-Savino等 2005_weknora.mhtml,completed,4a2b4bff-f1f4-4086-b6c1-69eb2f22e210,9733be71-73e0-4e10-9dfd-70634eedfef8,366,1022,473d4ccfbf7d0562e814b985c2cccf8b254777f687373194fd0b1cba281af33c,"本书为《美国威尔斯眼科医院临床眼科图谱和精要》中的神经眼科分册，系统介绍神经眼科常见疾病及其流行病学、病因、临床表现、诊断、鉴别诊断、治疗和预后，并配有大量典型图片，旨在为临床眼科医师提供便于快速查阅的参考资料。

前几章重点讲述视觉传入系统的检查方法。神经眼科评估应建立在完整病史和全面眼部检查基础上，重点判断视力、色觉、瞳孔反应、中心视功能和视野是否异常。最佳矫正视力、验光、针孔试验和潜在视力测定有助于区分屈光不正或介质混浊与神经眼科病因；色觉异常尤其支持视神经、视交叉或少数枕叶病变。相对性传入瞳孔阻滞可见于视神经、视交叉、视束及严重视网膜病变，但通常不见于白内障、屈光不正和外侧膝状体以后病变。Amsler方格、对比敏感度、亮度比较和明负荷恢复试验可进一步识别视网膜、黄斑或视神经功能异常，检眼镜检查则用于观察视盘等结构。

视野检查是视觉传入系统疾病评估的核心。视网膜神经纤维的解剖分布决定了弓形缺损、中心暗点和颞侧楔形缺损等表现。临床可采用对照视野、静态自动视野计、Goldmann动态视野计及正切视野屏；其中24-2阈值程序常作为主要检查，10-2适用于发现中央小范围缺损。

MRI因软组织对比度高、可多平面成像，尤其适合检查视神经和其他视觉通路的微小病变；其不使用离子化辐射，但受金属植入物和幽闭恐怖症等因素限制。

书中还讨论了外伤性视神经病变、视交叉疾病及眼眶疾病。外伤后即刻失明多提示剪切损伤，延迟性视力下降则需警惕骨折片或血肿压迫；视交叉病变典型产生遵循垂直子午线的视野缺损，最常见为双颞侧偏盲。眼眶炎症通常依靠影像学、必要时活检诊断，并以皮质类固醇为主要治疗。海绵窦瘘可表现为突眼、复视、红眼、结膜血管动脉化和眼压升高，高流量瘘多需介入封闭，低流量瘘在无严重并发症时可观察。","# Summary
本书为《美国威尔斯眼科医院临床眼科图谱和精要》中的神经眼科分册，系统介绍神经眼科常见疾病及其流行病学、病因、临床表现、诊断、鉴别诊断、治疗和预后，并配有大量典型图片，旨在为临床眼科医师提供便于快速查阅的参考资料。

前几章重点讲述视觉传入系统的检查方法。神经眼科评估应建立在完整病史和全面眼部检查基础上，重点判断视力、色觉、瞳孔反应、中心视功能和视野是否异常。最佳矫正视力、验光、针孔试验和潜在视力测定有助于区分屈光不正或介质混浊与神经眼科病因；色觉异常尤其支持视神经、视交叉或少数枕叶病变。相对性传入瞳孔阻滞可见于视神经、视交叉、视束及严重视网膜病变，但通常不见于白内障、屈光不正和外侧膝状体以后病变。Amsler方格、对比敏感度、亮度比较和明负荷恢复试验可进一步识别视网膜、黄斑或视神经功能异常，检眼镜检查则用于观察视盘等结构。

视野检查是视觉传入系统疾病评估的核心。视网膜神经纤维的解剖分布决定了弓形缺损、中心暗点和颞侧楔形缺损等表现。临床可采用对照视野、静态自动视野计、Goldmann动态视野计及正切视野屏；其中24-2阈值程序常作为主要检查，10-2适用于发现中央小范围缺损。

MRI因软组织对比度高、可多平面成像，尤其适合检查视神经和其他视觉通路的微小病变；其不使用离子化辐射，但受金属植入物和幽闭恐怖症等因素限制。

书中还讨论了外伤性视神经病变、视交叉疾病及眼眶疾病。外伤后即刻失明多提示剪切损伤，延迟性视力下降则需警惕骨折片或血肿压迫；视交叉病变典型产生遵循垂直子午线的视野缺损，最常见为双颞侧偏盲。眼眶炎症通常依靠影像学、必要时活检诊断，并以皮质类固醇为主要治疗。海绵窦瘘可表现为突眼、复视、红眼、结膜血管动脉化和眼压升高，高流量瘘多需介入封闭，低流量瘘在无严重并发症时可观察。",本书出版于2005年。本书出版于2017年，定位为面向眼科、神经内科、神经外科、耳鼻喉科及影像科医师，尤其适合神经眼科专业学习和临床疑难病例鉴别诊断的图解参考书。全书按目录介绍先天性视盘异常、相关眼底疾病、青光眼及非青光眼性视神经病变、视神经炎、缺血性、压迫性或浸润性、遗传性、外伤性、放射性、中毒与营养不良性视神经病变，以及视乳头水肿、视交叉和海绵窦疾病、视路病变、眼球运动障碍、眼位偏斜和瞳孔异常。涉及视神经发育不全、视盘凹陷、玻璃疣、黄斑病变、视网膜及眼动脉阻塞、Leber病、视神经胶质瘤、脑膜瘤、垂体瘤、海绵窦肿瘤、动眼/展/滑车神经麻痹、Horner综合征等。内容结合典型病例和高清图片，涵盖眼底、视野、色觉、瞳孔、OCT、B超、CT、MRI、FFA及AQP-4抗体等检查与影像技术，并涉及糖皮质激素治疗及临床鉴别思路。
275,神经眼科学 病例引导式-Roy W Beck 2004,normalized_exact,09-神经眼科,be1e44f1-985d-4445-b6a3-e60a0f43f85e,10000,5173a006-713f-4478-80db-ca3026d61493,神经眼科学 病例引导式-Roy W Beck 2004_weknora.mhtml,神经眼科学 病例引导式-Roy W Beck 2004_weknora.mhtml,completed,d0056c30-3ed1-42e5-90e3-23d60ea1e487,128a3fa3-aa45-47cf-8401-6992d5ba6cb1,386,1036,8052133c6656584caf4f7acd28c66d1c59d4b7050ef4b3141623c62bfbc49b18,"本书是一部以病例为引导的神经眼科学临床参考书，旨在整合眼科、神经科及全科医学知识，帮助临床医生识别以眼部症状为表现的神经系统疾病。全书围绕约35个常见或典型专题展开，每章以病史、症状和神经眼科检查为基础，结合鉴别诊断、临床分析、治疗方案及预后讨论，并配有视野、眼底、眼球运动和神经影像学资料，强调通过系统查体而非过度依赖实验室或影像检查完成诊断。

书中首先介绍神经眼科检查程序，重点包括最佳矫正视力、色觉、传入性瞳孔反应及视野检查。交替光试验可发现相对性传入性瞳孔障碍；Amsler方格、面对面检查、Goldmann视野计、自动视野计和正切屏则用于评价不同范围和类型的视野损害。视野缺损的单眼或双眼分布、是否以垂直或水平中线为界，以及与视力、色觉和瞳孔表现的结合，有助于将病变定位于视网膜、视神经、视交叉、视束、视放射或枕叶。

病例内容涉及视神经炎、缺血性或压迫性视神经病变、结节病、梅毒、放射性及休克诱导的视神经损害、视盘梗塞等，并展示不同疾病在视力、视野、视盘和治疗反应方面的差异。书中还通过双颞侧视野缺损、垂体功能障碍和影像学检查，说明视交叉综合征及垂体瘤的定位、辅助检查和治疗原则。

此外，后部章节讨论眼睑痉挛、Meige病、偏侧面肌痉挛和面部肌纤维颤搐等运动障碍，介绍其临床鉴别、可能机制及肉毒杆菌注射、手术和药物治疗。总体而言，本书强调病例思维和基础检查，适用于眼科、神经科、神经外科医师、住院医生及相关医学生。","# Summary
本书是一部以病例为引导的神经眼科学临床参考书，旨在整合眼科、神经科及全科医学知识，帮助临床医生识别以眼部症状为表现的神经系统疾病。全书围绕约35个常见或典型专题展开，每章以病史、症状和神经眼科检查为基础，结合鉴别诊断、临床分析、治疗方案及预后讨论，并配有视野、眼底、眼球运动和神经影像学资料，强调通过系统查体而非过度依赖实验室或影像检查完成诊断。

书中首先介绍神经眼科检查程序，重点包括最佳矫正视力、色觉、传入性瞳孔反应及视野检查。交替光试验可发现相对性传入性瞳孔障碍；Amsler方格、面对面检查、Goldmann视野计、自动视野计和正切屏则用于评价不同范围和类型的视野损害。视野缺损的单眼或双眼分布、是否以垂直或水平中线为界，以及与视力、色觉和瞳孔表现的结合，有助于将病变定位于视网膜、视神经、视交叉、视束、视放射或枕叶。

病例内容涉及视神经炎、缺血性或压迫性视神经病变、结节病、梅毒、放射性及休克诱导的视神经损害、视盘梗塞等，并展示不同疾病在视力、视野、视盘和治疗反应方面的差异。书中还通过双颞侧视野缺损、垂体功能障碍和影像学检查，说明视交叉综合征及垂体瘤的定位、辅助检查和治疗原则。

此外，后部章节讨论眼睑痉挛、Meige病、偏侧面肌痉挛和面部肌纤维颤搐等运动障碍，介绍其临床鉴别、可能机制及肉毒杆菌注射、手术和药物治疗。总体而言，本书强调病例思维和基础检查，适用于眼科、神经科、神经外科医师、住院医生及相关医学生。",本书出版于2004年，是Roy W. Beck、Craig H. Smith编著的病例导向式神经眼科学教材，中译本出版于2005年1月，适合眼科、神经眼科、神经内外科医师、住院医师、实习医师及医学影像学人员参考。全书以典型病例展开，强调病史采集、神经眼科查体、视力与色觉、瞳孔反应、视野、眼底及眼球运动检查，并结合实验室检查和神经影像学进行诊断、鉴别诊断、治疗与预后判断。主要内容涵盖视神经炎、儿童视神经炎、缺血性视神经病变、巨细胞动脉炎、大脑假瘤、假性视乳头水肿、压迫性病变、视神经胶质瘤、遗传性及营养性视神经萎缩、Leber病、外伤和发育异常；并讨论一过性黑朦、视交叉及视束综合征、偏盲、偏头痛、功能性视力下降、Graves眼病、各类颅神经麻痹、核间性眼肌麻痹、Fisher综合征、眶尖综合征、重症肌无力、Horner综合征、Adie综合征、海绵窦瘘及特发性睑痉挛等。
276,神经眼科学图谱-Satya Karna 2007,normalized_exact,09-神经眼科,be1e44f1-985d-4445-b6a3-e60a0f43f85e,10000,8d807cd8-8700-4558-8fa3-a307f6ea4181,神经眼科学图谱-Satya Karna 2007_weknora.mhtml,神经眼科学图谱-Satya Karna 2007_weknora.mhtml,completed,80d72b1c-6fb8-4c71-823c-ed86cdbbbfaa,e9d1c872-91ea-45ca-8946-79b298c02bb4,420,1173,9f14b6804357fbf0516a4d8ab71928181b989d59ab44b64b3a988e715c87281c,"本书是一部以临床神经眼科学和放射诊断学为基础的图谱，旨在通过高质量彩色影像、简明文字和参考文献，帮助眼科、神经内科、神经外科、放射科医师、临床工作者及医学生认识神经眼科疾病。全书图像主要来源于Sankara Nethralaya的临床病例，按英文字母排列章节，并结合疾病早期与晚期的表现，展示眼部体征、神经系统改变、影像学特征、检查方法及治疗原则。书中还列出了大量神经眼科学常用缩略语，涉及视神经病变、血管疾病、影像学、免疫学和神经系统检查等内容。

所提供章节首先介绍了非动脉炎性和动脉炎性前部缺血性视神经病变。前者多见于中老年人，常与高血压、糖尿病、心血管疾病、低血压等相关，表现为突然、无痛性视力下降和视野缺损，目前缺乏有效治疗，重点在于控制全身危险因素。伴巨细胞动脉炎的AION则起病年龄更大、视力损害更重，可能迅速累及对侧眼，需要及时进行大剂量糖皮质激素治疗。

图谱还讨论了特发性高颅压症、视网膜中央动脉阻塞、真菌性眼眶和鼻窦感染、眼部带状疱疹、颅内肉芽肿及颅内结核病等疾病，强调视盘水肿、视力丧失、复视、眼球运动障碍和颅神经受累等表现，以及MRI、CT、血管造影、腰椎穿刺、培养和组织病理学检查的作用。后续内容涉及颅内异物、多发性硬化、假性眼球突出、脊髓空洞症与延髓空洞症，体现了神经眼科疾病在视神经、眼球运动、视野、颅内病变和脊髓病变之间的联系，并介绍了药物、放疗、分流、减压及神经外科手术等处理方式。","# Summary
本书是一部以临床神经眼科学和放射诊断学为基础的图谱，旨在通过高质量彩色影像、简明文字和参考文献，帮助眼科、神经内科、神经外科、放射科医师、临床工作者及医学生认识神经眼科疾病。全书图像主要来源于Sankara Nethralaya的临床病例，按英文字母排列章节，并结合疾病早期与晚期的表现，展示眼部体征、神经系统改变、影像学特征、检查方法及治疗原则。书中还列出了大量神经眼科学常用缩略语，涉及视神经病变、血管疾病、影像学、免疫学和神经系统检查等内容。

所提供章节首先介绍了非动脉炎性和动脉炎性前部缺血性视神经病变。前者多见于中老年人，常与高血压、糖尿病、心血管疾病、低血压等相关，表现为突然、无痛性视力下降和视野缺损，目前缺乏有效治疗，重点在于控制全身危险因素。伴巨细胞动脉炎的AION则起病年龄更大、视力损害更重，可能迅速累及对侧眼，需要及时进行大剂量糖皮质激素治疗。

图谱还讨论了特发性高颅压症、视网膜中央动脉阻塞、真菌性眼眶和鼻窦感染、眼部带状疱疹、颅内肉芽肿及颅内结核病等疾病，强调视盘水肿、视力丧失、复视、眼球运动障碍和颅神经受累等表现，以及MRI、CT、血管造影、腰椎穿刺、培养和组织病理学检查的作用。后续内容涉及颅内异物、多发性硬化、假性眼球突出、脊髓空洞症与延髓空洞症，体现了神经眼科疾病在视神经、眼球运动、视野、颅内病变和脊髓病变之间的联系，并介绍了药物、放疗、分流、减压及神经外科手术等处理方式。",本书出版于2007年，是杨柳主编、2013年出版的葡萄膜炎临床图谱，面向眼科医生，尤其适合低年资医师、眼科学生及从事葡萄膜病诊疗者。全书以典型病例图像结合简要文字，介绍葡萄膜炎定义、SUN分类、病因变迁、前/中间/后及全葡萄膜炎的临床表现、并发症和诊疗要点。内容涵盖感染性葡萄膜炎，包括细菌、螺旋体、病毒、真菌、原虫及寄生虫感染；非感染性葡萄膜炎，包括晶状体相关性葡萄膜炎、交感性眼炎、Fuchs虹膜异色性虹膜睫状体炎、特发性中间葡萄膜炎、风湿病及结缔组织病相关葡萄膜炎、Behçet病、结节病和Vogt-小柳原田病；并涉及伪装综合征、脉络膜毛细血管—玻璃膜—视网膜色素上皮复合体炎性疾病及葡萄膜先天和其他异常。重点关键词包括裂隙灯、前节照相、眼底照相、FFA、ICGA、眼底自发荧光、OCT、UBM、B超、黄斑水肿、并发性白内障、继发性青光眼、视网膜血管炎，以及糖皮质激素、激光虹膜周边切除、硅油填充/取出和复杂白内障、玻璃体视网膜手术。
277,神经眼科疾病图解-魏世辉 2017,normalized_exact,09-神经眼科,be1e44f1-985d-4445-b6a3-e60a0f43f85e,10000,2c29650f-deba-46bc-bed0-a74b2e52c901,神经眼科疾病图解-魏世辉 2017_weknora.mhtml,神经眼科疾病图解-魏世辉 2017_weknora.mhtml,completed,3870e1a3-70b4-4f69-be51-53a5dc1ec7c9,61382403-8dfd-4ea3-89f1-cd322d985217,386,1050,59f250c51e6d7217d18c49102ca5c504eaba8ad90813fb7765b05359b8fd4842,"Atlas of

Neuro-ophthalmology

# 神经眼科疾病

图解

主编魏世辉 邱怀雨 徐全刚

主审童绎

人民卫生出版社

# 神经眼科疾病图解

主 编 魏世辉 邱怀雨 徐全刚

主审童绎

人民卫生出版社

神经眼科疾病图解/魏世辉，邱怀雨，徐全刚主编

——北京：人民卫生出版社，2017

ISBN 978-7-117-24383-4

Ⅰ. ①神… Ⅱ. ①魏…②邱…③徐… Ⅲ. ①神经眼科学-图解 Ⅳ. ①R774-64

中国版本图书馆 CIP 数据核字（2017）第 080054 号

## 神经眼科疾病图解

主 编：魏世辉 邱怀雨 徐全刚

版次：2017年6月第1版 2017年6月第1次印刷

## 前言

神经眼科是医学领域中的一门交叉学科，它横跨了眼科、神经内科、神经外科、耳鼻喉科、影像科等专业，2011年中华医学会眼科学分会设立了神经眼科学组。在分会领导和各学科专家的大力支持下，学组同仁砥砺前行。经过几年努力，不但使神经眼科专业成就有了长足发展，从事神经眼科的专业医师队伍也在逐年扩大。

据国家卫生计生委2011年的门诊眼科病人种类调","# Summary
Atlas of

Neuro-ophthalmology

# 神经眼科疾病

图解

主编魏世辉 邱怀雨 徐全刚

主审童绎

人民卫生出版社

# 神经眼科疾病图解

主 编 魏世辉 邱怀雨 徐全刚

主审童绎

人民卫生出版社

神经眼科疾病图解/魏世辉，邱怀雨，徐全刚主编

——北京：人民卫生出版社，2017

ISBN 978-7-117-24383-4

Ⅰ. ①神… Ⅱ. ①魏…②邱…③徐… Ⅲ. ①神经眼科学-图解 Ⅳ. ①R774-64

中国版本图书馆 CIP 数据核字（2017）第 080054 号

## 神经眼科疾病图解

主 编：魏世辉 邱怀雨 徐全刚

版次：2017年6月第1版 2017年6月第1次印刷

## 前言

神经眼科是医学领域中的一门交叉学科，它横跨了眼科、神经内科、神经外科、耳鼻喉科、影像科等专业，2011年中华医学会眼科学分会设立了神经眼科学组。在分会领导和各学科专家的大力支持下，学组同仁砥砺前行。经过几年努力，不但使神经眼科专业成就有了长足发展，从事神经眼科的专业医师队伍也在逐年扩大。

据国家卫生计生委2011年的门诊眼科病人种类调",本书为2017年出版的神经眼科病例图解，面向眼科、神经内科、神经外科、耳鼻喉科及影像科医师，尤其适合神经眼科专业学习和临床疑难病例鉴别。全书以典型及部分疑难病例为主线，涵盖先天性视盘异常、相关眼底疾病、青光眼性视神经病变、视神经炎、缺血性、压迫性或浸润性、遗传性、外伤性、放射性及中毒营养不良性视神经病变，并延伸至视乳头水肿、视交叉与海绵窦疾病、视路病变、眼球运动障碍、眼位偏斜及瞳孔异常。重点涉及视神经发育不全、视盘玻璃疣、视网膜动脉阻塞、Vogt-小柳原田综合征、视神经胶质瘤、Leber遗传性视神经病变、垂体瘤、动眼神经麻痹、Horner综合征等。书中结合眼底彩照、视野、OCT、B超、CT、MRI、FFA、ICGA、眼底自发荧光、ERG及MRA/CTA/DSA等检查，介绍糖皮质激素、免疫抑制、抗VEGF、视网膜光凝、降低眼压、颈动脉内膜剥除及支架植入等诊疗技术。
278,神经眼科速查手册-Lanning B Kline 2015,normalized_exact,09-神经眼科,be1e44f1-985d-4445-b6a3-e60a0f43f85e,10000,d7e3e1f4-10c3-47da-af3f-e1b209fb33f6,神经眼科速查手册-Lanning B Kline 2015_weknora.mhtml,神经眼科速查手册-Lanning B Kline 2015_weknora.mhtml,completed,ac764c8b-11b9-485f-8e2b-0c6afd930eb5,4eede724-845a-4932-8abe-53dc3fde804a,365,1021,3a317f2007744d0e5e93d3899f95af39555cd6546fe162abf1f2cc246c715d14,"# 神经眼科速查手册

Neuro-Ophthalmology Review Manual

·第7版·

原著者 Lanning B. Kline

Rod Foroozan

主 译 魏世辉 钟敬祥

# 神经眼科速查手册

版

原著者 Lanning B. Kline Rod Foroozan

主译魏世辉钟敬祥

副主译 邱怀雨

译者（以姓氏笔画为序）

马嘉田国红刘莲米雪松

孙传宾 李晓明 邱怀雨 张爱迪

周清盂晶赵朔钟敬祥

黄若静 曹珊珊 康皓 魏世辉

北京

## 图书在版编目(CIP)数据

神经眼科速查手册/（美）克莱恩（Kline，L.B.），（美）法罗赞（Foroozan，R.）原著；魏世辉，钟敬祥主译.—7版.一北京：人民军医出版社，2015.9

ISBN 978-7-5091-8677-0

Ⅰ. ①神… Ⅱ. ①克…②法…③魏…④钟… Ⅲ. ①神经眼科学—手册 Ⅳ. ①R774-62

中国版本图书馆 CIP 数据核字（2015）第 219453 号

Neuro-Ophthalmology Review Manual, 7E

ISBN: 9","# Summary
# 神经眼科速查手册

Neuro-Ophthalmology Review Manual

·第7版·

原著者 Lanning B. Kline

Rod Foroozan

主 译 魏世辉 钟敬祥

# 神经眼科速查手册

版

原著者 Lanning B. Kline Rod Foroozan

主译魏世辉钟敬祥

副主译 邱怀雨

译者（以姓氏笔画为序）

马嘉田国红刘莲米雪松

孙传宾 李晓明 邱怀雨 张爱迪

周清盂晶赵朔钟敬祥

黄若静 曹珊珊 康皓 魏世辉

北京

## 图书在版编目(CIP)数据

神经眼科速查手册/（美）克莱恩（Kline，L.B.），（美）法罗赞（Foroozan，R.）原著；魏世辉，钟敬祥主译.—7版.一北京：人民军医出版社，2015.9

ISBN 978-7-5091-8677-0

Ⅰ. ①神… Ⅱ. ①克…②法…③魏…④钟… Ⅲ. ①神经眼科学—手册 Ⅳ. ①R774-62

中国版本图书馆 CIP 数据核字（2015）第 219453 号

Neuro-Ophthalmology Review Manual, 7E

ISBN: 9",本书出版于2015年，是面向眼科、神经内科、神经外科及相关临床医师的提纲式神经眼科参考手册，强调简明、实用、便于快速查阅。全书涵盖视野及视路、核上性和核间性凝视通路、眼球震颤与眼球振荡、展神经、动眼神经和滑车神经麻痹、海绵窦综合征、瞳孔、视盘水肿与视神经萎缩、重症肌无力和眼肌病、三叉及面神经综合征、眼睑疾病、头痛、颈动脉疾病与眼、非器质性视觉障碍、高级视觉功能障碍、神经皮肤病和神经影像。内容涉及偏盲、复视、凝视障碍、眼肌麻痹、视神经病变及血管性疾病的临床表现与鉴别。重点介绍Amsler方格、对向检查、动态及自动静态视野计、眼球运动和前庭功能检查，以及MRI、MRA、MRV、CTA、脑血管造影、OCT和腰穿等技术，并涉及Epley/Semont复位、肿瘤切除、上斜肌手术、瘘管闭合、激素、免疫球蛋白、血浆置换及相关药物治疗。
279,结膜松弛症基础与临床-张兴儒 2016,normalized_exact,02-角膜与眼表,f041b2b7-3147-4deb-a2f2-0de5cc53d296,10000,20c4564f-9d39-4b91-83ac-e448ba6c4a9a,结膜松弛症基础与临床-张兴儒 2016_weknora.mhtml,结膜松弛症基础与临床-张兴儒 2016_weknora.mhtml,completed,00e0dad2-2efc-4b89-9f33-94088f2a241a,b0086d20-85c9-4a91-a7b4-eed02e75847c,359,1007,661cec45725d55ae6fb7eea3ab10ce02c185cbf22f1111c83601b3d4c47c8c99,"B ASICS AND CLINICS OF CONJUNCTIVOCHALASIS

## 结膜松弛症 基础与临床

主编

张兴儒 项敏泓

上海科学技术出版社

结膜松弛症

基础与临床

BASICS AND CLINICS OF CONJUNCTIVOCHALASIS

上海科学技术出版社 www.sstp.cn

上架建议：临床医学·眼科

定价：98.00元

易文网 www.ewen.co

主 编

张兴儒 项敏泓

# 结膜松弛症 基础与临床

上海科学技术出版社

## 图书在版编目（CIP）数据

结膜松弛症基础与临床/张兴儒，项敏泓主编.—

上海：上海科学技术出版社，2016.1

ISBN 978-7-5478-2931-8

Ⅰ. ①结… Ⅱ. ①张… ②项… Ⅲ. ①结膜疾病 - 研究 Ⅳ. ①R777.39

中国版本图书馆CIP数据核字（2015）第293201号

结膜松弛症基础与临床

主编 张兴儒 项敏泓

上海世纪出版股份有限公司

上海科学技术出版社

（上海钦州南路71号 邮政编码200235）

上海世纪出版股份有限公司发行中心发行
","# Summary
B ASICS AND CLINICS OF CONJUNCTIVOCHALASIS

## 结膜松弛症 基础与临床

主编

张兴儒 项敏泓

上海科学技术出版社

结膜松弛症

基础与临床

BASICS AND CLINICS OF CONJUNCTIVOCHALASIS

上海科学技术出版社 www.sstp.cn

上架建议：临床医学·眼科

定价：98.00元

易文网 www.ewen.co

主 编

张兴儒 项敏泓

# 结膜松弛症 基础与临床

上海科学技术出版社

## 图书在版编目（CIP）数据

结膜松弛症基础与临床/张兴儒，项敏泓主编.—

上海：上海科学技术出版社，2016.1

ISBN 978-7-5478-2931-8

Ⅰ. ①结… Ⅱ. ①张… ②项… Ⅲ. ①结膜疾病 - 研究 Ⅳ. ①R777.39

中国版本图书馆CIP数据核字（2015）第293201号

结膜松弛症基础与临床

主编 张兴儒 项敏泓

上海世纪出版股份有限公司

上海科学技术出版社

（上海钦州南路71号 邮政编码200235）

上海世纪出版股份有限公司发行中心发行
",本书（2016年）系统介绍结膜松弛症及相关眼表泪液疾病，适合眼科医护人员及相关专业学习、临床诊疗与研究参考。内容涵盖结膜、泪液泪道及眼睑的解剖生理，干眼、翼状胬肉、结膜炎、睑板腺炎相关性角结膜炎等疾病进展，结膜松弛症的流行病学、临床表现、诊断与分级、发病机制及治疗护理。重点讨论胶原纤维融解、弹力纤维变性、淋巴管扩张、杯状细胞改变、基质金属蛋白酶（MMPs）和炎性因子等机制，并介绍裂隙灯、泪液分泌与排泄检查、泪膜破裂时间、印迹细胞学、结膜活检、Cochet-Bonnet知觉测定、前节OCT、组织病理及99mTc-SPECT动态显像等检查影像技术。治疗涉及人工泪液、药物、中医药及针刺，手术包括结膜新月形切除、双极电凝、结膜缝线固定、下睑缘高张力减弱、羊膜移植、定量定位切除和纤维蛋白胶应用，并附诊疗规范及护理要点。
280,罗兰视觉电生理仪测试方法和临床应用图谱学-吴德正 2006,normalized_exact,19-检查：视觉电生理,90a38a5f-92ce-4de3-a03a-152fd1db4d8e,10000,7c282d1d-5ed7-400e-b8af-7018c74d3ad5,罗兰视觉电生理仪测试方法和临床应用图谱学-吴德正 2006_weknora.mhtml,罗兰视觉电生理仪测试方法和临床应用图谱学-吴德正 2006_weknora.mhtml,completed,1eecbc09-897d-4829-a386-104eac9bbb1c,f88d8441-c7e7-4d9a-aa0a-eaab5c515014,421,1115,7342acfd2eb3f7974db1b340abb9773b9743f031ab21954d3bceb4887ab89579,"本文介绍ROLAND视觉电生理系统的基本结构、测试方法、参数设置、结果分析及临床应用，旨在帮助眼科医生理解视觉电生理检查的原理与临床价值，并将相关方法推广至其他类型仪器。该系统由Ganzfeld全视野刺激器、CRT图形刺激器、多通道放大器、计算机及数据库等组成，可完成常规ERG、VEP、EOG以及mfERG、mfVEP等多焦电生理检查。系统符合ISCEV标准，支持多种刺激强度、背景亮度、放大器通频带和记录时间设置，并可实现患者资料的多次存储、备份及跨医院共享。

全视野ERG部分重点说明视网膜结构、作用电极选择、标准化测试流程和波形测量。ISCEV标准要求完成暗视视杆反应、暗视混合反应、暗视振荡电位、明视视锥反应及明视30Hz闪烁反应五项检查。文中详细介绍了ROLAND仪器中各项目的参数选择、放大器与Ganzfeld设置、暗适应和明适应要求、散瞳、电极安置、信号记录、结果保存及打印方法，并强调应根据a波、b波振幅和隐含期等指标进行分析。

多焦ERG通过多区域刺激和数学处理形成视网膜功能地形图，可定位后极部及黄斑区域的功能损伤，临床案例涉及老年黄斑变性、特发性脉络膜新生血管、黄斑前膜等疾病，显示其在病变定位和损伤程度评估中的价值。

EOG部分阐述暗谷、光峰和Arden比的测试方法及生理基础，指出EOG主要反映视网膜外层和视网膜色素上皮功能，正常Arden比应大于1.8。相关病例显示，卵黄样黄斑病变可出现光峰、暗谷及Arden比明显降低，而部分黄斑病变虽光峰和暗谷降低，Arden比仅轻度下降。","# Summary
本文介绍ROLAND视觉电生理系统的基本结构、测试方法、参数设置、结果分析及临床应用，旨在帮助眼科医生理解视觉电生理检查的原理与临床价值，并将相关方法推广至其他类型仪器。该系统由Ganzfeld全视野刺激器、CRT图形刺激器、多通道放大器、计算机及数据库等组成，可完成常规ERG、VEP、EOG以及mfERG、mfVEP等多焦电生理检查。系统符合ISCEV标准，支持多种刺激强度、背景亮度、放大器通频带和记录时间设置，并可实现患者资料的多次存储、备份及跨医院共享。

全视野ERG部分重点说明视网膜结构、作用电极选择、标准化测试流程和波形测量。ISCEV标准要求完成暗视视杆反应、暗视混合反应、暗视振荡电位、明视视锥反应及明视30Hz闪烁反应五项检查。文中详细介绍了ROLAND仪器中各项目的参数选择、放大器与Ganzfeld设置、暗适应和明适应要求、散瞳、电极安置、信号记录、结果保存及打印方法，并强调应根据a波、b波振幅和隐含期等指标进行分析。

多焦ERG通过多区域刺激和数学处理形成视网膜功能地形图，可定位后极部及黄斑区域的功能损伤，临床案例涉及老年黄斑变性、特发性脉络膜新生血管、黄斑前膜等疾病，显示其在病变定位和损伤程度评估中的价值。

EOG部分阐述暗谷、光峰和Arden比的测试方法及生理基础，指出EOG主要反映视网膜外层和视网膜色素上皮功能，正常Arden比应大于1.8。相关病例显示，卵黄样黄斑病变可出现光峰、暗谷及Arden比明显降低，而部分黄斑病变虽光峰和暗谷降低，Arden比仅轻度下降。",2006年出版。本书面向眼科临床医生、视觉电生理检查人员及相关教学科研人员，围绕德国ROLAND视觉电生理系统的规范操作与临床判读展开。全书先介绍RETIport/RETiscan系统结构、Ganzfeld刺激器、放大器、参数设置及数据管理；继而系统讲解全视野ERG的视网膜解剖、生理起源、ISCEV标准、暗视与明视五项反应、记录分析和打印，并结合视网膜色素变性、结晶样视网膜变性、先天性视网膜劈裂、静止性夜盲、视网膜血管病变、高度近视、视网膜脱离、锥细胞营养不良、Stargardt病、老年黄斑变性及弱视等图谱说明。随后介绍mfERG的多六边形刺激、m序列、信号处理、报告及黄斑裂孔、脉络膜新生血管、黄斑前膜、黄斑囊样水肿、糖尿病视网膜病变等应用；并讲述VEP标准、波形测量及视神经外伤、缺血性视神经病变、青光眼、眼眶占位和白内障。最后讨论EOG及ERG-VEP联合定位，并结合眼底照相、OCT、荧光素眼底血管造影和激光治疗等资料综合判断。
281,自动视野检查-Albert Weijland 2009,normalized_exact,18-检查：视野,0a9523cf-e62e-47a6-ad9f-3ae295c3b564,10000,f4c0b408-9faf-40a5-8639-6b5de438b029,自动视野检查-Albert Weijland 2009_weknora.mhtml,自动视野检查-Albert Weijland 2009_weknora.mhtml,completed,63069350-66a3-4b9d-b954-ae5ca307c59c,54e10093-76bf-4137-8cd7-c1f42c3ea71b,396,1010,6b6b317e99543fed854c30e3531e7cc511c0a65aa1162060024563810b3c3520,"该文档是《自动视野检查 视野概述》（第5版）中文版的内容，系统介绍了以OCTOPUS自动视野计为核心的视野检查原理、方法、结果判读与设备应用。全书强调视野检查在青光眼诊治中的核心地位，也适用于其他眼病和视路病变的早期诊断与随访。

文档首先回顾了视野检查的发展史：从手工Goldmann动态视野检查，到1975年Fankhauser引入计算机辅助静态视野检查，以及Flammer的G1程序、Bebie的累积缺损曲线、Weber和Gonzalez de la Rosa的快速检查策略（如TOP）等关键进展。在此基础上，介绍了视野检查的基本概念，包括视野的定义、光差灵敏度阈值（50%概率看见刺激的亮度）、分贝（dB）表示方法、标准检查条件、视丘三维模型、正常视野的年龄相关变化，以及临床上重点检测中心30度视野的原因。

文档还重点讨论了自动视野检查的主观性特点及其对结果可靠性的影响。由于检查结果取决于患者的配合程度，书中详细说明了假阳性应答、假阴性应答、学习效应和疲劳效应，并给出了改善配合度的具体指导，如提前告知患者并非所有刺激都能看见、及时反馈进度、必要时重复检查等。眼固视控制被强调为保证结果可靠的关键环节。

在结果报告方面，文档介绍了视野指数的使用，尤其是MD（平均缺损）和LV（丢失方差）的组合，以及Bebie累积缺损曲线对判断视野缺损特征和深度的重要作用，并强调瞳孔大小等信息对结果比较的意义。

最后，文档介绍了OCTOPUS 101和OCTOPUS 300系列视野计的特点：101支持蓝-黄视野法、闪烁视野和自动化Goldmann动态视野检查；300系列采用直射光学系统，无需暗室，具有自动眼固视跟踪、数据传输和局域网功能。总体而言，该书以OCTOPUS设备为主线，为临床医师提供了从操作到报告解读的实用参考。","# Summary
该文档是《自动视野检查 视野概述》（第5版）中文版的内容，系统介绍了以OCTOPUS自动视野计为核心的视野检查原理、方法、结果判读与设备应用。全书强调视野检查在青光眼诊治中的核心地位，也适用于其他眼病和视路病变的早期诊断与随访。

文档首先回顾了视野检查的发展史：从手工Goldmann动态视野检查，到1975年Fankhauser引入计算机辅助静态视野检查，以及Flammer的G1程序、Bebie的累积缺损曲线、Weber和Gonzalez de la Rosa的快速检查策略（如TOP）等关键进展。在此基础上，介绍了视野检查的基本概念，包括视野的定义、光差灵敏度阈值（50%概率看见刺激的亮度）、分贝（dB）表示方法、标准检查条件、视丘三维模型、正常视野的年龄相关变化，以及临床上重点检测中心30度视野的原因。

文档还重点讨论了自动视野检查的主观性特点及其对结果可靠性的影响。由于检查结果取决于患者的配合程度，书中详细说明了假阳性应答、假阴性应答、学习效应和疲劳效应，并给出了改善配合度的具体指导，如提前告知患者并非所有刺激都能看见、及时反馈进度、必要时重复检查等。眼固视控制被强调为保证结果可靠的关键环节。

在结果报告方面，文档介绍了视野指数的使用，尤其是MD（平均缺损）和LV（丢失方差）的组合，以及Bebie累积缺损曲线对判断视野缺损特征和深度的重要作用，并强调瞳孔大小等信息对结果比较的意义。

最后，文档介绍了OCTOPUS 101和OCTOPUS 300系列视野计的特点：101支持蓝-黄视野法、闪烁视野和自动化Goldmann动态视野检查；300系列采用直射光学系统，无需暗室，具有自动眼固视跟踪、数据传输和局域网功能。总体而言，该书以OCTOPUS设备为主线，为临床医师提供了从操作到报告解读的实用参考。",本书出版于2009年，是面向眼科、神经科临床医师及其他医学工作者的OCTOPUS自动视野检查实用参考书。全书介绍视野检查历史、静态与动态视野、正常视野、光差灵敏度阈值、GoldmannⅢ视标及标准测试条件；系统讲解普通、分段、TOP、RAMP及定性筛选策略，并涵盖蓝-黄视野、闪烁视野、CFF、Goldmann动态视野、mfERG和mfVEP等特殊检查。书中详细说明OCTOPUS G1/G2、32、黄斑、神经眼科、糖尿病、睑下垂、低视力、青光眼筛查、Esterman及司法鉴定程序，指导检查操作、患者配合、固视控制、屈光矫正和误差控制。内容还涉及原始敏感度图、偏差图、灰度图、累计缺损曲线、概率图及MD、LV等视野指数的报告与趋势分析，并结合解剖和临床表现分析青光眼、神经眼科疾病、视网膜色素变性、糖尿病视网膜病变、黄斑疾病及儿童视野异常，介绍OCTOPUS 101、300及相关软件技术。
282,荧光素眼底血管造影-李筱荣 2014,normalized_exact,06-眼底病与视网膜内科,f900fe21-9deb-47e0-bf36-ce06022cae92,10000,f7fb433d-07ea-47c3-8949-bcb15ef7c428,荧光素眼底血管造影-李筱荣 2014_weknora.mhtml,荧光素眼底血管造影-李筱荣 2014_weknora.mhtml,completed,a4096c82-b617-4dc8-84e6-c55eae8acc98,82f942a8-9436-4d4c-857e-a767e264e6f7,346,1010,bb196b74e496ba261347d640feab5fbe01139fc92e390f0d3a56b48fd395c94a,"本书为《荧光素眼底血管造影》（修订本），由李筱荣、陈有信、李志清主编，天津科技翻译出版有限公司2014年出版。全书共15章、约30万字，旨在以简洁、图文并茂的形式系统介绍眼底血管造影的原理、操作方法及疾病特征性表现，并纳入眼底自发荧光及光相干断层扫描（OCT）对照内容，供眼科医生、研究生、进修生及技术人员作为手边参考书使用。该书是在2007年版《荧光素眼底血管造影手册》基础上编纂修订而成。

内容重点涵盖荧光素眼底血管造影（FFA）与吲哚青绿眼底血管造影（ICGA）两大技术。FFA以荧光素钠为造影剂，静脉快速注入后以蓝光（465~490nm）激发黄绿色荧光（520~530nm），通过血-视网膜内屏障（视网膜毛细血管内皮紧密连接）与外屏障（视网膜色素上皮闭锁小带）的完整性观察异常渗漏；成人剂量为20%荧光素钠3~5mL，儿童或不能静脉注射者可口服。ICGA因吲哚青绿分子量大（775道尔顿）、与血浆蛋白结合率达98%、近红外光穿透力强，适用于脉络膜血循环研究、隐匿性脉络膜新生血管、息肉状脉络膜血管病变（PCV）等诊断，也可用于屈光间质混浊及荧光素过敏患者的替代检查。

书中详述了正常造影表现：臂-视网膜循环时间约10~15秒，双眼相差大于1秒应考虑异常；造影分期包括动脉前期（脉络膜期）、动脉期、动静脉期、静脉期及再循环期；黄斑拱环在糖尿病等病理状态下可被破坏。异常荧光分为强荧光（窗样缺损、荧光素渗漏、新生血管、组织着染等）与弱荧光（出血或色素遮蔽荧光、充盈缺损、Stargardt病脉络膜暗背景等）。副作用方面，荧光素钠偶见恶心、呕吐、晕厥，需做皮肤过敏试验并备抢救药品；ICG含碘，碘过敏及严重肝功能不全者慎用，但过敏发生率较荧光素钠低。

后续内容涉及视神经萎缩（原发性、继发性、上行性）的眼底及FFA表现，以及眼","# Summary
本书为《荧光素眼底血管造影》（修订本），由李筱荣、陈有信、李志清主编，天津科技翻译出版有限公司2014年出版。全书共15章、约30万字，旨在以简洁、图文并茂的形式系统介绍眼底血管造影的原理、操作方法及疾病特征性表现，并纳入眼底自发荧光及光相干断层扫描（OCT）对照内容，供眼科医生、研究生、进修生及技术人员作为手边参考书使用。该书是在2007年版《荧光素眼底血管造影手册》基础上编纂修订而成。

内容重点涵盖荧光素眼底血管造影（FFA）与吲哚青绿眼底血管造影（ICGA）两大技术。FFA以荧光素钠为造影剂，静脉快速注入后以蓝光（465~490nm）激发黄绿色荧光（520~530nm），通过血-视网膜内屏障（视网膜毛细血管内皮紧密连接）与外屏障（视网膜色素上皮闭锁小带）的完整性观察异常渗漏；成人剂量为20%荧光素钠3~5mL，儿童或不能静脉注射者可口服。ICGA因吲哚青绿分子量大（775道尔顿）、与血浆蛋白结合率达98%、近红外光穿透力强，适用于脉络膜血循环研究、隐匿性脉络膜新生血管、息肉状脉络膜血管病变（PCV）等诊断，也可用于屈光间质混浊及荧光素过敏患者的替代检查。

书中详述了正常造影表现：臂-视网膜循环时间约10~15秒，双眼相差大于1秒应考虑异常；造影分期包括动脉前期（脉络膜期）、动脉期、动静脉期、静脉期及再循环期；黄斑拱环在糖尿病等病理状态下可被破坏。异常荧光分为强荧光（窗样缺损、荧光素渗漏、新生血管、组织着染等）与弱荧光（出血或色素遮蔽荧光、充盈缺损、Stargardt病脉络膜暗背景等）。副作用方面，荧光素钠偶见恶心、呕吐、晕厥，需做皮肤过敏试验并备抢救药品；ICG含碘，碘过敏及严重肝功能不全者慎用，但过敏发生率较荧光素钠低。

后续内容涉及视神经萎缩（原发性、继发性、上行性）的眼底及FFA表现，以及眼",本书出版于2014年，是面向眼科医生、年轻医师、研究生、进修生及眼科专业技术人员的眼底影像学速查与临床参考书。全书系统介绍眼底血管造影原理、设备、造影剂、操作流程、禁忌证、拍摄规范及图像判读，重点涵盖荧光素眼底血管造影（FFA）、吲哚青绿眼底血管造影（ICGA）、眼底自发荧光、虹膜血管造影及光学相干断层扫描（OCT）。按目录全面讨论正常与异常荧光表现，包括强荧光、弱荧光、渗漏、遮蔽、着染、无灌注和新生血管，并涉及视网膜血管性疾病、黄斑区疾病、视神经疾病、眼内肿瘤、遗传变性性眼底疾病、葡萄膜炎、玻璃体视网膜手术后改变、外伤性视网膜脉络膜病变及全身疾病的眼底表现，涵盖脉络膜新生血管、息肉状脉络膜血管病变、糖尿病视网膜病变、黄斑水肿、视神经炎等疾病的影像诊断、鉴别诊断、治疗指导和预后评价。
283,葡萄膜炎和免疫异常-Uwe Pleyer 2008,normalized_exact,08-葡萄膜炎与眼内炎症,2c1efff9-0960-4d4b-a4c3-7acfb9411151,10000,ad4fae95-735b-4a89-906e-7670e6254664,葡萄膜炎和免疫异常-Uwe Pleyer 2008_weknora.mhtml,葡萄膜炎和免疫异常-Uwe Pleyer 2008_weknora.mhtml,completed,94ea6cff-887e-459f-88c5-da368af52f15,324497d1-33b6-4a57-a214-7cc0d80883ce,362,929,49966040853c75ac8ab0e6f9a234b745850220a9d59b6a0053523136a17d9653,"该文为《葡萄膜炎和免疫异常》眼科综述性著作的节选，内容旨在介绍葡萄膜炎及多种免疫相关眼病的基础研究、临床表现和治疗进展，并在基础研究与临床实践之间建立联系。全书强调免疫病理、免疫遗传学、诊断和药物及手术治疗等主题，面向眼科医生、视光师及不同阶段的眼科医师。

节选首先讨论眼部变态反应，指出过敏性结膜炎是涉及IgE、Th2细胞、肥大细胞、嗜酸性粒细胞、细胞因子、趋化因子、黏附分子、神经肽和生长因子的眼表炎症。季节性、终年型、特应性角膜结膜炎和春季角膜结膜炎具有不同的临床特点，其中春季角膜结膜炎多见于儿童，表现为明显瘙痒、乳头或角膜缘病变，严重时可发生角膜溃疡、瘢痕并导致视力丧失。慢性炎症还可通过成纤维细胞、肌成纤维细胞及细胞外基质代谢异常，引起巨乳头形成、胶原沉积和结膜组织重构；MMPs与TIMPs失衡被认为与纤维化有关。

关于青少年型慢性关节炎合并葡萄膜炎，文中强调应由眼科和儿科医生密切协作，并尽早发现眼部并发症。治疗通常从足量局部糖皮质激素开始，必要时采用全身激素或结膜下注射；非甾体抗炎药可作为辅助治疗，但眼部疗效仍不确定。对于复发或激素副作用明显者，可考虑氨甲蝶呤、环孢霉素A及肿瘤坏死因子拮抗剂，不过这些药物对葡萄膜炎的长期疗效和潜在风险仍需进一步评估。

节选还系统概述葡萄膜炎玻璃体切除术的术后并发症、特殊适应证及禁忌证。术后可能出现低眼压、视网膜脱离、玻璃体积血和炎症复发。手术可用于药物治疗无效且严重影响视力的玻璃体混浊、视网膜前膜、玻璃体黄斑牵引、部分感染性视网膜炎及复杂性视网膜脱离，但对药物无效的黄斑囊样水肿等情况仍存在争议。急性活动性炎症、视力未受影响的病变、光感受器已受损的慢性黄斑水肿及某些稳定性视网膜脱离通常不宜手术。","# Summary
该文为《葡萄膜炎和免疫异常》眼科综述性著作的节选，内容旨在介绍葡萄膜炎及多种免疫相关眼病的基础研究、临床表现和治疗进展，并在基础研究与临床实践之间建立联系。全书强调免疫病理、免疫遗传学、诊断和药物及手术治疗等主题，面向眼科医生、视光师及不同阶段的眼科医师。

节选首先讨论眼部变态反应，指出过敏性结膜炎是涉及IgE、Th2细胞、肥大细胞、嗜酸性粒细胞、细胞因子、趋化因子、黏附分子、神经肽和生长因子的眼表炎症。季节性、终年型、特应性角膜结膜炎和春季角膜结膜炎具有不同的临床特点，其中春季角膜结膜炎多见于儿童，表现为明显瘙痒、乳头或角膜缘病变，严重时可发生角膜溃疡、瘢痕并导致视力丧失。慢性炎症还可通过成纤维细胞、肌成纤维细胞及细胞外基质代谢异常，引起巨乳头形成、胶原沉积和结膜组织重构；MMPs与TIMPs失衡被认为与纤维化有关。

关于青少年型慢性关节炎合并葡萄膜炎，文中强调应由眼科和儿科医生密切协作，并尽早发现眼部并发症。治疗通常从足量局部糖皮质激素开始，必要时采用全身激素或结膜下注射；非甾体抗炎药可作为辅助治疗，但眼部疗效仍不确定。对于复发或激素副作用明显者，可考虑氨甲蝶呤、环孢霉素A及肿瘤坏死因子拮抗剂，不过这些药物对葡萄膜炎的长期疗效和潜在风险仍需进一步评估。

节选还系统概述葡萄膜炎玻璃体切除术的术后并发症、特殊适应证及禁忌证。术后可能出现低眼压、视网膜脱离、玻璃体积血和炎症复发。手术可用于药物治疗无效且严重影响视力的玻璃体混浊、视网膜前膜、玻璃体黄斑牵引、部分感染性视网膜炎及复杂性视网膜脱离，但对药物无效的黄斑囊样水肿等情况仍存在争议。急性活动性炎症、视力未受影响的病变、光感受器已受损的慢性黄斑水肿及某些稳定性视网膜脱离通常不宜手术。",2008年出版的眼科综述性专著，面向眼科医生、视光师及各级培训医师，连接基础免疫研究与临床诊疗。全书围绕眼部变态反应、干眼及MALT/EALT、瘢痕性类天疱疮、角膜移植排斥、巩膜炎、HLA免疫遗传学和葡萄膜炎免疫机制展开，并涵盖疱疹病毒、巨细胞病毒感染，Behçet病及脉络膜炎分类与诊治。重点涉及IgE、Th1/Th2、细胞因子、HLA-B27/HLA-A29、EAU动物模型、ICGA与荧光素血管造影、眼内液获取和抗体检测；介绍干眼TBUT、Schirmer试验、角膜荧光素/孟加拉红染色、印迹细胞法，OCP结膜活检、免疫沉积及Foster分期。治疗包括局部及全身皮质类固醇、环孢素、甲氨蝶呤、霉酚酸酯、抗TNF、干扰素、更昔洛韦、缬更昔洛韦、膦甲酸钠、免疫耐受，以及角膜移植免疫调节、白塞病手术和葡萄膜炎玻璃体切除术。
284,葡萄膜炎图谱-杨柳 2013,normalized_exact,08-葡萄膜炎与眼内炎症,2c1efff9-0960-4d4b-a4c3-7acfb9411151,10000,1fc37df3-65e0-4dad-8558-a7696da44645,葡萄膜炎图谱-杨柳 2013_weknora.mhtml,葡萄膜炎图谱-杨柳 2013_weknora.mhtml,completed,0b08bd94-ebaf-44af-abdc-8c44865abc57,23e40d28-5a52-489e-b213-8a1ca0395d93,357,1030,878e0b3c19c53bcbfd970bc3f174f74fe0312215781ca3b90cc6dce5c49c714c,"该图谱由杨柳主编，北京大学医学出版社2013年出版，系统阐述葡萄膜炎及葡萄膜异常。第一章总论界定葡萄膜炎为葡萄膜（虹膜、睫状体、脉络膜）的炎症，是眼科常见致盲性眼病，多与免疫因素相关并可能伴有全身疾病。分类包括按解剖部位（前、中间、后、全葡萄膜炎）、病程、病因及组织病理分型，并介绍了SUN工作组确立的以解剖部位为基础的分类和炎症程度分级标准。

病因部分强调内因性葡萄膜炎的地域及时代差异：结节病常见于欧美，Vogt-小柳原田病多见于亚洲，Behçet病在古丝绸之路国家多发，感染性葡萄膜炎在发展中国家的发病率可达30%～50%。时代变迁亦影响病因构成，如艾滋病相关葡萄膜炎的出现、日本最常见病因由Behçet病转为结节病等。病因体系涵盖外因性（外伤、理化损伤）、继发性（眼球及邻近组织炎症、眼内毒素刺激）与内因性（结核、麻风、梅毒、钩端螺旋体病、Lyme病、单纯疱疹病毒等感染因素，以及晶状体源性等非感染性免疫因素）。

随后各章节详述不同类型葡萄膜炎的临床特征，如麻风性葡萄膜炎的慢性结节型及虹膜表面麻风珠表现，梅毒性葡萄膜炎的获得性与先天性各型（包括虹膜蔷薇疹、椒盐样眼底、急性梅毒性后极部鳞状脉络膜视网膜炎），Lyme病性葡萄膜炎的分期眼部表现（肉芽肿性前葡萄膜炎、中间葡萄膜炎、弥漫性脉络膜视网膜炎等），以及单纯疱疹性葡萄膜炎的疱疹性角膜-虹膜睫状体炎、虹膜睫状体炎和视网膜脉络膜炎等类型。第四章介绍多灶性脉络膜炎的眼底、FFA、ICGA及OCT影像特征，以及急性区域性隐匿性外层视网膜病变（AZOOR）——好发于年轻女性，以突然视力下降、闪光感为特征，眼底检查和FFA多正常而视野及ERG异常。第五章述及葡萄膜先天异常（瞳孔残膜、虹膜缺损、脉络膜缺损）及其他异常（虹膜结节、虹膜硅油吸附、虹膜新生血管等），并配有大量影像图例。","# Summary
该图谱由杨柳主编，北京大学医学出版社2013年出版，系统阐述葡萄膜炎及葡萄膜异常。第一章总论界定葡萄膜炎为葡萄膜（虹膜、睫状体、脉络膜）的炎症，是眼科常见致盲性眼病，多与免疫因素相关并可能伴有全身疾病。分类包括按解剖部位（前、中间、后、全葡萄膜炎）、病程、病因及组织病理分型，并介绍了SUN工作组确立的以解剖部位为基础的分类和炎症程度分级标准。

病因部分强调内因性葡萄膜炎的地域及时代差异：结节病常见于欧美，Vogt-小柳原田病多见于亚洲，Behçet病在古丝绸之路国家多发，感染性葡萄膜炎在发展中国家的发病率可达30%～50%。时代变迁亦影响病因构成，如艾滋病相关葡萄膜炎的出现、日本最常见病因由Behçet病转为结节病等。病因体系涵盖外因性（外伤、理化损伤）、继发性（眼球及邻近组织炎症、眼内毒素刺激）与内因性（结核、麻风、梅毒、钩端螺旋体病、Lyme病、单纯疱疹病毒等感染因素，以及晶状体源性等非感染性免疫因素）。

随后各章节详述不同类型葡萄膜炎的临床特征，如麻风性葡萄膜炎的慢性结节型及虹膜表面麻风珠表现，梅毒性葡萄膜炎的获得性与先天性各型（包括虹膜蔷薇疹、椒盐样眼底、急性梅毒性后极部鳞状脉络膜视网膜炎），Lyme病性葡萄膜炎的分期眼部表现（肉芽肿性前葡萄膜炎、中间葡萄膜炎、弥漫性脉络膜视网膜炎等），以及单纯疱疹性葡萄膜炎的疱疹性角膜-虹膜睫状体炎、虹膜睫状体炎和视网膜脉络膜炎等类型。第四章介绍多灶性脉络膜炎的眼底、FFA、ICGA及OCT影像特征，以及急性区域性隐匿性外层视网膜病变（AZOOR）——好发于年轻女性，以突然视力下降、闪光感为特征，眼底检查和FFA多正常而视野及ERG异常。第五章述及葡萄膜先天异常（瞳孔残膜、虹膜缺损、脉络膜缺损）及其他异常（虹膜结节、虹膜硅油吸附、虹膜新生血管等），并配有大量影像图例。",本书由杨柳主编，2013年出版，定位为面向眼科医师，尤其是低年资医生和学习者的葡萄膜炎临床参考图谱。全书以典型病例图像结合简要文字，系统介绍葡萄膜炎的定义、分类、病因变迁及前、中、后葡萄膜炎的临床表现。内容涵盖感染性葡萄膜炎，包括细菌、螺旋体、病毒、真菌、原虫和寄生虫感染；非感染性葡萄膜炎，包括晶状体相关性葡萄膜炎、交感性眼炎、Fuchs异色性虹膜睫状体炎、Behçet病、结节病、Vogt-小柳-原田病及风湿病、结缔组织病相关病变；并涉及伪装综合征、脉络膜毛细血管—玻璃膜—视网膜色素上皮复合体炎症性疾病和葡萄膜异常。书中收录前节照相、眼底照相、荧光素及吲哚青绿眼底血管造影、眼底自发荧光、相干光断层扫描、超声生物显微镜等检查影像，为诊断、鉴别诊断、治疗决策、并发症处理及复杂白内障和玻璃体视网膜手术提供参考。
285,葡萄膜炎诊断与治疗-杨培增 2009,normalized_exact,08-葡萄膜炎与眼内炎症,2c1efff9-0960-4d4b-a4c3-7acfb9411151,10000,042d5f57-2254-4c2a-b8cd-14124d4496e5,葡萄膜炎诊断与治疗-杨培增 2009_weknora.mhtml,葡萄膜炎诊断与治疗-杨培增 2009_weknora.mhtml,completed,1a456993-1dbe-4937-a475-6d600e673f45,ba164fa8-3005-4405-9539-c216e7f72f82,385,1106,f4a8aa81b07f09a2cf9bd9662b084161be1574bace00429d7a9c64beccc6efe3,"本书《葡萄膜炎诊断与治疗》由杨培增著，系统阐述了著者在长期临床实践中形成的葡萄膜炎诊治思想体系，即""四种思维、三项原则、五个策略""。

在治疗思想上，著者提出四种思维：系统思维强调从整体系统间因果关系处理疾病，注意治疗先后顺序并从根本上解决病因，书中以炎症未控制即行白内障手术或角膜移植导致失明等反面案例说明其重要性；辨证思维要求辨别葡萄膜炎的复杂性、可变性和伪装性，辨患者个体差异及辨药物和治疗方法，并以误将视网膜母细胞瘤伪装综合征当作葡萄膜炎治疗、险些危及患儿生命的病例加以警示；整体思维主张从全身着眼治疗局部病变，而非仅着眼于局部；唯美思维强调以最少药物、最小剂量、最优方案恢复人体和谐，反对过度治疗和滥用糖皮质激素。

在治疗原则上，个体化原则要求根据患者类型、体质、基础疾病等制定个体化方案；简单化原则强调用针对性强的少数药物从根源治疗，指出大包围式用药每年造成数亿元药物浪费；""长治久安""原则着眼于长远，通过规范治疗消除慢性化和复发根源，使炎症长期安静。

治疗策略部分论述了急性炎症宜采取""速战速决""，慢性炎症宜采取小剂量""持久战""策略，并对慢性炎症滥用大剂量""冲击式""治疗的危害提出告诫，另述及""急则治标""等策略。

书末附一例右眼全巩膜炎（巩膜葡萄膜炎）伴继发性视网膜脱离的完整病例，详述了CT、B超、FFA等影像学检查结果、中西医结合治疗方案（糖皮质激素、环孢素、环磷酰胺及中药）及15个月随访中炎症逐步消退的过程，并总结三点体会：巩膜炎病因鉴别诊断（感染性与非感染性）至关重要；前后巩膜可同时受累，应诊为全巩膜炎；长期规范治疗是使顽固性炎症完全消退的关键。","# Summary
本书《葡萄膜炎诊断与治疗》由杨培增著，系统阐述了著者在长期临床实践中形成的葡萄膜炎诊治思想体系，即""四种思维、三项原则、五个策略""。

在治疗思想上，著者提出四种思维：系统思维强调从整体系统间因果关系处理疾病，注意治疗先后顺序并从根本上解决病因，书中以炎症未控制即行白内障手术或角膜移植导致失明等反面案例说明其重要性；辨证思维要求辨别葡萄膜炎的复杂性、可变性和伪装性，辨患者个体差异及辨药物和治疗方法，并以误将视网膜母细胞瘤伪装综合征当作葡萄膜炎治疗、险些危及患儿生命的病例加以警示；整体思维主张从全身着眼治疗局部病变，而非仅着眼于局部；唯美思维强调以最少药物、最小剂量、最优方案恢复人体和谐，反对过度治疗和滥用糖皮质激素。

在治疗原则上，个体化原则要求根据患者类型、体质、基础疾病等制定个体化方案；简单化原则强调用针对性强的少数药物从根源治疗，指出大包围式用药每年造成数亿元药物浪费；""长治久安""原则着眼于长远，通过规范治疗消除慢性化和复发根源，使炎症长期安静。

治疗策略部分论述了急性炎症宜采取""速战速决""，慢性炎症宜采取小剂量""持久战""策略，并对慢性炎症滥用大剂量""冲击式""治疗的危害提出告诫，另述及""急则治标""等策略。

书末附一例右眼全巩膜炎（巩膜葡萄膜炎）伴继发性视网膜脱离的完整病例，详述了CT、B超、FFA等影像学检查结果、中西医结合治疗方案（糖皮质激素、环孢素、环磷酰胺及中药）及15个月随访中炎症逐步消退的过程，并总结三点体会：巩膜炎病因鉴别诊断（感染性与非感染性）至关重要；前后巩膜可同时受累，应诊为全巩膜炎；长期规范治疗是使顽固性炎症完全消退的关键。",杨培增著，2009年出版。本书面向眼科临床医生及葡萄膜炎研究人员，系统总结葡萄膜炎的基础、诊断、治疗与各类型疾病。全书分四篇、72章：介绍葡萄膜解剖生理、分类及感染、免疫和损伤机制；阐述病史采集、眼部检查、实验室检查及荧光素眼底血管造影、吲哚青绿造影、超声活体显微镜、超声、OCT、视野和多焦视网膜电图等技术；讨论糖皮质激素、免疫抑制剂、非甾体消炎药、睫状肌麻痹剂、扩瞳剂、中医中药及并发症治疗。各论涵盖前、中间、后及全葡萄膜炎、儿童葡萄膜炎、视网膜血管炎，以及Behçet病、Vogt-小柳原田综合征、交感性眼炎、Fuchs综合征、感染性葡萄膜炎、风湿免疫病相关葡萄膜炎、伪装综合征和巩膜炎等，并结合典型病例、诊断鉴别、预后分析。书中还涉及白内障摘除、人工晶状体植入、角膜移植及眼底激光等手术技术，提出系统、辨证、整体和唯美思维，以及个体化、简单化、“长治久安”原则。
286,葡萄膜炎诊治概要-杨培增 2016,normalized_exact,08-葡萄膜炎与眼内炎症,2c1efff9-0960-4d4b-a4c3-7acfb9411151,10000,39224c14-5665-4f12-b8e7-f337e9c26383,葡萄膜炎诊治概要-杨培增 2016_weknora.mhtml,葡萄膜炎诊治概要-杨培增 2016_weknora.mhtml,completed,911fc412-0a9d-4e74-8451-26858970f268,49cc885b-4ae2-4b22-b16a-62a6398bb152,396,1110,6d66f116cbe903cc6ea6e46b25395737ccc40748b533238faa87bd4ef9ada074,"# 葡萄膜炎 诊治概要

杨培增 著

Essentials of the Diagnosis & Treatment of Uveitis

葡萄膜炎

诊治概要

## Essentials of the Diagnosis & Treatment of Uveitis

《葡萄膜炎诊治概要》一书60余万字，插图519幅，全书分三篇，共69章。著者在30余年中诊治了数以万计的各种葡萄膜炎患者，积累了数十万张患者的资料图片。在此过程中著者不断体验和感悟，并根据以往所写的三本葡萄膜炎专著和国际上有关进展，提炼和概括出各种葡萄膜炎诊治经验和要点。本书具有简洁、明了、实用的特点，更有按图索骥、读文开方之便利，不仅是葡萄膜炎专科医生必备之书，是眼科各专科医生之案头参考书，也适用于研究生之教学和临床实习，对其他专科医生如风湿科、免疫科、皮肤科等医生也有参考价值。

策划编辑 刘红霞 李海凌

责任编辑 李海凌 余萌 刘红霞

封面设计 赵京津

版式设计 单斯

销售分类/眼科

人卫社官网 www.pmph.com 出版物查询，在线购书

人卫医学网 www.ipmph.com
医学考试辅导","# Summary
# 葡萄膜炎 诊治概要

杨培增 著

Essentials of the Diagnosis & Treatment of Uveitis

葡萄膜炎

诊治概要

## Essentials of the Diagnosis & Treatment of Uveitis

《葡萄膜炎诊治概要》一书60余万字，插图519幅，全书分三篇，共69章。著者在30余年中诊治了数以万计的各种葡萄膜炎患者，积累了数十万张患者的资料图片。在此过程中著者不断体验和感悟，并根据以往所写的三本葡萄膜炎专著和国际上有关进展，提炼和概括出各种葡萄膜炎诊治经验和要点。本书具有简洁、明了、实用的特点，更有按图索骥、读文开方之便利，不仅是葡萄膜炎专科医生必备之书，是眼科各专科医生之案头参考书，也适用于研究生之教学和临床实习，对其他专科医生如风湿科、免疫科、皮肤科等医生也有参考价值。

策划编辑 刘红霞 李海凌

责任编辑 李海凌 余萌 刘红霞

封面设计 赵京津

版式设计 单斯

销售分类/眼科

人卫社官网 www.pmph.com 出版物查询，在线购书

人卫医学网 www.ipmph.com
医学考试辅导",杨培增著，2016年出版。本书为葡萄膜炎临床诊治的简明实用参考书，适合葡萄膜炎专科及各眼科专业医生，也可供研究生、临床实习生和风湿科、免疫科、皮肤科医生参考。全书三篇69章：概论涵盖葡萄膜炎概念、解剖及病因分类、病史采集、眼部检查、辅助与实验室检查、诊断和治疗策略；治疗篇系统介绍糖皮质激素、免疫抑制剂、非甾体抗炎药、睫状肌麻痹剂、扩瞳剂及中医中药；各论按前、中间、后及全葡萄膜炎，视网膜血管炎、儿童葡萄膜炎、风湿免疫相关疾病、Behcet病、Vogt-小柳原田综合征、交感性眼炎、Fuchs综合征、病毒、弓形虫、结核、梅毒、细菌和真菌性眼内炎、伪装综合征等展开，并涉及巩膜炎及药物、糖尿病相关葡萄膜炎。关键词包括角膜后沉着物、前房闪辉与细胞、玻璃体炎、视网膜血管炎、黄斑水肿、荧光素及吲哚青绿血管造影、UBM、超声、OCT、视野、mfERG、CT/MRI，以及白内障摘除和人工晶状体植入术。
287,视光学理论和方法-瞿佳 2004,normalized_exact,04-屈光与视光：近视、接触镜与低视力,c73385b9-c154-4103-a93e-2d4c31f2423a,10000,2352f4df-1661-4d1b-ba39-4f8688debaf4,视光学理论和方法-瞿佳 2004_weknora.mhtml,视光学理论和方法-瞿佳 2004_weknora.mhtml,completed,347aec81-b09e-481a-ad41-7df71ab9d71d,b2644f46-fdc5-4979-a0d7-9aad107ede24,340,976,e321f6d4f4fdbf1ec7bdb7adf108468868915e6383cf071c1b9e90aa4018d25d,"《视光学理论和方法》是普通高等教育“十五”国家级规划教材，供眼视光学专业本科教学使用，主编为瞿佳，2004年由人民卫生出版社出版。该书属于眼视光学系列教材中的临床基础课程，编写目标是在借鉴国外课程体系的基础上结合我国实际，贯彻全面、全程眼保健理念，将基础理论、临床检测技术和分析流程结合起来，帮助学生掌握眼科检测基本技术，形成视光学诊断、鉴别诊断及临床处理的规范思路。

节选内容首先介绍视觉的基本概念及视觉发育过程，重点阐述视角、视力和视标设计。视力以眼睛分辨两个物点间最小距离的能力表示，常用Landolt环、字母、翻滚E、数字和图画等视标进行检查，并可用Snellen分数、小数视力、最小分辨角（MAR）、logMAR及五分记录法表达。文中还比较了Snellen视力表、标准对数视力表和Bailey-Lovie视力表的设计原则及适用特点，说明印刷、投影和视频视力表的不同形式。

节选还讨论了近视的发病机制及矫治。近视可与持续视近、眼内外肌作用、眼球充血、角膜散光等因素有关，也可分为先天性、继发性和并发性近视。其病理改变涉及眼轴延长、巩膜异常以及视网膜、脉络膜和玻璃体变性。当前近视矫治主要包括框架眼镜、角膜接触镜、药物及手术，但有效方法主要是矫正屈光状态，尚不能根治或完全阻止病理进展。远视则源于眼球屈光力相对眼轴长度不足，患者常通过过度调节维持视力，容易出现视疲劳，通常采用正镜片矫正。

此外，书中介绍了波前像差检查及其影响因素。瞳孔扩大、泪膜破坏、调节状态、年龄和屈光力等均会影响检查结果。波前像差主要借助Zernike多项式和波前像差图进行描述，其中低阶像差可用球柱镜矫正，高阶像差如彗差、球差则不能通过传统球柱镜矫正。","# Summary
《视光学理论和方法》是普通高等教育“十五”国家级规划教材，供眼视光学专业本科教学使用，主编为瞿佳，2004年由人民卫生出版社出版。该书属于眼视光学系列教材中的临床基础课程，编写目标是在借鉴国外课程体系的基础上结合我国实际，贯彻全面、全程眼保健理念，将基础理论、临床检测技术和分析流程结合起来，帮助学生掌握眼科检测基本技术，形成视光学诊断、鉴别诊断及临床处理的规范思路。

节选内容首先介绍视觉的基本概念及视觉发育过程，重点阐述视角、视力和视标设计。视力以眼睛分辨两个物点间最小距离的能力表示，常用Landolt环、字母、翻滚E、数字和图画等视标进行检查，并可用Snellen分数、小数视力、最小分辨角（MAR）、logMAR及五分记录法表达。文中还比较了Snellen视力表、标准对数视力表和Bailey-Lovie视力表的设计原则及适用特点，说明印刷、投影和视频视力表的不同形式。

节选还讨论了近视的发病机制及矫治。近视可与持续视近、眼内外肌作用、眼球充血、角膜散光等因素有关，也可分为先天性、继发性和并发性近视。其病理改变涉及眼轴延长、巩膜异常以及视网膜、脉络膜和玻璃体变性。当前近视矫治主要包括框架眼镜、角膜接触镜、药物及手术，但有效方法主要是矫正屈光状态，尚不能根治或完全阻止病理进展。远视则源于眼球屈光力相对眼轴长度不足，患者常通过过度调节维持视力，容易出现视疲劳，通常采用正镜片矫正。

此外，书中介绍了波前像差检查及其影响因素。瞳孔扩大、泪膜破坏、调节状态、年龄和屈光力等均会影响检查结果。波前像差主要借助Zernike多项式和波前像差图进行描述，其中低阶像差可用球柱镜矫正，高阶像差如彗差、球差则不能通过传统球柱镜矫正。",本书为2004年出版的全国高等学校眼视光学专业规划教材，属临床基础课程，主要供本科五年制眼视光学专业学生学习，也可供相关临床眼科人员参考。全书以全面、全程眼保健和临床检测分析流程为主线，系统讲解视力及视力表设计、近视力检测，视野、色觉、立体视觉、瞳孔和双眼视功能检查；介绍眼外部观察、裂隙灯显微镜、前房角、眼压及直接眼底镜检查。屈光部分涵盖眼球光学、正视、近视、远视、散光和屈光参差，进一步讲授检影验光、主觉验光、角膜曲率计、焦度计、镜片箱与试镜架及验光问题处理。后续内容涉及调节与聚散、老视及其检测矫正、对比敏感度、眩光、暗适应、潜视力、婴幼儿特殊视力检查和眼球像差检测。关键词包括色盲、色弱、FM-100、D-15、Rayleigh色觉镜、屈光不正、视功能评估与临床鉴别分析。
288,视神经疾病-Lanning B Kline 2009,normalized_exact,09-神经眼科,be1e44f1-985d-4445-b6a3-e60a0f43f85e,10000,5b594301-cf7d-42d6-bdb3-0a44342544af,视神经疾病-Lanning B Kline 2009_weknora.mhtml,视神经疾病-Lanning B Kline 2009_weknora.mhtml,completed,60582f66-c688-4a50-9cfa-5dba6cd2ac4e,3c982e02-e6bb-4234-a6a1-369234a058e5,386,1060,5465e1830b933a6ab13f786afcd8ff4274b43a153444d62091b13a6054d90d20,"该文档为《视神经疾病》（Optic Nerve Disorders）第2版的中文译本（人民卫生出版社2014年出版），由Lanning B. Kline和Rod Foroozan主编。全书共十章，旨在对临床常见的视神经疾病作简要而全面的复习，涵盖视神经解剖生理、临床检查技术及各类视神经病变的诊断与治疗。

第一章详细阐述了视神经的解剖与生理。视神经分为球内、眶内、管内和颅内四段，包含约120万根神经轴突，胚胎学上属大脑白质通路而非典型颅神经。球内段视神经乳头由神经纤维层、脉络膜板层和筛板构成；筛板由6至10层结缔组织板层组成，上下方筛孔较大且板层较薄，与青光眼的易感部位相关。神经纤维走行具有规律性：乳头黄斑纤维进入视盘颞侧，弓形束经上下极进入；视交叉内鼻侧纤维交叉而颞侧纤维不","# Summary
该文档为《视神经疾病》（Optic Nerve Disorders）第2版的中文译本（人民卫生出版社2014年出版），由Lanning B. Kline和Rod Foroozan主编。全书共十章，旨在对临床常见的视神经疾病作简要而全面的复习，涵盖视神经解剖生理、临床检查技术及各类视神经病变的诊断与治疗。

第一章详细阐述了视神经的解剖与生理。视神经分为球内、眶内、管内和颅内四段，包含约120万根神经轴突，胚胎学上属大脑白质通路而非典型颅神经。球内段视神经乳头由神经纤维层、脉络膜板层和筛板构成；筛板由6至10层结缔组织板层组成，上下方筛孔较大且板层较薄，与青光眼的易感部位相关。神经纤维走行具有规律性：乳头黄斑纤维进入视盘颞侧，弓形束经上下极进入；视交叉内鼻侧纤维交叉而颞侧纤维不",本书出版于2009年，是Lanning B. Kline、Rod Foroozan主编的视神经疾病临床参考书，面向眼科、神经眼科医师及相关专业医学生，强调病史、视功能检查与神经影像相结合的诊断思路。全书先介绍视神经球内、眶内、管内及颅内段的解剖、血供和轴突运输，再系统讲解视力、视野、色觉、瞳孔、对比敏感度、检眼镜、电生理及影像学检查。正文重点涵盖视乳头水肿及特发性颅内压增高、视神经炎与多发性硬化/视神经脊髓炎、非动脉炎性和动脉炎性缺血性视神经病变、前部视路压迫，以及视神经胶质瘤、颅咽管瘤、垂体腺瘤、脑膜瘤、颅内动脉瘤和甲状腺相关视神经病变；并讨论发育性和遗传性异常、Leber遗传性视神经病变、中毒性与营养性病变、外伤性视神经损伤，以及放射性、癌性、糖尿病性等其他病变。关键词包括NAION、巨细胞动脉炎、MRI/CT、视觉诱发电位、颞动脉活检、肿瘤切除及药物治疗。
289,视网膜疾病电生理诊断-姜利斌 2010,normalized_exact,19-检查：视觉电生理,90a38a5f-92ce-4de3-a03a-152fd1db4d8e,10000,13fa0b9c-7110-4b7e-b676-1eaa418ff3f4,视网膜疾病电生理诊断-姜利斌 2010_weknora.mhtml,视网膜疾病电生理诊断-姜利斌 2010_weknora.mhtml,completed,2a82b711-d1b5-42d9-9b27-90e9546a5cb0,655204a0-86f4-4b56-b747-77731f887972,403,1115,9f84cb5cbf66eb48b636fca2265cc11ce38bfd1febc6cfefc15a6e1b9b449cc8,"《视网膜疾病电生理诊断》是日本名古屋大学三宅养三（Y. Miyake）教授的专著，系统总结了他30余年来在临床视觉电生理领域的研究经验。全书以随笔短文形式写成，并未囊括所有视网膜疾病，仅选取作者团队曾深入识别和研究过的病种。中译本由姜利斌、陈长征主译，吴乐正、黄时洲主审，于2010年出版。

第一章介绍原理与方法。全视野视网膜电图（ERG）采用Ganzfeld刺激器使刺激与背景光均匀覆盖全视网膜，记录条件遵循国际临床视觉电生理学会（ISCEV）标准。随刺激强度递增，ERG依次出现暗视阈值反应（STR）、b波和a波：STR起源于与光感受器形成突触的视网膜神经元；a波反映光感受器电位前沿；b波间接源自双极细胞与Müller细胞；振荡电位则代表无长突细胞对b波的抑制或调节效应。为分别评价视杆与视锥细胞功能，需在不同适应条件下记录多种ERG。作者团队开发了内置白光LED的角膜接触镜电极，兼具刺激与背景光源功能，可记录符合ISCEV标准的ERG，尤其适用于全身麻醉下婴幼儿的检查，以及玻璃体视网膜手术中的30Hz闪烁光ERG监测；术中监测显示玻璃体切割、气液交换及灌注液温度均可影响ERG振幅与峰时。此外，长闪光明视ERG可分离on/off反应，其a、b、d波与双极细胞的超极化、去极化活动有关。

第二章有关先天性静止性夜盲（CSNB）。完全型与不完全型X连锁CSNB的女性携带者均表现为振荡电位选择性降低而a波、b波正常。分子遗传学证实不完全型CSNB与CACNA1F基因突变相关，完全型CSNB多由NYX基因突变所致；各类患者的全视野ERG波形高度一致，提示ERG表型对诊断具有重要价值。发病机制上，完全型表现为视杆、视锥通路on型双极细胞突触传递的完全阻断，不完全型则为on/off通路的不完全缺陷。多数患者长期随访视力稳定，提示疾病基本静止，但部分CACNA1F突变患者呈进展性病程，出现脉络膜视网膜萎缩与视功能恶化。

第四章讨论年龄相关性黄斑变性（AMD）的手术治疗。视网膜下出血经玻璃体切割联合组织纤溶酶原激活剂清除后，光感受","# Summary
《视网膜疾病电生理诊断》是日本名古屋大学三宅养三（Y. Miyake）教授的专著，系统总结了他30余年来在临床视觉电生理领域的研究经验。全书以随笔短文形式写成，并未囊括所有视网膜疾病，仅选取作者团队曾深入识别和研究过的病种。中译本由姜利斌、陈长征主译，吴乐正、黄时洲主审，于2010年出版。

第一章介绍原理与方法。全视野视网膜电图（ERG）采用Ganzfeld刺激器使刺激与背景光均匀覆盖全视网膜，记录条件遵循国际临床视觉电生理学会（ISCEV）标准。随刺激强度递增，ERG依次出现暗视阈值反应（STR）、b波和a波：STR起源于与光感受器形成突触的视网膜神经元；a波反映光感受器电位前沿；b波间接源自双极细胞与Müller细胞；振荡电位则代表无长突细胞对b波的抑制或调节效应。为分别评价视杆与视锥细胞功能，需在不同适应条件下记录多种ERG。作者团队开发了内置白光LED的角膜接触镜电极，兼具刺激与背景光源功能，可记录符合ISCEV标准的ERG，尤其适用于全身麻醉下婴幼儿的检查，以及玻璃体视网膜手术中的30Hz闪烁光ERG监测；术中监测显示玻璃体切割、气液交换及灌注液温度均可影响ERG振幅与峰时。此外，长闪光明视ERG可分离on/off反应，其a、b、d波与双极细胞的超极化、去极化活动有关。

第二章有关先天性静止性夜盲（CSNB）。完全型与不完全型X连锁CSNB的女性携带者均表现为振荡电位选择性降低而a波、b波正常。分子遗传学证实不完全型CSNB与CACNA1F基因突变相关，完全型CSNB多由NYX基因突变所致；各类患者的全视野ERG波形高度一致，提示ERG表型对诊断具有重要价值。发病机制上，完全型表现为视杆、视锥通路on型双极细胞突触传递的完全阻断，不完全型则为on/off通路的不完全缺陷。多数患者长期随访视力稳定，提示疾病基本静止，但部分CACNA1F突变患者呈进展性病程，出现脉络膜视网膜萎缩与视功能恶化。

第四章讨论年龄相关性黄斑变性（AMD）的手术治疗。视网膜下出血经玻璃体切割联合组织纤溶酶原激活剂清除后，光感受",本书为三宅养生原著、姜利斌和陈长征译，2010年出版，定位为总结作者30余年临床视觉电生理研究经验的专业专著，适用于眼科临床医生、视觉电生理工作者及相关研究人员。全书首先介绍全视野ERG、黄斑局部ERG、多焦ERG、EOG及OCT的原理、操作、正常反应和结果分析；继而系统讨论视网膜色素变性、结晶样视网膜病变、Batten病、无脉络膜症、回旋状萎缩、增强蓝锥细胞综合征、X连锁视网膜劈裂、先天性静止性夜盲、白点状眼底、小口病、视锥细胞营养不良、视杆及蓝锥细胞单色视、隐匿性黄斑营养不良、Stargardt病和Best病等遗传性疾病；并涉及糖尿病视网膜病变、视网膜循环障碍、视网膜及脉络膜脱离和炎症性疾病，以及中心性浆液性脉络膜视网膜病变、黄斑囊样水肿、黄斑前膜、黄斑裂孔、假孔和年龄相关性黄斑变性。内容结合眼底荧光血管造影、OCT、黄斑手术、玻璃体切割术及术中ERG，强调电生理、影像形态与疾病机制的关联。
290,视网膜脱离显微手术学-刘文 2007,normalized_exact,06-眼底病与视网膜内科,f900fe21-9deb-47e0-bf36-ce06022cae92,10000,9b19ef7c-82ff-468f-9960-15ae9cc256be,视网膜脱离显微手术学-刘文 2007_weknora.mhtml,视网膜脱离显微手术学-刘文 2007_weknora.mhtml,completed,11b9caff-ae21-4e30-8128-c55e9aae33a1,9b3f0f3e-c242-446c-92a5-ea4dd4c4f028,376,1104,978239b90b5ef5a6032ea1a0cb9812aafb5955a624a2d85c05fa93dda1c27928,"《视网膜脱离显微手术学》是一部系统介绍视网膜脱离及玻璃体视网膜疾病显微手术的眼科学专著，内容主要包括视网膜脱离外路显微手术和全玻璃体切除术两大理论与技术体系。作者提出的视网膜脱离外路显微手术，改变了传统依赖间接检眼镜或直接检眼镜的操作方式，将眼底观察、裂孔定位、冷凝封闭及相关手术步骤全部置于手术显微镜下完成，具有正像观察、视野清晰、操作精细、定位准确、易于学习推广等特点，被认为推动了视网膜脱离外路手术进入显微手术阶段。

全玻璃体切除术则主张将包括玻璃体基底部和睫状体平部在内的玻璃体尽可能完整切除，以减少巩膜穿刺孔玻璃体嵌顿、前段增生性玻璃体视网膜病变及术后视网膜脱离复发等问题。书中结合相关理论、临床经验和国内外进展，介绍其在多种玻璃体视网膜疾病中的应用及疗效。

全书共三十章，前部讲述眼球解剖、生理、生化、病理、玻璃体及视网膜脱离手术基础和术前准备；中部重点阐述外路显微手术的操作技术、适应证、并发症及处理；后部详细介绍全玻璃体切除术的基本方法和临床应用。书中还讨论了巨大视网膜裂孔的病因、易感因素、临床表现及其与增生性玻璃体视网膜病变的关系。作者采用由浅入深、图文结合的写法，并配有典型病例、丰富影像资料和同步手术录像DVD，旨在帮助初学者掌握技术，也为高年资眼科医师、医学生、研究生及教学科研人员提供临床参考。","# Summary
《视网膜脱离显微手术学》是一部系统介绍视网膜脱离及玻璃体视网膜疾病显微手术的眼科学专著，内容主要包括视网膜脱离外路显微手术和全玻璃体切除术两大理论与技术体系。作者提出的视网膜脱离外路显微手术，改变了传统依赖间接检眼镜或直接检眼镜的操作方式，将眼底观察、裂孔定位、冷凝封闭及相关手术步骤全部置于手术显微镜下完成，具有正像观察、视野清晰、操作精细、定位准确、易于学习推广等特点，被认为推动了视网膜脱离外路手术进入显微手术阶段。

全玻璃体切除术则主张将包括玻璃体基底部和睫状体平部在内的玻璃体尽可能完整切除，以减少巩膜穿刺孔玻璃体嵌顿、前段增生性玻璃体视网膜病变及术后视网膜脱离复发等问题。书中结合相关理论、临床经验和国内外进展，介绍其在多种玻璃体视网膜疾病中的应用及疗效。

全书共三十章，前部讲述眼球解剖、生理、生化、病理、玻璃体及视网膜脱离手术基础和术前准备；中部重点阐述外路显微手术的操作技术、适应证、并发症及处理；后部详细介绍全玻璃体切除术的基本方法和临床应用。书中还讨论了巨大视网膜裂孔的病因、易感因素、临床表现及其与增生性玻璃体视网膜病变的关系。作者采用由浅入深、图文结合的写法，并配有典型病例、丰富影像资料和同步手术录像DVD，旨在帮助初学者掌握技术，也为高年资眼科医师、医学生、研究生及教学科研人员提供临床参考。",本书出版于2007年，系统介绍视网膜脱离外路显微手术与全玻璃体切除术，定位为眼科医师、大中专医学生、研究生及眼科教学、研究人员的临床参考书。全书三十章，涵盖眼球、玻璃体、视网膜解剖生理与病理机制，术前眼前节、眼底及全身检查，眼超声、彩色多普勒超声、超声生物显微镜、荧光血管造影、吲哚菁绿造影、视野、视觉电生理、OCT、CT、MRI等辅助检查，以及手术显微镜、冷凝机、电凝器、巩膜外植体、玻璃体切割机、激光机和眼内填充物。重点讲解巩膜加压、环扎、视网膜下液引流、冷凝、外路显微手术及术后处理，并详述全玻璃体切除、膜剥离、视网膜切开、重水、气液交换、膨胀气体和硅油填充等技术。涉及裂孔性、牵拉性、渗出性及外伤性视网膜脱离，增生性玻璃体视网膜病变、糖尿病性视网膜病变、小儿及早产儿视网膜病变、视网膜劈裂、急性视网膜坏死、黄斑疾病、眼内肿瘤及玻璃体手术并发症。
291,角膜 上-Mark J Mannis 2018,normalized_exact,02-角膜与眼表,f041b2b7-3147-4deb-a2f2-0de5cc53d296,10000,d06d5c9b-09a8-47a1-b7c5-c7c8826dcf7d,角膜 上-Mark J Mannis 2018_weknora.mhtml,角膜 上-Mark J Mannis 2018_weknora.mhtml,completed,62d20957-7ea5-47e6-a9e0-86d38da3e8f9,54675e18-d8d2-4124-8089-e9ed5171f76b,375,989,67863e32aa2b3a3ac609f4fb3c42de765d4079ccb868e038d62bd3ccb68b5290,"## 角膜

## CORNEA

Fundamentals, Diagnosis and Management

上卷

主编 MARK J. MANNIS

EDWARD J. HOLLAND

主译 史伟云

## 角膜

Cornea

Fundamentals, Diagnosis and Management

第4版

上卷

主 编 Mark J Mannis, MD, FACS Edward J Holland, MD

主译 史伟云

副主译高

## 图书在版编目（CIP）数据

角膜：全2册/（美）马克·曼尼斯

（Mark J. Mannis）主编；史伟云主译. — 北京：人民卫生出版社，2018

ISBN 978-7-117-27331-2

Ⅰ. ①角… Ⅱ. ①马…②史… Ⅲ. ①角膜疾病－诊疗 Ⅳ. ①R772.2

中国版本图书馆 CIP 数据核字（2018）第 196449 号

人卫智网 www.ipmph.com

人卫官网 www.pmph.com

医学教育、学术、考试、健康，购书智慧智能综合服务平台

人卫官方资讯发布平台

版权所有，","# Summary
## 角膜

## CORNEA

Fundamentals, Diagnosis and Management

上卷

主编 MARK J. MANNIS

EDWARD J. HOLLAND

主译 史伟云

## 角膜

Cornea

Fundamentals, Diagnosis and Management

第4版

上卷

主 编 Mark J Mannis, MD, FACS Edward J Holland, MD

主译 史伟云

副主译高

## 图书在版编目（CIP）数据

角膜：全2册/（美）马克·曼尼斯

（Mark J. Mannis）主编；史伟云主译. — 北京：人民卫生出版社，2018

ISBN 978-7-117-27331-2

Ⅰ. ①角… Ⅱ. ①马…②史… Ⅲ. ①角膜疾病－诊疗 Ⅳ. ①R772.2

中国版本图书馆 CIP 数据核字（2018）第 196449 号

人卫智网 www.ipmph.com

人卫官网 www.pmph.com

医学教育、学术、考试、健康，购书智慧智能综合服务平台

人卫官方资讯发布平台

版权所有，",本书出版于2018年，是Mark J. Mannis、Edward J. Holland主编的角膜与外眼专科权威教材，适用于角膜专科医师、综合眼科医师、住院医师、进修医师及科研人员。全书系统涵盖眼科学基础、角膜与巩膜解剖生理、眼附属器和结膜疾病、角膜疾病及巩膜和葡萄膜病变；重点介绍眼表与角膜检查、裂隙灯显微镜、泪膜评估、角膜染色、测厚、角膜知觉、病原体检测、分子遗传学、角膜地形图、形状分析、内皮显微镜、共焦显微镜、超声生物显微镜和前节OCT。疾病内容包括干眼、角膜溃疡、水肿、营养不良、圆锥角膜、细菌性、病毒性、真菌性及棘阿米巴角膜炎等。治疗与技术涵盖眼库、穿透性及板层角膜移植、DALK、DSEK、DMEK、角膜内皮移植、治疗性手术、羊膜移植、胶原交联、人工角膜、眼表重建及屈光手术，包括PRK、LASIK、LASEK、SMILE和角膜基质环。
292,角膜 下-Mark J Mannis 2018,normalized_exact,02-角膜与眼表,f041b2b7-3147-4deb-a2f2-0de5cc53d296,10000,d72d048f-c19f-4404-a681-806242e40799,角膜 下-Mark J Mannis 2018_weknora.mhtml,角膜 下-Mark J Mannis 2018_weknora.mhtml,completed,f3befa99-b26a-4c1d-90d2-2f59cf3ad4df,0fd545b3-f23b-482f-84b4-1911faaf89cf,404,1154,e3db430483f46a84100fbaf236e86251479537454d6abfae5a3a23942df7a2eb,"第4版

## 角膜 CORNEA Surgery of the Cornea and Conjunctiva

下卷

主编 MARK J. MANNIS

EDWARD J. HOLLAND

主译 史伟云

## 角膜

Cornea

Surgery of the Cornea and Conjunctiva

第4版

下卷

主 编 Mark J Mannis, MD, FACS

Edward J Holland, MD

主译史伟云

副主译 高华

## 图书在版编目（CIP）数据

角膜：全2册/（美）马克·曼尼斯

（Mark J. Mannis）主编；史伟云主译．—北京：人民卫生出版社，2018

ISBN 978-7-117-27331-2

Ⅰ. ①角… Ⅱ. ①马…②史… Ⅲ. ①角膜疾病－诊疗 Ⅳ. ①R772.2

中国版本图书馆 CIP 数据核字（2018）第 196449 号

# 第108章

## 现代角膜移植进展

Lisa M. Nijm, Mark J. Mannis, Mausam R. Damani, Edward J. Hollan","# Summary
第4版

## 角膜 CORNEA Surgery of the Cornea and Conjunctiva

下卷

主编 MARK J. MANNIS

EDWARD J. HOLLAND

主译 史伟云

## 角膜

Cornea

Surgery of the Cornea and Conjunctiva

第4版

下卷

主 编 Mark J Mannis, MD, FACS

Edward J Holland, MD

主译史伟云

副主译 高华

## 图书在版编目（CIP）数据

角膜：全2册/（美）马克·曼尼斯

（Mark J. Mannis）主编；史伟云主译．—北京：人民卫生出版社，2018

ISBN 978-7-117-27331-2

Ⅰ. ①角… Ⅱ. ①马…②史… Ⅲ. ①角膜疾病－诊疗 Ⅳ. ①R772.2

中国版本图书馆 CIP 数据核字（2018）第 196449 号

# 第108章

## 现代角膜移植进展

Lisa M. Nijm, Mark J. Mannis, Mausam R. Damani, Edward J. Hollan",本书出版于2018年，是面向视光医师、临床眼科医师、验光师及医学院校、视光专业学生的硬性角膜接触镜验配入门与实操指导书。内容从角膜解剖生理、镜片材料、场地设备、档案设计及相关法规入手，介绍基于Placido盘的角膜地形图检查与阅读，并系统讲解RGP镜及角膜塑形镜的适配者筛选、医患沟通、验配流程、试戴评估、参数计算、定片、复查和随访。重点涵盖球面、后复曲面、双复曲面RGP镜，普通角膜塑形镜、散光设计角膜塑形镜、CRT及双矢高CRT的设计调整与常见问题处理，同时涉及戴摘镜、护理、知情同意书和验配协议等规范化操作。书中结合近视、远视、散光、儿童近视控制、弱视、圆锥角膜、角膜屈光手术后及不规则角膜散光等场景，使用角膜曲率、K值、e值、HVID、矢高、轴向图、切线图、屈光度图和高度图等检查与影像指标指导验配，并讨论角膜上皮损伤、角膜色素环、无菌性浸润或溃疡、感染性角膜炎、泪液及结膜异常等并发症的识别与处理。
293,角膜光学特性与人工晶状体优选-俞阿勇 2017,normalized_exact,02-角膜与眼表,f041b2b7-3147-4deb-a2f2-0de5cc53d296,10000,30541adb-cdd8-4bda-a707-2fc59ec4eac4,角膜光学特性与人工晶状体优选-俞阿勇 2017_weknora.mhtml,角膜光学特性与人工晶状体优选-俞阿勇 2017_weknora.mhtml,completed,1572349a-3bbc-4e7e-a207-ce0a7edaea0f,a6fa7f21-4ec5-4e19-8d0f-e0dee7207156,397,1043,8405917a116a10319a5e15f5619e3a755ce2d895804d218f0aa3d9a3709f648f,"屈光性白内障手术系列

# 角膜光学特性 与人工晶状体优选

主 编 俞阿勇

# 屈光性白内障手术系列

角膜光学特性与人工晶状体优选

双通道客观视觉质量分析的临床实践

环曲面人工晶状体的临床实践

多焦点人工晶状体的临床实践

飞秒激光白内障手术的临床实践

人工晶状体视光学知识百问

《角膜光学特性与人工晶状体优选》一书对角膜光学特性主要参数及其意义做了系统性的梳理，介绍了各参数的检查、判读、注意事项等，便于眼科医疗单位开展临床应用。更难得的是，本书分享了丰富的典型病例和详细诊疗思路，图文并茂，并结合国内外研究结果来指导临床实践。

在白内障手术向屈光手术发展的今天，本书的出版填补了在该领域缺乏系统全面著作的空白，将为眼科同道在屈光性白内障手术临床实践中应用基于角膜光学特性的人工晶状体优选方案提供系统的参考。

——姚克

策划编辑 李海凌 刘红霞

责任编辑 李海凌 刘红霞

封面设计 连平 尹岩

版式设计 李秋斋

人卫智网

www.ipmph.com

医学教育、学术、考试、健康，

购书智慧智能综合服务平台

人卫官网

www.pmph.com

人卫官方资讯发","# Summary
屈光性白内障手术系列

# 角膜光学特性 与人工晶状体优选

主 编 俞阿勇

# 屈光性白内障手术系列

角膜光学特性与人工晶状体优选

双通道客观视觉质量分析的临床实践

环曲面人工晶状体的临床实践

多焦点人工晶状体的临床实践

飞秒激光白内障手术的临床实践

人工晶状体视光学知识百问

《角膜光学特性与人工晶状体优选》一书对角膜光学特性主要参数及其意义做了系统性的梳理，介绍了各参数的检查、判读、注意事项等，便于眼科医疗单位开展临床应用。更难得的是，本书分享了丰富的典型病例和详细诊疗思路，图文并茂，并结合国内外研究结果来指导临床实践。

在白内障手术向屈光手术发展的今天，本书的出版填补了在该领域缺乏系统全面著作的空白，将为眼科同道在屈光性白内障手术临床实践中应用基于角膜光学特性的人工晶状体优选方案提供系统的参考。

——姚克

策划编辑 李海凌 刘红霞

责任编辑 李海凌 刘红霞

封面设计 连平 尹岩

版式设计 李秋斋

人卫智网

www.ipmph.com

医学教育、学术、考试、健康，

购书智慧智能综合服务平台

人卫官网

www.pmph.com

人卫官方资讯发",本书为俞阿勇主编、2017年出版的《屈光性白内障手术系列》专著，面向眼科医师、白内障手术医师及从事屈光性白内障临床工作的人员。全书围绕角膜光学特性指导人工晶状体（IOL）个体化选择，系统介绍角膜散光、球差、不规则散光、前后表面曲率半径比、Kappa角和Alpha角等参数，涵盖检查设备与原理、Pentacam Scheimpflug眼前节分析、地形图/断层图判读、Zernike波前像差、瞳孔与区域化测量及阅片注意事项。重点讲解依据全角膜散光选择Toric IOL、依据球差选择球面或非球面IOL、依据不规则散光评估多焦点IOL适应证，以及角膜前后表面曲率半径比异常时的IOL屈光力计算。书中结合大量病例，讨论规则及不规则散光、圆锥角膜、翼状胬肉、角膜云翳、近视性或远视性PRK/LASIK、RK术后眼的术前评估和方案制定，并涉及白内障超声乳化、飞秒激光辅助白内障手术、散光性角膜切开术等技术。
294,角膜内皮病-洪晶 2019,normalized_exact,02-角膜与眼表,f041b2b7-3147-4deb-a2f2-0de5cc53d296,10000,d8af7271-a5c4-41b0-b5ec-a5752acef960,角膜内皮病-洪晶 2019_weknora.mhtml,角膜内皮病-洪晶 2019_weknora.mhtml,completed,075516a7-e890-4f46-96ed-b20b39828b3f,dbfea7bb-9c63-4699-961f-47358fb2a7fa,421,1119,68eb31fd9b0f578877137d78dacc9dc83f7bcea8de465fb665436ac7e2ccdd12,"# 角膜内皮病

Corneal Endothelium Diseases

主编 洪晶

角膜内皮病

Corneal endothelium diseases

内容简介：

本书是一本匠心独运的专著，也是迄今为止国际上第一本关于角膜内皮病的专业著作。

全书分为三个篇章：基础篇、疾病篇、手术篇。基础篇：全面系统地介绍了角膜内皮细胞的解剖结构、生理特点、胚胎发育及针对角膜内皮层的各种检查法，配以图片解析；疾病篇：将各种类型的角膜内皮病变的疾病特点、诊断方法及治疗措施分门别类地进行了详细地论述，以往临床上常常不得其解的角膜水肿问题，在此可能会找到答案；手术篇：各种类型角膜内皮移植手术的方法均有详尽论述，更可贵的是将中国患者的解剖特点和疾病特征进行了分析总结，同时结合著者丰富的手术经验，结合国人眼前节解剖特点，对手术方法进行了详细的解读，逐步教会读者怎样处理并发症，并使初学者尽快入门。

本书适合眼科各级医师阅读。

## 本书增值视频：

视频8-0-1 角膜后弹力层复位——前房注气术

视频16-5-1 单镊子植入

视频16-5-2 灌注过大 虹膜脱出

视频16-5-3 植入器","# Summary
# 角膜内皮病

Corneal Endothelium Diseases

主编 洪晶

角膜内皮病

Corneal endothelium diseases

内容简介：

本书是一本匠心独运的专著，也是迄今为止国际上第一本关于角膜内皮病的专业著作。

全书分为三个篇章：基础篇、疾病篇、手术篇。基础篇：全面系统地介绍了角膜内皮细胞的解剖结构、生理特点、胚胎发育及针对角膜内皮层的各种检查法，配以图片解析；疾病篇：将各种类型的角膜内皮病变的疾病特点、诊断方法及治疗措施分门别类地进行了详细地论述，以往临床上常常不得其解的角膜水肿问题，在此可能会找到答案；手术篇：各种类型角膜内皮移植手术的方法均有详尽论述，更可贵的是将中国患者的解剖特点和疾病特征进行了分析总结，同时结合著者丰富的手术经验，结合国人眼前节解剖特点，对手术方法进行了详细的解读，逐步教会读者怎样处理并发症，并使初学者尽快入门。

本书适合眼科各级医师阅读。

## 本书增值视频：

视频8-0-1 角膜后弹力层复位——前房注气术

视频16-5-1 单镊子植入

视频16-5-2 灌注过大 虹膜脱出

视频16-5-3 植入器",本书为洪晶主编、2019年出版的角膜内皮病专业专著，据书中介绍为国际上首部系统论述角膜内皮疾病的专业书籍，适合各级眼科医师及相关学习、研究人员阅读。全书分基础篇、疾病篇和手术篇：基础篇介绍角膜内皮细胞及Descemet膜的胚胎发育、结构、生理与病理，以及非接触式角膜内皮镜、激光共聚焦显微镜、眼前节OCT等临床检查和异常影像判读；疾病篇涵盖病毒性及巨细胞病毒性角膜内皮炎、大泡性角膜病变、后弹力层脱离、虹膜角膜内皮综合征、眼前节毒性综合征、Descemet膜前角膜营养不良、Fuchs角膜内皮营养不良、后部多形性角膜内皮营养不良、先天性遗传性角膜内皮营养不良、Axenfeld-Rieger综合征及黏多糖代谢障碍相关病变，系统阐述病因、机制、表现、诊断、鉴别诊断、治疗和预后；手术篇讲解供体内皮活性检测、DSEK、DSAEK、Ultra-DSAEK、DMEK、PDAEK、组织工程角膜内皮移植、穿透性角膜移植、并发症处理及角膜层间烧灼等技术。
295,角膜地形图学-刘祖国 2000,normalized_exact,20-检查：角膜地形图、前节分析与共聚焦,4fdc823c-4867-4304-be99-71a539390709,10000,33970c2c-5ed4-4f02-ac4c-ce4d9174f456,角膜地形图学-刘祖国 2000_weknora.mhtml,角膜地形图学-刘祖国 2000_weknora.mhtml,completed,eb873e1c-d8c7-48b8-9305-61eb64f1441a,6b0aa609-ed2c-45f4-b903-cac54f400709,342,956,95b1d3e4d5360e170116fd329858c9be144ab70e80b308fe76b5b6bc171d8c16,"本书系统介绍角膜地形图学的形成、基础理论、临床应用及检查判读方法。角膜地形图学是在计算机技术、图像处理技术、光学与眼科学发展的基础上形成的新兴交叉学科，研究重点从早期的角膜前表面形态观察，发展到对角膜前、后表面形态、屈光状态及角膜厚度的定量分析。书中回顾了从角膜镜、Placido盘、角膜曲率计到计算机辅助角膜地形图仪的发展历程，并介绍了基于Placido盘反射、立体三角和光学扫描等不同检测原理的仪器。

全书还阐述了角膜的大体解剖、显微结构、生理功能及其光学特性，强调角膜约承担眼球主要屈光力，角膜形态、泪膜、上皮状态和组织结构的细微变化均可能影响视功能。角膜地形图被广泛用于正常角膜研究、圆锥角膜和边缘部角膜变性等疾病的早期诊断，以及角膜接触镜设计、角膜屈光手术方案制定、手术量控制、术后变化和预后评价。

书中重点讨论了角膜散光及其地形图表现，区分规则散光与不规则散光，并分析外伤、翼状胬肉、白内障手术、角膜移植、巩膜手术及眼球变形等因素对角膜形态和散光的影响。同时介绍了PRK、LASIK及角膜基质内环植入术后的地形变化，包括角膜曲率、厚度和前后表面形态的改变，以及手术源性圆锥角膜等并发症的识别价值。

最后，本书提出阅读角膜地形图应结合仪器原理、图形类型、参数含义、正常范围、颜色编码方式及特殊疾病特征，并与临床表现和其他检查结果综合分析，从而提高角膜疾病诊断及角膜、眼前段手术设计的准确性。","# Summary
本书系统介绍角膜地形图学的形成、基础理论、临床应用及检查判读方法。角膜地形图学是在计算机技术、图像处理技术、光学与眼科学发展的基础上形成的新兴交叉学科，研究重点从早期的角膜前表面形态观察，发展到对角膜前、后表面形态、屈光状态及角膜厚度的定量分析。书中回顾了从角膜镜、Placido盘、角膜曲率计到计算机辅助角膜地形图仪的发展历程，并介绍了基于Placido盘反射、立体三角和光学扫描等不同检测原理的仪器。

全书还阐述了角膜的大体解剖、显微结构、生理功能及其光学特性，强调角膜约承担眼球主要屈光力，角膜形态、泪膜、上皮状态和组织结构的细微变化均可能影响视功能。角膜地形图被广泛用于正常角膜研究、圆锥角膜和边缘部角膜变性等疾病的早期诊断，以及角膜接触镜设计、角膜屈光手术方案制定、手术量控制、术后变化和预后评价。

书中重点讨论了角膜散光及其地形图表现，区分规则散光与不规则散光，并分析外伤、翼状胬肉、白内障手术、角膜移植、巩膜手术及眼球变形等因素对角膜形态和散光的影响。同时介绍了PRK、LASIK及角膜基质内环植入术后的地形变化，包括角膜曲率、厚度和前后表面形态的改变，以及手术源性圆锥角膜等并发症的识别价值。

最后，本书提出阅读角膜地形图应结合仪器原理、图形类型、参数含义、正常范围、颜色编码方式及特殊疾病特征，并与临床表现和其他检查结果综合分析，从而提高角膜疾病诊断及角膜、眼前段手术设计的准确性。",本书出版于2000年，是面向眼科医务人员、角膜病及屈光手术临床与研究人员的角膜地形图学专著，系统介绍角膜解剖生理、泪膜、屈光测量与角膜地形图仪原理，Placido盘、角膜曲率计及计算机辅助角膜镜摄影的检查、操作和阅图方法。内容涵盖正常角膜地形及其变化，角膜上皮、基质、角膜缘病变，圆锥角膜、角膜后圆锥、干眼症和角膜营养不良的地形图表现；并讨论角膜移植、眼外伤、放射状角膜切开术、角膜散光矫正、表面角膜镜片术、白内障及人工晶体植入、抗青光眼、视网膜脱离和玻璃体手术后的角膜形态变化。书中重点阐述角膜地形图在屈光性角膜手术术前筛查圆锥角膜、术后疗效评估、斜视手术及软性、硬性透气性接触镜和角膜矫形镜验配中的应用，并介绍PAR、Orbscan系统及SAI、SRI、PVA、Sim K等指标。
296,角膜接触镜并发症 诊断与治疗-Nathan Efron 2016,normalized_exact,04-屈光与视光：近视、接触镜与低视力,c73385b9-c154-4103-a93e-2d4c31f2423a,10000,232c2551-7af6-4a5d-83a4-7228561733ae,角膜接触镜并发症 诊断与治疗-Nathan Efron 2016_weknora.mhtml,角膜接触镜并发症 诊断与治疗-Nathan Efron 2016_weknora.mhtml,completed,ba4a99a5-9cfd-495f-9e6d-39b30adbcb00,701b855f-72fd-4a16-9686-583113f18106,298,886,b459e13ad55adf80c8546c7107c6876104c63f9484ea779a05cf227d2da977db,"# 角膜接触镜并发症 ——诊断与治疗

第3版

CONTACT LENS COMPLICATIONS Third Edition

Nathan Efron

编 著 [澳] 内森·埃弗龙

主 译 魏瑞华

# Contact Lens Complications Third Edition

# 角膜接触镜并发症

# ——诊断与治疗

第3版

编 著 [澳] 内森· $ $弗龙

主 译 魏瑞华

天津出版传媒集团

天津科技翻译出版有限公司

## 图书在版编目（CIP）数据

角膜接触镜并发症：诊断与治疗 / （澳）内森·埃弗龙（Nathan
Efron）编著；魏瑞华等译. —天津：天津科技翻译出版有限公司，2016.10

书名原文：Contact Lens Complications

ISBN 978-7-5433-3611-7

# 中文版序

角膜接触镜技术的有效性与安全性历来是眼视光学领域高度关注的课题，其中最为重要的是客观、深入地认识相关并发症的发生原因、频率、诊断分级、预防以及治疗。但国内专门论及角膜接触镜并发症的专著十分缺少，尽管我曾于2008年主编了国","# Summary
# 角膜接触镜并发症 ——诊断与治疗

第3版

CONTACT LENS COMPLICATIONS Third Edition

Nathan Efron

编 著 [澳] 内森·埃弗龙

主 译 魏瑞华

# Contact Lens Complications Third Edition

# 角膜接触镜并发症

# ——诊断与治疗

第3版

编 著 [澳] 内森· $ $弗龙

主 译 魏瑞华

天津出版传媒集团

天津科技翻译出版有限公司

## 图书在版编目（CIP）数据

角膜接触镜并发症：诊断与治疗 / （澳）内森·埃弗龙（Nathan
Efron）编著；魏瑞华等译. —天津：天津科技翻译出版有限公司，2016.10

书名原文：Contact Lens Complications

ISBN 978-7-5433-3611-7

# 中文版序

角膜接触镜技术的有效性与安全性历来是眼视光学领域高度关注的课题，其中最为重要的是客观、深入地认识相关并发症的发生原因、频率、诊断分级、预防以及治疗。但国内专门论及角膜接触镜并发症的专著十分缺少，尽管我曾于2008年主编了国",本书出版于2016年，是系统讲解角膜接触镜配戴后眼部并发症的临床参考书，适用于眼科医师、眼视光医师、验配师及相关医学生。全书围绕眼前节检查与分级展开，涵盖眼睑、泪膜、结膜、角膜上皮、角膜基质及角膜内皮。主要内容包括瞬目异常、上睑下垂、睑板腺功能障碍、倒睫、干眼、黏蛋白球、结膜染色与充血、乳头性结膜炎、角膜缘充血、血管化角膜缘炎、上角膜缘角结膜炎、角膜染色、上皮微囊、角膜水肿与大疱、基质水肿、变性、混浊、新生血管、浸润、微生物性角膜炎，以及内皮小滴、空泡和多形性改变等。书中结合体征、症状、病理改变、病因、治疗、预后和鉴别诊断，介绍裂隙灯、荧光素染色、泪膜分级、临床影像及分级量表等检查和技术。
297,角膜断层地形图学（第2版）-王勤美译 2014,normalized_exact,20-检查：角膜地形图、前节分析与共聚焦,4fdc823c-4867-4304-be99-71a539390709,10000,6968afb0-fb54-43c6-880f-c88d65a4c816,角膜断层地形图学（第2版）-王勤美译 2014_weknora.mhtml,角膜断层地形图学（第2版）-王勤美译 2014_weknora.mhtml,completed,4ae6f990-b455-4c31-b471-8aa6d5aa1be5,a9ff600c-8ee2-4ebc-b7ff-8cfc8e966a9b,394,1007,1ac4ed07cbe74686fe8a16f8fbec5482407f242bb08eb7695d859853e9d4828c,"# 角膜断层地形图学

Elevation Based Corneal Tomography

第2版

主编 Michael W. Belin, MD, FACS

Stephen S. Khachikian, MD

Renato Ambrósio Jr., MD, PhD

主译 王勤美

# 角膜断层地形图学

# Elevation Based Corneal Tomography

# 第2版

主编 Michael W. Belin, MD, FACS

Stephen S. Khachikian, MD

Renato Ambrósio Jr., MD, PhD

主 译 王勤美

副主译 黄锦海 俞阿勇

译者（按姓氏汉语笔画排序）

朱铁培 许琛琛 李坚 李智冬

吴光波 余野 陈世豪 胡亮

人民卫生出版社

## 敬告

本书的作者、译者及出版者已尽力使书中的知识符合出版当时国内普遍接受的标准。但医学在不断地发展，随着科学研究的不断探索，各种诊断分析程序和临床治疗方案以及药物使用方法都在不断更新。强烈建议读者在使用本书涉及的诊疗仪器或药物时，认真研读使用说明，尤","# Summary
# 角膜断层地形图学

Elevation Based Corneal Tomography

第2版

主编 Michael W. Belin, MD, FACS

Stephen S. Khachikian, MD

Renato Ambrósio Jr., MD, PhD

主译 王勤美

# 角膜断层地形图学

# Elevation Based Corneal Tomography

# 第2版

主编 Michael W. Belin, MD, FACS

Stephen S. Khachikian, MD

Renato Ambrósio Jr., MD, PhD

主 译 王勤美

副主译 黄锦海 俞阿勇

译者（按姓氏汉语笔画排序）

朱铁培 许琛琛 李坚 李智冬

吴光波 余野 陈世豪 胡亮

人民卫生出版社

## 敬告

本书的作者、译者及出版者已尽力使书中的知识符合出版当时国内普遍接受的标准。但医学在不断地发展，随着科学研究的不断探索，各种诊断分析程序和临床治疗方案以及药物使用方法都在不断更新。强烈建议读者在使用本书涉及的诊疗仪器或药物时，认真研读使用说明，尤",本书为2014年出版的角膜高度断层地形图学专著，面向眼科医师、屈光手术及眼前节手术医生，亦适合眼视光专业人员学习参考。全书从角膜地形图与断层摄影的发展、Placido与Scheimpflug成像原理入手，系统讲解高度数据、最佳拟合球面（BFS）、参考面选择、显示参数、筛查设置及Pentacam正常值；进一步涵盖角膜测厚、Belin/Ambrósio早期圆锥筛查、圆锥角膜与角膜扩张（包括非对称圆锥及LASIK术后扩张）、高度地形图图谱和典型病例。后半部分介绍Scheimpflug图像在角膜基质环植入、角膜移植及DSEK等方面的应用，以及BESSt 2人工晶状体屈光力计算、原发性闭角型青光眼评估、Pentacam HR评价高端人工晶状体手术光学质量、其他显示图和白内障应用。重点涉及角膜前后表面高度、曲率、厚度分布、后表面异常、最薄点移位、散光、PMD、角膜光学质量及术前禁忌证判断。
298,角膜断层地形图形第2版-Micharl W Belin 2014,normalized_exact,20-检查：角膜地形图、前节分析与共聚焦,4fdc823c-4867-4304-be99-71a539390709,10000,e3aa3736-e297-47cd-804a-87789c5cca51,角膜断层地形图形第2版-Micharl W Belin 2014_weknora.mhtml,角膜断层地形图形第2版-Micharl W Belin 2014_weknora.mhtml,completed,6f31a611-1ce9-4988-a321-6773fc5fd105,8506995c-2d38-4daa-98b6-7dcedcaff742,366,963,3489ab7a6b349aa64a91545dcf2bdd8d4355e33befa7b93e4982c4cd52665194,"# 角膜断层地形图学

Elevation Based Corneal Tomography

第2版

主编 Michael W. Belin, MD, FACS

Stephen S. Khachikian, MD

Renato Ambrósio Jr., MD, PhD

主 译 王勤美

# 角膜断层地形图学

# Elevation Based Corneal Tomography

# 第2版

主编 Michael W. Belin, MD, FACS

Stephen S. Khachikian, MD

Renato Ambrósio Jr., MD, PhD

主 译 王勤美

副主译 黄锦海 俞阿勇

译者（按姓氏汉语笔画排序）

朱铁培 许琛琛 李坚 李智冬

吴光波 余野 陈世豪 胡亮

## 敬告

本书的作者、译者及出版者已尽力使书中的知识符合出版当时国内普遍接受的标准。但医学在不断地发展，随着科学研究的不断探索，各种诊断分析程序和临床治疗方案以及药物使用方法都在不断更新。强烈建议读者在使用本书涉及的诊疗仪器或药物时，认真研读使用说明，尤其对于新的产品更","# Summary
# 角膜断层地形图学

Elevation Based Corneal Tomography

第2版

主编 Michael W. Belin, MD, FACS

Stephen S. Khachikian, MD

Renato Ambrósio Jr., MD, PhD

主 译 王勤美

# 角膜断层地形图学

# Elevation Based Corneal Tomography

# 第2版

主编 Michael W. Belin, MD, FACS

Stephen S. Khachikian, MD

Renato Ambrósio Jr., MD, PhD

主 译 王勤美

副主译 黄锦海 俞阿勇

译者（按姓氏汉语笔画排序）

朱铁培 许琛琛 李坚 李智冬

吴光波 余野 陈世豪 胡亮

## 敬告

本书的作者、译者及出版者已尽力使书中的知识符合出版当时国内普遍接受的标准。但医学在不断地发展，随着科学研究的不断探索，各种诊断分析程序和临床治疗方案以及药物使用方法都在不断更新。强烈建议读者在使用本书涉及的诊疗仪器或药物时，认真研读使用说明，尤其对于新的产品更",本书2014年出版，定位为基于高度原理的角膜地形图与Scheimpflug断层成像教材，适合眼科医师、视光医师及从事角膜、屈光和眼前节手术的临床与科研人员。全书系统介绍角膜地形图、角膜曲率计、角膜镜、Placido盘、摄像角膜地形图及Pentacam的发展，阐释高度数据、拟合参考面、角膜厚度和正常值的显示与解读，并讲解筛查设置、Belin/Ambrósio增强型早期圆锥筛查、角膜扩张和圆锥角膜检测。内容覆盖非对称性圆锥角膜、LASIK术后角膜扩张、角膜厚度评估、Scheimpflug影像临床应用、人工晶状体屈光力计算、原发性闭角型青光眼、高端人工晶状体手术角膜光学质量及Pentacam在白内障中的应用，涉及散光、角膜屈光力、前后表面高度图、前房参数、角膜像差、晶状体密度、白内障超声乳化、屈光手术术前筛查与术后评估等关键词。
299,角膜病图谱-张文华 2010,normalized_exact,02-角膜与眼表,f041b2b7-3147-4deb-a2f2-0de5cc53d296,10000,4b669a71-347e-4fa0-901a-8ca5ae0a1b0b,角膜病图谱-张文华 2010_weknora.mhtml,角膜病图谱-张文华 2010_weknora.mhtml,completed,,,358,965,fa03549194a44232d4735f48ada30788a1604041b711f3385bdb75bb8f2011cb,,,本书出版于2010年，由谢立信著，2011年出版，是以1027幅彩色临床照片为核心、面向角膜病专业医师、研究生及眼科临床医护人员的诊疗参考图谱。全书依次涵盖正常角膜图像、感染性角膜病、免疫性角膜病、角膜营养不良和变性、其他类型角膜病变、角膜外伤、角膜先天异常、角膜肿瘤及角膜与全身病，涉及细菌性、真菌性、单纯疱疹病毒性、棘阿米巴和带状疱疹病毒性角膜炎，Thygeson角膜炎、春季角结膜炎、Stevens-Johnson综合征、Sjögren综合征、Mooren溃疡，圆锥角膜、翼状胬肉、大泡性角膜病变、化学伤、角膜鳞癌、糖尿病性角膜病变等。内容结合裂隙灯、临床共聚焦显微镜、角膜内皮显微镜、OCT、角膜地形图、B型超声及病原学检查，展示药物治疗、病灶清创、羊膜或结膜瓣遮盖、PTK、板层及穿透角膜移植等诊疗与疗效。
300,角膜病图谱-谢立信 2011,normalized_exact,02-角膜与眼表,f041b2b7-3147-4deb-a2f2-0de5cc53d296,10000,abb6cb95-2b76-44a7-9aea-b9f83d662b8e,角膜病图谱-谢立信 2011_weknora.mhtml,角膜病图谱-谢立信 2011_weknora.mhtml,completed,,,270,780,082a535bb15cdd81f546b4f1a3776fd48399ae04b30c3ecd7f5abb560e99e698,,,本书出版于2011年，由谢立信编著，定位为面向眼科角膜病专业医师、研究生及眼科临床医师和相关医护人员的临床影像参考图谱。全书9章、1027幅彩色图片，系统展示正常角膜及影像，感染性角膜病（细菌、真菌、单纯疱疹、棘阿米巴、带状疱疹及流行性角结膜炎），免疫性角膜病，角膜营养不良与变性，其他角膜病变，角膜外伤，先天异常，角膜肿瘤，以及角膜与全身病。内容涵盖典型和非典型临床表现、疾病变化、诊断检查及治疗效果，涉及临床共聚焦显微镜、角膜内皮显微镜、OCT、角膜地形图等现代角膜影像学技术，并介绍PTK、板层角膜移植、穿透角膜移植等治疗与手术技术。
301,角膜病学-谢立信 2007,normalized_exact,02-角膜与眼表,f041b2b7-3147-4deb-a2f2-0de5cc53d296,10000,9435ac7e-de4e-44e0-a343-000b29aecd3e,角膜病学-谢立信 2007_weknora.mhtml,角膜病学-谢立信 2007_weknora.mhtml,completed,4f7329d6-19f6-4354-9d6a-8a85be60be87,2f67d196-d817-4fbb-8512-cefdd59e25f0,401,1193,2cebbf37620a7e98c42f0aabd4fa234c673f0621b9e9820232e3103c439ab86e,"《角膜病学》是一部围绕角膜基础、检查、疾病与手术展开的综合性眼科学专著，全书约120万字，配有1000余幅图片，主要面向眼科研究生、住院医师以及从事角膜病临床和研究的医务人员。作者结合多年医疗、教学、科研和临床病例积累，重点介绍感染性角膜病、角膜内皮细胞、眼库技术、药物缓释系统及角膜移植等方面的研究与实践经验。

书中指出，中国角膜病致盲人数超过100万，角膜移植因器官捐献制度和传统观念等因素长期受到限制。近年来，分子生物学、免疫学、遗传学和组织工程学的发展推动了角膜病基础与临床研究，并在真菌性角膜炎、角膜移植免疫排斥、角膜内皮研究等领域取得进展，但仍存在研究规模不足、原始创新不够和国际影响力有限等问题。相关研究涉及单纯疱疹性角膜炎的病毒潜伏与免疫机制、真菌感染方式、免疫抑制剂及眼部缓释制剂、组织工程角膜、角膜缘干细胞移植和基因治疗等。

节选内容还重点讨论了棘阿米巴性角膜炎。该病早期可出现不典型树枝状浸润，晚期形成环形浸润，并常伴与体征不相称的严重神经放射痛，容易被误诊为单纯疱疹性角膜炎或真菌性角膜炎。对于治疗无效的病例，应结合聚合酶链反应、病理检查和共焦显微镜进行鉴别；回顾性病理研究显示，部分病例因认识不足而漏诊，延误治疗后可能导致移植失败、眼内炎甚至眼球摘除。

此外，书中强调角膜移植围手术期需关注全身情况，尤其是高血压和上消化道出血风险。术前应反复评估血压、心脑肾损害及用药情况，稳定情绪并监测血压；对有溃疡病史或使用糖皮质激素者，应采取胃黏膜保护和出血预防措施，及时识别呕血、便血及循环衰竭等表现。","# Summary
《角膜病学》是一部围绕角膜基础、检查、疾病与手术展开的综合性眼科学专著，全书约120万字，配有1000余幅图片，主要面向眼科研究生、住院医师以及从事角膜病临床和研究的医务人员。作者结合多年医疗、教学、科研和临床病例积累，重点介绍感染性角膜病、角膜内皮细胞、眼库技术、药物缓释系统及角膜移植等方面的研究与实践经验。

书中指出，中国角膜病致盲人数超过100万，角膜移植因器官捐献制度和传统观念等因素长期受到限制。近年来，分子生物学、免疫学、遗传学和组织工程学的发展推动了角膜病基础与临床研究，并在真菌性角膜炎、角膜移植免疫排斥、角膜内皮研究等领域取得进展，但仍存在研究规模不足、原始创新不够和国际影响力有限等问题。相关研究涉及单纯疱疹性角膜炎的病毒潜伏与免疫机制、真菌感染方式、免疫抑制剂及眼部缓释制剂、组织工程角膜、角膜缘干细胞移植和基因治疗等。

节选内容还重点讨论了棘阿米巴性角膜炎。该病早期可出现不典型树枝状浸润，晚期形成环形浸润，并常伴与体征不相称的严重神经放射痛，容易被误诊为单纯疱疹性角膜炎或真菌性角膜炎。对于治疗无效的病例，应结合聚合酶链反应、病理检查和共焦显微镜进行鉴别；回顾性病理研究显示，部分病例因认识不足而漏诊，延误治疗后可能导致移植失败、眼内炎甚至眼球摘除。

此外，书中强调角膜移植围手术期需关注全身情况，尤其是高血压和上消化道出血风险。术前应反复评估血压、心脑肾损害及用药情况，稳定情绪并监测血压；对有溃疡病史或使用糖皮质激素者，应采取胃黏膜保护和出血预防措施，及时识别呕血、便血及循环衰竭等表现。",本书为谢立信、史伟云主编的角膜病专著，2007年出版，定位于眼科研究生、住院医师及角膜病临床与科研人员。全书分角膜应用基础、检查法、角膜疾病和角膜手术四篇：系统介绍角膜胚胎发育、泪膜与组织解剖、生理病理、生物化学、角膜缘干细胞、免疫、微生物、药理、羊膜及基因诊疗；涵盖共焦显微镜、角膜内皮显微镜、角膜曲率计、角膜地形图、角膜厚度、泪功能、裂隙灯照相、印迹细胞学及细菌、病毒、真菌、棘阿米巴检查。疾病部分重点讨论细菌性、病毒性、真菌性和棘阿米巴角膜炎，免疫性角膜病，角膜营养不良、变性、圆锥角膜、翼状胬肉、化学伤、异物伤、大泡性病变、接触镜性角膜炎及角膜肿瘤。手术部分详述眼库技术、麻醉、穿透性和板层角膜移植、移植并发症、高危及儿童移植、角膜缘干细胞移植、羊膜移植、联合白内障/人工晶状体、玻璃体切除及视网膜复位、人工角膜和眼外伤重建，并涉及真菌性角膜炎、免疫排斥、内皮细胞及缓释免疫抑制药物等特色内容。
302,角膜胶原交联技术及临床应用-吴护平 2016,normalized_exact,02-角膜与眼表,f041b2b7-3147-4deb-a2f2-0de5cc53d296,10000,75b3fc6c-4adc-453e-acb0-77a775b0545f,角膜胶原交联技术及临床应用-吴护平 2016_weknora.mhtml,角膜胶原交联技术及临床应用-吴护平 2016_weknora.mhtml,completed,139cbead-1298-4da1-840c-58d2f4053725,baf3ba55-0e4e-46f6-a554-d3cfb5195959,386,1080,4c18bf4aac4ba15d2846467a9fe6794b21bb9e52f476ea4f835d5c3fba4a241b,"吴护平 林志荣 著

刘祖国 主审

Corneal Collagen Cross-Linking

and Its Clinical Application

# 角膜胶原交联技术及 临床应用

## 图书在版编目(CIP)数据

角膜胶原交联技术及临床应用/吴护平，林志荣著. —
厦门：厦门大学出版社，2016.3 ISBN 978-7-5615-5940-6

## 内容简介

20世纪90年代后期，角膜交联作为一项崭新的技术出现以后，相关的基础和临床研究已经如火如荼地进行了20余年。在国外，角膜交联已经成为以圆锥角膜为代表的角膜扩张性疾病的标准治疗之一。在我国，关于角膜交联的临床应用和研究尚处于初步阶段，国内学者能够借鉴的经验很少，且大多数医院还没有开展角膜交联。

本书以编者团队的临床诊治及研究经验为基础，以自主临床数据和循证医学相结合的方法，详细介绍了角膜的生物力学、交联的原理、常规手术步骤及参数的优化、交联在各种疾病中的应用、常见并发症及其处理等，对交联在圆锥角膜及感染性角膜病中的应用做了详细阐述。同时，对最新的各种跨上皮角膜交联方法和仪器也做了较详细的介绍。本书是国内最","# Summary
吴护平 林志荣 著

刘祖国 主审

Corneal Collagen Cross-Linking

and Its Clinical Application

# 角膜胶原交联技术及 临床应用

## 图书在版编目(CIP)数据

角膜胶原交联技术及临床应用/吴护平，林志荣著. —
厦门：厦门大学出版社，2016.3 ISBN 978-7-5615-5940-6

## 内容简介

20世纪90年代后期，角膜交联作为一项崭新的技术出现以后，相关的基础和临床研究已经如火如荼地进行了20余年。在国外，角膜交联已经成为以圆锥角膜为代表的角膜扩张性疾病的标准治疗之一。在我国，关于角膜交联的临床应用和研究尚处于初步阶段，国内学者能够借鉴的经验很少，且大多数医院还没有开展角膜交联。

本书以编者团队的临床诊治及研究经验为基础，以自主临床数据和循证医学相结合的方法，详细介绍了角膜的生物力学、交联的原理、常规手术步骤及参数的优化、交联在各种疾病中的应用、常见并发症及其处理等，对交联在圆锥角膜及感染性角膜病中的应用做了详细阐述。同时，对最新的各种跨上皮角膜交联方法和仪器也做了较详细的介绍。本书是国内最",本书出版于2016年，是国内较早系统介绍角膜胶原交联及其临床应用的专著，适合眼科临床医师、角膜与屈光专业人员及相关研究者阅读参考。全书围绕角膜生物力学、角膜胶原交联原理、设备与药品、诊断评估、适应证及患者选择展开，介绍角膜地形图、Orbscan、Pentacam、波前像差、OCT、活体激光共聚焦显微镜和生物力学测量等检查与影像技术。内容涵盖常规交联手术步骤、核黄素和紫外光参数优化、术后处理、疗效评估及随访，重点讨论圆锥角膜、屈光术后角膜扩张、感染性角膜溃疡、真菌性和细菌性角膜病、大泡性角膜病变、暴露性角膜溃疡的治疗。另详述过薄角膜交联、低渗性核黄素、保留上皮交联、离子电渗跨上皮交联及Avedro KXL加速系统，分析角膜haze、感染、基质浸润、内皮损伤等并发症及处理，并介绍未成年人交联和联合角膜基质环植入、有晶体眼人工晶体植入、PRK等手术，以及技术发展趋势。
303,超声乳化与飞秒激光白内障手术-Lucio Buratto 2015,normalized_exact,03-白内障：晶状体与人工晶体,a0f47c80-3a66-46c8-8315-43b41ce357ea,10000,f94e07b6-8e8e-45a6-ba96-ce0e9ebe1dc1,超声乳化与飞秒激光白内障手术-Lucio Buratto 2015_weknora.mhtml,超声乳化与飞秒激光白内障手术-Lucio Buratto 2015_weknora.mhtml,completed,5d3448b0-6418-479b-a16b-69ff62db2b6f,5ddec7a3-3d1d-496f-a051-6313201ce9e6,311,913,e74b77785eb83acd65989ae97a66109fefc90490a343b6d1145c5af5a2647bb9,"# 超声乳化与飞秒激光 白内障手术

Cataract Surgery With Phaco and Femtophaco Techniques

著者 Lucio Buratto Stephen F. Brint Rosalia Sorce

主 译 解正高

副主译 杜 伟 朱 俊

审校管怀进钟勇

## 超声乳化与飞秒激光 白内障手术

## Cataract Surgery With Phaco and Femtophaco Techniques

著者 Lucio Buratto

Stephen F. Brint

Rosalia Sorce

主 译 解正高 江苏省苏北人民医院眼科

副主译 杜 伟 江苏省苏北人民医院眼科

朱俊 江苏省苏北人民医院眼科

参译人员 童俊 江苏省苏北人民医院眼科

陈曦 江苏省苏北人民医院眼科

审校管怀进 南通大学附属医院眼科

钟勇 北京协和医院眼科

## 内容提要

","# Summary
# 超声乳化与飞秒激光 白内障手术

Cataract Surgery With Phaco and Femtophaco Techniques

著者 Lucio Buratto Stephen F. Brint Rosalia Sorce

主 译 解正高

副主译 杜 伟 朱 俊

审校管怀进钟勇

## 超声乳化与飞秒激光 白内障手术

## Cataract Surgery With Phaco and Femtophaco Techniques

著者 Lucio Buratto

Stephen F. Brint

Rosalia Sorce

主 译 解正高 江苏省苏北人民医院眼科

副主译 杜 伟 江苏省苏北人民医院眼科

朱俊 江苏省苏北人民医院眼科

参译人员 童俊 江苏省苏北人民医院眼科

陈曦 江苏省苏北人民医院眼科

审校管怀进 南通大学附属医院眼科

钟勇 北京协和医院眼科

## 内容提要

",本书为2015年出版的白内障手术临床技术专著，面向眼科临床医师、医学生、研究生及进修医师，尤其适合正在学习超声乳化和飞秒激光白内障手术者。全书系统介绍超声乳化技术、前房内及囊袋内超声乳化、核分块与核旋转、劈核碎核、“分而治之”、微切口手术、注/吸、液流学、泵及超声乳化设备参数。重点讲解飞秒激光白内障手术的患者筛选、适应证与禁忌证、术前用药、对接定位、激光切口、撕囊、晶状体核裂解、皮质处理、人工晶状体植入及复杂病例操作，并讨论特殊并发症和早期临床结果。内容还涵盖双轴微切口飞秒手术、LenSx系统、光学相干断层扫描、图像引导校准、角膜散光弧形切开，以及小瞳孔、虹膜后粘连、角膜混浊、圆锥角膜、晶状体后囊破裂等情况的处理。
304,超声生物显微镜-陈倩 2015,normalized_exact,17-检查：眼科超声与 UBM,8ba4bb92-4b55-4e98-94d7-e8322b102084,10000,b220ffb3-1491-4f52-b798-8a98d3c4d83f,超声生物显微镜-陈倩 2015_weknora.mhtml,超声生物显微镜-陈倩 2015_weknora.mhtml,completed,285e1630-cfe7-430d-b081-b1cf860d7998,6c2b9477-59f5-4c84-b9a9-4d1d6e612d81,339,985,d91d2cab5f9c90e1dc9adf7d8a0d19b3ae225b1d86a354e8e2b36917335491fb,"眼科新技术应用丛书

总主编 孙兴怀

# 超声生物显微镜

主编 陈倩 孙兴怀

ISBN 978-7-309-11210-8

## 前言

超声生物显微镜是20世纪90年代后期开始应用于眼科临床的一种新型眼科超高频超声诊断设备，由于其对于眼前节结构和病变具有出色的分辨能力，可在活体条件下观察眼前节组织结构的细微改变，近年来在青光眼的发病机制探讨、眼前节肿瘤的评价及眼外伤诊断方面愈发显现出重要的临床价值。

复旦大学附属眼耳鼻喉科医院自2000年引入这一设备至今已有10余年，积累了丰富的临床经验及大量珍贵的图片资料。本书力求以精炼的文字和丰富的图片资料阐释这一技术的操作方法及临床应用，内容涵盖常见病、多发病及部分少见病和疑难病例，希望为眼科临床医师及仪器使用者提供一本便于翻查的参考书。

## 第一章

# 眼超声生物显微镜的基本原理及检查技术

第一节 超声波的物理特性

弹性物体振动引起周围介质波动并向远方传递，这种传递的能量称作声。声波是一种机械波，其产生及传播具有两个必要的条件：一是有振动；二是要有传播介质。具有类似特性的波有很宽的频率范围，称这一范围为声谱。其中除了我们熟","# Summary
眼科新技术应用丛书

总主编 孙兴怀

# 超声生物显微镜

主编 陈倩 孙兴怀

ISBN 978-7-309-11210-8

## 前言

超声生物显微镜是20世纪90年代后期开始应用于眼科临床的一种新型眼科超高频超声诊断设备，由于其对于眼前节结构和病变具有出色的分辨能力，可在活体条件下观察眼前节组织结构的细微改变，近年来在青光眼的发病机制探讨、眼前节肿瘤的评价及眼外伤诊断方面愈发显现出重要的临床价值。

复旦大学附属眼耳鼻喉科医院自2000年引入这一设备至今已有10余年，积累了丰富的临床经验及大量珍贵的图片资料。本书力求以精炼的文字和丰富的图片资料阐释这一技术的操作方法及临床应用，内容涵盖常见病、多发病及部分少见病和疑难病例，希望为眼科临床医师及仪器使用者提供一本便于翻查的参考书。

## 第一章

# 眼超声生物显微镜的基本原理及检查技术

第一节 超声波的物理特性

弹性物体振动引起周围介质波动并向远方传递，这种传递的能量称作声。声波是一种机械波，其产生及传播具有两个必要的条件：一是有振动；二是要有传播介质。具有类似特性的波有很宽的频率范围，称这一范围为声谱。其中除了我们熟",本书2015年出版，定位于眼科临床医师及超声生物显微镜（UBM）仪器使用者的实用参考书。全书介绍超声波物理特性、高频超声成像原理、设备构成、扫描方式、检查操作、参数调节及禁忌证，系统展示正常眼前段结构与UBM影像表现。内容涵盖角膜、结膜、巩膜疾病，原发性闭角型、恶性、发育性及继发性青光眼，青光眼激发试验和抗青光眼手术评价，白内障、晶状体形态及位置异常、人工晶体，虹膜睫状体炎、中间葡萄膜炎、Vogt-小柳-原田综合征、交感性眼炎、睫状上皮脱离，周边部视网膜脱离、前部增生性玻璃体视网膜病变及玻璃体视网膜手术，前房积血、虹膜根部离断、房角后退、睫状体脱离、眼球穿通伤、巩膜裂伤和眼前段异物，以及角结膜肿瘤、虹膜睫状体囊肿与肿瘤、转移性肿瘤、肉芽肿性病变、淋巴瘤及肿瘤测量定位等。
305,阅读PENTACAM角膜地形图-Mazen M Sinjab 2017,normalized_exact,20-检查：角膜地形图、前节分析与共聚焦,4fdc823c-4867-4304-be99-71a539390709,10000,111823a1-5997-4fe7-aa52-69b53609a66b,阅读PENTACAM角膜地形图-Mazen M Sinjab 2017_weknora.mhtml,阅读PENTACAM角膜地形图-Mazen M Sinjab 2017_weknora.mhtml,completed,4c52ae7d-df90-4b2b-9691-f8631258888c,68db1ec5-6c68-4037-ba91-5c4032016b6b,368,980,7fc90f62ead29c06d6a8ec0a23b9d972aa07ab12fa3b878ce8065bcaf709473a,"医学精萃系列

阅读Pentacam角膜地形图：

从入门到精通

Step by Step: Reading Pentacam Topography

[原著第2版] Second Edition

（叙利亚）M.M.辛贾伯（Mazen M. Sinjab）编

李耀宇 译

阅读Pentacam角膜地形图：从入门到精通

Step by Step: Reading Pentacam Topography

原著第2版

Second Edition

www.cip.com.cn

读科技图书 上化工社网

销售分类建议：医学 / 眼科

ISBN 978-7-122-28383-2

定价：98.00元

医学精萃系列

# 阅读Pentacam角膜地形图：从入门到精通

# Step by Step: Reading Pentacam Topography

原著第2版 Second Edition

（叙利亚）M.M.辛贾伯（Mazen M. Sinjab）编

李耀宇 译

Pentacam
是最具代表性的角膜断层地形图检查仪器，是角膜屈光手术术前筛查圆锥角膜等角膜问题的重","# Summary
医学精萃系列

阅读Pentacam角膜地形图：

从入门到精通

Step by Step: Reading Pentacam Topography

[原著第2版] Second Edition

（叙利亚）M.M.辛贾伯（Mazen M. Sinjab）编

李耀宇 译

阅读Pentacam角膜地形图：从入门到精通

Step by Step: Reading Pentacam Topography

原著第2版

Second Edition

www.cip.com.cn

读科技图书 上化工社网

销售分类建议：医学 / 眼科

ISBN 978-7-122-28383-2

定价：98.00元

医学精萃系列

# 阅读Pentacam角膜地形图：从入门到精通

# Step by Step: Reading Pentacam Topography

原著第2版 Second Edition

（叙利亚）M.M.辛贾伯（Mazen M. Sinjab）编

李耀宇 译

Pentacam
是最具代表性的角膜断层地形图检查仪器，是角膜屈光手术术前筛查圆锥角膜等角膜问题的重",本书出版于2017年，是眼科、屈光矫正及相关护理人员学习Pentacam角膜地形图与角膜断层图的临床实用指南。全书先介绍角膜曲率计、角膜镜、计算机摄像角膜地形图、Scheimpflug原理及Pentacam等检查设备，再系统讲解角膜前后表面矢状图、切向图、高度图、角膜厚度图和厚度分布图的参数、形态及判读方法；随后建立角膜断层图阅读步骤和病例评分流程，结合屈光手术候选者的病史采集、视力与验光、干眼、眼压、裂隙灯及眼底检查，提出厚度、残余基质床（RSB）、K值、Kmax、散光、瞳孔中心与Kappa角等手术规则。书中重点涉及圆锥角膜（KC）、亚临床及顿挫型圆锥角膜（FFKC）、透明边缘变性（PMD）、透明样圆锥角膜（PLK）、角膜水肿、Fuchs角膜营养不良、角膜滴状变，并通过6个病例训练诊断、屈光手术筛查、角膜移植及相关治疗决策。
306,青光眼手术操作与技巧-Teresa C Chen 2013,normalized_exact,05-青光眼,8bf942e4-80dc-4a8a-87cf-486f897fe2bd,10000,e03a5505-1509-4147-b532-bf8d4e305805,青光眼手术操作与技巧-Teresa C Chen 2013_weknora.mhtml,青光眼手术操作与技巧-Teresa C Chen 2013_weknora.mhtml,completed,677b5b7c-3533-45e6-a817-0b4a8a2421d2,c095a9b4-0297-46ac-bb1d-999f34e2ac4d,386,1044,bd45fb2ca2fa33d8638cc558dc0f8108abf99d4825c09f9f16657bf32d336410,"本书内容为《青光眼手术操作与技巧》中文译本，属“眼科手术操作与技巧丛书”之一，原著由 Teresa C. Chen 主编，经 Elsevier 授权出版。丛书序及前言指出，现代眼科手术对医师的临床应变能力要求很高，本丛书旨在为眼科住院医师及专科医师提供实用手术指导；青光眼手术是除白内障外最基本的眼科手术，本书介绍20种附有手术视频的青光眼手术，作者包括多位术式发明者，来自美国、加拿大、新西兰及中国香港等不同机构。

书中正文涵盖多个具体术式。小梁切除术部分首先讨论青光眼诊断解释困难、手术适应证与禁忌证，提出“青光眼量表”用于分期（绿区、黄区、红区）和预测视神经损伤进展，并据此确定手术时机和“靶眼内压”。手术技术包括术前沟通与麻醉、上直肌或角膜牵引缝线、角膜缘为基底与穹隆为基底两种结膜瓣的制作及优缺点比较（穹隆为基底者暴露好、易形成弥散滤过泡，角巩膜缘为基底者术后可施压处理），以及板层巩膜瓣制作、前房穿刺和滤口操作，强调轻柔处理结膜、充分向前分离等要点。

关于青光眼引流阀，摘录涉及无阀门引流装置和 Molteno 引流阀。两章均阐述适应证、滤过泡包囊形成机制、术后炎症反应控制的重要性；Molteno 引流阀部分详述了眼内压变化的低眼压期、高眼压期和稳定期，以及使用泼尼松、双氯芬酸等抗炎药物和 5-0 薇乔缝线结扎引流管延迟引流的“薇乔缝线结扎技术”；还涉及引流管堵塞的处理（溶解纤维组织、玻璃体切除）和预后。

内镜睫状体光凝术部分介绍其器械（内镜探头、810nm 二极管激光等）、适应证（多种类型青光眼，可联合白内障手术）、经透明角膜与经睫状体平坦部两种手术径路、激光参数设置、术后用药及护理，并引用 Chen 等研究：平均随访 12.9 个月眼内压平均下降 10.7mmHg，并发症包括炎性渗出（24%）、前房出血（12%）、黄斑囊样水肿（10%）和脉络膜脱离（4%）。","# Summary
本书内容为《青光眼手术操作与技巧》中文译本，属“眼科手术操作与技巧丛书”之一，原著由 Teresa C. Chen 主编，经 Elsevier 授权出版。丛书序及前言指出，现代眼科手术对医师的临床应变能力要求很高，本丛书旨在为眼科住院医师及专科医师提供实用手术指导；青光眼手术是除白内障外最基本的眼科手术，本书介绍20种附有手术视频的青光眼手术，作者包括多位术式发明者，来自美国、加拿大、新西兰及中国香港等不同机构。

书中正文涵盖多个具体术式。小梁切除术部分首先讨论青光眼诊断解释困难、手术适应证与禁忌证，提出“青光眼量表”用于分期（绿区、黄区、红区）和预测视神经损伤进展，并据此确定手术时机和“靶眼内压”。手术技术包括术前沟通与麻醉、上直肌或角膜牵引缝线、角膜缘为基底与穹隆为基底两种结膜瓣的制作及优缺点比较（穹隆为基底者暴露好、易形成弥散滤过泡，角巩膜缘为基底者术后可施压处理），以及板层巩膜瓣制作、前房穿刺和滤口操作，强调轻柔处理结膜、充分向前分离等要点。

关于青光眼引流阀，摘录涉及无阀门引流装置和 Molteno 引流阀。两章均阐述适应证、滤过泡包囊形成机制、术后炎症反应控制的重要性；Molteno 引流阀部分详述了眼内压变化的低眼压期、高眼压期和稳定期，以及使用泼尼松、双氯芬酸等抗炎药物和 5-0 薇乔缝线结扎引流管延迟引流的“薇乔缝线结扎技术”；还涉及引流管堵塞的处理（溶解纤维组织、玻璃体切除）和预后。

内镜睫状体光凝术部分介绍其器械（内镜探头、810nm 二极管激光等）、适应证（多种类型青光眼，可联合白内障手术）、经透明角膜与经睫状体平坦部两种手术径路、激光参数设置、术后用药及护理，并引用 Chen 等研究：平均随访 12.9 个月眼内压平均下降 10.7mmHg，并发症包括炎性渗出（24%）、前房出血（12%）、黄斑囊样水肿（10%）和脉络膜脱离（4%）。",本书为Teresa C. Chen主编、2013年出版的《眼科手术操作与技巧》丛书分册，面向眼科全科医师、青光眼专科医师及住院医师，系统讲解20种常用青光眼手术，并配有手术视频。内容涵盖青光眼病程分期、视神经损伤评估、眼内压与靶眼内压、视野及视盘照片、前房角镜和裂隙灯检查，以及原发性、继发性、急性闭角型、慢性房角关闭、新生血管性、葡萄膜炎性和青少年型青光眼的治疗决策。手术包括小梁切除术、白内障青光眼联合手术、滤过泡修复、Ahmed、Krupin、Baerveldt、Molteno及Taco引流装置植入，前房角切开、小梁切开、房角分离、周边虹膜切除、前房冲洗、后巩膜切开，以及氩激光、Nd:YAG激光、选择性激光小梁成形、周边虹膜成形、经巩膜二极管激光和内镜睫状体光凝术，并详述器械、麻醉、适应证禁忌证、术前准备、操作步骤、术后护理、抗代谢药物应用、并发症处理及预后。
307,青光眼诊断图谱-唐炘 2014,normalized_exact,05-青光眼,8bf942e4-80dc-4a8a-87cf-486f897fe2bd,10000,d50eb963-7f68-4bbc-8d6b-c8502e71864d,青光眼诊断图谱-唐炘 2014_weknora.mhtml,青光眼诊断图谱-唐炘 2014_weknora.mhtml,completed,7762eeef-114c-4507-ac21-9fb3883c2568,8ab94545-5abd-4bf5-85d4-8bc1c2995704,348,1016,ac65979ef9498ac08424d750dd40ea6f39e68b3fa5363e35fc5a357197e4d5fd,"《青光眼诊断图谱》是由首都医科大学附属北京同仁医院唐炘主编、人民卫生出版社2014年出版的眼科诊断图谱类专著。序言与前言指出，青光眼是一组复杂、顽固、善变的疾病，本书基于同仁眼科近130年诊治大量青光眼患者的丰富经验编纂而成，旨在通过图文并茂的形式展现各类青光眼的典型临床表现和鉴别诊断要点，特别是体现剥脱综合征、色素性青光眼、虹膜角膜内皮综合征、Fuchs综合征等疾病在中国人中的眼部特征，帮助各级眼科医生减少疑难青光眼的误诊漏诊，降低致盲率。

全书收录上千幅珍贵图片。第一章阐述原发性开角型青光眼（POAG）：起病隐匿、双眼发病，以眼压升高为主要危险因素，特征为房角开放、视盘盘沿变窄或切迹、视网膜神经纤维层缺损（RNFLD）及旁中心暗点、鼻侧阶梯、弓形暗点等青光眼性视野缺损，并给出诊断标准及与高眼压症、生理性大视杯、前部缺血性视神经病变、视神经压迫性损害、先天性视神经发育异常等的鉴别要点。第二章第一节介绍急性闭角型青光眼，好发于40岁以上女性，发病机制主要为瞳孔阻滞致房角突然关闭，按临床经过分为临床前期、先兆期、急性发作期、缓解期、慢性期和绝对期六期，典型体征包括色素性KP、虹膜节段性萎缩、“青光眼斑”、瞳孔散大固定等，并详述与恶性青光眼、真性小眼球、急性虹膜睫状体炎等的鉴别。

第七章节选部分涉及青光眼睫状体炎综合征（单眼反复发作、眼压显著升高伴特征性羊脂状KP、房角开放）及Fuchs综合征（经典三联征为轻度前葡萄膜炎、虹膜异色和白内障，KP经久不消，虹膜虫蚀样萎缩但无前后粘连，19%～38%继发开角型青光眼），以及单纯疱疹病毒感染导致眼压升高（单疱病毒性角膜葡萄膜炎约28%出现眼压升高）。第十四章介绍抗青光眼药物相关并发症，包括滤泡性结膜炎、防腐剂（苯扎氯铵）所致眼表损伤与假性树枝状角膜炎、毛果芸香碱长期使用引起的慢性前葡萄膜炎，以及滤过泡针拨联合MMC注射或术中药物误用等诱","# Summary
《青光眼诊断图谱》是由首都医科大学附属北京同仁医院唐炘主编、人民卫生出版社2014年出版的眼科诊断图谱类专著。序言与前言指出，青光眼是一组复杂、顽固、善变的疾病，本书基于同仁眼科近130年诊治大量青光眼患者的丰富经验编纂而成，旨在通过图文并茂的形式展现各类青光眼的典型临床表现和鉴别诊断要点，特别是体现剥脱综合征、色素性青光眼、虹膜角膜内皮综合征、Fuchs综合征等疾病在中国人中的眼部特征，帮助各级眼科医生减少疑难青光眼的误诊漏诊，降低致盲率。

全书收录上千幅珍贵图片。第一章阐述原发性开角型青光眼（POAG）：起病隐匿、双眼发病，以眼压升高为主要危险因素，特征为房角开放、视盘盘沿变窄或切迹、视网膜神经纤维层缺损（RNFLD）及旁中心暗点、鼻侧阶梯、弓形暗点等青光眼性视野缺损，并给出诊断标准及与高眼压症、生理性大视杯、前部缺血性视神经病变、视神经压迫性损害、先天性视神经发育异常等的鉴别要点。第二章第一节介绍急性闭角型青光眼，好发于40岁以上女性，发病机制主要为瞳孔阻滞致房角突然关闭，按临床经过分为临床前期、先兆期、急性发作期、缓解期、慢性期和绝对期六期，典型体征包括色素性KP、虹膜节段性萎缩、“青光眼斑”、瞳孔散大固定等，并详述与恶性青光眼、真性小眼球、急性虹膜睫状体炎等的鉴别。

第七章节选部分涉及青光眼睫状体炎综合征（单眼反复发作、眼压显著升高伴特征性羊脂状KP、房角开放）及Fuchs综合征（经典三联征为轻度前葡萄膜炎、虹膜异色和白内障，KP经久不消，虹膜虫蚀样萎缩但无前后粘连，19%～38%继发开角型青光眼），以及单纯疱疹病毒感染导致眼压升高（单疱病毒性角膜葡萄膜炎约28%出现眼压升高）。第十四章介绍抗青光眼药物相关并发症，包括滤泡性结膜炎、防腐剂（苯扎氯铵）所致眼表损伤与假性树枝状角膜炎、毛果芸香碱长期使用引起的慢性前葡萄膜炎，以及滤过泡针拨联合MMC注射或术中药物误用等诱",本书为唐炘主编、2014年出版的青光眼临床诊断图谱，面向各级眼科医师，强调结合中国患者特征进行识别、鉴别和治疗决策。全书涵盖原发性开角型、急慢性闭角型青光眼，以及由角膜、虹膜、晶状体、玻璃体视网膜疾病、眼部炎症、外伤、内眼手术、药物、肿瘤和上巩膜静脉压升高等引起的继发性青光眼；并涉及原发性先天性青光眼、先天发育异常相关青光眼及滤过手术后、引流物植入术后并发症。图谱重点展示眼压、前房深度、房角镜、UBM、裂隙灯、角膜内皮镜、眼底、视盘、视网膜神经纤维层和视野等检查及影像表现，解析POAG、正常眼压性青光眼、ICE综合征、色素性青光眼、剥脱综合征、新生血管性青光眼、葡萄膜炎继发青光眼等疾病的诊断要点与鉴别诊断，并涉及小梁切除术、青光眼引流物植入术及术后浅前房、滤过泡、低眼压性黄斑病变等问题。
308,非穿透青光眼手术-王宁利 2009,normalized_exact,05-青光眼,8bf942e4-80dc-4a8a-87cf-486f897fe2bd,10000,d899f7b8-10b0-468a-832a-3b5cf77a5642,非穿透青光眼手术-王宁利 2009_weknora.mhtml,非穿透青光眼手术-王宁利 2009_weknora.mhtml,completed,447aea02-7ed6-4808-8562-4fce265dde50,cf63ad0e-ad80-4942-918d-5aeb6fe2ad1e,330,924,93943429931caa05e6d0cf1bebd339d366e73dd53e4a785bb1ea049cfd28fbc1,"《非穿透青光眼手术》由王宁利、李美玉主编，科学出版社2009年出版。全书共20章，系统介绍了非穿透青光眼手术（NPGS）的基础研究成果、手术原理、手术方法、适应证、并发症及术后处理，并收录了专家临床体会及对该类手术的争论与共识；书中配有大量手术照片、三维模式图和适应证、并发症图片。前言指出，青光眼治疗以控制眼压为核心，传统小梁切除术虽经改良仍难以精确控制房水引流，非穿透手术因此被重新重视；我国自20世纪90年代引入该手术以来已发表百余篇论文，编者据此成书，旨在系统总结。

第一章回顾了NPGS的历史、现状与未来。NPGS包括深层巩膜切除术（DS）、非穿透小梁手术联合交联透明质酸凝胶植入术及黏弹物质小管切开术（viscocanalostomy）等术式，其共同特点是板层切除外侧小梁网，保留小梁网-狄氏膜（TDM），形成减压室。历史脉络从Epstein、Krasnov的早期探索，到Fyodorov 1984年开创现代深层巩膜切除术，再到Kozlov胶原植入、Stegmann黏弹物质小管切开及Sourdille透明质酸钠凝胶植入，核心始终围绕“房水滤过的适度平衡”。目前资料显示NPGS降眼压效果与传统小梁切除术相似，但并发症明显减少；研究热点包括UBM观察、降眼压机制（巩膜内吸收、脉络膜上腔引流、结膜下外滤过、Schlemm管断端排出）及植入材料改进。存在的主要问题包括手术操作技巧要求高、降眼压机制未明、术后晚期瘢痕化及植入物降解。

后续章节涉及房水生理与生成、NPGS的降压原理及临床疗效比较。多项研究显示，单纯DS远期成功率低于小梁切除术；DS联合胶原植入（DSCI）完全成功率为44.6%～75.6%，质量成功率为80.32%～100%；联合SK胶及黏弹物质小管切开术的成功率报告不一，是否优于小梁切除术仍有争议，需多中心随机对照试验证实，但NPGS在降压同时明显减少并发症。另有章节介绍了改良黏小管切开术治疗先天性青光眼，强调掌握巩膜突与Schlemm管解剖关系的关键性，并讨论了外滤过的重要性、抗瘢痕化措施、失败后滤过道再通术，以及由小梁切除术过渡到NPGS的巩膜小梁切除术。","# Summary
《非穿透青光眼手术》由王宁利、李美玉主编，科学出版社2009年出版。全书共20章，系统介绍了非穿透青光眼手术（NPGS）的基础研究成果、手术原理、手术方法、适应证、并发症及术后处理，并收录了专家临床体会及对该类手术的争论与共识；书中配有大量手术照片、三维模式图和适应证、并发症图片。前言指出，青光眼治疗以控制眼压为核心，传统小梁切除术虽经改良仍难以精确控制房水引流，非穿透手术因此被重新重视；我国自20世纪90年代引入该手术以来已发表百余篇论文，编者据此成书，旨在系统总结。

第一章回顾了NPGS的历史、现状与未来。NPGS包括深层巩膜切除术（DS）、非穿透小梁手术联合交联透明质酸凝胶植入术及黏弹物质小管切开术（viscocanalostomy）等术式，其共同特点是板层切除外侧小梁网，保留小梁网-狄氏膜（TDM），形成减压室。历史脉络从Epstein、Krasnov的早期探索，到Fyodorov 1984年开创现代深层巩膜切除术，再到Kozlov胶原植入、Stegmann黏弹物质小管切开及Sourdille透明质酸钠凝胶植入，核心始终围绕“房水滤过的适度平衡”。目前资料显示NPGS降眼压效果与传统小梁切除术相似，但并发症明显减少；研究热点包括UBM观察、降眼压机制（巩膜内吸收、脉络膜上腔引流、结膜下外滤过、Schlemm管断端排出）及植入材料改进。存在的主要问题包括手术操作技巧要求高、降眼压机制未明、术后晚期瘢痕化及植入物降解。

后续章节涉及房水生理与生成、NPGS的降压原理及临床疗效比较。多项研究显示，单纯DS远期成功率低于小梁切除术；DS联合胶原植入（DSCI）完全成功率为44.6%～75.6%，质量成功率为80.32%～100%；联合SK胶及黏弹物质小管切开术的成功率报告不一，是否优于小梁切除术仍有争议，需多中心随机对照试验证实，但NPGS在降压同时明显减少并发症。另有章节介绍了改良黏小管切开术治疗先天性青光眼，强调掌握巩膜突与Schlemm管解剖关系的关键性，并讨论了外滤过的重要性、抗瘢痕化措施、失败后滤过道再通术，以及由小梁切除术过渡到NPGS的巩膜小梁切除术。",本书为2009年出版的青光眼手术专著，适用于青光眼专科医师、眼科医生及研究生。全书围绕非穿透青光眼手术，从发展历史、降压原理与基础实验，讲解深层巩膜切除术、非穿透小梁手术、黏弹物质小管切开术的适应证、禁忌证、操作技巧、植入材料、疗效评价、并发症及术后处理；并涉及先天性青光眼、房角部分开放的闭角型青光眼、开角型青光眼，以及联合晶状体超声乳化术的应用。书中还讨论Nd：YAG激光房角穿孔术、UBM与OCT影像评估、打磨法小梁成形术、系统评价及非穿透手术与小梁切除术的比较、争议和临床体会。关键词包括眼内压、房水引流、Schlemm管、小梁网—狄氏膜、减压室、胶原植入物、透明质酸钠凝胶、T-Flux、丝裂霉素C、5-Fu、低眼压、浅前房、脉络膜脱离及滤过瘢痕化。
309,韩国眼睑整形手术图谱-李相烈 2011,normalized_exact,11-整形与泪道,bdde98f8-4f6b-4b3f-89a4-3cee7f5133b4,10000,5f7c9a10-14f3-4324-9923-277007294c74,韩国眼睑整形手术图谱-李相烈 2011_weknora.mhtml,韩国眼睑整形手术图谱-李相烈 2011_weknora.mhtml,completed,1d29b1bb-12b8-4767-b4fe-33d76b7ba192,ade598f9-dc68-4fe4-9995-f8d15f24b7a4,369,1028,d167971433c5bc22cd4aa47334319b215570a2880c05676a6f395b21dd307cd8,"《眼睑整形手术图谱》是由韩国学者李相烈、金润德、郭相忍、金星宙原著、叶娟翻译的中文版专著，由北京科学技术出版社于2011年出版。该书旨在通过介绍韩国人眼睑整形手术方法，帮助读者掌握亚洲人群的手术特点，弥补既有图谱多以西方人眼睑结构为对象的不足。全书以大量实际手术照片详细展示手术步骤，重点放在手术设计和操作上，涵盖重睑成形、皮肤松弛矫正、眼睑内翻、眼睑外翻、上睑下垂、眼睑退缩及眼睑重建等术式，麻醉、并发症处理不作为重点。译者结合其在韩国延世大学师从李相烈教授的学习经历及临床经验完成翻译。

书中第一章系统介绍眼睑解剖。表面结构方面，描述了眉毛的性别差异及纤毛朝向、韩国成人睑裂高度约8~9mm、宽度约26~28mm、内眦间距36~37mm等数据，并阐释亚洲人重睑线较低的原因在于眶隔与提上睑肌腱膜融合位置偏低，以及皮下脂肪、睑板前脂肪发达；内眦赘皮在韩国人群发生率为50%~70%，可致假性内斜视。组织层次方面，介绍了眼睑皮肤为全身最薄皮肤、眼轮匝肌三部分（睑板前、眶隔前、眶部）及Riolan肌、Horner肌、皱眉肌和降眉间肌，以及ROOF与SOOF脂肪层。结缔组织部分详述眶隔的起止与融合位置、上睑睑板高度7~9mm、下睑3~4mm、内外眦韧带和Whitnall结节。眼眶脂肪部分说明上睑有中央和内侧两个脂肪垫，下睑有外侧、中央、内侧三组脂肪垫，由下斜肌及其弓状扩展部隔开。开睑肌部分涉及提上睑肌、Whitnall韧带、Müller肌及下睑缩肌（睑囊筋膜和下睑板肌）的结构与功能，并简述眼睑血供来源。

后续章节摘录展示了重睑成形术的多种术式：埋线法Ⅱ沿重睑线做4个小切口、以6-0尼龙线行3对经睑板的褥式缝合并将线结埋入皮下；6-0 vicryl缝线间断缝合法在重睑线上做3处全层缝合、线结留于皮外；连续缝合埋线法Ⅰ则以不可吸收线做连续全层缝合后埋藏线结。眼睑重建部分包括下睑肌皮瓣转移修复上睑缺损及其二期皮瓣切开要点，以及内眦缺损重建的三种方法——全厚皮片移植、眉间皮瓣法（皮瓣固定于内眦韧带）和双叶皮瓣法，并配有基底细胞癌等病例的术前术后图片。","# Summary
《眼睑整形手术图谱》是由韩国学者李相烈、金润德、郭相忍、金星宙原著、叶娟翻译的中文版专著，由北京科学技术出版社于2011年出版。该书旨在通过介绍韩国人眼睑整形手术方法，帮助读者掌握亚洲人群的手术特点，弥补既有图谱多以西方人眼睑结构为对象的不足。全书以大量实际手术照片详细展示手术步骤，重点放在手术设计和操作上，涵盖重睑成形、皮肤松弛矫正、眼睑内翻、眼睑外翻、上睑下垂、眼睑退缩及眼睑重建等术式，麻醉、并发症处理不作为重点。译者结合其在韩国延世大学师从李相烈教授的学习经历及临床经验完成翻译。

书中第一章系统介绍眼睑解剖。表面结构方面，描述了眉毛的性别差异及纤毛朝向、韩国成人睑裂高度约8~9mm、宽度约26~28mm、内眦间距36~37mm等数据，并阐释亚洲人重睑线较低的原因在于眶隔与提上睑肌腱膜融合位置偏低，以及皮下脂肪、睑板前脂肪发达；内眦赘皮在韩国人群发生率为50%~70%，可致假性内斜视。组织层次方面，介绍了眼睑皮肤为全身最薄皮肤、眼轮匝肌三部分（睑板前、眶隔前、眶部）及Riolan肌、Horner肌、皱眉肌和降眉间肌，以及ROOF与SOOF脂肪层。结缔组织部分详述眶隔的起止与融合位置、上睑睑板高度7~9mm、下睑3~4mm、内外眦韧带和Whitnall结节。眼眶脂肪部分说明上睑有中央和内侧两个脂肪垫，下睑有外侧、中央、内侧三组脂肪垫，由下斜肌及其弓状扩展部隔开。开睑肌部分涉及提上睑肌、Whitnall韧带、Müller肌及下睑缩肌（睑囊筋膜和下睑板肌）的结构与功能，并简述眼睑血供来源。

后续章节摘录展示了重睑成形术的多种术式：埋线法Ⅱ沿重睑线做4个小切口、以6-0尼龙线行3对经睑板的褥式缝合并将线结埋入皮下；6-0 vicryl缝线间断缝合法在重睑线上做3处全层缝合、线结留于皮外；连续缝合埋线法Ⅰ则以不可吸收线做连续全层缝合后埋藏线结。眼睑重建部分包括下睑肌皮瓣转移修复上睑缺损及其二期皮瓣切开要点，以及内眦缺损重建的三种方法——全厚皮片移植、眉间皮瓣法（皮瓣固定于内眦韧带）和双叶皮瓣法，并配有基底细胞癌等病例的术前术后图片。",本书出版于2011年，是面向眼科及眼睑整形美容专业医生，尤其适合初学者的韩国眼睑整形手术图谱，重点服务于亚洲人群的术前设计与手术操作。全书涵盖眼睑表面、皮肤皮下组织、肌肉、脂肪、结缔组织、血管神经等解剖，麻醉、术前准备与局部浸润及神经阻滞；系统介绍退行性及瘢痕性睑内翻、倒睫、退行性及瘢痕性和麻痹性睑外翻，以及上睑下垂的评估、术前检查、分类、提上睑肌腱膜复位、提上睑肌缩短、额肌悬吊、结膜-Müller肌切除。还包括非切开及切开重睑成形、老年性上下睑松弛矫正、经皮肤或经结膜下睑成形及脂肪复位、内眦赘皮分型与Park Z、Root Z、Y-V、Uchida、Mustarde等成形术，直接眉成形，上下睑退缩的经结膜、经皮肤及植片治疗，以及上睑、下睑和内眦缺损重建。书中以大量实际手术照片和步骤图展示检查、设计、切口、缝合、固定及术后形态。
310,频域光学相干视网膜断层扫描仪-姜春晖 2011,normalized_exact,06-眼底病与视网膜内科,f900fe21-9deb-47e0-bf36-ce06022cae92,10000,69cd9b39-49bc-44d0-94bf-3f7d64b4cf00,频域光学相干视网膜断层扫描仪-姜春晖 2011_weknora.mhtml,频域光学相干视网膜断层扫描仪-姜春晖 2011_weknora.mhtml,completed,,,352,1006,db5e43ad673d68aebb42a7981d9e3de9599d4dc4a4353ac58a0b70b181083c26,,,本书2011年出版，属《眼科新技术应用丛书》，面向眼科临床医师及从事眼底病诊疗、OCT检查与研究的人员。全书系统介绍光学相干断层成像（OCT）原理、TD-OCT与FD-OCT技术、视网膜成像参数、定量分析、分层算法、正常值数据库、黄斑中心凹定位、厚度随访、激光追踪及运动伪像控制等，并结合影像阐释正常与异常黄斑图像。内容覆盖玻璃体后脱离、玻璃体视网膜界面综合征、黄斑前膜、黄斑裂孔，中心性浆液性脉络膜视网膜病变、年龄相关黄斑变性、息肉样脉络膜血管病变、高度近视及远视眼底病变，视网膜动静脉阻塞、糖尿病视网膜病变、视网膜大动脉瘤，先天及遗传性视网膜病变，视神经病变，葡萄膜炎、脉络膜血管瘤、骨瘤、黑素瘤、视盘玻璃膜疣及外伤性视网膜脉络膜病变，突出OCT影像判读、疾病诊断、疗效观察、定量随访与再次治疗评估。
311,飞秒激光屈光手术学-王雁、赵堪兴 2014,normalized_exact,04-屈光与视光：近视、接触镜与低视力,c73385b9-c154-4103-a93e-2d4c31f2423a,10000,5110504d-7503-45b4-8952-3fb0a1bc62db,飞秒激光屈光手术学-王雁、赵堪兴 2014_weknora.mhtml,飞秒激光屈光手术学-王雁、赵堪兴 2014_weknora.mhtml,completed,e3929c33-7335-47b5-bfb6-0382e319df8b,67b7549e-e026-4983-bae3-9c0c419b172f,423,1161,352b9b46baa6f58d0802f5fbf0a9b4fa202b40303c011b5a6fde9c59ed935506,"## 飞秒激光屈光手术学 Refractive Surgery with Femtosecond Laser

主编 王雁 赵堪兴

# 飞秒激光屈光手术学

主编 王雁 天津市眼科医院 天津医科大学眼科临床学院
南开大学眼科医院

赵堪兴 天津市眼科医院 天津医科大学眼科临床学院 南开大学眼科医院

副主编 张丰菊 首都医科大学附属北京同仁医院 周行涛
复旦大学附属眼耳鼻喉科医院

## 图书在版编目（CIP）数据

飞秒激光屈光手术学/王雁，赵堪兴主编．—北京：人民卫生出版社，2014

ISBN 978-7-117-18382-6

版 次：2014年4月第1版 2014年4月第1版第1次印刷

## 第一篇 飞秒激光基础

## 第一节 角膜屈光手术历史及发展

## 一、 引言

屈光手术（refractive
surgery）是指试图改变人眼屈光状态的眼科手术，角膜屈光手术（corneal
refractive
surgery）指通过重塑角膜形状或改变角膜屈光性能达到矫正眼睛屈光状态的手术，英文也称keratorefractive
surgery，kerato，意为角膜，常","# Summary
## 飞秒激光屈光手术学 Refractive Surgery with Femtosecond Laser

主编 王雁 赵堪兴

# 飞秒激光屈光手术学

主编 王雁 天津市眼科医院 天津医科大学眼科临床学院
南开大学眼科医院

赵堪兴 天津市眼科医院 天津医科大学眼科临床学院 南开大学眼科医院

副主编 张丰菊 首都医科大学附属北京同仁医院 周行涛
复旦大学附属眼耳鼻喉科医院

## 图书在版编目（CIP）数据

飞秒激光屈光手术学/王雁，赵堪兴主编．—北京：人民卫生出版社，2014

ISBN 978-7-117-18382-6

版 次：2014年4月第1版 2014年4月第1版第1次印刷

## 第一篇 飞秒激光基础

## 第一节 角膜屈光手术历史及发展

## 一、 引言

屈光手术（refractive
surgery）是指试图改变人眼屈光状态的眼科手术，角膜屈光手术（corneal
refractive
surgery）指通过重塑角膜形状或改变角膜屈光性能达到矫正眼睛屈光状态的手术，英文也称keratorefractive
surgery，kerato，意为角膜，常",本书由王雁、赵堪兴主编，2014年出版，定位为系统介绍飞秒激光及角膜屈光手术的专业专著，适用于眼科医师、屈光手术医师及相关医学专业人员。全书五篇二十章：第一篇阐述角膜屈光手术发展与分类、飞秒激光及超短脉冲激光器原理、生物组织作用、生物效应、角膜生物力学、眼部损伤与激光安全；第二篇重点介绍“全飞秒”SMILE及角膜基质内微透镜取出术，涵盖近视、散光等屈光不正的适应证、禁忌证、术前检查评估、手术设计、操作技巧、并发症防治及疗效评价；第三篇系统讲解Femto LDV、IntraLase、WaveLight FS200、VisuMax等设备辅助LASIK制瓣手术及临床问题处理；第四篇介绍老视矫正、角膜基质环植入、角膜基质内镶嵌、散光角膜切开及飞秒激光胶原交联术，涉及圆锥角膜等角膜疾病；第五篇论述飞秒激光在穿透性及板层角膜移植、角膜内皮移植和白内障手术中的应用。书中还涉及角膜地形与生物力学评估、角膜扩张、屈光回退、视觉质量及相关影像和检查技术。
312,高度近视-张金嵩 2013,normalized_exact,04-屈光与视光：近视、接触镜与低视力,c73385b9-c154-4103-a93e-2d4c31f2423a,10000,b96b6610-e1ec-40ee-9d53-22da6a7cfd76,高度近视-张金嵩 2013_weknora.mhtml,高度近视-张金嵩 2013_weknora.mhtml,completed,edf024d9-6d5a-42c2-959b-c39118ce9ef9,c845c3f0-4482-46a2-a4a4-08ddf1ad5d70,397,1087,18932d6b1f73bc97357304efc00c4d663422a1d312042ef2edef42c130b12418,"《高度近视》是由张金嵩主编、杨进献和金学民任副主编的一部眼科学专著，由人民卫生出版社于2013年出版，全书约70万字，图片丰富。编写团队均为从事高度近视课题的临床眼科工作者和基础研究人员，该书旨在填补高度近视领域缺乏专门参考书的空白，供眼科临床医师、视光师、研究人员和研究生参考。

前言指出，高度近视是由遗传、环境、形觉剥夺、离焦诱导、调节紊乱等多种因素共同作用，伴有不同程度眼底和眼部病理改变、视功能进行性下降的一类屈光系统综合征，又称进行性近视、病理性近视、变性近视，本书以变性近视为主要内容，同时涵盖症状性高度近视。序言强调，高度近视在亚洲和中东极为常见，发生率（-6.00D以上）已超过总人口5%，高度近视性视网膜脉络膜病变致低视力或盲目者占低视力门诊量的20%，是重要的研究课题。

全书结构上，第一章系统介绍高度近视概况；第三、四章以研究资料阐述实验性高度近视与发病机制；临床症状、体征与检查部分除传统成熟资料外，详细叙述了电脑视野、OCT、HRT等新技术应用及眼底改变新资料并配以图文详解；临床治疗部分对屈光矫正、药物治疗和手术治疗提供传统与新颖方法并加以评述。书中插图展示了豹纹状眼底、漆样裂纹、Fuchs斑、黄斑出血、视网膜劈裂、黄斑裂孔、脉络膜新生血管（CNV）、后巩膜葡萄肿等典型眼底及OCT表现。

书中相关疾病内容还包括：圆锥角膜的紫外光核黄素交联疗法，即利用核黄素在370nm紫外光作用下诱导胶原纤维交联以增强角膜机械强度，同时介绍穿透性角膜移植、深板层角膜移植等手术方式；Marfan综合征的眼部病变，如晶状体异位、高度近视、视网膜脱离等；以及视网膜色素上皮（RPE）移植的内路法、外路法手术方法、移植效果、免疫排斥反应及玫瑰花结形成等尚待解决的问题。","# Summary
《高度近视》是由张金嵩主编、杨进献和金学民任副主编的一部眼科学专著，由人民卫生出版社于2013年出版，全书约70万字，图片丰富。编写团队均为从事高度近视课题的临床眼科工作者和基础研究人员，该书旨在填补高度近视领域缺乏专门参考书的空白，供眼科临床医师、视光师、研究人员和研究生参考。

前言指出，高度近视是由遗传、环境、形觉剥夺、离焦诱导、调节紊乱等多种因素共同作用，伴有不同程度眼底和眼部病理改变、视功能进行性下降的一类屈光系统综合征，又称进行性近视、病理性近视、变性近视，本书以变性近视为主要内容，同时涵盖症状性高度近视。序言强调，高度近视在亚洲和中东极为常见，发生率（-6.00D以上）已超过总人口5%，高度近视性视网膜脉络膜病变致低视力或盲目者占低视力门诊量的20%，是重要的研究课题。

全书结构上，第一章系统介绍高度近视概况；第三、四章以研究资料阐述实验性高度近视与发病机制；临床症状、体征与检查部分除传统成熟资料外，详细叙述了电脑视野、OCT、HRT等新技术应用及眼底改变新资料并配以图文详解；临床治疗部分对屈光矫正、药物治疗和手术治疗提供传统与新颖方法并加以评述。书中插图展示了豹纹状眼底、漆样裂纹、Fuchs斑、黄斑出血、视网膜劈裂、黄斑裂孔、脉络膜新生血管（CNV）、后巩膜葡萄肿等典型眼底及OCT表现。

书中相关疾病内容还包括：圆锥角膜的紫外光核黄素交联疗法，即利用核黄素在370nm紫外光作用下诱导胶原纤维交联以增强角膜机械强度，同时介绍穿透性角膜移植、深板层角膜移植等手术方式；Marfan综合征的眼部病变，如晶状体异位、高度近视、视网膜脱离等；以及视网膜色素上皮（RPE）移植的内路法、外路法手术方法、移植效果、免疫排斥反应及玫瑰花结形成等尚待解决的问题。",本书为张金嵩主编、2013年出版的高度近视实用专著，适用于眼科临床医师、视光师、科研人员及研究生，服务于医学教育、科研与临床诊疗。全书系统介绍高度近视概念、流行病学、遗传与环境因素、实验性近视模型及发病机制，涵盖症状、视功能评估、病理与免疫学、眼底改变及后巩膜葡萄肿。重点讲述黄斑病变、漆样裂纹、脉络膜新生血管、黄斑出血、黄斑裂孔、视网膜劈裂与脱离、玻璃体病变、白内障、青光眼等并发症，以及圆锥角膜、Marfan、Marchesani、Alport等相关综合征。检查与影像包括超声、CT、MRI、OCT、视野、视网膜厚度分析、共焦激光眼底扫描、FFA、ICGA及视觉电生理。治疗涉及镜片、角膜接触镜、局部及全身药物、中药和基因治疗；手术与技术包括放射状角膜切开、角膜散光切开、LASIK/LASEK、角膜基质环、人工晶状体植入、透明晶状体摘除、后巩膜加固、眼底激光及视网膜色素上皮—脉络膜移植。
313,Albert and Jakobiec’s Principles and Practice of Ophthalmology（Daniel M. Albert、Joan W. Miller、Dimitri T. Azar、Lucy H. Young 编，第四版）,manual_verified,01-眼科综合：基础与全身病,09c593aa-1a64-48de-af81-fc4d30d551b4,10000,a382d28a-9755-42de-af3d-23d1bfb4d0a5,Albert and Jakobiec s Principles and Practice of Ophthalmology-Albert and Jakobiec 2022 weknora.mhtml,Albert and Jakobiec s Principles and Practice of Ophthalmology-Albert and Jakobiec 2022 weknora.mhtml,failed,,,363,1031,e9827b651060a6934cdf99c88126cbe81d6a1dc91906b82bce27b764b869b1b9,,,本书为2022年出版的综合性眼科学教材，面向临床眼科医师、住院医师、学生及视觉科学研究者，用于系统学习眼病诊断、影像、药物与手术治疗。全书分10卷、21部分，涵盖角膜与结膜、前节创伤、免疫与前葡萄膜炎、光学与屈光手术、晶状体与白内障、青光眼、视网膜影像、遗传及基因治疗、视网膜血管病、玻璃体视网膜手术、黄斑与脉络膜病、遗传性视网膜变性、中后葡萄膜炎、神经眼科、低视力、眼整形、眼病理、小儿眼科、眼与全身疾病及眼肿瘤。内容涉及临床检查、视野与眼压、荧光素/吲哚菁绿血管造影、OCT/OCT血管成像、超声及术中影像；详述感染、干眼、圆锥角膜、角膜移植、LASIK/PRK、白内障超声乳化与人工晶状体、青光眼激光及微创/滤过手术、视网膜脱离和黄斑手术，并讨论并发症、儿童眼病、糖尿病视网膜病变、AMD、肿瘤放疗及视网膜母细胞瘤治疗。
314,Steinert’s Cataract Surgery（第四版，Sumit (Sam) Garg、Douglas D. Koch 主编，2023年）,manual_verified,03-白内障：晶状体与人工晶体,a0f47c80-3a66-46c8-8315-43b41ce357ea,10000,ebdc085a-eec5-4da3-bb90-4afd82c425ce,Cataract Surgery-Adi Abulafia 2022 weknora.mhtml,Cataract Surgery-Adi Abulafia 2022 weknora.mhtml,completed,ee57974d-1aac-4848-9515-aaeefcb353bf,12ec4958-4614-4623-a07e-6f6e5a0c207b,404,1198,d4b82d6eaa1f33b265584402391359d080a71b328b58c7f93a2c7f7ed2c7584b,"文档介绍白内障相关的基础病理、术前评估、晶状体度数计算及术后屈光问题处理，重点节选了白内障形成机制、超硬核白内障手术要点和屈光增强方案。

晶状体胚胎发育始于妊娠早期，至妊娠第8周左右完成主要结构形成。晶状体纤维不断增生，依次形成胚胎核、胎儿核、婴幼儿核、成人核及皮质。正常晶状体为透明双凸结构，通过悬韧带与睫状体相连，并在调节过程中改变形状。白内障是晶状体发生不同程度混浊的状态，常与晶状体蛋白聚集及光散射增加有关。年龄相关性核性白内障最常见，氧化应激和渗透应激是重要机制；其中谷胱甘肽抗氧化能力下降、蛋白聚集、膜损伤，以及糖尿病时多元醇和山梨醇积聚造成的细胞肿胀，均可促进混浊形成。LOCS III系统可对核性混浊、核颜色、皮质及后囊下混浊进行标准化分级，以便于临床监测和研究比较。

在超硬核白内障手术中，切口构造对维持前房稳定性至关重要，应形成良好的双平面或三平面、自封闭切口，必要时可预留转换为手法小切口白内障手术的条件。撕囊前可使用台盼蓝增强前囊显示，并通过软壳技术或高黏弹性物质稳定前房、压平前囊，减少撕囊放射状撕裂。对于膨胀性或含液化皮质的致密白内障，可先穿刺吸除液化成分；纤维化前囊有时需要显微剪辅助。

术后残余屈光误差应先分析其原因，再根据误差程度和眼部条件选择治疗。低度误差可考虑激光视力矫正；较大误差可采用附加人工晶状体或人工晶状体置换，后者适用于初始人工晶状体错误、损坏或其本身导致视觉质量不佳的情况。针对老视，还可选择单眼视、PresbyLASIK、角膜嵌体及多焦点附加人工晶状体。可调节人工晶状体通过紫外线照射改变曲率，有望减少二次屈光手术需求。","# Summary
文档介绍白内障相关的基础病理、术前评估、晶状体度数计算及术后屈光问题处理，重点节选了白内障形成机制、超硬核白内障手术要点和屈光增强方案。

晶状体胚胎发育始于妊娠早期，至妊娠第8周左右完成主要结构形成。晶状体纤维不断增生，依次形成胚胎核、胎儿核、婴幼儿核、成人核及皮质。正常晶状体为透明双凸结构，通过悬韧带与睫状体相连，并在调节过程中改变形状。白内障是晶状体发生不同程度混浊的状态，常与晶状体蛋白聚集及光散射增加有关。年龄相关性核性白内障最常见，氧化应激和渗透应激是重要机制；其中谷胱甘肽抗氧化能力下降、蛋白聚集、膜损伤，以及糖尿病时多元醇和山梨醇积聚造成的细胞肿胀，均可促进混浊形成。LOCS III系统可对核性混浊、核颜色、皮质及后囊下混浊进行标准化分级，以便于临床监测和研究比较。

在超硬核白内障手术中，切口构造对维持前房稳定性至关重要，应形成良好的双平面或三平面、自封闭切口，必要时可预留转换为手法小切口白内障手术的条件。撕囊前可使用台盼蓝增强前囊显示，并通过软壳技术或高黏弹性物质稳定前房、压平前囊，减少撕囊放射状撕裂。对于膨胀性或含液化皮质的致密白内障，可先穿刺吸除液化成分；纤维化前囊有时需要显微剪辅助。

术后残余屈光误差应先分析其原因，再根据误差程度和眼部条件选择治疗。低度误差可考虑激光视力矫正；较大误差可采用附加人工晶状体或人工晶状体置换，后者适用于初始人工晶状体错误、损坏或其本身导致视觉质量不佳的情况。针对老视，还可选择单眼视、PresbyLASIK、角膜嵌体及多焦点附加人工晶状体。可调节人工晶状体通过紫外线照射改变曲率，有望减少二次屈光手术需求。",本书出版于2023年，面向眼科医师、住院医师、专科培训医师及白内障手术教学与临床实践，系统介绍白内障手术及人工晶状体相关知识。全书分八部分：术前评估涵盖白内障病理与分类、患者准备、生物测量及屈光术后人工晶状体度数计算；人工晶状体部分介绍设计、生物材料、前后房型、散光矫正型、老视矫正型、可调节及模块化晶状体；麻醉与初始步骤涉及黏弹剂、抗生素预防、眼内炎、炎症、切口、撕囊、水分离与水层分离。核处理部分涵盖超声乳化平台、核劈裂、劈核、倾斜翻转、微切口、飞秒激光辅助、皮质吸除及囊外摘除。随后讨论散光评估与切口、散光晶状体、残余散光处理；复杂病例包括白内障、弱悬韧带、小瞳孔、青光眼、角膜手术、葡萄膜炎、视网膜疾病、儿童、外伤、短眼、虹膜修复及晶状体置换。末尾系统讲解术中风险与并发症、前段玻璃体切除、伤口管理、毒性前节综合征，以及术后角膜水肿、青光眼、视网膜并发症、晶状体脱位、YAG激光、视觉干扰和屈光增强。
315,Ryan’s Retina（第七版，主编 SriniVas R. Sadda，2022）,manual_verified,06-眼底病与视网膜内科,f900fe21-9deb-47e0-bf36-ce06022cae92,10000,250cd53b-0bbd-4f54-9e31-909162d6ea76,Retina-Stephen J. Ryan 2022 weknora.mhtml,Retina-Stephen J. Ryan 2022 weknora.mhtml,completed,b7381b8b-461b-4a6e-815f-bedf655cf0b3,b78ba714-3f0e-4c93-be99-85d702a493de,461,1331,c03e20777c1681eedde28c4227478ca5f34f033ca9e3aae6e25fd245013696e7,"该文档为《Ryan’s Retina》第七版的节选，内容涵盖视网膜影像与诊断、医学视网膜及视网膜肿瘤等主题。荧光素血管造影部分介绍了视网膜和脉络膜的解剖基础及其对影像判读的意义。感觉视网膜可分为内侧血管层和外侧无血管层；正常视网膜血管受内层血-眼屏障保护，不发生荧光素渗漏。外层血-眼屏障由视网膜色素上皮（RPE）构成，可阻止脉络膜荧光进入视网膜。视网膜水肿、囊样间隙、出血和渗出主要涉及外丛状层、Henle纤维层及内核层。文档还说明了后睫状动脉、脉络膜小叶、涡静脉以及“分水岭区”的血流分布，并强调前视网膜、视网膜血管层、无血管层、RPE、脉络膜和巩膜等解剖标志对异常荧光判读的重要性。

医学视网膜部分节选了CATT研究的长期结果及安全性数据。随访约5.5年时，部分患者仍保持较好的最佳矫正视力，但部分患者出现视力下降和地图样萎缩；在最初两年接受不同药物或给药方案的组别之间，长期视觉差异需要谨慎解释。CATT第一年严重不良事件表显示，雷珠单抗与贝伐珠单抗、每月给药与按需给药之间，多数系统性和眼部事件没有显著差异，但“一项或多项系统性事件”在药物组间存在统计学差异。文档还提及IVAN试验比较两种抗VEGF药物的每月及按需治疗方案。

视网膜肿瘤部分聚焦原发性玻璃体视网膜淋巴瘤（PVRL）。其典型表现包括玻璃体细胞，以及视网膜下或RPE下聚集的淋巴瘤浸润；RPE下病灶具有特征性。虽然组织活检和细胞病理学确认仍是诊断金标准，但眼底自发荧光、荧光素血管造影和OCT可辅助诊断及随访治疗反应，分别显示点状异常、对应浸润的针尖样高荧光，以及浸润的解剖层次。","# Summary
该文档为《Ryan’s Retina》第七版的节选，内容涵盖视网膜影像与诊断、医学视网膜及视网膜肿瘤等主题。荧光素血管造影部分介绍了视网膜和脉络膜的解剖基础及其对影像判读的意义。感觉视网膜可分为内侧血管层和外侧无血管层；正常视网膜血管受内层血-眼屏障保护，不发生荧光素渗漏。外层血-眼屏障由视网膜色素上皮（RPE）构成，可阻止脉络膜荧光进入视网膜。视网膜水肿、囊样间隙、出血和渗出主要涉及外丛状层、Henle纤维层及内核层。文档还说明了后睫状动脉、脉络膜小叶、涡静脉以及“分水岭区”的血流分布，并强调前视网膜、视网膜血管层、无血管层、RPE、脉络膜和巩膜等解剖标志对异常荧光判读的重要性。

医学视网膜部分节选了CATT研究的长期结果及安全性数据。随访约5.5年时，部分患者仍保持较好的最佳矫正视力，但部分患者出现视力下降和地图样萎缩；在最初两年接受不同药物或给药方案的组别之间，长期视觉差异需要谨慎解释。CATT第一年严重不良事件表显示，雷珠单抗与贝伐珠单抗、每月给药与按需给药之间，多数系统性和眼部事件没有显著差异，但“一项或多项系统性事件”在药物组间存在统计学差异。文档还提及IVAN试验比较两种抗VEGF药物的每月及按需治疗方案。

视网膜肿瘤部分聚焦原发性玻璃体视网膜淋巴瘤（PVRL）。其典型表现包括玻璃体细胞，以及视网膜下或RPE下聚集的淋巴瘤浸润；RPE下病灶具有特征性。虽然组织活检和细胞病理学确认仍是诊断金标准，但眼底自发荧光、荧光素血管造影和OCT可辅助诊断及随访治疗反应，分别显示点状异常、对应浸润的针尖样高荧光，以及浸润的解剖层次。",本书出版于2022年，面向眼科医师、视网膜专科医生、研究者及临床教学，系统用于眼底病诊断、治疗与手术决策。全书三卷：卷一涵盖荧光素血管造影、吲哚菁绿造影、OCT/OCTA、自发荧光、广域及人工智能影像、超声、电生理、视力、色觉、视野检查，并讲解视网膜解剖生理、氧化/内质网应激、炎症、免疫、血视网膜屏障、遗传、基因与干细胞治疗、纳米医学、神经保护、药物递送及激光；卷二聚焦黄斑及视网膜变性、视网膜色素变性、糖尿病视网膜病变和黄斑水肿、高血压、动静脉阻塞、静脉阻塞、黄斑毛细血管扩张、早产儿及儿童血管病，年龄相关性黄斑变性、病理性近视、脉络膜疾病、中心性浆液性脉络膜视网膜病变、葡萄膜炎、感染、药物/光损伤、外伤及妊娠相关疾病；卷三涵盖视网膜脱离、增殖性玻璃体视网膜病变、巩膜扣带、玻璃体切除、气 pneumatic 视网膜固定、视网膜切开/切除、黄斑裂孔、黄斑前膜、眼内炎、活检及手术并发症，并系统介绍视网膜、脉络膜、玻璃体肿瘤，包括视网膜母细胞瘤、葡萄膜黑色素瘤、转移瘤、淋巴瘤及放疗、近距离放射、激光、眼球摘除等治疗。
316,临床角结膜病图谱（Clinical Atlas of Corneal & Conjunctival Diseases）——曾庆延主编，2011年湖北科学技术出版社版,manual_verified,02-角膜与眼表,f041b2b7-3147-4deb-a2f2-0de5cc53d296,10000,d32d0b93-5732-4110-802b-081f3bbc175a,临床角结膜图谱-曾庆延 2011 weknora.mhtml,临床角结膜图谱-曾庆延 2011 weknora.mhtml,completed,87391b0a-9ac3-4cc1-a2fa-a0b7b1291c45,6922ab8a-6a88-4125-849a-788cf04ff8f1,405,1177,2d0cbf579f875831cdde68e09f1f735eee18845ae8a9748a4188623bc7bd3a1c,"《临床角结膜病图谱》是由曾庆延主编、湖北科学技术出版社2011年出版的专著，属“爱尔眼科系列丛书”。书中汇集武汉爱尔眼科医院8年间的眼表及角膜病影像资料，以图谱形式展示疾病特点、治疗方法与转归；编排上按病因分类而非传统解剖部位分类，便于临床医师从病因角度理解眼表疾病，主要面向初、中级眼科医师。

文档内容涵盖多个章节。第一章“感染性眼表疾病”首先介绍病毒感染，包括：单纯疱疹病毒性角膜炎（HSV角膜炎），详述其病因、危险因素及各临床分型，如感染性角膜上皮炎、坏死性角膜基质炎、免疫性角膜基质炎、角膜内皮炎、神经营养性角膜炎及混合型，并给出相应抗病毒、糖皮质激素及手术治疗原则；眼带状疱疹（VZV）的临床表现与治疗；流行性角结膜炎（腺病毒所致）的流行病学特点、体征及支持治疗；流行性出血性结膜炎（肠道病毒70型、柯萨奇病毒）及麻疹性角膜炎。随后为细菌感染，重点阐述细菌性角膜炎的病原学（链球菌、葡萄球菌、绿脓杆菌、非典型分枝杆菌等）、危险因素、不同病原菌的临床特征、实验室诊断和抗菌治疗策略。

后部内容涉及角膜变性及角膜扩张性疾病，包括带状角膜变性（钙质沉着，可用EDTA-Na治疗）、气候性滴状角膜变性（与日光、紫外线暴露相关）、角膜环（老年环与青年环，青年需查血脂）以及圆锥角膜（病因、早晚期体征、急性水肿及相关疾病）。

后半部分还涵盖角膜术后与角膜病变相关主题：感染性结晶样角膜病变（生物膜致常规用药效果差，多需手术联合治疗）、大泡性角膜病变（角膜内皮失代偿所致，治疗包括高渗剂、角膜接触镜及角膜移植术）、后弹力层脱离（前房注气术可复位）、角膜小凹（泪膜覆盖不良致局部变薄，以润滑治疗为主），以及视网膜脱离巩膜扣带术后的硅胶排斥与暴露，指出多数需手术拆除硅胶条并联合抗炎治疗。文档配有大量临床病例图片及图注，展示典型病变形态与治疗前后变化。","# Summary
《临床角结膜病图谱》是由曾庆延主编、湖北科学技术出版社2011年出版的专著，属“爱尔眼科系列丛书”。书中汇集武汉爱尔眼科医院8年间的眼表及角膜病影像资料，以图谱形式展示疾病特点、治疗方法与转归；编排上按病因分类而非传统解剖部位分类，便于临床医师从病因角度理解眼表疾病，主要面向初、中级眼科医师。

文档内容涵盖多个章节。第一章“感染性眼表疾病”首先介绍病毒感染，包括：单纯疱疹病毒性角膜炎（HSV角膜炎），详述其病因、危险因素及各临床分型，如感染性角膜上皮炎、坏死性角膜基质炎、免疫性角膜基质炎、角膜内皮炎、神经营养性角膜炎及混合型，并给出相应抗病毒、糖皮质激素及手术治疗原则；眼带状疱疹（VZV）的临床表现与治疗；流行性角结膜炎（腺病毒所致）的流行病学特点、体征及支持治疗；流行性出血性结膜炎（肠道病毒70型、柯萨奇病毒）及麻疹性角膜炎。随后为细菌感染，重点阐述细菌性角膜炎的病原学（链球菌、葡萄球菌、绿脓杆菌、非典型分枝杆菌等）、危险因素、不同病原菌的临床特征、实验室诊断和抗菌治疗策略。

后部内容涉及角膜变性及角膜扩张性疾病，包括带状角膜变性（钙质沉着，可用EDTA-Na治疗）、气候性滴状角膜变性（与日光、紫外线暴露相关）、角膜环（老年环与青年环，青年需查血脂）以及圆锥角膜（病因、早晚期体征、急性水肿及相关疾病）。

后半部分还涵盖角膜术后与角膜病变相关主题：感染性结晶样角膜病变（生物膜致常规用药效果差，多需手术联合治疗）、大泡性角膜病变（角膜内皮失代偿所致，治疗包括高渗剂、角膜接触镜及角膜移植术）、后弹力层脱离（前房注气术可复位）、角膜小凹（泪膜覆盖不良致局部变薄，以润滑治疗为主），以及视网膜脱离巩膜扣带术后的硅胶排斥与暴露，指出多数需手术拆除硅胶条并联合抗炎治疗。文档配有大量临床病例图片及图注，展示典型病变形态与治疗前后变化。",本书出版于2011年，面向初、中级眼科临床医师及角膜病专科医师，适用于角结膜疾病学习、临床诊疗与参考。全书以病例图谱结合简明文字，展示眼表、角膜及结膜疾病的临床表现、检查影像、治疗方法与转归。内容按病因和病变特点编排：感染性眼表疾病涵盖病毒、细菌、真菌、衣原体、寄生虫感染及睑缘炎，包括单纯疱疹性角膜炎、带状疱疹、细菌性及棘阿米巴角膜炎、沙眼等；免疫性疾病涉及特应性、春季卡他性角结膜炎、眼瘢痕性类天疱疮、Stevens-Johnson综合征、蚕食性角膜溃疡、巩膜炎及全身胶原血管病眼部表现；并介绍角结膜肿瘤、角膜营养不良、结膜及角膜变性、圆锥角膜、眼前段发育异常和热烧伤、化学烧伤、裂伤、异物伤等外伤。后半部讲述暴露性、神经营养性、接触镜相关病变、干眼及其他眼表疾病，并系统介绍角膜移植、羊膜移植、结膜瓣、翼状胬肉及屈光手术，涵盖移植排斥、植片溃疡、继发性青光眼、散光等并发症，以及药物和手术相关角结膜病变。
317,临床青光眼图谱（叶天才、王宁利主编）,manual_verified,05-青光眼,8bf942e4-80dc-4a8a-87cf-486f897fe2bd,10000,07a882da-5ff7-4d54-8906-b409c87074d5,临床青光眼图谱-叶天才 2007 weknora.mhtml,临床青光眼图谱-叶天才 2007 weknora.mhtml,completed,aa512134-43ad-4b4c-9a81-81c5b9559ea9,c5851a02-7915-49b5-a3a2-ba9597d7f5e8,429,1264,5d02bd4b58c3dd586d8a0d38559105d41beaf04782c565cd1df1240fb3b5c2aa,"《临床青光眼图谱》是一部以临床图片和解说为主要特色的青光眼专业著作，由叶天才、王宁利主编，2007年由人民卫生出版社出版。全书共21章，约100万字，配有1000余幅图片，内容涵盖临床基础、检查、青光眼分类与诊疗，以及药物、激光、手术、视神经保护和低视力保健，旨在为青光眼临床、研究和教学提供系统、实用、形象化的参考。

前言指出，本书是在国内缺乏大型青光眼临床图谱的背景下编写的，主要汇集叶天才教授从事青光眼临床和研究四十余年积累的病例图片与经验。编写工作由师生共同完成，强调了老一代眼科专家严谨细致、执着奉献的工作精神，同时也承认书中可能存在不足，并期待未来随着知识和技术发展不断修订完善。

第一章重点介绍眼部解剖及其与青光眼发生发展的关系，包括小梁网、Schlemm管、集合管和巩膜静脉丛构成的主要房水排出通道，以及葡萄膜巩膜途径。房水外流阻力主要与Schlemm管内壁和邻管组织有关；年龄增长可导致小梁细胞减少、基底膜和细胞外基质增厚、通路间隙缩小，从而增加外流阻力。睫状体睫状突通过双层上皮的主动转运和渗透过程生成房水。章节还介绍视网膜的分层结构、血供及视网膜色素上皮的屏障、营养和吞噬功能。

书中后续内容涉及青少年慢性关节炎相关葡萄膜炎及继发性青光眼、儿童期外伤性和新生血管性青光眼，并讨论炎症、外伤、视网膜血管疾病等导致眼压升高的机制和治疗原则。治疗包括抗炎、散瞳、抗青光眼药物、激光虹膜切除及必要时的手术。最后，低视力康复部分介绍棱镜、缩小和放大装置、滤光镜、遮盖法、阅读与书写辅助工具、照明以及注视、追踪和视觉记忆训练，强调应根据视野缺损和生活需求制定个体化康复方案，以提高患者的生活独立性和质量。","# Summary
《临床青光眼图谱》是一部以临床图片和解说为主要特色的青光眼专业著作，由叶天才、王宁利主编，2007年由人民卫生出版社出版。全书共21章，约100万字，配有1000余幅图片，内容涵盖临床基础、检查、青光眼分类与诊疗，以及药物、激光、手术、视神经保护和低视力保健，旨在为青光眼临床、研究和教学提供系统、实用、形象化的参考。

前言指出，本书是在国内缺乏大型青光眼临床图谱的背景下编写的，主要汇集叶天才教授从事青光眼临床和研究四十余年积累的病例图片与经验。编写工作由师生共同完成，强调了老一代眼科专家严谨细致、执着奉献的工作精神，同时也承认书中可能存在不足，并期待未来随着知识和技术发展不断修订完善。

第一章重点介绍眼部解剖及其与青光眼发生发展的关系，包括小梁网、Schlemm管、集合管和巩膜静脉丛构成的主要房水排出通道，以及葡萄膜巩膜途径。房水外流阻力主要与Schlemm管内壁和邻管组织有关；年龄增长可导致小梁细胞减少、基底膜和细胞外基质增厚、通路间隙缩小，从而增加外流阻力。睫状体睫状突通过双层上皮的主动转运和渗透过程生成房水。章节还介绍视网膜的分层结构、血供及视网膜色素上皮的屏障、营养和吞噬功能。

书中后续内容涉及青少年慢性关节炎相关葡萄膜炎及继发性青光眼、儿童期外伤性和新生血管性青光眼，并讨论炎症、外伤、视网膜血管疾病等导致眼压升高的机制和治疗原则。治疗包括抗炎、散瞳、抗青光眼药物、激光虹膜切除及必要时的手术。最后，低视力康复部分介绍棱镜、缩小和放大装置、滤光镜、遮盖法、阅读与书写辅助工具、照明以及注视、追踪和视觉记忆训练，强调应根据视野缺损和生活需求制定个体化康复方案，以提高患者的生活独立性和质量。",本书2007年出版，面向眼科临床医师、研究生及从事青光眼诊疗、研究和教学者。全书分三篇、二十一章：第一篇介绍房水排出与生成解剖、房水动力学、眼压及上巩膜静脉压测量，并系统讲解前房角镜、超声生物显微镜（UBM）、角膜内皮镜、角膜地形图、共焦显微镜、角膜厚度、前节OCT、视乳头与视网膜神经纤维层、眼血流动力学、视野及视觉功能检查。第二篇阐述青光眼定义分类，重点讨论原发性闭角型、原发性开角型、正常眼压性、高眼压症、先天性及儿童期青光眼，以及虹膜角膜内皮综合征、色素播散、假性剥脱、晶状体、玻璃体视网膜疾病、眼内肿瘤、炎症、眼外伤、糖皮质激素、眼部手术后和联合机制性继发青光眼。第三篇涵盖药物、激光及手术治疗，包括缩瞳药、肾上腺素能药、β受体阻滞剂、前列腺素、碳酸酐酶抑制剂、高渗剂、虹膜切除/成形、小梁成形、睫状体光凝、巩膜切除、小梁切除、非穿透滤过、小梁切开、房水引流物植入、睫状体破坏性手术、青光眼白内障联合手术及并发症处理，并介绍视神经保护和低视力康复。
318,活体超声生物显微镜眼科学（第二版）／王宁利、刘文主编，科学出版社，2010年,manual_verified,17-检查：眼科超声与 UBM,8ba4bb92-4b55-4e98-94d7-e8322b102084,10000,c5b2f3bf-9bf2-4fc5-a79b-71e98b4a1922,活体超声生物显微镜眼科学-王宁利 2010 weknora.mhtml,活体超声生物显微镜眼科学-王宁利 2010 weknora.mhtml,completed,8966c875-78a1-45c7-ae45-7d0bd9fd2d72,18523d89-942e-4173-b47a-0a3f526a46fb,348,1004,e25be5d7a2c89109867374fa1ba74848ac2a31028be9fbff4fbe399ae61dc25d,"《活体超声生物显微镜眼科学》是由王宁利、刘文主编、科学出版社出版的眼科学专著（第二版），系统总结了超声生物显微镜（UBM）技术在眼科领域的应用成果。全书分为三篇：基础篇介绍UBM成像原理与检查方法；临床篇阐述正常眼的UBM表现、各类眼前段疾病及激光治疗前后的图像特征；实验篇涵盖UBM在实验研究中的应用、国产全景UBM的研制以及高频UBM的发展情况。书中强调，UBM的应用为眼科基础研究与临床诊治提供了大量新知识、新观点和新理论。

第二版在保留第一版特色的基础上进行了修订：将部分图像拼接技术获得的眼前段图像替换为由全景UBM采集的一次性全景图像，并新增全景UBM在眼科的应用、UBM在泪道疾病中的应用以及小动物眼高分辨率超声成像等内容。第二版序言指出，UBM自1990年诞生以来已广泛应用20年，王宁利团队研制成功的国产全景UBM使扫描宽度由5mm增至16mm、深度由5mm增至9mm，并开发了一次性快速全景成像的活体高频超声显微镜，推动了该领域设备研发的重要进展。

本书前言回顾了UBM的学术发展脉络：加拿大医师Pavlin于1991年设计了首台高频超声诊断仪，分辨率达到光学显微镜水平。我国学者利用UBM系统观察了闭角型青光眼房角关闭机制，发现中国人闭角型青光眼发病机制呈多样性，提出了新的分类体系和诊治流程；还率先设计UBM暗室激发试验、提出恶性青光眼新分类，并对前段增殖性玻璃体视网膜病变的UBM图像特征进行了系统研究。

正文基础部分阐述了高频超声基本原理：临床诊断超声多位于1—10MHz范围，而UBM频率为40—100MHz；超声成像的三个基本特征是衰减、反射和声速，波长决定图像分辨率，100MHz波长约15μm。临床部分展示了UBM在睫状沟距离测量、玻璃体疾病（包括玻璃体脱离、尘样浑浊、浓缩、积血）诊断中的典型图像特征。实验部分介绍了小动物超声系统（最高频率70MHz，最小分辨率30μm）的应用，以及超声微泡造影技术在靶向药物/基因递送、肿瘤新生血管评价等方面的研究进展，为该领域未来向临床应用转化提供了方向。","# Summary
《活体超声生物显微镜眼科学》是由王宁利、刘文主编、科学出版社出版的眼科学专著（第二版），系统总结了超声生物显微镜（UBM）技术在眼科领域的应用成果。全书分为三篇：基础篇介绍UBM成像原理与检查方法；临床篇阐述正常眼的UBM表现、各类眼前段疾病及激光治疗前后的图像特征；实验篇涵盖UBM在实验研究中的应用、国产全景UBM的研制以及高频UBM的发展情况。书中强调，UBM的应用为眼科基础研究与临床诊治提供了大量新知识、新观点和新理论。

第二版在保留第一版特色的基础上进行了修订：将部分图像拼接技术获得的眼前段图像替换为由全景UBM采集的一次性全景图像，并新增全景UBM在眼科的应用、UBM在泪道疾病中的应用以及小动物眼高分辨率超声成像等内容。第二版序言指出，UBM自1990年诞生以来已广泛应用20年，王宁利团队研制成功的国产全景UBM使扫描宽度由5mm增至16mm、深度由5mm增至9mm，并开发了一次性快速全景成像的活体高频超声显微镜，推动了该领域设备研发的重要进展。

本书前言回顾了UBM的学术发展脉络：加拿大医师Pavlin于1991年设计了首台高频超声诊断仪，分辨率达到光学显微镜水平。我国学者利用UBM系统观察了闭角型青光眼房角关闭机制，发现中国人闭角型青光眼发病机制呈多样性，提出了新的分类体系和诊治流程；还率先设计UBM暗室激发试验、提出恶性青光眼新分类，并对前段增殖性玻璃体视网膜病变的UBM图像特征进行了系统研究。

正文基础部分阐述了高频超声基本原理：临床诊断超声多位于1—10MHz范围，而UBM频率为40—100MHz；超声成像的三个基本特征是衰减、反射和声速，波长决定图像分辨率，100MHz波长约15μm。临床部分展示了UBM在睫状沟距离测量、玻璃体疾病（包括玻璃体脱离、尘样浑浊、浓缩、积血）诊断中的典型图像特征。实验部分介绍了小动物超声系统（最高频率70MHz，最小分辨率30μm）的应用，以及超声微泡造影技术在靶向药物/基因递送、肿瘤新生血管评价等方面的研究进展，为该领域未来向临床应用转化提供了方向。",本书出版于2010年，面向各级眼科医师、B型超声医师、眼科教学与科研人员及生物医学工程技术人员，系统介绍超声生物显微镜（UBM）在眼科基础研究、临床诊断、治疗评价和科研中的应用。全书分三篇、二十四章：基础篇讲述高频超声影像原理、UBM成像与扫描器设计、图像质量、测量精度、安全性、设备种类及检查技术；临床篇涵盖正常眼及眼前段定量测量，角膜、巩膜、葡萄膜、青光眼、晶状体、玻璃体、视网膜、早产儿视网膜病变、眼外伤、前段肿瘤、睫状体调节与疾病，并讨论UBM在青光眼及眼底激光、角膜移植、人工晶体植入、巩膜环扎、玻璃体切割等治疗和手术前后评估中的作用，以及相关并发症、异物和占位病变检查；实验篇介绍实验性角膜碱烧伤、眼前段影像学、UBM历史与中国发展、泪道疾病、国产全景高频UBM及小动物眼部超声系统。
319,简明眼超声诊断手册（杨文利主编，2015年版）,manual_verified,17-检查：眼科超声与 UBM,8ba4bb92-4b55-4e98-94d7-e8322b102084,10000,8e03975e-d0e0-4008-a06a-2cea5e451a82,简明眼超声诊断手册-杨文利 2015 weknora.mhtml,简明眼超声诊断手册-杨文利 2015 weknora.mhtml,completed,1ce8d4f3-09c4-4d7a-9621-0c1de1724664,ec8e1b66-d67b-4eed-ab02-b80ec77cb912,398,1162,f04ca2f5a301878b0b8099f17d2659bc7668d454a4b7f7bf1e541ab1768e363a,"本书根据疾病的部位，根据眼球壁到眼内容的顺序结合超声图片对 $ ^{37}
$种疾病的超声诊断特点进行总结分析，同时对超声伪像等也通过图片进行介绍，涵盖的眼常见病和多发病，为日常的超声诊断提供帮助。

# 简明 眼超声 诊断手册

主编 杨文利

简明 眼超声

诊断手册

# 简明 眼 超 声 诊断手册

## 图书在版编目(CIP)数据

简明眼超声诊断手册 / 杨文利主编. — 北京：人民卫生出版社，2015

ISBN 978-7-117-20416-3

## 第一章 眼超声临床诊断基础

超声医学的发展已经使许多新技术不仅很快应用于临床诊断，而且随着诊断仪器性能的逐步完善，应用范围和研究领域也越来越广泛。尽管彩色多普勒超声诊断技术已经基本普及，组织谐波成像、超声造影、三维成像、弹性成像等新技术也逐渐为广大超声医师所熟悉，但二维超声始终是超声医学的主体。作为超声诊断医师必须掌握正确的超声诊断方法，掌握器官、组织的正常声像图，分辨超声伪像。此外，还应有坚实广泛的临床知识、正确的诊断思维方式，才能得出合理、准确的诊断报告。

## 第一节 解剖概要

眼为人体的视觉器官，分为眼球","# Summary
本书根据疾病的部位，根据眼球壁到眼内容的顺序结合超声图片对 $ ^{37}
$种疾病的超声诊断特点进行总结分析，同时对超声伪像等也通过图片进行介绍，涵盖的眼常见病和多发病，为日常的超声诊断提供帮助。

# 简明 眼超声 诊断手册

主编 杨文利

简明 眼超声

诊断手册

# 简明 眼 超 声 诊断手册

## 图书在版编目(CIP)数据

简明眼超声诊断手册 / 杨文利主编. — 北京：人民卫生出版社，2015

ISBN 978-7-117-20416-3

## 第一章 眼超声临床诊断基础

超声医学的发展已经使许多新技术不仅很快应用于临床诊断，而且随着诊断仪器性能的逐步完善，应用范围和研究领域也越来越广泛。尽管彩色多普勒超声诊断技术已经基本普及，组织谐波成像、超声造影、三维成像、弹性成像等新技术也逐渐为广大超声医师所熟悉，但二维超声始终是超声医学的主体。作为超声诊断医师必须掌握正确的超声诊断方法，掌握器官、组织的正常声像图，分辨超声伪像。此外，还应有坚实广泛的临床知识、正确的诊断思维方式，才能得出合理、准确的诊断报告。

## 第一节 解剖概要

眼为人体的视觉器官，分为眼球",《简明眼超声诊断手册》出版于2015年，面向眼科、超声诊断科医师、相关临床医师及师生，适用于眼部超声检查、疾病诊断与治疗随访。全书共41章，先介绍眼超声临床诊断基础、眼球及眼眶解剖、检查适应证与方法、横切/纵切/轴位扫查、声像图评估和生物测量；继而按眼球壁至眼内容展开，涵盖巩膜葡萄肿、巩膜炎、巩膜裂伤、脉络膜缺损、脉络膜脱离及上腔出血、虹膜睫状体囊肿、脉络膜黑色素瘤、血管瘤和转移瘤；系统讲解视网膜脱离、早产儿视网膜病变、Coats病、视网膜母细胞瘤、糖尿病视网膜病变、视网膜劈裂；并涉及玻璃体后脱离、星状变性、永存玻璃体动脉、永存原始玻璃体增生症、玻璃体积血、增生性玻璃体视网膜病变、晶状体脱位、闭角型及特殊类型青光眼、虹膜根部离断、房角后退、睫状体脱离、眼内异物；后续介绍眼眶炎性假瘤、淋巴瘤、泪腺炎及肿瘤、海绵状血管瘤、颈动脉海绵窦瘘、甲状腺相关性眼眶病、术后超声形态、UBM及超声伪像。
320,《视网膜图谱（原书第2版）》—K. Bailey Freund、David Sarraf、William F. Mieler、Lawrence A. Yannuzzi著，赵明威、曲进锋、周鹏主译,manual_verified,06-眼底病与视网膜内科,f900fe21-9deb-47e0-bf36-ce06022cae92,10000,9c7ebe5b-9ce0-444b-abb3-cd9adbf72aca,视网膜图谱-K Bailey Freund 2019 weknora.mhtml,视网膜图谱-K Bailey Freund 2019 weknora.mhtml,completed,7d9c01c9-10ff-45f0-9817-fe957ff10dd4,193b991a-2d3f-4ceb-9905-fea6439d6ec4,395,1127,33ebd51490c28b45352b0fb0242331767d2431a2a4b98edd4d0ccb273ab3ff5b,"国际经典眼科学译著

# THE RETINAL ATLAS 视网膜图谱 (2nd EDITION) (原书第2版)

原著 [美] K. BAILEY FREUND [美] DAVID SARRAF

[美] WILLIAM F. MIELER [美] LAWRENCE A. YANNUZZI

主译 赵明威 曲进锋 周鹏

ELSEVIER

## Color coding——How to use this book 彩色线框注释——如何阅读本书

眼底照相

血管荧光造影

眼底自发荧光

血管吲哚青绿造影

超广角彩色眼底相

超广角荧光造影

超广角自发荧光

超广角吲哚菁绿造影

近红外反射眼底相

无赤光眼底相

炫彩成像

光相干断层成像

眼底相中彩色扫描线对应的OCT扫描

书中的图片均采用不同颜色的边框标记，以便读者参阅。

## Abstract 内容提要

本书是一部引进自ELSEVIER出版社的国际经典眼科著作，由眼底内科学术大师Lawrence
A.
Yannuzzi联合眼科学各领域权威专家倾力打造，是一部新颖、独特、全面的眼科学参考书。本书精选了5000","# Summary
国际经典眼科学译著

# THE RETINAL ATLAS 视网膜图谱 (2nd EDITION) (原书第2版)

原著 [美] K. BAILEY FREUND [美] DAVID SARRAF

[美] WILLIAM F. MIELER [美] LAWRENCE A. YANNUZZI

主译 赵明威 曲进锋 周鹏

ELSEVIER

## Color coding——How to use this book 彩色线框注释——如何阅读本书

眼底照相

血管荧光造影

眼底自发荧光

血管吲哚青绿造影

超广角彩色眼底相

超广角荧光造影

超广角自发荧光

超广角吲哚菁绿造影

近红外反射眼底相

无赤光眼底相

炫彩成像

光相干断层成像

眼底相中彩色扫描线对应的OCT扫描

书中的图片均采用不同颜色的边框标记，以便读者参阅。

## Abstract 内容提要

本书是一部引进自ELSEVIER出版社的国际经典眼科著作，由眼底内科学术大师Lawrence
A.
Yannuzzi联合眼科学各领域权威专家倾力打造，是一部新颖、独特、全面的眼科学参考书。本书精选了5000",本书出版于2019年，面向眼科医师、眼底病专科医师、住院医师及相关医技人员，适合作为临床诊断、影像判读和教学参考。全书以5000余幅图像系统展示视网膜与脉络膜疾病：第1章介绍正常眼底组织学及眼底照相、荧光素和吲哚菁绿血管造影、眼底自发荧光、超广角成像、OCT与OCTA；第2章涵盖遗传性脉络膜视网膜营养不良、黄斑营养不良、视网膜色素变性、结晶性疾病及白点综合征；第3章讨论早产儿视网膜病变、先天异常、代谢病和儿童眼底病；第4、5章介绍炎症、葡萄膜炎、血管炎及病毒、细菌、真菌、螺旋体和寄生虫感染；第6章聚焦动静脉阻塞、糖尿病及高血压性视网膜病变、黄斑毛细血管扩张和全身血管病；第7、8章涵盖玻璃体、病理性近视、AMD、脉络膜新生血管、视网膜及脉络膜肿瘤；第9—15章进一步讲述玻璃体黄斑牵引、黄斑裂孔、渗出性病变、视网膜裂孔与脱离及其治疗、外伤、眼科手术并发症、药物毒性和先天性视神经异常。
321,角膜手术学（史伟云著，2012年版）,manual_verified,02-角膜与眼表,f041b2b7-3147-4deb-a2f2-0de5cc53d296,10000,3cc79388-33de-42f0-a42b-b3de1aa23e72,角膜手术学-史伟云 2012 weknora.mhtml,角膜手术学-史伟云 2012 weknora.mhtml,completed,462a85c7-90e8-4f5f-866d-a69179492ef2,c32df66c-1673-4a8b-ac6e-865067a1f82f,425,1261,6ea73aee0477d130e51c798df8d6f571163006c124d5df6d94904945d31334ec,"该文档为《角膜手术学》一书的节选，内容涉及角膜基础解剖与生理、常用检查方法、角膜移植术后并发症处理以及感染复发时的非常规移植手术等多个方面。

在基础解剖生理部分，文档介绍了泪膜厚约7～10μm，由脂质层、水液层和黏液层三层构成，并阐述泪液动力学及其与眼表和角膜移植手术的关系。角膜大体解剖方面，给出了角膜直径、中央及周边厚度、前后表面曲率半径与屈光力等具体数据；组织学上详述了角膜上皮层、前弹力膜（Bowman膜）、基质层、后弹力层（Descemet膜）和内皮层的结构特点，并指出角膜因无血管而处于免疫赦免状态，这是角膜移植成功率高的主要原因。

检查方法部分涵盖：角膜内皮显微镜的工作原理、类型及内皮细胞密度和形态随年龄的变化；泪功能检查包括泪河观察、Schirmer试验1及基础试验、Schirmer试验2、泪膜破裂时间（BUT）和虎红染色，并说明了干眼症、Sjögren综合征、Stevens-Johnson综合征等疾病的染色特征；裂隙灯照相则系统介绍了弥散光、直接焦点、间接光、角膜缘分光及后部反光等照明方法，并附有不同角膜病变的照相参考表。

角膜移植术后并发症部分，论述了创口渗漏与缝线问题的临床表现、处理及拆线时机和技巧；角膜植片上皮持续不愈合并发溃疡穿孔的多种处理策略，如永久性睑裂缝合和再次移植；术后无前房继发青光眼的手术处理要点；以及虹膜前粘连的成因、危害和分离手术时机。

在感染复发治疗部分，文档重点介绍了非常规移植手术的应用：真菌性角膜炎移植术后复发时行异形部分穿透性角膜移植及病灶清除；角巩膜切口真菌感染采用部分中央穿透性角膜移植联合异形移植修复；棘阿米巴角膜炎移植术后复发则通过异形部分穿透性角膜移植修补，并指出因糖皮质激素可能增加棘阿米巴复发几率，术后半年内未予使用，后期再权衡应用以控制新生血管。","# Summary
该文档为《角膜手术学》一书的节选，内容涉及角膜基础解剖与生理、常用检查方法、角膜移植术后并发症处理以及感染复发时的非常规移植手术等多个方面。

在基础解剖生理部分，文档介绍了泪膜厚约7～10μm，由脂质层、水液层和黏液层三层构成，并阐述泪液动力学及其与眼表和角膜移植手术的关系。角膜大体解剖方面，给出了角膜直径、中央及周边厚度、前后表面曲率半径与屈光力等具体数据；组织学上详述了角膜上皮层、前弹力膜（Bowman膜）、基质层、后弹力层（Descemet膜）和内皮层的结构特点，并指出角膜因无血管而处于免疫赦免状态，这是角膜移植成功率高的主要原因。

检查方法部分涵盖：角膜内皮显微镜的工作原理、类型及内皮细胞密度和形态随年龄的变化；泪功能检查包括泪河观察、Schirmer试验1及基础试验、Schirmer试验2、泪膜破裂时间（BUT）和虎红染色，并说明了干眼症、Sjögren综合征、Stevens-Johnson综合征等疾病的染色特征；裂隙灯照相则系统介绍了弥散光、直接焦点、间接光、角膜缘分光及后部反光等照明方法，并附有不同角膜病变的照相参考表。

角膜移植术后并发症部分，论述了创口渗漏与缝线问题的临床表现、处理及拆线时机和技巧；角膜植片上皮持续不愈合并发溃疡穿孔的多种处理策略，如永久性睑裂缝合和再次移植；术后无前房继发青光眼的手术处理要点；以及虹膜前粘连的成因、危害和分离手术时机。

在感染复发治疗部分，文档重点介绍了非常规移植手术的应用：真菌性角膜炎移植术后复发时行异形部分穿透性角膜移植及病灶清除；角巩膜切口真菌感染采用部分中央穿透性角膜移植联合异形移植修复；棘阿米巴角膜炎移植术后复发则通过异形部分穿透性角膜移植修补，并指出因糖皮质激素可能增加棘阿米巴复发几率，术后半年内未予使用，后期再权衡应用以控制新生血管。",《角膜手术学》出版于2012年，面向角膜及眼表疾病临床医师、手术医师和相关检查、研究人员，主要用于角膜手术规范化学习与临床参考。全书共九章：先介绍泪膜和角膜的基础解剖、生理及组织学，以及角膜内皮显微镜、泪功能检查、裂隙灯照相、真菌学检查、前节OCT和共焦显微镜等检查与影像技术；继而讲解角膜手术器械、缝针缝线、显微缝合技巧、麻醉及麻醉并发症处理，并介绍眼库、供体角膜采集保存和羊膜制备。重点涵盖羊膜移植、翼状胬肉切除、角膜缘及结膜移植、结膜瓣、角结膜肿物切除、睑裂缝合、角膜裂伤缝合和深层异物取出；系统阐述穿透性、非常规穿透性、板层及非常规板层角膜移植，涉及圆锥角膜、感染性角膜溃疡、边缘性角膜变薄、蚕食性角膜溃疡等。后续介绍角膜移植联合白内障摘除及人工晶状体植入、角膜缘移植、角膜穿孔修补、严重干眼、角膜葡萄肿和睑球粘连等联合手术，以及角膜内皮移植、再次穿透性移植、特殊形态移植，贯穿适应证、术前评估、手术步骤、围术期处理、术中术后并发症及其处理。
