knowledge_id,description,summary_status,summary_chunk_id,summary_chunk_content,dimension,embedding_content
bfcaeb7c-0972-43c4-8cc9-d187a4acd654,本书为2013年出版的眼外伤临床参考书，由肖天林、吴文灿、王勤美主编，面向眼外伤医护人员及相关专业师生，汇集眼外伤临床诊断与治疗经验。全书分总论与分论：总论涵盖流行病学、定义范畴、分类分级、临床表现与诊断、治疗原则、患者特点、预后、防护、临床挑战及伤后解剖与视功能重建康复；分论系统讨论眼睑、结膜、泪小管、角膜巩膜、虹膜睫状体脉络膜、晶状体、玻璃体、视网膜及黄斑外伤，并涉及玻璃体视网膜手术、眼球穿通伤、眼内外异物、眼球破裂、前节毒性反应综合征和细菌性、真菌性外伤性眼内炎。重点关键词包括裂隙灯、B超、X线、CT、MRI、UBM、AS-OCT及黄斑OCT，外伤性白内障、晶状体脱位、玻璃体积血、视网膜脱离、硅油填充、23G/25G玻璃体切割等。,completed,bab39f27-9baa-4141-b207-29682c7386a9,"# Summary
本书为2013年出版的眼外伤临床参考书，由肖天林、吴文灿、王勤美主编，面向眼外伤医护人员及相关专业师生，汇集眼外伤临床诊断与治疗经验。全书分总论与分论：总论涵盖流行病学、定义范畴、分类分级、临床表现与诊断、治疗原则、患者特点、预后、防护、临床挑战及伤后解剖与视功能重建康复；分论系统讨论眼睑、结膜、泪小管、角膜巩膜、虹膜睫状体脉络膜、晶状体、玻璃体、视网膜及黄斑外伤，并涉及玻璃体视网膜手术、眼球穿通伤、眼内外异物、眼球破裂、前节毒性反应综合征和细菌性、真菌性外伤性眼内炎。重点关键词包括裂隙灯、B超、X线、CT、MRI、UBM、AS-OCT及黄斑OCT，外伤性白内障、晶状体脱位、玻璃体积血、视网膜脱离、硅油填充、23G/25G玻璃体切割等。",3072,"# Summary
本书为2013年出版的眼外伤临床参考书，由肖天林、吴文灿、王勤美主编，面向眼外伤医护人员及相关专业师生，汇集眼外伤临床诊断与治疗经验。全书分总论与分论：总论涵盖流行病学、定义范畴、分类分级、临床表现与诊断、治疗原则、患者特点、预后、防护、临床挑战及伤后解剖与视功能重建康复；分论系统讨论眼睑、结膜、泪小管、角膜巩膜、虹膜睫状体脉络膜、晶状体、玻璃体、视网膜及黄斑外伤，并涉及玻璃体视网膜手术、眼球穿通伤、眼内外异物、眼球破裂、前节毒性反应综合征和细菌性、真菌性外伤性眼内炎。重点关键词包括裂隙灯、B超、X线、CT、MRI、UBM、AS-OCT及黄斑OCT，外伤性白内障、晶状体脱位、玻璃体积血、视网膜脱离、硅油填充、23G/25G玻璃体切割等。"
aa450a6a-9fbd-4c29-83ae-127972482ba6,本书由贾金辰主编，2013年出版，是总结眼外伤手术经验、适应证、操作方法、术中处理与临床思考的专著，适合各级眼科医师、研究生及进修医师。全书围绕眼外伤分类、病史采集、临床检查、辅助检查及治疗原则展开，系统涉及眼睑、泪器、结膜及眼外肌、角巩膜、虹膜睫状体、前房积血、外伤性青光眼、晶状体、玻璃体视网膜、感染性眼内炎、眼内异物、眶内异物、眼眶骨折、眼球脱位、爆炸伤、化学烧伤与睑球粘连，以及义眼台植入等十八章。重点包括角膜和巩膜裂伤缝合、泪小管吻合、皮瓣与植皮重建、虹膜根部离断修复、前房穿刺及冲洗、抗青光眼手术、白内障摘除与人工晶状体植入、玻璃体切除、视网膜剥膜、硅油及膨胀气体应用、眼内异物定位与取出、眶骨折修复和计算机导航。书中还涉及X线、CT、超声、UBM、MRI等影像检查及眼内炎微生物学检查，突出显微缝合、联合手术和复杂伤情处理技巧。,completed,be131cfc-6d90-4d20-9103-6cdd22687d78,"# Summary
本书由贾金辰主编，2013年出版，是总结眼外伤手术经验、适应证、操作方法、术中处理与临床思考的专著，适合各级眼科医师、研究生及进修医师。全书围绕眼外伤分类、病史采集、临床检查、辅助检查及治疗原则展开，系统涉及眼睑、泪器、结膜及眼外肌、角巩膜、虹膜睫状体、前房积血、外伤性青光眼、晶状体、玻璃体视网膜、感染性眼内炎、眼内异物、眶内异物、眼眶骨折、眼球脱位、爆炸伤、化学烧伤与睑球粘连，以及义眼台植入等十八章。重点包括角膜和巩膜裂伤缝合、泪小管吻合、皮瓣与植皮重建、虹膜根部离断修复、前房穿刺及冲洗、抗青光眼手术、白内障摘除与人工晶状体植入、玻璃体切除、视网膜剥膜、硅油及膨胀气体应用、眼内异物定位与取出、眶骨折修复和计算机导航。书中还涉及X线、CT、超声、UBM、MRI等影像检查及眼内炎微生物学检查，突出显微缝合、联合手术和复杂伤情处理技巧。",3072,"# Summary
本书由贾金辰主编，2013年出版，是总结眼外伤手术经验、适应证、操作方法、术中处理与临床思考的专著，适合各级眼科医师、研究生及进修医师。全书围绕眼外伤分类、病史采集、临床检查、辅助检查及治疗原则展开，系统涉及眼睑、泪器、结膜及眼外肌、角巩膜、虹膜睫状体、前房积血、外伤性青光眼、晶状体、玻璃体视网膜、感染性眼内炎、眼内异物、眶内异物、眼眶骨折、眼球脱位、爆炸伤、化学烧伤与睑球粘连，以及义眼台植入等十八章。重点包括角膜和巩膜裂伤缝合、泪小管吻合、皮瓣与植皮重建、虹膜根部离断修复、前房穿刺及冲洗、抗青光眼手术、白内障摘除与人工晶状体植入、玻璃体切除、视网膜剥膜、硅油及膨胀气体应用、眼内异物定位与取出、眶骨折修复和计算机导航。书中还涉及X线、CT、超声、UBM、MRI等影像检查及眼内炎微生物学检查，突出显微缝合、联合手术和复杂伤情处理技巧。"
aa18bc40-1215-4b41-abcf-f26bb8cd5ac7,本书出版于2014年，是面向眼科、神经内科、神经外科及全科医师的神经眼科临床速查与诊断参考书，强调按解剖定位、症状体征和提纲化要点快速识别疾病。全书涵盖视野及视路定位、核上性和核间性凝视通路、眼球震颤、展神经、动眼神经和滑车神经麻痹、海绵窦综合征、瞳孔异常、视盘水肿与视神经萎缩、重症肌无力和眼肌病，以及三叉神经、面神经、眼睑、头痛、颈动脉疾病、非器质性视觉障碍、高级视觉功能障碍、神经皮肤病和神经影像。内容涉及面对面、动态、静态及Humphrey自动视野检查，Amsler方格、RAPD、OKN、黄斑回避、同向偏盲定位，以及中心暗点、弧形暗点、鼻侧阶梯、视盘水肿、青光眼、视网膜色素变性、视神经炎、垂体腺瘤、脑膜瘤、脑卒中等重要关键词，并结合病例练习强化临床思维和视路病变定位。,completed,9d6944a2-d3ab-471d-b1d9-a80f8ff76399,"# Summary
本书出版于2014年，是面向眼科、神经内科、神经外科及全科医师的神经眼科临床速查与诊断参考书，强调按解剖定位、症状体征和提纲化要点快速识别疾病。全书涵盖视野及视路定位、核上性和核间性凝视通路、眼球震颤、展神经、动眼神经和滑车神经麻痹、海绵窦综合征、瞳孔异常、视盘水肿与视神经萎缩、重症肌无力和眼肌病，以及三叉神经、面神经、眼睑、头痛、颈动脉疾病、非器质性视觉障碍、高级视觉功能障碍、神经皮肤病和神经影像。内容涉及面对面、动态、静态及Humphrey自动视野检查，Amsler方格、RAPD、OKN、黄斑回避、同向偏盲定位，以及中心暗点、弧形暗点、鼻侧阶梯、视盘水肿、青光眼、视网膜色素变性、视神经炎、垂体腺瘤、脑膜瘤、脑卒中等重要关键词，并结合病例练习强化临床思维和视路病变定位。",3072,"# Summary
本书出版于2014年，是面向眼科、神经内科、神经外科及全科医师的神经眼科临床速查与诊断参考书，强调按解剖定位、症状体征和提纲化要点快速识别疾病。全书涵盖视野及视路定位、核上性和核间性凝视通路、眼球震颤、展神经、动眼神经和滑车神经麻痹、海绵窦综合征、瞳孔异常、视盘水肿与视神经萎缩、重症肌无力和眼肌病，以及三叉神经、面神经、眼睑、头痛、颈动脉疾病、非器质性视觉障碍、高级视觉功能障碍、神经皮肤病和神经影像。内容涉及面对面、动态、静态及Humphrey自动视野检查，Amsler方格、RAPD、OKN、黄斑回避、同向偏盲定位，以及中心暗点、弧形暗点、鼻侧阶梯、视盘水肿、青光眼、视网膜色素变性、视神经炎、垂体腺瘤、脑膜瘤、脑卒中等重要关键词，并结合病例练习强化临床思维和视路病变定位。"
30a57c80-643e-4819-8135-b8279181e6c2,本书出版于2014年，是面向眼科医师的糖尿病视网膜病变临床决策与治疗实践指南，依据循证医学和随机临床试验，覆盖疾病早期至威胁视力的晚期阶段。内容围绕流行病学、危险因素与病理生理学展开，进一步讨论非增殖性糖尿病视网膜病变（NPDR）、糖尿病黄斑水肿（DME）、增殖性糖尿病视网膜病变（PDR）及晚期PDR。书中系统介绍筛查、分级、随访和治疗算法，涉及远程医疗、眼底摄影、荧光素血管造影（FA）、超声、光学相干断层扫描（OCT）、自适应光学扫描激光检眼镜、多焦视网膜电图及微视野检查；治疗涵盖血糖、血压和血脂控制、激光光凝、玻璃体腔内抗VEGF药物与糖皮质激素、全视网膜光凝，以及复杂病例的 pars plana 玻璃体切除术、膜剥除、内窥镜光凝、硅油填充和黏弹性分离，并特别关注新生血管性青光眼、牵拉性视网膜脱离和黄斑缺血。,completed,69959258-e828-492a-816a-35411a9e8517,"# Summary
本书出版于2014年，是面向眼科医师的糖尿病视网膜病变临床决策与治疗实践指南，依据循证医学和随机临床试验，覆盖疾病早期至威胁视力的晚期阶段。内容围绕流行病学、危险因素与病理生理学展开，进一步讨论非增殖性糖尿病视网膜病变（NPDR）、糖尿病黄斑水肿（DME）、增殖性糖尿病视网膜病变（PDR）及晚期PDR。书中系统介绍筛查、分级、随访和治疗算法，涉及远程医疗、眼底摄影、荧光素血管造影（FA）、超声、光学相干断层扫描（OCT）、自适应光学扫描激光检眼镜、多焦视网膜电图及微视野检查；治疗涵盖血糖、血压和血脂控制、激光光凝、玻璃体腔内抗VEGF药物与糖皮质激素、全视网膜光凝，以及复杂病例的 pars plana 玻璃体切除术、膜剥除、内窥镜光凝、硅油填充和黏弹性分离，并特别关注新生血管性青光眼、牵拉性视网膜脱离和黄斑缺血。",3072,"# Summary
本书出版于2014年，是面向眼科医师的糖尿病视网膜病变临床决策与治疗实践指南，依据循证医学和随机临床试验，覆盖疾病早期至威胁视力的晚期阶段。内容围绕流行病学、危险因素与病理生理学展开，进一步讨论非增殖性糖尿病视网膜病变（NPDR）、糖尿病黄斑水肿（DME）、增殖性糖尿病视网膜病变（PDR）及晚期PDR。书中系统介绍筛查、分级、随访和治疗算法，涉及远程医疗、眼底摄影、荧光素血管造影（FA）、超声、光学相干断层扫描（OCT）、自适应光学扫描激光检眼镜、多焦视网膜电图及微视野检查；治疗涵盖血糖、血压和血脂控制、激光光凝、玻璃体腔内抗VEGF药物与糖皮质激素、全视网膜光凝，以及复杂病例的 pars plana 玻璃体切除术、膜剥除、内窥镜光凝、硅油填充和黏弹性分离，并特别关注新生血管性青光眼、牵拉性视网膜脱离和黄斑缺血。"
1f3c5e03-bdbb-408d-97d3-aa4f1c0210f6,本书出版于2014年，是黎晓新、王景昭主编的眼科玻璃体视网膜手术高级参考书，面向眼底病及玻璃体视网膜手术临床医师、研究者和相关专业学习者。全书从手术发展史、视网膜与玻璃体的解剖生理、胚胎学、生化及病理生理入手，介绍手术器械、广角显像系统、眼内灌注液、膨胀性气体、全氟化碳液体、硅油和重硅油等玻璃体腔替代物，并系统讲述术前检查、荧光素及吲哚青绿血管造影、OCT、视觉电生理、超声、CT/MRI、激光治疗和麻醉管理。重点围绕孔源性、牵拉性、渗出性、外伤性及术后视网膜脱离，涵盖巩膜扣带术、晶状体切割、常规及微切口玻璃体切除、眼内光凝、膜剥除、视网膜切开、气液交换和硅油填充等技术；并涉及PVR、糖尿病视网膜病变、黄斑裂孔与黄斑前膜、视网膜血管炎、眼内炎、葡萄膜炎、儿童眼底病、视网膜血管增生性肿瘤、视网膜母细胞瘤、前后节联合手术、眼内镜、诊断性玻璃体切除及经玻璃体给药。,completed,5f354156-f971-428e-82f4-32e314e33958,"# Summary
本书出版于2014年，是黎晓新、王景昭主编的眼科玻璃体视网膜手术高级参考书，面向眼底病及玻璃体视网膜手术临床医师、研究者和相关专业学习者。全书从手术发展史、视网膜与玻璃体的解剖生理、胚胎学、生化及病理生理入手，介绍手术器械、广角显像系统、眼内灌注液、膨胀性气体、全氟化碳液体、硅油和重硅油等玻璃体腔替代物，并系统讲述术前检查、荧光素及吲哚青绿血管造影、OCT、视觉电生理、超声、CT/MRI、激光治疗和麻醉管理。重点围绕孔源性、牵拉性、渗出性、外伤性及术后视网膜脱离，涵盖巩膜扣带术、晶状体切割、常规及微切口玻璃体切除、眼内光凝、膜剥除、视网膜切开、气液交换和硅油填充等技术；并涉及PVR、糖尿病视网膜病变、黄斑裂孔与黄斑前膜、视网膜血管炎、眼内炎、葡萄膜炎、儿童眼底病、视网膜血管增生性肿瘤、视网膜母细胞瘤、前后节联合手术、眼内镜、诊断性玻璃体切除及经玻璃体给药。",3072,"# Summary
本书出版于2014年，是黎晓新、王景昭主编的眼科玻璃体视网膜手术高级参考书，面向眼底病及玻璃体视网膜手术临床医师、研究者和相关专业学习者。全书从手术发展史、视网膜与玻璃体的解剖生理、胚胎学、生化及病理生理入手，介绍手术器械、广角显像系统、眼内灌注液、膨胀性气体、全氟化碳液体、硅油和重硅油等玻璃体腔替代物，并系统讲述术前检查、荧光素及吲哚青绿血管造影、OCT、视觉电生理、超声、CT/MRI、激光治疗和麻醉管理。重点围绕孔源性、牵拉性、渗出性、外伤性及术后视网膜脱离，涵盖巩膜扣带术、晶状体切割、常规及微切口玻璃体切除、眼内光凝、膜剥除、视网膜切开、气液交换和硅油填充等技术；并涉及PVR、糖尿病视网膜病变、黄斑裂孔与黄斑前膜、视网膜血管炎、眼内炎、葡萄膜炎、儿童眼底病、视网膜血管增生性肿瘤、视网膜母细胞瘤、前后节联合手术、眼内镜、诊断性玻璃体切除及经玻璃体给药。"
37b5d83a-b69c-4d5e-9fa7-bc7c91a842ac,本书出版于2017年，是2011年出版的全国高等学校眼视光学专业规划教材，面向眼视光学专业学生及临床眼视光医师，是连接基础理论与临床实践、训练规范化检查和诊疗思维的核心课程教材。全书以“全面、全程眼睛保健医疗”为主线，涵盖临床概述、病史采集与问题分析、视力及视力表、眼部健康检查、屈光与屈光不正、客观和主觉验光、调节与双眼视功能、老视、视野、色觉、立体视觉、瞳孔及特殊视觉功能、眼球像差等内容，并以病例分析讨论儿童近视、低度屈光不正、远视、散光、屈光参差、老视和高度近视。重点涉及裂隙灯、角膜曲率和角膜地形图、前房角镜、UBM、Goldmann压平眼压计、检眼镜、检影验光、电脑验光、综合验光仪及波前像差检查，同时介绍框架眼镜、接触镜和老视手术等矫正处理。,completed,641d7597-98cd-40bd-9606-a7e76a5818e2,"# Summary
本书出版于2017年，是2011年出版的全国高等学校眼视光学专业规划教材，面向眼视光学专业学生及临床眼视光医师，是连接基础理论与临床实践、训练规范化检查和诊疗思维的核心课程教材。全书以“全面、全程眼睛保健医疗”为主线，涵盖临床概述、病史采集与问题分析、视力及视力表、眼部健康检查、屈光与屈光不正、客观和主觉验光、调节与双眼视功能、老视、视野、色觉、立体视觉、瞳孔及特殊视觉功能、眼球像差等内容，并以病例分析讨论儿童近视、低度屈光不正、远视、散光、屈光参差、老视和高度近视。重点涉及裂隙灯、角膜曲率和角膜地形图、前房角镜、UBM、Goldmann压平眼压计、检眼镜、检影验光、电脑验光、综合验光仪及波前像差检查，同时介绍框架眼镜、接触镜和老视手术等矫正处理。",3072,"# Summary
本书出版于2017年，是2011年出版的全国高等学校眼视光学专业规划教材，面向眼视光学专业学生及临床眼视光医师，是连接基础理论与临床实践、训练规范化检查和诊疗思维的核心课程教材。全书以“全面、全程眼睛保健医疗”为主线，涵盖临床概述、病史采集与问题分析、视力及视力表、眼部健康检查、屈光与屈光不正、客观和主觉验光、调节与双眼视功能、老视、视野、色觉、立体视觉、瞳孔及特殊视觉功能、眼球像差等内容，并以病例分析讨论儿童近视、低度屈光不正、远视、散光、屈光参差、老视和高度近视。重点涉及裂隙灯、角膜曲率和角膜地形图、前房角镜、UBM、Goldmann压平眼压计、检眼镜、检影验光、电脑验光、综合验光仪及波前像差检查，同时介绍框架眼镜、接触镜和老视手术等矫正处理。"
e3aa3736-e297-47cd-804a-87789c5cca51,本书2014年出版，定位为基于高度原理的角膜地形图与Scheimpflug断层成像教材，适合眼科医师、视光医师及从事角膜、屈光和眼前节手术的临床与科研人员。全书系统介绍角膜地形图、角膜曲率计、角膜镜、Placido盘、摄像角膜地形图及Pentacam的发展，阐释高度数据、拟合参考面、角膜厚度和正常值的显示与解读，并讲解筛查设置、Belin/Ambrósio增强型早期圆锥筛查、角膜扩张和圆锥角膜检测。内容覆盖非对称性圆锥角膜、LASIK术后角膜扩张、角膜厚度评估、Scheimpflug影像临床应用、人工晶状体屈光力计算、原发性闭角型青光眼、高端人工晶状体手术角膜光学质量及Pentacam在白内障中的应用，涉及散光、角膜屈光力、前后表面高度图、前房参数、角膜像差、晶状体密度、白内障超声乳化、屈光手术术前筛查与术后评估等关键词。,completed,6f31a611-1ce9-4988-a321-6773fc5fd105,"# Summary
本书2014年出版，定位为基于高度原理的角膜地形图与Scheimpflug断层成像教材，适合眼科医师、视光医师及从事角膜、屈光和眼前节手术的临床与科研人员。全书系统介绍角膜地形图、角膜曲率计、角膜镜、Placido盘、摄像角膜地形图及Pentacam的发展，阐释高度数据、拟合参考面、角膜厚度和正常值的显示与解读，并讲解筛查设置、Belin/Ambrósio增强型早期圆锥筛查、角膜扩张和圆锥角膜检测。内容覆盖非对称性圆锥角膜、LASIK术后角膜扩张、角膜厚度评估、Scheimpflug影像临床应用、人工晶状体屈光力计算、原发性闭角型青光眼、高端人工晶状体手术角膜光学质量及Pentacam在白内障中的应用，涉及散光、角膜屈光力、前后表面高度图、前房参数、角膜像差、晶状体密度、白内障超声乳化、屈光手术术前筛查与术后评估等关键词。",3072,"# Summary
本书2014年出版，定位为基于高度原理的角膜地形图与Scheimpflug断层成像教材，适合眼科医师、视光医师及从事角膜、屈光和眼前节手术的临床与科研人员。全书系统介绍角膜地形图、角膜曲率计、角膜镜、Placido盘、摄像角膜地形图及Pentacam的发展，阐释高度数据、拟合参考面、角膜厚度和正常值的显示与解读，并讲解筛查设置、Belin/Ambrósio增强型早期圆锥筛查、角膜扩张和圆锥角膜检测。内容覆盖非对称性圆锥角膜、LASIK术后角膜扩张、角膜厚度评估、Scheimpflug影像临床应用、人工晶状体屈光力计算、原发性闭角型青光眼、高端人工晶状体手术角膜光学质量及Pentacam在白内障中的应用，涉及散光、角膜屈光力、前后表面高度图、前房参数、角膜像差、晶状体密度、白内障超声乳化、屈光手术术前筛查与术后评估等关键词。"
9291bd82-f86c-4972-b077-b74fa88ede46,本书出版于2025年。本书出版于2016年，系统总结结膜松弛症及相关眼表疾病研究，定位于眼科及相关专业医护人员学习、临床诊疗与科研参考。全书涵盖结膜、泪液、泪道和眼睑的解剖生理及疾病进展，结膜松弛症流行病学、发病机制、基质金属蛋白酶、炎性因子、氧化应激与免疫反应研究，临床表现、诊断、鉴别诊断及分级标准。重点介绍泪液功能检查、泪膜破裂时间、结膜印迹细胞学、结膜活体检查、OCT及99mTc-SPECT动态显像等检查与影像技术，并论述药物治疗、中医药治疗及护理。手术部分涉及结膜新月形切除、双极电凝、结膜缝线固定、下睑缘高张力减弱、半月皱襞切除、羊膜移植、角膜缘结膜梯形切除、定量定位切除及纤维蛋白胶应用，附上海市诊断治疗规范及相关文献目录。,completed,d1327017-24d9-4be7-8e24-cb87260ce4b9,"# Summary
本书出版于2025年。本书出版于2016年，系统总结结膜松弛症及相关眼表疾病研究，定位于眼科及相关专业医护人员学习、临床诊疗与科研参考。全书涵盖结膜、泪液、泪道和眼睑的解剖生理及疾病进展，结膜松弛症流行病学、发病机制、基质金属蛋白酶、炎性因子、氧化应激与免疫反应研究，临床表现、诊断、鉴别诊断及分级标准。重点介绍泪液功能检查、泪膜破裂时间、结膜印迹细胞学、结膜活体检查、OCT及99mTc-SPECT动态显像等检查与影像技术，并论述药物治疗、中医药治疗及护理。手术部分涉及结膜新月形切除、双极电凝、结膜缝线固定、下睑缘高张力减弱、半月皱襞切除、羊膜移植、角膜缘结膜梯形切除、定量定位切除及纤维蛋白胶应用，附上海市诊断治疗规范及相关文献目录。",3072,"# Summary
本书出版于2025年。本书出版于2016年，系统总结结膜松弛症及相关眼表疾病研究，定位于眼科及相关专业医护人员学习、临床诊疗与科研参考。全书涵盖结膜、泪液、泪道和眼睑的解剖生理及疾病进展，结膜松弛症流行病学、发病机制、基质金属蛋白酶、炎性因子、氧化应激与免疫反应研究，临床表现、诊断、鉴别诊断及分级标准。重点介绍泪液功能检查、泪膜破裂时间、结膜印迹细胞学、结膜活体检查、OCT及99mTc-SPECT动态显像等检查与影像技术，并论述药物治疗、中医药治疗及护理。手术部分涉及结膜新月形切除、双极电凝、结膜缝线固定、下睑缘高张力减弱、半月皱襞切除、羊膜移植、角膜缘结膜梯形切除、定量定位切除及纤维蛋白胶应用，附上海市诊断治疗规范及相关文献目录。"
5a45d1d8-694f-40b9-b197-308ff204fafb,本书为2014年出版的儿童白内障专著，主要面向临床眼科医师、研究生，也可供相关医学专业医师参考。全书围绕儿童白内障的诊疗展开：先介绍儿童眼球解剖、生长发育及神经视觉发育，继而讨论先天性白内障的遗传学、病因、发病机制、遗传方式、晶状体蛋白与相关基因，以及家系调查、突变研究、基因定位、外显子测序和遗传咨询。检查部分涵盖全麻检查、儿童视力、检影验光、裂隙灯、眼压、前房角、眼球生物测量、眼部B超及UBM。重点讲解人工晶状体度数计算与选择、术后屈光矫正、无晶状体眼处理、弱视训练和长期随访；系统阐述先天性白内障的分类、形态、手术时机与适应证、超声乳化、IOL植入、后囊膜连续环形撕囊（PCCC）、前段玻璃体切除、围术期抗炎抗感染及并发症处理，包括后囊膜混浊、继发膜、IOL移位、青光眼、视网膜脱离和黄斑囊样水肿。末章介绍儿童外伤性白内障的病因、分类、检查与治疗。,completed,1fd4f221-2107-45ed-9eb5-3baea0e45c92,"# Summary
本书为2014年出版的儿童白内障专著，主要面向临床眼科医师、研究生，也可供相关医学专业医师参考。全书围绕儿童白内障的诊疗展开：先介绍儿童眼球解剖、生长发育及神经视觉发育，继而讨论先天性白内障的遗传学、病因、发病机制、遗传方式、晶状体蛋白与相关基因，以及家系调查、突变研究、基因定位、外显子测序和遗传咨询。检查部分涵盖全麻检查、儿童视力、检影验光、裂隙灯、眼压、前房角、眼球生物测量、眼部B超及UBM。重点讲解人工晶状体度数计算与选择、术后屈光矫正、无晶状体眼处理、弱视训练和长期随访；系统阐述先天性白内障的分类、形态、手术时机与适应证、超声乳化、IOL植入、后囊膜连续环形撕囊（PCCC）、前段玻璃体切除、围术期抗炎抗感染及并发症处理，包括后囊膜混浊、继发膜、IOL移位、青光眼、视网膜脱离和黄斑囊样水肿。末章介绍儿童外伤性白内障的病因、分类、检查与治疗。",3072,"# Summary
本书为2014年出版的儿童白内障专著，主要面向临床眼科医师、研究生，也可供相关医学专业医师参考。全书围绕儿童白内障的诊疗展开：先介绍儿童眼球解剖、生长发育及神经视觉发育，继而讨论先天性白内障的遗传学、病因、发病机制、遗传方式、晶状体蛋白与相关基因，以及家系调查、突变研究、基因定位、外显子测序和遗传咨询。检查部分涵盖全麻检查、儿童视力、检影验光、裂隙灯、眼压、前房角、眼球生物测量、眼部B超及UBM。重点讲解人工晶状体度数计算与选择、术后屈光矫正、无晶状体眼处理、弱视训练和长期随访；系统阐述先天性白内障的分类、形态、手术时机与适应证、超声乳化、IOL植入、后囊膜连续环形撕囊（PCCC）、前段玻璃体切除、围术期抗炎抗感染及并发症处理，包括后囊膜混浊、继发膜、IOL移位、青光眼、视网膜脱离和黄斑囊样水肿。末章介绍儿童外伤性白内障的病因、分类、检查与治疗。"
de0ce752-7f23-49f9-b602-7b369f0f6e89,本书出版于2009年，是法国眼科学会年度报告，面向眼科医师、视网膜专科医师及需要掌握AMD影像诊断与随访的临床人员。全书围绕OCT在年龄相关性黄斑变性中的应用展开：先介绍时域OCT、频域/谱域OCT及OCT/SLO的原理、检查技术、三维成像、图像分割、脉络膜与外层视网膜显示、微视野检查和主要设备；继而讲解正常黄斑及视网膜色素上皮（RPE）的OCT判读，并与眼底照相、荧光素血管造影、吲哚菁绿血管造影和自发荧光对照。正文结合大量病例分析AMD的临床表现、自然史和治疗后随访，涵盖玻璃膜疣、浆液性及纤维血管性色素上皮脱离、视网膜下液、囊样黄斑水肿、出血、地图样萎缩、干性AMD，以及经典、隐匿性和混合型脉络膜新生血管、视网膜脉络膜吻合和息肉样脉络膜血管病变。书中还讨论激光光凝、光动力疗法、抗血管生成治疗、联合治疗及注射后OCT监测、复发判断和再治疗标准，并总结OCT在渗出、瘢痕、纤维化、萎缩和光感受器损伤评估中的价值与局限。,completed,dc139f0c-0d00-42dc-ae31-6e67831d845a,"# Summary
本书出版于2009年，是法国眼科学会年度报告，面向眼科医师、视网膜专科医师及需要掌握AMD影像诊断与随访的临床人员。全书围绕OCT在年龄相关性黄斑变性中的应用展开：先介绍时域OCT、频域/谱域OCT及OCT/SLO的原理、检查技术、三维成像、图像分割、脉络膜与外层视网膜显示、微视野检查和主要设备；继而讲解正常黄斑及视网膜色素上皮（RPE）的OCT判读，并与眼底照相、荧光素血管造影、吲哚菁绿血管造影和自发荧光对照。正文结合大量病例分析AMD的临床表现、自然史和治疗后随访，涵盖玻璃膜疣、浆液性及纤维血管性色素上皮脱离、视网膜下液、囊样黄斑水肿、出血、地图样萎缩、干性AMD，以及经典、隐匿性和混合型脉络膜新生血管、视网膜脉络膜吻合和息肉样脉络膜血管病变。书中还讨论激光光凝、光动力疗法、抗血管生成治疗、联合治疗及注射后OCT监测、复发判断和再治疗标准，并总结OCT在渗出、瘢痕、纤维化、萎缩和光感受器损伤评估中的价值与局限。",3072,"# Summary
本书出版于2009年，是法国眼科学会年度报告，面向眼科医师、视网膜专科医师及需要掌握AMD影像诊断与随访的临床人员。全书围绕OCT在年龄相关性黄斑变性中的应用展开：先介绍时域OCT、频域/谱域OCT及OCT/SLO的原理、检查技术、三维成像、图像分割、脉络膜与外层视网膜显示、微视野检查和主要设备；继而讲解正常黄斑及视网膜色素上皮（RPE）的OCT判读，并与眼底照相、荧光素血管造影、吲哚菁绿血管造影和自发荧光对照。正文结合大量病例分析AMD的临床表现、自然史和治疗后随访，涵盖玻璃膜疣、浆液性及纤维血管性色素上皮脱离、视网膜下液、囊样黄斑水肿、出血、地图样萎缩、干性AMD，以及经典、隐匿性和混合型脉络膜新生血管、视网膜脉络膜吻合和息肉样脉络膜血管病变。书中还讨论激光光凝、光动力疗法、抗血管生成治疗、联合治疗及注射后OCT监测、复发判断和再治疗标准，并总结OCT在渗出、瘢痕、纤维化、萎缩和光感受器损伤评估中的价值与局限。"
afafa41a-6531-4b8b-a980-53b3771243b9,本书出版于2005年。本书出版于2017年，定位为面向眼科、神经内科、神经外科、耳鼻喉科及影像科医师，尤其适合神经眼科专业学习和临床疑难病例鉴别诊断的图解参考书。全书按目录介绍先天性视盘异常、相关眼底疾病、青光眼及非青光眼性视神经病变、视神经炎、缺血性、压迫性或浸润性、遗传性、外伤性、放射性、中毒与营养不良性视神经病变，以及视乳头水肿、视交叉和海绵窦疾病、视路病变、眼球运动障碍、眼位偏斜和瞳孔异常。涉及视神经发育不全、视盘凹陷、玻璃疣、黄斑病变、视网膜及眼动脉阻塞、Leber病、视神经胶质瘤、脑膜瘤、垂体瘤、海绵窦肿瘤、动眼/展/滑车神经麻痹、Horner综合征等。内容结合典型病例和高清图片，涵盖眼底、视野、色觉、瞳孔、OCT、B超、CT、MRI、FFA及AQP-4抗体等检查与影像技术，并涉及糖皮质激素治疗及临床鉴别思路。,completed,4a2b4bff-f1f4-4086-b6c1-69eb2f22e210,"# Summary
本书出版于2005年。本书出版于2017年，定位为面向眼科、神经内科、神经外科、耳鼻喉科及影像科医师，尤其适合神经眼科专业学习和临床疑难病例鉴别诊断的图解参考书。全书按目录介绍先天性视盘异常、相关眼底疾病、青光眼及非青光眼性视神经病变、视神经炎、缺血性、压迫性或浸润性、遗传性、外伤性、放射性、中毒与营养不良性视神经病变，以及视乳头水肿、视交叉和海绵窦疾病、视路病变、眼球运动障碍、眼位偏斜和瞳孔异常。涉及视神经发育不全、视盘凹陷、玻璃疣、黄斑病变、视网膜及眼动脉阻塞、Leber病、视神经胶质瘤、脑膜瘤、垂体瘤、海绵窦肿瘤、动眼/展/滑车神经麻痹、Horner综合征等。内容结合典型病例和高清图片，涵盖眼底、视野、色觉、瞳孔、OCT、B超、CT、MRI、FFA及AQP-4抗体等检查与影像技术，并涉及糖皮质激素治疗及临床鉴别思路。",3072,"# Summary
本书出版于2005年。本书出版于2017年，定位为面向眼科、神经内科、神经外科、耳鼻喉科及影像科医师，尤其适合神经眼科专业学习和临床疑难病例鉴别诊断的图解参考书。全书按目录介绍先天性视盘异常、相关眼底疾病、青光眼及非青光眼性视神经病变、视神经炎、缺血性、压迫性或浸润性、遗传性、外伤性、放射性、中毒与营养不良性视神经病变，以及视乳头水肿、视交叉和海绵窦疾病、视路病变、眼球运动障碍、眼位偏斜和瞳孔异常。涉及视神经发育不全、视盘凹陷、玻璃疣、黄斑病变、视网膜及眼动脉阻塞、Leber病、视神经胶质瘤、脑膜瘤、垂体瘤、海绵窦肿瘤、动眼/展/滑车神经麻痹、Horner综合征等。内容结合典型病例和高清图片，涵盖眼底、视野、色觉、瞳孔、OCT、B超、CT、MRI、FFA及AQP-4抗体等检查与影像技术，并涉及糖皮质激素治疗及临床鉴别思路。"
bb8b2f12-3dd6-47db-b01e-58fd25a785f4,本书出版于2016年，系北京同仁医院眼外伤科临床经验总结，面向各级眼科临床医师，强调眼外伤手术适应证、操作方法、术后处理及并发症防治。全书从眼外伤急诊处理与手术原则入手，系统涵盖眼睑、泪小管、结膜、角膜及巩膜裂伤修复，角膜移植、羊膜移植和角膜干细胞移植，虹膜睫状体损伤、外伤性青光眼、白内障、晶状体脱位及人工晶状体植入；重点介绍玻璃体切除、儿童玻璃体手术、晶状体—玻璃体联合手术、外伤性视网膜脱离、硅油填充及取出、眼内异物影像定位与摘出、感染性眼内炎处理，以及显微眼内镜、眼眶骨折整复、眶内异物摘出、视神经管减压和外伤后眼部整形。涉及视力、眼压、裂隙灯、眼底、X线、CT、MRI、B超、UBM、彩色多普勒超声等检查，并收录微创玻璃体手术、角膜内皮移植、无缝线巩膜固定人工晶状体、内镜经鼻视神经管减压等技术。,completed,dfc20d52-1082-481c-8cb3-1ce7025e0e44,"# Summary
本书出版于2016年，系北京同仁医院眼外伤科临床经验总结，面向各级眼科临床医师，强调眼外伤手术适应证、操作方法、术后处理及并发症防治。全书从眼外伤急诊处理与手术原则入手，系统涵盖眼睑、泪小管、结膜、角膜及巩膜裂伤修复，角膜移植、羊膜移植和角膜干细胞移植，虹膜睫状体损伤、外伤性青光眼、白内障、晶状体脱位及人工晶状体植入；重点介绍玻璃体切除、儿童玻璃体手术、晶状体—玻璃体联合手术、外伤性视网膜脱离、硅油填充及取出、眼内异物影像定位与摘出、感染性眼内炎处理，以及显微眼内镜、眼眶骨折整复、眶内异物摘出、视神经管减压和外伤后眼部整形。涉及视力、眼压、裂隙灯、眼底、X线、CT、MRI、B超、UBM、彩色多普勒超声等检查，并收录微创玻璃体手术、角膜内皮移植、无缝线巩膜固定人工晶状体、内镜经鼻视神经管减压等技术。",3072,"# Summary
本书出版于2016年，系北京同仁医院眼外伤科临床经验总结，面向各级眼科临床医师，强调眼外伤手术适应证、操作方法、术后处理及并发症防治。全书从眼外伤急诊处理与手术原则入手，系统涵盖眼睑、泪小管、结膜、角膜及巩膜裂伤修复，角膜移植、羊膜移植和角膜干细胞移植，虹膜睫状体损伤、外伤性青光眼、白内障、晶状体脱位及人工晶状体植入；重点介绍玻璃体切除、儿童玻璃体手术、晶状体—玻璃体联合手术、外伤性视网膜脱离、硅油填充及取出、眼内异物影像定位与摘出、感染性眼内炎处理，以及显微眼内镜、眼眶骨折整复、眶内异物摘出、视神经管减压和外伤后眼部整形。涉及视力、眼压、裂隙灯、眼底、X线、CT、MRI、B超、UBM、彩色多普勒超声等检查，并收录微创玻璃体手术、角膜内皮移植、无缝线巩膜固定人工晶状体、内镜经鼻视神经管减压等技术。"
9a46e1f7-5d2b-410c-8080-72332fa5fc9b,2016年出版，面向神经科临床医师、医学生及相关护理和精神卫生人员，强调实用性、系统性与诊疗技术更新。本书共23章，涵盖神经系统常见症状与定位思维、体格检查、神经系统检查及其他检查；脑血管病、脑积水、癫痫、蝶鞍区病变、痴呆、头痛、神经系统感染、脱髓鞘病、脊髓病、神经肌肉接头与肌肉病、周围神经病及运动障碍；并包括颅内压增高、脑疝、颅脑损伤护理，精神障碍诊疗、药物与心理治疗、预防康复、癌症心理社会干预及急诊内科疾病。重点涉及脑梗死、脑出血、蛛网膜下腔出血、颅内动脉瘤、脑动静脉畸形、重症肌无力、吉兰-巴雷综合征、帕金森病等，涉及脑电图、经颅多普勒、体感诱发电位、脑缺血外科治疗、神经外科血管内治疗及癫痫外科治疗等关键词。,completed,4b114be3-ee0a-433d-b2bc-b5bb39068f60,"# Summary
2016年出版，面向神经科临床医师、医学生及相关护理和精神卫生人员，强调实用性、系统性与诊疗技术更新。本书共23章，涵盖神经系统常见症状与定位思维、体格检查、神经系统检查及其他检查；脑血管病、脑积水、癫痫、蝶鞍区病变、痴呆、头痛、神经系统感染、脱髓鞘病、脊髓病、神经肌肉接头与肌肉病、周围神经病及运动障碍；并包括颅内压增高、脑疝、颅脑损伤护理，精神障碍诊疗、药物与心理治疗、预防康复、癌症心理社会干预及急诊内科疾病。重点涉及脑梗死、脑出血、蛛网膜下腔出血、颅内动脉瘤、脑动静脉畸形、重症肌无力、吉兰-巴雷综合征、帕金森病等，涉及脑电图、经颅多普勒、体感诱发电位、脑缺血外科治疗、神经外科血管内治疗及癫痫外科治疗等关键词。",3072,"# Summary
2016年出版，面向神经科临床医师、医学生及相关护理和精神卫生人员，强调实用性、系统性与诊疗技术更新。本书共23章，涵盖神经系统常见症状与定位思维、体格检查、神经系统检查及其他检查；脑血管病、脑积水、癫痫、蝶鞍区病变、痴呆、头痛、神经系统感染、脱髓鞘病、脊髓病、神经肌肉接头与肌肉病、周围神经病及运动障碍；并包括颅内压增高、脑疝、颅脑损伤护理，精神障碍诊疗、药物与心理治疗、预防康复、癌症心理社会干预及急诊内科疾病。重点涉及脑梗死、脑出血、蛛网膜下腔出血、颅内动脉瘤、脑动静脉畸形、重症肌无力、吉兰-巴雷综合征、帕金森病等，涉及脑电图、经颅多普勒、体感诱发电位、脑缺血外科治疗、神经外科血管内治疗及癫痫外科治疗等关键词。"
3182df64-81e5-43db-a8b7-959b3c98b637,本书出版于2016年，是神经疾病临床护理、精神医学与急诊处理的综合性专业读物，适用于神经科、神经外科、精神科医护人员及相关专业学习者。内容涵盖颅内压增高、脑疝、颅脑损伤、颅骨骨折、颅内血肿、脑干损伤、颅内脓肿等疾病的病因、临床表现、诊断、治疗与专科护理；并系统介绍阿尔茨海默病、脑血管病及脑外伤所致精神障碍、癫痫及颅内感染相关精神障碍、精神活性物质和中毒所致障碍、精神分裂症、抑郁障碍等。书中还涉及抗精神病药、抗抑郁药、心境稳定剂、抗焦虑药、物理治疗、心理治疗、精神障碍预防康复，以及癌症患者心理社会干预和急诊内科常见疾病。重要关键词包括颅内压监护、腰椎穿刺、CT、MRI、DSA、CTA、MRA、甘露醇脱水、亚低温、巴比妥昏迷、脑室引流、脓肿穿刺引流与切除术等。,completed,216e9fd5-1fdf-483c-9443-b84c52245015,"# Summary
本书出版于2016年，是神经疾病临床护理、精神医学与急诊处理的综合性专业读物，适用于神经科、神经外科、精神科医护人员及相关专业学习者。内容涵盖颅内压增高、脑疝、颅脑损伤、颅骨骨折、颅内血肿、脑干损伤、颅内脓肿等疾病的病因、临床表现、诊断、治疗与专科护理；并系统介绍阿尔茨海默病、脑血管病及脑外伤所致精神障碍、癫痫及颅内感染相关精神障碍、精神活性物质和中毒所致障碍、精神分裂症、抑郁障碍等。书中还涉及抗精神病药、抗抑郁药、心境稳定剂、抗焦虑药、物理治疗、心理治疗、精神障碍预防康复，以及癌症患者心理社会干预和急诊内科常见疾病。重要关键词包括颅内压监护、腰椎穿刺、CT、MRI、DSA、CTA、MRA、甘露醇脱水、亚低温、巴比妥昏迷、脑室引流、脓肿穿刺引流与切除术等。",3072,"# Summary
本书出版于2016年，是神经疾病临床护理、精神医学与急诊处理的综合性专业读物，适用于神经科、神经外科、精神科医护人员及相关专业学习者。内容涵盖颅内压增高、脑疝、颅脑损伤、颅骨骨折、颅内血肿、脑干损伤、颅内脓肿等疾病的病因、临床表现、诊断、治疗与专科护理；并系统介绍阿尔茨海默病、脑血管病及脑外伤所致精神障碍、癫痫及颅内感染相关精神障碍、精神活性物质和中毒所致障碍、精神分裂症、抑郁障碍等。书中还涉及抗精神病药、抗抑郁药、心境稳定剂、抗焦虑药、物理治疗、心理治疗、精神障碍预防康复，以及癌症患者心理社会干预和急诊内科常见疾病。重要关键词包括颅内压监护、腰椎穿刺、CT、MRI、DSA、CTA、MRA、甘露醇脱水、亚低温、巴比妥昏迷、脑室引流、脓肿穿刺引流与切除术等。"
83d06469-edaf-40d3-bdd4-7be064919274,本书出版于2010年。本书出版于2006年，定位为面向眼科临床医生、视觉电生理及相关检查人员的ROLAND视觉电生理仪操作与临床应用图谱。全书介绍仪器结构、性能、Ganzfeld刺激器、放大器、参数设置、记录、波形分析、报告打印及数据库管理；系统讲解全视野ERG、多焦ERG、VEP和EOG的原理、ISCEV标准、测试流程、生理起源、正常值、异常图形及联合定位。临床涉及视网膜色素变性、结晶样视网膜变性、先天性视网膜劈裂、静止性夜盲、视网膜血管病变、糖尿病视网膜病变、高度近视、视网膜脱离、黄斑裂孔、老年黄斑变性、脉络膜新生血管、黄斑前膜、囊样水肿、中浆、Stargardt病、青光眼、视神经病变、弱视、白内障及卵黄样黄斑病变等。配合眼底彩照、FFA、OCT及电生理图谱，涉及激光光凝、药物治疗、白内障超声乳化联合人工晶状体植入、巩膜扣带术等。,completed,990eea63-7866-4436-9c7a-df081c8d6206,"# Summary
本书出版于2010年。本书出版于2006年，定位为面向眼科临床医生、视觉电生理及相关检查人员的ROLAND视觉电生理仪操作与临床应用图谱。全书介绍仪器结构、性能、Ganzfeld刺激器、放大器、参数设置、记录、波形分析、报告打印及数据库管理；系统讲解全视野ERG、多焦ERG、VEP和EOG的原理、ISCEV标准、测试流程、生理起源、正常值、异常图形及联合定位。临床涉及视网膜色素变性、结晶样视网膜变性、先天性视网膜劈裂、静止性夜盲、视网膜血管病变、糖尿病视网膜病变、高度近视、视网膜脱离、黄斑裂孔、老年黄斑变性、脉络膜新生血管、黄斑前膜、囊样水肿、中浆、Stargardt病、青光眼、视神经病变、弱视、白内障及卵黄样黄斑病变等。配合眼底彩照、FFA、OCT及电生理图谱，涉及激光光凝、药物治疗、白内障超声乳化联合人工晶状体植入、巩膜扣带术等。",3072,"# Summary
本书出版于2010年。本书出版于2006年，定位为面向眼科临床医生、视觉电生理及相关检查人员的ROLAND视觉电生理仪操作与临床应用图谱。全书介绍仪器结构、性能、Ganzfeld刺激器、放大器、参数设置、记录、波形分析、报告打印及数据库管理；系统讲解全视野ERG、多焦ERG、VEP和EOG的原理、ISCEV标准、测试流程、生理起源、正常值、异常图形及联合定位。临床涉及视网膜色素变性、结晶样视网膜变性、先天性视网膜劈裂、静止性夜盲、视网膜血管病变、糖尿病视网膜病变、高度近视、视网膜脱离、黄斑裂孔、老年黄斑变性、脉络膜新生血管、黄斑前膜、囊样水肿、中浆、Stargardt病、青光眼、视神经病变、弱视、白内障及卵黄样黄斑病变等。配合眼底彩照、FFA、OCT及电生理图谱，涉及激光光凝、药物治疗、白内障超声乳化联合人工晶状体植入、巩膜扣带术等。"
f94e07b6-8e8e-45a6-ba96-ce0e9ebe1dc1,本书为2015年出版的白内障手术临床技术专著，面向眼科临床医师、医学生、研究生及进修医师，尤其适合正在学习超声乳化和飞秒激光白内障手术者。全书系统介绍超声乳化技术、前房内及囊袋内超声乳化、核分块与核旋转、劈核碎核、“分而治之”、微切口手术、注/吸、液流学、泵及超声乳化设备参数。重点讲解飞秒激光白内障手术的患者筛选、适应证与禁忌证、术前用药、对接定位、激光切口、撕囊、晶状体核裂解、皮质处理、人工晶状体植入及复杂病例操作，并讨论特殊并发症和早期临床结果。内容还涵盖双轴微切口飞秒手术、LenSx系统、光学相干断层扫描、图像引导校准、角膜散光弧形切开，以及小瞳孔、虹膜后粘连、角膜混浊、圆锥角膜、晶状体后囊破裂等情况的处理。,completed,5d3448b0-6418-479b-a16b-69ff62db2b6f,"# Summary
本书为2015年出版的白内障手术临床技术专著，面向眼科临床医师、医学生、研究生及进修医师，尤其适合正在学习超声乳化和飞秒激光白内障手术者。全书系统介绍超声乳化技术、前房内及囊袋内超声乳化、核分块与核旋转、劈核碎核、“分而治之”、微切口手术、注/吸、液流学、泵及超声乳化设备参数。重点讲解飞秒激光白内障手术的患者筛选、适应证与禁忌证、术前用药、对接定位、激光切口、撕囊、晶状体核裂解、皮质处理、人工晶状体植入及复杂病例操作，并讨论特殊并发症和早期临床结果。内容还涵盖双轴微切口飞秒手术、LenSx系统、光学相干断层扫描、图像引导校准、角膜散光弧形切开，以及小瞳孔、虹膜后粘连、角膜混浊、圆锥角膜、晶状体后囊破裂等情况的处理。",3072,"# Summary
本书为2015年出版的白内障手术临床技术专著，面向眼科临床医师、医学生、研究生及进修医师，尤其适合正在学习超声乳化和飞秒激光白内障手术者。全书系统介绍超声乳化技术、前房内及囊袋内超声乳化、核分块与核旋转、劈核碎核、“分而治之”、微切口手术、注/吸、液流学、泵及超声乳化设备参数。重点讲解飞秒激光白内障手术的患者筛选、适应证与禁忌证、术前用药、对接定位、激光切口、撕囊、晶状体核裂解、皮质处理、人工晶状体植入及复杂病例操作，并讨论特殊并发症和早期临床结果。内容还涵盖双轴微切口飞秒手术、LenSx系统、光学相干断层扫描、图像引导校准、角膜散光弧形切开，以及小瞳孔、虹膜后粘连、角膜混浊、圆锥角膜、晶状体后囊破裂等情况的处理。"
3bccccaa-a681-49f7-bb2d-9a08131cd456,本书出版于2009年，是面向斜视专科初学者、眼科医师及视轴矫正相关人员的临床培训与手术实践指南，依据Moorfields眼科医院培训经验编写。内容由浅入深，涵盖斜视患者评估、非手术治疗、手术原则与手术解剖；重点讨论共同性内斜视、共同性外斜视、垂直及A/V型斜视、眼球运动神经麻痹、限制性异常、复杂眼球运动问题和眼球震颤；并系统介绍直肌手术、斜肌手术、调整缝线术、肉毒毒素治疗及手术并发症的预防处理，附有手术量设计方法。书中强调病史、视力、屈光和弱视评估，以及遮盖试验、三棱镜遮盖试验、Hirschberg/Krimsky检查、眼球运动、旋转、双眼视功能、Hess屏、同视机、三步试验、Bielchowsky头位倾斜试验、AC/A比值和棱镜适应试验等。治疗涉及配镜、双焦眼镜、三棱镜、正位视训练、遮盖及睫状肌麻痹治疗；手术技术包括后退、截除、前徙、后固定、折叠、转位、Harada-Ito术、调整缝线及肉毒毒素应用。,completed,e8fdb581-aa54-44b1-b78b-0e9b690390f9,"# Summary
本书出版于2009年，是面向斜视专科初学者、眼科医师及视轴矫正相关人员的临床培训与手术实践指南，依据Moorfields眼科医院培训经验编写。内容由浅入深，涵盖斜视患者评估、非手术治疗、手术原则与手术解剖；重点讨论共同性内斜视、共同性外斜视、垂直及A/V型斜视、眼球运动神经麻痹、限制性异常、复杂眼球运动问题和眼球震颤；并系统介绍直肌手术、斜肌手术、调整缝线术、肉毒毒素治疗及手术并发症的预防处理，附有手术量设计方法。书中强调病史、视力、屈光和弱视评估，以及遮盖试验、三棱镜遮盖试验、Hirschberg/Krimsky检查、眼球运动、旋转、双眼视功能、Hess屏、同视机、三步试验、Bielchowsky头位倾斜试验、AC/A比值和棱镜适应试验等。治疗涉及配镜、双焦眼镜、三棱镜、正位视训练、遮盖及睫状肌麻痹治疗；手术技术包括后退、截除、前徙、后固定、折叠、转位、Harada-Ito术、调整缝线及肉毒毒素应用。",3072,"# Summary
本书出版于2009年，是面向斜视专科初学者、眼科医师及视轴矫正相关人员的临床培训与手术实践指南，依据Moorfields眼科医院培训经验编写。内容由浅入深，涵盖斜视患者评估、非手术治疗、手术原则与手术解剖；重点讨论共同性内斜视、共同性外斜视、垂直及A/V型斜视、眼球运动神经麻痹、限制性异常、复杂眼球运动问题和眼球震颤；并系统介绍直肌手术、斜肌手术、调整缝线术、肉毒毒素治疗及手术并发症的预防处理，附有手术量设计方法。书中强调病史、视力、屈光和弱视评估，以及遮盖试验、三棱镜遮盖试验、Hirschberg/Krimsky检查、眼球运动、旋转、双眼视功能、Hess屏、同视机、三步试验、Bielchowsky头位倾斜试验、AC/A比值和棱镜适应试验等。治疗涉及配镜、双焦眼镜、三棱镜、正位视训练、遮盖及睫状肌麻痹治疗；手术技术包括后退、截除、前徙、后固定、折叠、转位、Harada-Ito术、调整缝线及肉毒毒素应用。"
d5175b5e-f320-4a47-a5a3-7cd32d7eac07,本书出版于2009年，是面向眼科、神经眼科临床医师及视野检查相关医务人员的 OCTOPUS 自动视野检查实用参考书。内容涵盖视野与视丘、正常视野、静态及动态视野、光差灵敏度阈值、Goldmann Ⅲ视标和标准测试条件；详述普通、分段、动态、TOP 趋势导向、RAMP 及定性筛查策略，并介绍蓝-黄视野、闪烁视野、Goldmann 动态视野、mfERG 和 mfVEP。书中系统解析 OCTOPUS G1/G2、32、黄斑、神经眼科、糖尿病、低视力、青光眼筛查、Esterman、司法鉴定及自定义程序，指导患者操作、固视控制、屈光矫正、假阳性/假阴性和疲劳效应的排除。还重点讲解原始敏感度图、偏差图、灰度图、概率图、MD、LV、SF、CLV、RF 等报告指标及随访趋势分析，结合视路解剖讨论青光眼、视网膜色素变性、糖尿病视网膜病变、黄斑疾病、神经眼科和儿童视野；最后介绍 OCTOPUS 101、300 视野计及数据传输，并涉及氢激光光凝后的视野评估。,completed,780f91c0-948d-458f-90e9-f4240afce6d6,"# Summary
本书出版于2009年，是面向眼科、神经眼科临床医师及视野检查相关医务人员的 OCTOPUS 自动视野检查实用参考书。内容涵盖视野与视丘、正常视野、静态及动态视野、光差灵敏度阈值、Goldmann Ⅲ视标和标准测试条件；详述普通、分段、动态、TOP 趋势导向、RAMP 及定性筛查策略，并介绍蓝-黄视野、闪烁视野、Goldmann 动态视野、mfERG 和 mfVEP。书中系统解析 OCTOPUS G1/G2、32、黄斑、神经眼科、糖尿病、低视力、青光眼筛查、Esterman、司法鉴定及自定义程序，指导患者操作、固视控制、屈光矫正、假阳性/假阴性和疲劳效应的排除。还重点讲解原始敏感度图、偏差图、灰度图、概率图、MD、LV、SF、CLV、RF 等报告指标及随访趋势分析，结合视路解剖讨论青光眼、视网膜色素变性、糖尿病视网膜病变、黄斑疾病、神经眼科和儿童视野；最后介绍 OCTOPUS 101、300 视野计及数据传输，并涉及氢激光光凝后的视野评估。",3072,"# Summary
本书出版于2009年，是面向眼科、神经眼科临床医师及视野检查相关医务人员的 OCTOPUS 自动视野检查实用参考书。内容涵盖视野与视丘、正常视野、静态及动态视野、光差灵敏度阈值、Goldmann Ⅲ视标和标准测试条件；详述普通、分段、动态、TOP 趋势导向、RAMP 及定性筛查策略，并介绍蓝-黄视野、闪烁视野、Goldmann 动态视野、mfERG 和 mfVEP。书中系统解析 OCTOPUS G1/G2、32、黄斑、神经眼科、糖尿病、低视力、青光眼筛查、Esterman、司法鉴定及自定义程序，指导患者操作、固视控制、屈光矫正、假阳性/假阴性和疲劳效应的排除。还重点讲解原始敏感度图、偏差图、灰度图、概率图、MD、LV、SF、CLV、RF 等报告指标及随访趋势分析，结合视路解剖讨论青光眼、视网膜色素变性、糖尿病视网膜病变、黄斑疾病、神经眼科和儿童视野；最后介绍 OCTOPUS 101、300 视野计及数据传输，并涉及氢激光光凝后的视野评估。"
577ed1ff-371f-4d02-87c1-3773f63f3519,本书出版于2017年，是2015年出版的儿童白内障临床专著，面向儿童眼科及白内障临床医生，既可供初学者作为诊疗指南，也可供有经验者参考。全书从晶状体胚胎发育、解剖和儿童眼球发育特点入手，系统涵盖儿童白内障的先天性与获得性分类、相关综合征、诊断和鉴别诊断；术前病史采集、眼科学检查、生物测量及手术准备；小儿麻醉的解剖生理、麻醉前评估、禁食和常用麻醉药物。重点讨论视觉发育、手术时机、手术方式、人工晶状体屈光度选择，以及术后炎症、后囊膜混浊、继发性青光眼等并发症处理。另专章介绍合并永存原始玻璃体增生症的手术治疗、随访和视功能重建，并涉及无晶状体眼矫正、残留屈光不正、视觉剥夺性弱视训练、斜视、眼球震颤及视力预后。关键词包括先天性白内障、弱视、人工晶状体、全身麻醉、裂隙灯显微镜、生物测量、心电图、超声心动图、胸片、后囊膜混浊和永存原始玻璃体增生症。,completed,37ca6c3b-87f8-4bbd-ab41-95a9fb6dc4ff,"# Summary
本书出版于2017年，是2015年出版的儿童白内障临床专著，面向儿童眼科及白内障临床医生，既可供初学者作为诊疗指南，也可供有经验者参考。全书从晶状体胚胎发育、解剖和儿童眼球发育特点入手，系统涵盖儿童白内障的先天性与获得性分类、相关综合征、诊断和鉴别诊断；术前病史采集、眼科学检查、生物测量及手术准备；小儿麻醉的解剖生理、麻醉前评估、禁食和常用麻醉药物。重点讨论视觉发育、手术时机、手术方式、人工晶状体屈光度选择，以及术后炎症、后囊膜混浊、继发性青光眼等并发症处理。另专章介绍合并永存原始玻璃体增生症的手术治疗、随访和视功能重建，并涉及无晶状体眼矫正、残留屈光不正、视觉剥夺性弱视训练、斜视、眼球震颤及视力预后。关键词包括先天性白内障、弱视、人工晶状体、全身麻醉、裂隙灯显微镜、生物测量、心电图、超声心动图、胸片、后囊膜混浊和永存原始玻璃体增生症。",3072,"# Summary
本书出版于2017年，是2015年出版的儿童白内障临床专著，面向儿童眼科及白内障临床医生，既可供初学者作为诊疗指南，也可供有经验者参考。全书从晶状体胚胎发育、解剖和儿童眼球发育特点入手，系统涵盖儿童白内障的先天性与获得性分类、相关综合征、诊断和鉴别诊断；术前病史采集、眼科学检查、生物测量及手术准备；小儿麻醉的解剖生理、麻醉前评估、禁食和常用麻醉药物。重点讨论视觉发育、手术时机、手术方式、人工晶状体屈光度选择，以及术后炎症、后囊膜混浊、继发性青光眼等并发症处理。另专章介绍合并永存原始玻璃体增生症的手术治疗、随访和视功能重建，并涉及无晶状体眼矫正、残留屈光不正、视觉剥夺性弱视训练、斜视、眼球震颤及视力预后。关键词包括先天性白内障、弱视、人工晶状体、全身麻醉、裂隙灯显微镜、生物测量、心电图、超声心动图、胸片、后囊膜混浊和永存原始玻璃体增生症。"
5c195e52-443a-436b-911e-43097eff3a3c,刘祖国主编，2017年出版。本书是国内较早系统论述干眼的专业专著，适合眼科临床医师、基层医师及从事眼表疾病基础研究的人员。全书分基础篇与临床篇：基础篇介绍干眼历史与概念、泪膜功能单位及角膜、结膜、泪腺、睑板腺和泪道的组织解剖与病理生理，涵盖流行病学、泪液高渗、眼表免疫异常、细胞凋亡、氧化应激、神经与内分泌调控、黏蛋白分泌异常及动物模型；临床篇涉及干眼分类、检查、诊断和治疗，并专题讨论Sjögren综合征、Stevens-Johnson综合征、中毒性表皮坏死松解症、移植物抗宿主病、眼瘢痕性类天疱疮、睑板腺功能障碍、视频终端综合征、结膜松弛症、视疲劳、手术源性干眼、中医及精神心理因素。治疗关键词包括物理治疗、湿房镜、强脉冲光、人工泪液、促泪液分泌、脂质替代、抗炎、泪道栓塞、治疗性角膜接触镜、血清滴眼液及手术治疗。,completed,f84c8e22-eaff-4d6b-8a54-7d343e4f6fc9,"# Summary
刘祖国主编，2017年出版。本书是国内较早系统论述干眼的专业专著，适合眼科临床医师、基层医师及从事眼表疾病基础研究的人员。全书分基础篇与临床篇：基础篇介绍干眼历史与概念、泪膜功能单位及角膜、结膜、泪腺、睑板腺和泪道的组织解剖与病理生理，涵盖流行病学、泪液高渗、眼表免疫异常、细胞凋亡、氧化应激、神经与内分泌调控、黏蛋白分泌异常及动物模型；临床篇涉及干眼分类、检查、诊断和治疗，并专题讨论Sjögren综合征、Stevens-Johnson综合征、中毒性表皮坏死松解症、移植物抗宿主病、眼瘢痕性类天疱疮、睑板腺功能障碍、视频终端综合征、结膜松弛症、视疲劳、手术源性干眼、中医及精神心理因素。治疗关键词包括物理治疗、湿房镜、强脉冲光、人工泪液、促泪液分泌、脂质替代、抗炎、泪道栓塞、治疗性角膜接触镜、血清滴眼液及手术治疗。",3072,"# Summary
刘祖国主编，2017年出版。本书是国内较早系统论述干眼的专业专著，适合眼科临床医师、基层医师及从事眼表疾病基础研究的人员。全书分基础篇与临床篇：基础篇介绍干眼历史与概念、泪膜功能单位及角膜、结膜、泪腺、睑板腺和泪道的组织解剖与病理生理，涵盖流行病学、泪液高渗、眼表免疫异常、细胞凋亡、氧化应激、神经与内分泌调控、黏蛋白分泌异常及动物模型；临床篇涉及干眼分类、检查、诊断和治疗，并专题讨论Sjögren综合征、Stevens-Johnson综合征、中毒性表皮坏死松解症、移植物抗宿主病、眼瘢痕性类天疱疮、睑板腺功能障碍、视频终端综合征、结膜松弛症、视疲劳、手术源性干眼、中医及精神心理因素。治疗关键词包括物理治疗、湿房镜、强脉冲光、人工泪液、促泪液分泌、脂质替代、抗炎、泪道栓塞、治疗性角膜接触镜、血清滴眼液及手术治疗。"
30541adb-cdd8-4bda-a707-2fc59ec4eac4,本书为俞阿勇主编、2017年出版的《屈光性白内障手术系列》专著，面向眼科医师、白内障手术医师及从事屈光性白内障临床工作的人员。全书围绕角膜光学特性指导人工晶状体（IOL）个体化选择，系统介绍角膜散光、球差、不规则散光、前后表面曲率半径比、Kappa角和Alpha角等参数，涵盖检查设备与原理、Pentacam Scheimpflug眼前节分析、地形图/断层图判读、Zernike波前像差、瞳孔与区域化测量及阅片注意事项。重点讲解依据全角膜散光选择Toric IOL、依据球差选择球面或非球面IOL、依据不规则散光评估多焦点IOL适应证，以及角膜前后表面曲率半径比异常时的IOL屈光力计算。书中结合大量病例，讨论规则及不规则散光、圆锥角膜、翼状胬肉、角膜云翳、近视性或远视性PRK/LASIK、RK术后眼的术前评估和方案制定，并涉及白内障超声乳化、飞秒激光辅助白内障手术、散光性角膜切开术等技术。,completed,1572349a-3bbc-4e7e-a207-ce0a7edaea0f,"# Summary
本书为俞阿勇主编、2017年出版的《屈光性白内障手术系列》专著，面向眼科医师、白内障手术医师及从事屈光性白内障临床工作的人员。全书围绕角膜光学特性指导人工晶状体（IOL）个体化选择，系统介绍角膜散光、球差、不规则散光、前后表面曲率半径比、Kappa角和Alpha角等参数，涵盖检查设备与原理、Pentacam Scheimpflug眼前节分析、地形图/断层图判读、Zernike波前像差、瞳孔与区域化测量及阅片注意事项。重点讲解依据全角膜散光选择Toric IOL、依据球差选择球面或非球面IOL、依据不规则散光评估多焦点IOL适应证，以及角膜前后表面曲率半径比异常时的IOL屈光力计算。书中结合大量病例，讨论规则及不规则散光、圆锥角膜、翼状胬肉、角膜云翳、近视性或远视性PRK/LASIK、RK术后眼的术前评估和方案制定，并涉及白内障超声乳化、飞秒激光辅助白内障手术、散光性角膜切开术等技术。",3072,"# Summary
本书为俞阿勇主编、2017年出版的《屈光性白内障手术系列》专著，面向眼科医师、白内障手术医师及从事屈光性白内障临床工作的人员。全书围绕角膜光学特性指导人工晶状体（IOL）个体化选择，系统介绍角膜散光、球差、不规则散光、前后表面曲率半径比、Kappa角和Alpha角等参数，涵盖检查设备与原理、Pentacam Scheimpflug眼前节分析、地形图/断层图判读、Zernike波前像差、瞳孔与区域化测量及阅片注意事项。重点讲解依据全角膜散光选择Toric IOL、依据球差选择球面或非球面IOL、依据不规则散光评估多焦点IOL适应证，以及角膜前后表面曲率半径比异常时的IOL屈光力计算。书中结合大量病例，讨论规则及不规则散光、圆锥角膜、翼状胬肉、角膜云翳、近视性或远视性PRK/LASIK、RK术后眼的术前评估和方案制定，并涉及白内障超声乳化、飞秒激光辅助白内障手术、散光性角膜切开术等技术。"
aa942d6f-7533-43fa-8915-69fe22b6acdc,本书出版于2008年，是面向眼整形、眼眶病及相关重建手术医师的彩色图谱与操作参考书，适合眼科、整形外科及培训中的外科医生。内容以眼睑、眼眶和面中部解剖为基础，涵盖术前评估（眼睑位置与运动、眼球位置与运动、面部摄影）、局部浸润麻醉与区域阻滞、手术器械及基本切口缝合技术；随后系统讲解皮肤、黏膜、鼻中隔软骨等移植物的获取、固定和并发症处理。疾病与手术包括内翻、外翻、倒睫、双行睫、上睑下垂、眼睑退缩、眉下垂、颊下垂、睑成形术、面瘫和烧伤相关畸形；重点介绍提上睑肌腱膜修复、提肌切除、Müller肌缩短、额肌悬吊、外眦固定及睑板条技术。后半部聚焦眼球摘除、眼内容剜除、眶内容物剜除、无眼球窝及眶植入物，涵盖眼睑边缘、前后层及联合缺损重建、皮瓣转移、Cutler-Beard桥式皮瓣、内眦畸形和甲状腺眼病眶减压等。,completed,8a697001-e786-4a35-88ca-ec45d0ae151a,"# Summary
本书出版于2008年，是面向眼整形、眼眶病及相关重建手术医师的彩色图谱与操作参考书，适合眼科、整形外科及培训中的外科医生。内容以眼睑、眼眶和面中部解剖为基础，涵盖术前评估（眼睑位置与运动、眼球位置与运动、面部摄影）、局部浸润麻醉与区域阻滞、手术器械及基本切口缝合技术；随后系统讲解皮肤、黏膜、鼻中隔软骨等移植物的获取、固定和并发症处理。疾病与手术包括内翻、外翻、倒睫、双行睫、上睑下垂、眼睑退缩、眉下垂、颊下垂、睑成形术、面瘫和烧伤相关畸形；重点介绍提上睑肌腱膜修复、提肌切除、Müller肌缩短、额肌悬吊、外眦固定及睑板条技术。后半部聚焦眼球摘除、眼内容剜除、眶内容物剜除、无眼球窝及眶植入物，涵盖眼睑边缘、前后层及联合缺损重建、皮瓣转移、Cutler-Beard桥式皮瓣、内眦畸形和甲状腺眼病眶减压等。",3072,"# Summary
本书出版于2008年，是面向眼整形、眼眶病及相关重建手术医师的彩色图谱与操作参考书，适合眼科、整形外科及培训中的外科医生。内容以眼睑、眼眶和面中部解剖为基础，涵盖术前评估（眼睑位置与运动、眼球位置与运动、面部摄影）、局部浸润麻醉与区域阻滞、手术器械及基本切口缝合技术；随后系统讲解皮肤、黏膜、鼻中隔软骨等移植物的获取、固定和并发症处理。疾病与手术包括内翻、外翻、倒睫、双行睫、上睑下垂、眼睑退缩、眉下垂、颊下垂、睑成形术、面瘫和烧伤相关畸形；重点介绍提上睑肌腱膜修复、提肌切除、Müller肌缩短、额肌悬吊、外眦固定及睑板条技术。后半部聚焦眼球摘除、眼内容剜除、眶内容物剜除、无眼球窝及眶植入物，涵盖眼睑边缘、前后层及联合缺损重建、皮瓣转移、Cutler-Beard桥式皮瓣、内眦畸形和甲状腺眼病眶减压等。"
d7a4732e-bd01-4d1e-869b-e65bbf1a4a53,本书为姚克主编、2004年出版的复杂白内障手术专著，适合眼科医师、白内障及超声乳化手术医师、研究生和临床进修人员。全书围绕复杂病例的评估、术式选择、操作技术与并发症处理展开，涵盖硬核、过熟期、晶状体脱位、外伤性白内障及后囊缺陷；高度近视、远视小眼球、角膜散光、小瞳孔、虹膜缺损、葡萄膜炎、儿童和糖尿病患者；青光眼、角膜屈光、人工晶状体及玻璃体视网膜手术后的白内障。还系统介绍虹膜手术、联合青光眼滤过、角膜移植和玻璃体视网膜手术，特殊人工晶状体植入、无囊膜支持植入、人工晶状体置换、双联人工晶状体、囊袋张力环及折叠式人工晶状体技术，以及术中、术后并发症防治。重点关键词包括晶状体核硬度分级、裂隙灯检查、房角镜、B超、X线、眼电生理、连续环形撕囊、粘弹剂、水分离、劈核、超声乳化参数、玻璃体切除、后囊混浊、青光眼、黄斑囊样水肿和视网膜脱离。,completed,fe175e47-fe38-4648-83e5-ad193d523cf6,"# Summary
本书为姚克主编、2004年出版的复杂白内障手术专著，适合眼科医师、白内障及超声乳化手术医师、研究生和临床进修人员。全书围绕复杂病例的评估、术式选择、操作技术与并发症处理展开，涵盖硬核、过熟期、晶状体脱位、外伤性白内障及后囊缺陷；高度近视、远视小眼球、角膜散光、小瞳孔、虹膜缺损、葡萄膜炎、儿童和糖尿病患者；青光眼、角膜屈光、人工晶状体及玻璃体视网膜手术后的白内障。还系统介绍虹膜手术、联合青光眼滤过、角膜移植和玻璃体视网膜手术，特殊人工晶状体植入、无囊膜支持植入、人工晶状体置换、双联人工晶状体、囊袋张力环及折叠式人工晶状体技术，以及术中、术后并发症防治。重点关键词包括晶状体核硬度分级、裂隙灯检查、房角镜、B超、X线、眼电生理、连续环形撕囊、粘弹剂、水分离、劈核、超声乳化参数、玻璃体切除、后囊混浊、青光眼、黄斑囊样水肿和视网膜脱离。",3072,"# Summary
本书为姚克主编、2004年出版的复杂白内障手术专著，适合眼科医师、白内障及超声乳化手术医师、研究生和临床进修人员。全书围绕复杂病例的评估、术式选择、操作技术与并发症处理展开，涵盖硬核、过熟期、晶状体脱位、外伤性白内障及后囊缺陷；高度近视、远视小眼球、角膜散光、小瞳孔、虹膜缺损、葡萄膜炎、儿童和糖尿病患者；青光眼、角膜屈光、人工晶状体及玻璃体视网膜手术后的白内障。还系统介绍虹膜手术、联合青光眼滤过、角膜移植和玻璃体视网膜手术，特殊人工晶状体植入、无囊膜支持植入、人工晶状体置换、双联人工晶状体、囊袋张力环及折叠式人工晶状体技术，以及术中、术后并发症防治。重点关键词包括晶状体核硬度分级、裂隙灯检查、房角镜、B超、X线、眼电生理、连续环形撕囊、粘弹剂、水分离、劈核、超声乳化参数、玻璃体切除、后囊混浊、青光眼、黄斑囊样水肿和视网膜脱离。"
ee64ce6e-cd9b-42d3-8650-e603c615acaf,宋国祥主编，2010年出版。本书是面向眼科医师、耳鼻咽喉科及颌面外科、神经内外科相关医师和研究生的眼眶病学专著。内容从眼眶解剖生理、发病率、眼球突出等位置异常、临床与病理诊断、分子诊断及超声、X线、CT、MRI、放射核素等影像检查入手，系统讨论先天性异常、细菌/真菌/寄生虫感染、非感染性炎症、囊肿、血管淋巴管病变及血管畸形，并涵盖肌源性、纤维脂肪组织、骨软骨、淋巴造血、组织细胞、神经源、泪器肿瘤，以及继发性、转移性肿瘤和甲状腺相关眼病。另设眼眶外伤专题，涉及爆裂性骨折、眶内异物、视神经损伤及眶尖、眶上裂综合征；治疗部分涵盖药物、放射、介入和手术，详述开眶入路、眶减压、骨折修复、肿瘤切除、穿刺活检及术后并发症处理。,completed,eaf7ae2b-254a-499b-adc2-d2e7850be393,"# Summary
宋国祥主编，2010年出版。本书是面向眼科医师、耳鼻咽喉科及颌面外科、神经内外科相关医师和研究生的眼眶病学专著。内容从眼眶解剖生理、发病率、眼球突出等位置异常、临床与病理诊断、分子诊断及超声、X线、CT、MRI、放射核素等影像检查入手，系统讨论先天性异常、细菌/真菌/寄生虫感染、非感染性炎症、囊肿、血管淋巴管病变及血管畸形，并涵盖肌源性、纤维脂肪组织、骨软骨、淋巴造血、组织细胞、神经源、泪器肿瘤，以及继发性、转移性肿瘤和甲状腺相关眼病。另设眼眶外伤专题，涉及爆裂性骨折、眶内异物、视神经损伤及眶尖、眶上裂综合征；治疗部分涵盖药物、放射、介入和手术，详述开眶入路、眶减压、骨折修复、肿瘤切除、穿刺活检及术后并发症处理。",3072,"# Summary
宋国祥主编，2010年出版。本书是面向眼科医师、耳鼻咽喉科及颌面外科、神经内外科相关医师和研究生的眼眶病学专著。内容从眼眶解剖生理、发病率、眼球突出等位置异常、临床与病理诊断、分子诊断及超声、X线、CT、MRI、放射核素等影像检查入手，系统讨论先天性异常、细菌/真菌/寄生虫感染、非感染性炎症、囊肿、血管淋巴管病变及血管畸形，并涵盖肌源性、纤维脂肪组织、骨软骨、淋巴造血、组织细胞、神经源、泪器肿瘤，以及继发性、转移性肿瘤和甲状腺相关眼病。另设眼眶外伤专题，涉及爆裂性骨折、眶内异物、视神经损伤及眶尖、眶上裂综合征；治疗部分涵盖药物、放射、介入和手术，详述开眶入路、眶减压、骨折修复、肿瘤切除、穿刺活检及术后并发症处理。"
e9234f97-3106-416e-847a-6db332d53c59,本书出版于2018年，是面向眼科住院医师、研究员及白内障、屈光和前节手术医师的人工晶状体手术临床参考书。全书以人工晶状体为核心，涵盖其历史、材料、设计与技术改良；围绕人工晶状体度数计算、角膜地形图、复曲面晶状体、屈光手术后计算及老视矫正型晶状体选择，讨论个体化术前评估。重点分析屈光偏差、残余散光、术后不满意、晶状体混浊、光感觉异常及葡萄膜炎-青光眼-前房积血（UGH）综合征等并发症的识别与处理，并系统介绍人工晶状体偏心复位与置换。针对囊袋不完整或缺损病例，详述睫状沟固定、光学部固定、囊袋张力环、虹膜夹持、虹膜缝合、巩膜缝线及黏合剂固定等植入技术，同时涉及瞳孔成形术、人造虹膜植入及新一代人工晶状体技术。配有插图、步骤说明和50多个手术视频，突出复杂病例决策与操作技巧。,completed,5bb465fc-1aea-4564-9f3a-df5621d2772f,"# Summary
本书出版于2018年，是面向眼科住院医师、研究员及白内障、屈光和前节手术医师的人工晶状体手术临床参考书。全书以人工晶状体为核心，涵盖其历史、材料、设计与技术改良；围绕人工晶状体度数计算、角膜地形图、复曲面晶状体、屈光手术后计算及老视矫正型晶状体选择，讨论个体化术前评估。重点分析屈光偏差、残余散光、术后不满意、晶状体混浊、光感觉异常及葡萄膜炎-青光眼-前房积血（UGH）综合征等并发症的识别与处理，并系统介绍人工晶状体偏心复位与置换。针对囊袋不完整或缺损病例，详述睫状沟固定、光学部固定、囊袋张力环、虹膜夹持、虹膜缝合、巩膜缝线及黏合剂固定等植入技术，同时涉及瞳孔成形术、人造虹膜植入及新一代人工晶状体技术。配有插图、步骤说明和50多个手术视频，突出复杂病例决策与操作技巧。",3072,"# Summary
本书出版于2018年，是面向眼科住院医师、研究员及白内障、屈光和前节手术医师的人工晶状体手术临床参考书。全书以人工晶状体为核心，涵盖其历史、材料、设计与技术改良；围绕人工晶状体度数计算、角膜地形图、复曲面晶状体、屈光手术后计算及老视矫正型晶状体选择，讨论个体化术前评估。重点分析屈光偏差、残余散光、术后不满意、晶状体混浊、光感觉异常及葡萄膜炎-青光眼-前房积血（UGH）综合征等并发症的识别与处理，并系统介绍人工晶状体偏心复位与置换。针对囊袋不完整或缺损病例，详述睫状沟固定、光学部固定、囊袋张力环、虹膜夹持、虹膜缝合、巩膜缝线及黏合剂固定等植入技术，同时涉及瞳孔成形术、人造虹膜植入及新一代人工晶状体技术。配有插图、步骤说明和50多个手术视频，突出复杂病例决策与操作技巧。"
83bbb414-eecd-4e54-a2aa-3a967f95ffeb,本书出版于2008年，是面向眼科医师、眼外伤专科医师、住院医师及眼科急诊与手术人员的眼外伤临床专著。全书先介绍机械性眼外伤的标准化术语BETT、损伤分类、眼外伤评分OTS、流行病学与预防、患者及家属沟通、评估、战略规划和急救处理；继而按组织系统讲解结膜、角膜、巩膜与角膜缘、组织脱出、前房、虹膜瞳孔、晶状体、睫状体脉络膜、玻璃体和视网膜损伤，并覆盖钝挫伤、眼球破裂、开放性眼球损伤、穿通伤、眼内异物（IOFB）、贯通伤及累及全眼球的复杂创伤。内容还涉及儿童和老年患者外伤、外伤性眼内炎、继发性青光眼、低眼压、内窥镜技术，以及化学伤、电磁损伤和全身创伤对眼部的影响。书中结合视力、APD、视网膜脱离和眼内炎等预后因素，讨论裂隙灯、眼底检查、CT、MRI、UBM、ERG、眼内窥镜、玻璃体切除、伤口缝合、晶状体处理、外磁体取异物、硅油或气体填充等检查、影像与治疗技术。,completed,92c6733f-4926-4371-ac55-596e12f17f84,"# Summary
本书出版于2008年，是面向眼科医师、眼外伤专科医师、住院医师及眼科急诊与手术人员的眼外伤临床专著。全书先介绍机械性眼外伤的标准化术语BETT、损伤分类、眼外伤评分OTS、流行病学与预防、患者及家属沟通、评估、战略规划和急救处理；继而按组织系统讲解结膜、角膜、巩膜与角膜缘、组织脱出、前房、虹膜瞳孔、晶状体、睫状体脉络膜、玻璃体和视网膜损伤，并覆盖钝挫伤、眼球破裂、开放性眼球损伤、穿通伤、眼内异物（IOFB）、贯通伤及累及全眼球的复杂创伤。内容还涉及儿童和老年患者外伤、外伤性眼内炎、继发性青光眼、低眼压、内窥镜技术，以及化学伤、电磁损伤和全身创伤对眼部的影响。书中结合视力、APD、视网膜脱离和眼内炎等预后因素，讨论裂隙灯、眼底检查、CT、MRI、UBM、ERG、眼内窥镜、玻璃体切除、伤口缝合、晶状体处理、外磁体取异物、硅油或气体填充等检查、影像与治疗技术。",3072,"# Summary
本书出版于2008年，是面向眼科医师、眼外伤专科医师、住院医师及眼科急诊与手术人员的眼外伤临床专著。全书先介绍机械性眼外伤的标准化术语BETT、损伤分类、眼外伤评分OTS、流行病学与预防、患者及家属沟通、评估、战略规划和急救处理；继而按组织系统讲解结膜、角膜、巩膜与角膜缘、组织脱出、前房、虹膜瞳孔、晶状体、睫状体脉络膜、玻璃体和视网膜损伤，并覆盖钝挫伤、眼球破裂、开放性眼球损伤、穿通伤、眼内异物（IOFB）、贯通伤及累及全眼球的复杂创伤。内容还涉及儿童和老年患者外伤、外伤性眼内炎、继发性青光眼、低眼压、内窥镜技术，以及化学伤、电磁损伤和全身创伤对眼部的影响。书中结合视力、APD、视网膜脱离和眼内炎等预后因素，讨论裂隙灯、眼底检查、CT、MRI、UBM、ERG、眼内窥镜、玻璃体切除、伤口缝合、晶状体处理、外磁体取异物、硅油或气体填充等检查、影像与治疗技术。"
d57f9a96-7e5b-4ee6-90c7-865a269ffb54,本书出版于2007年。Richard D. Semba 编著，面向眼科医生、验光师、营养师、公共卫生与医学研究人员及相关学生，系统阐述营养、免疫与眼病的联系。全书涵盖维生素A缺乏与营养性失明、白内障、年龄相关性黄斑变性、肥胖及糖尿病视网膜病变、视网膜血管病、B族维生素缺乏性营养性弱视、锌和维生素C与眼健康、老年促炎状态、必需脂肪酸与婴儿视觉发育，以及代谢性遗传病的眼部表现。重点涉及夜盲、结膜干燥、Bitot斑、角膜干燥、角膜溃疡、角膜软化、黄斑变性、晶状体混浊、糖尿病视网膜病变、高同型半胱氨酸血症、脂血症性视网膜病和视网膜色素变性等。内容包括营养素生化代谢、流行病学、危险因素、病理生理、临床诊断与治疗预防；涉及血清视黄醇及营养状态评估、裂隙灯检查、荧光素染色、眼底和晶状体照片分级、营养流行病学调查、随机对照试验，以及维生素补充、食物强化、饮食调整和白内障治疗等。,completed,edcc7e1b-3b57-4e90-be5d-547e32e6fac2,"# Summary
本书出版于2007年。Richard D. Semba 编著，面向眼科医生、验光师、营养师、公共卫生与医学研究人员及相关学生，系统阐述营养、免疫与眼病的联系。全书涵盖维生素A缺乏与营养性失明、白内障、年龄相关性黄斑变性、肥胖及糖尿病视网膜病变、视网膜血管病、B族维生素缺乏性营养性弱视、锌和维生素C与眼健康、老年促炎状态、必需脂肪酸与婴儿视觉发育，以及代谢性遗传病的眼部表现。重点涉及夜盲、结膜干燥、Bitot斑、角膜干燥、角膜溃疡、角膜软化、黄斑变性、晶状体混浊、糖尿病视网膜病变、高同型半胱氨酸血症、脂血症性视网膜病和视网膜色素变性等。内容包括营养素生化代谢、流行病学、危险因素、病理生理、临床诊断与治疗预防；涉及血清视黄醇及营养状态评估、裂隙灯检查、荧光素染色、眼底和晶状体照片分级、营养流行病学调查、随机对照试验，以及维生素补充、食物强化、饮食调整和白内障治疗等。",3072,"# Summary
本书出版于2007年。Richard D. Semba 编著，面向眼科医生、验光师、营养师、公共卫生与医学研究人员及相关学生，系统阐述营养、免疫与眼病的联系。全书涵盖维生素A缺乏与营养性失明、白内障、年龄相关性黄斑变性、肥胖及糖尿病视网膜病变、视网膜血管病、B族维生素缺乏性营养性弱视、锌和维生素C与眼健康、老年促炎状态、必需脂肪酸与婴儿视觉发育，以及代谢性遗传病的眼部表现。重点涉及夜盲、结膜干燥、Bitot斑、角膜干燥、角膜溃疡、角膜软化、黄斑变性、晶状体混浊、糖尿病视网膜病变、高同型半胱氨酸血症、脂血症性视网膜病和视网膜色素变性等。内容包括营养素生化代谢、流行病学、危险因素、病理生理、临床诊断与治疗预防；涉及血清视黄醇及营养状态评估、裂隙灯检查、荧光素染色、眼底和晶状体照片分级、营养流行病学调查、随机对照试验，以及维生素补充、食物强化、饮食调整和白内障治疗等。"
a306b87a-27a2-40e2-af1a-0105b70d8eb3,2013年出版。本书是面向眼科、视光学临床医生、住院医师、培训医生、研究生和实习医生的临床参考手册，也适合未经眼科专业训练的医生快速查阅。全书分为快速查阅、眼科治疗和附录三部分：涵盖眼科微生物、实验室检查及操作规程、眼科诊断检查、全身用药的眼部副作用和眼科药物；系统讨论细菌、病毒、真菌及棘阿米巴等感染，免疫性疾病、泪器病、眼外伤、眼科急症、系统性突发事件、脑外伤，以及糖尿病、高血压、甲状腺相关眼病和HIV相关眼病；进一步覆盖青光眼、视网膜与玻璃体疾病、神经眼科、眼整形、小儿眼科、白内障与屈光手术。内容涉及角膜炎、葡萄膜炎、视网膜脱离、年龄相关性黄斑变性、视网膜血管阻塞、早产儿视网膜病变、视网膜母细胞瘤等，介绍药物治疗、激光、白内障超声乳化、LASIK及相关急救流程。检查与技术关键词包括CT、MRI、荧光素和吲哚青绿血管造影、眼科超声、OCT、扫描激光影像、角膜地形图、角膜测厚、眼电生理和活体共聚焦显微镜。,completed,abf2cdd1-9ec1-4807-be3b-35540a497c88,"# Summary
2013年出版。本书是面向眼科、视光学临床医生、住院医师、培训医生、研究生和实习医生的临床参考手册，也适合未经眼科专业训练的医生快速查阅。全书分为快速查阅、眼科治疗和附录三部分：涵盖眼科微生物、实验室检查及操作规程、眼科诊断检查、全身用药的眼部副作用和眼科药物；系统讨论细菌、病毒、真菌及棘阿米巴等感染，免疫性疾病、泪器病、眼外伤、眼科急症、系统性突发事件、脑外伤，以及糖尿病、高血压、甲状腺相关眼病和HIV相关眼病；进一步覆盖青光眼、视网膜与玻璃体疾病、神经眼科、眼整形、小儿眼科、白内障与屈光手术。内容涉及角膜炎、葡萄膜炎、视网膜脱离、年龄相关性黄斑变性、视网膜血管阻塞、早产儿视网膜病变、视网膜母细胞瘤等，介绍药物治疗、激光、白内障超声乳化、LASIK及相关急救流程。检查与技术关键词包括CT、MRI、荧光素和吲哚青绿血管造影、眼科超声、OCT、扫描激光影像、角膜地形图、角膜测厚、眼电生理和活体共聚焦显微镜。",3072,"# Summary
2013年出版。本书是面向眼科、视光学临床医生、住院医师、培训医生、研究生和实习医生的临床参考手册，也适合未经眼科专业训练的医生快速查阅。全书分为快速查阅、眼科治疗和附录三部分：涵盖眼科微生物、实验室检查及操作规程、眼科诊断检查、全身用药的眼部副作用和眼科药物；系统讨论细菌、病毒、真菌及棘阿米巴等感染，免疫性疾病、泪器病、眼外伤、眼科急症、系统性突发事件、脑外伤，以及糖尿病、高血压、甲状腺相关眼病和HIV相关眼病；进一步覆盖青光眼、视网膜与玻璃体疾病、神经眼科、眼整形、小儿眼科、白内障与屈光手术。内容涉及角膜炎、葡萄膜炎、视网膜脱离、年龄相关性黄斑变性、视网膜血管阻塞、早产儿视网膜病变、视网膜母细胞瘤等，介绍药物治疗、激光、白内障超声乳化、LASIK及相关急救流程。检查与技术关键词包括CT、MRI、荧光素和吲哚青绿血管造影、眼科超声、OCT、扫描激光影像、角膜地形图、角膜测厚、眼电生理和活体共聚焦显微镜。"
d72d048f-c19f-4404-a681-806242e40799,本书出版于2018年，是面向视光医师、临床眼科医师、验光师及医学院校、视光专业学生的硬性角膜接触镜验配入门与实操指导书。内容从角膜解剖生理、镜片材料、场地设备、档案设计及相关法规入手，介绍基于Placido盘的角膜地形图检查与阅读，并系统讲解RGP镜及角膜塑形镜的适配者筛选、医患沟通、验配流程、试戴评估、参数计算、定片、复查和随访。重点涵盖球面、后复曲面、双复曲面RGP镜，普通角膜塑形镜、散光设计角膜塑形镜、CRT及双矢高CRT的设计调整与常见问题处理，同时涉及戴摘镜、护理、知情同意书和验配协议等规范化操作。书中结合近视、远视、散光、儿童近视控制、弱视、圆锥角膜、角膜屈光手术后及不规则角膜散光等场景，使用角膜曲率、K值、e值、HVID、矢高、轴向图、切线图、屈光度图和高度图等检查与影像指标指导验配，并讨论角膜上皮损伤、角膜色素环、无菌性浸润或溃疡、感染性角膜炎、泪液及结膜异常等并发症的识别与处理。,completed,f3befa99-b26a-4c1d-90d2-2f59cf3ad4df,"# Summary
本书出版于2018年，是面向视光医师、临床眼科医师、验光师及医学院校、视光专业学生的硬性角膜接触镜验配入门与实操指导书。内容从角膜解剖生理、镜片材料、场地设备、档案设计及相关法规入手，介绍基于Placido盘的角膜地形图检查与阅读，并系统讲解RGP镜及角膜塑形镜的适配者筛选、医患沟通、验配流程、试戴评估、参数计算、定片、复查和随访。重点涵盖球面、后复曲面、双复曲面RGP镜，普通角膜塑形镜、散光设计角膜塑形镜、CRT及双矢高CRT的设计调整与常见问题处理，同时涉及戴摘镜、护理、知情同意书和验配协议等规范化操作。书中结合近视、远视、散光、儿童近视控制、弱视、圆锥角膜、角膜屈光手术后及不规则角膜散光等场景，使用角膜曲率、K值、e值、HVID、矢高、轴向图、切线图、屈光度图和高度图等检查与影像指标指导验配，并讨论角膜上皮损伤、角膜色素环、无菌性浸润或溃疡、感染性角膜炎、泪液及结膜异常等并发症的识别与处理。",3072,"# Summary
本书出版于2018年，是面向视光医师、临床眼科医师、验光师及医学院校、视光专业学生的硬性角膜接触镜验配入门与实操指导书。内容从角膜解剖生理、镜片材料、场地设备、档案设计及相关法规入手，介绍基于Placido盘的角膜地形图检查与阅读，并系统讲解RGP镜及角膜塑形镜的适配者筛选、医患沟通、验配流程、试戴评估、参数计算、定片、复查和随访。重点涵盖球面、后复曲面、双复曲面RGP镜，普通角膜塑形镜、散光设计角膜塑形镜、CRT及双矢高CRT的设计调整与常见问题处理，同时涉及戴摘镜、护理、知情同意书和验配协议等规范化操作。书中结合近视、远视、散光、儿童近视控制、弱视、圆锥角膜、角膜屈光手术后及不规则角膜散光等场景，使用角膜曲率、K值、e值、HVID、矢高、轴向图、切线图、屈光度图和高度图等检查与影像指标指导验配，并讨论角膜上皮损伤、角膜色素环、无菌性浸润或溃疡、感染性角膜炎、泪液及结膜异常等并发症的识别与处理。"
b551bea9-e801-47f5-9d36-8548d408f5aa,本书为David T. Tse主编、2015年出版的眼整形外科彩色手术图谱，面向眼科及整形科医师，侧重手术解剖、适应证、操作要点与并发症防治。全书涵盖总论、外伤、眼睑和眉外科、泪道系统外科、眼眶及眶周外科五大部分，内容涉及眼睑裂伤、眼眶爆裂性骨折、睑内翻与睑外翻、外眦韧带固定、上睑下垂、上下睑成形、亚洲人眼睑成形、眉成形及内镜提眉提额；还包括甲状腺相关眼病眼睑退缩、睑缘缝合、金块及弹簧植入、莫氏显微外科和眼睑重建。泪道部分涉及泪小点成形、鼻泪管探通插管、经鼻内镜或结膜入路泪囊鼻腔吻合。眼眶部分涵盖眼球摘除与义眼台植入、眼内容物及眶内容物剜除、眶窝重建、开眶、眼眶减压、视神经鞘开窗和颞动脉活检，并介绍特发性眼睑痉挛肌切除、化学及激光皮肤表层重建、肉毒杆菌毒素与组织填充剂美容应用。书中强调眼睑、眼眶解剖，临床评估，影像学和病理学辅助，以及微创、内镜、激光和新型眶内材料等技术。,completed,4d842801-c4e2-4f9f-bb18-6d522f75521d,"# Summary
本书为David T. Tse主编、2015年出版的眼整形外科彩色手术图谱，面向眼科及整形科医师，侧重手术解剖、适应证、操作要点与并发症防治。全书涵盖总论、外伤、眼睑和眉外科、泪道系统外科、眼眶及眶周外科五大部分，内容涉及眼睑裂伤、眼眶爆裂性骨折、睑内翻与睑外翻、外眦韧带固定、上睑下垂、上下睑成形、亚洲人眼睑成形、眉成形及内镜提眉提额；还包括甲状腺相关眼病眼睑退缩、睑缘缝合、金块及弹簧植入、莫氏显微外科和眼睑重建。泪道部分涉及泪小点成形、鼻泪管探通插管、经鼻内镜或结膜入路泪囊鼻腔吻合。眼眶部分涵盖眼球摘除与义眼台植入、眼内容物及眶内容物剜除、眶窝重建、开眶、眼眶减压、视神经鞘开窗和颞动脉活检，并介绍特发性眼睑痉挛肌切除、化学及激光皮肤表层重建、肉毒杆菌毒素与组织填充剂美容应用。书中强调眼睑、眼眶解剖，临床评估，影像学和病理学辅助，以及微创、内镜、激光和新型眶内材料等技术。",3072,"# Summary
本书为David T. Tse主编、2015年出版的眼整形外科彩色手术图谱，面向眼科及整形科医师，侧重手术解剖、适应证、操作要点与并发症防治。全书涵盖总论、外伤、眼睑和眉外科、泪道系统外科、眼眶及眶周外科五大部分，内容涉及眼睑裂伤、眼眶爆裂性骨折、睑内翻与睑外翻、外眦韧带固定、上睑下垂、上下睑成形、亚洲人眼睑成形、眉成形及内镜提眉提额；还包括甲状腺相关眼病眼睑退缩、睑缘缝合、金块及弹簧植入、莫氏显微外科和眼睑重建。泪道部分涉及泪小点成形、鼻泪管探通插管、经鼻内镜或结膜入路泪囊鼻腔吻合。眼眶部分涵盖眼球摘除与义眼台植入、眼内容物及眶内容物剜除、眶窝重建、开眶、眼眶减压、视神经鞘开窗和颞动脉活检，并介绍特发性眼睑痉挛肌切除、化学及激光皮肤表层重建、肉毒杆菌毒素与组织填充剂美容应用。书中强调眼睑、眼眶解剖，临床评估，影像学和病理学辅助，以及微创、内镜、激光和新型眶内材料等技术。"
111823a1-5997-4fe7-aa52-69b53609a66b,本书出版于2017年，是眼科、屈光矫正及相关护理人员学习Pentacam角膜地形图与角膜断层图的临床实用指南。全书先介绍角膜曲率计、角膜镜、计算机摄像角膜地形图、Scheimpflug原理及Pentacam等检查设备，再系统讲解角膜前后表面矢状图、切向图、高度图、角膜厚度图和厚度分布图的参数、形态及判读方法；随后建立角膜断层图阅读步骤和病例评分流程，结合屈光手术候选者的病史采集、视力与验光、干眼、眼压、裂隙灯及眼底检查，提出厚度、残余基质床（RSB）、K值、Kmax、散光、瞳孔中心与Kappa角等手术规则。书中重点涉及圆锥角膜（KC）、亚临床及顿挫型圆锥角膜（FFKC）、透明边缘变性（PMD）、透明样圆锥角膜（PLK）、角膜水肿、Fuchs角膜营养不良、角膜滴状变，并通过6个病例训练诊断、屈光手术筛查、角膜移植及相关治疗决策。,completed,4c52ae7d-df90-4b2b-9691-f8631258888c,"# Summary
本书出版于2017年，是眼科、屈光矫正及相关护理人员学习Pentacam角膜地形图与角膜断层图的临床实用指南。全书先介绍角膜曲率计、角膜镜、计算机摄像角膜地形图、Scheimpflug原理及Pentacam等检查设备，再系统讲解角膜前后表面矢状图、切向图、高度图、角膜厚度图和厚度分布图的参数、形态及判读方法；随后建立角膜断层图阅读步骤和病例评分流程，结合屈光手术候选者的病史采集、视力与验光、干眼、眼压、裂隙灯及眼底检查，提出厚度、残余基质床（RSB）、K值、Kmax、散光、瞳孔中心与Kappa角等手术规则。书中重点涉及圆锥角膜（KC）、亚临床及顿挫型圆锥角膜（FFKC）、透明边缘变性（PMD）、透明样圆锥角膜（PLK）、角膜水肿、Fuchs角膜营养不良、角膜滴状变，并通过6个病例训练诊断、屈光手术筛查、角膜移植及相关治疗决策。",3072,"# Summary
本书出版于2017年，是眼科、屈光矫正及相关护理人员学习Pentacam角膜地形图与角膜断层图的临床实用指南。全书先介绍角膜曲率计、角膜镜、计算机摄像角膜地形图、Scheimpflug原理及Pentacam等检查设备，再系统讲解角膜前后表面矢状图、切向图、高度图、角膜厚度图和厚度分布图的参数、形态及判读方法；随后建立角膜断层图阅读步骤和病例评分流程，结合屈光手术候选者的病史采集、视力与验光、干眼、眼压、裂隙灯及眼底检查，提出厚度、残余基质床（RSB）、K值、Kmax、散光、瞳孔中心与Kappa角等手术规则。书中重点涉及圆锥角膜（KC）、亚临床及顿挫型圆锥角膜（FFKC）、透明边缘变性（PMD）、透明样圆锥角膜（PLK）、角膜水肿、Fuchs角膜营养不良、角膜滴状变，并通过6个病例训练诊断、屈光手术筛查、角膜移植及相关治疗决策。"
374de8a1-37af-4002-992d-d0051824c392,李文华等主编，2004年出版。本书是面向医学影像学工作者及各级临床眼科医师的眼科影像学专著，强调影像表现与临床资料结合，服务于诊断、鉴别诊断、手术计划和疗效评估。全书从影像学解剖、生理、胚胎发育、正常表现及疾病基本征象入手，系统介绍X线、超声（US）、超声生物显微镜（UBM）、CT、MRI及泪道核素检查；继而讨论视觉通路、视神经及眼运动和感觉神经病变。各论涵盖先天畸形、炎症与感染、眼部及眼眶肿瘤、眼外伤和异物定位、泪器疾病、血管性疾病、青光眼、白内障、黄斑变性、视网膜脱离，以及甲状腺相关眼病、糖尿病视网膜病变等全身疾病相关眼部表现。后半部分重点涉及青光眼手术、准分子激光屈光手术、人工晶状体和义眼植入、眶内容剜除与重建、US或CT引导穿刺活检、鼻泪管球囊成形及支架、颈动脉海绵窦瘘栓塞、视网膜中央动脉闭塞溶栓和肿瘤血管内灌注化疗。,completed,5a4fbb07-3a86-497f-85fd-c4f380cfb2dd,"# Summary
李文华等主编，2004年出版。本书是面向医学影像学工作者及各级临床眼科医师的眼科影像学专著，强调影像表现与临床资料结合，服务于诊断、鉴别诊断、手术计划和疗效评估。全书从影像学解剖、生理、胚胎发育、正常表现及疾病基本征象入手，系统介绍X线、超声（US）、超声生物显微镜（UBM）、CT、MRI及泪道核素检查；继而讨论视觉通路、视神经及眼运动和感觉神经病变。各论涵盖先天畸形、炎症与感染、眼部及眼眶肿瘤、眼外伤和异物定位、泪器疾病、血管性疾病、青光眼、白内障、黄斑变性、视网膜脱离，以及甲状腺相关眼病、糖尿病视网膜病变等全身疾病相关眼部表现。后半部分重点涉及青光眼手术、准分子激光屈光手术、人工晶状体和义眼植入、眶内容剜除与重建、US或CT引导穿刺活检、鼻泪管球囊成形及支架、颈动脉海绵窦瘘栓塞、视网膜中央动脉闭塞溶栓和肿瘤血管内灌注化疗。",3072,"# Summary
李文华等主编，2004年出版。本书是面向医学影像学工作者及各级临床眼科医师的眼科影像学专著，强调影像表现与临床资料结合，服务于诊断、鉴别诊断、手术计划和疗效评估。全书从影像学解剖、生理、胚胎发育、正常表现及疾病基本征象入手，系统介绍X线、超声（US）、超声生物显微镜（UBM）、CT、MRI及泪道核素检查；继而讨论视觉通路、视神经及眼运动和感觉神经病变。各论涵盖先天畸形、炎症与感染、眼部及眼眶肿瘤、眼外伤和异物定位、泪器疾病、血管性疾病、青光眼、白内障、黄斑变性、视网膜脱离，以及甲状腺相关眼病、糖尿病视网膜病变等全身疾病相关眼部表现。后半部分重点涉及青光眼手术、准分子激光屈光手术、人工晶状体和义眼植入、眶内容剜除与重建、US或CT引导穿刺活检、鼻泪管球囊成形及支架、颈动脉海绵窦瘘栓塞、视网膜中央动脉闭塞溶栓和肿瘤血管内灌注化疗。"
b220ffb3-1491-4f52-b798-8a98d3c4d83f,本书2015年出版，定位于眼科临床医师及超声生物显微镜（UBM）仪器使用者的实用参考书。全书介绍超声波物理特性、高频超声成像原理、设备构成、扫描方式、检查操作、参数调节及禁忌证，系统展示正常眼前段结构与UBM影像表现。内容涵盖角膜、结膜、巩膜疾病，原发性闭角型、恶性、发育性及继发性青光眼，青光眼激发试验和抗青光眼手术评价，白内障、晶状体形态及位置异常、人工晶体，虹膜睫状体炎、中间葡萄膜炎、Vogt-小柳-原田综合征、交感性眼炎、睫状上皮脱离，周边部视网膜脱离、前部增生性玻璃体视网膜病变及玻璃体视网膜手术，前房积血、虹膜根部离断、房角后退、睫状体脱离、眼球穿通伤、巩膜裂伤和眼前段异物，以及角结膜肿瘤、虹膜睫状体囊肿与肿瘤、转移性肿瘤、肉芽肿性病变、淋巴瘤及肿瘤测量定位等。,completed,285e1630-cfe7-430d-b081-b1cf860d7998,"# Summary
本书2015年出版，定位于眼科临床医师及超声生物显微镜（UBM）仪器使用者的实用参考书。全书介绍超声波物理特性、高频超声成像原理、设备构成、扫描方式、检查操作、参数调节及禁忌证，系统展示正常眼前段结构与UBM影像表现。内容涵盖角膜、结膜、巩膜疾病，原发性闭角型、恶性、发育性及继发性青光眼，青光眼激发试验和抗青光眼手术评价，白内障、晶状体形态及位置异常、人工晶体，虹膜睫状体炎、中间葡萄膜炎、Vogt-小柳-原田综合征、交感性眼炎、睫状上皮脱离，周边部视网膜脱离、前部增生性玻璃体视网膜病变及玻璃体视网膜手术，前房积血、虹膜根部离断、房角后退、睫状体脱离、眼球穿通伤、巩膜裂伤和眼前段异物，以及角结膜肿瘤、虹膜睫状体囊肿与肿瘤、转移性肿瘤、肉芽肿性病变、淋巴瘤及肿瘤测量定位等。",3072,"# Summary
本书2015年出版，定位于眼科临床医师及超声生物显微镜（UBM）仪器使用者的实用参考书。全书介绍超声波物理特性、高频超声成像原理、设备构成、扫描方式、检查操作、参数调节及禁忌证，系统展示正常眼前段结构与UBM影像表现。内容涵盖角膜、结膜、巩膜疾病，原发性闭角型、恶性、发育性及继发性青光眼，青光眼激发试验和抗青光眼手术评价，白内障、晶状体形态及位置异常、人工晶体，虹膜睫状体炎、中间葡萄膜炎、Vogt-小柳-原田综合征、交感性眼炎、睫状上皮脱离，周边部视网膜脱离、前部增生性玻璃体视网膜病变及玻璃体视网膜手术，前房积血、虹膜根部离断、房角后退、睫状体脱离、眼球穿通伤、巩膜裂伤和眼前段异物，以及角结膜肿瘤、虹膜睫状体囊肿与肿瘤、转移性肿瘤、肉芽肿性病变、淋巴瘤及肿瘤测量定位等。"
1a33480e-e06c-46ad-ab6f-07d1962f087b,本书出版于2015年，是2017年出版的儿童白内障专著，定位于眼科医师、儿科医师及从事小儿眼科手术与术后管理的临床人员。全书围绕术前评价、外科技术、先天性及系统性疾病相关白内障、术后管理与并发症处理、未来发展五部分展开，涵盖先天性白内障遗传学、病因形态、流行病学、视力筛查、视觉发育关键期、手术时机及人工晶状体度数选择，并讨论麻醉、眼内炎预防、切口构造、黏弹剂、前囊处理、水分离、晶状体吸出、后囊膜切开、前部玻璃体切割和一期、二期及无囊膜支撑人工晶状体植入。还涉及后囊缺损、持续性胎儿血管、外伤性白内障、无虹膜、晶状体异位、葡萄膜炎、早产儿视网膜病变及放射性白内障。术后部分重点介绍用药随访、屈光不正、眼镜和角膜接触镜、弱视、斜视、继发青光眼、近视漂移、低视力康复及生活质量。,completed,f4fb8582-ba9f-4b23-8f6f-7105bc2c420c,"# Summary
本书出版于2015年，是2017年出版的儿童白内障专著，定位于眼科医师、儿科医师及从事小儿眼科手术与术后管理的临床人员。全书围绕术前评价、外科技术、先天性及系统性疾病相关白内障、术后管理与并发症处理、未来发展五部分展开，涵盖先天性白内障遗传学、病因形态、流行病学、视力筛查、视觉发育关键期、手术时机及人工晶状体度数选择，并讨论麻醉、眼内炎预防、切口构造、黏弹剂、前囊处理、水分离、晶状体吸出、后囊膜切开、前部玻璃体切割和一期、二期及无囊膜支撑人工晶状体植入。还涉及后囊缺损、持续性胎儿血管、外伤性白内障、无虹膜、晶状体异位、葡萄膜炎、早产儿视网膜病变及放射性白内障。术后部分重点介绍用药随访、屈光不正、眼镜和角膜接触镜、弱视、斜视、继发青光眼、近视漂移、低视力康复及生活质量。",3072,"# Summary
本书出版于2015年，是2017年出版的儿童白内障专著，定位于眼科医师、儿科医师及从事小儿眼科手术与术后管理的临床人员。全书围绕术前评价、外科技术、先天性及系统性疾病相关白内障、术后管理与并发症处理、未来发展五部分展开，涵盖先天性白内障遗传学、病因形态、流行病学、视力筛查、视觉发育关键期、手术时机及人工晶状体度数选择，并讨论麻醉、眼内炎预防、切口构造、黏弹剂、前囊处理、水分离、晶状体吸出、后囊膜切开、前部玻璃体切割和一期、二期及无囊膜支撑人工晶状体植入。还涉及后囊缺损、持续性胎儿血管、外伤性白内障、无虹膜、晶状体异位、葡萄膜炎、早产儿视网膜病变及放射性白内障。术后部分重点介绍用药随访、屈光不正、眼镜和角膜接触镜、弱视、斜视、继发青光眼、近视漂移、低视力康复及生活质量。"
c9a32565-f665-4c00-aac5-7a1b261f53be,本书出版于2014年，是谢立信、史伟云著，2007年出版，是面向眼科研究生、住院医师及角膜病临床与科研人员的专科参考书。全书分角膜应用基础、检查法、疾病和手术学四篇，系统介绍角膜胚胎发育、泪膜、解剖组织、生理病理、生物化学、角膜缘干细胞、免疫学、微生物、药理药物治疗及羊膜应用；涵盖共焦显微镜、角膜内皮显微镜、角膜曲率计、角膜地形图、角膜厚度、裂隙灯照相、泪功能、印迹细胞学、微生物学及基因诊断检查。疾病部分包括细菌性、真菌性、病毒性、棘阿米巴角膜炎，免疫性角膜病，营养不良与变性、圆锥角膜、翼状胬肉、外伤性疾病及角膜肿瘤。手术部分重点阐述眼库、麻醉、穿透性和板层角膜移植、高危及儿童角膜移植、联合手术、眼外伤移植、人工角膜，以及术后免疫排斥、青光眼、植片溃疡、散光等并发症处理。,completed,3994e0aa-3143-414e-b49d-501a2dec924e,"# Summary
本书出版于2014年，是谢立信、史伟云著，2007年出版，是面向眼科研究生、住院医师及角膜病临床与科研人员的专科参考书。全书分角膜应用基础、检查法、疾病和手术学四篇，系统介绍角膜胚胎发育、泪膜、解剖组织、生理病理、生物化学、角膜缘干细胞、免疫学、微生物、药理药物治疗及羊膜应用；涵盖共焦显微镜、角膜内皮显微镜、角膜曲率计、角膜地形图、角膜厚度、裂隙灯照相、泪功能、印迹细胞学、微生物学及基因诊断检查。疾病部分包括细菌性、真菌性、病毒性、棘阿米巴角膜炎，免疫性角膜病，营养不良与变性、圆锥角膜、翼状胬肉、外伤性疾病及角膜肿瘤。手术部分重点阐述眼库、麻醉、穿透性和板层角膜移植、高危及儿童角膜移植、联合手术、眼外伤移植、人工角膜，以及术后免疫排斥、青光眼、植片溃疡、散光等并发症处理。",3072,"# Summary
本书出版于2014年，是谢立信、史伟云著，2007年出版，是面向眼科研究生、住院医师及角膜病临床与科研人员的专科参考书。全书分角膜应用基础、检查法、疾病和手术学四篇，系统介绍角膜胚胎发育、泪膜、解剖组织、生理病理、生物化学、角膜缘干细胞、免疫学、微生物、药理药物治疗及羊膜应用；涵盖共焦显微镜、角膜内皮显微镜、角膜曲率计、角膜地形图、角膜厚度、裂隙灯照相、泪功能、印迹细胞学、微生物学及基因诊断检查。疾病部分包括细菌性、真菌性、病毒性、棘阿米巴角膜炎，免疫性角膜病，营养不良与变性、圆锥角膜、翼状胬肉、外伤性疾病及角膜肿瘤。手术部分重点阐述眼库、麻醉、穿透性和板层角膜移植、高危及儿童角膜移植、联合手术、眼外伤移植、人工角膜，以及术后免疫排斥、青光眼、植片溃疡、散光等并发症处理。"
a73a7f8a-4115-4c2c-9af5-e2809f0008de,本书出版于2015年，由朱志忠编著，2016年出版，定位为眼表亚专业人才培养的理论与实践结合型应用教材，亦可供眼科临床、教学和科研人员参考。全书分应用性基础理论、临床诊疗、治疗和增视性眼表手术三篇，涵盖角膜应用性解剖生理、眼表细胞学检查、眼表用药、泪膜与干眼、眼表理学检查及角膜水肿；系统讨论感染性角膜溃疡、铜绿假单胞菌性角膜溃疡、真菌性角膜炎、红眼、眼表烧伤、蚕蚀性角膜溃疡、圆锥角膜、复发性角膜上皮糜烂、接触镜相关眼病、医源性角膜结膜毒性和眼表肿瘤。内容涉及光学显微镜、荧光显微镜、电子显微镜、共聚焦显微镜及印迹细胞学等检查与影像观察，并介绍后弹力层膨出、角膜穿孔处理，羊膜贴敷、眼库与角膜保存、深板层角膜移植、角膜缘干细胞移植、治疗性及增视性角膜移植、成分性角膜移植和人工角膜等技术。,completed,7b2c8c19-8fbc-4ac4-8e20-1bb2cda8c0d3,"# Summary
本书出版于2015年，由朱志忠编著，2016年出版，定位为眼表亚专业人才培养的理论与实践结合型应用教材，亦可供眼科临床、教学和科研人员参考。全书分应用性基础理论、临床诊疗、治疗和增视性眼表手术三篇，涵盖角膜应用性解剖生理、眼表细胞学检查、眼表用药、泪膜与干眼、眼表理学检查及角膜水肿；系统讨论感染性角膜溃疡、铜绿假单胞菌性角膜溃疡、真菌性角膜炎、红眼、眼表烧伤、蚕蚀性角膜溃疡、圆锥角膜、复发性角膜上皮糜烂、接触镜相关眼病、医源性角膜结膜毒性和眼表肿瘤。内容涉及光学显微镜、荧光显微镜、电子显微镜、共聚焦显微镜及印迹细胞学等检查与影像观察，并介绍后弹力层膨出、角膜穿孔处理，羊膜贴敷、眼库与角膜保存、深板层角膜移植、角膜缘干细胞移植、治疗性及增视性角膜移植、成分性角膜移植和人工角膜等技术。",3072,"# Summary
本书出版于2015年，由朱志忠编著，2016年出版，定位为眼表亚专业人才培养的理论与实践结合型应用教材，亦可供眼科临床、教学和科研人员参考。全书分应用性基础理论、临床诊疗、治疗和增视性眼表手术三篇，涵盖角膜应用性解剖生理、眼表细胞学检查、眼表用药、泪膜与干眼、眼表理学检查及角膜水肿；系统讨论感染性角膜溃疡、铜绿假单胞菌性角膜溃疡、真菌性角膜炎、红眼、眼表烧伤、蚕蚀性角膜溃疡、圆锥角膜、复发性角膜上皮糜烂、接触镜相关眼病、医源性角膜结膜毒性和眼表肿瘤。内容涉及光学显微镜、荧光显微镜、电子显微镜、共聚焦显微镜及印迹细胞学等检查与影像观察，并介绍后弹力层膨出、角膜穿孔处理，羊膜贴敷、眼库与角膜保存、深板层角膜移植、角膜缘干细胞移植、治疗性及增视性角膜移植、成分性角膜移植和人工角膜等技术。"
b84c2b1f-0aed-4ac0-ba40-3b350019141b,本书出版于2015年，是面向眼科医师、视野检查技师及相关专业人员的临床视野学参考书，重点服务于青光眼、神经眼科及视网膜疾病的诊断、治疗评估和随访。全书从临床视野检查发展、新型检测技术和常用术语入手，系统讲解光学、眼与视路解剖生理、心理物理学、视岛与等视线、动态及静态阈值检查和正常值；继而介绍Humphrey自动视野计的硬件、软件、操作、SITA策略、可靠性指标、统计分析、程序选择及伪迹识别。核心内容包括视野报告阅读、灰度图与偏差图分析、GHT和视野指数、视野缺损类型及进展判断，重点阐述原发性开角型、正常眼压性和闭角型青光眼的视野改变、分级、随访、筛查及手术后评价，并延伸至视路病变、视神经和视交叉疾病、视网膜色素变性、糖尿病视网膜病变、黄斑病变、视网膜脱离、近视、白内障及人工晶状体术后改变，还涉及功能性视野异常、驾驶与视力残疾评定，以及短波长、倍频、mfVEP、闪烁、瞳孔、视觉运动觉、高通分辨和Rarebit等检测技术。,completed,fb7a5ef3-82f2-42d9-bc85-c17e55eff509,"# Summary
本书出版于2015年，是面向眼科医师、视野检查技师及相关专业人员的临床视野学参考书，重点服务于青光眼、神经眼科及视网膜疾病的诊断、治疗评估和随访。全书从临床视野检查发展、新型检测技术和常用术语入手，系统讲解光学、眼与视路解剖生理、心理物理学、视岛与等视线、动态及静态阈值检查和正常值；继而介绍Humphrey自动视野计的硬件、软件、操作、SITA策略、可靠性指标、统计分析、程序选择及伪迹识别。核心内容包括视野报告阅读、灰度图与偏差图分析、GHT和视野指数、视野缺损类型及进展判断，重点阐述原发性开角型、正常眼压性和闭角型青光眼的视野改变、分级、随访、筛查及手术后评价，并延伸至视路病变、视神经和视交叉疾病、视网膜色素变性、糖尿病视网膜病变、黄斑病变、视网膜脱离、近视、白内障及人工晶状体术后改变，还涉及功能性视野异常、驾驶与视力残疾评定，以及短波长、倍频、mfVEP、闪烁、瞳孔、视觉运动觉、高通分辨和Rarebit等检测技术。",3072,"# Summary
本书出版于2015年，是面向眼科医师、视野检查技师及相关专业人员的临床视野学参考书，重点服务于青光眼、神经眼科及视网膜疾病的诊断、治疗评估和随访。全书从临床视野检查发展、新型检测技术和常用术语入手，系统讲解光学、眼与视路解剖生理、心理物理学、视岛与等视线、动态及静态阈值检查和正常值；继而介绍Humphrey自动视野计的硬件、软件、操作、SITA策略、可靠性指标、统计分析、程序选择及伪迹识别。核心内容包括视野报告阅读、灰度图与偏差图分析、GHT和视野指数、视野缺损类型及进展判断，重点阐述原发性开角型、正常眼压性和闭角型青光眼的视野改变、分级、随访、筛查及手术后评价，并延伸至视路病变、视神经和视交叉疾病、视网膜色素变性、糖尿病视网膜病变、黄斑病变、视网膜脱离、近视、白内障及人工晶状体术后改变，还涉及功能性视野异常、驾驶与视力残疾评定，以及短波长、倍频、mfVEP、闪烁、瞳孔、视觉运动觉、高通分辨和Rarebit等检测技术。"
b1bc972c-3cc8-404f-b523-d5ac3beb60b9,本书为黄厚斌编著、2015年出版的眼科入门教材，面向住院医师、主治医师、进修生、研究生及眼底病临床研究人员，重点帮助初学者掌握荧光素眼底血管造影（FFA）原理、操作与阅片。全书围绕三部分展开：荧光素及眼底照相机、生理屏障、造影准备与流程、不良反应和报告书写；视网膜、视盘、黄斑及脉络膜的正常荧光、循环时间和分期；异常荧光的系统判读，包括遮蔽荧光、充盈缺损、脉络膜皱褶、透见荧光、渗漏、组织着染、染料积存、自发及假荧光，以及血管纡曲、扩张、狭窄、视网膜内微血管异常、新生血管、血管瘤和肿瘤血管。书中结合大量病例图像，涉及视网膜中央动脉阻塞、Coats病、Stargardt病、脉络膜新生血管等，并联系彩色眼底照相、无赤光、红外、自发荧光、OCT及吲哚青绿造影进行鉴别分析。,completed,f6ecd8e2-e6fd-47b1-b0ec-4519638902e4,"# Summary
本书为黄厚斌编著、2015年出版的眼科入门教材，面向住院医师、主治医师、进修生、研究生及眼底病临床研究人员，重点帮助初学者掌握荧光素眼底血管造影（FFA）原理、操作与阅片。全书围绕三部分展开：荧光素及眼底照相机、生理屏障、造影准备与流程、不良反应和报告书写；视网膜、视盘、黄斑及脉络膜的正常荧光、循环时间和分期；异常荧光的系统判读，包括遮蔽荧光、充盈缺损、脉络膜皱褶、透见荧光、渗漏、组织着染、染料积存、自发及假荧光，以及血管纡曲、扩张、狭窄、视网膜内微血管异常、新生血管、血管瘤和肿瘤血管。书中结合大量病例图像，涉及视网膜中央动脉阻塞、Coats病、Stargardt病、脉络膜新生血管等，并联系彩色眼底照相、无赤光、红外、自发荧光、OCT及吲哚青绿造影进行鉴别分析。",3072,"# Summary
本书为黄厚斌编著、2015年出版的眼科入门教材，面向住院医师、主治医师、进修生、研究生及眼底病临床研究人员，重点帮助初学者掌握荧光素眼底血管造影（FFA）原理、操作与阅片。全书围绕三部分展开：荧光素及眼底照相机、生理屏障、造影准备与流程、不良反应和报告书写；视网膜、视盘、黄斑及脉络膜的正常荧光、循环时间和分期；异常荧光的系统判读，包括遮蔽荧光、充盈缺损、脉络膜皱褶、透见荧光、渗漏、组织着染、染料积存、自发及假荧光，以及血管纡曲、扩张、狭窄、视网膜内微血管异常、新生血管、血管瘤和肿瘤血管。书中结合大量病例图像，涉及视网膜中央动脉阻塞、Coats病、Stargardt病、脉络膜新生血管等，并联系彩色眼底照相、无赤光、红外、自发荧光、OCT及吲哚青绿造影进行鉴别分析。"
8e03975e-d0e0-4008-a06a-2cea5e451a82,《简明眼超声诊断手册》出版于2015年，面向眼科、超声诊断科医师、相关临床医师及师生，适用于眼部超声检查、疾病诊断与治疗随访。全书共41章，先介绍眼超声临床诊断基础、眼球及眼眶解剖、检查适应证与方法、横切/纵切/轴位扫查、声像图评估和生物测量；继而按眼球壁至眼内容展开，涵盖巩膜葡萄肿、巩膜炎、巩膜裂伤、脉络膜缺损、脉络膜脱离及上腔出血、虹膜睫状体囊肿、脉络膜黑色素瘤、血管瘤和转移瘤；系统讲解视网膜脱离、早产儿视网膜病变、Coats病、视网膜母细胞瘤、糖尿病视网膜病变、视网膜劈裂；并涉及玻璃体后脱离、星状变性、永存玻璃体动脉、永存原始玻璃体增生症、玻璃体积血、增生性玻璃体视网膜病变、晶状体脱位、闭角型及特殊类型青光眼、虹膜根部离断、房角后退、睫状体脱离、眼内异物；后续介绍眼眶炎性假瘤、淋巴瘤、泪腺炎及肿瘤、海绵状血管瘤、颈动脉海绵窦瘘、甲状腺相关性眼眶病、术后超声形态、UBM及超声伪像。,completed,1ce8d4f3-09c4-4d7a-9621-0c1de1724664,"# Summary
《简明眼超声诊断手册》出版于2015年，面向眼科、超声诊断科医师、相关临床医师及师生，适用于眼部超声检查、疾病诊断与治疗随访。全书共41章，先介绍眼超声临床诊断基础、眼球及眼眶解剖、检查适应证与方法、横切/纵切/轴位扫查、声像图评估和生物测量；继而按眼球壁至眼内容展开，涵盖巩膜葡萄肿、巩膜炎、巩膜裂伤、脉络膜缺损、脉络膜脱离及上腔出血、虹膜睫状体囊肿、脉络膜黑色素瘤、血管瘤和转移瘤；系统讲解视网膜脱离、早产儿视网膜病变、Coats病、视网膜母细胞瘤、糖尿病视网膜病变、视网膜劈裂；并涉及玻璃体后脱离、星状变性、永存玻璃体动脉、永存原始玻璃体增生症、玻璃体积血、增生性玻璃体视网膜病变、晶状体脱位、闭角型及特殊类型青光眼、虹膜根部离断、房角后退、睫状体脱离、眼内异物；后续介绍眼眶炎性假瘤、淋巴瘤、泪腺炎及肿瘤、海绵状血管瘤、颈动脉海绵窦瘘、甲状腺相关性眼眶病、术后超声形态、UBM及超声伪像。",3072,"# Summary
《简明眼超声诊断手册》出版于2015年，面向眼科、超声诊断科医师、相关临床医师及师生，适用于眼部超声检查、疾病诊断与治疗随访。全书共41章，先介绍眼超声临床诊断基础、眼球及眼眶解剖、检查适应证与方法、横切/纵切/轴位扫查、声像图评估和生物测量；继而按眼球壁至眼内容展开，涵盖巩膜葡萄肿、巩膜炎、巩膜裂伤、脉络膜缺损、脉络膜脱离及上腔出血、虹膜睫状体囊肿、脉络膜黑色素瘤、血管瘤和转移瘤；系统讲解视网膜脱离、早产儿视网膜病变、Coats病、视网膜母细胞瘤、糖尿病视网膜病变、视网膜劈裂；并涉及玻璃体后脱离、星状变性、永存玻璃体动脉、永存原始玻璃体增生症、玻璃体积血、增生性玻璃体视网膜病变、晶状体脱位、闭角型及特殊类型青光眼、虹膜根部离断、房角后退、睫状体脱离、眼内异物；后续介绍眼眶炎性假瘤、淋巴瘤、泪腺炎及肿瘤、海绵状血管瘤、颈动脉海绵窦瘘、甲状腺相关性眼眶病、术后超声形态、UBM及超声伪像。"
d68a78ee-768d-4c74-93e8-c6a9239f0276,本书由魏文斌主编，2014年出版，是北京同仁医院眼科临床诊疗规范与经验总结，适用于眼科医师、进修医师及相关医护人员。内容从病史采集和常用检查入手，涵盖视力、视野、色觉、裂隙灯、前房角镜、眼底、眼压、屈光及眼外肌功能检查，并介绍角膜地形图、角膜内皮显微镜、HRT、GDx、RetCam、超声、荧光素眼底血管造影、OCT和视觉电生理等特殊检查。疾病部分系统涉及眼睑、泪器、结膜、角膜、巩膜、晶状体、青光眼、葡萄膜、玻璃体视网膜、神经眼科、眼视光、斜视弱视、眼眶、眼外伤及眼与全身病，重点包括白内障、各型青光眼、葡萄膜炎、视网膜脱离、黄斑病变、糖尿病视网膜病变、视神经病变、屈光不正和眼眶肿瘤等。书中结合药物、激光、注射、屈光手术、斜视手术、眼睑及泪道手术、眼外伤缝合、眼内炎前房冲洗和玻璃体内注药等治疗技术，突出临床诊断、鉴别、操作规范与疗效评估。,completed,b8898738-0bfd-4289-9777-eb0d0ca0b326,"# Summary
本书由魏文斌主编，2014年出版，是北京同仁医院眼科临床诊疗规范与经验总结，适用于眼科医师、进修医师及相关医护人员。内容从病史采集和常用检查入手，涵盖视力、视野、色觉、裂隙灯、前房角镜、眼底、眼压、屈光及眼外肌功能检查，并介绍角膜地形图、角膜内皮显微镜、HRT、GDx、RetCam、超声、荧光素眼底血管造影、OCT和视觉电生理等特殊检查。疾病部分系统涉及眼睑、泪器、结膜、角膜、巩膜、晶状体、青光眼、葡萄膜、玻璃体视网膜、神经眼科、眼视光、斜视弱视、眼眶、眼外伤及眼与全身病，重点包括白内障、各型青光眼、葡萄膜炎、视网膜脱离、黄斑病变、糖尿病视网膜病变、视神经病变、屈光不正和眼眶肿瘤等。书中结合药物、激光、注射、屈光手术、斜视手术、眼睑及泪道手术、眼外伤缝合、眼内炎前房冲洗和玻璃体内注药等治疗技术，突出临床诊断、鉴别、操作规范与疗效评估。",3072,"# Summary
本书由魏文斌主编，2014年出版，是北京同仁医院眼科临床诊疗规范与经验总结，适用于眼科医师、进修医师及相关医护人员。内容从病史采集和常用检查入手，涵盖视力、视野、色觉、裂隙灯、前房角镜、眼底、眼压、屈光及眼外肌功能检查，并介绍角膜地形图、角膜内皮显微镜、HRT、GDx、RetCam、超声、荧光素眼底血管造影、OCT和视觉电生理等特殊检查。疾病部分系统涉及眼睑、泪器、结膜、角膜、巩膜、晶状体、青光眼、葡萄膜、玻璃体视网膜、神经眼科、眼视光、斜视弱视、眼眶、眼外伤及眼与全身病，重点包括白内障、各型青光眼、葡萄膜炎、视网膜脱离、黄斑病变、糖尿病视网膜病变、视神经病变、屈光不正和眼眶肿瘤等。书中结合药物、激光、注射、屈光手术、斜视手术、眼睑及泪道手术、眼外伤缝合、眼内炎前房冲洗和玻璃体内注药等治疗技术，突出临床诊断、鉴别、操作规范与疗效评估。"
1fc37df3-65e0-4dad-8558-a7696da44645,本书由杨柳主编，2013年出版，定位为面向眼科医师，尤其是低年资医生和学习者的葡萄膜炎临床参考图谱。全书以典型病例图像结合简要文字，系统介绍葡萄膜炎的定义、分类、病因变迁及前、中、后葡萄膜炎的临床表现。内容涵盖感染性葡萄膜炎，包括细菌、螺旋体、病毒、真菌、原虫和寄生虫感染；非感染性葡萄膜炎，包括晶状体相关性葡萄膜炎、交感性眼炎、Fuchs异色性虹膜睫状体炎、Behçet病、结节病、Vogt-小柳-原田病及风湿病、结缔组织病相关病变；并涉及伪装综合征、脉络膜毛细血管—玻璃膜—视网膜色素上皮复合体炎症性疾病和葡萄膜异常。书中收录前节照相、眼底照相、荧光素及吲哚青绿眼底血管造影、眼底自发荧光、相干光断层扫描、超声生物显微镜等检查影像，为诊断、鉴别诊断、治疗决策、并发症处理及复杂白内障和玻璃体视网膜手术提供参考。,completed,0b08bd94-ebaf-44af-abdc-8c44865abc57,"# Summary
本书由杨柳主编，2013年出版，定位为面向眼科医师，尤其是低年资医生和学习者的葡萄膜炎临床参考图谱。全书以典型病例图像结合简要文字，系统介绍葡萄膜炎的定义、分类、病因变迁及前、中、后葡萄膜炎的临床表现。内容涵盖感染性葡萄膜炎，包括细菌、螺旋体、病毒、真菌、原虫和寄生虫感染；非感染性葡萄膜炎，包括晶状体相关性葡萄膜炎、交感性眼炎、Fuchs异色性虹膜睫状体炎、Behçet病、结节病、Vogt-小柳-原田病及风湿病、结缔组织病相关病变；并涉及伪装综合征、脉络膜毛细血管—玻璃膜—视网膜色素上皮复合体炎症性疾病和葡萄膜异常。书中收录前节照相、眼底照相、荧光素及吲哚青绿眼底血管造影、眼底自发荧光、相干光断层扫描、超声生物显微镜等检查影像，为诊断、鉴别诊断、治疗决策、并发症处理及复杂白内障和玻璃体视网膜手术提供参考。",3072,"# Summary
本书由杨柳主编，2013年出版，定位为面向眼科医师，尤其是低年资医生和学习者的葡萄膜炎临床参考图谱。全书以典型病例图像结合简要文字，系统介绍葡萄膜炎的定义、分类、病因变迁及前、中、后葡萄膜炎的临床表现。内容涵盖感染性葡萄膜炎，包括细菌、螺旋体、病毒、真菌、原虫和寄生虫感染；非感染性葡萄膜炎，包括晶状体相关性葡萄膜炎、交感性眼炎、Fuchs异色性虹膜睫状体炎、Behçet病、结节病、Vogt-小柳-原田病及风湿病、结缔组织病相关病变；并涉及伪装综合征、脉络膜毛细血管—玻璃膜—视网膜色素上皮复合体炎症性疾病和葡萄膜异常。书中收录前节照相、眼底照相、荧光素及吲哚青绿眼底血管造影、眼底自发荧光、相干光断层扫描、超声生物显微镜等检查影像，为诊断、鉴别诊断、治疗决策、并发症处理及复杂白内障和玻璃体视网膜手术提供参考。"
454773d5-4372-46b2-bd82-6f913626e8aa,本书出版于2013年，是2011年出版的眼科新技术应用专著，面向眼科及眼底病临床医师、玻璃体视网膜专业人员和OCT检查操作与研究人员。全书以频域光学相干断层成像（FD-OCT）为核心，介绍OCT基本原理、TD-OCT与FD-OCT/SD-OCT技术、成像参数及正常和异常黄斑图像判读，结合临床病例讲解视网膜分层结构、视网膜外层、IS/OS带及RPE等影像特征。内容覆盖玻璃体后脱离、玻璃体视网膜界面综合征、黄斑前膜、黄斑裂孔，中心性浆液性脉络膜视网膜病变、年龄相关黄斑变性、息肉样脉络膜血管病变、高度近视和远视相关眼底改变，视网膜动静脉阻塞、糖尿病视网膜病变、视网膜大动脉瘤，先天及遗传性视网膜病变，缺血性视神经病变、视盘小凹，以及葡萄膜炎、脉络膜血管瘤、骨瘤、黑色素瘤、视盘玻璃膜疣和外伤性病变。书中还涉及黄斑裂孔玻璃体手术前后OCT观察、裂孔闭合、术后视力预后及体位指导，突出频域OCT在无损、高分辨率、快速视网膜影像检查和临床诊疗中的应用。,completed,56697d99-1a54-4131-8e71-42493c6782b4,"# Summary
本书出版于2013年，是2011年出版的眼科新技术应用专著，面向眼科及眼底病临床医师、玻璃体视网膜专业人员和OCT检查操作与研究人员。全书以频域光学相干断层成像（FD-OCT）为核心，介绍OCT基本原理、TD-OCT与FD-OCT/SD-OCT技术、成像参数及正常和异常黄斑图像判读，结合临床病例讲解视网膜分层结构、视网膜外层、IS/OS带及RPE等影像特征。内容覆盖玻璃体后脱离、玻璃体视网膜界面综合征、黄斑前膜、黄斑裂孔，中心性浆液性脉络膜视网膜病变、年龄相关黄斑变性、息肉样脉络膜血管病变、高度近视和远视相关眼底改变，视网膜动静脉阻塞、糖尿病视网膜病变、视网膜大动脉瘤，先天及遗传性视网膜病变，缺血性视神经病变、视盘小凹，以及葡萄膜炎、脉络膜血管瘤、骨瘤、黑色素瘤、视盘玻璃膜疣和外伤性病变。书中还涉及黄斑裂孔玻璃体手术前后OCT观察、裂孔闭合、术后视力预后及体位指导，突出频域OCT在无损、高分辨率、快速视网膜影像检查和临床诊疗中的应用。",3072,"# Summary
本书出版于2013年，是2011年出版的眼科新技术应用专著，面向眼科及眼底病临床医师、玻璃体视网膜专业人员和OCT检查操作与研究人员。全书以频域光学相干断层成像（FD-OCT）为核心，介绍OCT基本原理、TD-OCT与FD-OCT/SD-OCT技术、成像参数及正常和异常黄斑图像判读，结合临床病例讲解视网膜分层结构、视网膜外层、IS/OS带及RPE等影像特征。内容覆盖玻璃体后脱离、玻璃体视网膜界面综合征、黄斑前膜、黄斑裂孔，中心性浆液性脉络膜视网膜病变、年龄相关黄斑变性、息肉样脉络膜血管病变、高度近视和远视相关眼底改变，视网膜动静脉阻塞、糖尿病视网膜病变、视网膜大动脉瘤，先天及遗传性视网膜病变，缺血性视神经病变、视盘小凹，以及葡萄膜炎、脉络膜血管瘤、骨瘤、黑色素瘤、视盘玻璃膜疣和外伤性病变。书中还涉及黄斑裂孔玻璃体手术前后OCT观察、裂孔闭合、术后视力预后及体位指导，突出频域OCT在无损、高分辨率、快速视网膜影像检查和临床诊疗中的应用。"
2ec6c2d8-f70e-434b-a1e3-0b1f6ff75b17,本书出版于2013年，是眼科超声影像诊断专著，适用于眼科医师、超声诊断医师及相关专业学习者。全书分三篇：概论介绍眼球、眼眶及血管的超声解剖，超声物理基础、A型、B型、超声生物显微镜（UBM）、彩色多普勒、三维超声及生物测量技术；眼内疾病篇系统讲述青光眼、视网膜脱离及劈裂、脉络膜脱离，视网膜母细胞瘤、细胞瘤、血管瘤，葡萄膜囊肿、痣、黑色素瘤、血管瘤、骨瘤及转移癌，玻璃体后脱离、积血、增生、眼内炎和猪囊尾蚴病，以及眼球外伤、眼内异物、晶状体或人工晶状体脱位、视盘和黄斑疾病、巩膜及眼球轮廓异常；眼眶疾病篇涵盖血管性病变、神经源性肿瘤、泪腺疾病、皮样囊肿与黏液囊肿、眼眶炎症、外伤及全身病相关眼部病变，并结合CT、磁共振、手术后超声、巩膜扣带术、眼内填充、玻璃体手术及疗效监测等内容，突出超声影像特征与鉴别诊断。,completed,2653e1ee-e458-4d99-b29e-6ae92fdeea6a,"# Summary
本书出版于2013年，是眼科超声影像诊断专著，适用于眼科医师、超声诊断医师及相关专业学习者。全书分三篇：概论介绍眼球、眼眶及血管的超声解剖，超声物理基础、A型、B型、超声生物显微镜（UBM）、彩色多普勒、三维超声及生物测量技术；眼内疾病篇系统讲述青光眼、视网膜脱离及劈裂、脉络膜脱离，视网膜母细胞瘤、细胞瘤、血管瘤，葡萄膜囊肿、痣、黑色素瘤、血管瘤、骨瘤及转移癌，玻璃体后脱离、积血、增生、眼内炎和猪囊尾蚴病，以及眼球外伤、眼内异物、晶状体或人工晶状体脱位、视盘和黄斑疾病、巩膜及眼球轮廓异常；眼眶疾病篇涵盖血管性病变、神经源性肿瘤、泪腺疾病、皮样囊肿与黏液囊肿、眼眶炎症、外伤及全身病相关眼部病变，并结合CT、磁共振、手术后超声、巩膜扣带术、眼内填充、玻璃体手术及疗效监测等内容，突出超声影像特征与鉴别诊断。",3072,"# Summary
本书出版于2013年，是眼科超声影像诊断专著，适用于眼科医师、超声诊断医师及相关专业学习者。全书分三篇：概论介绍眼球、眼眶及血管的超声解剖，超声物理基础、A型、B型、超声生物显微镜（UBM）、彩色多普勒、三维超声及生物测量技术；眼内疾病篇系统讲述青光眼、视网膜脱离及劈裂、脉络膜脱离，视网膜母细胞瘤、细胞瘤、血管瘤，葡萄膜囊肿、痣、黑色素瘤、血管瘤、骨瘤及转移癌，玻璃体后脱离、积血、增生、眼内炎和猪囊尾蚴病，以及眼球外伤、眼内异物、晶状体或人工晶状体脱位、视盘和黄斑疾病、巩膜及眼球轮廓异常；眼眶疾病篇涵盖血管性病变、神经源性肿瘤、泪腺疾病、皮样囊肿与黏液囊肿、眼眶炎症、外伤及全身病相关眼部病变，并结合CT、磁共振、手术后超声、巩膜扣带术、眼内填充、玻璃体手术及疗效监测等内容，突出超声影像特征与鉴别诊断。"
fc534190-6911-436d-8769-1b65ed962b4b,本书是徐庆编著、2012年出版的眼科学与视光学基础专著，适合医学院校学生，尤其是视光学专业学生、眼科医生及视光从业人员，也可供相关研究者参考。全书围绕眼屈光系统及其成像功能展开：先介绍角膜、巩膜、虹膜、晶状体、玻璃体、视网膜、瞳孔、眼轴线、景深等结构与基本光学特征；继而讨论光线进入眼内后的传播、反射、散射及与眼底组织的相互作用，说明近轴对焦像、散焦像和视网膜像形成。随后以点扩散函数、线扩散函数、光学传递函数评价成像质量，分析近视、远视、散光等屈光异常的测量、透镜矫正及准分子激光屈光手术背景；系统讲解单色像差、色差、模型眼及其参数、年龄相关的角膜和晶状体变化、调节、老视、瞳孔与像差变化，并简介波像差、Seidel像差及由像差计算点扩散函数和光学传递函数的方法。涉及弱视、斜视、震颤眼、偏心固视、角膜曲率计、角膜地形图、瞳孔计、晶状体屈光计、Purkinje像等关键词。,completed,211c8a3e-4129-40dc-bb07-d96b6dad3547,"# Summary
本书是徐庆编著、2012年出版的眼科学与视光学基础专著，适合医学院校学生，尤其是视光学专业学生、眼科医生及视光从业人员，也可供相关研究者参考。全书围绕眼屈光系统及其成像功能展开：先介绍角膜、巩膜、虹膜、晶状体、玻璃体、视网膜、瞳孔、眼轴线、景深等结构与基本光学特征；继而讨论光线进入眼内后的传播、反射、散射及与眼底组织的相互作用，说明近轴对焦像、散焦像和视网膜像形成。随后以点扩散函数、线扩散函数、光学传递函数评价成像质量，分析近视、远视、散光等屈光异常的测量、透镜矫正及准分子激光屈光手术背景；系统讲解单色像差、色差、模型眼及其参数、年龄相关的角膜和晶状体变化、调节、老视、瞳孔与像差变化，并简介波像差、Seidel像差及由像差计算点扩散函数和光学传递函数的方法。涉及弱视、斜视、震颤眼、偏心固视、角膜曲率计、角膜地形图、瞳孔计、晶状体屈光计、Purkinje像等关键词。",3072,"# Summary
本书是徐庆编著、2012年出版的眼科学与视光学基础专著，适合医学院校学生，尤其是视光学专业学生、眼科医生及视光从业人员，也可供相关研究者参考。全书围绕眼屈光系统及其成像功能展开：先介绍角膜、巩膜、虹膜、晶状体、玻璃体、视网膜、瞳孔、眼轴线、景深等结构与基本光学特征；继而讨论光线进入眼内后的传播、反射、散射及与眼底组织的相互作用，说明近轴对焦像、散焦像和视网膜像形成。随后以点扩散函数、线扩散函数、光学传递函数评价成像质量，分析近视、远视、散光等屈光异常的测量、透镜矫正及准分子激光屈光手术背景；系统讲解单色像差、色差、模型眼及其参数、年龄相关的角膜和晶状体变化、调节、老视、瞳孔与像差变化，并简介波像差、Seidel像差及由像差计算点扩散函数和光学传递函数的方法。涉及弱视、斜视、震颤眼、偏心固视、角膜曲率计、角膜地形图、瞳孔计、晶状体屈光计、Purkinje像等关键词。"
ef445b1f-1fed-4d68-a253-748915bd4887,本书出版于2012年，是面向儿科医师、基层全科医生及眼科临床人员的儿童眼病实用彩色手册，强调婴幼儿和儿童常见眼病的体征识别、检查、诊断、治疗及早期预防。内容从儿童眼眶、眼睑、眼外肌、前后节功能解剖和婴幼儿眼科检查入手，涵盖红光反射、视力与立体视、遮盖试验、检眼镜、筛查、照片筛查、自动验光、视觉诱发电位等技术；重点讨论早产儿视网膜病变、弱视、斜视、结膜炎、角膜和晶状体异常、儿童青光眼、遗传性视网膜病、葡萄膜炎及视神经疾病，并涉及泪道阻塞、儿童眼部肿瘤、眼外伤、OCT、ERG、MRI、UBM及相关治疗手术。,completed,bbb70ecf-5cae-4cbb-9398-ae6f11701f14,"# Summary
本书出版于2012年，是面向儿科医师、基层全科医生及眼科临床人员的儿童眼病实用彩色手册，强调婴幼儿和儿童常见眼病的体征识别、检查、诊断、治疗及早期预防。内容从儿童眼眶、眼睑、眼外肌、前后节功能解剖和婴幼儿眼科检查入手，涵盖红光反射、视力与立体视、遮盖试验、检眼镜、筛查、照片筛查、自动验光、视觉诱发电位等技术；重点讨论早产儿视网膜病变、弱视、斜视、结膜炎、角膜和晶状体异常、儿童青光眼、遗传性视网膜病、葡萄膜炎及视神经疾病，并涉及泪道阻塞、儿童眼部肿瘤、眼外伤、OCT、ERG、MRI、UBM及相关治疗手术。",3072,"# Summary
本书出版于2012年，是面向儿科医师、基层全科医生及眼科临床人员的儿童眼病实用彩色手册，强调婴幼儿和儿童常见眼病的体征识别、检查、诊断、治疗及早期预防。内容从儿童眼眶、眼睑、眼外肌、前后节功能解剖和婴幼儿眼科检查入手，涵盖红光反射、视力与立体视、遮盖试验、检眼镜、筛查、照片筛查、自动验光、视觉诱发电位等技术；重点讨论早产儿视网膜病变、弱视、斜视、结膜炎、角膜和晶状体异常、儿童青光眼、遗传性视网膜病、葡萄膜炎及视神经疾病，并涉及泪道阻塞、儿童眼部肿瘤、眼外伤、OCT、ERG、MRI、UBM及相关治疗手术。"
f684f5ed-d4a6-4fe7-934f-b09bb3602003,本书出版于2011年，是面向眼前节、白内障及屈光手术医师的散光矫正专著，内容涵盖散光诊断、术前验光、角膜曲率与地形图、Scheimpflug成像及像差测量；随后讨论准分子激光、角膜切开、角膜缘松解切口、基质袋技术、白内障手术切口设计、术源性散光、散光型人工晶状体及既往屈光手术后的人工晶状体计算。后半部分聚焦高度及不规则散光、角膜移植术后散光、圆锥角膜和周边角膜变薄，强调适应证、轴向定位、旋转稳定性和复杂病例处理。,completed,a7483295-4a31-4de6-8acc-5f1453cfe657,"# Summary
本书出版于2011年，是面向眼前节、白内障及屈光手术医师的散光矫正专著，内容涵盖散光诊断、术前验光、角膜曲率与地形图、Scheimpflug成像及像差测量；随后讨论准分子激光、角膜切开、角膜缘松解切口、基质袋技术、白内障手术切口设计、术源性散光、散光型人工晶状体及既往屈光手术后的人工晶状体计算。后半部分聚焦高度及不规则散光、角膜移植术后散光、圆锥角膜和周边角膜变薄，强调适应证、轴向定位、旋转稳定性和复杂病例处理。",3072,"# Summary
本书出版于2011年，是面向眼前节、白内障及屈光手术医师的散光矫正专著，内容涵盖散光诊断、术前验光、角膜曲率与地形图、Scheimpflug成像及像差测量；随后讨论准分子激光、角膜切开、角膜缘松解切口、基质袋技术、白内障手术切口设计、术源性散光、散光型人工晶状体及既往屈光手术后的人工晶状体计算。后半部分聚焦高度及不规则散光、角膜移植术后散光、圆锥角膜和周边角膜变薄，强调适应证、轴向定位、旋转稳定性和复杂病例处理。"
1d4ca48a-e919-4968-82cd-ae186235564b,本书为美国眼科学会基础与临床科学课程第3节《临床光学》，2021年版，面向眼科住院医师、临床眼科医师及视光专业人员。内容从几何光学、物理光学、人眼光学、透镜、成像、模型眼和散光等基础展开，系统讲解近视、远视、老视、屈光参差及调节异常；随后介绍检影验光、主觉验光、柱镜轴与度数调整、球镜精调、双眼平衡和近距离验光，并涵盖框架眼镜、渐进镜、接触镜、巩膜镜、人工晶状体、屈光手术及低视力辅助。,completed,9b207c4d-d207-44b7-b06b-19c9d3b8bab2,"# Summary
本书为美国眼科学会基础与临床科学课程第3节《临床光学》，2021年版，面向眼科住院医师、临床眼科医师及视光专业人员。内容从几何光学、物理光学、人眼光学、透镜、成像、模型眼和散光等基础展开，系统讲解近视、远视、老视、屈光参差及调节异常；随后介绍检影验光、主觉验光、柱镜轴与度数调整、球镜精调、双眼平衡和近距离验光，并涵盖框架眼镜、渐进镜、接触镜、巩膜镜、人工晶状体、屈光手术及低视力辅助。",3072,"# Summary
本书为美国眼科学会基础与临床科学课程第3节《临床光学》，2021年版，面向眼科住院医师、临床眼科医师及视光专业人员。内容从几何光学、物理光学、人眼光学、透镜、成像、模型眼和散光等基础展开，系统讲解近视、远视、老视、屈光参差及调节异常；随后介绍检影验光、主觉验光、柱镜轴与度数调整、球镜精调、双眼平衡和近距离验光，并涵盖框架眼镜、渐进镜、接触镜、巩膜镜、人工晶状体、屈光手术及低视力辅助。"
c5bda7f7-1483-488e-9321-245165c9bbf5,本书为美国眼科学会基础与临床科学课程第8节，2021年版，聚焦眼外部疾病与角膜。内容从眼睑、泪液功能单位、泪膜、结膜、角膜及角膜缘的结构、生理和防御机制入手，介绍裂隙灯、生物显微镜、超声生物显微镜、前节OCT、角膜曲率等检查，并围绕干眼、眼表炎症、角膜感染、营养不良、圆锥角膜、化学伤和外伤建立诊疗框架。,completed,5f0fc41d-9273-46e1-8fe8-997efcf2b1ad,"# Summary
本书为美国眼科学会基础与临床科学课程第8节，2021年版，聚焦眼外部疾病与角膜。内容从眼睑、泪液功能单位、泪膜、结膜、角膜及角膜缘的结构、生理和防御机制入手，介绍裂隙灯、生物显微镜、超声生物显微镜、前节OCT、角膜曲率等检查，并围绕干眼、眼表炎症、角膜感染、营养不良、圆锥角膜、化学伤和外伤建立诊疗框架。",3072,"# Summary
本书为美国眼科学会基础与临床科学课程第8节，2021年版，聚焦眼外部疾病与角膜。内容从眼睑、泪液功能单位、泪膜、结膜、角膜及角膜缘的结构、生理和防御机制入手，介绍裂隙灯、生物显微镜、超声生物显微镜、前节OCT、角膜曲率等检查，并围绕干眼、眼表炎症、角膜感染、营养不良、圆锥角膜、化学伤和外伤建立诊疗框架。"
01946a65-9bc2-4365-8be7-e576ce4f8f0a,本书为美国眼科学会基础与临床科学课程第2部分，2021年版，面向眼科住院医师、执业医师及需要系统复习基础眼科学的学习者。全书以眼眶、眼附属器、眼睑、泪腺、泪道、眼球各组织及视觉通路解剖为基础，延伸至眼球发育、遗传、组织生理、药理和眼科影像，配合学习目标、重点提示和课后自测，构建从基础科学到临床应用的知识框架。,completed,1433c448-ef99-49f0-97e3-d5539affe7fc,"# Summary
本书为美国眼科学会基础与临床科学课程第2部分，2021年版，面向眼科住院医师、执业医师及需要系统复习基础眼科学的学习者。全书以眼眶、眼附属器、眼睑、泪腺、泪道、眼球各组织及视觉通路解剖为基础，延伸至眼球发育、遗传、组织生理、药理和眼科影像，配合学习目标、重点提示和课后自测，构建从基础科学到临床应用的知识框架。",3072,"# Summary
本书为美国眼科学会基础与临床科学课程第2部分，2021年版，面向眼科住院医师、执业医师及需要系统复习基础眼科学的学习者。全书以眼眶、眼附属器、眼睑、泪腺、泪道、眼球各组织及视觉通路解剖为基础，延伸至眼球发育、遗传、组织生理、药理和眼科影像，配合学习目标、重点提示和课后自测，构建从基础科学到临床应用的知识框架。"
a693c355-dab6-406a-8651-61d6c100c37a,本书为美国眼科学会基础与临床科学课程第10节《青光眼》，2021年版，面向眼科住院医师、青光眼专科医师及临床实践者。全书从青光眼流行病学、分类、遗传因素、房水动力学和眼压调控入手，介绍裂隙灯、房角镜、视神经与视野评估、OCT及其他影像检查；随后讨论原发性开角型、正常眼压性、闭角型、儿童及继发性青光眼。治疗涵盖降眼压药物、激光虹膜切开/成形、小梁成形、睫状体光凝、滤过手术、引流装置、白内障联合手术和微创青光眼手术。,completed,95c0ac9a-6962-483c-87c6-70f464b19993,"# Summary
本书为美国眼科学会基础与临床科学课程第10节《青光眼》，2021年版，面向眼科住院医师、青光眼专科医师及临床实践者。全书从青光眼流行病学、分类、遗传因素、房水动力学和眼压调控入手，介绍裂隙灯、房角镜、视神经与视野评估、OCT及其他影像检查；随后讨论原发性开角型、正常眼压性、闭角型、儿童及继发性青光眼。治疗涵盖降眼压药物、激光虹膜切开/成形、小梁成形、睫状体光凝、滤过手术、引流装置、白内障联合手术和微创青光眼手术。",3072,"# Summary
本书为美国眼科学会基础与临床科学课程第10节《青光眼》，2021年版，面向眼科住院医师、青光眼专科医师及临床实践者。全书从青光眼流行病学、分类、遗传因素、房水动力学和眼压调控入手，介绍裂隙灯、房角镜、视神经与视野评估、OCT及其他影像检查；随后讨论原发性开角型、正常眼压性、闭角型、儿童及继发性青光眼。治疗涵盖降眼压药物、激光虹膜切开/成形、小梁成形、睫状体光凝、滤过手术、引流装置、白内障联合手术和微创青光眼手术。"
6415b8c1-077f-4be1-8327-8764728280b5,美国眼科学会基础与临床科学课程第11卷，2020—2021版，面向眼科住院医师、专科医师及临床实践者，系统整合晶状体基础科学与白内障诊疗。内容涵盖白内障流行病学、危险因素和手术结局；晶状体解剖、胚胎发育、先天异常、生化代谢、氧化损伤、调节与老视；年龄相关、药物性、外伤性、代谢性及炎症相关白内障，并讨论假性剥脱综合征、晶状体源性青光眼和晶状体异位。临床部分包括视力、屈光、眩光和对比敏感度检查，裂隙灯、眼底镜、潜在视力、视野、角膜内皮及黄斑功能评估。手术内容涉及术前眼轴与角膜曲率测量、人工晶状体（IOL）计算、麻醉、抗菌药物、黏弹剂和手术核查；重点讲解超声乳化、连续环形撕囊、水分离、核劈裂、IOL植入、飞秒激光辅助白内障手术，以及多焦点、散光矫正、调节型和EDOF IOL。还系统处理术中并发症、术后角膜水肿、眼压升高、IOL移位、后囊膜混浊、Nd:YAG激光后囊膜切开、眼内炎、黄斑水肿、视网膜脱离，以及小瞳孔、高度近视、青光眼、葡萄膜炎和角膜移植等特殊情境。,completed,275b4d9d-a05a-41eb-9ae3-e4ed52d8aad4,"# Summary
美国眼科学会基础与临床科学课程第11卷，2020—2021版，面向眼科住院医师、专科医师及临床实践者，系统整合晶状体基础科学与白内障诊疗。内容涵盖白内障流行病学、危险因素和手术结局；晶状体解剖、胚胎发育、先天异常、生化代谢、氧化损伤、调节与老视；年龄相关、药物性、外伤性、代谢性及炎症相关白内障，并讨论假性剥脱综合征、晶状体源性青光眼和晶状体异位。临床部分包括视力、屈光、眩光和对比敏感度检查，裂隙灯、眼底镜、潜在视力、视野、角膜内皮及黄斑功能评估。手术内容涉及术前眼轴与角膜曲率测量、人工晶状体（IOL）计算、麻醉、抗菌药物、黏弹剂和手术核查；重点讲解超声乳化、连续环形撕囊、水分离、核劈裂、IOL植入、飞秒激光辅助白内障手术，以及多焦点、散光矫正、调节型和EDOF IOL。还系统处理术中并发症、术后角膜水肿、眼压升高、IOL移位、后囊膜混浊、Nd:YAG激光后囊膜切开、眼内炎、黄斑水肿、视网膜脱离，以及小瞳孔、高度近视、青光眼、葡萄膜炎和角膜移植等特殊情境。",3072,"# Summary
美国眼科学会基础与临床科学课程第11卷，2020—2021版，面向眼科住院医师、专科医师及临床实践者，系统整合晶状体基础科学与白内障诊疗。内容涵盖白内障流行病学、危险因素和手术结局；晶状体解剖、胚胎发育、先天异常、生化代谢、氧化损伤、调节与老视；年龄相关、药物性、外伤性、代谢性及炎症相关白内障，并讨论假性剥脱综合征、晶状体源性青光眼和晶状体异位。临床部分包括视力、屈光、眩光和对比敏感度检查，裂隙灯、眼底镜、潜在视力、视野、角膜内皮及黄斑功能评估。手术内容涉及术前眼轴与角膜曲率测量、人工晶状体（IOL）计算、麻醉、抗菌药物、黏弹剂和手术核查；重点讲解超声乳化、连续环形撕囊、水分离、核劈裂、IOL植入、飞秒激光辅助白内障手术，以及多焦点、散光矫正、调节型和EDOF IOL。还系统处理术中并发症、术后角膜水肿、眼压升高、IOL移位、后囊膜混浊、Nd:YAG激光后囊膜切开、眼内炎、黄斑水肿、视网膜脱离，以及小瞳孔、高度近视、青光眼、葡萄膜炎和角膜移植等特殊情境。"
2b0906c2-05ed-4656-a58e-e42f1800be7f,本书出版于2021年，是Savino、Danesh-Meyer主编的《Wills眼科医院临床眼科图谱与精要》之神经眼科卷，中文译本出版于2005年（英文原版2003年）。定位为眼科住院医师、普通眼科医师及临床医生的便携式图谱与速查参考书，以典型图片结合简明文字，讲解常见神经眼科问题。全书涵盖视觉传入系统检查、视野评估、眼科相关MRI及视网膜动脉阻塞；重点讨论视神经炎、Leber遗传性视神经病变、缺血性、炎症性、中毒性、放射性及糖尿病性视神经病变，视乳头水肿、视神经肿瘤、先天性视盘异常和外伤性视神经病变；并延伸至视交叉以上视路疾病、III/IV/VI脑神经麻痹、核间性眼肌麻痹、重症肌无力、Guillain-Barré综合征、眼球震颤、瞳孔异常及甲状腺相关眼眶病、特发性眼眶炎症和海绵窦瘘。涉及Snellen视力、针孔、色觉、RAPD、Amsler方格、对比敏感度、眼底检查、视野、MRI/MRA及视觉诱发电位，并介绍糖皮质激素、干扰素等治疗及颈动脉内膜切除术等处理。,completed,02309c03-2a8c-472e-968e-41b9378878ba,"# Summary
本书出版于2021年，是Savino、Danesh-Meyer主编的《Wills眼科医院临床眼科图谱与精要》之神经眼科卷，中文译本出版于2005年（英文原版2003年）。定位为眼科住院医师、普通眼科医师及临床医生的便携式图谱与速查参考书，以典型图片结合简明文字，讲解常见神经眼科问题。全书涵盖视觉传入系统检查、视野评估、眼科相关MRI及视网膜动脉阻塞；重点讨论视神经炎、Leber遗传性视神经病变、缺血性、炎症性、中毒性、放射性及糖尿病性视神经病变，视乳头水肿、视神经肿瘤、先天性视盘异常和外伤性视神经病变；并延伸至视交叉以上视路疾病、III/IV/VI脑神经麻痹、核间性眼肌麻痹、重症肌无力、Guillain-Barré综合征、眼球震颤、瞳孔异常及甲状腺相关眼眶病、特发性眼眶炎症和海绵窦瘘。涉及Snellen视力、针孔、色觉、RAPD、Amsler方格、对比敏感度、眼底检查、视野、MRI/MRA及视觉诱发电位，并介绍糖皮质激素、干扰素等治疗及颈动脉内膜切除术等处理。",3072,"# Summary
本书出版于2021年，是Savino、Danesh-Meyer主编的《Wills眼科医院临床眼科图谱与精要》之神经眼科卷，中文译本出版于2005年（英文原版2003年）。定位为眼科住院医师、普通眼科医师及临床医生的便携式图谱与速查参考书，以典型图片结合简明文字，讲解常见神经眼科问题。全书涵盖视觉传入系统检查、视野评估、眼科相关MRI及视网膜动脉阻塞；重点讨论视神经炎、Leber遗传性视神经病变、缺血性、炎症性、中毒性、放射性及糖尿病性视神经病变，视乳头水肿、视神经肿瘤、先天性视盘异常和外伤性视神经病变；并延伸至视交叉以上视路疾病、III/IV/VI脑神经麻痹、核间性眼肌麻痹、重症肌无力、Guillain-Barré综合征、眼球震颤、瞳孔异常及甲状腺相关眼眶病、特发性眼眶炎症和海绵窦瘘。涉及Snellen视力、针孔、色觉、RAPD、Amsler方格、对比敏感度、眼底检查、视野、MRI/MRA及视觉诱发电位，并介绍糖皮质激素、干扰素等治疗及颈动脉内膜切除术等处理。"
e76358c4-531d-4e6f-aa97-4616fcbe7a17,本书出版于2021年。美国眼科学会基础与临床科学课程第7卷，面向眼科住院医师、眼整形与眼眶专科医师及临床眼科医生，定位为眼眶、眼睑、面部及泪道疾病的重点速查与临床学习教材。全书涵盖眼眶解剖与评估、先天性异常、感染及炎症、血管畸形和肿瘤、眼眶创伤与手术、无眼球眼窝；并延伸至面部和眼睑解剖、眼睑肿瘤、眼睑重建、眼睑 malposition、上睑下垂、面瘫、眼睑成形及面部年轻化；最后系统介绍泪液分泌与引流系统的解剖、生理、先天性及获得性阻塞、泪道感染和肿瘤。重点涉及甲状腺眼病、眼眶蜂窝织炎、IgG4相关病、淋巴瘤、横纹肌肉瘤、泪腺肿瘤、动静脉瘘、眼眶骨折、眶隔综合征等。强调病史和体格检查、突眼度测量、CT、MRI、超声、血管造影、实验室及病理检查，并讨论眼眶切开术、减压术、眼球摘除/剜除、眼窝植入、眼眶内容物剜除及泪道手术等治疗技术与术后并发症。,completed,650f2cb3-ff11-4d28-a72e-ab2b3bda9751,"# Summary
本书出版于2021年。美国眼科学会基础与临床科学课程第7卷，面向眼科住院医师、眼整形与眼眶专科医师及临床眼科医生，定位为眼眶、眼睑、面部及泪道疾病的重点速查与临床学习教材。全书涵盖眼眶解剖与评估、先天性异常、感染及炎症、血管畸形和肿瘤、眼眶创伤与手术、无眼球眼窝；并延伸至面部和眼睑解剖、眼睑肿瘤、眼睑重建、眼睑 malposition、上睑下垂、面瘫、眼睑成形及面部年轻化；最后系统介绍泪液分泌与引流系统的解剖、生理、先天性及获得性阻塞、泪道感染和肿瘤。重点涉及甲状腺眼病、眼眶蜂窝织炎、IgG4相关病、淋巴瘤、横纹肌肉瘤、泪腺肿瘤、动静脉瘘、眼眶骨折、眶隔综合征等。强调病史和体格检查、突眼度测量、CT、MRI、超声、血管造影、实验室及病理检查，并讨论眼眶切开术、减压术、眼球摘除/剜除、眼窝植入、眼眶内容物剜除及泪道手术等治疗技术与术后并发症。",3072,"# Summary
本书出版于2021年。美国眼科学会基础与临床科学课程第7卷，面向眼科住院医师、眼整形与眼眶专科医师及临床眼科医生，定位为眼眶、眼睑、面部及泪道疾病的重点速查与临床学习教材。全书涵盖眼眶解剖与评估、先天性异常、感染及炎症、血管畸形和肿瘤、眼眶创伤与手术、无眼球眼窝；并延伸至面部和眼睑解剖、眼睑肿瘤、眼睑重建、眼睑 malposition、上睑下垂、面瘫、眼睑成形及面部年轻化；最后系统介绍泪液分泌与引流系统的解剖、生理、先天性及获得性阻塞、泪道感染和肿瘤。重点涉及甲状腺眼病、眼眶蜂窝织炎、IgG4相关病、淋巴瘤、横纹肌肉瘤、泪腺肿瘤、动静脉瘘、眼眶骨折、眶隔综合征等。强调病史和体格检查、突眼度测量、CT、MRI、超声、血管造影、实验室及病理检查，并讨论眼眶切开术、减压术、眼球摘除/剜除、眼窝植入、眼眶内容物剜除及泪道手术等治疗技术与术后并发症。"
4bb1083d-2953-4b4b-9c33-94212c9ef1bc,本书出版于2021年。美国眼科学会《基础与临床科学课程》眼科病理与眼内肿瘤专册，面向眼科住院医师、专科医师、眼病理及眼肿瘤相关临床人员，用于系统学习病理诊断和肿瘤临床管理。全书分为眼科病理和眼内肿瘤临床两部分：前者介绍病理组织学框架、标本沟通与取向、固定、肉眼检查、石蜡切片和染色，以及免疫组化、流式细胞术、分子病理、电子显微镜、细针穿刺和冷冻切片；随后按结膜、角膜、前房与小梁网、巩膜、晶状体、玻璃体、视网膜/RPE、葡萄膜、眼睑、眼眶泪道和视神经，概述发育异常、炎症、退行性病变、感染、营养不良及新生物。重点疾病包括角膜炎、圆锥角膜、白内障、眼内淋巴瘤、年龄相关性黄斑变性、葡萄膜黑色素瘤、视网膜母细胞瘤、血管瘤、眼睑及泪腺肿瘤。临床肿瘤部分进一步涵盖眼底检查、超声及辅助影像、鉴别诊断、分期、细针穿刺活检、遗传咨询、预后评估，以及眼球摘除、化疗、激光光凝、冷冻治疗、敷贴放疗、玻璃体腔化疗和外照射等治疗技术。,completed,07cc5ee1-5e47-4a9a-adac-56cead277548,"# Summary
本书出版于2021年。美国眼科学会《基础与临床科学课程》眼科病理与眼内肿瘤专册，面向眼科住院医师、专科医师、眼病理及眼肿瘤相关临床人员，用于系统学习病理诊断和肿瘤临床管理。全书分为眼科病理和眼内肿瘤临床两部分：前者介绍病理组织学框架、标本沟通与取向、固定、肉眼检查、石蜡切片和染色，以及免疫组化、流式细胞术、分子病理、电子显微镜、细针穿刺和冷冻切片；随后按结膜、角膜、前房与小梁网、巩膜、晶状体、玻璃体、视网膜/RPE、葡萄膜、眼睑、眼眶泪道和视神经，概述发育异常、炎症、退行性病变、感染、营养不良及新生物。重点疾病包括角膜炎、圆锥角膜、白内障、眼内淋巴瘤、年龄相关性黄斑变性、葡萄膜黑色素瘤、视网膜母细胞瘤、血管瘤、眼睑及泪腺肿瘤。临床肿瘤部分进一步涵盖眼底检查、超声及辅助影像、鉴别诊断、分期、细针穿刺活检、遗传咨询、预后评估，以及眼球摘除、化疗、激光光凝、冷冻治疗、敷贴放疗、玻璃体腔化疗和外照射等治疗技术。",3072,"# Summary
本书出版于2021年。美国眼科学会《基础与临床科学课程》眼科病理与眼内肿瘤专册，面向眼科住院医师、专科医师、眼病理及眼肿瘤相关临床人员，用于系统学习病理诊断和肿瘤临床管理。全书分为眼科病理和眼内肿瘤临床两部分：前者介绍病理组织学框架、标本沟通与取向、固定、肉眼检查、石蜡切片和染色，以及免疫组化、流式细胞术、分子病理、电子显微镜、细针穿刺和冷冻切片；随后按结膜、角膜、前房与小梁网、巩膜、晶状体、玻璃体、视网膜/RPE、葡萄膜、眼睑、眼眶泪道和视神经，概述发育异常、炎症、退行性病变、感染、营养不良及新生物。重点疾病包括角膜炎、圆锥角膜、白内障、眼内淋巴瘤、年龄相关性黄斑变性、葡萄膜黑色素瘤、视网膜母细胞瘤、血管瘤、眼睑及泪腺肿瘤。临床肿瘤部分进一步涵盖眼底检查、超声及辅助影像、鉴别诊断、分期、细针穿刺活检、遗传咨询、预后评估，以及眼球摘除、化疗、激光光凝、冷冻治疗、敷贴放疗、玻璃体腔化疗和外照射等治疗技术。"
bdc2bf89-941d-442f-96c9-b94723b2e378,本书出版于2021年。美国眼科学会基础与临床科学课程儿科眼科与斜视分册，2020年版，面向眼科医师、住院医师及从事儿童眼病诊疗者。全书涵盖儿童眼科检查与视力发育，斜视术语、眼外肌解剖、共同性与非共同性斜视、内外斜视、A/V型及垂直偏斜，特殊眼球运动障碍、儿童眼震和眼外肌手术；并系统介绍儿童眼睑、眼眶、泪道、结膜、角膜、虹膜、青光眼、白内障、葡萄膜炎、视网膜与玻璃体、视盘异常、眼外伤及全身病相关眼部表现。重点涉及弱视、屈光检查、红光反射与Brückner试验、动态检影、睫状肌麻痹验光、眼压、眼底检查、视野、Teller视力卡、VEP、遮盖试验、Worth四点、Bagolini镜、立体视和棱镜适应试验，以及斜视手术、可调节缝线、肌肉移位、后固定、肉毒毒素和儿童白内障、青光眼治疗。,completed,68e30a27-0f51-4ee5-87d7-b263c05e8c34,"# Summary
本书出版于2021年。美国眼科学会基础与临床科学课程儿科眼科与斜视分册，2020年版，面向眼科医师、住院医师及从事儿童眼病诊疗者。全书涵盖儿童眼科检查与视力发育，斜视术语、眼外肌解剖、共同性与非共同性斜视、内外斜视、A/V型及垂直偏斜，特殊眼球运动障碍、儿童眼震和眼外肌手术；并系统介绍儿童眼睑、眼眶、泪道、结膜、角膜、虹膜、青光眼、白内障、葡萄膜炎、视网膜与玻璃体、视盘异常、眼外伤及全身病相关眼部表现。重点涉及弱视、屈光检查、红光反射与Brückner试验、动态检影、睫状肌麻痹验光、眼压、眼底检查、视野、Teller视力卡、VEP、遮盖试验、Worth四点、Bagolini镜、立体视和棱镜适应试验，以及斜视手术、可调节缝线、肌肉移位、后固定、肉毒毒素和儿童白内障、青光眼治疗。",3072,"# Summary
本书出版于2021年。美国眼科学会基础与临床科学课程儿科眼科与斜视分册，2020年版，面向眼科医师、住院医师及从事儿童眼病诊疗者。全书涵盖儿童眼科检查与视力发育，斜视术语、眼外肌解剖、共同性与非共同性斜视、内外斜视、A/V型及垂直偏斜，特殊眼球运动障碍、儿童眼震和眼外肌手术；并系统介绍儿童眼睑、眼眶、泪道、结膜、角膜、虹膜、青光眼、白内障、葡萄膜炎、视网膜与玻璃体、视盘异常、眼外伤及全身病相关眼部表现。重点涉及弱视、屈光检查、红光反射与Brückner试验、动态检影、睫状肌麻痹验光、眼压、眼底检查、视野、Teller视力卡、VEP、遮盖试验、Worth四点、Bagolini镜、立体视和棱镜适应试验，以及斜视手术、可调节缝线、肌肉移位、后固定、肉毒毒素和儿童白内障、青光眼治疗。"
ea3e4692-6aa3-406e-9767-f14ee795799e,本书出版于2021年。美国眼科学会基础与临床科学课程第13卷，面向眼科住院医师、屈光手术医师及临床眼科实践者，系统衔接基础科学与患者管理。全书从角膜光学、低阶/高阶像差、波前分析、角膜生物力学、角膜地形图与断层扫描、激光生物物理及创伤愈合入手，介绍病史、屈光检查、裂隙灯、眼压、眼底、角膜厚度和残余基质床评估。内容涵盖放射状角膜切开、弧形角膜切开和角膜缘松解切口，角膜嵌体、基质环及正形镜；重点讨论PRK/表层切削、LASIK及波前引导、波前优化和地形图引导技术的选择、操作、疗效与并发症，包括感染性角膜炎、角膜 haze、瓣膜问题、界面炎和术后扩张。后续涉及角膜胶原交联、传导性角膜成形术、有晶状体眼人工晶状体、屈光性晶状体置换、单焦点/散光/多焦点/可调节/延长景深IOL，以及老视治疗、眼部和全身疾病患者的屈光手术、术后IOL计算与青光眼管理，并介绍SMILE及交联联合屈光手术等新兴技术。,completed,995e654c-d3a2-4f1a-af32-20e1f48769da,"# Summary
本书出版于2021年。美国眼科学会基础与临床科学课程第13卷，面向眼科住院医师、屈光手术医师及临床眼科实践者，系统衔接基础科学与患者管理。全书从角膜光学、低阶/高阶像差、波前分析、角膜生物力学、角膜地形图与断层扫描、激光生物物理及创伤愈合入手，介绍病史、屈光检查、裂隙灯、眼压、眼底、角膜厚度和残余基质床评估。内容涵盖放射状角膜切开、弧形角膜切开和角膜缘松解切口，角膜嵌体、基质环及正形镜；重点讨论PRK/表层切削、LASIK及波前引导、波前优化和地形图引导技术的选择、操作、疗效与并发症，包括感染性角膜炎、角膜 haze、瓣膜问题、界面炎和术后扩张。后续涉及角膜胶原交联、传导性角膜成形术、有晶状体眼人工晶状体、屈光性晶状体置换、单焦点/散光/多焦点/可调节/延长景深IOL，以及老视治疗、眼部和全身疾病患者的屈光手术、术后IOL计算与青光眼管理，并介绍SMILE及交联联合屈光手术等新兴技术。",3072,"# Summary
本书出版于2021年。美国眼科学会基础与临床科学课程第13卷，面向眼科住院医师、屈光手术医师及临床眼科实践者，系统衔接基础科学与患者管理。全书从角膜光学、低阶/高阶像差、波前分析、角膜生物力学、角膜地形图与断层扫描、激光生物物理及创伤愈合入手，介绍病史、屈光检查、裂隙灯、眼压、眼底、角膜厚度和残余基质床评估。内容涵盖放射状角膜切开、弧形角膜切开和角膜缘松解切口，角膜嵌体、基质环及正形镜；重点讨论PRK/表层切削、LASIK及波前引导、波前优化和地形图引导技术的选择、操作、疗效与并发症，包括感染性角膜炎、角膜 haze、瓣膜问题、界面炎和术后扩张。后续涉及角膜胶原交联、传导性角膜成形术、有晶状体眼人工晶状体、屈光性晶状体置换、单焦点/散光/多焦点/可调节/延长景深IOL，以及老视治疗、眼部和全身疾病患者的屈光手术、术后IOL计算与青光眼管理，并介绍SMILE及交联联合屈光手术等新兴技术。"
2856acac-3261-4931-94f8-9026f205c7ec,本书出版于2021年，是面向眼科住院医师、视网膜专科医师及临床实践者的系统性继续教育教材，兼顾基础科学、诊断评估与循证治疗。全书分为三部分：基础与诊断涵盖玻璃体、神经感觉视网膜、视网膜色素上皮、Bruch膜、脉络膜和巩膜解剖，以及眼底镜、彩色眼底照相、扫描激光检眼镜、OCT/OCTA、眼底自发荧光、荧光素和吲哚菁绿血管造影、超声、ERG/EOG、视觉诱发电位、暗适应等检查；疾病部分系统讨论年龄相关性黄斑变性及脉络膜新生血管、糖尿病视网膜病变和黄斑水肿、视网膜静脉/动脉阻塞、高血压与眼缺血综合征、早产儿视网膜病变、中心性浆液性脉络膜视网膜病变、病理性近视、炎症与感染性视网膜脉络膜病、遗传性营养不良、药物视网膜毒性、视网膜脱离、玻璃体及玻璃体视网膜界面疾病和眼外伤；治疗部分重点介绍激光光凝、光动力疗法、玻璃体切除、视网膜脱离修复及玻璃体腔注射，尤其是抗VEGF治疗。,completed,ebc3183f-a998-4ee4-856c-da867df335ca,"# Summary
本书出版于2021年，是面向眼科住院医师、视网膜专科医师及临床实践者的系统性继续教育教材，兼顾基础科学、诊断评估与循证治疗。全书分为三部分：基础与诊断涵盖玻璃体、神经感觉视网膜、视网膜色素上皮、Bruch膜、脉络膜和巩膜解剖，以及眼底镜、彩色眼底照相、扫描激光检眼镜、OCT/OCTA、眼底自发荧光、荧光素和吲哚菁绿血管造影、超声、ERG/EOG、视觉诱发电位、暗适应等检查；疾病部分系统讨论年龄相关性黄斑变性及脉络膜新生血管、糖尿病视网膜病变和黄斑水肿、视网膜静脉/动脉阻塞、高血压与眼缺血综合征、早产儿视网膜病变、中心性浆液性脉络膜视网膜病变、病理性近视、炎症与感染性视网膜脉络膜病、遗传性营养不良、药物视网膜毒性、视网膜脱离、玻璃体及玻璃体视网膜界面疾病和眼外伤；治疗部分重点介绍激光光凝、光动力疗法、玻璃体切除、视网膜脱离修复及玻璃体腔注射，尤其是抗VEGF治疗。",3072,"# Summary
本书出版于2021年，是面向眼科住院医师、视网膜专科医师及临床实践者的系统性继续教育教材，兼顾基础科学、诊断评估与循证治疗。全书分为三部分：基础与诊断涵盖玻璃体、神经感觉视网膜、视网膜色素上皮、Bruch膜、脉络膜和巩膜解剖，以及眼底镜、彩色眼底照相、扫描激光检眼镜、OCT/OCTA、眼底自发荧光、荧光素和吲哚菁绿血管造影、超声、ERG/EOG、视觉诱发电位、暗适应等检查；疾病部分系统讨论年龄相关性黄斑变性及脉络膜新生血管、糖尿病视网膜病变和黄斑水肿、视网膜静脉/动脉阻塞、高血压与眼缺血综合征、早产儿视网膜病变、中心性浆液性脉络膜视网膜病变、病理性近视、炎症与感染性视网膜脉络膜病、遗传性营养不良、药物视网膜毒性、视网膜脱离、玻璃体及玻璃体视网膜界面疾病和眼外伤；治疗部分重点介绍激光光凝、光动力疗法、玻璃体切除、视网膜脱离修复及玻璃体腔注射，尤其是抗VEGF治疗。"
35d357d9-0909-405c-9b82-375d20728991,本书出版于2021年。美国眼科学会BCSC第1卷，面向眼科住院医师及临床眼科医师，旨在将全身医学基础、循证研究与眼科临床决策结合。全书涵盖临床研究设计、诊断与筛查证据、风险沟通、质量改进及大数据应用；系统介绍糖尿病、甲状腺及垂体疾病、高血压、高脂血症、缺血性心脏病、心力衰竭、心律失常、脑卒中、颈动脉狭窄、阻塞性与限制性肺病、贫血、凝血障碍、类风湿关节炎、系统性红斑狼疮、血管炎、老年医学、精神行为及神经系统疾病。另设预防医学、癌症、感染病、眼科手术围术期管理及医疗急症章节，涉及筛查与免疫接种、放化疗、抗血管生成和生物治疗、抗菌/抗真菌/抗病毒药物、心肺复苏、休克、过敏反应、癫痫及恶性高热。关键词包括血压与血脂评估、心脏无创及有创检查、CT/MRI相关卒中评估、IOP、视野、OCT、扫描激光偏振、共焦扫描激光检眼镜，以及全身药物的眼部不良反应。,completed,fa9761c3-c1b1-4745-bec6-2f15994c6504,"# Summary
本书出版于2021年。美国眼科学会BCSC第1卷，面向眼科住院医师及临床眼科医师，旨在将全身医学基础、循证研究与眼科临床决策结合。全书涵盖临床研究设计、诊断与筛查证据、风险沟通、质量改进及大数据应用；系统介绍糖尿病、甲状腺及垂体疾病、高血压、高脂血症、缺血性心脏病、心力衰竭、心律失常、脑卒中、颈动脉狭窄、阻塞性与限制性肺病、贫血、凝血障碍、类风湿关节炎、系统性红斑狼疮、血管炎、老年医学、精神行为及神经系统疾病。另设预防医学、癌症、感染病、眼科手术围术期管理及医疗急症章节，涉及筛查与免疫接种、放化疗、抗血管生成和生物治疗、抗菌/抗真菌/抗病毒药物、心肺复苏、休克、过敏反应、癫痫及恶性高热。关键词包括血压与血脂评估、心脏无创及有创检查、CT/MRI相关卒中评估、IOP、视野、OCT、扫描激光偏振、共焦扫描激光检眼镜，以及全身药物的眼部不良反应。",3072,"# Summary
本书出版于2021年。美国眼科学会BCSC第1卷，面向眼科住院医师及临床眼科医师，旨在将全身医学基础、循证研究与眼科临床决策结合。全书涵盖临床研究设计、诊断与筛查证据、风险沟通、质量改进及大数据应用；系统介绍糖尿病、甲状腺及垂体疾病、高血压、高脂血症、缺血性心脏病、心力衰竭、心律失常、脑卒中、颈动脉狭窄、阻塞性与限制性肺病、贫血、凝血障碍、类风湿关节炎、系统性红斑狼疮、血管炎、老年医学、精神行为及神经系统疾病。另设预防医学、癌症、感染病、眼科手术围术期管理及医疗急症章节，涉及筛查与免疫接种、放化疗、抗血管生成和生物治疗、抗菌/抗真菌/抗病毒药物、心肺复苏、休克、过敏反应、癫痫及恶性高热。关键词包括血压与血脂评估、心脏无创及有创检查、CT/MRI相关卒中评估、IOP、视野、OCT、扫描激光偏振、共焦扫描激光检眼镜，以及全身药物的眼部不良反应。"
02f586ec-c5fa-41ec-8844-0beb87d2c75d,美国眼科学会基础与临床科学课程第9卷，2020–2021版，面向眼科住院医师及临床眼科医师，系统连接免疫学基础与葡萄膜炎临床实践。全书涵盖先天与适应性免疫、眼部免疫微环境、动物模型及HLA相关疾病；介绍葡萄膜炎的解剖和临床分类、鉴别诊断、裂隙灯及眼底检查、眼内液和组织取样、细胞学病理、眼科影像与功能检查；讨论糖皮质激素、非生物及生物免疫调节剂、TNF抑制剂和手术治疗。疾病框架包括巩膜炎、非感染性前葡萄膜炎和中间葡萄膜炎、后葡萄膜炎及全葡萄膜炎，以及梅毒、结核、莱姆病、弓形虫病、病毒和真菌性葡萄膜炎、眼内炎、伪装综合征、AIDS眼部表现。重点涉及Vogt-Koyanagi-Harada综合征、Behçet病、交感性眼炎、原发性玻璃体视网膜淋巴瘤、CMV视网膜炎、黄斑水肿、继发性青光眼、低眼压及视网膜脱离等并发症。,completed,3dc81685-fbb5-419b-93a6-749c30f22121,"# Summary
美国眼科学会基础与临床科学课程第9卷，2020–2021版，面向眼科住院医师及临床眼科医师，系统连接免疫学基础与葡萄膜炎临床实践。全书涵盖先天与适应性免疫、眼部免疫微环境、动物模型及HLA相关疾病；介绍葡萄膜炎的解剖和临床分类、鉴别诊断、裂隙灯及眼底检查、眼内液和组织取样、细胞学病理、眼科影像与功能检查；讨论糖皮质激素、非生物及生物免疫调节剂、TNF抑制剂和手术治疗。疾病框架包括巩膜炎、非感染性前葡萄膜炎和中间葡萄膜炎、后葡萄膜炎及全葡萄膜炎，以及梅毒、结核、莱姆病、弓形虫病、病毒和真菌性葡萄膜炎、眼内炎、伪装综合征、AIDS眼部表现。重点涉及Vogt-Koyanagi-Harada综合征、Behçet病、交感性眼炎、原发性玻璃体视网膜淋巴瘤、CMV视网膜炎、黄斑水肿、继发性青光眼、低眼压及视网膜脱离等并发症。",3072,"# Summary
美国眼科学会基础与临床科学课程第9卷，2020–2021版，面向眼科住院医师及临床眼科医师，系统连接免疫学基础与葡萄膜炎临床实践。全书涵盖先天与适应性免疫、眼部免疫微环境、动物模型及HLA相关疾病；介绍葡萄膜炎的解剖和临床分类、鉴别诊断、裂隙灯及眼底检查、眼内液和组织取样、细胞学病理、眼科影像与功能检查；讨论糖皮质激素、非生物及生物免疫调节剂、TNF抑制剂和手术治疗。疾病框架包括巩膜炎、非感染性前葡萄膜炎和中间葡萄膜炎、后葡萄膜炎及全葡萄膜炎，以及梅毒、结核、莱姆病、弓形虫病、病毒和真菌性葡萄膜炎、眼内炎、伪装综合征、AIDS眼部表现。重点涉及Vogt-Koyanagi-Harada综合征、Behçet病、交感性眼炎、原发性玻璃体视网膜淋巴瘤、CMV视网膜炎、黄斑水肿、继发性青光眼、低眼压及视网膜脱离等并发症。"
053c2fff-606f-49ae-b2f5-fcaad7f21f91,本书出版于2012年，是面向眼科、角膜病及眼表疾病医师和研究者的影像形态学专著，聚焦腺病毒上皮性角膜炎与Thygeson浅层点状角膜炎（TSPK）的活体角膜表现及鉴别诊断。全书分两部分：第一部分介绍不同腺病毒血清型（Ad3、Ad4、Ad7、Ad8）所致角膜上皮改变，包括细胞病变效应、圆形/异常细胞、囊样结构、荧光素钠与玫瑰红染色、上皮浸润，以及Ad8流行性角结膜炎、咽结膜热、接触镜相关感染和医院内传播病例，并以连续随访展示持续数年的上皮下混浊/浸润演变。第二部分系统呈现典型与非典型TSPK的病灶形态、长期复发缓解过程及病例鉴别，重点讨论其与腺病毒、单纯疱疹病毒（HSV）角膜炎的混淆。书中还涉及非接触活体显微摄影、不同照明方式、荧光素和玫瑰红染色、结膜拭子病毒分离培养及血清型鉴定，并讨论润滑滴眼液、低效糖皮质激素等症状控制和新药疗效评价。,completed,68e4fa54-1984-4939-8436-1fa9ce36b037,"# Summary
本书出版于2012年，是面向眼科、角膜病及眼表疾病医师和研究者的影像形态学专著，聚焦腺病毒上皮性角膜炎与Thygeson浅层点状角膜炎（TSPK）的活体角膜表现及鉴别诊断。全书分两部分：第一部分介绍不同腺病毒血清型（Ad3、Ad4、Ad7、Ad8）所致角膜上皮改变，包括细胞病变效应、圆形/异常细胞、囊样结构、荧光素钠与玫瑰红染色、上皮浸润，以及Ad8流行性角结膜炎、咽结膜热、接触镜相关感染和医院内传播病例，并以连续随访展示持续数年的上皮下混浊/浸润演变。第二部分系统呈现典型与非典型TSPK的病灶形态、长期复发缓解过程及病例鉴别，重点讨论其与腺病毒、单纯疱疹病毒（HSV）角膜炎的混淆。书中还涉及非接触活体显微摄影、不同照明方式、荧光素和玫瑰红染色、结膜拭子病毒分离培养及血清型鉴定，并讨论润滑滴眼液、低效糖皮质激素等症状控制和新药疗效评价。",3072,"# Summary
本书出版于2012年，是面向眼科、角膜病及眼表疾病医师和研究者的影像形态学专著，聚焦腺病毒上皮性角膜炎与Thygeson浅层点状角膜炎（TSPK）的活体角膜表现及鉴别诊断。全书分两部分：第一部分介绍不同腺病毒血清型（Ad3、Ad4、Ad7、Ad8）所致角膜上皮改变，包括细胞病变效应、圆形/异常细胞、囊样结构、荧光素钠与玫瑰红染色、上皮浸润，以及Ad8流行性角结膜炎、咽结膜热、接触镜相关感染和医院内传播病例，并以连续随访展示持续数年的上皮下混浊/浸润演变。第二部分系统呈现典型与非典型TSPK的病灶形态、长期复发缓解过程及病例鉴别，重点讨论其与腺病毒、单纯疱疹病毒（HSV）角膜炎的混淆。书中还涉及非接触活体显微摄影、不同照明方式、荧光素和玫瑰红染色、结膜拭子病毒分离培养及血清型鉴定，并讨论润滑滴眼液、低效糖皮质激素等症状控制和新药疗效评价。"
87d16915-e2b3-4029-84fb-b10835fabcd0,本书出版于2008年，是眼科医师与眼科微生物学人员使用的真菌性角膜溃疡实用图谱与实验室指南。内容从流行病学、创伤及接触镜等危险因素和临床表现入手，结合裂隙灯照片说明干燥隆起表面、羽毛状边缘、卫星灶、角膜后脓肿、前房积脓等特征；继而系统介绍角膜刮取标本采集、KOH、革兰、GMS、荧光显微镜及Calcofluor白染色，血琼脂、马铃薯葡萄糖琼脂、SDA等培养基的接种、孵育和培养物处理。图谱重点展示Acremonium、Alternaria、Aspergillus、Bipolaris、Candida、Curvularia、Fusarium、黑色真菌、Rhizopus等常见眼部真菌的菌落及显微形态，并讲解乳酸酚棉蓝、透明胶带法和Ridell/Harris玻片培养法。后半部分涉及PCR等分子诊断、抗真菌治疗、纳他霉素、两性霉素B制备、唑类及棘白菌素，以及表层角膜切除、治疗性角膜移植和穿透性角膜移植。,completed,3ca13e7c-6dfe-437e-898d-0b5e861c100c,"# Summary
本书出版于2008年，是眼科医师与眼科微生物学人员使用的真菌性角膜溃疡实用图谱与实验室指南。内容从流行病学、创伤及接触镜等危险因素和临床表现入手，结合裂隙灯照片说明干燥隆起表面、羽毛状边缘、卫星灶、角膜后脓肿、前房积脓等特征；继而系统介绍角膜刮取标本采集、KOH、革兰、GMS、荧光显微镜及Calcofluor白染色，血琼脂、马铃薯葡萄糖琼脂、SDA等培养基的接种、孵育和培养物处理。图谱重点展示Acremonium、Alternaria、Aspergillus、Bipolaris、Candida、Curvularia、Fusarium、黑色真菌、Rhizopus等常见眼部真菌的菌落及显微形态，并讲解乳酸酚棉蓝、透明胶带法和Ridell/Harris玻片培养法。后半部分涉及PCR等分子诊断、抗真菌治疗、纳他霉素、两性霉素B制备、唑类及棘白菌素，以及表层角膜切除、治疗性角膜移植和穿透性角膜移植。",3072,"# Summary
本书出版于2008年，是眼科医师与眼科微生物学人员使用的真菌性角膜溃疡实用图谱与实验室指南。内容从流行病学、创伤及接触镜等危险因素和临床表现入手，结合裂隙灯照片说明干燥隆起表面、羽毛状边缘、卫星灶、角膜后脓肿、前房积脓等特征；继而系统介绍角膜刮取标本采集、KOH、革兰、GMS、荧光显微镜及Calcofluor白染色，血琼脂、马铃薯葡萄糖琼脂、SDA等培养基的接种、孵育和培养物处理。图谱重点展示Acremonium、Alternaria、Aspergillus、Bipolaris、Candida、Curvularia、Fusarium、黑色真菌、Rhizopus等常见眼部真菌的菌落及显微形态，并讲解乳酸酚棉蓝、透明胶带法和Ridell/Harris玻片培养法。后半部分涉及PCR等分子诊断、抗真菌治疗、纳他霉素、两性霉素B制备、唑类及棘白菌素，以及表层角膜切除、治疗性角膜移植和穿透性角膜移植。"
b5ecf27a-ef58-4cb6-87af-ee3d0d7920e2,本书为Jonathan J. Dutton主编、Thomas G. Waldrop绘图的眼眶临床与外科解剖图谱，第二版出版于2011年，面向眼科医师、眼整形与眼眶外科医师及相关外科培训者。全书围绕眼眶及其邻近结构展开：先述海绵窦的胚胎发育、骨性边界、硬膜皱襞、颅神经与颈内动脉关系，继而介绍眼眶骨学、视神经管与眶裂；系统解析六条眼外肌、提上睑肌、Zinn总腱环、肌肉滑车及眶内筋膜；并涵盖眼眶动脉、静脉和淋巴回流、脂肪与结缔组织、眼睑和前部眼眶、泪腺及泪道、组织学解剖。书末结合CT、MRI及轴位、冠状位正常影像说明解剖定位和病变评估。内容联系甲状腺眼病、重症肌无力、眼眶肌炎、眼眶爆裂骨折、眼外肌限制、Duane综合征、Brown综合征、上睑下垂、视神经压迫及泪腺肿瘤，并涉及眶减压、眼眶底手术、斜视手术、上睑下垂修复和泪腺手术等关键技术。,completed,4e151df1-9bc0-4f40-a0b8-5a1ae272153c,"# Summary
本书为Jonathan J. Dutton主编、Thomas G. Waldrop绘图的眼眶临床与外科解剖图谱，第二版出版于2011年，面向眼科医师、眼整形与眼眶外科医师及相关外科培训者。全书围绕眼眶及其邻近结构展开：先述海绵窦的胚胎发育、骨性边界、硬膜皱襞、颅神经与颈内动脉关系，继而介绍眼眶骨学、视神经管与眶裂；系统解析六条眼外肌、提上睑肌、Zinn总腱环、肌肉滑车及眶内筋膜；并涵盖眼眶动脉、静脉和淋巴回流、脂肪与结缔组织、眼睑和前部眼眶、泪腺及泪道、组织学解剖。书末结合CT、MRI及轴位、冠状位正常影像说明解剖定位和病变评估。内容联系甲状腺眼病、重症肌无力、眼眶肌炎、眼眶爆裂骨折、眼外肌限制、Duane综合征、Brown综合征、上睑下垂、视神经压迫及泪腺肿瘤，并涉及眶减压、眼眶底手术、斜视手术、上睑下垂修复和泪腺手术等关键技术。",3072,"# Summary
本书为Jonathan J. Dutton主编、Thomas G. Waldrop绘图的眼眶临床与外科解剖图谱，第二版出版于2011年，面向眼科医师、眼整形与眼眶外科医师及相关外科培训者。全书围绕眼眶及其邻近结构展开：先述海绵窦的胚胎发育、骨性边界、硬膜皱襞、颅神经与颈内动脉关系，继而介绍眼眶骨学、视神经管与眶裂；系统解析六条眼外肌、提上睑肌、Zinn总腱环、肌肉滑车及眶内筋膜；并涵盖眼眶动脉、静脉和淋巴回流、脂肪与结缔组织、眼睑和前部眼眶、泪腺及泪道、组织学解剖。书末结合CT、MRI及轴位、冠状位正常影像说明解剖定位和病变评估。内容联系甲状腺眼病、重症肌无力、眼眶肌炎、眼眶爆裂骨折、眼外肌限制、Duane综合征、Brown综合征、上睑下垂、视神经压迫及泪腺肿瘤，并涉及眶减压、眼眶底手术、斜视手术、上睑下垂修复和泪腺手术等关键技术。"
fe0ebc7a-383c-47da-aec2-a335beeb9264,本书出版于2014年，是面向眼科医师、青光眼专科医师及相关医疗专业人员的青光眼临床图谱，由Neil T. Choplin、Carlo E. Traverso主编。全书将青光眼界定为一组以进行性视神经改变和视野损害为核心、而非单一疾病的临床实体，系统涵盖分类、房水动力学、眼压及其测量、前房角镜、视神经与视网膜神经纤维层/黄斑分析、视野及电生理检查、眼血流与代谢等诊断基础；并讨论原发性开角型及其变异、继发性开角型、闭角型和发育性青光眼，包括正常眼压、色素性、假性剥脱、炎症、外伤、药物及晶状体相关类型。治疗部分覆盖药物治疗、激光手术、滤过手术、非穿透手术、房水引流装置、白内障联合青光眼手术、发育性青光眼治疗及小梁旁路手术，突出眼压、房角、结构影像与功能损害评估之间的临床联系。,completed,6368e91a-75bd-4a84-a9ad-329ce71174fa,"# Summary
本书出版于2014年，是面向眼科医师、青光眼专科医师及相关医疗专业人员的青光眼临床图谱，由Neil T. Choplin、Carlo E. Traverso主编。全书将青光眼界定为一组以进行性视神经改变和视野损害为核心、而非单一疾病的临床实体，系统涵盖分类、房水动力学、眼压及其测量、前房角镜、视神经与视网膜神经纤维层/黄斑分析、视野及电生理检查、眼血流与代谢等诊断基础；并讨论原发性开角型及其变异、继发性开角型、闭角型和发育性青光眼，包括正常眼压、色素性、假性剥脱、炎症、外伤、药物及晶状体相关类型。治疗部分覆盖药物治疗、激光手术、滤过手术、非穿透手术、房水引流装置、白内障联合青光眼手术、发育性青光眼治疗及小梁旁路手术，突出眼压、房角、结构影像与功能损害评估之间的临床联系。",3072,"# Summary
本书出版于2014年，是面向眼科医师、青光眼专科医师及相关医疗专业人员的青光眼临床图谱，由Neil T. Choplin、Carlo E. Traverso主编。全书将青光眼界定为一组以进行性视神经改变和视野损害为核心、而非单一疾病的临床实体，系统涵盖分类、房水动力学、眼压及其测量、前房角镜、视神经与视网膜神经纤维层/黄斑分析、视野及电生理检查、眼血流与代谢等诊断基础；并讨论原发性开角型及其变异、继发性开角型、闭角型和发育性青光眼，包括正常眼压、色素性、假性剥脱、炎症、外伤、药物及晶状体相关类型。治疗部分覆盖药物治疗、激光手术、滤过手术、非穿透手术、房水引流装置、白内障联合青光眼手术、发育性青光眼治疗及小梁旁路手术，突出眼压、房角、结构影像与功能损害评估之间的临床联系。"
ddbd0524-76b3-42d7-912a-bae8f018f8bf,本书出版于2007年，是面向眼科、耳鼻咽喉科及整形外科医师的泪道外科实用参考图谱，强调眼—鼻解剖关系与跨学科诊疗，配有232幅图、20张表及手术视频。全书先介绍眼表、泪腺、泪小点、泪小管、泪囊和鼻泪管的解剖生理、泪液引流机制及免疫防御；继而讨论原发性获得性鼻泪管阻塞（PANDO）、泪道结石、干眼和泪小点栓塞等病理问题。诊断部分涵盖病史、触诊、荧光染料试验、泪道冲洗与探通，并介绍泪道造影、核素泪道显像等影像检查。手术内容包括泪道探通与插管、成人及儿童鼻腔泪囊吻合术（DCR）、激光辅助DCR、内镜DCR及其并发症处理，还涉及鼻泪道损伤、微创显微内镜技术、结膜鼻腔吻合术、Jones管植入和介入放射学治疗，适合系统学习泪道阻塞、溢泪及相关疾病的评估与手术决策。,completed,76571223-8539-43d8-b3e0-fcf28b34db24,"# Summary
本书出版于2007年，是面向眼科、耳鼻咽喉科及整形外科医师的泪道外科实用参考图谱，强调眼—鼻解剖关系与跨学科诊疗，配有232幅图、20张表及手术视频。全书先介绍眼表、泪腺、泪小点、泪小管、泪囊和鼻泪管的解剖生理、泪液引流机制及免疫防御；继而讨论原发性获得性鼻泪管阻塞（PANDO）、泪道结石、干眼和泪小点栓塞等病理问题。诊断部分涵盖病史、触诊、荧光染料试验、泪道冲洗与探通，并介绍泪道造影、核素泪道显像等影像检查。手术内容包括泪道探通与插管、成人及儿童鼻腔泪囊吻合术（DCR）、激光辅助DCR、内镜DCR及其并发症处理，还涉及鼻泪道损伤、微创显微内镜技术、结膜鼻腔吻合术、Jones管植入和介入放射学治疗，适合系统学习泪道阻塞、溢泪及相关疾病的评估与手术决策。",3072,"# Summary
本书出版于2007年，是面向眼科、耳鼻咽喉科及整形外科医师的泪道外科实用参考图谱，强调眼—鼻解剖关系与跨学科诊疗，配有232幅图、20张表及手术视频。全书先介绍眼表、泪腺、泪小点、泪小管、泪囊和鼻泪管的解剖生理、泪液引流机制及免疫防御；继而讨论原发性获得性鼻泪管阻塞（PANDO）、泪道结石、干眼和泪小点栓塞等病理问题。诊断部分涵盖病史、触诊、荧光染料试验、泪道冲洗与探通，并介绍泪道造影、核素泪道显像等影像检查。手术内容包括泪道探通与插管、成人及儿童鼻腔泪囊吻合术（DCR）、激光辅助DCR、内镜DCR及其并发症处理，还涉及鼻泪道损伤、微创显微内镜技术、结膜鼻腔吻合术、Jones管植入和介入放射学治疗，适合系统学习泪道阻塞、溢泪及相关疾病的评估与手术决策。"
700c02bb-0871-4539-8de0-9cc8b7f9e07f,本书出版于2010年，是Thomas C. Spoor编著的实用型眼整形与眼眶手术图谱，面向综合眼科医师、眼整形/眼眶外科医师、神经眼科医师、整形外科医师及住院医师，重点处理常见眼睑与眼眶疾病，采用手术照片、示意图和步骤化方法讲解。全书涵盖下睑成形术（经结膜、经皮）、眶隔脂肪处理、外眦切开与睑板条、睑外翻和睑内翻修复、下睑退缩及ENDURAGen间隔植入；总结下睑术后水肿、结膜水肿、出血、角膜擦伤、复视等并发症。上睑部分涉及上睑下垂、提上睑肌腱膜前移、眉下垂、上睑成形及Hering定律，并讨论上睑术后闭合不全、睑退缩、缝线性角膜病、感染和结膜松弛。泪道章节介绍干眼、流泪、泪点外翻、结膜松弛的裂隙灯检查、丽丝胺绿染色、泪点扩张冲洗及外路泪囊鼻腔吻合术。眼眶章节覆盖CT/MRI定位、眶肿瘤活检或切除、外侧/下方/内侧眶切开、眶减压、眶底及内侧壁骨折修复、视神经鞘减压和颞动脉活检。,completed,6afc05d9-1bca-404f-937f-6ae481ba2a68,"# Summary
本书出版于2010年，是Thomas C. Spoor编著的实用型眼整形与眼眶手术图谱，面向综合眼科医师、眼整形/眼眶外科医师、神经眼科医师、整形外科医师及住院医师，重点处理常见眼睑与眼眶疾病，采用手术照片、示意图和步骤化方法讲解。全书涵盖下睑成形术（经结膜、经皮）、眶隔脂肪处理、外眦切开与睑板条、睑外翻和睑内翻修复、下睑退缩及ENDURAGen间隔植入；总结下睑术后水肿、结膜水肿、出血、角膜擦伤、复视等并发症。上睑部分涉及上睑下垂、提上睑肌腱膜前移、眉下垂、上睑成形及Hering定律，并讨论上睑术后闭合不全、睑退缩、缝线性角膜病、感染和结膜松弛。泪道章节介绍干眼、流泪、泪点外翻、结膜松弛的裂隙灯检查、丽丝胺绿染色、泪点扩张冲洗及外路泪囊鼻腔吻合术。眼眶章节覆盖CT/MRI定位、眶肿瘤活检或切除、外侧/下方/内侧眶切开、眶减压、眶底及内侧壁骨折修复、视神经鞘减压和颞动脉活检。",3072,"# Summary
本书出版于2010年，是Thomas C. Spoor编著的实用型眼整形与眼眶手术图谱，面向综合眼科医师、眼整形/眼眶外科医师、神经眼科医师、整形外科医师及住院医师，重点处理常见眼睑与眼眶疾病，采用手术照片、示意图和步骤化方法讲解。全书涵盖下睑成形术（经结膜、经皮）、眶隔脂肪处理、外眦切开与睑板条、睑外翻和睑内翻修复、下睑退缩及ENDURAGen间隔植入；总结下睑术后水肿、结膜水肿、出血、角膜擦伤、复视等并发症。上睑部分涉及上睑下垂、提上睑肌腱膜前移、眉下垂、上睑成形及Hering定律，并讨论上睑术后闭合不全、睑退缩、缝线性角膜病、感染和结膜松弛。泪道章节介绍干眼、流泪、泪点外翻、结膜松弛的裂隙灯检查、丽丝胺绿染色、泪点扩张冲洗及外路泪囊鼻腔吻合术。眼眶章节覆盖CT/MRI定位、眶肿瘤活检或切除、外侧/下方/内侧眶切开、眶减压、眶底及内侧壁骨折修复、视神经鞘减压和颞动脉活检。"
2b0434f0-7fcc-4235-8c6a-a074495d0eac,本书出版于2022年，是面向眼科、眼整形与眼眶外科、神经放射科、耳鼻喉科及相关影像医师的眼眶影像学图谱，依托1275幅图像和5张表，强调影像观察、模式识别及与临床表现、病理和手术规划的结合。全书先介绍眼眶骨骼、血管、眼睑及眼附属器、眼外肌、鼻旁窦、眶裂、海绵窦和Meckel腔等解剖；继而系统讲解CT、MRI、CTA/CTV、MRA/MRV、术中动态成像、肿瘤超声、彩色多普勒及PET/CT。疾病部分涵盖颅面发育异常、神经纤维瘤病、无眼球/小眼球、皮样及表皮样囊肿、泪腺肿瘤、泪道阻塞与泪囊炎、淋巴瘤、浆细胞瘤、肉瘤、横纹肌肉瘤、孤立性纤维性肿瘤、眼眶及眼附属器恶性肿瘤、转移癌、骨性病变、视神经胶质瘤和鞘膜脑膜瘤、淋巴及静脉畸形、颈动脉海绵窦瘘、特发性炎症、甲状腺眼病、眶蜂窝织炎、真菌感染、创伤、异物、出血、术后改变及眼周填充剂并发症，可用于诊断鉴别、介入评估、治疗决策和眼眶手术规划。,completed,0af24b2b-f4cc-4026-884c-f3813a0232e2,"# Summary
本书出版于2022年，是面向眼科、眼整形与眼眶外科、神经放射科、耳鼻喉科及相关影像医师的眼眶影像学图谱，依托1275幅图像和5张表，强调影像观察、模式识别及与临床表现、病理和手术规划的结合。全书先介绍眼眶骨骼、血管、眼睑及眼附属器、眼外肌、鼻旁窦、眶裂、海绵窦和Meckel腔等解剖；继而系统讲解CT、MRI、CTA/CTV、MRA/MRV、术中动态成像、肿瘤超声、彩色多普勒及PET/CT。疾病部分涵盖颅面发育异常、神经纤维瘤病、无眼球/小眼球、皮样及表皮样囊肿、泪腺肿瘤、泪道阻塞与泪囊炎、淋巴瘤、浆细胞瘤、肉瘤、横纹肌肉瘤、孤立性纤维性肿瘤、眼眶及眼附属器恶性肿瘤、转移癌、骨性病变、视神经胶质瘤和鞘膜脑膜瘤、淋巴及静脉畸形、颈动脉海绵窦瘘、特发性炎症、甲状腺眼病、眶蜂窝织炎、真菌感染、创伤、异物、出血、术后改变及眼周填充剂并发症，可用于诊断鉴别、介入评估、治疗决策和眼眶手术规划。",3072,"# Summary
本书出版于2022年，是面向眼科、眼整形与眼眶外科、神经放射科、耳鼻喉科及相关影像医师的眼眶影像学图谱，依托1275幅图像和5张表，强调影像观察、模式识别及与临床表现、病理和手术规划的结合。全书先介绍眼眶骨骼、血管、眼睑及眼附属器、眼外肌、鼻旁窦、眶裂、海绵窦和Meckel腔等解剖；继而系统讲解CT、MRI、CTA/CTV、MRA/MRV、术中动态成像、肿瘤超声、彩色多普勒及PET/CT。疾病部分涵盖颅面发育异常、神经纤维瘤病、无眼球/小眼球、皮样及表皮样囊肿、泪腺肿瘤、泪道阻塞与泪囊炎、淋巴瘤、浆细胞瘤、肉瘤、横纹肌肉瘤、孤立性纤维性肿瘤、眼眶及眼附属器恶性肿瘤、转移癌、骨性病变、视神经胶质瘤和鞘膜脑膜瘤、淋巴及静脉畸形、颈动脉海绵窦瘘、特发性炎症、甲状腺眼病、眶蜂窝织炎、真菌感染、创伤、异物、出血、术后改变及眼周填充剂并发症，可用于诊断鉴别、介入评估、治疗决策和眼眶手术规划。"
e697d8b7-e68c-4dbc-b529-f71762cb62ca,本书出版于2018年，是面向眼科初学者及资深临床医生的视网膜光学相干断层扫描（OCT）图谱，既可作为《Handbook of Retinal OCT》的补充，也可独立用于日常阅片和诊疗参考。全书从正常视神经、视网膜、脉络膜和玻璃体入手，介绍时域、谱域、扫频OCT及OCT血管成像（OCTA），并讨论图像伪影与误差。随后围绕黄斑疾病、血管阻塞、葡萄膜炎和炎症、视网膜及脉络膜肿瘤、眼外伤、遗传性视网膜变性、玻璃体疾病及周边视网膜异常展开，涵盖年龄相关性黄斑变性、玻璃体黄斑界面疾病、中心性浆液性脉络膜视网膜病变、病理性近视、羟氯喹毒性、糖尿病视网膜病变、视网膜动静脉阻塞、感染性脉络膜视网膜炎、脉络膜黑色素瘤、视网膜脱离等。书中以大量高质量OCT B扫描、en face OCT、OCTA及眼底照相、荧光素血管造影、吲哚菁绿血管造影、眼底自发荧光和近红外成像对照展示病变特征，突出RNFL、GCC、RPE、光感受器、脉络膜新生血管、黄斑水肿及视网膜结构改变的识别。,completed,ec3964d5-e072-41ed-8f0a-762989a2d8d2,"# Summary
本书出版于2018年，是面向眼科初学者及资深临床医生的视网膜光学相干断层扫描（OCT）图谱，既可作为《Handbook of Retinal OCT》的补充，也可独立用于日常阅片和诊疗参考。全书从正常视神经、视网膜、脉络膜和玻璃体入手，介绍时域、谱域、扫频OCT及OCT血管成像（OCTA），并讨论图像伪影与误差。随后围绕黄斑疾病、血管阻塞、葡萄膜炎和炎症、视网膜及脉络膜肿瘤、眼外伤、遗传性视网膜变性、玻璃体疾病及周边视网膜异常展开，涵盖年龄相关性黄斑变性、玻璃体黄斑界面疾病、中心性浆液性脉络膜视网膜病变、病理性近视、羟氯喹毒性、糖尿病视网膜病变、视网膜动静脉阻塞、感染性脉络膜视网膜炎、脉络膜黑色素瘤、视网膜脱离等。书中以大量高质量OCT B扫描、en face OCT、OCTA及眼底照相、荧光素血管造影、吲哚菁绿血管造影、眼底自发荧光和近红外成像对照展示病变特征，突出RNFL、GCC、RPE、光感受器、脉络膜新生血管、黄斑水肿及视网膜结构改变的识别。",3072,"# Summary
本书出版于2018年，是面向眼科初学者及资深临床医生的视网膜光学相干断层扫描（OCT）图谱，既可作为《Handbook of Retinal OCT》的补充，也可独立用于日常阅片和诊疗参考。全书从正常视神经、视网膜、脉络膜和玻璃体入手，介绍时域、谱域、扫频OCT及OCT血管成像（OCTA），并讨论图像伪影与误差。随后围绕黄斑疾病、血管阻塞、葡萄膜炎和炎症、视网膜及脉络膜肿瘤、眼外伤、遗传性视网膜变性、玻璃体疾病及周边视网膜异常展开，涵盖年龄相关性黄斑变性、玻璃体黄斑界面疾病、中心性浆液性脉络膜视网膜病变、病理性近视、羟氯喹毒性、糖尿病视网膜病变、视网膜动静脉阻塞、感染性脉络膜视网膜炎、脉络膜黑色素瘤、视网膜脱离等。书中以大量高质量OCT B扫描、en face OCT、OCTA及眼底照相、荧光素血管造影、吲哚菁绿血管造影、眼底自发荧光和近红外成像对照展示病变特征，突出RNFL、GCC、RPE、光感受器、脉络膜新生血管、黄斑水肿及视网膜结构改变的识别。"
a0b16ded-0ab9-4e7a-92bb-ec863bc741ca,本书出版于2009年，是面向眼科临床医师、住院医师及相关研究者的青光眼诊断与治疗专著。全书从青光眼定义、流行病学和分类入手，系统讲解房水生成与外流、眼压及其测量，涵盖Goldmann压平眼压计、动态轮廓眼压计、房角镜、视野检查、自动静态视野计、视觉电生理，以及视盘评估和CSLO、HRT、OCT、GDX等影像技术。疾病框架包括原发性闭角型、原发性开角型、正常眼压性、色素性、假性剥脱性、激素性、炎症、外伤、肿瘤相关继发性青光眼，以及发育性、先天性和儿童青光眼，并讨论青光眼遗传学、危险因素、疑似患者和随访管理。治疗部分涵盖目标眼压、依从性与药物管理，前列腺素、肾上腺素能药物、β受体阻滞剂、碳酸酐酶抑制剂、胆碱能药物和高渗剂；还详细介绍激光周边虹膜切开术、虹膜成形术、激光小梁成形术、睫状体光凝、激光及传统滤过手术、引流装置、白内障联合青光眼手术、儿童房角手术、非穿透性手术及术后并发症处理。,completed,2ef41d9b-7301-4ef8-b03e-e5da4d0df68e,"# Summary
本书出版于2009年，是面向眼科临床医师、住院医师及相关研究者的青光眼诊断与治疗专著。全书从青光眼定义、流行病学和分类入手，系统讲解房水生成与外流、眼压及其测量，涵盖Goldmann压平眼压计、动态轮廓眼压计、房角镜、视野检查、自动静态视野计、视觉电生理，以及视盘评估和CSLO、HRT、OCT、GDX等影像技术。疾病框架包括原发性闭角型、原发性开角型、正常眼压性、色素性、假性剥脱性、激素性、炎症、外伤、肿瘤相关继发性青光眼，以及发育性、先天性和儿童青光眼，并讨论青光眼遗传学、危险因素、疑似患者和随访管理。治疗部分涵盖目标眼压、依从性与药物管理，前列腺素、肾上腺素能药物、β受体阻滞剂、碳酸酐酶抑制剂、胆碱能药物和高渗剂；还详细介绍激光周边虹膜切开术、虹膜成形术、激光小梁成形术、睫状体光凝、激光及传统滤过手术、引流装置、白内障联合青光眼手术、儿童房角手术、非穿透性手术及术后并发症处理。",3072,"# Summary
本书出版于2009年，是面向眼科临床医师、住院医师及相关研究者的青光眼诊断与治疗专著。全书从青光眼定义、流行病学和分类入手，系统讲解房水生成与外流、眼压及其测量，涵盖Goldmann压平眼压计、动态轮廓眼压计、房角镜、视野检查、自动静态视野计、视觉电生理，以及视盘评估和CSLO、HRT、OCT、GDX等影像技术。疾病框架包括原发性闭角型、原发性开角型、正常眼压性、色素性、假性剥脱性、激素性、炎症、外伤、肿瘤相关继发性青光眼，以及发育性、先天性和儿童青光眼，并讨论青光眼遗传学、危险因素、疑似患者和随访管理。治疗部分涵盖目标眼压、依从性与药物管理，前列腺素、肾上腺素能药物、β受体阻滞剂、碳酸酐酶抑制剂、胆碱能药物和高渗剂；还详细介绍激光周边虹膜切开术、虹膜成形术、激光小梁成形术、睫状体光凝、激光及传统滤过手术、引流装置、白内障联合青光眼手术、儿童房角手术、非穿透性手术及术后并发症处理。"
3859858a-bb82-49c5-9118-5638a9f0f000,本书出版于2003年，面向学习眼科学、生物化学、视觉科学及视力保健的学生和读者，系统解释影响眼睛正常与病理功能的分子结构和生化过程。全书从水、血液、房水、玻璃体和泪膜等眼部液体入手，介绍蛋白质、晶状体晶状体蛋白、视紫红质与视锥色素、黏蛋白和胶原；继而讨论酶学、Na⁺/K⁺-ATPase、醛糖还原酶、基质金属蛋白酶、糖酵解及糖代谢，并联系糖尿病、半乳糖血症、糖性白内障、糖尿病视网膜病变和角膜病变。后续章节涵盖脂质、维生素A、视网膜膜结构、激素与第二信使、cGMP视觉转导、DNA/RNA、晶状体基因表达、病毒性角膜感染、基因治疗潜力、眼部神经化学与自主神经功能，以及免疫球蛋白、补体和炎症。末章分析细胞凋亡、玻璃体液化、视网膜脱离风险和角膜碱烧伤等老化与损伤机制。书中还涉及X射线晶体学、计算机分子建模、酶动力学与Lineweaver–Burk分析、眼压调控、青光眼药理抑制、前列腺素治疗及视觉信号通路等关键词。,completed,1c26ecee-be4f-4bd2-88e6-0b0b08f7efc7,"# Summary
本书出版于2003年，面向学习眼科学、生物化学、视觉科学及视力保健的学生和读者，系统解释影响眼睛正常与病理功能的分子结构和生化过程。全书从水、血液、房水、玻璃体和泪膜等眼部液体入手，介绍蛋白质、晶状体晶状体蛋白、视紫红质与视锥色素、黏蛋白和胶原；继而讨论酶学、Na⁺/K⁺-ATPase、醛糖还原酶、基质金属蛋白酶、糖酵解及糖代谢，并联系糖尿病、半乳糖血症、糖性白内障、糖尿病视网膜病变和角膜病变。后续章节涵盖脂质、维生素A、视网膜膜结构、激素与第二信使、cGMP视觉转导、DNA/RNA、晶状体基因表达、病毒性角膜感染、基因治疗潜力、眼部神经化学与自主神经功能，以及免疫球蛋白、补体和炎症。末章分析细胞凋亡、玻璃体液化、视网膜脱离风险和角膜碱烧伤等老化与损伤机制。书中还涉及X射线晶体学、计算机分子建模、酶动力学与Lineweaver–Burk分析、眼压调控、青光眼药理抑制、前列腺素治疗及视觉信号通路等关键词。",3072,"# Summary
本书出版于2003年，面向学习眼科学、生物化学、视觉科学及视力保健的学生和读者，系统解释影响眼睛正常与病理功能的分子结构和生化过程。全书从水、血液、房水、玻璃体和泪膜等眼部液体入手，介绍蛋白质、晶状体晶状体蛋白、视紫红质与视锥色素、黏蛋白和胶原；继而讨论酶学、Na⁺/K⁺-ATPase、醛糖还原酶、基质金属蛋白酶、糖酵解及糖代谢，并联系糖尿病、半乳糖血症、糖性白内障、糖尿病视网膜病变和角膜病变。后续章节涵盖脂质、维生素A、视网膜膜结构、激素与第二信使、cGMP视觉转导、DNA/RNA、晶状体基因表达、病毒性角膜感染、基因治疗潜力、眼部神经化学与自主神经功能，以及免疫球蛋白、补体和炎症。末章分析细胞凋亡、玻璃体液化、视网膜脱离风险和角膜碱烧伤等老化与损伤机制。书中还涉及X射线晶体学、计算机分子建模、酶动力学与Lineweaver–Burk分析、眼压调控、青光眼药理抑制、前列腺素治疗及视觉信号通路等关键词。"
0a053ef4-2ef9-4af6-a41a-98a39138b57a,本书出版于2012年，是面向验光学、眼科学学生及临床医生的视觉系统基础与临床参考书，系统结合胚胎学、宏观与显微解剖、组织学、生理学、血供及神经支配。内容从视觉系统概论、细胞组织学和生理学入手，依次讲解眼球三层结构（角膜—巩膜、葡萄膜、视网膜）、晶状体、房水与玻璃体，再扩展至眼球发育、眼眶骨与结缔组织、眼睑和泪器、眼外肌及眼球运动；后半部分重点讨论眼部血供、颅神经支配、视路及视野缺损、自主神经与瞳孔通路和异常。书中贯穿屈光不正、散光、圆锥角膜、角膜水肿、Fuchs营养不良、青光眼相关高眼压、角膜新生血管、角膜缘干细胞缺乏、眼眶爆裂骨折和眶蜂窝织炎等临床问题，并介绍角膜曲率计、角膜地形图、检影镜、眼底镜、裂隙灯、生物显微镜、视野计及视网膜/视神经三维成像；涉及角膜移植、角膜胶原交联、角膜塑形、虹膜切除及口腔黏膜上皮移植等治疗与手术技术。,completed,f7789368-c6c6-4e3f-984c-b0ef953863c4,"# Summary
本书出版于2012年，是面向验光学、眼科学学生及临床医生的视觉系统基础与临床参考书，系统结合胚胎学、宏观与显微解剖、组织学、生理学、血供及神经支配。内容从视觉系统概论、细胞组织学和生理学入手，依次讲解眼球三层结构（角膜—巩膜、葡萄膜、视网膜）、晶状体、房水与玻璃体，再扩展至眼球发育、眼眶骨与结缔组织、眼睑和泪器、眼外肌及眼球运动；后半部分重点讨论眼部血供、颅神经支配、视路及视野缺损、自主神经与瞳孔通路和异常。书中贯穿屈光不正、散光、圆锥角膜、角膜水肿、Fuchs营养不良、青光眼相关高眼压、角膜新生血管、角膜缘干细胞缺乏、眼眶爆裂骨折和眶蜂窝织炎等临床问题，并介绍角膜曲率计、角膜地形图、检影镜、眼底镜、裂隙灯、生物显微镜、视野计及视网膜/视神经三维成像；涉及角膜移植、角膜胶原交联、角膜塑形、虹膜切除及口腔黏膜上皮移植等治疗与手术技术。",3072,"# Summary
本书出版于2012年，是面向验光学、眼科学学生及临床医生的视觉系统基础与临床参考书，系统结合胚胎学、宏观与显微解剖、组织学、生理学、血供及神经支配。内容从视觉系统概论、细胞组织学和生理学入手，依次讲解眼球三层结构（角膜—巩膜、葡萄膜、视网膜）、晶状体、房水与玻璃体，再扩展至眼球发育、眼眶骨与结缔组织、眼睑和泪器、眼外肌及眼球运动；后半部分重点讨论眼部血供、颅神经支配、视路及视野缺损、自主神经与瞳孔通路和异常。书中贯穿屈光不正、散光、圆锥角膜、角膜水肿、Fuchs营养不良、青光眼相关高眼压、角膜新生血管、角膜缘干细胞缺乏、眼眶爆裂骨折和眶蜂窝织炎等临床问题，并介绍角膜曲率计、角膜地形图、检影镜、眼底镜、裂隙灯、生物显微镜、视野计及视网膜/视神经三维成像；涉及角膜移植、角膜胶原交联、角膜塑形、虹膜切除及口腔黏膜上皮移植等治疗与手术技术。"
461afca3-fbbe-43be-a175-b1db1134481b,本书出版于2015年，是面向眼科医师、视网膜专科医师及眼科影像研究者的临床OCT血管成像（OCTA）图谱，重点讲解无造影剂显示视网膜、脉络膜及前节微血管的原理、检查流程与影像判读。全书涵盖OCTA技术基础、SSADA与扫频/谱域OCT比较、AngioVue分层与运动校正、伪影识别、流量指数和血管密度定量，以及正常视网膜血管结构；疾病部分涉及角膜和前节、渗出性与非渗出性年龄相关性黄斑变性、1/2型脉络膜新生血管（CNV）、息肉样脉络膜血管病变、中心性浆液性脉络膜视网膜病变、黄斑毛细血管扩张症2型、视网膜静脉/动脉阻塞、糖尿病视网膜病变、黄斑缺血与中心凹无血管区、高度近视、脉络膜痣与黑色素瘤、青光眼及视神经。书中还介绍CNV分型、治疗后随访和治疗反应评估，并展望超高速扫频源OCTA在正常眼、糖尿病及非渗出性AMD中的应用。,completed,c12d680e-2d6f-4c5d-b6ed-63797dcc0af1,"# Summary
本书出版于2015年，是面向眼科医师、视网膜专科医师及眼科影像研究者的临床OCT血管成像（OCTA）图谱，重点讲解无造影剂显示视网膜、脉络膜及前节微血管的原理、检查流程与影像判读。全书涵盖OCTA技术基础、SSADA与扫频/谱域OCT比较、AngioVue分层与运动校正、伪影识别、流量指数和血管密度定量，以及正常视网膜血管结构；疾病部分涉及角膜和前节、渗出性与非渗出性年龄相关性黄斑变性、1/2型脉络膜新生血管（CNV）、息肉样脉络膜血管病变、中心性浆液性脉络膜视网膜病变、黄斑毛细血管扩张症2型、视网膜静脉/动脉阻塞、糖尿病视网膜病变、黄斑缺血与中心凹无血管区、高度近视、脉络膜痣与黑色素瘤、青光眼及视神经。书中还介绍CNV分型、治疗后随访和治疗反应评估，并展望超高速扫频源OCTA在正常眼、糖尿病及非渗出性AMD中的应用。",3072,"# Summary
本书出版于2015年，是面向眼科医师、视网膜专科医师及眼科影像研究者的临床OCT血管成像（OCTA）图谱，重点讲解无造影剂显示视网膜、脉络膜及前节微血管的原理、检查流程与影像判读。全书涵盖OCTA技术基础、SSADA与扫频/谱域OCT比较、AngioVue分层与运动校正、伪影识别、流量指数和血管密度定量，以及正常视网膜血管结构；疾病部分涉及角膜和前节、渗出性与非渗出性年龄相关性黄斑变性、1/2型脉络膜新生血管（CNV）、息肉样脉络膜血管病变、中心性浆液性脉络膜视网膜病变、黄斑毛细血管扩张症2型、视网膜静脉/动脉阻塞、糖尿病视网膜病变、黄斑缺血与中心凹无血管区、高度近视、脉络膜痣与黑色素瘤、青光眼及视神经。书中还介绍CNV分型、治疗后随访和治疗反应评估，并展望超高速扫频源OCTA在正常眼、糖尿病及非渗出性AMD中的应用。"
8c3fdfda-33ad-4788-99b8-09531076972b,本书出版于2008年，是面向眼科医师、临床药理学家及药物安全研究人员的眼部药物与化学品毒理学参考书。内容涵盖药效学、药代动力学、眼部屏障、局部给药与防腐剂毒性、治疗原则、药物不良反应登记，以及药物、化学品、草药和膳食补充剂所致眼部副作用。全书按抗感染药、精神科药、镇痛与麻醉药、心血管及肾脏药、激素、抗凝药、降糖药、抗肿瘤药、免疫抑制剂、视网膜及青光眼用药等类别，系统记录主要适应证、眼部表现、证据等级、临床意义与处理建议。重点涉及视网膜毒性、毒性视神经病变、青光眼、糖尿病视网膜病变、视网膜变性、角膜及晶状体损害，并讨论氯喹、氯丙嗪、他莫昔芬、碳二硫化物、西地那非等相关风险。检查与影像技术包括裂隙灯及眼底检查、眼压、OCT、神经纤维层评估、眼底自发荧光、EOG、ERG、mfERG、PERG、VEP、瞳孔测量、视野、色觉、对比敏感度、暗适应、角膜知觉和角膜厚度检查；同时涉及眼表冲洗、滴眼液、眼内及局部注射、眼科植入物和围术期药物安全。,completed,2447f090-17fc-4f7c-8194-9d47fc6dac2e,"# Summary
本书出版于2008年，是面向眼科医师、临床药理学家及药物安全研究人员的眼部药物与化学品毒理学参考书。内容涵盖药效学、药代动力学、眼部屏障、局部给药与防腐剂毒性、治疗原则、药物不良反应登记，以及药物、化学品、草药和膳食补充剂所致眼部副作用。全书按抗感染药、精神科药、镇痛与麻醉药、心血管及肾脏药、激素、抗凝药、降糖药、抗肿瘤药、免疫抑制剂、视网膜及青光眼用药等类别，系统记录主要适应证、眼部表现、证据等级、临床意义与处理建议。重点涉及视网膜毒性、毒性视神经病变、青光眼、糖尿病视网膜病变、视网膜变性、角膜及晶状体损害，并讨论氯喹、氯丙嗪、他莫昔芬、碳二硫化物、西地那非等相关风险。检查与影像技术包括裂隙灯及眼底检查、眼压、OCT、神经纤维层评估、眼底自发荧光、EOG、ERG、mfERG、PERG、VEP、瞳孔测量、视野、色觉、对比敏感度、暗适应、角膜知觉和角膜厚度检查；同时涉及眼表冲洗、滴眼液、眼内及局部注射、眼科植入物和围术期药物安全。",3072,"# Summary
本书出版于2008年，是面向眼科医师、临床药理学家及药物安全研究人员的眼部药物与化学品毒理学参考书。内容涵盖药效学、药代动力学、眼部屏障、局部给药与防腐剂毒性、治疗原则、药物不良反应登记，以及药物、化学品、草药和膳食补充剂所致眼部副作用。全书按抗感染药、精神科药、镇痛与麻醉药、心血管及肾脏药、激素、抗凝药、降糖药、抗肿瘤药、免疫抑制剂、视网膜及青光眼用药等类别，系统记录主要适应证、眼部表现、证据等级、临床意义与处理建议。重点涉及视网膜毒性、毒性视神经病变、青光眼、糖尿病视网膜病变、视网膜变性、角膜及晶状体损害，并讨论氯喹、氯丙嗪、他莫昔芬、碳二硫化物、西地那非等相关风险。检查与影像技术包括裂隙灯及眼底检查、眼压、OCT、神经纤维层评估、眼底自发荧光、EOG、ERG、mfERG、PERG、VEP、瞳孔测量、视野、色觉、对比敏感度、暗适应、角膜知觉和角膜厚度检查；同时涉及眼表冲洗、滴眼液、眼内及局部注射、眼科植入物和围术期药物安全。"
efa9cc31-b5de-449c-83be-10d5efe8725c,本书出版于2008年，是面向眼科医师、验光师及眼科超声学习者的临床病例型眼部超声参考书，强调在门诊通过系统检查减少不必要的CT、MRI等影像检查。全书依次讨论眼科超声适应证、A型与B型扫描基本原理和操作、眼痛、视物模糊、眼球突出及眼周肿块，另设发展中国家眼部超声病例和眼眶影像学专题。内容覆盖视网膜脱离、玻璃体后脱离、玻璃体出血、黄斑牵拉、脉络膜及睫状体黑色素瘤、视网膜母细胞瘤、视神经乳头 drusen、视神经胶质瘤和鞘膜脑膜瘤、泪腺肿瘤、淋巴瘤、海绵状血管瘤、淋巴管瘤、Graves病、眼眶肌炎、后巩膜炎、鼻窦炎、脓肿、外伤、异物及颈动脉海绵窦瘘等。书中结合超声回声、反射率、钙化、肿瘤厚度与内部结构，讲解A/B扫描、超声生物显微镜、CT、MRI及PET的影像判读，并涉及放射性斑块治疗、肿瘤整块切除、眼眶减压和眼眶切开术等诊疗决策。,completed,78df2606-4c40-45aa-9e16-7fa00c2263ba,"# Summary
本书出版于2008年，是面向眼科医师、验光师及眼科超声学习者的临床病例型眼部超声参考书，强调在门诊通过系统检查减少不必要的CT、MRI等影像检查。全书依次讨论眼科超声适应证、A型与B型扫描基本原理和操作、眼痛、视物模糊、眼球突出及眼周肿块，另设发展中国家眼部超声病例和眼眶影像学专题。内容覆盖视网膜脱离、玻璃体后脱离、玻璃体出血、黄斑牵拉、脉络膜及睫状体黑色素瘤、视网膜母细胞瘤、视神经乳头 drusen、视神经胶质瘤和鞘膜脑膜瘤、泪腺肿瘤、淋巴瘤、海绵状血管瘤、淋巴管瘤、Graves病、眼眶肌炎、后巩膜炎、鼻窦炎、脓肿、外伤、异物及颈动脉海绵窦瘘等。书中结合超声回声、反射率、钙化、肿瘤厚度与内部结构，讲解A/B扫描、超声生物显微镜、CT、MRI及PET的影像判读，并涉及放射性斑块治疗、肿瘤整块切除、眼眶减压和眼眶切开术等诊疗决策。",3072,"# Summary
本书出版于2008年，是面向眼科医师、验光师及眼科超声学习者的临床病例型眼部超声参考书，强调在门诊通过系统检查减少不必要的CT、MRI等影像检查。全书依次讨论眼科超声适应证、A型与B型扫描基本原理和操作、眼痛、视物模糊、眼球突出及眼周肿块，另设发展中国家眼部超声病例和眼眶影像学专题。内容覆盖视网膜脱离、玻璃体后脱离、玻璃体出血、黄斑牵拉、脉络膜及睫状体黑色素瘤、视网膜母细胞瘤、视神经乳头 drusen、视神经胶质瘤和鞘膜脑膜瘤、泪腺肿瘤、淋巴瘤、海绵状血管瘤、淋巴管瘤、Graves病、眼眶肌炎、后巩膜炎、鼻窦炎、脓肿、外伤、异物及颈动脉海绵窦瘘等。书中结合超声回声、反射率、钙化、肿瘤厚度与内部结构，讲解A/B扫描、超声生物显微镜、CT、MRI及PET的影像判读，并涉及放射性斑块治疗、肿瘤整块切除、眼眶减压和眼眶切开术等诊疗决策。"
80b10608-e057-4373-b611-479989f271ad,2007年出版的眼科肿瘤学综合教材，面向眼科医师、眼肿瘤专科医师、肿瘤科与放射肿瘤科医师、病理医师、儿科肿瘤医师、遗传学家及相关研究者。全书先讲临床流行病学、癌症病因、病理、血管生成、免疫、遗传学，以及冷冻、激光、放射治疗、化疗和患者心理沟通；继而按眼睑、结膜与角膜、葡萄膜、视网膜、视神经及眼眶展开，涵盖检查、活检、组织病理、鉴别诊断、影像学、分期、预后和随访。重点疾病包括基底细胞癌、鳞状细胞癌、皮脂腺癌、眼睑及结膜黑色素瘤、眼表鳞状肿瘤、葡萄膜黑色素瘤、视网膜血管肿瘤、Coats病、视网膜及中枢神经系统淋巴瘤、视网膜母细胞瘤、眼眶横纹肌肉瘤、淋巴瘤和泪腺肿瘤。治疗涉及肿瘤切除、Mohs技术、冷冻、激光、热疗、近距离放疗、质子束及立体定向放疗、化疗、局部治疗、眼球摘除和眼眶重建。,completed,7f0023eb-c485-4595-8410-7ed0395f7673,"# Summary
2007年出版的眼科肿瘤学综合教材，面向眼科医师、眼肿瘤专科医师、肿瘤科与放射肿瘤科医师、病理医师、儿科肿瘤医师、遗传学家及相关研究者。全书先讲临床流行病学、癌症病因、病理、血管生成、免疫、遗传学，以及冷冻、激光、放射治疗、化疗和患者心理沟通；继而按眼睑、结膜与角膜、葡萄膜、视网膜、视神经及眼眶展开，涵盖检查、活检、组织病理、鉴别诊断、影像学、分期、预后和随访。重点疾病包括基底细胞癌、鳞状细胞癌、皮脂腺癌、眼睑及结膜黑色素瘤、眼表鳞状肿瘤、葡萄膜黑色素瘤、视网膜血管肿瘤、Coats病、视网膜及中枢神经系统淋巴瘤、视网膜母细胞瘤、眼眶横纹肌肉瘤、淋巴瘤和泪腺肿瘤。治疗涉及肿瘤切除、Mohs技术、冷冻、激光、热疗、近距离放疗、质子束及立体定向放疗、化疗、局部治疗、眼球摘除和眼眶重建。",3072,"# Summary
2007年出版的眼科肿瘤学综合教材，面向眼科医师、眼肿瘤专科医师、肿瘤科与放射肿瘤科医师、病理医师、儿科肿瘤医师、遗传学家及相关研究者。全书先讲临床流行病学、癌症病因、病理、血管生成、免疫、遗传学，以及冷冻、激光、放射治疗、化疗和患者心理沟通；继而按眼睑、结膜与角膜、葡萄膜、视网膜、视神经及眼眶展开，涵盖检查、活检、组织病理、鉴别诊断、影像学、分期、预后和随访。重点疾病包括基底细胞癌、鳞状细胞癌、皮脂腺癌、眼睑及结膜黑色素瘤、眼表鳞状肿瘤、葡萄膜黑色素瘤、视网膜血管肿瘤、Coats病、视网膜及中枢神经系统淋巴瘤、视网膜母细胞瘤、眼眶横纹肌肉瘤、淋巴瘤和泪腺肿瘤。治疗涉及肿瘤切除、Mohs技术、冷冻、激光、热疗、近距离放疗、质子束及立体定向放疗、化疗、局部治疗、眼球摘除和眼眶重建。"
67172769-2f9e-4da9-b7b2-45229c08d629,本书出版于2001年，是面向眼科医师、青光眼专科医师及学习 gonioscopy（房角镜检查）者的临床图谱，定位为房角解剖、识别与检查技术的实用入门，而非完整的青光眼治疗教材。全书由房角解剖与历史、直接及间接房角镜原理、裂隙灯房角镜操作、正常房角表现和分级系统构成，进一步系统展示发育异常、闭角相关病变及开角相关病变，最后介绍房角激光手术。内容涵盖虹膜、睫状体带、巩膜突、小梁网、Schlemm管、Schwalbe线等结构，以及 Shaffer、Scheie、Spaeth、Van Herick 等分级方法；讨论婴幼儿青光眼、Axenfeld-Rieger 综合征、无虹膜、瞳孔阻滞、平台虹膜、恶性青光眼、周边前粘连、虹膜角膜内皮综合征、色素播散、假性剥脱、眼外伤、房角后退、肿瘤、炎症和术后改变等。大量彩色房角照片、裂隙灯影像、水彩解剖图、病理及组织学图像用于对照识别，并涉及压陷房角镜、角膜水肿处理、镜片消毒、激光小梁成形术、激光虹膜成形术和睫状体光凝术。,completed,4b2e9b16-99d7-4cd1-8f25-ca87515b734f,"# Summary
本书出版于2001年，是面向眼科医师、青光眼专科医师及学习 gonioscopy（房角镜检查）者的临床图谱，定位为房角解剖、识别与检查技术的实用入门，而非完整的青光眼治疗教材。全书由房角解剖与历史、直接及间接房角镜原理、裂隙灯房角镜操作、正常房角表现和分级系统构成，进一步系统展示发育异常、闭角相关病变及开角相关病变，最后介绍房角激光手术。内容涵盖虹膜、睫状体带、巩膜突、小梁网、Schlemm管、Schwalbe线等结构，以及 Shaffer、Scheie、Spaeth、Van Herick 等分级方法；讨论婴幼儿青光眼、Axenfeld-Rieger 综合征、无虹膜、瞳孔阻滞、平台虹膜、恶性青光眼、周边前粘连、虹膜角膜内皮综合征、色素播散、假性剥脱、眼外伤、房角后退、肿瘤、炎症和术后改变等。大量彩色房角照片、裂隙灯影像、水彩解剖图、病理及组织学图像用于对照识别，并涉及压陷房角镜、角膜水肿处理、镜片消毒、激光小梁成形术、激光虹膜成形术和睫状体光凝术。",3072,"# Summary
本书出版于2001年，是面向眼科医师、青光眼专科医师及学习 gonioscopy（房角镜检查）者的临床图谱，定位为房角解剖、识别与检查技术的实用入门，而非完整的青光眼治疗教材。全书由房角解剖与历史、直接及间接房角镜原理、裂隙灯房角镜操作、正常房角表现和分级系统构成，进一步系统展示发育异常、闭角相关病变及开角相关病变，最后介绍房角激光手术。内容涵盖虹膜、睫状体带、巩膜突、小梁网、Schlemm管、Schwalbe线等结构，以及 Shaffer、Scheie、Spaeth、Van Herick 等分级方法；讨论婴幼儿青光眼、Axenfeld-Rieger 综合征、无虹膜、瞳孔阻滞、平台虹膜、恶性青光眼、周边前粘连、虹膜角膜内皮综合征、色素播散、假性剥脱、眼外伤、房角后退、肿瘤、炎症和术后改变等。大量彩色房角照片、裂隙灯影像、水彩解剖图、病理及组织学图像用于对照识别，并涉及压陷房角镜、角膜水肿处理、镜片消毒、激光小梁成形术、激光虹膜成形术和睫状体光凝术。"
7583f3cd-ee80-4845-a7e1-7f7e8dfff3f5,本书出版于2007年，是面向住院眼科医师、斜视专科医师及有经验眼科外科医生的斜视手术实用图谱，重点讲解治疗决策与可操作的手术技术。全书分为管理策略和手术技术两部分：前者涵盖弱视治疗、斜视手术原理、婴幼儿及获得性内斜视、间歇性和感觉性外斜视、代偿性头位、眼球震颤、非共同性斜视、复杂斜视、甲状腺相关斜视、Brown综合征、Duane综合征、A/V征、DVD/DHD、眼眶底骨折及各类颅神经麻痹；后者系统介绍眼外肌解剖、手术测量、结膜与筋膜处理、直肌后徙与缩短、Wright肌肉折叠、肌肉移位、Knapp/Jensen/Hummelsheim术、下斜肌前置或切除、上斜肌Harada-Ito术、肌腱折叠与延长、Faden后固定缝线、可调节缝线、表面麻醉手术及丢失肌肉再手术。内容结合睫状肌麻痹验光、棱镜交替遮盖试验、固定偏好评估、被动牵拉试验、屈光矫正、棱镜适应和弱视遮盖治疗，并以彩色术野照片、线描图和手术视频展示关键步骤。,completed,771135e2-2a0f-4919-85dc-9061e527d11a,"# Summary
本书出版于2007年，是面向住院眼科医师、斜视专科医师及有经验眼科外科医生的斜视手术实用图谱，重点讲解治疗决策与可操作的手术技术。全书分为管理策略和手术技术两部分：前者涵盖弱视治疗、斜视手术原理、婴幼儿及获得性内斜视、间歇性和感觉性外斜视、代偿性头位、眼球震颤、非共同性斜视、复杂斜视、甲状腺相关斜视、Brown综合征、Duane综合征、A/V征、DVD/DHD、眼眶底骨折及各类颅神经麻痹；后者系统介绍眼外肌解剖、手术测量、结膜与筋膜处理、直肌后徙与缩短、Wright肌肉折叠、肌肉移位、Knapp/Jensen/Hummelsheim术、下斜肌前置或切除、上斜肌Harada-Ito术、肌腱折叠与延长、Faden后固定缝线、可调节缝线、表面麻醉手术及丢失肌肉再手术。内容结合睫状肌麻痹验光、棱镜交替遮盖试验、固定偏好评估、被动牵拉试验、屈光矫正、棱镜适应和弱视遮盖治疗，并以彩色术野照片、线描图和手术视频展示关键步骤。",3072,"# Summary
本书出版于2007年，是面向住院眼科医师、斜视专科医师及有经验眼科外科医生的斜视手术实用图谱，重点讲解治疗决策与可操作的手术技术。全书分为管理策略和手术技术两部分：前者涵盖弱视治疗、斜视手术原理、婴幼儿及获得性内斜视、间歇性和感觉性外斜视、代偿性头位、眼球震颤、非共同性斜视、复杂斜视、甲状腺相关斜视、Brown综合征、Duane综合征、A/V征、DVD/DHD、眼眶底骨折及各类颅神经麻痹；后者系统介绍眼外肌解剖、手术测量、结膜与筋膜处理、直肌后徙与缩短、Wright肌肉折叠、肌肉移位、Knapp/Jensen/Hummelsheim术、下斜肌前置或切除、上斜肌Harada-Ito术、肌腱折叠与延长、Faden后固定缝线、可调节缝线、表面麻醉手术及丢失肌肉再手术。内容结合睫状肌麻痹验光、棱镜交替遮盖试验、固定偏好评估、被动牵拉试验、屈光矫正、棱镜适应和弱视遮盖治疗，并以彩色术野照片、线描图和手术视频展示关键步骤。"
593a6d3b-0e3f-4b55-9428-1c6501d006dd,本书出版于2002年，是面向眼科住院医师、白内障及眼前节手术医师和手术麻醉团队的超声乳化并发症实用专著，由William J. Fishkind主编。全书围绕“预防、识别、处理”展开：先介绍注射麻醉、表面及非注射麻醉、全身性麻醉风险和术前评估，再讨论切口构建与缝合、连续环形撕囊、虹膜问题、水分离/水分层步骤及正压等基础环节；随后系统比较四象限劈核、Stop-and-Chop、Choo Choo Chop、Phaco Chop、Flip/Tilt/Tumble等核处理技术，并涵盖软核、成熟白内障、悬韧带松弛、后囊膜撕裂、玻璃体脱出与前部玻璃体切除。后半部分涉及人工晶状体度数计算与选择、后房型人工晶状体植入及经巩膜固定、角膜并发症、黏弹剂应用、phacodynamics、后节并发症、联合小梁切除及其他青光眼手术，并以多篇“预防要点与损伤控制”总结风险管理。关键词包括周边/球后阻滞、表面麻醉、房内利多卡因、囊膜染色、撕囊、劈核、黏弹剂、玻璃体切除、人工晶状体、黄斑及视网膜并发症。,completed,67182232-f5ad-444c-9b81-5413b7576348,"# Summary
本书出版于2002年，是面向眼科住院医师、白内障及眼前节手术医师和手术麻醉团队的超声乳化并发症实用专著，由William J. Fishkind主编。全书围绕“预防、识别、处理”展开：先介绍注射麻醉、表面及非注射麻醉、全身性麻醉风险和术前评估，再讨论切口构建与缝合、连续环形撕囊、虹膜问题、水分离/水分层步骤及正压等基础环节；随后系统比较四象限劈核、Stop-and-Chop、Choo Choo Chop、Phaco Chop、Flip/Tilt/Tumble等核处理技术，并涵盖软核、成熟白内障、悬韧带松弛、后囊膜撕裂、玻璃体脱出与前部玻璃体切除。后半部分涉及人工晶状体度数计算与选择、后房型人工晶状体植入及经巩膜固定、角膜并发症、黏弹剂应用、phacodynamics、后节并发症、联合小梁切除及其他青光眼手术，并以多篇“预防要点与损伤控制”总结风险管理。关键词包括周边/球后阻滞、表面麻醉、房内利多卡因、囊膜染色、撕囊、劈核、黏弹剂、玻璃体切除、人工晶状体、黄斑及视网膜并发症。",3072,"# Summary
本书出版于2002年，是面向眼科住院医师、白内障及眼前节手术医师和手术麻醉团队的超声乳化并发症实用专著，由William J. Fishkind主编。全书围绕“预防、识别、处理”展开：先介绍注射麻醉、表面及非注射麻醉、全身性麻醉风险和术前评估，再讨论切口构建与缝合、连续环形撕囊、虹膜问题、水分离/水分层步骤及正压等基础环节；随后系统比较四象限劈核、Stop-and-Chop、Choo Choo Chop、Phaco Chop、Flip/Tilt/Tumble等核处理技术，并涵盖软核、成熟白内障、悬韧带松弛、后囊膜撕裂、玻璃体脱出与前部玻璃体切除。后半部分涉及人工晶状体度数计算与选择、后房型人工晶状体植入及经巩膜固定、角膜并发症、黏弹剂应用、phacodynamics、后节并发症、联合小梁切除及其他青光眼手术，并以多篇“预防要点与损伤控制”总结风险管理。关键词包括周边/球后阻滞、表面麻醉、房内利多卡因、囊膜染色、撕囊、劈核、黏弹剂、玻璃体切除、人工晶状体、黄斑及视网膜并发症。"
6c48b4dc-08ea-4cf1-956a-88dc314b020e,本书出版于2003年，是Hans-Walter Roth基于多年接触镜研究与教学编写的临床专著，面向验光配镜人员、眼科住院医师及眼科医生，重点处理接触镜佩戴相关并发症的识别、预防与治疗。全书从镜片材料与制造、验配、禁忌证、卫生、佩戴时限和高危患者管理切入，介绍患者咨询、病史采集、眼睑翻转、裂隙灯及荧光素检查、视力与眼压测量、镜片和镜盒检查、记录与随访；随后按眼睑、结膜、巩膜、角膜和眼内结构系统归纳病理表现，包括睑缘炎、睑痉挛、上睑下垂、巨乳头性结膜炎、结膜水肿与出血、角膜上皮损伤、角膜水肿、紧镜综合征、毒性角膜病、混合溶液综合征、角膜缺氧综合征、感染、血管化、瘢痕、Descemet膜及内皮改变，以及虹膜睫状体炎、葡萄膜炎、白内障、青光眼和视网膜病变。书中还讨论视力障碍、镜片损坏、原发眼病被掩盖、配戴问题、眼外伤及并发症发生率，并给出卫生管理、停戴、镜片更换和药物等一般及针对性治疗原则，配有大量临床照片、插图和表格。,completed,99cef194-8363-41db-9cbb-8df7fb5de8f7,"# Summary
本书出版于2003年，是Hans-Walter Roth基于多年接触镜研究与教学编写的临床专著，面向验光配镜人员、眼科住院医师及眼科医生，重点处理接触镜佩戴相关并发症的识别、预防与治疗。全书从镜片材料与制造、验配、禁忌证、卫生、佩戴时限和高危患者管理切入，介绍患者咨询、病史采集、眼睑翻转、裂隙灯及荧光素检查、视力与眼压测量、镜片和镜盒检查、记录与随访；随后按眼睑、结膜、巩膜、角膜和眼内结构系统归纳病理表现，包括睑缘炎、睑痉挛、上睑下垂、巨乳头性结膜炎、结膜水肿与出血、角膜上皮损伤、角膜水肿、紧镜综合征、毒性角膜病、混合溶液综合征、角膜缺氧综合征、感染、血管化、瘢痕、Descemet膜及内皮改变，以及虹膜睫状体炎、葡萄膜炎、白内障、青光眼和视网膜病变。书中还讨论视力障碍、镜片损坏、原发眼病被掩盖、配戴问题、眼外伤及并发症发生率，并给出卫生管理、停戴、镜片更换和药物等一般及针对性治疗原则，配有大量临床照片、插图和表格。",3072,"# Summary
本书出版于2003年，是Hans-Walter Roth基于多年接触镜研究与教学编写的临床专著，面向验光配镜人员、眼科住院医师及眼科医生，重点处理接触镜佩戴相关并发症的识别、预防与治疗。全书从镜片材料与制造、验配、禁忌证、卫生、佩戴时限和高危患者管理切入，介绍患者咨询、病史采集、眼睑翻转、裂隙灯及荧光素检查、视力与眼压测量、镜片和镜盒检查、记录与随访；随后按眼睑、结膜、巩膜、角膜和眼内结构系统归纳病理表现，包括睑缘炎、睑痉挛、上睑下垂、巨乳头性结膜炎、结膜水肿与出血、角膜上皮损伤、角膜水肿、紧镜综合征、毒性角膜病、混合溶液综合征、角膜缺氧综合征、感染、血管化、瘢痕、Descemet膜及内皮改变，以及虹膜睫状体炎、葡萄膜炎、白内障、青光眼和视网膜病变。书中还讨论视力障碍、镜片损坏、原发眼病被掩盖、配戴问题、眼外伤及并发症发生率，并给出卫生管理、停戴、镜片更换和药物等一般及针对性治疗原则，配有大量临床照片、插图和表格。"
b9ed01cc-3538-4665-9de9-09d8a35252dc,本书出版于2011年，是面向眼科学生、住院医师、专科进修医师及角膜、眼表和屈光手术临床 practitioners 的综合性参考书。内容从角膜、巩膜、结膜、泪膜和眼睑的解剖生理及病理反应入手，系统介绍裂隙灯检查、异常角膜验光、角膜诊断技术、眼科微生物学、角膜曲率计与地形图、镜面显微镜、共焦显微镜及前节OCT。疾病框架涵盖先天性角膜混浊、角膜水肿、接触镜相关浸润、干眼、睑板腺功能障碍、结膜感染与过敏、角膜营养不良、代谢及全身免疫性疾病、细菌性角膜炎、非结核分枝杆菌、棘阿米巴及梅毒性角膜炎、化学伤和眼内手术并发症。后半部分重点讨论角膜移植术前决策、穿透性及板层角膜移植、内皮移植、儿童和高危移植、人工角膜、眼表重建、羊膜或结膜瓣、PTK、PRK、LASIK、角膜环及切开性角膜手术，兼顾术中术后并发症、青光眼及视觉康复。,completed,22c8596a-883c-43e7-a5e1-66174f98cdd0,"# Summary
本书出版于2011年，是面向眼科学生、住院医师、专科进修医师及角膜、眼表和屈光手术临床 practitioners 的综合性参考书。内容从角膜、巩膜、结膜、泪膜和眼睑的解剖生理及病理反应入手，系统介绍裂隙灯检查、异常角膜验光、角膜诊断技术、眼科微生物学、角膜曲率计与地形图、镜面显微镜、共焦显微镜及前节OCT。疾病框架涵盖先天性角膜混浊、角膜水肿、接触镜相关浸润、干眼、睑板腺功能障碍、结膜感染与过敏、角膜营养不良、代谢及全身免疫性疾病、细菌性角膜炎、非结核分枝杆菌、棘阿米巴及梅毒性角膜炎、化学伤和眼内手术并发症。后半部分重点讨论角膜移植术前决策、穿透性及板层角膜移植、内皮移植、儿童和高危移植、人工角膜、眼表重建、羊膜或结膜瓣、PTK、PRK、LASIK、角膜环及切开性角膜手术，兼顾术中术后并发症、青光眼及视觉康复。",3072,"# Summary
本书出版于2011年，是面向眼科学生、住院医师、专科进修医师及角膜、眼表和屈光手术临床 practitioners 的综合性参考书。内容从角膜、巩膜、结膜、泪膜和眼睑的解剖生理及病理反应入手，系统介绍裂隙灯检查、异常角膜验光、角膜诊断技术、眼科微生物学、角膜曲率计与地形图、镜面显微镜、共焦显微镜及前节OCT。疾病框架涵盖先天性角膜混浊、角膜水肿、接触镜相关浸润、干眼、睑板腺功能障碍、结膜感染与过敏、角膜营养不良、代谢及全身免疫性疾病、细菌性角膜炎、非结核分枝杆菌、棘阿米巴及梅毒性角膜炎、化学伤和眼内手术并发症。后半部分重点讨论角膜移植术前决策、穿透性及板层角膜移植、内皮移植、儿童和高危移植、人工角膜、眼表重建、羊膜或结膜瓣、PTK、PRK、LASIK、角膜环及切开性角膜手术，兼顾术中术后并发症、青光眼及视觉康复。"
e404176f-6db0-4f2c-a5db-42ba9b63908f,本书出版于2014年，是面向眼科住院医师、角膜专科医生及临床教学者的角膜图谱，强调通过裂隙灯动态观察和多种照明方式识别病变。全书涵盖眼睑、泪液与泪道、结膜疾病及结膜炎，角膜正常解剖与发育异常、全身疾病和药物相关角膜表现；系统介绍角膜营养不良、圆锥角膜等扩张性疾病、退行性病变、细菌/病毒/真菌/棘阿米巴感染、间质性角膜炎、非感染性角膜病、免疫性疾病、化学烧伤与外伤、接触镜并发症，以及巩膜、虹膜肿瘤和前葡萄膜炎。治疗与手术部分包括穿透性角膜移植、深板层角膜移植、内皮移植及其排斥和术后并发症，并涉及巩膜接触镜、结膜瓣、翼状胬肉手术、角膜胶封闭、PTK、角膜胶原交联、角膜缘移植、人工角膜和屈光手术（PRK、LASIK、LASEK、角膜环、晶状体植入）。裂隙灯章节重点讲解薄缝、宽斜光、间接虹膜照明、巩膜散射、邻近光束、红反光和镜面反射，并结合圆锥角膜、角膜瘢痕、Meesmann营养不良等实例展示检查技巧。,completed,65146b97-2ffb-4e1b-a919-8108f103901e,"# Summary
本书出版于2014年，是面向眼科住院医师、角膜专科医生及临床教学者的角膜图谱，强调通过裂隙灯动态观察和多种照明方式识别病变。全书涵盖眼睑、泪液与泪道、结膜疾病及结膜炎，角膜正常解剖与发育异常、全身疾病和药物相关角膜表现；系统介绍角膜营养不良、圆锥角膜等扩张性疾病、退行性病变、细菌/病毒/真菌/棘阿米巴感染、间质性角膜炎、非感染性角膜病、免疫性疾病、化学烧伤与外伤、接触镜并发症，以及巩膜、虹膜肿瘤和前葡萄膜炎。治疗与手术部分包括穿透性角膜移植、深板层角膜移植、内皮移植及其排斥和术后并发症，并涉及巩膜接触镜、结膜瓣、翼状胬肉手术、角膜胶封闭、PTK、角膜胶原交联、角膜缘移植、人工角膜和屈光手术（PRK、LASIK、LASEK、角膜环、晶状体植入）。裂隙灯章节重点讲解薄缝、宽斜光、间接虹膜照明、巩膜散射、邻近光束、红反光和镜面反射，并结合圆锥角膜、角膜瘢痕、Meesmann营养不良等实例展示检查技巧。",3072,"# Summary
本书出版于2014年，是面向眼科住院医师、角膜专科医生及临床教学者的角膜图谱，强调通过裂隙灯动态观察和多种照明方式识别病变。全书涵盖眼睑、泪液与泪道、结膜疾病及结膜炎，角膜正常解剖与发育异常、全身疾病和药物相关角膜表现；系统介绍角膜营养不良、圆锥角膜等扩张性疾病、退行性病变、细菌/病毒/真菌/棘阿米巴感染、间质性角膜炎、非感染性角膜病、免疫性疾病、化学烧伤与外伤、接触镜并发症，以及巩膜、虹膜肿瘤和前葡萄膜炎。治疗与手术部分包括穿透性角膜移植、深板层角膜移植、内皮移植及其排斥和术后并发症，并涉及巩膜接触镜、结膜瓣、翼状胬肉手术、角膜胶封闭、PTK、角膜胶原交联、角膜缘移植、人工角膜和屈光手术（PRK、LASIK、LASEK、角膜环、晶状体植入）。裂隙灯章节重点讲解薄缝、宽斜光、间接虹膜照明、巩膜散射、邻近光束、红反光和镜面反射，并结合圆锥角膜、角膜瘢痕、Meesmann营养不良等实例展示检查技巧。"
2f9b22a5-e066-4ca6-a0a2-074e656bf975,本书出版于2011年，是洪晶主编、2019年出版的角膜内皮病专业专著，适合各级眼科医师及从事角膜病、眼前节疾病诊疗与研究的人员阅读。全书分为基础篇、疾病篇和手术篇：基础篇介绍角膜内皮细胞及Descemet膜的胚胎发育、结构、生理与病理，并系统讲解非接触式角膜内皮镜、角膜激光共聚焦显微镜、眼前节OCT及异常影像判读；疾病篇涵盖病毒性及巨细胞病毒性角膜内皮炎、大泡性角膜病变、后弹力层脱离、虹膜角膜内皮综合征、眼前节毒性综合征、Descemet膜前角膜营养不良、Fuchs角膜内皮营养不良、后部多形性及先天性遗传性角膜内皮营养不良、Axenfeld-Rieger综合征和黏多糖代谢障碍相关病变，涉及病因、机制、临床表现、诊断、鉴别诊断、治疗与预后；手术篇重点讲述供体内皮活性检测、DSEK/DSAEK/Ultra-DSAEK、DMEK、PDAEK、组织工程角膜内皮移植、穿透性角膜移植、层间烧灼及移植并发症处理。,completed,d31f275d-a07b-4421-97e3-97e6dcea3cea,"# Summary
本书出版于2011年，是洪晶主编、2019年出版的角膜内皮病专业专著，适合各级眼科医师及从事角膜病、眼前节疾病诊疗与研究的人员阅读。全书分为基础篇、疾病篇和手术篇：基础篇介绍角膜内皮细胞及Descemet膜的胚胎发育、结构、生理与病理，并系统讲解非接触式角膜内皮镜、角膜激光共聚焦显微镜、眼前节OCT及异常影像判读；疾病篇涵盖病毒性及巨细胞病毒性角膜内皮炎、大泡性角膜病变、后弹力层脱离、虹膜角膜内皮综合征、眼前节毒性综合征、Descemet膜前角膜营养不良、Fuchs角膜内皮营养不良、后部多形性及先天性遗传性角膜内皮营养不良、Axenfeld-Rieger综合征和黏多糖代谢障碍相关病变，涉及病因、机制、临床表现、诊断、鉴别诊断、治疗与预后；手术篇重点讲述供体内皮活性检测、DSEK/DSAEK/Ultra-DSAEK、DMEK、PDAEK、组织工程角膜内皮移植、穿透性角膜移植、层间烧灼及移植并发症处理。",3072,"# Summary
本书出版于2011年，是洪晶主编、2019年出版的角膜内皮病专业专著，适合各级眼科医师及从事角膜病、眼前节疾病诊疗与研究的人员阅读。全书分为基础篇、疾病篇和手术篇：基础篇介绍角膜内皮细胞及Descemet膜的胚胎发育、结构、生理与病理，并系统讲解非接触式角膜内皮镜、角膜激光共聚焦显微镜、眼前节OCT及异常影像判读；疾病篇涵盖病毒性及巨细胞病毒性角膜内皮炎、大泡性角膜病变、后弹力层脱离、虹膜角膜内皮综合征、眼前节毒性综合征、Descemet膜前角膜营养不良、Fuchs角膜内皮营养不良、后部多形性及先天性遗传性角膜内皮营养不良、Axenfeld-Rieger综合征和黏多糖代谢障碍相关病变，涉及病因、机制、临床表现、诊断、鉴别诊断、治疗与预后；手术篇重点讲述供体内皮活性检测、DSEK/DSAEK/Ultra-DSAEK、DMEK、PDAEK、组织工程角膜内皮移植、穿透性角膜移植、层间烧灼及移植并发症处理。"
9b48b214-024d-4a1d-b56b-92e552c34bb8,本书出版于2013年，是面向眼科医师、角膜专科医师及角膜移植相关研究人员的专题编辑著作，聚焦角膜疾病诊断与治疗的新进展。全书涵盖分枝杆菌性角膜炎的临床识别、实验室确诊、抗菌药物与手术控制；细菌性角膜炎的抗菌化疗及新型抗菌药物；圆锥角膜的家族遗传、亚临床扩张和遗传易感性；角膜共焦显微镜、光学相干断层扫描（OCT）等影像技术及其在术后随访中的应用；角膜血管生成与淋巴管生成及抗血管生成治疗；穿透性和板层移植供体角膜的保存、角膜库质量与风险管理；以及婴幼儿角膜移植的适应证、手术技术和术后管理。关键词包括LASIK、LASEK、DSEK、白内障术后感染、接触镜相关角膜炎、角膜移植、内皮移植和供体角膜保存。,completed,04398b04-0fe0-4897-9420-24c4a96cdd4b,"# Summary
本书出版于2013年，是面向眼科医师、角膜专科医师及角膜移植相关研究人员的专题编辑著作，聚焦角膜疾病诊断与治疗的新进展。全书涵盖分枝杆菌性角膜炎的临床识别、实验室确诊、抗菌药物与手术控制；细菌性角膜炎的抗菌化疗及新型抗菌药物；圆锥角膜的家族遗传、亚临床扩张和遗传易感性；角膜共焦显微镜、光学相干断层扫描（OCT）等影像技术及其在术后随访中的应用；角膜血管生成与淋巴管生成及抗血管生成治疗；穿透性和板层移植供体角膜的保存、角膜库质量与风险管理；以及婴幼儿角膜移植的适应证、手术技术和术后管理。关键词包括LASIK、LASEK、DSEK、白内障术后感染、接触镜相关角膜炎、角膜移植、内皮移植和供体角膜保存。",3072,"# Summary
本书出版于2013年，是面向眼科医师、角膜专科医师及角膜移植相关研究人员的专题编辑著作，聚焦角膜疾病诊断与治疗的新进展。全书涵盖分枝杆菌性角膜炎的临床识别、实验室确诊、抗菌药物与手术控制；细菌性角膜炎的抗菌化疗及新型抗菌药物；圆锥角膜的家族遗传、亚临床扩张和遗传易感性；角膜共焦显微镜、光学相干断层扫描（OCT）等影像技术及其在术后随访中的应用；角膜血管生成与淋巴管生成及抗血管生成治疗；穿透性和板层移植供体角膜的保存、角膜库质量与风险管理；以及婴幼儿角膜移植的适应证、手术技术和术后管理。关键词包括LASIK、LASEK、DSEK、白内障术后感染、接触镜相关角膜炎、角膜移植、内皮移植和供体角膜保存。"
3d8f3a35-eff9-424a-8e57-cf38d6f82b12,本书出版于2011年，是面向眼科、角膜与前节专科医师及相关研究人员的角膜遗传性疾病专著。全书以IC3D分类为基础，系统介绍角膜营养不良的临床表现、组织病理、遗传学与分子机制，并讨论Schnyder角膜营养不良的鉴别诊断、明胶滴状角膜营养不良及分期治疗。内容覆盖上皮、Bowman层、基质、Descemet膜和内皮病变，包括Meesmann、Reis-Bücklers、Thiel-Behnke、颗粒状、斑状、Schnyder、Fuchs、后部多形性、先天性遗传性内皮营养不良等。重点涉及裂隙灯生物显微镜、角膜地形图、厚度测量、镜面显微镜、共焦显微镜、前节OCT，以及光镜、电镜、免疫组织化学和基因检测；治疗涵盖药物与接触镜、准分子激光治疗性角膜切削术（PTK）、板层角膜移植、深板层移植、穿透性角膜移植及内皮移植，并强调病变分布、复发和手术决策。,completed,e5eed5eb-43a1-41c2-ae7f-8c81d24a320c,"# Summary
本书出版于2011年，是面向眼科、角膜与前节专科医师及相关研究人员的角膜遗传性疾病专著。全书以IC3D分类为基础，系统介绍角膜营养不良的临床表现、组织病理、遗传学与分子机制，并讨论Schnyder角膜营养不良的鉴别诊断、明胶滴状角膜营养不良及分期治疗。内容覆盖上皮、Bowman层、基质、Descemet膜和内皮病变，包括Meesmann、Reis-Bücklers、Thiel-Behnke、颗粒状、斑状、Schnyder、Fuchs、后部多形性、先天性遗传性内皮营养不良等。重点涉及裂隙灯生物显微镜、角膜地形图、厚度测量、镜面显微镜、共焦显微镜、前节OCT，以及光镜、电镜、免疫组织化学和基因检测；治疗涵盖药物与接触镜、准分子激光治疗性角膜切削术（PTK）、板层角膜移植、深板层移植、穿透性角膜移植及内皮移植，并强调病变分布、复发和手术决策。",3072,"# Summary
本书出版于2011年，是面向眼科、角膜与前节专科医师及相关研究人员的角膜遗传性疾病专著。全书以IC3D分类为基础，系统介绍角膜营养不良的临床表现、组织病理、遗传学与分子机制，并讨论Schnyder角膜营养不良的鉴别诊断、明胶滴状角膜营养不良及分期治疗。内容覆盖上皮、Bowman层、基质、Descemet膜和内皮病变，包括Meesmann、Reis-Bücklers、Thiel-Behnke、颗粒状、斑状、Schnyder、Fuchs、后部多形性、先天性遗传性内皮营养不良等。重点涉及裂隙灯生物显微镜、角膜地形图、厚度测量、镜面显微镜、共焦显微镜、前节OCT，以及光镜、电镜、免疫组织化学和基因检测；治疗涵盖药物与接触镜、准分子激光治疗性角膜切削术（PTK）、板层角膜移植、深板层移植、穿透性角膜移植及内皮移植，并强调病变分布、复发和手术决策。"
e5029890-e520-4ef2-bf37-2e13d8276e31,本书出版于2010年，是面向眼科、视网膜专科及相关临床医生的糖尿病眼病循证管理参考书，系统连接基础机制、临床分级、辅助检查、治疗决策与真实病例。内容涵盖糖尿病视网膜病变的病理生理、遗传学、流行病学及全身和眼部影响因素；重点讨论病变严重度定义、糖尿病黄斑水肿、糖尿病黄斑缺血和增殖性糖尿病视网膜病变。书中介绍光学相干断层扫描（OCT）、荧光素眼底血管造影（FA）、超声等诊断与影像技术，并围绕激光治疗、玻璃体切割术、白内障手术及相关并发症展开管理。另设糖尿病与青光眼、角膜病、视神经病变、视网膜病变筛查，以及医疗服务、经济和伦理问题等专题，最后以14个临床教学病例综合应用证据。关键词包括NPDR、PDR、DME、VEGF、视网膜新生血管、黄斑水肿、黄斑缺血、牵拉性视网膜脱离和ETDRS。,completed,dbfa3b86-8457-4f27-87c0-2e01dbd1a9c0,"# Summary
本书出版于2010年，是面向眼科、视网膜专科及相关临床医生的糖尿病眼病循证管理参考书，系统连接基础机制、临床分级、辅助检查、治疗决策与真实病例。内容涵盖糖尿病视网膜病变的病理生理、遗传学、流行病学及全身和眼部影响因素；重点讨论病变严重度定义、糖尿病黄斑水肿、糖尿病黄斑缺血和增殖性糖尿病视网膜病变。书中介绍光学相干断层扫描（OCT）、荧光素眼底血管造影（FA）、超声等诊断与影像技术，并围绕激光治疗、玻璃体切割术、白内障手术及相关并发症展开管理。另设糖尿病与青光眼、角膜病、视神经病变、视网膜病变筛查，以及医疗服务、经济和伦理问题等专题，最后以14个临床教学病例综合应用证据。关键词包括NPDR、PDR、DME、VEGF、视网膜新生血管、黄斑水肿、黄斑缺血、牵拉性视网膜脱离和ETDRS。",3072,"# Summary
本书出版于2010年，是面向眼科、视网膜专科及相关临床医生的糖尿病眼病循证管理参考书，系统连接基础机制、临床分级、辅助检查、治疗决策与真实病例。内容涵盖糖尿病视网膜病变的病理生理、遗传学、流行病学及全身和眼部影响因素；重点讨论病变严重度定义、糖尿病黄斑水肿、糖尿病黄斑缺血和增殖性糖尿病视网膜病变。书中介绍光学相干断层扫描（OCT）、荧光素眼底血管造影（FA）、超声等诊断与影像技术，并围绕激光治疗、玻璃体切割术、白内障手术及相关并发症展开管理。另设糖尿病与青光眼、角膜病、视神经病变、视网膜病变筛查，以及医疗服务、经济和伦理问题等专题，最后以14个临床教学病例综合应用证据。关键词包括NPDR、PDR、DME、VEGF、视网膜新生血管、黄斑水肿、黄斑缺血、牵拉性视网膜脱离和ETDRS。"
7705df92-c76d-424f-b10b-e56ff0d5cafb,本书为2022年出版的头颈部诊断影像学专著，面向放射科医师、影像专科医师、耳鼻咽喉头颈外科及相关多学科团队。全书以解剖间隙和临床问题组织内容，涵盖舌骨上、下颈部、咽旁间隙、咽黏膜间隙、咀嚼肌间隙、腮腺、颈动脉、咽后、椎旁及后颈间隙，内脏间隙、喉咽喉气管、淋巴结、口腔、颌面与颞下颌关节；并系统讨论鳞状细胞癌、原发肿瘤与神经周围播散、治疗后颈部、儿童病变、综合征、鼻窦、眼眶、颅底、颅面及颞骨创伤、颞骨和桥小脑角—内听道病变。内容覆盖先天、感染炎症、血管、良恶性肿瘤、转移、创伤及治疗相关疾病，包括鼻咽癌、口咽癌、甲状腺癌、淋巴瘤、涎腺肿瘤、脓肿、鼻窦炎、胆脂瘤、耳硬化症、听神经瘤和脑膜瘤等。重点介绍增强CT、MRI、超声、PET/CT及Ga-68 DOTATATE PET的适应证、影像表现、鉴别诊断与术前定位，并涉及AJCC第8版TNM分期、WHO肿瘤分类、ISSVA血管畸形命名、放疗、免疫治疗、颈部淋巴结清扫、重建皮瓣及人工耳蜗。,completed,2dd612c7-3288-4982-afd7-7d44b0fff8fb,"# Summary
本书为2022年出版的头颈部诊断影像学专著，面向放射科医师、影像专科医师、耳鼻咽喉头颈外科及相关多学科团队。全书以解剖间隙和临床问题组织内容，涵盖舌骨上、下颈部、咽旁间隙、咽黏膜间隙、咀嚼肌间隙、腮腺、颈动脉、咽后、椎旁及后颈间隙，内脏间隙、喉咽喉气管、淋巴结、口腔、颌面与颞下颌关节；并系统讨论鳞状细胞癌、原发肿瘤与神经周围播散、治疗后颈部、儿童病变、综合征、鼻窦、眼眶、颅底、颅面及颞骨创伤、颞骨和桥小脑角—内听道病变。内容覆盖先天、感染炎症、血管、良恶性肿瘤、转移、创伤及治疗相关疾病，包括鼻咽癌、口咽癌、甲状腺癌、淋巴瘤、涎腺肿瘤、脓肿、鼻窦炎、胆脂瘤、耳硬化症、听神经瘤和脑膜瘤等。重点介绍增强CT、MRI、超声、PET/CT及Ga-68 DOTATATE PET的适应证、影像表现、鉴别诊断与术前定位，并涉及AJCC第8版TNM分期、WHO肿瘤分类、ISSVA血管畸形命名、放疗、免疫治疗、颈部淋巴结清扫、重建皮瓣及人工耳蜗。",3072,"# Summary
本书为2022年出版的头颈部诊断影像学专著，面向放射科医师、影像专科医师、耳鼻咽喉头颈外科及相关多学科团队。全书以解剖间隙和临床问题组织内容，涵盖舌骨上、下颈部、咽旁间隙、咽黏膜间隙、咀嚼肌间隙、腮腺、颈动脉、咽后、椎旁及后颈间隙，内脏间隙、喉咽喉气管、淋巴结、口腔、颌面与颞下颌关节；并系统讨论鳞状细胞癌、原发肿瘤与神经周围播散、治疗后颈部、儿童病变、综合征、鼻窦、眼眶、颅底、颅面及颞骨创伤、颞骨和桥小脑角—内听道病变。内容覆盖先天、感染炎症、血管、良恶性肿瘤、转移、创伤及治疗相关疾病，包括鼻咽癌、口咽癌、甲状腺癌、淋巴瘤、涎腺肿瘤、脓肿、鼻窦炎、胆脂瘤、耳硬化症、听神经瘤和脑膜瘤等。重点介绍增强CT、MRI、超声、PET/CT及Ga-68 DOTATATE PET的适应证、影像表现、鉴别诊断与术前定位，并涉及AJCC第8版TNM分期、WHO肿瘤分类、ISSVA血管畸形命名、放疗、免疫治疗、颈部淋巴结清扫、重建皮瓣及人工耳蜗。"
41a60d54-0c4a-43c6-a026-c236952ba2a0,本书出版于2011年，是面向眼科医师、视觉电生理与视网膜研究人员的视网膜功能检测专著，兼顾临床诊断、疾病评估、药物疗效与动物实验。内容分为三部分：人类ERG方法学涵盖全视野ERG、局灶性黄斑ERG、多焦ERG、图形ERG、EOG，暗适应与明适应、视杆/视锥反应、a波、b波、振荡电位、模式反应、正常值、ISCEV标准、信号通路、伪差控制及多焦ERG无显著反应识别；疾病部分讨论遗传性视网膜变性、视网膜色素变性、Leber先天性黑蒙、Stargardt病、卵黄状黄斑营养不良、年龄相关性黄斑变性、糖尿病及糖尿病视网膜病变、X连锁视网膜劈裂、先天性静止性夜盲、AZOOR和隐匿性黄斑营养不良，并涉及视神经病变和血管性疾病；动物模型部分涉及离体小鼠视网膜、大鼠锥体ERG、日本猕猴玻璃膜疣及果蝇。书中结合眼底照相、荧光素血管造影、OCT/谱域OCT、视觉野和自适应光学，介绍光动力治疗、抗VEGF、玻璃体腔曲安奈德、贝伐珠单抗、黄斑裂孔手术、内界膜剥离及气体填充后的功能评价。,completed,2385c795-3d69-4b10-8e81-5c294440c145,"# Summary
本书出版于2011年，是面向眼科医师、视觉电生理与视网膜研究人员的视网膜功能检测专著，兼顾临床诊断、疾病评估、药物疗效与动物实验。内容分为三部分：人类ERG方法学涵盖全视野ERG、局灶性黄斑ERG、多焦ERG、图形ERG、EOG，暗适应与明适应、视杆/视锥反应、a波、b波、振荡电位、模式反应、正常值、ISCEV标准、信号通路、伪差控制及多焦ERG无显著反应识别；疾病部分讨论遗传性视网膜变性、视网膜色素变性、Leber先天性黑蒙、Stargardt病、卵黄状黄斑营养不良、年龄相关性黄斑变性、糖尿病及糖尿病视网膜病变、X连锁视网膜劈裂、先天性静止性夜盲、AZOOR和隐匿性黄斑营养不良，并涉及视神经病变和血管性疾病；动物模型部分涉及离体小鼠视网膜、大鼠锥体ERG、日本猕猴玻璃膜疣及果蝇。书中结合眼底照相、荧光素血管造影、OCT/谱域OCT、视觉野和自适应光学，介绍光动力治疗、抗VEGF、玻璃体腔曲安奈德、贝伐珠单抗、黄斑裂孔手术、内界膜剥离及气体填充后的功能评价。",3072,"# Summary
本书出版于2011年，是面向眼科医师、视觉电生理与视网膜研究人员的视网膜功能检测专著，兼顾临床诊断、疾病评估、药物疗效与动物实验。内容分为三部分：人类ERG方法学涵盖全视野ERG、局灶性黄斑ERG、多焦ERG、图形ERG、EOG，暗适应与明适应、视杆/视锥反应、a波、b波、振荡电位、模式反应、正常值、ISCEV标准、信号通路、伪差控制及多焦ERG无显著反应识别；疾病部分讨论遗传性视网膜变性、视网膜色素变性、Leber先天性黑蒙、Stargardt病、卵黄状黄斑营养不良、年龄相关性黄斑变性、糖尿病及糖尿病视网膜病变、X连锁视网膜劈裂、先天性静止性夜盲、AZOOR和隐匿性黄斑营养不良，并涉及视神经病变和血管性疾病；动物模型部分涉及离体小鼠视网膜、大鼠锥体ERG、日本猕猴玻璃膜疣及果蝇。书中结合眼底照相、荧光素血管造影、OCT/谱域OCT、视觉野和自适应光学，介绍光动力治疗、抗VEGF、玻璃体腔曲安奈德、贝伐珠单抗、黄斑裂孔手术、内界膜剥离及气体填充后的功能评价。"
6d09fb6d-e569-4a48-b009-8bbb7abd006b,本书出版于2017年，是面向眼科住院医师、眼科病理轮转人员、眼科专科培训及外科病理医师的眼病理学图谱与简明教材。全书从眼球解剖与组织学、先天性及发育异常、炎症和眼外伤入手，系统覆盖结膜、角膜与巩膜、晶状体、青光眼、视网膜、玻璃体、眼睑、眼眶及视神经疾病，重点讨论葡萄膜黑色素瘤、成人眼内肿瘤、视网膜母细胞瘤及其模拟病变，并介绍标本处理、切片、常规及特殊染色、免疫组织化学、冷冻切片和分子诊断。内容涉及角膜炎、圆锥角膜、角膜营养不良、白内障、糖尿病视网膜病变、黄斑变性、视网膜脱离、CMV/HSV/VZV视网膜炎、弓形虫脉络膜视网膜炎、眼内炎、青光眼、眼睑基底细胞癌和皮脂腺癌、甲状腺相关眼病及眼眶肿瘤等。结合组织学、眼底照片及影像，涉及SD-OCT、放射性斑块近距离治疗、玻璃体内及眼动脉内化疗、穿透性与板层角膜移植、DALK、DSEK、屈光手术、眼球摘除和眼内容物剜除等检查、治疗与手术技术。,completed,b29cf631-452e-49e5-a551-d487557dbf3f,"# Summary
本书出版于2017年，是面向眼科住院医师、眼科病理轮转人员、眼科专科培训及外科病理医师的眼病理学图谱与简明教材。全书从眼球解剖与组织学、先天性及发育异常、炎症和眼外伤入手，系统覆盖结膜、角膜与巩膜、晶状体、青光眼、视网膜、玻璃体、眼睑、眼眶及视神经疾病，重点讨论葡萄膜黑色素瘤、成人眼内肿瘤、视网膜母细胞瘤及其模拟病变，并介绍标本处理、切片、常规及特殊染色、免疫组织化学、冷冻切片和分子诊断。内容涉及角膜炎、圆锥角膜、角膜营养不良、白内障、糖尿病视网膜病变、黄斑变性、视网膜脱离、CMV/HSV/VZV视网膜炎、弓形虫脉络膜视网膜炎、眼内炎、青光眼、眼睑基底细胞癌和皮脂腺癌、甲状腺相关眼病及眼眶肿瘤等。结合组织学、眼底照片及影像，涉及SD-OCT、放射性斑块近距离治疗、玻璃体内及眼动脉内化疗、穿透性与板层角膜移植、DALK、DSEK、屈光手术、眼球摘除和眼内容物剜除等检查、治疗与手术技术。",3072,"# Summary
本书出版于2017年，是面向眼科住院医师、眼科病理轮转人员、眼科专科培训及外科病理医师的眼病理学图谱与简明教材。全书从眼球解剖与组织学、先天性及发育异常、炎症和眼外伤入手，系统覆盖结膜、角膜与巩膜、晶状体、青光眼、视网膜、玻璃体、眼睑、眼眶及视神经疾病，重点讨论葡萄膜黑色素瘤、成人眼内肿瘤、视网膜母细胞瘤及其模拟病变，并介绍标本处理、切片、常规及特殊染色、免疫组织化学、冷冻切片和分子诊断。内容涉及角膜炎、圆锥角膜、角膜营养不良、白内障、糖尿病视网膜病变、黄斑变性、视网膜脱离、CMV/HSV/VZV视网膜炎、弓形虫脉络膜视网膜炎、眼内炎、青光眼、眼睑基底细胞癌和皮脂腺癌、甲状腺相关眼病及眼眶肿瘤等。结合组织学、眼底照片及影像，涉及SD-OCT、放射性斑块近距离治疗、玻璃体内及眼动脉内化疗、穿透性与板层角膜移植、DALK、DSEK、屈光手术、眼球摘除和眼内容物剜除等检查、治疗与手术技术。"
debfb160-165a-44b2-9b5c-3f2a3725ec76,本书出版于2008年，是面向眼科临床医师、视网膜专科医师及相关影像与教学人员的眼底荧光影像图谱，系统讲解荧光、荧光素钠和吲哚菁绿的物理化学基础、扫描激光检眼镜及 Heidelberg Retina Angiograph 2 的成像技术，并介绍正常荧光、异常荧光和眼底自发荧光。主体围绕黄斑疾病、视网膜血管病、炎症性视网膜脉络膜病、视神经乳头疾病及眼内肿瘤展开，涵盖年龄相关性黄斑变性、玻璃膜疣、RPE地图样萎缩、脉络膜新生血管、息肉样脉络膜血管病变、RAP、黄斑水肿、糖尿病视网膜病变、视网膜动静脉阻塞、Coats病、脉络膜视网膜炎、视乳头水肿、脉络膜黑色素瘤及转移瘤等。书中结合荧光素血管造影、ICG血管造影、自发荧光、红无赤及红外影像，解析高荧光、低荧光、渗漏、染色、窗样缺损等表现，并讨论激光光凝、光动力治疗和抗VEGF治疗后的影像学变化，突出诊断、鉴别诊断和临床管理价值。,completed,94e7b208-3fc0-49b8-8c7c-96ea1aa6ed72,"# Summary
本书出版于2008年，是面向眼科临床医师、视网膜专科医师及相关影像与教学人员的眼底荧光影像图谱，系统讲解荧光、荧光素钠和吲哚菁绿的物理化学基础、扫描激光检眼镜及 Heidelberg Retina Angiograph 2 的成像技术，并介绍正常荧光、异常荧光和眼底自发荧光。主体围绕黄斑疾病、视网膜血管病、炎症性视网膜脉络膜病、视神经乳头疾病及眼内肿瘤展开，涵盖年龄相关性黄斑变性、玻璃膜疣、RPE地图样萎缩、脉络膜新生血管、息肉样脉络膜血管病变、RAP、黄斑水肿、糖尿病视网膜病变、视网膜动静脉阻塞、Coats病、脉络膜视网膜炎、视乳头水肿、脉络膜黑色素瘤及转移瘤等。书中结合荧光素血管造影、ICG血管造影、自发荧光、红无赤及红外影像，解析高荧光、低荧光、渗漏、染色、窗样缺损等表现，并讨论激光光凝、光动力治疗和抗VEGF治疗后的影像学变化，突出诊断、鉴别诊断和临床管理价值。",3072,"# Summary
本书出版于2008年，是面向眼科临床医师、视网膜专科医师及相关影像与教学人员的眼底荧光影像图谱，系统讲解荧光、荧光素钠和吲哚菁绿的物理化学基础、扫描激光检眼镜及 Heidelberg Retina Angiograph 2 的成像技术，并介绍正常荧光、异常荧光和眼底自发荧光。主体围绕黄斑疾病、视网膜血管病、炎症性视网膜脉络膜病、视神经乳头疾病及眼内肿瘤展开，涵盖年龄相关性黄斑变性、玻璃膜疣、RPE地图样萎缩、脉络膜新生血管、息肉样脉络膜血管病变、RAP、黄斑水肿、糖尿病视网膜病变、视网膜动静脉阻塞、Coats病、脉络膜视网膜炎、视乳头水肿、脉络膜黑色素瘤及转移瘤等。书中结合荧光素血管造影、ICG血管造影、自发荧光、红无赤及红外影像，解析高荧光、低荧光、渗漏、染色、窗样缺损等表现，并讨论激光光凝、光动力治疗和抗VEGF治疗后的影像学变化，突出诊断、鉴别诊断和临床管理价值。"
0b7de511-2234-4b4c-bfb6-3f230581b875,本书出版于2018年，是面向医学生、眼科住院医师、执业眼科医师、护士、验光师及相关医学与外科专业人员的综合性眼科学教材。内容从眼球、眼眶、视觉通路及眼部胚胎发育入手，介绍眼科病史采集、视力与视觉功能评估、眼部直接检查及MRI、超声、OCT等影像技术，并涵盖眼科急症。全书系统讨论眼睑与泪器、结膜、角膜、葡萄膜、巩膜、晶状体、玻璃体、视网膜、青光眼、斜视、眼眶和神经眼科；进一步涉及糖尿病、高血压等全身病相关眼病、免疫性疾病、小儿眼病、眼遗传病、眼外伤及视力丧失的病因与预防。后半部分聚焦眼科光学与屈光、药物治疗、激光技术、低视力和视觉康复，并附功能性视力评分。书中关联角膜水肿、白内障、玻璃体出血、视网膜脱离、黄斑变性、青光眼、弱视、眶爆裂性骨折等疾病，强调解剖基础、诊断检查、治疗决策及眼眶和眼部手术的安全规划。,completed,5e1576ea-e673-4257-98ca-9d1452b2c691,"# Summary
本书出版于2018年，是面向医学生、眼科住院医师、执业眼科医师、护士、验光师及相关医学与外科专业人员的综合性眼科学教材。内容从眼球、眼眶、视觉通路及眼部胚胎发育入手，介绍眼科病史采集、视力与视觉功能评估、眼部直接检查及MRI、超声、OCT等影像技术，并涵盖眼科急症。全书系统讨论眼睑与泪器、结膜、角膜、葡萄膜、巩膜、晶状体、玻璃体、视网膜、青光眼、斜视、眼眶和神经眼科；进一步涉及糖尿病、高血压等全身病相关眼病、免疫性疾病、小儿眼病、眼遗传病、眼外伤及视力丧失的病因与预防。后半部分聚焦眼科光学与屈光、药物治疗、激光技术、低视力和视觉康复，并附功能性视力评分。书中关联角膜水肿、白内障、玻璃体出血、视网膜脱离、黄斑变性、青光眼、弱视、眶爆裂性骨折等疾病，强调解剖基础、诊断检查、治疗决策及眼眶和眼部手术的安全规划。",3072,"# Summary
本书出版于2018年，是面向医学生、眼科住院医师、执业眼科医师、护士、验光师及相关医学与外科专业人员的综合性眼科学教材。内容从眼球、眼眶、视觉通路及眼部胚胎发育入手，介绍眼科病史采集、视力与视觉功能评估、眼部直接检查及MRI、超声、OCT等影像技术，并涵盖眼科急症。全书系统讨论眼睑与泪器、结膜、角膜、葡萄膜、巩膜、晶状体、玻璃体、视网膜、青光眼、斜视、眼眶和神经眼科；进一步涉及糖尿病、高血压等全身病相关眼病、免疫性疾病、小儿眼病、眼遗传病、眼外伤及视力丧失的病因与预防。后半部分聚焦眼科光学与屈光、药物治疗、激光技术、低视力和视觉康复，并附功能性视力评分。书中关联角膜水肿、白内障、玻璃体出血、视网膜脱离、黄斑变性、青光眼、弱视、眶爆裂性骨折等疾病，强调解剖基础、诊断检查、治疗决策及眼眶和眼部手术的安全规划。"
bb912440-341b-4481-a045-77ba8a87be33,本书出版于2009年，是面向眼科住院医师、专科进修医师、眼科医师和验光师的老年眼科临床实践指南，采用病例驱动方式，结合ACGME患者照护、医学知识、沟通、职业素养、实践改进和系统化医疗六项能力，服务于门诊老年患者的评估与管理。全书围绕老年人口视觉疾病负担展开，涵盖屈光不正与老视、白内障及手术、老年青光眼、糖尿病视网膜病变、年龄相关性黄斑变性和低视力，并延伸至视觉丧失相关的抑郁、痴呆、听力损失、跌倒、功能障碍及虐待识别；后半部分讨论研究议程、合并症筛查与转诊。重点涉及视力、对比敏感度、眩光和视野检查，裂隙灯、眼压、眼底照相、荧光素血管造影、OCT及神经影像；治疗包括眼镜矫正、白内障超声乳化、人工晶状体、青光眼滴眼药与手术、糖尿病黄斑水肿焦点/格栅激光、全视网膜光凝、玻璃体切除，以及AMD的AREDS补充剂、雷珠单抗/贝伐珠单抗玻璃体腔注射和光动力治疗。,completed,75fafe4f-3dfd-4daa-89bc-41de93c7cf79,"# Summary
本书出版于2009年，是面向眼科住院医师、专科进修医师、眼科医师和验光师的老年眼科临床实践指南，采用病例驱动方式，结合ACGME患者照护、医学知识、沟通、职业素养、实践改进和系统化医疗六项能力，服务于门诊老年患者的评估与管理。全书围绕老年人口视觉疾病负担展开，涵盖屈光不正与老视、白内障及手术、老年青光眼、糖尿病视网膜病变、年龄相关性黄斑变性和低视力，并延伸至视觉丧失相关的抑郁、痴呆、听力损失、跌倒、功能障碍及虐待识别；后半部分讨论研究议程、合并症筛查与转诊。重点涉及视力、对比敏感度、眩光和视野检查，裂隙灯、眼压、眼底照相、荧光素血管造影、OCT及神经影像；治疗包括眼镜矫正、白内障超声乳化、人工晶状体、青光眼滴眼药与手术、糖尿病黄斑水肿焦点/格栅激光、全视网膜光凝、玻璃体切除，以及AMD的AREDS补充剂、雷珠单抗/贝伐珠单抗玻璃体腔注射和光动力治疗。",3072,"# Summary
本书出版于2009年，是面向眼科住院医师、专科进修医师、眼科医师和验光师的老年眼科临床实践指南，采用病例驱动方式，结合ACGME患者照护、医学知识、沟通、职业素养、实践改进和系统化医疗六项能力，服务于门诊老年患者的评估与管理。全书围绕老年人口视觉疾病负担展开，涵盖屈光不正与老视、白内障及手术、老年青光眼、糖尿病视网膜病变、年龄相关性黄斑变性和低视力，并延伸至视觉丧失相关的抑郁、痴呆、听力损失、跌倒、功能障碍及虐待识别；后半部分讨论研究议程、合并症筛查与转诊。重点涉及视力、对比敏感度、眩光和视野检查，裂隙灯、眼压、眼底照相、荧光素血管造影、OCT及神经影像；治疗包括眼镜矫正、白内障超声乳化、人工晶状体、青光眼滴眼药与手术、糖尿病黄斑水肿焦点/格栅激光、全视网膜光凝、玻璃体切除，以及AMD的AREDS补充剂、雷珠单抗/贝伐珠单抗玻璃体腔注射和光动力治疗。"
8085a69f-6b8e-4614-9add-0786d1103340,本书出版于2003年，是面向眼科住院医师、普通临床医生、专科医生及基础研究者的青光眼临床与基础科学参考书。全书按“流行病学与遗传学—眼压决定因素—视神经—青光眼临床类型—药物治疗—激光治疗—手术治疗”展开，涵盖青光眼流行病学、遗传学、房水生成与外流、房水动力学、前房角镜、眼压与眼压计，以及视神经乳头、视网膜神经纤维层、青光眼性视神经病变、定量视盘成像和视野检查。临床部分涉及原发性开角型、闭角型、儿童、正常眼压及继发性青光眼，包括激素性、色素性、假性剥脱性、新生血管性、晶状体诱发、炎症相关、外伤与出血后、视网膜疾病相关、眼前节术后、眼内肿瘤及全身疾病相关青光眼。治疗部分介绍肾上腺素能药物、胆碱能药物、前列腺素类似物、碳酸酐酶抑制剂、高渗剂、神经保护，以及激光基础、激光小梁成形术、激光虹膜切开术、睫状体破坏术、滤过手术、白内障联合手术、房水引流装置和低眼压处理。,completed,5c385a86-3d62-44c0-bc35-a5dba3623578,"# Summary
本书出版于2003年，是面向眼科住院医师、普通临床医生、专科医生及基础研究者的青光眼临床与基础科学参考书。全书按“流行病学与遗传学—眼压决定因素—视神经—青光眼临床类型—药物治疗—激光治疗—手术治疗”展开，涵盖青光眼流行病学、遗传学、房水生成与外流、房水动力学、前房角镜、眼压与眼压计，以及视神经乳头、视网膜神经纤维层、青光眼性视神经病变、定量视盘成像和视野检查。临床部分涉及原发性开角型、闭角型、儿童、正常眼压及继发性青光眼，包括激素性、色素性、假性剥脱性、新生血管性、晶状体诱发、炎症相关、外伤与出血后、视网膜疾病相关、眼前节术后、眼内肿瘤及全身疾病相关青光眼。治疗部分介绍肾上腺素能药物、胆碱能药物、前列腺素类似物、碳酸酐酶抑制剂、高渗剂、神经保护，以及激光基础、激光小梁成形术、激光虹膜切开术、睫状体破坏术、滤过手术、白内障联合手术、房水引流装置和低眼压处理。",3072,"# Summary
本书出版于2003年，是面向眼科住院医师、普通临床医生、专科医生及基础研究者的青光眼临床与基础科学参考书。全书按“流行病学与遗传学—眼压决定因素—视神经—青光眼临床类型—药物治疗—激光治疗—手术治疗”展开，涵盖青光眼流行病学、遗传学、房水生成与外流、房水动力学、前房角镜、眼压与眼压计，以及视神经乳头、视网膜神经纤维层、青光眼性视神经病变、定量视盘成像和视野检查。临床部分涉及原发性开角型、闭角型、儿童、正常眼压及继发性青光眼，包括激素性、色素性、假性剥脱性、新生血管性、晶状体诱发、炎症相关、外伤与出血后、视网膜疾病相关、眼前节术后、眼内肿瘤及全身疾病相关青光眼。治疗部分介绍肾上腺素能药物、胆碱能药物、前列腺素类似物、碳酸酐酶抑制剂、高渗剂、神经保护，以及激光基础、激光小梁成形术、激光虹膜切开术、睫状体破坏术、滤过手术、白内障联合手术、房水引流装置和低眼压处理。"
01832708-92ad-4af3-9d24-383872b6533c,本书出版于2006年，是面向小儿眼科、斜视专业医师、住院医师及考试复习者的实用手册，也可用于向患儿家庭解释斜视与弱视。全书从儿童病史采集、非配合儿童检查、视力与屈光评估入手，系统讲解眼外肌解剖、眼球运动生理、双眼视觉、感觉融合、立体视、视觉发育与弱视病理；继而围绕眼动检查和感觉检查，讨论内斜视、外斜视、字母模式、斜肌功能异常，以及限制性、麻痹性、分离性斜视和异常头位。后半部分涵盖斜视手术、眼球运动障碍、光学矫正及常见陷阱。关键词包括遮盖试验、注视与追随、视野、色觉、对比敏感度、红光反射、裂隙灯、眼压、角膜曲率、散瞳睫状肌麻痹验光、眼底检查、Worth四点、Titmus/Randot、Bagolini、棱镜中和、眼电生理/EMG、虹膜血管造影、前节缺血、直肌手术与Wright折叠术，并涉及眼球震颤、白内障、上睑下垂及Duane回缩综合征等儿童眼病。,completed,7ed37e6d-4ffa-47d1-8e3f-7e6a81e8a79d,"# Summary
本书出版于2006年，是面向小儿眼科、斜视专业医师、住院医师及考试复习者的实用手册，也可用于向患儿家庭解释斜视与弱视。全书从儿童病史采集、非配合儿童检查、视力与屈光评估入手，系统讲解眼外肌解剖、眼球运动生理、双眼视觉、感觉融合、立体视、视觉发育与弱视病理；继而围绕眼动检查和感觉检查，讨论内斜视、外斜视、字母模式、斜肌功能异常，以及限制性、麻痹性、分离性斜视和异常头位。后半部分涵盖斜视手术、眼球运动障碍、光学矫正及常见陷阱。关键词包括遮盖试验、注视与追随、视野、色觉、对比敏感度、红光反射、裂隙灯、眼压、角膜曲率、散瞳睫状肌麻痹验光、眼底检查、Worth四点、Titmus/Randot、Bagolini、棱镜中和、眼电生理/EMG、虹膜血管造影、前节缺血、直肌手术与Wright折叠术，并涉及眼球震颤、白内障、上睑下垂及Duane回缩综合征等儿童眼病。",3072,"# Summary
本书出版于2006年，是面向小儿眼科、斜视专业医师、住院医师及考试复习者的实用手册，也可用于向患儿家庭解释斜视与弱视。全书从儿童病史采集、非配合儿童检查、视力与屈光评估入手，系统讲解眼外肌解剖、眼球运动生理、双眼视觉、感觉融合、立体视、视觉发育与弱视病理；继而围绕眼动检查和感觉检查，讨论内斜视、外斜视、字母模式、斜肌功能异常，以及限制性、麻痹性、分离性斜视和异常头位。后半部分涵盖斜视手术、眼球运动障碍、光学矫正及常见陷阱。关键词包括遮盖试验、注视与追随、视野、色觉、对比敏感度、红光反射、裂隙灯、眼压、角膜曲率、散瞳睫状肌麻痹验光、眼底检查、Worth四点、Titmus/Randot、Bagolini、棱镜中和、眼电生理/EMG、虹膜血管造影、前节缺血、直肌手术与Wright折叠术，并涉及眼球震颤、白内障、上睑下垂及Duane回缩综合征等儿童眼病。"
7281bcb4-cc4a-40e5-9713-ccf7481be803,本书出版于2014年，是一本以疾病为线索、以高质量OCT图像为核心的视网膜影像学临床手册，定位于眼科、视网膜专科医生及住院医师、研究人员的日常诊疗与影像判读。全书先介绍OCT扫描原理及技术类型，包括时域、频域、谱域和扫频OCT，以及黄斑立方体、线性、径向、栅格、增强深度成像（EDI）、C扫、地形图、视网膜神经纤维层（RNFL）和神经节细胞复合体（GCC）分析；继而讲解正常视网膜、玻璃体和视神经解剖及囊样改变、浆液、色素上皮脱离、萎缩等基本征象。疾病部分覆盖视神经炎、视乳头水肿、视神经萎缩及先天异常，干性和湿性年龄相关性黄斑变性、脉络膜新生血管、息肉样脉络膜血管病变，病理性近视、后巩膜葡萄肿、黄斑劈裂和牵拉性脱离，以及黄斑前膜、术后囊样黄斑水肿、中心性浆液性脉络膜视网膜病变、羟氯喹毒性、糖尿病视网膜病变、视网膜动脉阻塞、炎症感染、肿瘤、外伤和激光/光毒性损伤。书中结合荧光素血管造影、吲哚菁绿造影、超声等检查，并涉及抗VEGF注射、激光、光动力治疗和玻璃体切除术等处理。,completed,7a501755-f48c-4d45-9b25-06dba10d876a,"# Summary
本书出版于2014年，是一本以疾病为线索、以高质量OCT图像为核心的视网膜影像学临床手册，定位于眼科、视网膜专科医生及住院医师、研究人员的日常诊疗与影像判读。全书先介绍OCT扫描原理及技术类型，包括时域、频域、谱域和扫频OCT，以及黄斑立方体、线性、径向、栅格、增强深度成像（EDI）、C扫、地形图、视网膜神经纤维层（RNFL）和神经节细胞复合体（GCC）分析；继而讲解正常视网膜、玻璃体和视神经解剖及囊样改变、浆液、色素上皮脱离、萎缩等基本征象。疾病部分覆盖视神经炎、视乳头水肿、视神经萎缩及先天异常，干性和湿性年龄相关性黄斑变性、脉络膜新生血管、息肉样脉络膜血管病变，病理性近视、后巩膜葡萄肿、黄斑劈裂和牵拉性脱离，以及黄斑前膜、术后囊样黄斑水肿、中心性浆液性脉络膜视网膜病变、羟氯喹毒性、糖尿病视网膜病变、视网膜动脉阻塞、炎症感染、肿瘤、外伤和激光/光毒性损伤。书中结合荧光素血管造影、吲哚菁绿造影、超声等检查，并涉及抗VEGF注射、激光、光动力治疗和玻璃体切除术等处理。",3072,"# Summary
本书出版于2014年，是一本以疾病为线索、以高质量OCT图像为核心的视网膜影像学临床手册，定位于眼科、视网膜专科医生及住院医师、研究人员的日常诊疗与影像判读。全书先介绍OCT扫描原理及技术类型，包括时域、频域、谱域和扫频OCT，以及黄斑立方体、线性、径向、栅格、增强深度成像（EDI）、C扫、地形图、视网膜神经纤维层（RNFL）和神经节细胞复合体（GCC）分析；继而讲解正常视网膜、玻璃体和视神经解剖及囊样改变、浆液、色素上皮脱离、萎缩等基本征象。疾病部分覆盖视神经炎、视乳头水肿、视神经萎缩及先天异常，干性和湿性年龄相关性黄斑变性、脉络膜新生血管、息肉样脉络膜血管病变，病理性近视、后巩膜葡萄肿、黄斑劈裂和牵拉性脱离，以及黄斑前膜、术后囊样黄斑水肿、中心性浆液性脉络膜视网膜病变、羟氯喹毒性、糖尿病视网膜病变、视网膜动脉阻塞、炎症感染、肿瘤、外伤和激光/光毒性损伤。书中结合荧光素血管造影、吲哚菁绿造影、超声等检查，并涉及抗VEGF注射、激光、光动力治疗和玻璃体切除术等处理。"
6a0cbefe-9104-4dd7-a882-046041054298,本书出版于2017年，是Pablo Artal主编的视觉光学基础与眼光学专业手册，面向眼科学、视光学、视觉科学、医学、生物学、心理学及光学工程相关学习者和研究人员。全书从20世纪生理光学史及发展前景切入，系统讲解几何光学、波动光学、光学像差、光度学、色度学、视觉刺激、基础眼科仪器、自适应光学、眼的解剖与胚胎学、视网膜、视觉系统结构和视觉心理物理学；继而讨论角膜、晶状体、模型眼、眼轴与眼角、视网膜与Stiles-Crawford效应、屈光不正、单色及周边像差、个体化眼模型、散射/杂散光/眩光、调节机制与动态、眼球运动、衰老和偏振特性。内容涉及近视、老视、白内障及视网膜变性等临床相关问题，并关联波前传感器、像差测量、自适应光学、OCT、眼底成像、荧光及双光子成像、接触镜、人工晶状体、屈光手术和激光诱导折射率改变等技术关键词。,completed,2c450aa2-72e0-44a8-8b44-87eab7a80bb9,"# Summary
本书出版于2017年，是Pablo Artal主编的视觉光学基础与眼光学专业手册，面向眼科学、视光学、视觉科学、医学、生物学、心理学及光学工程相关学习者和研究人员。全书从20世纪生理光学史及发展前景切入，系统讲解几何光学、波动光学、光学像差、光度学、色度学、视觉刺激、基础眼科仪器、自适应光学、眼的解剖与胚胎学、视网膜、视觉系统结构和视觉心理物理学；继而讨论角膜、晶状体、模型眼、眼轴与眼角、视网膜与Stiles-Crawford效应、屈光不正、单色及周边像差、个体化眼模型、散射/杂散光/眩光、调节机制与动态、眼球运动、衰老和偏振特性。内容涉及近视、老视、白内障及视网膜变性等临床相关问题，并关联波前传感器、像差测量、自适应光学、OCT、眼底成像、荧光及双光子成像、接触镜、人工晶状体、屈光手术和激光诱导折射率改变等技术关键词。",3072,"# Summary
本书出版于2017年，是Pablo Artal主编的视觉光学基础与眼光学专业手册，面向眼科学、视光学、视觉科学、医学、生物学、心理学及光学工程相关学习者和研究人员。全书从20世纪生理光学史及发展前景切入，系统讲解几何光学、波动光学、光学像差、光度学、色度学、视觉刺激、基础眼科仪器、自适应光学、眼的解剖与胚胎学、视网膜、视觉系统结构和视觉心理物理学；继而讨论角膜、晶状体、模型眼、眼轴与眼角、视网膜与Stiles-Crawford效应、屈光不正、单色及周边像差、个体化眼模型、散射/杂散光/眩光、调节机制与动态、眼球运动、衰老和偏振特性。内容涉及近视、老视、白内障及视网膜变性等临床相关问题，并关联波前传感器、像差测量、自适应光学、OCT、眼底成像、荧光及双光子成像、接触镜、人工晶状体、屈光手术和激光诱导折射率改变等技术关键词。"
a19aaaaa-e0ed-42dd-93d8-658233a4dc23,本书出版于2009年，是面向小儿眼科医师、综合眼科医师、儿科医师及视觉研究人员的专业教科书，系统介绍儿童眼病的遗传、发育、检查、诊断与治疗。内容涵盖新生儿眼科学、早产儿视网膜病变、儿童屈光与弱视、斜视感觉适应及手术治疗，并延伸至结膜、角膜、白内障与晶状体异常、婴幼儿青光眼、葡萄膜炎、视网膜玻璃体疾病、视盘先天异常、泪器、眼睑、眼眶和儿童眼部肿瘤。书中还讨论系统性错构瘤病、代谢性眼部异常、神经眼科学、眼球震颤、眼外伤预防、学习障碍、视功能损害患儿管理及小儿眼科法医学。重点涉及遗传咨询与产前诊断、分子遗传学、儿童眼部检查、电生理检查、屈光评估、超声、视网膜和高级中枢电诊断、弱视干预、斜视矫正、婴幼儿白内障人工晶状体植入、青光眼及早产儿视网膜病变治疗等。,completed,e3c01f34-eb80-40af-b40c-26693133e351,"# Summary
本书出版于2009年，是面向小儿眼科医师、综合眼科医师、儿科医师及视觉研究人员的专业教科书，系统介绍儿童眼病的遗传、发育、检查、诊断与治疗。内容涵盖新生儿眼科学、早产儿视网膜病变、儿童屈光与弱视、斜视感觉适应及手术治疗，并延伸至结膜、角膜、白内障与晶状体异常、婴幼儿青光眼、葡萄膜炎、视网膜玻璃体疾病、视盘先天异常、泪器、眼睑、眼眶和儿童眼部肿瘤。书中还讨论系统性错构瘤病、代谢性眼部异常、神经眼科学、眼球震颤、眼外伤预防、学习障碍、视功能损害患儿管理及小儿眼科法医学。重点涉及遗传咨询与产前诊断、分子遗传学、儿童眼部检查、电生理检查、屈光评估、超声、视网膜和高级中枢电诊断、弱视干预、斜视矫正、婴幼儿白内障人工晶状体植入、青光眼及早产儿视网膜病变治疗等。",3072,"# Summary
本书出版于2009年，是面向小儿眼科医师、综合眼科医师、儿科医师及视觉研究人员的专业教科书，系统介绍儿童眼病的遗传、发育、检查、诊断与治疗。内容涵盖新生儿眼科学、早产儿视网膜病变、儿童屈光与弱视、斜视感觉适应及手术治疗，并延伸至结膜、角膜、白内障与晶状体异常、婴幼儿青光眼、葡萄膜炎、视网膜玻璃体疾病、视盘先天异常、泪器、眼睑、眼眶和儿童眼部肿瘤。书中还讨论系统性错构瘤病、代谢性眼部异常、神经眼科学、眼球震颤、眼外伤预防、学习障碍、视功能损害患儿管理及小儿眼科法医学。重点涉及遗传咨询与产前诊断、分子遗传学、儿童眼部检查、电生理检查、屈光评估、超声、视网膜和高级中枢电诊断、弱视干预、斜视矫正、婴幼儿白内障人工晶状体植入、青光眼及早产儿视网膜病变治疗等。"
e49e1be1-73f1-4242-a526-ebafc42c46b9,本书出版于2023年，是面向放射科住院医师、专科医师、神经放射科医师及眼科、头颈外科、神经外科和肿瘤科医生的眼科肿瘤与相关疾病影像图谱，重点服务于诊断、鉴别诊断、分期、活检定位、治疗计划和疗效评估。全书按解剖与临床区域展开，涵盖眶周皮肤与眼睑、眼球、泪腺及鼻泪管、眼眶、颅底与骨、鼻腔鼻窦、垂体、海绵窦、视交叉后视路、Ⅱ—Ⅵ脑神经，以及治疗后眼眶。内容涉及上皮性肿瘤、黑色素瘤、淋巴瘤、肉瘤、血管性病变、感染和转移瘤等。重点介绍CT、MRI、PET/CT、超声及增强、脂肪抑制、骨窗和血管成像表现，强调骨侵犯、眶内扩展、神经孔异常、沿眶上神经或眶下神经的周围神经肿瘤播散、淋巴结和远处转移，以及术后复发与放疗后改变。代表性疾病包括基底细胞癌、鳞状细胞癌、黑色素瘤、血管肉瘤、纤维肉瘤、淋巴瘤、硬纤维瘤和转移瘤。,completed,6473a1bb-a75b-44e3-bfd6-320ebccc1491,"# Summary
本书出版于2023年，是面向放射科住院医师、专科医师、神经放射科医师及眼科、头颈外科、神经外科和肿瘤科医生的眼科肿瘤与相关疾病影像图谱，重点服务于诊断、鉴别诊断、分期、活检定位、治疗计划和疗效评估。全书按解剖与临床区域展开，涵盖眶周皮肤与眼睑、眼球、泪腺及鼻泪管、眼眶、颅底与骨、鼻腔鼻窦、垂体、海绵窦、视交叉后视路、Ⅱ—Ⅵ脑神经，以及治疗后眼眶。内容涉及上皮性肿瘤、黑色素瘤、淋巴瘤、肉瘤、血管性病变、感染和转移瘤等。重点介绍CT、MRI、PET/CT、超声及增强、脂肪抑制、骨窗和血管成像表现，强调骨侵犯、眶内扩展、神经孔异常、沿眶上神经或眶下神经的周围神经肿瘤播散、淋巴结和远处转移，以及术后复发与放疗后改变。代表性疾病包括基底细胞癌、鳞状细胞癌、黑色素瘤、血管肉瘤、纤维肉瘤、淋巴瘤、硬纤维瘤和转移瘤。",3072,"# Summary
本书出版于2023年，是面向放射科住院医师、专科医师、神经放射科医师及眼科、头颈外科、神经外科和肿瘤科医生的眼科肿瘤与相关疾病影像图谱，重点服务于诊断、鉴别诊断、分期、活检定位、治疗计划和疗效评估。全书按解剖与临床区域展开，涵盖眶周皮肤与眼睑、眼球、泪腺及鼻泪管、眼眶、颅底与骨、鼻腔鼻窦、垂体、海绵窦、视交叉后视路、Ⅱ—Ⅵ脑神经，以及治疗后眼眶。内容涉及上皮性肿瘤、黑色素瘤、淋巴瘤、肉瘤、血管性病变、感染和转移瘤等。重点介绍CT、MRI、PET/CT、超声及增强、脂肪抑制、骨窗和血管成像表现，强调骨侵犯、眶内扩展、神经孔异常、沿眶上神经或眶下神经的周围神经肿瘤播散、淋巴结和远处转移，以及术后复发与放疗后改变。代表性疾病包括基底细胞癌、鳞状细胞癌、黑色素瘤、血管肉瘤、纤维肉瘤、淋巴瘤、硬纤维瘤和转移瘤。"
99c24e2a-a536-4b73-a73a-e8fc8b89576e,本书出版于2006年，是覆盖“从眼球到枕叶视觉皮质”的视觉系统影像学专著与病例图谱，面向神经放射科医师、眼科医师、神经科医师、神经外科医师及耳鼻咽喉科医师。全书分为总论和专论：总论介绍眼眶及视觉通路的彩色多普勒超声、CT、MRI检查方法与协议，眼眶、视神经、视交叉、视束、视放射及纹状皮质的影像解剖，神经眼科学基础，以及视觉系统功能磁共振成像（fMRI）；专论重点讨论儿童视通路病变、眼眶病变和颅内视通路病变。病例结合病史、症状、患者照片、CT软组织窗与骨窗、多序列MRI、MR血管成像、弥散加权成像、组织学及治疗结果，涵盖视网膜中央动脉或静脉阻塞、糖尿病视网膜病变、眼内肿瘤、眼眶肿瘤与血管性病变、颈动脉海绵窦瘘、甲状腺相关眼病、儿童视通路疾病及颅内病变等，突出影像诊断与临床鉴别。,completed,f8f938e7-d45d-4bf7-8235-a1aafa4322c5,"# Summary
本书出版于2006年，是覆盖“从眼球到枕叶视觉皮质”的视觉系统影像学专著与病例图谱，面向神经放射科医师、眼科医师、神经科医师、神经外科医师及耳鼻咽喉科医师。全书分为总论和专论：总论介绍眼眶及视觉通路的彩色多普勒超声、CT、MRI检查方法与协议，眼眶、视神经、视交叉、视束、视放射及纹状皮质的影像解剖，神经眼科学基础，以及视觉系统功能磁共振成像（fMRI）；专论重点讨论儿童视通路病变、眼眶病变和颅内视通路病变。病例结合病史、症状、患者照片、CT软组织窗与骨窗、多序列MRI、MR血管成像、弥散加权成像、组织学及治疗结果，涵盖视网膜中央动脉或静脉阻塞、糖尿病视网膜病变、眼内肿瘤、眼眶肿瘤与血管性病变、颈动脉海绵窦瘘、甲状腺相关眼病、儿童视通路疾病及颅内病变等，突出影像诊断与临床鉴别。",3072,"# Summary
本书出版于2006年，是覆盖“从眼球到枕叶视觉皮质”的视觉系统影像学专著与病例图谱，面向神经放射科医师、眼科医师、神经科医师、神经外科医师及耳鼻咽喉科医师。全书分为总论和专论：总论介绍眼眶及视觉通路的彩色多普勒超声、CT、MRI检查方法与协议，眼眶、视神经、视交叉、视束、视放射及纹状皮质的影像解剖，神经眼科学基础，以及视觉系统功能磁共振成像（fMRI）；专论重点讨论儿童视通路病变、眼眶病变和颅内视通路病变。病例结合病史、症状、患者照片、CT软组织窗与骨窗、多序列MRI、MR血管成像、弥散加权成像、组织学及治疗结果，涵盖视网膜中央动脉或静脉阻塞、糖尿病视网膜病变、眼内肿瘤、眼眶肿瘤与血管性病变、颈动脉海绵窦瘘、甲状腺相关眼病、儿童视通路疾病及颅内病变等，突出影像诊断与临床鉴别。"
b149adbc-0c1f-4ac0-8422-03b04e84c903,本书出版于2016年，是面向医学生、眼科初学者、眼科医生及验光师的系统性临床眼科学教材，旨在建立一般眼科实践所需的核心知识，并结合更新后的循证诊断、治疗方法和影像资料。内容涵盖眼睑、泪道、眼眶、干眼、结膜、角膜、巩膜、晶状体、青光眼、葡萄膜炎、眼内肿瘤、视网膜血管病、黄斑病、遗传性眼底营养不良、视网膜脱离、玻璃体混浊、斜视、神经眼科、全身药物眼部副作用及眼外伤。重点涉及甲状腺眼病、角膜炎、白内障、原发性开角型及闭角型青光眼、糖尿病视网膜病变、年龄相关性黄斑变性、视网膜静脉阻塞、视网膜脱离和葡萄膜炎等。书中介绍裂隙灯检查、眼压测量、房角镜、视野检查、视神经评估、神经影像、眼底影像及黄斑检查，并涉及药物、激光、抗VEGF、角膜移植、屈光手术、青光眼手术、玻璃体切除、斜视手术和肉毒毒素治疗。,completed,794fda30-40af-4bc2-bd7e-d73b82711804,"# Summary
本书出版于2016年，是面向医学生、眼科初学者、眼科医生及验光师的系统性临床眼科学教材，旨在建立一般眼科实践所需的核心知识，并结合更新后的循证诊断、治疗方法和影像资料。内容涵盖眼睑、泪道、眼眶、干眼、结膜、角膜、巩膜、晶状体、青光眼、葡萄膜炎、眼内肿瘤、视网膜血管病、黄斑病、遗传性眼底营养不良、视网膜脱离、玻璃体混浊、斜视、神经眼科、全身药物眼部副作用及眼外伤。重点涉及甲状腺眼病、角膜炎、白内障、原发性开角型及闭角型青光眼、糖尿病视网膜病变、年龄相关性黄斑变性、视网膜静脉阻塞、视网膜脱离和葡萄膜炎等。书中介绍裂隙灯检查、眼压测量、房角镜、视野检查、视神经评估、神经影像、眼底影像及黄斑检查，并涉及药物、激光、抗VEGF、角膜移植、屈光手术、青光眼手术、玻璃体切除、斜视手术和肉毒毒素治疗。",3072,"# Summary
本书出版于2016年，是面向医学生、眼科初学者、眼科医生及验光师的系统性临床眼科学教材，旨在建立一般眼科实践所需的核心知识，并结合更新后的循证诊断、治疗方法和影像资料。内容涵盖眼睑、泪道、眼眶、干眼、结膜、角膜、巩膜、晶状体、青光眼、葡萄膜炎、眼内肿瘤、视网膜血管病、黄斑病、遗传性眼底营养不良、视网膜脱离、玻璃体混浊、斜视、神经眼科、全身药物眼部副作用及眼外伤。重点涉及甲状腺眼病、角膜炎、白内障、原发性开角型及闭角型青光眼、糖尿病视网膜病变、年龄相关性黄斑变性、视网膜静脉阻塞、视网膜脱离和葡萄膜炎等。书中介绍裂隙灯检查、眼压测量、房角镜、视野检查、视神经评估、神经影像、眼底影像及黄斑检查，并涉及药物、激光、抗VEGF、角膜移植、屈光手术、青光眼手术、玻璃体切除、斜视手术和肉毒毒素治疗。"
6688dc90-cb39-4e1a-8542-4a0e319cdd7c,2002年出版，杰克·J·肯思基著、姚宜译。本书面向眼科医师、全科及非眼科临床医生，帮助从眼部表现识别可能的全身疾病，也从全身体征反查眼部病变。全书分三部分：按眼睑、眼眶、泪腺、结膜、巩膜、角膜、虹膜、晶状体、青光眼、玻璃体、眼底血管、炎症、肿瘤、视神经及眼肌麻痹等眼征归纳相关疾病；按面部、口腔、颅骨、颈部、手、毛发、皮肤、关节、肺、心血管、消化、肾脏、生殖器和神经系统等全身体征提示眼病；再按疾病总结全身与眼部表现。重点涉及糖尿病、高血压、甲状腺毒症、重症肌无力、Wegener肉芽肿病、系统性红斑狼疮、白塞病、结节病、艾滋病、白血病、淋巴瘤、遗传综合征及代谢病，涵盖眼科检查、体征识别、图像对照、病因与鉴别诊断等关键词。,completed,da0574e1-6bc9-4c4b-97f0-9634a6b8ff2b,"# Summary
2002年出版，杰克·J·肯思基著、姚宜译。本书面向眼科医师、全科及非眼科临床医生，帮助从眼部表现识别可能的全身疾病，也从全身体征反查眼部病变。全书分三部分：按眼睑、眼眶、泪腺、结膜、巩膜、角膜、虹膜、晶状体、青光眼、玻璃体、眼底血管、炎症、肿瘤、视神经及眼肌麻痹等眼征归纳相关疾病；按面部、口腔、颅骨、颈部、手、毛发、皮肤、关节、肺、心血管、消化、肾脏、生殖器和神经系统等全身体征提示眼病；再按疾病总结全身与眼部表现。重点涉及糖尿病、高血压、甲状腺毒症、重症肌无力、Wegener肉芽肿病、系统性红斑狼疮、白塞病、结节病、艾滋病、白血病、淋巴瘤、遗传综合征及代谢病，涵盖眼科检查、体征识别、图像对照、病因与鉴别诊断等关键词。",3072,"# Summary
2002年出版，杰克·J·肯思基著、姚宜译。本书面向眼科医师、全科及非眼科临床医生，帮助从眼部表现识别可能的全身疾病，也从全身体征反查眼部病变。全书分三部分：按眼睑、眼眶、泪腺、结膜、巩膜、角膜、虹膜、晶状体、青光眼、玻璃体、眼底血管、炎症、肿瘤、视神经及眼肌麻痹等眼征归纳相关疾病；按面部、口腔、颅骨、颈部、手、毛发、皮肤、关节、肺、心血管、消化、肾脏、生殖器和神经系统等全身体征提示眼病；再按疾病总结全身与眼部表现。重点涉及糖尿病、高血压、甲状腺毒症、重症肌无力、Wegener肉芽肿病、系统性红斑狼疮、白塞病、结节病、艾滋病、白血病、淋巴瘤、遗传综合征及代谢病，涵盖眼科检查、体征识别、图像对照、病因与鉴别诊断等关键词。"
819efde0-60f1-4d65-a491-e3be551976ff,本书为2012年出版的眼科临床图谱，面向眼科医师、护士及专科医师规范化培训与考核，重点帮助读者依据突出临床体征、病因和鉴别诊断快速识别疾病。全书按解剖部位编排，涵盖眼睑、眼眶、结膜、表层巩膜及巩膜、角膜、前房、眼内压与前房角、虹膜、瞳孔、晶状体、玻璃体、视盘、眼底、眼球运动及全身体征，涉及炎症、感染、先天异常、肿瘤、血管性和系统性疾病。书中配有近1300幅临床图片及鉴别诊断表，展示睫毛异常、睑缘炎、眼睑水肿、上睑下垂、眼眶病变、角膜炎、青光眼、葡萄膜炎、白内障、视网膜脱离、眼球突出和眼肌麻痹等。关键词包括裂隙灯下体征、泪膜、角膜浸润与血管化、眼内压、前房角、眼底影像、冷冻及放射线治疗、眼睑肿物、甲状腺相关眼病、重症肌无力、带状疱疹和全身疾病相关眼征。,completed,ce2dec83-0974-4ccc-8f47-d80b56b7584e,"# Summary
本书为2012年出版的眼科临床图谱，面向眼科医师、护士及专科医师规范化培训与考核，重点帮助读者依据突出临床体征、病因和鉴别诊断快速识别疾病。全书按解剖部位编排，涵盖眼睑、眼眶、结膜、表层巩膜及巩膜、角膜、前房、眼内压与前房角、虹膜、瞳孔、晶状体、玻璃体、视盘、眼底、眼球运动及全身体征，涉及炎症、感染、先天异常、肿瘤、血管性和系统性疾病。书中配有近1300幅临床图片及鉴别诊断表，展示睫毛异常、睑缘炎、眼睑水肿、上睑下垂、眼眶病变、角膜炎、青光眼、葡萄膜炎、白内障、视网膜脱离、眼球突出和眼肌麻痹等。关键词包括裂隙灯下体征、泪膜、角膜浸润与血管化、眼内压、前房角、眼底影像、冷冻及放射线治疗、眼睑肿物、甲状腺相关眼病、重症肌无力、带状疱疹和全身疾病相关眼征。",3072,"# Summary
本书为2012年出版的眼科临床图谱，面向眼科医师、护士及专科医师规范化培训与考核，重点帮助读者依据突出临床体征、病因和鉴别诊断快速识别疾病。全书按解剖部位编排，涵盖眼睑、眼眶、结膜、表层巩膜及巩膜、角膜、前房、眼内压与前房角、虹膜、瞳孔、晶状体、玻璃体、视盘、眼底、眼球运动及全身体征，涉及炎症、感染、先天异常、肿瘤、血管性和系统性疾病。书中配有近1300幅临床图片及鉴别诊断表，展示睫毛异常、睑缘炎、眼睑水肿、上睑下垂、眼眶病变、角膜炎、青光眼、葡萄膜炎、白内障、视网膜脱离、眼球突出和眼肌麻痹等。关键词包括裂隙灯下体征、泪膜、角膜浸润与血管化、眼内压、前房角、眼底影像、冷冻及放射线治疗、眼睑肿物、甲状腺相关眼病、重症肌无力、带状疱疹和全身疾病相关眼征。"
8a8d1325-f6e6-4c42-a231-8f9977a99a33,本书出版于2008年，是面向医学生、住院医师及眼科临床医生的神经眼科基础与临床参考手册，强调通过图示和简明文字理解眼—脑通路及定位诊断。全书涵盖眼球运动的上核与下核通路、扫视、平滑追随、辐辏及反射系统；核上性眼球运动障碍、眼震及其分型、视动性眼震检查、前庭眼震和冷热试验；瞳孔、视路、视神经解剖，以及动眼、滑车、外展、三叉和面神经及其病变；先天性视神经异常、视神经肿瘤、视神经乳头异常、眼肌病和其他杂项疾病。末章介绍神经眼科病例检查流程与影像学评估。关键词包括内侧纵束、核间性眼肌麻痹、水平及垂直扫视、追随系统、视野缺损、视神经、眼震、OKN、Kestenbaum报纸法、视动鼓、前庭冷热试验、视路定位、神经影像和临床处理。,completed,be353a31-3ec0-44b9-adde-4d1535e1e5df,"# Summary
本书出版于2008年，是面向医学生、住院医师及眼科临床医生的神经眼科基础与临床参考手册，强调通过图示和简明文字理解眼—脑通路及定位诊断。全书涵盖眼球运动的上核与下核通路、扫视、平滑追随、辐辏及反射系统；核上性眼球运动障碍、眼震及其分型、视动性眼震检查、前庭眼震和冷热试验；瞳孔、视路、视神经解剖，以及动眼、滑车、外展、三叉和面神经及其病变；先天性视神经异常、视神经肿瘤、视神经乳头异常、眼肌病和其他杂项疾病。末章介绍神经眼科病例检查流程与影像学评估。关键词包括内侧纵束、核间性眼肌麻痹、水平及垂直扫视、追随系统、视野缺损、视神经、眼震、OKN、Kestenbaum报纸法、视动鼓、前庭冷热试验、视路定位、神经影像和临床处理。",3072,"# Summary
本书出版于2008年，是面向医学生、住院医师及眼科临床医生的神经眼科基础与临床参考手册，强调通过图示和简明文字理解眼—脑通路及定位诊断。全书涵盖眼球运动的上核与下核通路、扫视、平滑追随、辐辏及反射系统；核上性眼球运动障碍、眼震及其分型、视动性眼震检查、前庭眼震和冷热试验；瞳孔、视路、视神经解剖，以及动眼、滑车、外展、三叉和面神经及其病变；先天性视神经异常、视神经肿瘤、视神经乳头异常、眼肌病和其他杂项疾病。末章介绍神经眼科病例检查流程与影像学评估。关键词包括内侧纵束、核间性眼肌麻痹、水平及垂直扫视、追随系统、视野缺损、视神经、眼震、OKN、Kestenbaum报纸法、视动鼓、前庭冷热试验、视路定位、神经影像和临床处理。"
a594c4e6-1596-42f8-b2dc-1e43f445a4b4,本书出版于2009年，是面向角膜病、屈光手术及眼科临床医师的角膜胶原交联技术专著，系统介绍核黄素—UV-A（C3-R）强化角膜、稳定圆锥角膜及屈光术后角膜扩张的原理、适应证、禁忌证、术前评估、操作流程、随访与并发症处理。内容涵盖角膜生物力学、角膜扩张风险及LASIK筛查、圆锥角膜预防与治疗、核黄素和UV-A的生物物理机制、上皮去除与经上皮交联、内皮安全性、不同交联技术及临床应用；并讨论地形图引导PRK联合交联、INTACS/角膜基质环植入、接触镜塑形、角膜重塑和角膜整形术，以及屈光手术后的后部角膜变化。重要检查包括视力、眼压、裂隙灯及照片、角膜地形图、Pentacam角膜厚度、OCT、角膜滞后量和角膜阻力因子，并配有手术视频。,completed,30bf3e0d-00bc-4b00-ab8a-508a3f467185,"# Summary
本书出版于2009年，是面向角膜病、屈光手术及眼科临床医师的角膜胶原交联技术专著，系统介绍核黄素—UV-A（C3-R）强化角膜、稳定圆锥角膜及屈光术后角膜扩张的原理、适应证、禁忌证、术前评估、操作流程、随访与并发症处理。内容涵盖角膜生物力学、角膜扩张风险及LASIK筛查、圆锥角膜预防与治疗、核黄素和UV-A的生物物理机制、上皮去除与经上皮交联、内皮安全性、不同交联技术及临床应用；并讨论地形图引导PRK联合交联、INTACS/角膜基质环植入、接触镜塑形、角膜重塑和角膜整形术，以及屈光手术后的后部角膜变化。重要检查包括视力、眼压、裂隙灯及照片、角膜地形图、Pentacam角膜厚度、OCT、角膜滞后量和角膜阻力因子，并配有手术视频。",3072,"# Summary
本书出版于2009年，是面向角膜病、屈光手术及眼科临床医师的角膜胶原交联技术专著，系统介绍核黄素—UV-A（C3-R）强化角膜、稳定圆锥角膜及屈光术后角膜扩张的原理、适应证、禁忌证、术前评估、操作流程、随访与并发症处理。内容涵盖角膜生物力学、角膜扩张风险及LASIK筛查、圆锥角膜预防与治疗、核黄素和UV-A的生物物理机制、上皮去除与经上皮交联、内皮安全性、不同交联技术及临床应用；并讨论地形图引导PRK联合交联、INTACS/角膜基质环植入、接触镜塑形、角膜重塑和角膜整形术，以及屈光手术后的后部角膜变化。重要检查包括视力、眼压、裂隙灯及照片、角膜地形图、Pentacam角膜厚度、OCT、角膜滞后量和角膜阻力因子，并配有手术视频。"
5a37cbfb-e94b-4f7a-b445-a914774e5689,本书为2009年出版的手工小切口白内障手术（MSICS）专业实践指南，面向眼科医师、白内障手术培训者及需开展低成本、高容量手术的医疗机构。全书围绕MSICS的临床意义、适用场景、压力参数及其与ECCE和超声乳化的衔接展开，系统介绍隧道切口、前囊切开、连续环形撕囊、水分离、晶状体核分割与娩出、皮质清除、人工晶状体植入等基本流程，并比较多种核处理和取出技术，包括手工碎核、劈核、多段切割、双尼龙环、鱼钩、牵引圈、灌注圈、黏弹剂表达、Phaco sandwich、Phacosection及Bluementhal技术。内容还涉及3 mm及颞侧入路、前房维持器、折叠或PMMA人工晶状体、表面麻醉与针尖麻醉，以及大批量手术、儿童白内障、青光眼联合小梁切除术等特殊情况。后半部分重点讨论MSICS并发症预防与处理，包括前节和后节并发症、术中意外、晶状体核脱出、术源性散光及困难白内障；配套DVD展示多种手术操作。,completed,92d1840d-dcc0-427f-b802-37b0589dc8ed,"# Summary
本书为2009年出版的手工小切口白内障手术（MSICS）专业实践指南，面向眼科医师、白内障手术培训者及需开展低成本、高容量手术的医疗机构。全书围绕MSICS的临床意义、适用场景、压力参数及其与ECCE和超声乳化的衔接展开，系统介绍隧道切口、前囊切开、连续环形撕囊、水分离、晶状体核分割与娩出、皮质清除、人工晶状体植入等基本流程，并比较多种核处理和取出技术，包括手工碎核、劈核、多段切割、双尼龙环、鱼钩、牵引圈、灌注圈、黏弹剂表达、Phaco sandwich、Phacosection及Bluementhal技术。内容还涉及3 mm及颞侧入路、前房维持器、折叠或PMMA人工晶状体、表面麻醉与针尖麻醉，以及大批量手术、儿童白内障、青光眼联合小梁切除术等特殊情况。后半部分重点讨论MSICS并发症预防与处理，包括前节和后节并发症、术中意外、晶状体核脱出、术源性散光及困难白内障；配套DVD展示多种手术操作。",3072,"# Summary
本书为2009年出版的手工小切口白内障手术（MSICS）专业实践指南，面向眼科医师、白内障手术培训者及需开展低成本、高容量手术的医疗机构。全书围绕MSICS的临床意义、适用场景、压力参数及其与ECCE和超声乳化的衔接展开，系统介绍隧道切口、前囊切开、连续环形撕囊、水分离、晶状体核分割与娩出、皮质清除、人工晶状体植入等基本流程，并比较多种核处理和取出技术，包括手工碎核、劈核、多段切割、双尼龙环、鱼钩、牵引圈、灌注圈、黏弹剂表达、Phaco sandwich、Phacosection及Bluementhal技术。内容还涉及3 mm及颞侧入路、前房维持器、折叠或PMMA人工晶状体、表面麻醉与针尖麻醉，以及大批量手术、儿童白内障、青光眼联合小梁切除术等特殊情况。后半部分重点讨论MSICS并发症预防与处理，包括前节和后节并发症、术中意外、晶状体核脱出、术源性散光及困难白内障；配套DVD展示多种手术操作。"
8bda1254-5ebc-45b3-bb51-934c56e5706d,本书出版于2008年，是面向青光眼基础研究者、临床科研人员及眼科专业医师的机制与转化医学专著，重点解释青光眼疾病过程及治疗依据，而非单纯临床操作指南。全书涵盖流行病学与危险因素、开角型和闭角型青光眼的房水流出障碍、前房角与小梁网改变、假性剥脱综合征、巩膜上静脉压升高及瞳孔阻滞机制；进一步讨论遗传易感性及MYOC、CYP1B1、OPTN、WDR36、ApoE等基因，房水动力学、机械敏感基因、反应性星形胶质细胞、视网膜神经节细胞退变、蛋白质组学、眼内基因表达、眼组织生物力学、灌注压与视神经能量代谢。书中还介绍灵长类、鼠及离体视网膜神经节细胞青光眼模型，并系统评述药物治疗、氧化还原与神经保护、神经保护信号通路、选择性激光小梁成形术、切开滤过手术、房水引流装置及新型手术策略，同时涉及Goldmann压平眼压计、视野检查、房角镜和视神经乳头影像分析等诊断技术。,completed,9b45041c-cc61-405d-808e-ad88373a9cf0,"# Summary
本书出版于2008年，是面向青光眼基础研究者、临床科研人员及眼科专业医师的机制与转化医学专著，重点解释青光眼疾病过程及治疗依据，而非单纯临床操作指南。全书涵盖流行病学与危险因素、开角型和闭角型青光眼的房水流出障碍、前房角与小梁网改变、假性剥脱综合征、巩膜上静脉压升高及瞳孔阻滞机制；进一步讨论遗传易感性及MYOC、CYP1B1、OPTN、WDR36、ApoE等基因，房水动力学、机械敏感基因、反应性星形胶质细胞、视网膜神经节细胞退变、蛋白质组学、眼内基因表达、眼组织生物力学、灌注压与视神经能量代谢。书中还介绍灵长类、鼠及离体视网膜神经节细胞青光眼模型，并系统评述药物治疗、氧化还原与神经保护、神经保护信号通路、选择性激光小梁成形术、切开滤过手术、房水引流装置及新型手术策略，同时涉及Goldmann压平眼压计、视野检查、房角镜和视神经乳头影像分析等诊断技术。",3072,"# Summary
本书出版于2008年，是面向青光眼基础研究者、临床科研人员及眼科专业医师的机制与转化医学专著，重点解释青光眼疾病过程及治疗依据，而非单纯临床操作指南。全书涵盖流行病学与危险因素、开角型和闭角型青光眼的房水流出障碍、前房角与小梁网改变、假性剥脱综合征、巩膜上静脉压升高及瞳孔阻滞机制；进一步讨论遗传易感性及MYOC、CYP1B1、OPTN、WDR36、ApoE等基因，房水动力学、机械敏感基因、反应性星形胶质细胞、视网膜神经节细胞退变、蛋白质组学、眼内基因表达、眼组织生物力学、灌注压与视神经能量代谢。书中还介绍灵长类、鼠及离体视网膜神经节细胞青光眼模型，并系统评述药物治疗、氧化还原与神经保护、神经保护信号通路、选择性激光小梁成形术、切开滤过手术、房水引流装置及新型手术策略，同时涉及Goldmann压平眼压计、视野检查、房角镜和视神经乳头影像分析等诊断技术。"
64091830-6d0a-4a0b-90b6-0d5d09dd8699,本书出版于2007年，由Timothy L. Jackson主编，面向眼科医师、住院医师及处理眼病的验光师和全科医生，是结合高质量临床图像、检查方法、鉴别诊断、治疗算法与手术流程的眼科实用手册。全书按亚专科涵盖眼睑整形、泪道、眼眶、眼表与结膜、角膜、白内障手术、青光眼、葡萄膜炎、眼部肿瘤、医学视网膜、玻璃体视网膜手术、儿科、斜视及神经眼科等，并附转诊和基层处理指南。重点涉及眼睑内外翻、上睑下垂、泪溢、甲状腺眼病、角膜炎与圆锥角膜、干眼、角膜移植排斥及屈光激光；白内障生物测量、散光处理、局麻、复杂病例和并发症；青光眼眼压、房角镜、视盘、Humphrey视野、药物、滤过手术、引流植入和激光治疗；葡萄膜炎、感染及眼内炎；荧光素和吲哚青绿血管造影、自发荧光、电生理、视网膜激光，以及年龄相关性黄斑变性、糖尿病视网膜病变、血管阻塞、视网膜脱离、黄斑裂孔、早产儿视网膜病变、白瞳症、斜视和弱视等。,completed,0d202fa9-6bca-4714-b375-4b60e5ca1289,"# Summary
本书出版于2007年，由Timothy L. Jackson主编，面向眼科医师、住院医师及处理眼病的验光师和全科医生，是结合高质量临床图像、检查方法、鉴别诊断、治疗算法与手术流程的眼科实用手册。全书按亚专科涵盖眼睑整形、泪道、眼眶、眼表与结膜、角膜、白内障手术、青光眼、葡萄膜炎、眼部肿瘤、医学视网膜、玻璃体视网膜手术、儿科、斜视及神经眼科等，并附转诊和基层处理指南。重点涉及眼睑内外翻、上睑下垂、泪溢、甲状腺眼病、角膜炎与圆锥角膜、干眼、角膜移植排斥及屈光激光；白内障生物测量、散光处理、局麻、复杂病例和并发症；青光眼眼压、房角镜、视盘、Humphrey视野、药物、滤过手术、引流植入和激光治疗；葡萄膜炎、感染及眼内炎；荧光素和吲哚青绿血管造影、自发荧光、电生理、视网膜激光，以及年龄相关性黄斑变性、糖尿病视网膜病变、血管阻塞、视网膜脱离、黄斑裂孔、早产儿视网膜病变、白瞳症、斜视和弱视等。",3072,"# Summary
本书出版于2007年，由Timothy L. Jackson主编，面向眼科医师、住院医师及处理眼病的验光师和全科医生，是结合高质量临床图像、检查方法、鉴别诊断、治疗算法与手术流程的眼科实用手册。全书按亚专科涵盖眼睑整形、泪道、眼眶、眼表与结膜、角膜、白内障手术、青光眼、葡萄膜炎、眼部肿瘤、医学视网膜、玻璃体视网膜手术、儿科、斜视及神经眼科等，并附转诊和基层处理指南。重点涉及眼睑内外翻、上睑下垂、泪溢、甲状腺眼病、角膜炎与圆锥角膜、干眼、角膜移植排斥及屈光激光；白内障生物测量、散光处理、局麻、复杂病例和并发症；青光眼眼压、房角镜、视盘、Humphrey视野、药物、滤过手术、引流植入和激光治疗；葡萄膜炎、感染及眼内炎；荧光素和吲哚青绿血管造影、自发荧光、电生理、视网膜激光，以及年龄相关性黄斑变性、糖尿病视网膜病变、血管阻塞、视网膜脱离、黄斑裂孔、早产儿视网膜病变、白瞳症、斜视和弱视等。"
f58abaae-0b53-4996-a560-0fdd78c69160,本书出版于2010年，是面向视网膜神经科学、神经胶质生物学、眼科学研究者及研究生的专业专著，系统阐释Müller细胞在健康与病变视网膜中的结构、发育和功能。内容涵盖胶质细胞与视网膜作为中枢神经系统组成部分的基础，Müller细胞形态、超微结构、标志物、细胞连接、视网膜柱状单元及中央凹适应；重点讨论其作为“光纤”传导光线、调控谷氨酸循环、钾离子与水稳态、能量和脂质代谢、光色素再循环及神经元—胶质信号交换的作用。病理部分介绍反应性胶质增生、神经保护、细胞增殖、成人视网膜祖细胞/干细胞潜能和免疫调节，并分析缺血再灌注损伤、视网膜脱离、增殖性视网膜病变、糖尿病视网膜病变、黄斑水肿、新生血管、光损伤、肝性视网膜病变、视网膜色素变性、青光眼和视网膜劈裂。书中还涉及免疫组织化学、GFAP/谷氨酰胺合成酶/CRALBP等标志物、活细胞染料、转基因荧光标记、双光子显微成像及电生理等技术。,completed,a153c711-ad30-40fe-b487-0281bd2b1a15,"# Summary
本书出版于2010年，是面向视网膜神经科学、神经胶质生物学、眼科学研究者及研究生的专业专著，系统阐释Müller细胞在健康与病变视网膜中的结构、发育和功能。内容涵盖胶质细胞与视网膜作为中枢神经系统组成部分的基础，Müller细胞形态、超微结构、标志物、细胞连接、视网膜柱状单元及中央凹适应；重点讨论其作为“光纤”传导光线、调控谷氨酸循环、钾离子与水稳态、能量和脂质代谢、光色素再循环及神经元—胶质信号交换的作用。病理部分介绍反应性胶质增生、神经保护、细胞增殖、成人视网膜祖细胞/干细胞潜能和免疫调节，并分析缺血再灌注损伤、视网膜脱离、增殖性视网膜病变、糖尿病视网膜病变、黄斑水肿、新生血管、光损伤、肝性视网膜病变、视网膜色素变性、青光眼和视网膜劈裂。书中还涉及免疫组织化学、GFAP/谷氨酰胺合成酶/CRALBP等标志物、活细胞染料、转基因荧光标记、双光子显微成像及电生理等技术。",3072,"# Summary
本书出版于2010年，是面向视网膜神经科学、神经胶质生物学、眼科学研究者及研究生的专业专著，系统阐释Müller细胞在健康与病变视网膜中的结构、发育和功能。内容涵盖胶质细胞与视网膜作为中枢神经系统组成部分的基础，Müller细胞形态、超微结构、标志物、细胞连接、视网膜柱状单元及中央凹适应；重点讨论其作为“光纤”传导光线、调控谷氨酸循环、钾离子与水稳态、能量和脂质代谢、光色素再循环及神经元—胶质信号交换的作用。病理部分介绍反应性胶质增生、神经保护、细胞增殖、成人视网膜祖细胞/干细胞潜能和免疫调节，并分析缺血再灌注损伤、视网膜脱离、增殖性视网膜病变、糖尿病视网膜病变、黄斑水肿、新生血管、光损伤、肝性视网膜病变、视网膜色素变性、青光眼和视网膜劈裂。书中还涉及免疫组织化学、GFAP/谷氨酰胺合成酶/CRALBP等标志物、活细胞染料、转基因荧光标记、双光子显微成像及电生理等技术。"
a9d0b801-6b90-4bb6-9c33-613d5ca00bea,本书出版于2011年，是面向眼科医师、神经眼科医师及影像科医师的眼眶与神经眼科影像学专著，重点讲解如何依据临床定位和鉴别诊断选择、开具并解读检查。全书框架包括MRI物理基础与T1/T2、TR/TE、增强、弥散加权（DWI）、灌注加权（PWI）、FLAIR、GRE、脂肪抑制及高分辨率三维成像；CT原理、窗位、轴位与多平面重建、增强、灌注CT及辐射剂量；MRA、CTA、MRV、CTV、磁共振波谱和功能MRI；以及影像技术选择、临床—影像对应和阅片方法。涉及视力丧失、视神经病变、视野缺损、瞳孔异常、眼球突出、复视、眼肌麻痹、眼睑异常、眼球震颤、视乳头水肿、视神经萎缩、甲状腺眼病、眼眶肿瘤、炎症/假瘤、蜂窝织炎、颈动脉海绵窦瘘、眼眶骨折及异物等，并讨论血管病变、急性卒中、出血、肿瘤鉴别、三维重建与栓塞线圈选择等临床和手术规划要点。,completed,2fcc3a3c-51d9-4c00-9399-e35b33dd7530,"# Summary
本书出版于2011年，是面向眼科医师、神经眼科医师及影像科医师的眼眶与神经眼科影像学专著，重点讲解如何依据临床定位和鉴别诊断选择、开具并解读检查。全书框架包括MRI物理基础与T1/T2、TR/TE、增强、弥散加权（DWI）、灌注加权（PWI）、FLAIR、GRE、脂肪抑制及高分辨率三维成像；CT原理、窗位、轴位与多平面重建、增强、灌注CT及辐射剂量；MRA、CTA、MRV、CTV、磁共振波谱和功能MRI；以及影像技术选择、临床—影像对应和阅片方法。涉及视力丧失、视神经病变、视野缺损、瞳孔异常、眼球突出、复视、眼肌麻痹、眼睑异常、眼球震颤、视乳头水肿、视神经萎缩、甲状腺眼病、眼眶肿瘤、炎症/假瘤、蜂窝织炎、颈动脉海绵窦瘘、眼眶骨折及异物等，并讨论血管病变、急性卒中、出血、肿瘤鉴别、三维重建与栓塞线圈选择等临床和手术规划要点。",3072,"# Summary
本书出版于2011年，是面向眼科医师、神经眼科医师及影像科医师的眼眶与神经眼科影像学专著，重点讲解如何依据临床定位和鉴别诊断选择、开具并解读检查。全书框架包括MRI物理基础与T1/T2、TR/TE、增强、弥散加权（DWI）、灌注加权（PWI）、FLAIR、GRE、脂肪抑制及高分辨率三维成像；CT原理、窗位、轴位与多平面重建、增强、灌注CT及辐射剂量；MRA、CTA、MRV、CTV、磁共振波谱和功能MRI；以及影像技术选择、临床—影像对应和阅片方法。涉及视力丧失、视神经病变、视野缺损、瞳孔异常、眼球突出、复视、眼肌麻痹、眼睑异常、眼球震颤、视乳头水肿、视神经萎缩、甲状腺眼病、眼眶肿瘤、炎症/假瘤、蜂窝织炎、颈动脉海绵窦瘘、眼眶骨折及异物等，并讨论血管病变、急性卒中、出血、肿瘤鉴别、三维重建与栓塞线圈选择等临床和手术规划要点。"
c623e9da-6047-4f61-abcd-32628de93f4f,本书为2010年出版的眼科学临床转化型参考书，是《Adler’s Physiology of the Eye》的医学 companion，面向眼科医师、住院医师、视光与视觉科学研究者，强调从遗传、分子、细胞和病理生理机制理解诊断与治疗。内容涵盖角膜及眼表疾病（角膜营养不良、圆锥角膜、感染性角膜炎、移植排斥、干眼、过敏、血管与淋巴管生成）、青光眼（房水流出、眼压性视神经损伤、色素播散、假性剥脱及手术创伤修复）、白内障与调节障碍；还涉及视神经炎、缺血性视神经病变、视神经萎缩、眼球运动、颅内压、眼内肿瘤、遗传性视网膜母细胞瘤、近视、甲状腺眼病、弱视、斜视及遗传性眼病。后半部分重点讨论视网膜血管阻塞、糖尿病视网膜病变、黄斑水肿、年龄相关性黄斑变性、视网膜脱离、早产儿视网膜病变、视网膜色素变性、葡萄膜炎、巩膜炎和眼部感染。关键词包括裂隙灯、角膜内皮镜、共焦显微镜、角膜厚度测量、OCT、荧光素眼底血管造影、视野检查、LASIK、PRK、角膜移植、激光、玻璃体切除、抗VEGF、基因治疗与干细胞再生。,completed,55c4b06c-717e-4b16-aa32-a7645ee45d19,"# Summary
本书为2010年出版的眼科学临床转化型参考书，是《Adler’s Physiology of the Eye》的医学 companion，面向眼科医师、住院医师、视光与视觉科学研究者，强调从遗传、分子、细胞和病理生理机制理解诊断与治疗。内容涵盖角膜及眼表疾病（角膜营养不良、圆锥角膜、感染性角膜炎、移植排斥、干眼、过敏、血管与淋巴管生成）、青光眼（房水流出、眼压性视神经损伤、色素播散、假性剥脱及手术创伤修复）、白内障与调节障碍；还涉及视神经炎、缺血性视神经病变、视神经萎缩、眼球运动、颅内压、眼内肿瘤、遗传性视网膜母细胞瘤、近视、甲状腺眼病、弱视、斜视及遗传性眼病。后半部分重点讨论视网膜血管阻塞、糖尿病视网膜病变、黄斑水肿、年龄相关性黄斑变性、视网膜脱离、早产儿视网膜病变、视网膜色素变性、葡萄膜炎、巩膜炎和眼部感染。关键词包括裂隙灯、角膜内皮镜、共焦显微镜、角膜厚度测量、OCT、荧光素眼底血管造影、视野检查、LASIK、PRK、角膜移植、激光、玻璃体切除、抗VEGF、基因治疗与干细胞再生。",3072,"# Summary
本书为2010年出版的眼科学临床转化型参考书，是《Adler’s Physiology of the Eye》的医学 companion，面向眼科医师、住院医师、视光与视觉科学研究者，强调从遗传、分子、细胞和病理生理机制理解诊断与治疗。内容涵盖角膜及眼表疾病（角膜营养不良、圆锥角膜、感染性角膜炎、移植排斥、干眼、过敏、血管与淋巴管生成）、青光眼（房水流出、眼压性视神经损伤、色素播散、假性剥脱及手术创伤修复）、白内障与调节障碍；还涉及视神经炎、缺血性视神经病变、视神经萎缩、眼球运动、颅内压、眼内肿瘤、遗传性视网膜母细胞瘤、近视、甲状腺眼病、弱视、斜视及遗传性眼病。后半部分重点讨论视网膜血管阻塞、糖尿病视网膜病变、黄斑水肿、年龄相关性黄斑变性、视网膜脱离、早产儿视网膜病变、视网膜色素变性、葡萄膜炎、巩膜炎和眼部感染。关键词包括裂隙灯、角膜内皮镜、共焦显微镜、角膜厚度测量、OCT、荧光素眼底血管造影、视野检查、LASIK、PRK、角膜移植、激光、玻璃体切除、抗VEGF、基因治疗与干细胞再生。"
f61c77ef-f115-459f-9cac-5edad4fea206,本书出版于2009年，是面向眼科医师、眼病理学人员及相关医学学习者的眼部病理学专著，系统结合临床表现、组织学与疾病机制。内容涵盖病理学基础、炎症与免疫、细胞和组织反应、先天异常及遗传综合征，非肉芽肿性与肉芽肿性葡萄膜炎、眼内炎、全眼球炎及其后遗症，手术和非手术性眼外伤；并按皮肤与泪道、囊肿及假性肿瘤/肿瘤、角膜与巩膜、神经感觉视网膜、全身病相关眼外肌、糖尿病、眼部黑色素细胞肿瘤、视网膜母细胞瘤与假性视网膜母细胞瘤等展开。重点涉及VHL病、Sturge-Weber综合征、神经纤维瘤病、结节性硬化、先天风疹、梅毒、弓形虫病、巨细胞病毒、结节病、交感性眼炎、Behçet病及白瞳症鉴别。书中强调光镜、电子显微镜、免疫组化、特殊染色、活检、荧光素血管造影，以及超声、MRI、CT等检查，并讨论白内障手术、青光眼手术、玻璃体切除、角膜移植、YAG激光、眼球摘除等治疗与手术并发症。,completed,bdc1fb6f-ee05-4866-b2bc-3c45468e75a3,"# Summary
本书出版于2009年，是面向眼科医师、眼病理学人员及相关医学学习者的眼部病理学专著，系统结合临床表现、组织学与疾病机制。内容涵盖病理学基础、炎症与免疫、细胞和组织反应、先天异常及遗传综合征，非肉芽肿性与肉芽肿性葡萄膜炎、眼内炎、全眼球炎及其后遗症，手术和非手术性眼外伤；并按皮肤与泪道、囊肿及假性肿瘤/肿瘤、角膜与巩膜、神经感觉视网膜、全身病相关眼外肌、糖尿病、眼部黑色素细胞肿瘤、视网膜母细胞瘤与假性视网膜母细胞瘤等展开。重点涉及VHL病、Sturge-Weber综合征、神经纤维瘤病、结节性硬化、先天风疹、梅毒、弓形虫病、巨细胞病毒、结节病、交感性眼炎、Behçet病及白瞳症鉴别。书中强调光镜、电子显微镜、免疫组化、特殊染色、活检、荧光素血管造影，以及超声、MRI、CT等检查，并讨论白内障手术、青光眼手术、玻璃体切除、角膜移植、YAG激光、眼球摘除等治疗与手术并发症。",3072,"# Summary
本书出版于2009年，是面向眼科医师、眼病理学人员及相关医学学习者的眼部病理学专著，系统结合临床表现、组织学与疾病机制。内容涵盖病理学基础、炎症与免疫、细胞和组织反应、先天异常及遗传综合征，非肉芽肿性与肉芽肿性葡萄膜炎、眼内炎、全眼球炎及其后遗症，手术和非手术性眼外伤；并按皮肤与泪道、囊肿及假性肿瘤/肿瘤、角膜与巩膜、神经感觉视网膜、全身病相关眼外肌、糖尿病、眼部黑色素细胞肿瘤、视网膜母细胞瘤与假性视网膜母细胞瘤等展开。重点涉及VHL病、Sturge-Weber综合征、神经纤维瘤病、结节性硬化、先天风疹、梅毒、弓形虫病、巨细胞病毒、结节病、交感性眼炎、Behçet病及白瞳症鉴别。书中强调光镜、电子显微镜、免疫组化、特殊染色、活检、荧光素血管造影，以及超声、MRI、CT等检查，并讨论白内障手术、青光眼手术、玻璃体切除、角膜移植、YAG激光、眼球摘除等治疗与手术并发症。"
b10d7ac6-7797-4ba8-86af-2b48f4777872,2011年出版的眼科学综合参考书，面向眼科及视觉科学研究者、研究生、博士后和相关课程教学，兼顾入门与专题研究。全书围绕眼球周边组织的正常结构、功能及疾病病理，分为四部分：眼外肌与眼睑的解剖、代谢、发育、运动控制及病理生理；泪膜、睑板腺、泪腺、结膜和角膜的屏障、分泌、修复与疾病；角膜和结膜的黏膜免疫、免疫豁免、炎症、感染及血管生成；角膜形态异常与视觉 acuity，包括瞳孔、对比敏感度、散光、近视、远视和弱视。内容涉及干眼、睑痉挛、半面痉挛、HSV、假单胞菌、棘阿米巴及真菌性角膜炎、过敏性结膜炎、角膜营养不良和瘢痕等。关键词包括眼外肌功能评估、泪膜与黏蛋白、角膜神经、干细胞、角膜影像与临床成像、PET/fMRI、屈光手术、角膜移植、人工角膜、药物递送、基因治疗及面神经显微减压术。,completed,69febc82-6808-40af-90d8-1f2cded963c9,"# Summary
2011年出版的眼科学综合参考书，面向眼科及视觉科学研究者、研究生、博士后和相关课程教学，兼顾入门与专题研究。全书围绕眼球周边组织的正常结构、功能及疾病病理，分为四部分：眼外肌与眼睑的解剖、代谢、发育、运动控制及病理生理；泪膜、睑板腺、泪腺、结膜和角膜的屏障、分泌、修复与疾病；角膜和结膜的黏膜免疫、免疫豁免、炎症、感染及血管生成；角膜形态异常与视觉 acuity，包括瞳孔、对比敏感度、散光、近视、远视和弱视。内容涉及干眼、睑痉挛、半面痉挛、HSV、假单胞菌、棘阿米巴及真菌性角膜炎、过敏性结膜炎、角膜营养不良和瘢痕等。关键词包括眼外肌功能评估、泪膜与黏蛋白、角膜神经、干细胞、角膜影像与临床成像、PET/fMRI、屈光手术、角膜移植、人工角膜、药物递送、基因治疗及面神经显微减压术。",3072,"# Summary
2011年出版的眼科学综合参考书，面向眼科及视觉科学研究者、研究生、博士后和相关课程教学，兼顾入门与专题研究。全书围绕眼球周边组织的正常结构、功能及疾病病理，分为四部分：眼外肌与眼睑的解剖、代谢、发育、运动控制及病理生理；泪膜、睑板腺、泪腺、结膜和角膜的屏障、分泌、修复与疾病；角膜和结膜的黏膜免疫、免疫豁免、炎症、感染及血管生成；角膜形态异常与视觉 acuity，包括瞳孔、对比敏感度、散光、近视、远视和弱视。内容涉及干眼、睑痉挛、半面痉挛、HSV、假单胞菌、棘阿米巴及真菌性角膜炎、过敏性结膜炎、角膜营养不良和瘢痕等。关键词包括眼外肌功能评估、泪膜与黏蛋白、角膜神经、干细胞、角膜影像与临床成像、PET/fMRI、屈光手术、角膜移植、人工角膜、药物递送、基因治疗及面神经显微减压术。"
530a0fdd-6b52-4250-82b5-83f166086be3,本书出版于2009年。本书属于眼整形外科手术技术专著，面向眼整形、眼眶及泪道疾病的眼科医师与外科培训者。内容涵盖眼睑内翻、外翻、上睑下垂及上下睑退缩，泪小管裂伤、鼻泪管阻塞与泪囊鼻腔吻合术，眼睑成形、睑缘重建、滑行颞侧皮瓣、皮肤移植、Cutler-Beard及Hughes瓣；并介绍睑板腺囊肿切开刮除、倒睫/双行睫冷冻与前层板切除、眼球内容剜除和眼球摘除、眶底爆裂骨折修复、甲状腺眼病眶减压、松弛眼睑综合征、颞动脉活检、无眼球眶容积增加、眉提升及面神经麻痹金片植入。重点涉及裂隙灯检查、挤压试验、回弹试验、提上睑肌功能评估、眼球超声、眶隔与提上睑肌腱膜解剖，以及局部麻醉、睑板固定、外眦缩短、提上睑肌前徙/切除、Müller肌切除、额肌悬吊、Jones管置入、硬腭移植物和AlloDerm等技术，并讨论暴露性角膜病变、睑球粘连、复视、植入物移位及术后睑退缩等并发症。,completed,013f2d1f-d13e-4fb6-9057-6d55272b291b,"# Summary
本书出版于2009年。本书属于眼整形外科手术技术专著，面向眼整形、眼眶及泪道疾病的眼科医师与外科培训者。内容涵盖眼睑内翻、外翻、上睑下垂及上下睑退缩，泪小管裂伤、鼻泪管阻塞与泪囊鼻腔吻合术，眼睑成形、睑缘重建、滑行颞侧皮瓣、皮肤移植、Cutler-Beard及Hughes瓣；并介绍睑板腺囊肿切开刮除、倒睫/双行睫冷冻与前层板切除、眼球内容剜除和眼球摘除、眶底爆裂骨折修复、甲状腺眼病眶减压、松弛眼睑综合征、颞动脉活检、无眼球眶容积增加、眉提升及面神经麻痹金片植入。重点涉及裂隙灯检查、挤压试验、回弹试验、提上睑肌功能评估、眼球超声、眶隔与提上睑肌腱膜解剖，以及局部麻醉、睑板固定、外眦缩短、提上睑肌前徙/切除、Müller肌切除、额肌悬吊、Jones管置入、硬腭移植物和AlloDerm等技术，并讨论暴露性角膜病变、睑球粘连、复视、植入物移位及术后睑退缩等并发症。",3072,"# Summary
本书出版于2009年。本书属于眼整形外科手术技术专著，面向眼整形、眼眶及泪道疾病的眼科医师与外科培训者。内容涵盖眼睑内翻、外翻、上睑下垂及上下睑退缩，泪小管裂伤、鼻泪管阻塞与泪囊鼻腔吻合术，眼睑成形、睑缘重建、滑行颞侧皮瓣、皮肤移植、Cutler-Beard及Hughes瓣；并介绍睑板腺囊肿切开刮除、倒睫/双行睫冷冻与前层板切除、眼球内容剜除和眼球摘除、眶底爆裂骨折修复、甲状腺眼病眶减压、松弛眼睑综合征、颞动脉活检、无眼球眶容积增加、眉提升及面神经麻痹金片植入。重点涉及裂隙灯检查、挤压试验、回弹试验、提上睑肌功能评估、眼球超声、眶隔与提上睑肌腱膜解剖，以及局部麻醉、睑板固定、外眦缩短、提上睑肌前徙/切除、Müller肌切除、额肌悬吊、Jones管置入、硬腭移植物和AlloDerm等技术，并讨论暴露性角膜病变、睑球粘连、复视、植入物移位及术后睑退缩等并发症。"
5ddb4053-9a11-4538-977b-80ed4c0bce28,本书出版于2010年，是《Essentials in Ophthalmology》系列面向综合眼科医师及眼整形、眼眶亚专科医师的临床更新读物，兼顾美容与功能性眼眶眼睑手术。内容涵盖眼附属器淋巴增殖性疾病的病理、细胞遗传学、CT/MRI、PET分期及放疗、化疗、利妥昔单抗和放射免疫治疗；内窥镜提眉、上下睑成形、填充剂和中面部提升；特发性眼眶炎症、泪小管炎症与阻塞、泪道疾病及DCR、逆行泪小管造口和Jones旁路管；NF1相关神经纤维瘤、视路胶质瘤和恶性周围神经鞘瘤；先天性无眼球/小眼球及脑MRI、鼻泪管异常；复杂单侧上睑下垂的提上睑肌后退、额肌悬吊及阔筋膜移植。另系统讨论眼眶影像学（CT、三维成像、MRI、弥散MRI、超声）、眶周蜂窝织炎及MRSA、毛细血管瘤的血管造影与激素、干扰素、长春新碱、激光、栓塞、手术和β受体阻滞剂治疗，转移性眼眶肿瘤、靶向药物、眼球摘除术与植入物包裹/固定/钉 pegging，以及眼眶和眶周软组织填充。,completed,b5897635-eb3c-460e-88d0-031453cc7409,"# Summary
本书出版于2010年，是《Essentials in Ophthalmology》系列面向综合眼科医师及眼整形、眼眶亚专科医师的临床更新读物，兼顾美容与功能性眼眶眼睑手术。内容涵盖眼附属器淋巴增殖性疾病的病理、细胞遗传学、CT/MRI、PET分期及放疗、化疗、利妥昔单抗和放射免疫治疗；内窥镜提眉、上下睑成形、填充剂和中面部提升；特发性眼眶炎症、泪小管炎症与阻塞、泪道疾病及DCR、逆行泪小管造口和Jones旁路管；NF1相关神经纤维瘤、视路胶质瘤和恶性周围神经鞘瘤；先天性无眼球/小眼球及脑MRI、鼻泪管异常；复杂单侧上睑下垂的提上睑肌后退、额肌悬吊及阔筋膜移植。另系统讨论眼眶影像学（CT、三维成像、MRI、弥散MRI、超声）、眶周蜂窝织炎及MRSA、毛细血管瘤的血管造影与激素、干扰素、长春新碱、激光、栓塞、手术和β受体阻滞剂治疗，转移性眼眶肿瘤、靶向药物、眼球摘除术与植入物包裹/固定/钉 pegging，以及眼眶和眶周软组织填充。",3072,"# Summary
本书出版于2010年，是《Essentials in Ophthalmology》系列面向综合眼科医师及眼整形、眼眶亚专科医师的临床更新读物，兼顾美容与功能性眼眶眼睑手术。内容涵盖眼附属器淋巴增殖性疾病的病理、细胞遗传学、CT/MRI、PET分期及放疗、化疗、利妥昔单抗和放射免疫治疗；内窥镜提眉、上下睑成形、填充剂和中面部提升；特发性眼眶炎症、泪小管炎症与阻塞、泪道疾病及DCR、逆行泪小管造口和Jones旁路管；NF1相关神经纤维瘤、视路胶质瘤和恶性周围神经鞘瘤；先天性无眼球/小眼球及脑MRI、鼻泪管异常；复杂单侧上睑下垂的提上睑肌后退、额肌悬吊及阔筋膜移植。另系统讨论眼眶影像学（CT、三维成像、MRI、弥散MRI、超声）、眶周蜂窝织炎及MRSA、毛细血管瘤的血管造影与激素、干扰素、长春新碱、激光、栓塞、手术和β受体阻滞剂治疗，转移性眼眶肿瘤、靶向药物、眼球摘除术与植入物包裹/固定/钉 pegging，以及眼眶和眶周软组织填充。"
9f3e7028-a659-40e6-864f-e31db7bea3c9,本书出版于2009年，是一本面向验光配镜与眼科光学实践的眼科镜片专著，适合验光专业学生、眼科医师、眼镜验配人员、镜片制造商及视光从业者。全书从几何光学、反射折射、屈光度、曲率、透镜厚度和符号规则入手，系统介绍镜片材料与设计、球镜、柱镜和环曲面镜、棱镜及其在集合不足、斜视和复视中的应用；继而讨论球差、色差、彗差、场曲等像差，以及有色镜片、光致变色镜片、抗反射膜、非球面镜片、双光镜和渐进多焦点镜片的原理、设计、适应与验配。后半部分涵盖安全镜片、表面处理、运动镜片和新型眼镜技术。书中还涉及紫外线与蓝光危害、白内障、翼状胬肉、光性角膜炎、糖尿病视网膜病变、黄斑变性、青光眼等相关视觉保护问题，并详述球镜/柱镜移动与中和试验、剪式运动、焦度计或镜度计、镜片测度仪、单眼瞳距及渐进镜片配适等实务技术。,completed,80a564c4-e4cd-4d8f-8ae0-7da52d38db97,"# Summary
本书出版于2009年，是一本面向验光配镜与眼科光学实践的眼科镜片专著，适合验光专业学生、眼科医师、眼镜验配人员、镜片制造商及视光从业者。全书从几何光学、反射折射、屈光度、曲率、透镜厚度和符号规则入手，系统介绍镜片材料与设计、球镜、柱镜和环曲面镜、棱镜及其在集合不足、斜视和复视中的应用；继而讨论球差、色差、彗差、场曲等像差，以及有色镜片、光致变色镜片、抗反射膜、非球面镜片、双光镜和渐进多焦点镜片的原理、设计、适应与验配。后半部分涵盖安全镜片、表面处理、运动镜片和新型眼镜技术。书中还涉及紫外线与蓝光危害、白内障、翼状胬肉、光性角膜炎、糖尿病视网膜病变、黄斑变性、青光眼等相关视觉保护问题，并详述球镜/柱镜移动与中和试验、剪式运动、焦度计或镜度计、镜片测度仪、单眼瞳距及渐进镜片配适等实务技术。",3072,"# Summary
本书出版于2009年，是一本面向验光配镜与眼科光学实践的眼科镜片专著，适合验光专业学生、眼科医师、眼镜验配人员、镜片制造商及视光从业者。全书从几何光学、反射折射、屈光度、曲率、透镜厚度和符号规则入手，系统介绍镜片材料与设计、球镜、柱镜和环曲面镜、棱镜及其在集合不足、斜视和复视中的应用；继而讨论球差、色差、彗差、场曲等像差，以及有色镜片、光致变色镜片、抗反射膜、非球面镜片、双光镜和渐进多焦点镜片的原理、设计、适应与验配。后半部分涵盖安全镜片、表面处理、运动镜片和新型眼镜技术。书中还涉及紫外线与蓝光危害、白内障、翼状胬肉、光性角膜炎、糖尿病视网膜病变、黄斑变性、青光眼等相关视觉保护问题，并详述球镜/柱镜移动与中和试验、剪式运动、焦度计或镜度计、镜片测度仪、单眼瞳距及渐进镜片配适等实务技术。"
6ee75593-8bc6-4761-b7bd-e3f69e4c77d4,本书出版于2007年，是面向眼科医师、眼科超声医师及超声技师的眼部与眼眶超声诊断图谱。内容以标准化眼部超声为主线，介绍接触式B扫描、标准化A扫描、探头方位、增益调节、回声图标注及正常眼底筛查，并涵盖前节、玻璃体、视网膜、脉络膜、眼外伤、眼内肿瘤、视神经、眼外肌和眼眶病变。重点展示白内障、前房积血、虹膜及睫状体肿瘤、玻璃体混浊与出血、后玻璃体脱离、视网膜脱离、早产儿视网膜病变、视网膜劈裂、黄斑增厚、脉络膜脱离、葡萄膜渗漏、Vogt-Koyanagi-Harada综合征、眼内异物、外伤性破裂、脉络膜黑色素瘤、转移瘤、视神经病变、甲状腺眼病及泪腺和眼眶肿瘤。书中结合B/A扫描的形态、反射率、内部结构、血流、活动度和精确测量进行鉴别诊断，并涉及超声生物显微镜（UBM）、20/50/100 MHz高频探头、CT对照、OCT、玻璃体切除、视网膜脱离手术、巩膜扣带、人工晶状体及生物测量、部分相干干涉仪等技术。,completed,d85b6925-3b52-468d-b81d-efebe5e558f1,"# Summary
本书出版于2007年，是面向眼科医师、眼科超声医师及超声技师的眼部与眼眶超声诊断图谱。内容以标准化眼部超声为主线，介绍接触式B扫描、标准化A扫描、探头方位、增益调节、回声图标注及正常眼底筛查，并涵盖前节、玻璃体、视网膜、脉络膜、眼外伤、眼内肿瘤、视神经、眼外肌和眼眶病变。重点展示白内障、前房积血、虹膜及睫状体肿瘤、玻璃体混浊与出血、后玻璃体脱离、视网膜脱离、早产儿视网膜病变、视网膜劈裂、黄斑增厚、脉络膜脱离、葡萄膜渗漏、Vogt-Koyanagi-Harada综合征、眼内异物、外伤性破裂、脉络膜黑色素瘤、转移瘤、视神经病变、甲状腺眼病及泪腺和眼眶肿瘤。书中结合B/A扫描的形态、反射率、内部结构、血流、活动度和精确测量进行鉴别诊断，并涉及超声生物显微镜（UBM）、20/50/100 MHz高频探头、CT对照、OCT、玻璃体切除、视网膜脱离手术、巩膜扣带、人工晶状体及生物测量、部分相干干涉仪等技术。",3072,"# Summary
本书出版于2007年，是面向眼科医师、眼科超声医师及超声技师的眼部与眼眶超声诊断图谱。内容以标准化眼部超声为主线，介绍接触式B扫描、标准化A扫描、探头方位、增益调节、回声图标注及正常眼底筛查，并涵盖前节、玻璃体、视网膜、脉络膜、眼外伤、眼内肿瘤、视神经、眼外肌和眼眶病变。重点展示白内障、前房积血、虹膜及睫状体肿瘤、玻璃体混浊与出血、后玻璃体脱离、视网膜脱离、早产儿视网膜病变、视网膜劈裂、黄斑增厚、脉络膜脱离、葡萄膜渗漏、Vogt-Koyanagi-Harada综合征、眼内异物、外伤性破裂、脉络膜黑色素瘤、转移瘤、视神经病变、甲状腺眼病及泪腺和眼眶肿瘤。书中结合B/A扫描的形态、反射率、内部结构、血流、活动度和精确测量进行鉴别诊断，并涉及超声生物显微镜（UBM）、20/50/100 MHz高频探头、CT对照、OCT、玻璃体切除、视网膜脱离手术、巩膜扣带、人工晶状体及生物测量、部分相干干涉仪等技术。"
3936ab5a-4e25-4623-8589-235f0666bd84,本书出版于2019年，是面向眼科住院医师、实习医生、非眼科医生、综合眼科医师及需补充专科知识者的单卷综合性临床教材，将基础视觉科学与临床诊疗结合，采用疾病、手术操作和诊断检查三类结构。全书分为遗传学；光学与屈光；屈光手术；角膜与眼表疾病；晶状体；视网膜与玻璃体；葡萄膜炎及其他眼内炎症；眼内肿瘤；神经眼科；青光眼；儿童与成人斜视；眼眶与眼整形12部分。内容涉及分子遗传学、基因诊断与基因治疗，屈光检查、LASIK、SMILE及有晶状体眼人工晶状体；非感染性角膜炎、角膜内皮功能障碍、DSEK/DMEK；白内障麻醉、超声乳化、飞秒激光及联合手术；荧光素/吲哚菁绿血管造影、B超、玻璃体切除、巩膜扣带、黄斑裂孔、黄斑前膜、玻璃体黄斑牵拉、孔源性视网膜脱离、脉络膜出血及眼外伤；眼球震颤、视神经三维成像、iStent、Trabectome、Trabeculectomy、斜视遮盖试验等。,completed,22a782d9-2172-49ff-aadd-84a89223f649,"# Summary
本书出版于2019年，是面向眼科住院医师、实习医生、非眼科医生、综合眼科医师及需补充专科知识者的单卷综合性临床教材，将基础视觉科学与临床诊疗结合，采用疾病、手术操作和诊断检查三类结构。全书分为遗传学；光学与屈光；屈光手术；角膜与眼表疾病；晶状体；视网膜与玻璃体；葡萄膜炎及其他眼内炎症；眼内肿瘤；神经眼科；青光眼；儿童与成人斜视；眼眶与眼整形12部分。内容涉及分子遗传学、基因诊断与基因治疗，屈光检查、LASIK、SMILE及有晶状体眼人工晶状体；非感染性角膜炎、角膜内皮功能障碍、DSEK/DMEK；白内障麻醉、超声乳化、飞秒激光及联合手术；荧光素/吲哚菁绿血管造影、B超、玻璃体切除、巩膜扣带、黄斑裂孔、黄斑前膜、玻璃体黄斑牵拉、孔源性视网膜脱离、脉络膜出血及眼外伤；眼球震颤、视神经三维成像、iStent、Trabectome、Trabeculectomy、斜视遮盖试验等。",3072,"# Summary
本书出版于2019年，是面向眼科住院医师、实习医生、非眼科医生、综合眼科医师及需补充专科知识者的单卷综合性临床教材，将基础视觉科学与临床诊疗结合，采用疾病、手术操作和诊断检查三类结构。全书分为遗传学；光学与屈光；屈光手术；角膜与眼表疾病；晶状体；视网膜与玻璃体；葡萄膜炎及其他眼内炎症；眼内肿瘤；神经眼科；青光眼；儿童与成人斜视；眼眶与眼整形12部分。内容涉及分子遗传学、基因诊断与基因治疗，屈光检查、LASIK、SMILE及有晶状体眼人工晶状体；非感染性角膜炎、角膜内皮功能障碍、DSEK/DMEK；白内障麻醉、超声乳化、飞秒激光及联合手术；荧光素/吲哚菁绿血管造影、B超、玻璃体切除、巩膜扣带、黄斑裂孔、黄斑前膜、玻璃体黄斑牵拉、孔源性视网膜脱离、脉络膜出血及眼外伤；眼球震颤、视神经三维成像、iStent、Trabectome、Trabeculectomy、斜视遮盖试验等。"
6eb81366-ed2c-4a27-abab-0e028c7c6cab,本书出版于2015年，是F. Allan Midyett与Suresh K. Mukherji编著的眼眶影像学临床参考与学习读本，适用于放射科、神经放射科、眼科医师及住院医师、影像学习者。全书以影像表现和鉴别诊断为核心，涵盖眼眶创伤与手术、良恶性肿瘤、先天异常、血管病变、退行性疾病、肌锥病变、视路疾病、泪腺疾病、炎症、病因不明疾病及骨性眼眶病变。内容涉及内侧及眶底爆裂骨折、眶内容物剜除、钛网修复、眼球破裂、视网膜脱离、海绵状血管瘤、视神经胶质瘤/脑膜瘤、淋巴瘤、黑色素瘤、视网膜母细胞瘤、横纹肌肉瘤、甲状腺相关眼病、特发性眼眶假瘤、视神经炎、泪腺腺样囊性癌、眶脓肿、韦格纳肉芽肿病及纤维性骨发育不良等。重点介绍CT、MRI及增强脂肪抑制T1加权成像的选择、典型征象、病理—影像对应、治疗与手术后评估，并讨论肌肉嵌顿、神经周围肿瘤扩散、感染、复发和分期。,completed,5180c288-72ee-4962-8254-4fc51ed2a2bb,"# Summary
本书出版于2015年，是F. Allan Midyett与Suresh K. Mukherji编著的眼眶影像学临床参考与学习读本，适用于放射科、神经放射科、眼科医师及住院医师、影像学习者。全书以影像表现和鉴别诊断为核心，涵盖眼眶创伤与手术、良恶性肿瘤、先天异常、血管病变、退行性疾病、肌锥病变、视路疾病、泪腺疾病、炎症、病因不明疾病及骨性眼眶病变。内容涉及内侧及眶底爆裂骨折、眶内容物剜除、钛网修复、眼球破裂、视网膜脱离、海绵状血管瘤、视神经胶质瘤/脑膜瘤、淋巴瘤、黑色素瘤、视网膜母细胞瘤、横纹肌肉瘤、甲状腺相关眼病、特发性眼眶假瘤、视神经炎、泪腺腺样囊性癌、眶脓肿、韦格纳肉芽肿病及纤维性骨发育不良等。重点介绍CT、MRI及增强脂肪抑制T1加权成像的选择、典型征象、病理—影像对应、治疗与手术后评估，并讨论肌肉嵌顿、神经周围肿瘤扩散、感染、复发和分期。",3072,"# Summary
本书出版于2015年，是F. Allan Midyett与Suresh K. Mukherji编著的眼眶影像学临床参考与学习读本，适用于放射科、神经放射科、眼科医师及住院医师、影像学习者。全书以影像表现和鉴别诊断为核心，涵盖眼眶创伤与手术、良恶性肿瘤、先天异常、血管病变、退行性疾病、肌锥病变、视路疾病、泪腺疾病、炎症、病因不明疾病及骨性眼眶病变。内容涉及内侧及眶底爆裂骨折、眶内容物剜除、钛网修复、眼球破裂、视网膜脱离、海绵状血管瘤、视神经胶质瘤/脑膜瘤、淋巴瘤、黑色素瘤、视网膜母细胞瘤、横纹肌肉瘤、甲状腺相关眼病、特发性眼眶假瘤、视神经炎、泪腺腺样囊性癌、眶脓肿、韦格纳肉芽肿病及纤维性骨发育不良等。重点介绍CT、MRI及增强脂肪抑制T1加权成像的选择、典型征象、病理—影像对应、治疗与手术后评估，并讨论肌肉嵌顿、神经周围肿瘤扩散、感染、复发和分期。"
96929618-abe1-4d66-80a4-562df226df95,本书出版于2011年，是面向儿科医生、医学生及需要处理儿童眼病的临床医务人员的实用型小儿眼科学参考书，定位介于入门指南与专科教材之间。全书分为三部分：眼部评估，包括病史采集、儿童眼科筛查、视力与眼位检查、眼球运动、红光反射、裂隙灯和眼底检查，以及视野、瞳孔测量、角膜厚度、视觉诱发电位、A/B型超声、超声生物显微镜、ERG、OCT、眼底摄影和荧光素眼底血管造影等辅助检查；症状学，围绕婴幼儿视物异常、视力下降、红眼、流泪、斜视、复视、眼震、眼睑下垂、眼球突出、角膜混浊、虹膜肿块、瞳孔不等大、异常红光反射、视网膜出血、视神经异常、头痛及学习障碍建立临床处理思路；疾病篇则按泪道、眼睑、眼眶、结膜、角膜、虹膜与瞳孔、晶状体、视网膜、青光眼、视神经以及斜视/弱视/眼震系统介绍疾病评估、鉴别和管理，并涉及白内障手术及人工晶状体植入、视网膜脱离、视网膜母细胞瘤、早产儿视网膜病变和遗传性视网膜疾病等关键问题。,completed,a8ce3d8f-9e09-465b-8dd1-21b72fdce92b,"# Summary
本书出版于2011年，是面向儿科医生、医学生及需要处理儿童眼病的临床医务人员的实用型小儿眼科学参考书，定位介于入门指南与专科教材之间。全书分为三部分：眼部评估，包括病史采集、儿童眼科筛查、视力与眼位检查、眼球运动、红光反射、裂隙灯和眼底检查，以及视野、瞳孔测量、角膜厚度、视觉诱发电位、A/B型超声、超声生物显微镜、ERG、OCT、眼底摄影和荧光素眼底血管造影等辅助检查；症状学，围绕婴幼儿视物异常、视力下降、红眼、流泪、斜视、复视、眼震、眼睑下垂、眼球突出、角膜混浊、虹膜肿块、瞳孔不等大、异常红光反射、视网膜出血、视神经异常、头痛及学习障碍建立临床处理思路；疾病篇则按泪道、眼睑、眼眶、结膜、角膜、虹膜与瞳孔、晶状体、视网膜、青光眼、视神经以及斜视/弱视/眼震系统介绍疾病评估、鉴别和管理，并涉及白内障手术及人工晶状体植入、视网膜脱离、视网膜母细胞瘤、早产儿视网膜病变和遗传性视网膜疾病等关键问题。",3072,"# Summary
本书出版于2011年，是面向儿科医生、医学生及需要处理儿童眼病的临床医务人员的实用型小儿眼科学参考书，定位介于入门指南与专科教材之间。全书分为三部分：眼部评估，包括病史采集、儿童眼科筛查、视力与眼位检查、眼球运动、红光反射、裂隙灯和眼底检查，以及视野、瞳孔测量、角膜厚度、视觉诱发电位、A/B型超声、超声生物显微镜、ERG、OCT、眼底摄影和荧光素眼底血管造影等辅助检查；症状学，围绕婴幼儿视物异常、视力下降、红眼、流泪、斜视、复视、眼震、眼睑下垂、眼球突出、角膜混浊、虹膜肿块、瞳孔不等大、异常红光反射、视网膜出血、视神经异常、头痛及学习障碍建立临床处理思路；疾病篇则按泪道、眼睑、眼眶、结膜、角膜、虹膜与瞳孔、晶状体、视网膜、青光眼、视神经以及斜视/弱视/眼震系统介绍疾病评估、鉴别和管理，并涉及白内障手术及人工晶状体植入、视网膜脱离、视网膜母细胞瘤、早产儿视网膜病变和遗传性视网膜疾病等关键问题。"
812ada04-78b6-4842-9b8a-e77d80716db9,本书出版于2012年，是面向眼科医师、角膜与屈光手术医师及需要初步处理圆锥角膜患者的实用指南。内容先介绍圆锥角膜的临床表现与诊断，包括Munson征、Rizzuti征、视网膜检影剪刀状反光、裂隙灯、Placido角膜镜、角膜滞后、共焦显微镜、镜面显微镜及Scheimpflug/Placido角膜地形图；继而围绕形态、前后表面高度、厚度和曲率地图进行分型，涵盖Krumeich分级、forme fruste圆锥角膜，以及睫状边缘变性（PMD）和类PMD圆锥角膜（PLK）的鉴别。治疗部分系统讨论框架眼镜、RGP/巩膜及混合接触镜、传导性角膜成形术（CK）、角膜胶原交联（CxL）、角膜内环（ICR）、准分子激光、人工晶状体（IORL）、穿透性角膜移植（PKP）和深板层角膜移植（DALK），并分析适应证、禁忌证、角膜厚度、K-max、进展、透明度、视力及应力线等决策参数。全书以流程图、检查清单和九个病例的“分析—方案—讨论”三步法，示范个体化管理。,completed,4da40303-ffe3-48d2-b559-147e98862f96,"# Summary
本书出版于2012年，是面向眼科医师、角膜与屈光手术医师及需要初步处理圆锥角膜患者的实用指南。内容先介绍圆锥角膜的临床表现与诊断，包括Munson征、Rizzuti征、视网膜检影剪刀状反光、裂隙灯、Placido角膜镜、角膜滞后、共焦显微镜、镜面显微镜及Scheimpflug/Placido角膜地形图；继而围绕形态、前后表面高度、厚度和曲率地图进行分型，涵盖Krumeich分级、forme fruste圆锥角膜，以及睫状边缘变性（PMD）和类PMD圆锥角膜（PLK）的鉴别。治疗部分系统讨论框架眼镜、RGP/巩膜及混合接触镜、传导性角膜成形术（CK）、角膜胶原交联（CxL）、角膜内环（ICR）、准分子激光、人工晶状体（IORL）、穿透性角膜移植（PKP）和深板层角膜移植（DALK），并分析适应证、禁忌证、角膜厚度、K-max、进展、透明度、视力及应力线等决策参数。全书以流程图、检查清单和九个病例的“分析—方案—讨论”三步法，示范个体化管理。",3072,"# Summary
本书出版于2012年，是面向眼科医师、角膜与屈光手术医师及需要初步处理圆锥角膜患者的实用指南。内容先介绍圆锥角膜的临床表现与诊断，包括Munson征、Rizzuti征、视网膜检影剪刀状反光、裂隙灯、Placido角膜镜、角膜滞后、共焦显微镜、镜面显微镜及Scheimpflug/Placido角膜地形图；继而围绕形态、前后表面高度、厚度和曲率地图进行分型，涵盖Krumeich分级、forme fruste圆锥角膜，以及睫状边缘变性（PMD）和类PMD圆锥角膜（PLK）的鉴别。治疗部分系统讨论框架眼镜、RGP/巩膜及混合接触镜、传导性角膜成形术（CK）、角膜胶原交联（CxL）、角膜内环（ICR）、准分子激光、人工晶状体（IORL）、穿透性角膜移植（PKP）和深板层角膜移植（DALK），并分析适应证、禁忌证、角膜厚度、K-max、进展、透明度、视力及应力线等决策参数。全书以流程图、检查清单和九个病例的“分析—方案—讨论”三步法，示范个体化管理。"
994548a0-a959-4411-a117-b64515cae928,本书为2013年出版的现代屈光手术快速参考书，由Ashok Garg主编，面向角膜及晶状体屈光手术医生、眼科进修人员和相关研究者。全书围绕术前筛查、角膜测量与个体化治疗展开，涵盖Pentacam、Orbscan角膜地形图、在线光学相干测厚（OCP）、波前像差及地形图引导评估；系统介绍PRK、LASEK、Epi-LASIK、SBK、LASIK、准分子激光、非球面切削及波前引导LASIK，并讨论PRK适应证、禁忌证、术后护理、角膜雾状混浊、回退、欠矫、感染和干眼等并发症。另涉及圆锥角膜、术后角膜扩张、角膜胶原交联、地形图引导PRK、角膜内环、穿透性角膜移植后LASIK，以及老视矫正、PML多焦点LASIK、激光混合视、屈光性晶状体置换、Crystalens、散光矫正、负担型及多焦点人工晶状体。重点介绍飞秒激光在LASIK、角膜移植、角膜内环植入、SMILE/ReLEX、小切口角膜基质透镜取出和飞秒白内障手术中的应用。,completed,1b5f8407-f89b-4f36-9851-74baf29a3586,"# Summary
本书为2013年出版的现代屈光手术快速参考书，由Ashok Garg主编，面向角膜及晶状体屈光手术医生、眼科进修人员和相关研究者。全书围绕术前筛查、角膜测量与个体化治疗展开，涵盖Pentacam、Orbscan角膜地形图、在线光学相干测厚（OCP）、波前像差及地形图引导评估；系统介绍PRK、LASEK、Epi-LASIK、SBK、LASIK、准分子激光、非球面切削及波前引导LASIK，并讨论PRK适应证、禁忌证、术后护理、角膜雾状混浊、回退、欠矫、感染和干眼等并发症。另涉及圆锥角膜、术后角膜扩张、角膜胶原交联、地形图引导PRK、角膜内环、穿透性角膜移植后LASIK，以及老视矫正、PML多焦点LASIK、激光混合视、屈光性晶状体置换、Crystalens、散光矫正、负担型及多焦点人工晶状体。重点介绍飞秒激光在LASIK、角膜移植、角膜内环植入、SMILE/ReLEX、小切口角膜基质透镜取出和飞秒白内障手术中的应用。",3072,"# Summary
本书为2013年出版的现代屈光手术快速参考书，由Ashok Garg主编，面向角膜及晶状体屈光手术医生、眼科进修人员和相关研究者。全书围绕术前筛查、角膜测量与个体化治疗展开，涵盖Pentacam、Orbscan角膜地形图、在线光学相干测厚（OCP）、波前像差及地形图引导评估；系统介绍PRK、LASEK、Epi-LASIK、SBK、LASIK、准分子激光、非球面切削及波前引导LASIK，并讨论PRK适应证、禁忌证、术后护理、角膜雾状混浊、回退、欠矫、感染和干眼等并发症。另涉及圆锥角膜、术后角膜扩张、角膜胶原交联、地形图引导PRK、角膜内环、穿透性角膜移植后LASIK，以及老视矫正、PML多焦点LASIK、激光混合视、屈光性晶状体置换、Crystalens、散光矫正、负担型及多焦点人工晶状体。重点介绍飞秒激光在LASIK、角膜移植、角膜内环植入、SMILE/ReLEX、小切口角膜基质透镜取出和飞秒白内障手术中的应用。"
272db84b-e04e-4d9c-b5fc-b60462adfdfd,本书出版于2013年，是面向视网膜玻璃体、葡萄膜炎、眼肿瘤专科医师及研究员、住院医师和综合眼科医师的系统性临床参考书，强调全身疾病与眼底表现的双向识别。内容涵盖感染性疾病（HIV/AIDS、CMV、弥漫性单侧亚急性神经视网膜炎、囊虫病、弓蛔虫病、结核、弓形虫病、病毒及真菌感染、内源性眼内炎）、炎症与肿瘤（结节病、Behçet病、眼内淋巴瘤、视网膜脉络膜转移、自身免疫性视网膜病变、旁肿瘤综合征、SLE、VKH），以及胃肠道、肾脏、血液、糖尿病、高血压、妊娠、Marfan综合征、眼缺血综合征和系统用药相关改变。书中结合眼底检查、荧光素及吲哚菁绿血管造影、OCT、ERG/EOG、多焦ERG、SLO、GDx、视野检查和组织病理，讨论病因、自然史、鉴别诊断及循证管理；并涉及HAART、抗感染药、糖皮质激素、激光光凝、睫状体平坦部玻璃体切除及寄生虫摘除等技术。,completed,f12e3449-dcbd-4859-97c8-76e5a8be549b,"# Summary
本书出版于2013年，是面向视网膜玻璃体、葡萄膜炎、眼肿瘤专科医师及研究员、住院医师和综合眼科医师的系统性临床参考书，强调全身疾病与眼底表现的双向识别。内容涵盖感染性疾病（HIV/AIDS、CMV、弥漫性单侧亚急性神经视网膜炎、囊虫病、弓蛔虫病、结核、弓形虫病、病毒及真菌感染、内源性眼内炎）、炎症与肿瘤（结节病、Behçet病、眼内淋巴瘤、视网膜脉络膜转移、自身免疫性视网膜病变、旁肿瘤综合征、SLE、VKH），以及胃肠道、肾脏、血液、糖尿病、高血压、妊娠、Marfan综合征、眼缺血综合征和系统用药相关改变。书中结合眼底检查、荧光素及吲哚菁绿血管造影、OCT、ERG/EOG、多焦ERG、SLO、GDx、视野检查和组织病理，讨论病因、自然史、鉴别诊断及循证管理；并涉及HAART、抗感染药、糖皮质激素、激光光凝、睫状体平坦部玻璃体切除及寄生虫摘除等技术。",3072,"# Summary
本书出版于2013年，是面向视网膜玻璃体、葡萄膜炎、眼肿瘤专科医师及研究员、住院医师和综合眼科医师的系统性临床参考书，强调全身疾病与眼底表现的双向识别。内容涵盖感染性疾病（HIV/AIDS、CMV、弥漫性单侧亚急性神经视网膜炎、囊虫病、弓蛔虫病、结核、弓形虫病、病毒及真菌感染、内源性眼内炎）、炎症与肿瘤（结节病、Behçet病、眼内淋巴瘤、视网膜脉络膜转移、自身免疫性视网膜病变、旁肿瘤综合征、SLE、VKH），以及胃肠道、肾脏、血液、糖尿病、高血压、妊娠、Marfan综合征、眼缺血综合征和系统用药相关改变。书中结合眼底检查、荧光素及吲哚菁绿血管造影、OCT、ERG/EOG、多焦ERG、SLO、GDx、视野检查和组织病理，讨论病因、自然史、鉴别诊断及循证管理；并涉及HAART、抗感染药、糖皮质激素、激光光凝、睫状体平坦部玻璃体切除及寄生虫摘除等技术。"
1c806daf-4f99-49b6-914e-246f5856f3b1,本书出版于2010年，是面向玻璃体视网膜外科医师、眼底病专科医师、综合眼科医师及培训医师的临床参考书，由全球相关领域专家编写，共41章，涵盖诊断、激光、药物与手术治疗及复杂病例处理。内容从正常视网膜、荧光素眼底血管造影、光学相干断层扫描（OCT）、眼科诊断光学系统和广角手术观察系统入手，介绍激光光凝、亚阈值光凝、视网膜裂孔与周边变性治疗，以及眼内气体和全氟碳液应用。重点疾病包括糖尿病视网膜病变及黄斑水肿、视网膜静脉阻塞、早产儿视网膜病变、年龄相关性黄斑变性、中心性浆液性脉络膜视网膜病变、囊样黄斑水肿、玻璃体黄斑牵拉、黄斑前膜和黄斑裂孔。书中还系统讨论视网膜脱离、巨大视网膜裂孔、增殖性玻璃体视网膜病变，以及前部玻璃体切除、睫状体平坦部晶状体切除、视网膜切开/切除、脱位人工晶状体、眼内出血、脉络膜上腔出血、眼外伤、眼内异物、眼内肿瘤细针穿刺活检、眼内炎、营养与视网膜疾病、玻璃体视网膜手术进展和rAAV眼基因治疗。,completed,466472dc-1dbd-436a-b9fd-106f9bf217bc,"# Summary
本书出版于2010年，是面向玻璃体视网膜外科医师、眼底病专科医师、综合眼科医师及培训医师的临床参考书，由全球相关领域专家编写，共41章，涵盖诊断、激光、药物与手术治疗及复杂病例处理。内容从正常视网膜、荧光素眼底血管造影、光学相干断层扫描（OCT）、眼科诊断光学系统和广角手术观察系统入手，介绍激光光凝、亚阈值光凝、视网膜裂孔与周边变性治疗，以及眼内气体和全氟碳液应用。重点疾病包括糖尿病视网膜病变及黄斑水肿、视网膜静脉阻塞、早产儿视网膜病变、年龄相关性黄斑变性、中心性浆液性脉络膜视网膜病变、囊样黄斑水肿、玻璃体黄斑牵拉、黄斑前膜和黄斑裂孔。书中还系统讨论视网膜脱离、巨大视网膜裂孔、增殖性玻璃体视网膜病变，以及前部玻璃体切除、睫状体平坦部晶状体切除、视网膜切开/切除、脱位人工晶状体、眼内出血、脉络膜上腔出血、眼外伤、眼内异物、眼内肿瘤细针穿刺活检、眼内炎、营养与视网膜疾病、玻璃体视网膜手术进展和rAAV眼基因治疗。",3072,"# Summary
本书出版于2010年，是面向玻璃体视网膜外科医师、眼底病专科医师、综合眼科医师及培训医师的临床参考书，由全球相关领域专家编写，共41章，涵盖诊断、激光、药物与手术治疗及复杂病例处理。内容从正常视网膜、荧光素眼底血管造影、光学相干断层扫描（OCT）、眼科诊断光学系统和广角手术观察系统入手，介绍激光光凝、亚阈值光凝、视网膜裂孔与周边变性治疗，以及眼内气体和全氟碳液应用。重点疾病包括糖尿病视网膜病变及黄斑水肿、视网膜静脉阻塞、早产儿视网膜病变、年龄相关性黄斑变性、中心性浆液性脉络膜视网膜病变、囊样黄斑水肿、玻璃体黄斑牵拉、黄斑前膜和黄斑裂孔。书中还系统讨论视网膜脱离、巨大视网膜裂孔、增殖性玻璃体视网膜病变，以及前部玻璃体切除、睫状体平坦部晶状体切除、视网膜切开/切除、脱位人工晶状体、眼内出血、脉络膜上腔出血、眼外伤、眼内异物、眼内肿瘤细针穿刺活检、眼内炎、营养与视网膜疾病、玻璃体视网膜手术进展和rAAV眼基因治疗。"
7bba8f50-c90e-4772-aa5b-4aace89d4869,本书出版于2017年，是眼科住院医师、斜视专科医师及手术培训者编写的实用型手术指导。全书分为手术技巧与手术策略两部分：前者介绍斜视器械、缝线及手术野准备，固定缝线直肌后徙/截除、调整缝线、再次手术、肌肉转位、后巩膜固定缝线、下斜肌和上斜肌手术、肉毒素应用及麻醉；后者围绕先天性和部分调节性内斜视、间歇性外斜视、Duane眼球后退综合征、Brown综合征、分离性垂直偏斜、上斜肌麻痹、展神经及动眼神经麻痹、甲状腺相关性眼病、眼眶骨折和眼球震颤制定手术策略。重点涉及被动牵拉试验、眼外肌限制与麻痹评估、MRI及眼眶影像、直肌后徙与截除、肌腱转位、Faden术、调整缝线、巩膜穿通及其他严重并发症。,completed,ff1537b8-a4d5-4bf1-a5a2-1ef308d374b6,"# Summary
本书出版于2017年，是眼科住院医师、斜视专科医师及手术培训者编写的实用型手术指导。全书分为手术技巧与手术策略两部分：前者介绍斜视器械、缝线及手术野准备，固定缝线直肌后徙/截除、调整缝线、再次手术、肌肉转位、后巩膜固定缝线、下斜肌和上斜肌手术、肉毒素应用及麻醉；后者围绕先天性和部分调节性内斜视、间歇性外斜视、Duane眼球后退综合征、Brown综合征、分离性垂直偏斜、上斜肌麻痹、展神经及动眼神经麻痹、甲状腺相关性眼病、眼眶骨折和眼球震颤制定手术策略。重点涉及被动牵拉试验、眼外肌限制与麻痹评估、MRI及眼眶影像、直肌后徙与截除、肌腱转位、Faden术、调整缝线、巩膜穿通及其他严重并发症。",3072,"# Summary
本书出版于2017年，是眼科住院医师、斜视专科医师及手术培训者编写的实用型手术指导。全书分为手术技巧与手术策略两部分：前者介绍斜视器械、缝线及手术野准备，固定缝线直肌后徙/截除、调整缝线、再次手术、肌肉转位、后巩膜固定缝线、下斜肌和上斜肌手术、肉毒素应用及麻醉；后者围绕先天性和部分调节性内斜视、间歇性外斜视、Duane眼球后退综合征、Brown综合征、分离性垂直偏斜、上斜肌麻痹、展神经及动眼神经麻痹、甲状腺相关性眼病、眼眶骨折和眼球震颤制定手术策略。重点涉及被动牵拉试验、眼外肌限制与麻痹评估、MRI及眼眶影像、直肌后徙与截除、肌腱转位、Faden术、调整缝线、巩膜穿通及其他严重并发症。"
9f609285-dbb6-479e-86d1-0df98d70e21b,本书出版于2007年，是面向眼科医师、视网膜专科医生、遗传学与视觉科学研究者及转化医学人员的综合性专著。内容从患者应对视网膜变性切入，系统讨论年龄相关性黄斑变性（AMD）、Leber先天性黑蒙、Stargardt病、X连锁幼年性视网膜劈裂、Usher综合征、视网膜色素变性（RP）及糖尿病视网膜病变，并介绍相关小鼠模型。全书进一步解析糖尿病对神经元、胶质和血管细胞的影响、玻璃膜疣、RPE脂褐质、遗传修饰因子、微管功能和突触重塑等机制；涵盖AMD表型与流行病学、分子诊断、ERG、眼底彩照、自发荧光、红外成像、玻璃膜疣图像分割与定量。治疗部分涉及抗凋亡与神经保护、营养和药物干预、碳酸酐酶抑制剂、RPE65基因治疗、基因递送、封装细胞技术及CNTF、RPE/IPE移植、视网膜片移植、干细胞和细胞替代治疗，并讨论黄斑下手术及临床试验。,completed,2a698354-b4e4-4a7d-88cf-3ef96ef4272d,"# Summary
本书出版于2007年，是面向眼科医师、视网膜专科医生、遗传学与视觉科学研究者及转化医学人员的综合性专著。内容从患者应对视网膜变性切入，系统讨论年龄相关性黄斑变性（AMD）、Leber先天性黑蒙、Stargardt病、X连锁幼年性视网膜劈裂、Usher综合征、视网膜色素变性（RP）及糖尿病视网膜病变，并介绍相关小鼠模型。全书进一步解析糖尿病对神经元、胶质和血管细胞的影响、玻璃膜疣、RPE脂褐质、遗传修饰因子、微管功能和突触重塑等机制；涵盖AMD表型与流行病学、分子诊断、ERG、眼底彩照、自发荧光、红外成像、玻璃膜疣图像分割与定量。治疗部分涉及抗凋亡与神经保护、营养和药物干预、碳酸酐酶抑制剂、RPE65基因治疗、基因递送、封装细胞技术及CNTF、RPE/IPE移植、视网膜片移植、干细胞和细胞替代治疗，并讨论黄斑下手术及临床试验。",3072,"# Summary
本书出版于2007年，是面向眼科医师、视网膜专科医生、遗传学与视觉科学研究者及转化医学人员的综合性专著。内容从患者应对视网膜变性切入，系统讨论年龄相关性黄斑变性（AMD）、Leber先天性黑蒙、Stargardt病、X连锁幼年性视网膜劈裂、Usher综合征、视网膜色素变性（RP）及糖尿病视网膜病变，并介绍相关小鼠模型。全书进一步解析糖尿病对神经元、胶质和血管细胞的影响、玻璃膜疣、RPE脂褐质、遗传修饰因子、微管功能和突触重塑等机制；涵盖AMD表型与流行病学、分子诊断、ERG、眼底彩照、自发荧光、红外成像、玻璃膜疣图像分割与定量。治疗部分涉及抗凋亡与神经保护、营养和药物干预、碳酸酐酶抑制剂、RPE65基因治疗、基因递送、封装细胞技术及CNTF、RPE/IPE移植、视网膜片移植、干细胞和细胞替代治疗，并讨论黄斑下手术及临床试验。"
ee36ffee-f4b6-4f45-a415-d9d58efde075,本书出版于2010年，是面向儿童肿瘤科、眼科、病理科、遗传咨询人员及相关研究者的视网膜母细胞瘤专业参考书。全书从RB1肿瘤抑制基因、Knudson“两次打击”假说、继发遗传改变、细胞起源和动物模型入手，延伸至流行病学与危险因素；系统讲解白瞳症、斜视等临床表现，病史与眼科检查、麻醉下检查（EUA）、超声/眼底检查、血管造影、MRI及鉴别诊断，并涵盖分组分期、细针穿刺、组织病理、眼外侵犯、转移和三侧性视网膜母细胞瘤。书中重点讨论RB1分子检测、遗传方式、产前检测和遗传咨询，以及放射治疗、全身化疗、围眼/玻璃体内/眼动脉化疗、局部治疗和眼球摘除术；同时涉及高危及转移性疾病、继发恶性肿瘤、视力与认知发育、白内障和斜视手术、低视力康复，并专章分析发展中国家的延迟诊断、医疗资源不足及早期发现策略。,completed,ab03688d-e17a-4294-a326-9431266a05ee,"# Summary
本书出版于2010年，是面向儿童肿瘤科、眼科、病理科、遗传咨询人员及相关研究者的视网膜母细胞瘤专业参考书。全书从RB1肿瘤抑制基因、Knudson“两次打击”假说、继发遗传改变、细胞起源和动物模型入手，延伸至流行病学与危险因素；系统讲解白瞳症、斜视等临床表现，病史与眼科检查、麻醉下检查（EUA）、超声/眼底检查、血管造影、MRI及鉴别诊断，并涵盖分组分期、细针穿刺、组织病理、眼外侵犯、转移和三侧性视网膜母细胞瘤。书中重点讨论RB1分子检测、遗传方式、产前检测和遗传咨询，以及放射治疗、全身化疗、围眼/玻璃体内/眼动脉化疗、局部治疗和眼球摘除术；同时涉及高危及转移性疾病、继发恶性肿瘤、视力与认知发育、白内障和斜视手术、低视力康复，并专章分析发展中国家的延迟诊断、医疗资源不足及早期发现策略。",3072,"# Summary
本书出版于2010年，是面向儿童肿瘤科、眼科、病理科、遗传咨询人员及相关研究者的视网膜母细胞瘤专业参考书。全书从RB1肿瘤抑制基因、Knudson“两次打击”假说、继发遗传改变、细胞起源和动物模型入手，延伸至流行病学与危险因素；系统讲解白瞳症、斜视等临床表现，病史与眼科检查、麻醉下检查（EUA）、超声/眼底检查、血管造影、MRI及鉴别诊断，并涵盖分组分期、细针穿刺、组织病理、眼外侵犯、转移和三侧性视网膜母细胞瘤。书中重点讨论RB1分子检测、遗传方式、产前检测和遗传咨询，以及放射治疗、全身化疗、围眼/玻璃体内/眼动脉化疗、局部治疗和眼球摘除术；同时涉及高危及转移性疾病、继发恶性肿瘤、视力与认知发育、白内障和斜视手术、低视力康复，并专章分析发展中国家的延迟诊断、医疗资源不足及早期发现策略。"
5b4f8e14-ea4a-4fda-a3ff-72341bea279a,本书出版于2012年，是面向眼科医师、住院医师及备考者的综合性考试复习教材，强调核心知识、临床试验、新型药物与手术，并配有章节末选择题。全书涵盖光学与屈光矫正、眼科药理、眼胚胎学与病理学、神经眼科、儿童眼科与斜视、眼眶/眼睑/附属器、角膜与外眼病、葡萄膜炎、青光眼、前节及后节疾病。内容涉及光的折射、棱镜、调节、接触镜、低视力辅助器具、人工晶状体和眼科仪器；自主神经药物、降眼压药、抗炎、抗过敏、免疫抑制及抗感染治疗；视路、复视、瞳孔和眼肌障碍；弱视、眼球震颤、斜视手术；眼眶影像、泪道疾病及眼睑整形；干眼、结膜炎、角膜炎、圆锥角膜、巩膜炎、屈光手术与角膜移植；前葡萄膜炎、睫状体平坦部炎及后葡萄膜炎；房角镜、视野、眼压、青光眼药物和滤过手术；白内障、人工晶状体、玻璃体、视网膜电生理、荧光素血管造影、OCT、视网膜疾病及激光治疗。,completed,17b790c8-2334-4fdd-887d-457a57286ef3,"# Summary
本书出版于2012年，是面向眼科医师、住院医师及备考者的综合性考试复习教材，强调核心知识、临床试验、新型药物与手术，并配有章节末选择题。全书涵盖光学与屈光矫正、眼科药理、眼胚胎学与病理学、神经眼科、儿童眼科与斜视、眼眶/眼睑/附属器、角膜与外眼病、葡萄膜炎、青光眼、前节及后节疾病。内容涉及光的折射、棱镜、调节、接触镜、低视力辅助器具、人工晶状体和眼科仪器；自主神经药物、降眼压药、抗炎、抗过敏、免疫抑制及抗感染治疗；视路、复视、瞳孔和眼肌障碍；弱视、眼球震颤、斜视手术；眼眶影像、泪道疾病及眼睑整形；干眼、结膜炎、角膜炎、圆锥角膜、巩膜炎、屈光手术与角膜移植；前葡萄膜炎、睫状体平坦部炎及后葡萄膜炎；房角镜、视野、眼压、青光眼药物和滤过手术；白内障、人工晶状体、玻璃体、视网膜电生理、荧光素血管造影、OCT、视网膜疾病及激光治疗。",3072,"# Summary
本书出版于2012年，是面向眼科医师、住院医师及备考者的综合性考试复习教材，强调核心知识、临床试验、新型药物与手术，并配有章节末选择题。全书涵盖光学与屈光矫正、眼科药理、眼胚胎学与病理学、神经眼科、儿童眼科与斜视、眼眶/眼睑/附属器、角膜与外眼病、葡萄膜炎、青光眼、前节及后节疾病。内容涉及光的折射、棱镜、调节、接触镜、低视力辅助器具、人工晶状体和眼科仪器；自主神经药物、降眼压药、抗炎、抗过敏、免疫抑制及抗感染治疗；视路、复视、瞳孔和眼肌障碍；弱视、眼球震颤、斜视手术；眼眶影像、泪道疾病及眼睑整形；干眼、结膜炎、角膜炎、圆锥角膜、巩膜炎、屈光手术与角膜移植；前葡萄膜炎、睫状体平坦部炎及后葡萄膜炎；房角镜、视野、眼压、青光眼药物和滤过手术；白内障、人工晶状体、玻璃体、视网膜电生理、荧光素血管造影、OCT、视网膜疾病及激光治疗。"
367d01a5-592c-42ae-b762-1b9b22dbc7e3,本书是2013年出版的眼科SD-OCT影像病例图谱，面向眼科住院医师、专科进修医师、临床专家及学术研究者。全书以病例研究和图像解读为主，涵盖OCT成像原理、SD-OCT局限与进展、SPECTRALIS及Bioptigen Envisu设备、手持式及婴幼儿检查、角膜和泪膜影像解读；随后按角膜、晶状体、青光眼、视网膜、儿童视网膜和葡萄膜展开。内容涉及干眼与接触镜、角膜营养不良、角膜炎、圆锥角膜、角膜移植、角膜交联、LASIK及并发症、白内障和人工晶状体；房角、虹膜、房水引流、青光眼神经纤维层及引流装置成像；糖尿病黄斑水肿、年龄相关性黄斑变性、视网膜血管阻塞、黄斑裂孔、视网膜前膜、视网膜色素变性等；还包括早产儿视网膜病变、视网膜母细胞瘤、婴幼儿黄斑发育，以及葡萄膜炎、感染性视网膜炎和脉络膜疾病。关键词包括AS-OCT、EDI、眼底自发荧光、荧光素及吲哚菁绿血管造影、眼球追踪、角膜移植、DALK、DSAEK、LASIK、玻璃体切割及药物治疗。,completed,13b91486-d558-4820-bd31-7d610089f7dc,"# Summary
本书是2013年出版的眼科SD-OCT影像病例图谱，面向眼科住院医师、专科进修医师、临床专家及学术研究者。全书以病例研究和图像解读为主，涵盖OCT成像原理、SD-OCT局限与进展、SPECTRALIS及Bioptigen Envisu设备、手持式及婴幼儿检查、角膜和泪膜影像解读；随后按角膜、晶状体、青光眼、视网膜、儿童视网膜和葡萄膜展开。内容涉及干眼与接触镜、角膜营养不良、角膜炎、圆锥角膜、角膜移植、角膜交联、LASIK及并发症、白内障和人工晶状体；房角、虹膜、房水引流、青光眼神经纤维层及引流装置成像；糖尿病黄斑水肿、年龄相关性黄斑变性、视网膜血管阻塞、黄斑裂孔、视网膜前膜、视网膜色素变性等；还包括早产儿视网膜病变、视网膜母细胞瘤、婴幼儿黄斑发育，以及葡萄膜炎、感染性视网膜炎和脉络膜疾病。关键词包括AS-OCT、EDI、眼底自发荧光、荧光素及吲哚菁绿血管造影、眼球追踪、角膜移植、DALK、DSAEK、LASIK、玻璃体切割及药物治疗。",3072,"# Summary
本书是2013年出版的眼科SD-OCT影像病例图谱，面向眼科住院医师、专科进修医师、临床专家及学术研究者。全书以病例研究和图像解读为主，涵盖OCT成像原理、SD-OCT局限与进展、SPECTRALIS及Bioptigen Envisu设备、手持式及婴幼儿检查、角膜和泪膜影像解读；随后按角膜、晶状体、青光眼、视网膜、儿童视网膜和葡萄膜展开。内容涉及干眼与接触镜、角膜营养不良、角膜炎、圆锥角膜、角膜移植、角膜交联、LASIK及并发症、白内障和人工晶状体；房角、虹膜、房水引流、青光眼神经纤维层及引流装置成像；糖尿病黄斑水肿、年龄相关性黄斑变性、视网膜血管阻塞、黄斑裂孔、视网膜前膜、视网膜色素变性等；还包括早产儿视网膜病变、视网膜母细胞瘤、婴幼儿黄斑发育，以及葡萄膜炎、感染性视网膜炎和脉络膜疾病。关键词包括AS-OCT、EDI、眼底自发荧光、荧光素及吲哚菁绿血管造影、眼球追踪、角膜移植、DALK、DSAEK、LASIK、玻璃体切割及药物治疗。"
1c4cc273-8cf9-441e-bcf8-8904117ad688,本书出版于2010年，是面向眼科培训医师与验光师的临床诊断参考书，强调通过准确观察和正确解释眼部体征，分析病因并进行鉴别诊断。全书按解剖部位与表现组织，涵盖眼睑、眼眶、结膜、巩膜、角膜、前房、眼压与房角、虹膜、瞳孔、晶状体、玻璃体、视神经乳头、眼底、眼球运动及全身体征；内容涉及睑缘炎、眼睑肿胀与肿瘤、突眼、结膜炎、巩膜炎、角膜水肿与溃疡、前葡萄膜炎、青光眼、白内障、玻璃体混浊、视盘水肿与萎缩、黄斑病变、视网膜脱离、斜视、眼球震颤及相关皮肤、口腔、关节和生殖系统表现。书中结合大量临床图像，突出体征对照、系统性疾病关联和视觉症状的鉴别，并介绍荧光素血管造影、MR等特殊检查技术。,completed,f7f7731f-caac-483c-b4a0-a1c600577e66,"# Summary
本书出版于2010年，是面向眼科培训医师与验光师的临床诊断参考书，强调通过准确观察和正确解释眼部体征，分析病因并进行鉴别诊断。全书按解剖部位与表现组织，涵盖眼睑、眼眶、结膜、巩膜、角膜、前房、眼压与房角、虹膜、瞳孔、晶状体、玻璃体、视神经乳头、眼底、眼球运动及全身体征；内容涉及睑缘炎、眼睑肿胀与肿瘤、突眼、结膜炎、巩膜炎、角膜水肿与溃疡、前葡萄膜炎、青光眼、白内障、玻璃体混浊、视盘水肿与萎缩、黄斑病变、视网膜脱离、斜视、眼球震颤及相关皮肤、口腔、关节和生殖系统表现。书中结合大量临床图像，突出体征对照、系统性疾病关联和视觉症状的鉴别，并介绍荧光素血管造影、MR等特殊检查技术。",3072,"# Summary
本书出版于2010年，是面向眼科培训医师与验光师的临床诊断参考书，强调通过准确观察和正确解释眼部体征，分析病因并进行鉴别诊断。全书按解剖部位与表现组织，涵盖眼睑、眼眶、结膜、巩膜、角膜、前房、眼压与房角、虹膜、瞳孔、晶状体、玻璃体、视神经乳头、眼底、眼球运动及全身体征；内容涉及睑缘炎、眼睑肿胀与肿瘤、突眼、结膜炎、巩膜炎、角膜水肿与溃疡、前葡萄膜炎、青光眼、白内障、玻璃体混浊、视盘水肿与萎缩、黄斑病变、视网膜脱离、斜视、眼球震颤及相关皮肤、口腔、关节和生殖系统表现。书中结合大量临床图像，突出体征对照、系统性疾病关联和视觉症状的鉴别，并介绍荧光素血管造影、MR等特殊检查技术。"
d44fa63b-060b-4796-90e3-ea11e4311380,本书出版于2016年，是Springer出版的眼内炎专业临床与研究参考书，面向眼科医师、感染科医师及相关研究人员，重点服务于眼内感染的快速识别、病原学诊断、治疗与预防。全书从眼内炎概述、流行病学和细菌性眼内炎发病机制入手，系统介绍微生物培养、病原体鉴定、质谱和聚合酶链式反应（PCR）等诊断技术；随后围绕急性术后及白内障术后眼内炎、慢性伪装性葡萄膜炎、抗VEGF或糖皮质激素玻璃体腔注射后眼内炎、滤过泡相关、眼外伤后、内源性、外源性真菌性、器械相关，以及免疫抑制或糖尿病患者眼内炎展开，涵盖临床表现、病原体、检查、治疗和视力预后。内容还讨论葡萄球菌、链球菌、肠球菌、铜绿假单胞菌、蜡样芽孢杆菌、肺炎克雷伯菌及真菌感染，涉及玻璃体/房水取样、培养、玻璃体切除术、眼内抗菌药物、全身治疗、抗生素耐药与围手术期预防。,completed,68de1cec-9578-45c8-bee1-e7a4ef1a25ff,"# Summary
本书出版于2016年，是Springer出版的眼内炎专业临床与研究参考书，面向眼科医师、感染科医师及相关研究人员，重点服务于眼内感染的快速识别、病原学诊断、治疗与预防。全书从眼内炎概述、流行病学和细菌性眼内炎发病机制入手，系统介绍微生物培养、病原体鉴定、质谱和聚合酶链式反应（PCR）等诊断技术；随后围绕急性术后及白内障术后眼内炎、慢性伪装性葡萄膜炎、抗VEGF或糖皮质激素玻璃体腔注射后眼内炎、滤过泡相关、眼外伤后、内源性、外源性真菌性、器械相关，以及免疫抑制或糖尿病患者眼内炎展开，涵盖临床表现、病原体、检查、治疗和视力预后。内容还讨论葡萄球菌、链球菌、肠球菌、铜绿假单胞菌、蜡样芽孢杆菌、肺炎克雷伯菌及真菌感染，涉及玻璃体/房水取样、培养、玻璃体切除术、眼内抗菌药物、全身治疗、抗生素耐药与围手术期预防。",3072,"# Summary
本书出版于2016年，是Springer出版的眼内炎专业临床与研究参考书，面向眼科医师、感染科医师及相关研究人员，重点服务于眼内感染的快速识别、病原学诊断、治疗与预防。全书从眼内炎概述、流行病学和细菌性眼内炎发病机制入手，系统介绍微生物培养、病原体鉴定、质谱和聚合酶链式反应（PCR）等诊断技术；随后围绕急性术后及白内障术后眼内炎、慢性伪装性葡萄膜炎、抗VEGF或糖皮质激素玻璃体腔注射后眼内炎、滤过泡相关、眼外伤后、内源性、外源性真菌性、器械相关，以及免疫抑制或糖尿病患者眼内炎展开，涵盖临床表现、病原体、检查、治疗和视力预后。内容还讨论葡萄球菌、链球菌、肠球菌、铜绿假单胞菌、蜡样芽孢杆菌、肺炎克雷伯菌及真菌感染，涉及玻璃体/房水取样、培养、玻璃体切除术、眼内抗菌药物、全身治疗、抗生素耐药与围手术期预防。"
9dfd6fda-a8a4-4650-b86c-5aebdbf98e9c,本书出版于2019年，是《Ocular Trauma》系列中面向眼科医生、眼外伤急诊医师及临床实践者的基础与检查专著，强调以眼球解剖和规范评估支持及时诊断、视觉功能保护、眼球探查及玻璃体视网膜手术。全书依次涵盖眼球、视觉通路及眼附属器解剖，眼外伤后眼球与眶周结构改变、创伤性视神经病变及泪小管损伤要点；随后系统介绍视力、视野、ERG、VEP、EOG等视觉功能检查，眼睑、眼眶、泪道、前节、后节和眼压的物理检查，以及X线、CT、MRI、B超、UBM、OCT和角膜内皮镜在眼内异物、眼球破裂、晶状体损伤、玻璃体出血等情境中的应用。末两章概述不同国家、职业、交通、军事、运动及儿童眼外伤流行病学，并介绍眼外伤登记、随访、数据汇总和中国眼外伤登记及玻璃体切除研究。,completed,26d29438-78d5-4805-9fb0-c51dea9a13e0,"# Summary
本书出版于2019年，是《Ocular Trauma》系列中面向眼科医生、眼外伤急诊医师及临床实践者的基础与检查专著，强调以眼球解剖和规范评估支持及时诊断、视觉功能保护、眼球探查及玻璃体视网膜手术。全书依次涵盖眼球、视觉通路及眼附属器解剖，眼外伤后眼球与眶周结构改变、创伤性视神经病变及泪小管损伤要点；随后系统介绍视力、视野、ERG、VEP、EOG等视觉功能检查，眼睑、眼眶、泪道、前节、后节和眼压的物理检查，以及X线、CT、MRI、B超、UBM、OCT和角膜内皮镜在眼内异物、眼球破裂、晶状体损伤、玻璃体出血等情境中的应用。末两章概述不同国家、职业、交通、军事、运动及儿童眼外伤流行病学，并介绍眼外伤登记、随访、数据汇总和中国眼外伤登记及玻璃体切除研究。",3072,"# Summary
本书出版于2019年，是《Ocular Trauma》系列中面向眼科医生、眼外伤急诊医师及临床实践者的基础与检查专著，强调以眼球解剖和规范评估支持及时诊断、视觉功能保护、眼球探查及玻璃体视网膜手术。全书依次涵盖眼球、视觉通路及眼附属器解剖，眼外伤后眼球与眶周结构改变、创伤性视神经病变及泪小管损伤要点；随后系统介绍视力、视野、ERG、VEP、EOG等视觉功能检查，眼睑、眼眶、泪道、前节、后节和眼压的物理检查，以及X线、CT、MRI、B超、UBM、OCT和角膜内皮镜在眼内异物、眼球破裂、晶状体损伤、玻璃体出血等情境中的应用。末两章概述不同国家、职业、交通、军事、运动及儿童眼外伤流行病学，并介绍眼外伤登记、随访、数据汇总和中国眼外伤登记及玻璃体切除研究。"
5e5fe9f4-040b-4c80-9f5f-65dcec5f1d0e,本书出版于2016年，是一部以相关解剖为核心、配合高度示意化图解的眼科基础与临床参考图谱，适合医学生、眼科及相关临床医师学习定位眼部疾病。全书围绕眼眶、眼球、眼部血供、眼外肌与眼内肌、眼睑、角膜—晶状体—玻璃体、泪器、神经眼科及先天性眼异常展开，串联骨性眼眶、鼻旁窦、视网膜和视神经的结构、血管、神经支配、房水循环与视觉通路。重点涉及眶底爆裂骨折、突眼、眶 cellulitis、鼻窦黏液囊肿、甲状腺眼病、青光眼、角膜炎、白内障、视神经炎、视神经压迫、视交叉病变、偏盲、动眼/滑车/外展神经麻痹及偏头痛等，并介绍MRI、CT、裂隙灯、眼底检查、视野缺损分析、虹膜阴影试验、Schirmer试验、泪膜破裂时间等检查，以及白内障摘除联合人工晶状体植入、泪道探通或手术等处理线索。,completed,ee8c361c-4fe2-4fb6-bd18-59b3997d386a,"# Summary
本书出版于2016年，是一部以相关解剖为核心、配合高度示意化图解的眼科基础与临床参考图谱，适合医学生、眼科及相关临床医师学习定位眼部疾病。全书围绕眼眶、眼球、眼部血供、眼外肌与眼内肌、眼睑、角膜—晶状体—玻璃体、泪器、神经眼科及先天性眼异常展开，串联骨性眼眶、鼻旁窦、视网膜和视神经的结构、血管、神经支配、房水循环与视觉通路。重点涉及眶底爆裂骨折、突眼、眶 cellulitis、鼻窦黏液囊肿、甲状腺眼病、青光眼、角膜炎、白内障、视神经炎、视神经压迫、视交叉病变、偏盲、动眼/滑车/外展神经麻痹及偏头痛等，并介绍MRI、CT、裂隙灯、眼底检查、视野缺损分析、虹膜阴影试验、Schirmer试验、泪膜破裂时间等检查，以及白内障摘除联合人工晶状体植入、泪道探通或手术等处理线索。",3072,"# Summary
本书出版于2016年，是一部以相关解剖为核心、配合高度示意化图解的眼科基础与临床参考图谱，适合医学生、眼科及相关临床医师学习定位眼部疾病。全书围绕眼眶、眼球、眼部血供、眼外肌与眼内肌、眼睑、角膜—晶状体—玻璃体、泪器、神经眼科及先天性眼异常展开，串联骨性眼眶、鼻旁窦、视网膜和视神经的结构、血管、神经支配、房水循环与视觉通路。重点涉及眶底爆裂骨折、突眼、眶 cellulitis、鼻窦黏液囊肿、甲状腺眼病、青光眼、角膜炎、白内障、视神经炎、视神经压迫、视交叉病变、偏盲、动眼/滑车/外展神经麻痹及偏头痛等，并介绍MRI、CT、裂隙灯、眼底检查、视野缺损分析、虹膜阴影试验、Schirmer试验、泪膜破裂时间等检查，以及白内障摘除联合人工晶状体植入、泪道探通或手术等处理线索。"
070c7cc0-979f-4f0a-94ab-81f53120b94f,本书出版于2018年，是Mark J. Mannis与Edward J. Holland主编的角膜及外眼疾病与手术综合专著，适用于角膜专科医师、综合眼科医师、住院及进修医师、研究人员。全书上下两卷、14篇、175章，涵盖角膜、巩膜、结膜、泪器、眼表及前葡萄膜的解剖、生理、病理生理、眼库与检查诊断。内容涉及裂隙灯、角膜地形图与曲率、角膜内皮显微镜、共聚焦显微镜、超声生物显微镜及前节OCT等检查和成像；系统讨论角膜营养不良、圆锥角膜、角膜溃疡与水肿、细菌/病毒/真菌/棘阿米巴角膜炎、干眼、结膜炎、巩膜炎、葡萄膜炎、化学及热烧伤、眼表免疫和神经营养性疾病。手术部分重点介绍穿透性角膜移植、前部深板层角膜移植、DSEK/DSAEK、DMEK、飞秒激光辅助移植、角膜交联、治疗性角膜手术、羊膜及眼表重建、Boston人工角膜，以及PRK、LASIK、SMILE等屈光手术。,completed,a6b0834c-a462-4eb5-9b3b-622a392961cb,"# Summary
本书出版于2018年，是Mark J. Mannis与Edward J. Holland主编的角膜及外眼疾病与手术综合专著，适用于角膜专科医师、综合眼科医师、住院及进修医师、研究人员。全书上下两卷、14篇、175章，涵盖角膜、巩膜、结膜、泪器、眼表及前葡萄膜的解剖、生理、病理生理、眼库与检查诊断。内容涉及裂隙灯、角膜地形图与曲率、角膜内皮显微镜、共聚焦显微镜、超声生物显微镜及前节OCT等检查和成像；系统讨论角膜营养不良、圆锥角膜、角膜溃疡与水肿、细菌/病毒/真菌/棘阿米巴角膜炎、干眼、结膜炎、巩膜炎、葡萄膜炎、化学及热烧伤、眼表免疫和神经营养性疾病。手术部分重点介绍穿透性角膜移植、前部深板层角膜移植、DSEK/DSAEK、DMEK、飞秒激光辅助移植、角膜交联、治疗性角膜手术、羊膜及眼表重建、Boston人工角膜，以及PRK、LASIK、SMILE等屈光手术。",3072,"# Summary
本书出版于2018年，是Mark J. Mannis与Edward J. Holland主编的角膜及外眼疾病与手术综合专著，适用于角膜专科医师、综合眼科医师、住院及进修医师、研究人员。全书上下两卷、14篇、175章，涵盖角膜、巩膜、结膜、泪器、眼表及前葡萄膜的解剖、生理、病理生理、眼库与检查诊断。内容涉及裂隙灯、角膜地形图与曲率、角膜内皮显微镜、共聚焦显微镜、超声生物显微镜及前节OCT等检查和成像；系统讨论角膜营养不良、圆锥角膜、角膜溃疡与水肿、细菌/病毒/真菌/棘阿米巴角膜炎、干眼、结膜炎、巩膜炎、葡萄膜炎、化学及热烧伤、眼表免疫和神经营养性疾病。手术部分重点介绍穿透性角膜移植、前部深板层角膜移植、DSEK/DSAEK、DMEK、飞秒激光辅助移植、角膜交联、治疗性角膜手术、羊膜及眼表重建、Boston人工角膜，以及PRK、LASIK、SMILE等屈光手术。"
6330f556-ad40-4284-ad6c-22f63cee1e97,本书出版于2021年，是面向综合眼科医师、葡萄膜炎专科医师、住院医师、研究人员及相关培训者的英文临床图谱，突出中国及亚洲人群葡萄膜炎的临床表现与高质量影像。全书52章，依次介绍眼球及葡萄膜炎相关解剖生理、解剖与病因分类、病史采集和眼部检查；系统涵盖UBM、眼部超声、眼底荧光素血管造影（FFA）、吲哚菁绿血管造影（ICGA）、OCT、X线、CT、MRI及实验室检查；随后讨论糖皮质激素、局部/眼周/玻璃体腔及全身用药、环孢素、甲氨蝶呤、霉酚酸酯、生物制剂和NSAIDs，并处理白内障、眼压升高、青光眼及黄斑水肿。疾病部分覆盖前、中、后葡萄膜炎及全葡萄膜炎，强直性脊柱炎、白塞病、Vogt-Koyanagi-Harada病、交感性眼炎、视网膜血管炎、结节病、儿童及幼年特发性关节炎相关葡萄膜炎，以及疱疹病毒、结核、梅毒、弓形虫、HIV、巨细胞病毒视网膜炎、急性视网膜坏死、伪装综合征、巩膜炎和表层巩膜炎，并涉及并发性白内障手术等诊疗要点。,completed,fee0c3c5-ac08-4183-8558-bbeae033f6fc,"# Summary
本书出版于2021年，是面向综合眼科医师、葡萄膜炎专科医师、住院医师、研究人员及相关培训者的英文临床图谱，突出中国及亚洲人群葡萄膜炎的临床表现与高质量影像。全书52章，依次介绍眼球及葡萄膜炎相关解剖生理、解剖与病因分类、病史采集和眼部检查；系统涵盖UBM、眼部超声、眼底荧光素血管造影（FFA）、吲哚菁绿血管造影（ICGA）、OCT、X线、CT、MRI及实验室检查；随后讨论糖皮质激素、局部/眼周/玻璃体腔及全身用药、环孢素、甲氨蝶呤、霉酚酸酯、生物制剂和NSAIDs，并处理白内障、眼压升高、青光眼及黄斑水肿。疾病部分覆盖前、中、后葡萄膜炎及全葡萄膜炎，强直性脊柱炎、白塞病、Vogt-Koyanagi-Harada病、交感性眼炎、视网膜血管炎、结节病、儿童及幼年特发性关节炎相关葡萄膜炎，以及疱疹病毒、结核、梅毒、弓形虫、HIV、巨细胞病毒视网膜炎、急性视网膜坏死、伪装综合征、巩膜炎和表层巩膜炎，并涉及并发性白内障手术等诊疗要点。",3072,"# Summary
本书出版于2021年，是面向综合眼科医师、葡萄膜炎专科医师、住院医师、研究人员及相关培训者的英文临床图谱，突出中国及亚洲人群葡萄膜炎的临床表现与高质量影像。全书52章，依次介绍眼球及葡萄膜炎相关解剖生理、解剖与病因分类、病史采集和眼部检查；系统涵盖UBM、眼部超声、眼底荧光素血管造影（FFA）、吲哚菁绿血管造影（ICGA）、OCT、X线、CT、MRI及实验室检查；随后讨论糖皮质激素、局部/眼周/玻璃体腔及全身用药、环孢素、甲氨蝶呤、霉酚酸酯、生物制剂和NSAIDs，并处理白内障、眼压升高、青光眼及黄斑水肿。疾病部分覆盖前、中、后葡萄膜炎及全葡萄膜炎，强直性脊柱炎、白塞病、Vogt-Koyanagi-Harada病、交感性眼炎、视网膜血管炎、结节病、儿童及幼年特发性关节炎相关葡萄膜炎，以及疱疹病毒、结核、梅毒、弓形虫、HIV、巨细胞病毒视网膜炎、急性视网膜坏死、伪装综合征、巩膜炎和表层巩膜炎，并涉及并发性白内障手术等诊疗要点。"
484d286c-26b6-4bfe-bdec-2e5e9eb9ad0f,本书是2016年Springer出版的广域视网膜血管造影与影像学专业图谱，面向视网膜、玻璃体、葡萄膜炎及眼肿瘤专科医师、研究员、培训医师、眼科住院医师和相关内科医生。全书从眼底成像历史与原理入手，系统介绍广域荧光素血管造影（UWFA）、吲哚菁绿血管造影（UWF-ICGA）、眼底自发荧光（FAF）、扫描激光检眼镜（SLO）、Optos超广角成像及OCT，强调一次获取约150°—200°视网膜范围、识别周边缺血和新生血管的价值。内容覆盖糖尿病视网膜病变、分支及中央视网膜静脉阻塞、其他血管病、视网膜营养不良、周边变性、儿童视网膜疾病、视网膜及脉络膜肿瘤、炎症性疾病、感染性葡萄膜炎和其他复杂病变，并展示AMD、中心性浆液性脉络膜视网膜病变、脉络膜新生血管、CMV视网膜炎等影像特征。书中还涉及非灌注区评估、靶向全视网膜光凝、抗VEGF及糖尿病牵拉性视网膜脱离的玻璃体切除、膜剥除和气体填充。,completed,78484fcb-629d-43e7-aa12-5bb35344a6bc,"# Summary
本书是2016年Springer出版的广域视网膜血管造影与影像学专业图谱，面向视网膜、玻璃体、葡萄膜炎及眼肿瘤专科医师、研究员、培训医师、眼科住院医师和相关内科医生。全书从眼底成像历史与原理入手，系统介绍广域荧光素血管造影（UWFA）、吲哚菁绿血管造影（UWF-ICGA）、眼底自发荧光（FAF）、扫描激光检眼镜（SLO）、Optos超广角成像及OCT，强调一次获取约150°—200°视网膜范围、识别周边缺血和新生血管的价值。内容覆盖糖尿病视网膜病变、分支及中央视网膜静脉阻塞、其他血管病、视网膜营养不良、周边变性、儿童视网膜疾病、视网膜及脉络膜肿瘤、炎症性疾病、感染性葡萄膜炎和其他复杂病变，并展示AMD、中心性浆液性脉络膜视网膜病变、脉络膜新生血管、CMV视网膜炎等影像特征。书中还涉及非灌注区评估、靶向全视网膜光凝、抗VEGF及糖尿病牵拉性视网膜脱离的玻璃体切除、膜剥除和气体填充。",3072,"# Summary
本书是2016年Springer出版的广域视网膜血管造影与影像学专业图谱，面向视网膜、玻璃体、葡萄膜炎及眼肿瘤专科医师、研究员、培训医师、眼科住院医师和相关内科医生。全书从眼底成像历史与原理入手，系统介绍广域荧光素血管造影（UWFA）、吲哚菁绿血管造影（UWF-ICGA）、眼底自发荧光（FAF）、扫描激光检眼镜（SLO）、Optos超广角成像及OCT，强调一次获取约150°—200°视网膜范围、识别周边缺血和新生血管的价值。内容覆盖糖尿病视网膜病变、分支及中央视网膜静脉阻塞、其他血管病、视网膜营养不良、周边变性、儿童视网膜疾病、视网膜及脉络膜肿瘤、炎症性疾病、感染性葡萄膜炎和其他复杂病变，并展示AMD、中心性浆液性脉络膜视网膜病变、脉络膜新生血管、CMV视网膜炎等影像特征。书中还涉及非灌注区评估、靶向全视网膜光凝、抗VEGF及糖尿病牵拉性视网膜脱离的玻璃体切除、膜剥除和气体填充。"
4cadd4f6-676f-4978-94bc-e188ce3183d6,本书出版于2013年，是面向眼科医师、眼科培训人员及相关研究者的基础科学入门读物，旨在用物理学和化学解释临床观察、检查与治疗。内容围绕光的波粒二象性、颜色、偏振、激光及光与眼组织相互作用展开，涵盖反射、折射、散射、吸收、荧光和衍射；系统介绍检眼镜、裂隙灯、角膜地形图、角膜厚度测量、眼底摄影、共焦扫描激光检眼镜、视野检查、干涉测量、光学相干断层扫描（TD-OCT、SD-OCT）、激光多普勒、超声A/B扫描、超声生物显微镜、CT和MRI。书中还说明光凝、光破坏、光消融及飞秒激光切割等眼科激光技术，并从氧、 水、二氧化碳、一氧化氮、氧化应激、DNA、RNA、蛋白质和脂质等角度联系眼部生理与疾病，涉及房水动力、眼血流、缺氧、炎症、白内障、视网膜和角膜等主题。,completed,ad6f8db5-5ff7-43c4-b0b3-5cc1c1ad3061,"# Summary
本书出版于2013年，是面向眼科医师、眼科培训人员及相关研究者的基础科学入门读物，旨在用物理学和化学解释临床观察、检查与治疗。内容围绕光的波粒二象性、颜色、偏振、激光及光与眼组织相互作用展开，涵盖反射、折射、散射、吸收、荧光和衍射；系统介绍检眼镜、裂隙灯、角膜地形图、角膜厚度测量、眼底摄影、共焦扫描激光检眼镜、视野检查、干涉测量、光学相干断层扫描（TD-OCT、SD-OCT）、激光多普勒、超声A/B扫描、超声生物显微镜、CT和MRI。书中还说明光凝、光破坏、光消融及飞秒激光切割等眼科激光技术，并从氧、 水、二氧化碳、一氧化氮、氧化应激、DNA、RNA、蛋白质和脂质等角度联系眼部生理与疾病，涉及房水动力、眼血流、缺氧、炎症、白内障、视网膜和角膜等主题。",3072,"# Summary
本书出版于2013年，是面向眼科医师、眼科培训人员及相关研究者的基础科学入门读物，旨在用物理学和化学解释临床观察、检查与治疗。内容围绕光的波粒二象性、颜色、偏振、激光及光与眼组织相互作用展开，涵盖反射、折射、散射、吸收、荧光和衍射；系统介绍检眼镜、裂隙灯、角膜地形图、角膜厚度测量、眼底摄影、共焦扫描激光检眼镜、视野检查、干涉测量、光学相干断层扫描（TD-OCT、SD-OCT）、激光多普勒、超声A/B扫描、超声生物显微镜、CT和MRI。书中还说明光凝、光破坏、光消融及飞秒激光切割等眼科激光技术，并从氧、 水、二氧化碳、一氧化氮、氧化应激、DNA、RNA、蛋白质和脂质等角度联系眼部生理与疾病，涉及房水动力、眼血流、缺氧、炎症、白内障、视网膜和角膜等主题。"
82b0d5ec-0c9f-4e39-9942-bb4e70bd7c57,本书出版于2014年，是面向白内障及前节外科医生、住院医师和手术团队的并发症处理实用指南，以图示、步骤化操作和手术视频讲解术中及术后处理。全书分两部分：第一部分介绍利用超声乳化设备处理白内障手术并发症，包括核硬度与患者/眼部风险评估、IOL植入位置解剖、器械与麻醉、常规及困难白内障超声乳化、小瞳孔、撕囊、液流分离、乳化、灌注吸引（I/A）、人工晶状体植入、外伤性白内障及小切口白内障手术（SICS）；并详述虹膜爪形、巩膜及巩膜内固定IOL。第二部分聚焦玻璃体切割机，包括BIOM、平坦部玻璃体切割、后囊破裂、悬韧带离断、前移或脱位IOL/囊袋-IOL复合体、后房掉落晶核，以及Fragmatome、PFCL取核、虹膜固定和巩膜固定。另涵盖IOL交换、丙烯酸IOL折叠取出、硅胶IOL切开、虹膜成形术、虹膜假体及手术要点。,completed,07a332f1-95f8-4273-9270-7ae49f70cc25,"# Summary
本书出版于2014年，是面向白内障及前节外科医生、住院医师和手术团队的并发症处理实用指南，以图示、步骤化操作和手术视频讲解术中及术后处理。全书分两部分：第一部分介绍利用超声乳化设备处理白内障手术并发症，包括核硬度与患者/眼部风险评估、IOL植入位置解剖、器械与麻醉、常规及困难白内障超声乳化、小瞳孔、撕囊、液流分离、乳化、灌注吸引（I/A）、人工晶状体植入、外伤性白内障及小切口白内障手术（SICS）；并详述虹膜爪形、巩膜及巩膜内固定IOL。第二部分聚焦玻璃体切割机，包括BIOM、平坦部玻璃体切割、后囊破裂、悬韧带离断、前移或脱位IOL/囊袋-IOL复合体、后房掉落晶核，以及Fragmatome、PFCL取核、虹膜固定和巩膜固定。另涵盖IOL交换、丙烯酸IOL折叠取出、硅胶IOL切开、虹膜成形术、虹膜假体及手术要点。",3072,"# Summary
本书出版于2014年，是面向白内障及前节外科医生、住院医师和手术团队的并发症处理实用指南，以图示、步骤化操作和手术视频讲解术中及术后处理。全书分两部分：第一部分介绍利用超声乳化设备处理白内障手术并发症，包括核硬度与患者/眼部风险评估、IOL植入位置解剖、器械与麻醉、常规及困难白内障超声乳化、小瞳孔、撕囊、液流分离、乳化、灌注吸引（I/A）、人工晶状体植入、外伤性白内障及小切口白内障手术（SICS）；并详述虹膜爪形、巩膜及巩膜内固定IOL。第二部分聚焦玻璃体切割机，包括BIOM、平坦部玻璃体切割、后囊破裂、悬韧带离断、前移或脱位IOL/囊袋-IOL复合体、后房掉落晶核，以及Fragmatome、PFCL取核、虹膜固定和巩膜固定。另涵盖IOL交换、丙烯酸IOL折叠取出、硅胶IOL切开、虹膜成形术、虹膜假体及手术要点。"
61a94fc9-e8fd-4b4e-b2f7-52dfc66cbf44,本书出版于2013年，是面向角膜及眼表疾病管理者的临床手册，适合眼科住院医师、角膜专科医师及手术培训者，强调循证与成熟治疗、图像辅助、视频示范和湿实验室自学。全书涵盖角膜手术发展、角膜与结膜解剖、麻醉、缝合及系统检查，包括裂隙灯、Schirmer试验、泪膜破裂时间、角膜知觉、角膜厚度测量、角膜曲率、Placido环和Scheimpflug角膜地形图、像差、ORA、OCT、共焦显微镜及镜面显微镜。内容重点涉及角膜异物、穿孔、翼状胬肉、角膜溃疡与瘢痕、眼表重建、PTK、浅表角膜切除、结膜瓣、羊膜移植、睑裂缝合、泪道栓塞、干细胞移植及角膜交联；系统讲解穿透性角膜移植、DALK、DSEK/DSAEK、DMEK、供体组织保存、术后护理、排斥和移植物并发症。另涵盖放射状及弧形角膜切开、角膜植入物、LASIK、PRK、LASEK、飞秒激光瓣制作、屈光晶状体置换、人工晶状体、CK及飞秒激光透镜取出，并提供角膜缝合、板层分离和瓣制作等湿实验训练。,completed,96ee957a-611e-4b5c-a94f-092ddacfb15f,"# Summary
本书出版于2013年，是面向角膜及眼表疾病管理者的临床手册，适合眼科住院医师、角膜专科医师及手术培训者，强调循证与成熟治疗、图像辅助、视频示范和湿实验室自学。全书涵盖角膜手术发展、角膜与结膜解剖、麻醉、缝合及系统检查，包括裂隙灯、Schirmer试验、泪膜破裂时间、角膜知觉、角膜厚度测量、角膜曲率、Placido环和Scheimpflug角膜地形图、像差、ORA、OCT、共焦显微镜及镜面显微镜。内容重点涉及角膜异物、穿孔、翼状胬肉、角膜溃疡与瘢痕、眼表重建、PTK、浅表角膜切除、结膜瓣、羊膜移植、睑裂缝合、泪道栓塞、干细胞移植及角膜交联；系统讲解穿透性角膜移植、DALK、DSEK/DSAEK、DMEK、供体组织保存、术后护理、排斥和移植物并发症。另涵盖放射状及弧形角膜切开、角膜植入物、LASIK、PRK、LASEK、飞秒激光瓣制作、屈光晶状体置换、人工晶状体、CK及飞秒激光透镜取出，并提供角膜缝合、板层分离和瓣制作等湿实验训练。",3072,"# Summary
本书出版于2013年，是面向角膜及眼表疾病管理者的临床手册，适合眼科住院医师、角膜专科医师及手术培训者，强调循证与成熟治疗、图像辅助、视频示范和湿实验室自学。全书涵盖角膜手术发展、角膜与结膜解剖、麻醉、缝合及系统检查，包括裂隙灯、Schirmer试验、泪膜破裂时间、角膜知觉、角膜厚度测量、角膜曲率、Placido环和Scheimpflug角膜地形图、像差、ORA、OCT、共焦显微镜及镜面显微镜。内容重点涉及角膜异物、穿孔、翼状胬肉、角膜溃疡与瘢痕、眼表重建、PTK、浅表角膜切除、结膜瓣、羊膜移植、睑裂缝合、泪道栓塞、干细胞移植及角膜交联；系统讲解穿透性角膜移植、DALK、DSEK/DSAEK、DMEK、供体组织保存、术后护理、排斥和移植物并发症。另涵盖放射状及弧形角膜切开、角膜植入物、LASIK、PRK、LASEK、飞秒激光瓣制作、屈光晶状体置换、人工晶状体、CK及飞秒激光透镜取出，并提供角膜缝合、板层分离和瓣制作等湿实验训练。"
0b985477-11e6-4ba7-97c9-09ba40fb3252,本书是 Springer 2016 年出版的角膜移植专业教材，面向角膜专科医师、角膜移植外科医师及相关培训医生，用于理解手术选择、适应证、风险与结局。全书从角膜移植历史、角膜解剖与生理、角膜库及供体组织保存讲起，系统介绍穿透性角膜移植（PKP）、深板层前角膜移植（DALK）、内皮角膜移植（EK、DSAEK、DMEK）及前板层手术；并讨论角膜移植免疫学、排斥反应、术后管理、疾病复发、国家移植登记和经济学评价。后半部分聚焦移植后散光、移植角膜光学与人工晶状体（IOL）计算、机械微角膜刀、飞秒激光、角膜缘干细胞扩增与移植，以及角膜移植决策。涉及角膜瘢痕、化学损伤、内皮功能衰竭、基质混浊、移植排斥和术后散光等问题，涵盖裂隙灯、生物显微镜、角膜内皮镜、角膜厚度测量、供体内皮评估、器官培养、低温保存、预切/预装载移植物等检查、技术与管理关键词。,completed,e3fbd05a-71df-44f5-b0fd-769906f6220e,"# Summary
本书是 Springer 2016 年出版的角膜移植专业教材，面向角膜专科医师、角膜移植外科医师及相关培训医生，用于理解手术选择、适应证、风险与结局。全书从角膜移植历史、角膜解剖与生理、角膜库及供体组织保存讲起，系统介绍穿透性角膜移植（PKP）、深板层前角膜移植（DALK）、内皮角膜移植（EK、DSAEK、DMEK）及前板层手术；并讨论角膜移植免疫学、排斥反应、术后管理、疾病复发、国家移植登记和经济学评价。后半部分聚焦移植后散光、移植角膜光学与人工晶状体（IOL）计算、机械微角膜刀、飞秒激光、角膜缘干细胞扩增与移植，以及角膜移植决策。涉及角膜瘢痕、化学损伤、内皮功能衰竭、基质混浊、移植排斥和术后散光等问题，涵盖裂隙灯、生物显微镜、角膜内皮镜、角膜厚度测量、供体内皮评估、器官培养、低温保存、预切/预装载移植物等检查、技术与管理关键词。",3072,"# Summary
本书是 Springer 2016 年出版的角膜移植专业教材，面向角膜专科医师、角膜移植外科医师及相关培训医生，用于理解手术选择、适应证、风险与结局。全书从角膜移植历史、角膜解剖与生理、角膜库及供体组织保存讲起，系统介绍穿透性角膜移植（PKP）、深板层前角膜移植（DALK）、内皮角膜移植（EK、DSAEK、DMEK）及前板层手术；并讨论角膜移植免疫学、排斥反应、术后管理、疾病复发、国家移植登记和经济学评价。后半部分聚焦移植后散光、移植角膜光学与人工晶状体（IOL）计算、机械微角膜刀、飞秒激光、角膜缘干细胞扩增与移植，以及角膜移植决策。涉及角膜瘢痕、化学损伤、内皮功能衰竭、基质混浊、移植排斥和术后散光等问题，涵盖裂隙灯、生物显微镜、角膜内皮镜、角膜厚度测量、供体内皮评估、器官培养、低温保存、预切/预装载移植物等检查、技术与管理关键词。"
053a9fb9-0fb3-465f-a3ff-89c5a831c6be,本书出版于2014年，是Springer《Essentials in Ophthalmology》系列中聚焦玻璃体-黄斑界面疾病的专业参考书，适用于视网膜专科医生、眼科临床医师、基础研究者、影像工程师及药理、化学研究人员。全书围绕疾病负担与流行病学、玻璃体-黄斑界面的解剖生理、玻璃体老化及病理生理、影像学、临床表现和治疗策略展开，并进一步讨论玻璃体黄斑牵拉与年龄相关性黄斑变性的关系，以及药物玻璃体溶解的实验依据、临床试验和未来方向。重点涉及后玻璃体脱离（PVD）、异常PVD、玻璃体黄斑粘连/牵拉（VMA/VMT）、玻璃体劈裂、黄斑前膜（黄斑皱褶）、黄斑裂孔、近视性黄斑劈裂、糖尿病性黄斑水肿、年龄相关性黄斑变性、视网膜裂孔与脱离、增生性糖尿病视网膜病变及玻璃体出血。检查与技术包括OCT、OCT-SLO、超声、裂隙灯、生物显微镜、扫描及透射电子显微镜；治疗涵盖观察、玻璃体切除术、染色辅助剥膜及药物性玻璃体溶解，强调低创伤、低风险治疗的发展。,completed,4dfae77e-f994-4b99-938d-4c5e5d58772e,"# Summary
本书出版于2014年，是Springer《Essentials in Ophthalmology》系列中聚焦玻璃体-黄斑界面疾病的专业参考书，适用于视网膜专科医生、眼科临床医师、基础研究者、影像工程师及药理、化学研究人员。全书围绕疾病负担与流行病学、玻璃体-黄斑界面的解剖生理、玻璃体老化及病理生理、影像学、临床表现和治疗策略展开，并进一步讨论玻璃体黄斑牵拉与年龄相关性黄斑变性的关系，以及药物玻璃体溶解的实验依据、临床试验和未来方向。重点涉及后玻璃体脱离（PVD）、异常PVD、玻璃体黄斑粘连/牵拉（VMA/VMT）、玻璃体劈裂、黄斑前膜（黄斑皱褶）、黄斑裂孔、近视性黄斑劈裂、糖尿病性黄斑水肿、年龄相关性黄斑变性、视网膜裂孔与脱离、增生性糖尿病视网膜病变及玻璃体出血。检查与技术包括OCT、OCT-SLO、超声、裂隙灯、生物显微镜、扫描及透射电子显微镜；治疗涵盖观察、玻璃体切除术、染色辅助剥膜及药物性玻璃体溶解，强调低创伤、低风险治疗的发展。",3072,"# Summary
本书出版于2014年，是Springer《Essentials in Ophthalmology》系列中聚焦玻璃体-黄斑界面疾病的专业参考书，适用于视网膜专科医生、眼科临床医师、基础研究者、影像工程师及药理、化学研究人员。全书围绕疾病负担与流行病学、玻璃体-黄斑界面的解剖生理、玻璃体老化及病理生理、影像学、临床表现和治疗策略展开，并进一步讨论玻璃体黄斑牵拉与年龄相关性黄斑变性的关系，以及药物玻璃体溶解的实验依据、临床试验和未来方向。重点涉及后玻璃体脱离（PVD）、异常PVD、玻璃体黄斑粘连/牵拉（VMA/VMT）、玻璃体劈裂、黄斑前膜（黄斑皱褶）、黄斑裂孔、近视性黄斑劈裂、糖尿病性黄斑水肿、年龄相关性黄斑变性、视网膜裂孔与脱离、增生性糖尿病视网膜病变及玻璃体出血。检查与技术包括OCT、OCT-SLO、超声、裂隙灯、生物显微镜、扫描及透射电子显微镜；治疗涵盖观察、玻璃体切除术、染色辅助剥膜及药物性玻璃体溶解，强调低创伤、低风险治疗的发展。"
cde5c7ee-9f5a-4b34-baef-fed9c54807b3,本书出版于2015年，是面向眼科医师、验光师及其他眼保健专业人员的干眼病实用指南，强调易读、短篇章、临床决策与病例教学。全书围绕干眼的定义、分类和发病机制展开，区分 aqueous-deficient dry eye 与 evaporative dry eye，重点讨论泪液高渗、炎症、泪膜不稳定、睑板腺功能障碍（MGD）、Sjögren综合征、移植物抗宿主病（GVHD）、泪腺功能不足及环境和用药风险；并概述流行病学、患病率、年龄和性别等危险因素。诊断部分涵盖症状与严重度评估、OSDI、Schirmer I、TBUT、荧光素染色、睑缘检查，以及泪液渗透压、干涉测量、睑板腺成像（meibography）、Strip meniscometry、TearLab、DR-1和功能性视力测量。治疗涵盖人工泪液及其黏度、缓冲剂、防腐剂和渗透压，糖皮质激素、环孢素、四环素类、阿奇霉素、Omega-3、自体血清、泪点栓和生活环境调整；手术部分讨论泪液分泌不足、泪膜不稳、机械性干扰和眼表损伤，以及口腔黏膜、唾液腺和角膜缘干细胞移植。末章展望新型检查、泪膜导向治疗、地夸磷索、瑞巴派特及抗衰老策略，并配有病例研究。,completed,4d0ea212-589c-4eda-8e49-83651062d860,"# Summary
本书出版于2015年，是面向眼科医师、验光师及其他眼保健专业人员的干眼病实用指南，强调易读、短篇章、临床决策与病例教学。全书围绕干眼的定义、分类和发病机制展开，区分 aqueous-deficient dry eye 与 evaporative dry eye，重点讨论泪液高渗、炎症、泪膜不稳定、睑板腺功能障碍（MGD）、Sjögren综合征、移植物抗宿主病（GVHD）、泪腺功能不足及环境和用药风险；并概述流行病学、患病率、年龄和性别等危险因素。诊断部分涵盖症状与严重度评估、OSDI、Schirmer I、TBUT、荧光素染色、睑缘检查，以及泪液渗透压、干涉测量、睑板腺成像（meibography）、Strip meniscometry、TearLab、DR-1和功能性视力测量。治疗涵盖人工泪液及其黏度、缓冲剂、防腐剂和渗透压，糖皮质激素、环孢素、四环素类、阿奇霉素、Omega-3、自体血清、泪点栓和生活环境调整；手术部分讨论泪液分泌不足、泪膜不稳、机械性干扰和眼表损伤，以及口腔黏膜、唾液腺和角膜缘干细胞移植。末章展望新型检查、泪膜导向治疗、地夸磷索、瑞巴派特及抗衰老策略，并配有病例研究。",3072,"# Summary
本书出版于2015年，是面向眼科医师、验光师及其他眼保健专业人员的干眼病实用指南，强调易读、短篇章、临床决策与病例教学。全书围绕干眼的定义、分类和发病机制展开，区分 aqueous-deficient dry eye 与 evaporative dry eye，重点讨论泪液高渗、炎症、泪膜不稳定、睑板腺功能障碍（MGD）、Sjögren综合征、移植物抗宿主病（GVHD）、泪腺功能不足及环境和用药风险；并概述流行病学、患病率、年龄和性别等危险因素。诊断部分涵盖症状与严重度评估、OSDI、Schirmer I、TBUT、荧光素染色、睑缘检查，以及泪液渗透压、干涉测量、睑板腺成像（meibography）、Strip meniscometry、TearLab、DR-1和功能性视力测量。治疗涵盖人工泪液及其黏度、缓冲剂、防腐剂和渗透压，糖皮质激素、环孢素、四环素类、阿奇霉素、Omega-3、自体血清、泪点栓和生活环境调整；手术部分讨论泪液分泌不足、泪膜不稳、机械性干扰和眼表损伤，以及口腔黏膜、唾液腺和角膜缘干细胞移植。末章展望新型检查、泪膜导向治疗、地夸磷索、瑞巴派特及抗衰老策略，并配有病例研究。"
bc516015-a3c5-469e-a679-5b4ce0ea3b93,本书出版于2014年，是面向眼整形/眼眶整形医生、眼科与整形外科医生及相关住院医师的眼睑肿瘤临床与重建专著。内容从眼睑表面解剖、皮肤损害形态、病史采集和局部检查入手，讲解肿块、溃疡、睫毛脱失、淋巴结及临床摄影、裂隙灯测量、透照等评估方法，并介绍组织病理分类、TNM分期和鉴别诊断。书中系统覆盖良性病变（乳头状瘤、脂溢性角化、角化棘皮瘤、汗腺瘤、痣、神经纤维瘤、血管瘤、淋巴管瘤及囊性病变）和恶性肿瘤（基底细胞癌、鳞状细胞癌、睑板腺癌、Merkel细胞癌、血管肉瘤、转移瘤、Kaposi肉瘤），并讨论炎症、霰粒肿等模拟恶性的病变及组织病理学。后半部分聚焦治疗和手术技术，包括局部/区域麻醉、切取/刮取/穿刺/切除活检、冰冻切片、Mohs显微外科，以及推进、旋转、V-Y、Z成形、菱形、双叶等皮瓣；按上睑、下睑、内外眦和不累及睑缘的缺损，详述直接缝合、外眦切开、Tenzel、Cutler-Beard、Hughes、Mustardé、睑板结膜瓣、全厚皮 graft 和后层板重建。,completed,a3cdbb74-f674-48e0-ac05-975d8c132c58,"# Summary
本书出版于2014年，是面向眼整形/眼眶整形医生、眼科与整形外科医生及相关住院医师的眼睑肿瘤临床与重建专著。内容从眼睑表面解剖、皮肤损害形态、病史采集和局部检查入手，讲解肿块、溃疡、睫毛脱失、淋巴结及临床摄影、裂隙灯测量、透照等评估方法，并介绍组织病理分类、TNM分期和鉴别诊断。书中系统覆盖良性病变（乳头状瘤、脂溢性角化、角化棘皮瘤、汗腺瘤、痣、神经纤维瘤、血管瘤、淋巴管瘤及囊性病变）和恶性肿瘤（基底细胞癌、鳞状细胞癌、睑板腺癌、Merkel细胞癌、血管肉瘤、转移瘤、Kaposi肉瘤），并讨论炎症、霰粒肿等模拟恶性的病变及组织病理学。后半部分聚焦治疗和手术技术，包括局部/区域麻醉、切取/刮取/穿刺/切除活检、冰冻切片、Mohs显微外科，以及推进、旋转、V-Y、Z成形、菱形、双叶等皮瓣；按上睑、下睑、内外眦和不累及睑缘的缺损，详述直接缝合、外眦切开、Tenzel、Cutler-Beard、Hughes、Mustardé、睑板结膜瓣、全厚皮 graft 和后层板重建。",3072,"# Summary
本书出版于2014年，是面向眼整形/眼眶整形医生、眼科与整形外科医生及相关住院医师的眼睑肿瘤临床与重建专著。内容从眼睑表面解剖、皮肤损害形态、病史采集和局部检查入手，讲解肿块、溃疡、睫毛脱失、淋巴结及临床摄影、裂隙灯测量、透照等评估方法，并介绍组织病理分类、TNM分期和鉴别诊断。书中系统覆盖良性病变（乳头状瘤、脂溢性角化、角化棘皮瘤、汗腺瘤、痣、神经纤维瘤、血管瘤、淋巴管瘤及囊性病变）和恶性肿瘤（基底细胞癌、鳞状细胞癌、睑板腺癌、Merkel细胞癌、血管肉瘤、转移瘤、Kaposi肉瘤），并讨论炎症、霰粒肿等模拟恶性的病变及组织病理学。后半部分聚焦治疗和手术技术，包括局部/区域麻醉、切取/刮取/穿刺/切除活检、冰冻切片、Mohs显微外科，以及推进、旋转、V-Y、Z成形、菱形、双叶等皮瓣；按上睑、下睑、内外眦和不累及睑缘的缺损，详述直接缝合、外眦切开、Tenzel、Cutler-Beard、Hughes、Mustardé、睑板结膜瓣、全厚皮 graft 和后层板重建。"
3952552e-c834-44c9-bd38-65f8df1c6e2b,本书出版于2016年，是面向眼科临床医生、青光眼专科医师及相关研究人员的青光眼检查与影像学参考书，围绕青光眼诊断、分期、随访和进展评估，系统连接功能检查、结构影像与临床判断。全书涵盖标准自动视野检查及MD、PSD、VFI、GPA和进展率分析；房角镜检查与开角、闭角、假性剥脱、色素性、外伤性、葡萄膜炎性、虹膜角膜内皮综合征及新生血管性青光眼；Goldmann压平眼压计、动态轮廓 tonometry 和眼反应分析仪；超声生物显微镜、眼后段血流评估；视神经头与视网膜神经纤维层分析、共焦扫描激光检眼镜、扫描激光偏振测量、光学相干断层扫描及视神经头血红蛋白测量。后半部分重点讨论结构—功能关系、黄斑与神经节细胞、早期及前视野期青光眼识别，以及结构性青光眼进展的纵向监测；并涉及激光虹膜切开术、滤过手术/小梁切除术及术后房角评估。,completed,92423e02-efbb-4798-9ed6-63dec2419015,"# Summary
本书出版于2016年，是面向眼科临床医生、青光眼专科医师及相关研究人员的青光眼检查与影像学参考书，围绕青光眼诊断、分期、随访和进展评估，系统连接功能检查、结构影像与临床判断。全书涵盖标准自动视野检查及MD、PSD、VFI、GPA和进展率分析；房角镜检查与开角、闭角、假性剥脱、色素性、外伤性、葡萄膜炎性、虹膜角膜内皮综合征及新生血管性青光眼；Goldmann压平眼压计、动态轮廓 tonometry 和眼反应分析仪；超声生物显微镜、眼后段血流评估；视神经头与视网膜神经纤维层分析、共焦扫描激光检眼镜、扫描激光偏振测量、光学相干断层扫描及视神经头血红蛋白测量。后半部分重点讨论结构—功能关系、黄斑与神经节细胞、早期及前视野期青光眼识别，以及结构性青光眼进展的纵向监测；并涉及激光虹膜切开术、滤过手术/小梁切除术及术后房角评估。",3072,"# Summary
本书出版于2016年，是面向眼科临床医生、青光眼专科医师及相关研究人员的青光眼检查与影像学参考书，围绕青光眼诊断、分期、随访和进展评估，系统连接功能检查、结构影像与临床判断。全书涵盖标准自动视野检查及MD、PSD、VFI、GPA和进展率分析；房角镜检查与开角、闭角、假性剥脱、色素性、外伤性、葡萄膜炎性、虹膜角膜内皮综合征及新生血管性青光眼；Goldmann压平眼压计、动态轮廓 tonometry 和眼反应分析仪；超声生物显微镜、眼后段血流评估；视神经头与视网膜神经纤维层分析、共焦扫描激光检眼镜、扫描激光偏振测量、光学相干断层扫描及视神经头血红蛋白测量。后半部分重点讨论结构—功能关系、黄斑与神经节细胞、早期及前视野期青光眼识别，以及结构性青光眼进展的纵向监测；并涉及激光虹膜切开术、滤过手术/小梁切除术及术后房角评估。"
f41e1e0c-b8bd-4758-bc57-d58b9135e4ca,本书出版于2012年，是兼具教材与图谱性质的青光眼房角镜检查专著，适用于眼科医师、青光眼专科医师及需要掌握房角评估和治疗决策的学习者。全书从房角镜检查史、镜片选择、常规与动态/压迫式检查及检查顺序入手，系统介绍Schwalbe线、 trabecular meshwork（小梁网）、Schlemm管、巩膜突、睫状体、虹膜根部等房角解剖，以及胚胎发育、先天性青光眼和前节发育异常；比较Scheie、Shaffer、Spaeth等分级与Van Herick、Ghorbani-Smith方法，并强调房角记录。内容重点涵盖原发性和继发性开角型青光眼、眼部及眼外疾病所致青光眼、原发性和继发性房角关闭、急性发作及其处理。书中还介绍AS-OCT、UBM、Pentacam-Scheimpflug、Orbscan和EyeCam等影像检查，以及激光小梁成形术、周边虹膜成形术、睫状体光凝、选择性激光小梁成形术、激光虹膜切开术；并讨论小梁切除术、深层巩膜切除、黏弹性腔道成形术、管道成形术、iStent、引流管、房角切开术、睫状体分离术和周边虹膜切除术，另涉及激素及多类药物引起的眼压升高和房角关闭。,completed,57b7d99b-6644-4893-8354-530fe7dd4075,"# Summary
本书出版于2012年，是兼具教材与图谱性质的青光眼房角镜检查专著，适用于眼科医师、青光眼专科医师及需要掌握房角评估和治疗决策的学习者。全书从房角镜检查史、镜片选择、常规与动态/压迫式检查及检查顺序入手，系统介绍Schwalbe线、 trabecular meshwork（小梁网）、Schlemm管、巩膜突、睫状体、虹膜根部等房角解剖，以及胚胎发育、先天性青光眼和前节发育异常；比较Scheie、Shaffer、Spaeth等分级与Van Herick、Ghorbani-Smith方法，并强调房角记录。内容重点涵盖原发性和继发性开角型青光眼、眼部及眼外疾病所致青光眼、原发性和继发性房角关闭、急性发作及其处理。书中还介绍AS-OCT、UBM、Pentacam-Scheimpflug、Orbscan和EyeCam等影像检查，以及激光小梁成形术、周边虹膜成形术、睫状体光凝、选择性激光小梁成形术、激光虹膜切开术；并讨论小梁切除术、深层巩膜切除、黏弹性腔道成形术、管道成形术、iStent、引流管、房角切开术、睫状体分离术和周边虹膜切除术，另涉及激素及多类药物引起的眼压升高和房角关闭。",3072,"# Summary
本书出版于2012年，是兼具教材与图谱性质的青光眼房角镜检查专著，适用于眼科医师、青光眼专科医师及需要掌握房角评估和治疗决策的学习者。全书从房角镜检查史、镜片选择、常规与动态/压迫式检查及检查顺序入手，系统介绍Schwalbe线、 trabecular meshwork（小梁网）、Schlemm管、巩膜突、睫状体、虹膜根部等房角解剖，以及胚胎发育、先天性青光眼和前节发育异常；比较Scheie、Shaffer、Spaeth等分级与Van Herick、Ghorbani-Smith方法，并强调房角记录。内容重点涵盖原发性和继发性开角型青光眼、眼部及眼外疾病所致青光眼、原发性和继发性房角关闭、急性发作及其处理。书中还介绍AS-OCT、UBM、Pentacam-Scheimpflug、Orbscan和EyeCam等影像检查，以及激光小梁成形术、周边虹膜成形术、睫状体光凝、选择性激光小梁成形术、激光虹膜切开术；并讨论小梁切除术、深层巩膜切除、黏弹性腔道成形术、管道成形术、iStent、引流管、房角切开术、睫状体分离术和周边虹膜切除术，另涉及激素及多类药物引起的眼压升高和房角关闭。"
4087e8a5-4301-41ee-b910-6ecd8496e39d,本书出版于2006年，是面向儿童眼科、视网膜专科及相关临床医生的实用诊断与管理手册，也可用于患儿家庭教育。全书涵盖儿童视觉电生理、低视力评估及失明诊断沟通，并系统讨论遗传性RPE—Bruch膜—脉络膜毛细血管疾病、视网膜色素变性及相关综合征、玻璃体和玻璃体视网膜界面病变、视网膜血管病、非血管性错构瘤、视网膜母细胞瘤等恶性眼内肿瘤、早产儿视网膜病变、感染性/炎症性/中毒性视网膜与玻璃体疾病、近视及儿童视网膜疾病模式。重点关键词包括ERG、EOG、PERG、VEP、闪光/图形/多焦ERG、扫频VEP、暗适应与明适应、ISCEV标准、眼底检查、MRI/CT、代谢筛查、遗传咨询、弱视遮盖、先天性白内障晶状体切除、低视力干预及视网膜基因治疗评估；涉及Stargardt病、Best病、视网膜色素变性、Leber先天性黑蒙、先天性静止性夜盲、X连锁视网膜劈裂、Stickler综合征、Coats病、ROP等。,completed,67ea49b2-d766-4ced-87b1-7d95faf693c9,"# Summary
本书出版于2006年，是面向儿童眼科、视网膜专科及相关临床医生的实用诊断与管理手册，也可用于患儿家庭教育。全书涵盖儿童视觉电生理、低视力评估及失明诊断沟通，并系统讨论遗传性RPE—Bruch膜—脉络膜毛细血管疾病、视网膜色素变性及相关综合征、玻璃体和玻璃体视网膜界面病变、视网膜血管病、非血管性错构瘤、视网膜母细胞瘤等恶性眼内肿瘤、早产儿视网膜病变、感染性/炎症性/中毒性视网膜与玻璃体疾病、近视及儿童视网膜疾病模式。重点关键词包括ERG、EOG、PERG、VEP、闪光/图形/多焦ERG、扫频VEP、暗适应与明适应、ISCEV标准、眼底检查、MRI/CT、代谢筛查、遗传咨询、弱视遮盖、先天性白内障晶状体切除、低视力干预及视网膜基因治疗评估；涉及Stargardt病、Best病、视网膜色素变性、Leber先天性黑蒙、先天性静止性夜盲、X连锁视网膜劈裂、Stickler综合征、Coats病、ROP等。",3072,"# Summary
本书出版于2006年，是面向儿童眼科、视网膜专科及相关临床医生的实用诊断与管理手册，也可用于患儿家庭教育。全书涵盖儿童视觉电生理、低视力评估及失明诊断沟通，并系统讨论遗传性RPE—Bruch膜—脉络膜毛细血管疾病、视网膜色素变性及相关综合征、玻璃体和玻璃体视网膜界面病变、视网膜血管病、非血管性错构瘤、视网膜母细胞瘤等恶性眼内肿瘤、早产儿视网膜病变、感染性/炎症性/中毒性视网膜与玻璃体疾病、近视及儿童视网膜疾病模式。重点关键词包括ERG、EOG、PERG、VEP、闪光/图形/多焦ERG、扫频VEP、暗适应与明适应、ISCEV标准、眼底检查、MRI/CT、代谢筛查、遗传咨询、弱视遮盖、先天性白内障晶状体切除、低视力干预及视网膜基因治疗评估；涉及Stargardt病、Best病、视网膜色素变性、Leber先天性黑蒙、先天性静止性夜盲、X连锁视网膜劈裂、Stickler综合征、Coats病、ROP等。"
fbe1b172-4e07-4202-bc10-cadb59d74b65,本书出版于2010年，是一部面向眼科医师、角膜与眼表疾病研究者的HSV上皮性角膜炎形态学图谱，依据人体角膜长期非接触式活体显微摄影，解析HSV-1感染的细胞病变、表面隆起与破坏、上皮糜烂/溃疡、液体扩散及树枝状、地图状等多种病灶形态，重点讨论终末球、病灶融合和病变形成机制。内容还涵盖原发与复发性角膜炎、结膜病变，以及与腺病毒、带状疱疹、Thygeson角膜炎和机械性损伤的鉴别。书中连续影像展示荧光素钠、孟加拉玫瑰红染色及泪膜变化，介绍病毒分离培养、裂隙灯观察和活体光显微摄影。另详述阿昔洛韦眼膏治疗后的愈合过程、治疗失败与药物副作用，以及上皮下“鬼影”、异常细胞、囊性间隙等短期后遗症；通过病例呈现基质浸润、盘状角膜炎、前葡萄膜炎、干眼、复发、基质瘢痕及角膜融解，涉及低剂量激素、组织胶和接触镜等处理。,completed,33ce1fc2-2019-4f95-98c8-e17c696649d7,"# Summary
本书出版于2010年，是一部面向眼科医师、角膜与眼表疾病研究者的HSV上皮性角膜炎形态学图谱，依据人体角膜长期非接触式活体显微摄影，解析HSV-1感染的细胞病变、表面隆起与破坏、上皮糜烂/溃疡、液体扩散及树枝状、地图状等多种病灶形态，重点讨论终末球、病灶融合和病变形成机制。内容还涵盖原发与复发性角膜炎、结膜病变，以及与腺病毒、带状疱疹、Thygeson角膜炎和机械性损伤的鉴别。书中连续影像展示荧光素钠、孟加拉玫瑰红染色及泪膜变化，介绍病毒分离培养、裂隙灯观察和活体光显微摄影。另详述阿昔洛韦眼膏治疗后的愈合过程、治疗失败与药物副作用，以及上皮下“鬼影”、异常细胞、囊性间隙等短期后遗症；通过病例呈现基质浸润、盘状角膜炎、前葡萄膜炎、干眼、复发、基质瘢痕及角膜融解，涉及低剂量激素、组织胶和接触镜等处理。",3072,"# Summary
本书出版于2010年，是一部面向眼科医师、角膜与眼表疾病研究者的HSV上皮性角膜炎形态学图谱，依据人体角膜长期非接触式活体显微摄影，解析HSV-1感染的细胞病变、表面隆起与破坏、上皮糜烂/溃疡、液体扩散及树枝状、地图状等多种病灶形态，重点讨论终末球、病灶融合和病变形成机制。内容还涵盖原发与复发性角膜炎、结膜病变，以及与腺病毒、带状疱疹、Thygeson角膜炎和机械性损伤的鉴别。书中连续影像展示荧光素钠、孟加拉玫瑰红染色及泪膜变化，介绍病毒分离培养、裂隙灯观察和活体光显微摄影。另详述阿昔洛韦眼膏治疗后的愈合过程、治疗失败与药物副作用，以及上皮下“鬼影”、异常细胞、囊性间隙等短期后遗症；通过病例呈现基质浸润、盘状角膜炎、前葡萄膜炎、干眼、复发、基质瘢痕及角膜融解，涉及低剂量激素、组织胶和接触镜等处理。"
9b495f02-e915-4121-be46-90e8e0c51e13,本书出版于2005年，由Philip L. Penfold、Jan M. Provis主编，面向眼科学、视网膜生物学及AMD临床研究人员，系统综述年龄相关性黄斑变性（AMD）的基础机制、流行病学、诊断与治疗。内容涵盖灵长类中央凹解剖、光感受器与视网膜色素上皮（RPE）、Bruch膜和脉络膜血管；血视网膜屏障、微胶质、免疫反应、炎症、玻璃膜疣及补体；光感受器退变、氧化应激、抗氧化系统、遗传易感性和环境风险因素，并比较中国不同地区AMD的患病率。书中还介绍激光诱导脉络膜新生血管（CNV）、生长因子及转基因动物模型。临床部分区分干性AMD与新生血管性（湿性）AMD，涉及地图样萎缩、玻璃膜疣、RPE损伤、CNV和视力丧失，介绍眼底摄影、荧光素血管造影、吲哚菁绿血管造影、组织学及电镜检查，以及AREDS营养补充、叶黄素、激光光凝、抗氧化治疗、血浆置换、维替泊芬光动力治疗、CNV切除和黄斑转位手术等。,completed,c437b1d5-3b50-4691-a118-99efd1ff3e1b,"# Summary
本书出版于2005年，由Philip L. Penfold、Jan M. Provis主编，面向眼科学、视网膜生物学及AMD临床研究人员，系统综述年龄相关性黄斑变性（AMD）的基础机制、流行病学、诊断与治疗。内容涵盖灵长类中央凹解剖、光感受器与视网膜色素上皮（RPE）、Bruch膜和脉络膜血管；血视网膜屏障、微胶质、免疫反应、炎症、玻璃膜疣及补体；光感受器退变、氧化应激、抗氧化系统、遗传易感性和环境风险因素，并比较中国不同地区AMD的患病率。书中还介绍激光诱导脉络膜新生血管（CNV）、生长因子及转基因动物模型。临床部分区分干性AMD与新生血管性（湿性）AMD，涉及地图样萎缩、玻璃膜疣、RPE损伤、CNV和视力丧失，介绍眼底摄影、荧光素血管造影、吲哚菁绿血管造影、组织学及电镜检查，以及AREDS营养补充、叶黄素、激光光凝、抗氧化治疗、血浆置换、维替泊芬光动力治疗、CNV切除和黄斑转位手术等。",3072,"# Summary
本书出版于2005年，由Philip L. Penfold、Jan M. Provis主编，面向眼科学、视网膜生物学及AMD临床研究人员，系统综述年龄相关性黄斑变性（AMD）的基础机制、流行病学、诊断与治疗。内容涵盖灵长类中央凹解剖、光感受器与视网膜色素上皮（RPE）、Bruch膜和脉络膜血管；血视网膜屏障、微胶质、免疫反应、炎症、玻璃膜疣及补体；光感受器退变、氧化应激、抗氧化系统、遗传易感性和环境风险因素，并比较中国不同地区AMD的患病率。书中还介绍激光诱导脉络膜新生血管（CNV）、生长因子及转基因动物模型。临床部分区分干性AMD与新生血管性（湿性）AMD，涉及地图样萎缩、玻璃膜疣、RPE损伤、CNV和视力丧失，介绍眼底摄影、荧光素血管造影、吲哚菁绿血管造影、组织学及电镜检查，以及AREDS营养补充、叶黄素、激光光凝、抗氧化治疗、血浆置换、维替泊芬光动力治疗、CNV切除和黄斑转位手术等。"
7de0d899-86c8-414e-9b10-52e5fcdae7e5,本书出版于2016年，是面向眼科医师、视网膜专科医师及遗传性眼病研究者的多作者专业专著，系统讨论遗传性及散发性黄斑营养不良的分子基础、临床表现、自然病程、鉴别诊断、检查与管理。内容涵盖Best卵黄样黄斑营养不良、模式营养不良、Stargardt病、视锥及全身性视网膜营养不良的黄斑改变、Malattia Leventinese（常染色体显性玻璃膜疣）、North Carolina黄斑营养不良、Sorsby眼底营养不良、m.3243A>G相关线粒体视网膜营养不良、X连锁视网膜劈裂及多种罕见黄斑病。重点涉及眼底检查、眼底自发荧光（FAF）、荧光素及吲哚菁绿血管造影、谱域OCT、多模态影像、ERG及遗传检测，并讨论黄斑萎缩、黄斑囊样水肿、视网膜前膜、脉络膜新生血管等并发改变。末章总结低视力康复、基因治疗、神经保护、视网膜假体、光遗传学、细胞治疗、感觉替代装置及玻璃体腔或视网膜下注射等前沿干预。,completed,9a31e438-b3b7-4bdb-a0f6-856c72b5e801,"# Summary
本书出版于2016年，是面向眼科医师、视网膜专科医师及遗传性眼病研究者的多作者专业专著，系统讨论遗传性及散发性黄斑营养不良的分子基础、临床表现、自然病程、鉴别诊断、检查与管理。内容涵盖Best卵黄样黄斑营养不良、模式营养不良、Stargardt病、视锥及全身性视网膜营养不良的黄斑改变、Malattia Leventinese（常染色体显性玻璃膜疣）、North Carolina黄斑营养不良、Sorsby眼底营养不良、m.3243A>G相关线粒体视网膜营养不良、X连锁视网膜劈裂及多种罕见黄斑病。重点涉及眼底检查、眼底自发荧光（FAF）、荧光素及吲哚菁绿血管造影、谱域OCT、多模态影像、ERG及遗传检测，并讨论黄斑萎缩、黄斑囊样水肿、视网膜前膜、脉络膜新生血管等并发改变。末章总结低视力康复、基因治疗、神经保护、视网膜假体、光遗传学、细胞治疗、感觉替代装置及玻璃体腔或视网膜下注射等前沿干预。",3072,"# Summary
本书出版于2016年，是面向眼科医师、视网膜专科医师及遗传性眼病研究者的多作者专业专著，系统讨论遗传性及散发性黄斑营养不良的分子基础、临床表现、自然病程、鉴别诊断、检查与管理。内容涵盖Best卵黄样黄斑营养不良、模式营养不良、Stargardt病、视锥及全身性视网膜营养不良的黄斑改变、Malattia Leventinese（常染色体显性玻璃膜疣）、North Carolina黄斑营养不良、Sorsby眼底营养不良、m.3243A>G相关线粒体视网膜营养不良、X连锁视网膜劈裂及多种罕见黄斑病。重点涉及眼底检查、眼底自发荧光（FAF）、荧光素及吲哚菁绿血管造影、谱域OCT、多模态影像、ERG及遗传检测，并讨论黄斑萎缩、黄斑囊样水肿、视网膜前膜、脉络膜新生血管等并发改变。末章总结低视力康复、基因治疗、神经保护、视网膜假体、光遗传学、细胞治疗、感觉替代装置及玻璃体腔或视网膜下注射等前沿干预。"
eca6129c-5445-46b5-9c1e-4ef489097a53,本书为Springer 2015年出版的复杂玻璃体视网膜疾病外科管理专著，面向年轻及资深玻璃体视网膜外科医师，强调围手术期决策、疑难病例处理及术中术后并发症应对，适合作为手术室参考。全书涵盖高度近视黄斑扣带术、儿童复杂玻璃体视网膜病例、后葡萄膜炎玻璃体切除、开放性眼球损伤、增生性玻璃体视网膜病变、增生性糖尿病视网膜病变、玻璃体视网膜手术填塞物并发症、巩膜扣带术及视网膜脱离玻璃体切除的术中术后并发症，还讨论感染性眼内炎的微创玻璃体切除、玻璃体视网膜内窥镜、永久性人工角膜相关问题、黄斑手术并发症及微创玻璃体切除系统。重要关键词包括后巩膜葡萄肿、黄斑裂孔性视网膜脱离、近视性黄斑劈裂、黄斑裂孔、OCT、玻璃体切除、染料、全氟化碳液、内界膜剥除、硅油填塞、视网膜切开及激光光凝等。,completed,63959935-b5cc-448d-ae35-78c6798604f7,"# Summary
本书为Springer 2015年出版的复杂玻璃体视网膜疾病外科管理专著，面向年轻及资深玻璃体视网膜外科医师，强调围手术期决策、疑难病例处理及术中术后并发症应对，适合作为手术室参考。全书涵盖高度近视黄斑扣带术、儿童复杂玻璃体视网膜病例、后葡萄膜炎玻璃体切除、开放性眼球损伤、增生性玻璃体视网膜病变、增生性糖尿病视网膜病变、玻璃体视网膜手术填塞物并发症、巩膜扣带术及视网膜脱离玻璃体切除的术中术后并发症，还讨论感染性眼内炎的微创玻璃体切除、玻璃体视网膜内窥镜、永久性人工角膜相关问题、黄斑手术并发症及微创玻璃体切除系统。重要关键词包括后巩膜葡萄肿、黄斑裂孔性视网膜脱离、近视性黄斑劈裂、黄斑裂孔、OCT、玻璃体切除、染料、全氟化碳液、内界膜剥除、硅油填塞、视网膜切开及激光光凝等。",3072,"# Summary
本书为Springer 2015年出版的复杂玻璃体视网膜疾病外科管理专著，面向年轻及资深玻璃体视网膜外科医师，强调围手术期决策、疑难病例处理及术中术后并发症应对，适合作为手术室参考。全书涵盖高度近视黄斑扣带术、儿童复杂玻璃体视网膜病例、后葡萄膜炎玻璃体切除、开放性眼球损伤、增生性玻璃体视网膜病变、增生性糖尿病视网膜病变、玻璃体视网膜手术填塞物并发症、巩膜扣带术及视网膜脱离玻璃体切除的术中术后并发症，还讨论感染性眼内炎的微创玻璃体切除、玻璃体视网膜内窥镜、永久性人工角膜相关问题、黄斑手术并发症及微创玻璃体切除系统。重要关键词包括后巩膜葡萄肿、黄斑裂孔性视网膜脱离、近视性黄斑劈裂、黄斑裂孔、OCT、玻璃体切除、染料、全氟化碳液、内界膜剥除、硅油填塞、视网膜切开及激光光凝等。"
59e6ac22-2421-464c-b5e6-942c250ddb5f,本书出版于2016年，是面向眼科医师、住院医师及需在资源有限环境开展白内障手术者的MSICS实用手册，重点说明其相较超声乳化在费用、手术时间、学习曲线及成熟硬核白内障处理方面的特点。全书涵盖器械耗材、局部/表面麻醉、术前准备与铺巾、巩膜隧道切口及缝合、前囊膜开口、撕囊、分离与核脱位、核娩出、皮质吸除、人工晶状体植入、伤口处理和术后用药随访，并讨论并发症、疗效、散光、成本及由超声乳化转为MSICS的指征。重点技术包括Blumenthal技术、前房维持器、连续环形撕囊、V形或开罐式截囊、液体/黏弹性表达、sandwich、fish-hook、手工劈核、三分核、snare及手工碎核。还涉及小瞳孔、后极性白内障、假性剥脱综合征、葡萄膜炎性和外伤性白内障、晶状体诱发性青光眼、后囊膜破裂、悬韧带松解及前部玻璃体切除等特殊情境。,completed,f6757389-8ea7-4cb0-8723-4f610e9c608d,"# Summary
本书出版于2016年，是面向眼科医师、住院医师及需在资源有限环境开展白内障手术者的MSICS实用手册，重点说明其相较超声乳化在费用、手术时间、学习曲线及成熟硬核白内障处理方面的特点。全书涵盖器械耗材、局部/表面麻醉、术前准备与铺巾、巩膜隧道切口及缝合、前囊膜开口、撕囊、分离与核脱位、核娩出、皮质吸除、人工晶状体植入、伤口处理和术后用药随访，并讨论并发症、疗效、散光、成本及由超声乳化转为MSICS的指征。重点技术包括Blumenthal技术、前房维持器、连续环形撕囊、V形或开罐式截囊、液体/黏弹性表达、sandwich、fish-hook、手工劈核、三分核、snare及手工碎核。还涉及小瞳孔、后极性白内障、假性剥脱综合征、葡萄膜炎性和外伤性白内障、晶状体诱发性青光眼、后囊膜破裂、悬韧带松解及前部玻璃体切除等特殊情境。",3072,"# Summary
本书出版于2016年，是面向眼科医师、住院医师及需在资源有限环境开展白内障手术者的MSICS实用手册，重点说明其相较超声乳化在费用、手术时间、学习曲线及成熟硬核白内障处理方面的特点。全书涵盖器械耗材、局部/表面麻醉、术前准备与铺巾、巩膜隧道切口及缝合、前囊膜开口、撕囊、分离与核脱位、核娩出、皮质吸除、人工晶状体植入、伤口处理和术后用药随访，并讨论并发症、疗效、散光、成本及由超声乳化转为MSICS的指征。重点技术包括Blumenthal技术、前房维持器、连续环形撕囊、V形或开罐式截囊、液体/黏弹性表达、sandwich、fish-hook、手工劈核、三分核、snare及手工碎核。还涉及小瞳孔、后极性白内障、假性剥脱综合征、葡萄膜炎性和外伤性白内障、晶状体诱发性青光眼、后囊膜破裂、悬韧带松解及前部玻璃体切除等特殊情境。"
b6434337-5900-490c-9c74-2c707e01ff06,本书出版于2009年，是Lanning B. Kline、Rod Foroozan主编的视神经疾病临床参考书，适用于眼科医生、神经眼科医生及相关临床医师。全书首先介绍视神经的解剖、生理、血液供应和轴突生理，随后讲解病史采集、视力、视野、色觉、亮度对比、瞳孔、对比敏感度、检眼镜、电生理及影像学检查。主要内容涵盖视乳头水肿及特发性颅内压增高、视神经炎与多发性硬化、缺血性视神经病变（NAION、巨细胞动脉炎及后部缺血性病变）、前部视路压迫，以及视神经胶质瘤、颅咽管瘤、垂体腺瘤、脑膜瘤、颅内动脉瘤和甲状腺相关眼病。还系统讨论发育性和遗传性异常、Leber遗传性视神经病变、中毒性和营养性病变、外伤性视神经损伤，以及放射性、癌性、糖尿病性视乳头病变等。书中结合临床表现、鉴别诊断、神经影像、治疗选择、视力预后及颞动脉活检、白内障摘除术等技术，为视神经疾病的诊断和治疗提供参考。,completed,05b6398c-3b81-4b6a-ae10-5875911f81d0,"# Summary
本书出版于2009年，是Lanning B. Kline、Rod Foroozan主编的视神经疾病临床参考书，适用于眼科医生、神经眼科医生及相关临床医师。全书首先介绍视神经的解剖、生理、血液供应和轴突生理，随后讲解病史采集、视力、视野、色觉、亮度对比、瞳孔、对比敏感度、检眼镜、电生理及影像学检查。主要内容涵盖视乳头水肿及特发性颅内压增高、视神经炎与多发性硬化、缺血性视神经病变（NAION、巨细胞动脉炎及后部缺血性病变）、前部视路压迫，以及视神经胶质瘤、颅咽管瘤、垂体腺瘤、脑膜瘤、颅内动脉瘤和甲状腺相关眼病。还系统讨论发育性和遗传性异常、Leber遗传性视神经病变、中毒性和营养性病变、外伤性视神经损伤，以及放射性、癌性、糖尿病性视乳头病变等。书中结合临床表现、鉴别诊断、神经影像、治疗选择、视力预后及颞动脉活检、白内障摘除术等技术，为视神经疾病的诊断和治疗提供参考。",3072,"# Summary
本书出版于2009年，是Lanning B. Kline、Rod Foroozan主编的视神经疾病临床参考书，适用于眼科医生、神经眼科医生及相关临床医师。全书首先介绍视神经的解剖、生理、血液供应和轴突生理，随后讲解病史采集、视力、视野、色觉、亮度对比、瞳孔、对比敏感度、检眼镜、电生理及影像学检查。主要内容涵盖视乳头水肿及特发性颅内压增高、视神经炎与多发性硬化、缺血性视神经病变（NAION、巨细胞动脉炎及后部缺血性病变）、前部视路压迫，以及视神经胶质瘤、颅咽管瘤、垂体腺瘤、脑膜瘤、颅内动脉瘤和甲状腺相关眼病。还系统讨论发育性和遗传性异常、Leber遗传性视神经病变、中毒性和营养性病变、外伤性视神经损伤，以及放射性、癌性、糖尿病性视乳头病变等。书中结合临床表现、鉴别诊断、神经影像、治疗选择、视力预后及颞动脉活检、白内障摘除术等技术，为视神经疾病的诊断和治疗提供参考。"
5213d56a-eb9d-4988-ad52-2be0aaef0fa8,本书出版于2018年，是面向综合眼科医师、青光眼专科医师、住院医师及研究员的青光眼光学相干断层扫描（OCT）实用指南，重点服务于青光眼的早期诊断、结构性损害识别与进展监测。全书从OCT发展史、成像原理、技术参数及厂商系统入手，系统讲解Cirrus HD-OCT与Spectralis OCT报告的判读，包括视神经头（ONH）、视网膜神经纤维层（RNFL）、神经节细胞层/内丛状层（GCL+IPL）、黄斑和最小盘缘宽度（BMO-MRW）等指标。内容进一步覆盖不同严重程度青光眼病例、规范数据库比较、扫描质量控制、伪影与解剖变异、非青光眼性视神经病变，以及近视眼中的OCT应用和前节OCT。后半部分聚焦青光眼结构性进展、Cirrus Guided Progression Analysis、Spectralis进展分析、结构—功能关系及视野检查的联合解释，最后介绍OCT血管成像（OCTA）在青光眼中的应用。书中强调不能机械依赖红黄绿分类或饼图，而应结合原始影像、视盘、RNFL、黄斑、视觉功能及病例背景综合判断。,completed,76746ac6-3bdb-450f-a769-e64d27af2fe7,"# Summary
本书出版于2018年，是面向综合眼科医师、青光眼专科医师、住院医师及研究员的青光眼光学相干断层扫描（OCT）实用指南，重点服务于青光眼的早期诊断、结构性损害识别与进展监测。全书从OCT发展史、成像原理、技术参数及厂商系统入手，系统讲解Cirrus HD-OCT与Spectralis OCT报告的判读，包括视神经头（ONH）、视网膜神经纤维层（RNFL）、神经节细胞层/内丛状层（GCL+IPL）、黄斑和最小盘缘宽度（BMO-MRW）等指标。内容进一步覆盖不同严重程度青光眼病例、规范数据库比较、扫描质量控制、伪影与解剖变异、非青光眼性视神经病变，以及近视眼中的OCT应用和前节OCT。后半部分聚焦青光眼结构性进展、Cirrus Guided Progression Analysis、Spectralis进展分析、结构—功能关系及视野检查的联合解释，最后介绍OCT血管成像（OCTA）在青光眼中的应用。书中强调不能机械依赖红黄绿分类或饼图，而应结合原始影像、视盘、RNFL、黄斑、视觉功能及病例背景综合判断。",3072,"# Summary
本书出版于2018年，是面向综合眼科医师、青光眼专科医师、住院医师及研究员的青光眼光学相干断层扫描（OCT）实用指南，重点服务于青光眼的早期诊断、结构性损害识别与进展监测。全书从OCT发展史、成像原理、技术参数及厂商系统入手，系统讲解Cirrus HD-OCT与Spectralis OCT报告的判读，包括视神经头（ONH）、视网膜神经纤维层（RNFL）、神经节细胞层/内丛状层（GCL+IPL）、黄斑和最小盘缘宽度（BMO-MRW）等指标。内容进一步覆盖不同严重程度青光眼病例、规范数据库比较、扫描质量控制、伪影与解剖变异、非青光眼性视神经病变，以及近视眼中的OCT应用和前节OCT。后半部分聚焦青光眼结构性进展、Cirrus Guided Progression Analysis、Spectralis进展分析、结构—功能关系及视野检查的联合解释，最后介绍OCT血管成像（OCTA）在青光眼中的应用。书中强调不能机械依赖红黄绿分类或饼图，而应结合原始影像、视盘、RNFL、黄斑、视觉功能及病例背景综合判断。"
4cee46c6-3bc2-47ab-9151-9c81569645a6,本书出版于2007年，是面向眼科住院医师、显微眼科及各亚专科手术医师的实用技术专著，系统讲解显微镜下眼组织缝合、打结与创口闭合，强调维持眼球完整性、减少感染和手术源性散光、改善视觉结局。全书从创口闭合的物理学、组织操作与张力控制入手，介绍显微手术针、缝线、持针器、组织镊、打结镊及剪刀等器械选择，详述缝线材料、进针方向、等深等距缝合、间断与连续缝合、滑结和方结等基本原则，并配合步骤说明及手术视频。内容覆盖白内障切口闭合、人工晶状体缝合、角膜缝合、眼外伤修复、虹膜重建、巩膜和视网膜缝合、青光眼手术、羊膜移植缝合、斜视手术、屈光手术，以及翼状胬肉、组织胶和未来创口闭合技术；涉及角膜、巩膜、结膜、眼睑、前房、虹膜、人工晶状体等部位及微切口眼内缝合技术。,completed,aee662b2-1ff3-45fe-afc0-e09bc6d25946,"# Summary
本书出版于2007年，是面向眼科住院医师、显微眼科及各亚专科手术医师的实用技术专著，系统讲解显微镜下眼组织缝合、打结与创口闭合，强调维持眼球完整性、减少感染和手术源性散光、改善视觉结局。全书从创口闭合的物理学、组织操作与张力控制入手，介绍显微手术针、缝线、持针器、组织镊、打结镊及剪刀等器械选择，详述缝线材料、进针方向、等深等距缝合、间断与连续缝合、滑结和方结等基本原则，并配合步骤说明及手术视频。内容覆盖白内障切口闭合、人工晶状体缝合、角膜缝合、眼外伤修复、虹膜重建、巩膜和视网膜缝合、青光眼手术、羊膜移植缝合、斜视手术、屈光手术，以及翼状胬肉、组织胶和未来创口闭合技术；涉及角膜、巩膜、结膜、眼睑、前房、虹膜、人工晶状体等部位及微切口眼内缝合技术。",3072,"# Summary
本书出版于2007年，是面向眼科住院医师、显微眼科及各亚专科手术医师的实用技术专著，系统讲解显微镜下眼组织缝合、打结与创口闭合，强调维持眼球完整性、减少感染和手术源性散光、改善视觉结局。全书从创口闭合的物理学、组织操作与张力控制入手，介绍显微手术针、缝线、持针器、组织镊、打结镊及剪刀等器械选择，详述缝线材料、进针方向、等深等距缝合、间断与连续缝合、滑结和方结等基本原则，并配合步骤说明及手术视频。内容覆盖白内障切口闭合、人工晶状体缝合、角膜缝合、眼外伤修复、虹膜重建、巩膜和视网膜缝合、青光眼手术、羊膜移植缝合、斜视手术、屈光手术，以及翼状胬肉、组织胶和未来创口闭合技术；涉及角膜、巩膜、结膜、眼睑、前房、虹膜、人工晶状体等部位及微切口眼内缝合技术。"
42ebc14f-fa92-4b6a-8e25-b1ccfc2f5b84,本书出版于2011年，是M.D. Anderson实体肿瘤学系列中的眼科肿瘤专著，面向眼科、眼整形与眼眶外科、肿瘤科、放射肿瘤科、神经眼科及相关影像、病理专业人员，强调综合癌症中心的多学科诊疗。内容从眼眶及眼附属器肿瘤展开，涵盖成人原发性眼眶癌、良性及儿童眼眶肿瘤、横纹肌肉瘤、转移瘤、泪腺、眼睑和结膜肿瘤，并讨论标本处理、神经放射影像和放射治疗；进一步介绍视网膜母细胞瘤、葡萄膜黑色素瘤、葡萄膜转移瘤及后极部血管瘤。书中还涉及眼睑缺损重建、泪道手术、眼睑 malposition、颅面手术、眼球摘除、眼内容剜除、眼眶内容物剜除及放疗后眼窝修复。后半部分聚焦癌症治疗相关泪道毒性、化疗眼眶副作用、免疫抑制患者眼部感染，以及颅神经麻痹、颅底肿瘤、视神经胶质瘤和脑膜瘤、软脑膜病、旁肿瘤性视觉综合征、神经纤维瘤病、内源性眼内炎、病毒性视网膜炎、诊断性玻璃体切除和眼内淋巴瘤。关键词包括CT、MRI、活检、组织病理与免疫诊断、化疗、放疗、手术切除及临床照片诊断。,completed,3c6ce180-7844-4170-8be9-17bf5e4d83d2,"# Summary
本书出版于2011年，是M.D. Anderson实体肿瘤学系列中的眼科肿瘤专著，面向眼科、眼整形与眼眶外科、肿瘤科、放射肿瘤科、神经眼科及相关影像、病理专业人员，强调综合癌症中心的多学科诊疗。内容从眼眶及眼附属器肿瘤展开，涵盖成人原发性眼眶癌、良性及儿童眼眶肿瘤、横纹肌肉瘤、转移瘤、泪腺、眼睑和结膜肿瘤，并讨论标本处理、神经放射影像和放射治疗；进一步介绍视网膜母细胞瘤、葡萄膜黑色素瘤、葡萄膜转移瘤及后极部血管瘤。书中还涉及眼睑缺损重建、泪道手术、眼睑 malposition、颅面手术、眼球摘除、眼内容剜除、眼眶内容物剜除及放疗后眼窝修复。后半部分聚焦癌症治疗相关泪道毒性、化疗眼眶副作用、免疫抑制患者眼部感染，以及颅神经麻痹、颅底肿瘤、视神经胶质瘤和脑膜瘤、软脑膜病、旁肿瘤性视觉综合征、神经纤维瘤病、内源性眼内炎、病毒性视网膜炎、诊断性玻璃体切除和眼内淋巴瘤。关键词包括CT、MRI、活检、组织病理与免疫诊断、化疗、放疗、手术切除及临床照片诊断。",3072,"# Summary
本书出版于2011年，是M.D. Anderson实体肿瘤学系列中的眼科肿瘤专著，面向眼科、眼整形与眼眶外科、肿瘤科、放射肿瘤科、神经眼科及相关影像、病理专业人员，强调综合癌症中心的多学科诊疗。内容从眼眶及眼附属器肿瘤展开，涵盖成人原发性眼眶癌、良性及儿童眼眶肿瘤、横纹肌肉瘤、转移瘤、泪腺、眼睑和结膜肿瘤，并讨论标本处理、神经放射影像和放射治疗；进一步介绍视网膜母细胞瘤、葡萄膜黑色素瘤、葡萄膜转移瘤及后极部血管瘤。书中还涉及眼睑缺损重建、泪道手术、眼睑 malposition、颅面手术、眼球摘除、眼内容剜除、眼眶内容物剜除及放疗后眼窝修复。后半部分聚焦癌症治疗相关泪道毒性、化疗眼眶副作用、免疫抑制患者眼部感染，以及颅神经麻痹、颅底肿瘤、视神经胶质瘤和脑膜瘤、软脑膜病、旁肿瘤性视觉综合征、神经纤维瘤病、内源性眼内炎、病毒性视网膜炎、诊断性玻璃体切除和眼内淋巴瘤。关键词包括CT、MRI、活检、组织病理与免疫诊断、化疗、放疗、手术切除及临床照片诊断。"
9c06cb6b-c24e-4f03-b351-51f3208ad055,本书出版于2015年，是面向眼科、颌面外科、神经外科、神经科、耳鼻喉科、放射科及急诊医师，并适合医学生、眼科住院医师和专培医师的眼眶骨折多学科临床手册。全书从眼眶及眶周骨性、软组织、血管神经、鼻旁窦和相关颅面间隙解剖入手，介绍X线、超声、CT、MRI等影像检查及眼眶正常与损伤影像解剖；重点讨论眶底爆裂骨折、陷阱门型及爆入型骨折的机制、分类、临床表现、诊断、治疗、移植物选择和术后并发症，包括眶内血肿、眶气肿、视神经病变、复视、眼球内陷、眶下神经病变、植入物感染或移位、眶鼻瘘等。随后涵盖孤立性及粉碎性眶内侧壁骨折、鼻眶筛骨折、颧眶骨折、Le Fort I–III型上颌骨骨折，以及额底、额窦壁、眶顶和眶尖骨折，涉及内镜入路、经上颌窦入路、骨折复位重建和并发症处理。,completed,f0a7a4f4-130e-4e26-a659-de762b0aa78a,"# Summary
本书出版于2015年，是面向眼科、颌面外科、神经外科、神经科、耳鼻喉科、放射科及急诊医师，并适合医学生、眼科住院医师和专培医师的眼眶骨折多学科临床手册。全书从眼眶及眶周骨性、软组织、血管神经、鼻旁窦和相关颅面间隙解剖入手，介绍X线、超声、CT、MRI等影像检查及眼眶正常与损伤影像解剖；重点讨论眶底爆裂骨折、陷阱门型及爆入型骨折的机制、分类、临床表现、诊断、治疗、移植物选择和术后并发症，包括眶内血肿、眶气肿、视神经病变、复视、眼球内陷、眶下神经病变、植入物感染或移位、眶鼻瘘等。随后涵盖孤立性及粉碎性眶内侧壁骨折、鼻眶筛骨折、颧眶骨折、Le Fort I–III型上颌骨骨折，以及额底、额窦壁、眶顶和眶尖骨折，涉及内镜入路、经上颌窦入路、骨折复位重建和并发症处理。",3072,"# Summary
本书出版于2015年，是面向眼科、颌面外科、神经外科、神经科、耳鼻喉科、放射科及急诊医师，并适合医学生、眼科住院医师和专培医师的眼眶骨折多学科临床手册。全书从眼眶及眶周骨性、软组织、血管神经、鼻旁窦和相关颅面间隙解剖入手，介绍X线、超声、CT、MRI等影像检查及眼眶正常与损伤影像解剖；重点讨论眶底爆裂骨折、陷阱门型及爆入型骨折的机制、分类、临床表现、诊断、治疗、移植物选择和术后并发症，包括眶内血肿、眶气肿、视神经病变、复视、眼球内陷、眶下神经病变、植入物感染或移位、眶鼻瘘等。随后涵盖孤立性及粉碎性眶内侧壁骨折、鼻眶筛骨折、颧眶骨折、Le Fort I–III型上颌骨骨折，以及额底、额窦壁、眶顶和眶尖骨折，涉及内镜入路、经上颌窦入路、骨折复位重建和并发症处理。"
d5a22de7-6545-4f0a-ab5c-4176a12fc12f,本书出版于2015年，是面向眼科医师、眼科住院医师、眼整形与眼眶外科医师，以及儿科、放射科、病理科、神经外科、耳鼻喉科和肿瘤科专业人员的眼眶肿瘤单卷参考书。全书从癌症分子模型、免疫监视、肿瘤发生发展、转移机制及视网膜母细胞瘤第二原发肿瘤切入，系统介绍眼眶临床与神经眼科评估、超声、CT、MRI及新型影像分析，涵盖眼眶活检、免疫组化、流式细胞术、基因微阵列和PCR。疾病框架包括眼附属器淋巴瘤、血管瘤样病变、纤维组织细胞性、纤维骨性与软骨性、周围神经、泪腺及泪道肿瘤，以及眼睑和眼周皮肤、结膜、眼内、鼻旁窦/鼻腔/颅腔肿瘤、转移瘤和儿童良恶性肿瘤；同时讨论感染与炎症、Graves病及炎性占位与肿瘤的鉴别。治疗部分涉及恶性肿瘤分期、手术、三维计算机图像引导与放射外科、放疗、儿童及成人化疗，并提及肿瘤血管介入、靶向药物、纳米刀和射频热消融等技术。,completed,74171dee-fd8e-4620-b1f9-015f213b5fe1,"# Summary
本书出版于2015年，是面向眼科医师、眼科住院医师、眼整形与眼眶外科医师，以及儿科、放射科、病理科、神经外科、耳鼻喉科和肿瘤科专业人员的眼眶肿瘤单卷参考书。全书从癌症分子模型、免疫监视、肿瘤发生发展、转移机制及视网膜母细胞瘤第二原发肿瘤切入，系统介绍眼眶临床与神经眼科评估、超声、CT、MRI及新型影像分析，涵盖眼眶活检、免疫组化、流式细胞术、基因微阵列和PCR。疾病框架包括眼附属器淋巴瘤、血管瘤样病变、纤维组织细胞性、纤维骨性与软骨性、周围神经、泪腺及泪道肿瘤，以及眼睑和眼周皮肤、结膜、眼内、鼻旁窦/鼻腔/颅腔肿瘤、转移瘤和儿童良恶性肿瘤；同时讨论感染与炎症、Graves病及炎性占位与肿瘤的鉴别。治疗部分涉及恶性肿瘤分期、手术、三维计算机图像引导与放射外科、放疗、儿童及成人化疗，并提及肿瘤血管介入、靶向药物、纳米刀和射频热消融等技术。",3072,"# Summary
本书出版于2015年，是面向眼科医师、眼科住院医师、眼整形与眼眶外科医师，以及儿科、放射科、病理科、神经外科、耳鼻喉科和肿瘤科专业人员的眼眶肿瘤单卷参考书。全书从癌症分子模型、免疫监视、肿瘤发生发展、转移机制及视网膜母细胞瘤第二原发肿瘤切入，系统介绍眼眶临床与神经眼科评估、超声、CT、MRI及新型影像分析，涵盖眼眶活检、免疫组化、流式细胞术、基因微阵列和PCR。疾病框架包括眼附属器淋巴瘤、血管瘤样病变、纤维组织细胞性、纤维骨性与软骨性、周围神经、泪腺及泪道肿瘤，以及眼睑和眼周皮肤、结膜、眼内、鼻旁窦/鼻腔/颅腔肿瘤、转移瘤和儿童良恶性肿瘤；同时讨论感染与炎症、Graves病及炎性占位与肿瘤的鉴别。治疗部分涉及恶性肿瘤分期、手术、三维计算机图像引导与放射外科、放疗、儿童及成人化疗，并提及肿瘤血管介入、靶向药物、纳米刀和射频热消融等技术。"
2a4264ec-00ac-4811-8f50-b5b3a148b6d5,本书出版于2014年，是面向眼科临床医师、视网膜专科医师、研究者及学生的病理性近视综合性专著与图谱。内容从近视历史、流行病学、遗传学、环境因素、动物实验模型及巩膜调控机制入手，延伸至病理性近视的公共卫生负担、眼球形态与组织病理。重点讨论脉络膜、视神经乳头、玻璃体、后巩膜葡萄肿及其三维MRI分析，并系统覆盖近视性脉络膜视网膜萎缩、脉络膜新生血管、黄斑劈裂、周边视网膜异常、视网膜脱离、青光眼、近视性视神经病变、白内障手术特殊问题、眼球运动异常及相关全身疾病。书中介绍眼轴测量、眼底自发荧光、荧光素及吲哚菁绿血管造影、OCT、自适应光学眼底成像和3D MRI等检查影像，涉及抗VEGF治疗、眼压控制、儿童青少年近视进展预防、角膜塑形镜及巩膜靶向治疗等策略。,completed,14c2d959-8935-42f4-ac44-3b3d2e63d25a,"# Summary
本书出版于2014年，是面向眼科临床医师、视网膜专科医师、研究者及学生的病理性近视综合性专著与图谱。内容从近视历史、流行病学、遗传学、环境因素、动物实验模型及巩膜调控机制入手，延伸至病理性近视的公共卫生负担、眼球形态与组织病理。重点讨论脉络膜、视神经乳头、玻璃体、后巩膜葡萄肿及其三维MRI分析，并系统覆盖近视性脉络膜视网膜萎缩、脉络膜新生血管、黄斑劈裂、周边视网膜异常、视网膜脱离、青光眼、近视性视神经病变、白内障手术特殊问题、眼球运动异常及相关全身疾病。书中介绍眼轴测量、眼底自发荧光、荧光素及吲哚菁绿血管造影、OCT、自适应光学眼底成像和3D MRI等检查影像，涉及抗VEGF治疗、眼压控制、儿童青少年近视进展预防、角膜塑形镜及巩膜靶向治疗等策略。",3072,"# Summary
本书出版于2014年，是面向眼科临床医师、视网膜专科医师、研究者及学生的病理性近视综合性专著与图谱。内容从近视历史、流行病学、遗传学、环境因素、动物实验模型及巩膜调控机制入手，延伸至病理性近视的公共卫生负担、眼球形态与组织病理。重点讨论脉络膜、视神经乳头、玻璃体、后巩膜葡萄肿及其三维MRI分析，并系统覆盖近视性脉络膜视网膜萎缩、脉络膜新生血管、黄斑劈裂、周边视网膜异常、视网膜脱离、青光眼、近视性视神经病变、白内障手术特殊问题、眼球运动异常及相关全身疾病。书中介绍眼轴测量、眼底自发荧光、荧光素及吲哚菁绿血管造影、OCT、自适应光学眼底成像和3D MRI等检查影像，涉及抗VEGF治疗、眼压控制、儿童青少年近视进展预防、角膜塑形镜及巩膜靶向治疗等策略。"
936d1e8f-86ab-4366-ad66-51f4bff50569,本书出版于2014年，是面向小儿眼科医师及成人白内障医师的儿童白内障临床与手术专著，系统覆盖先天性、婴幼儿及青少年白内障的遗传学、病因与形态、流行病学、视觉筛查、白瞳反光识别、视觉发育关键期、手术时机及人工晶状体度数计算。内容依次包括术前评估与围术期准备、麻醉、切口与黏弹剂、前囊处理、水分离、晶状体吸除、后囊切开、前部玻璃体切除及感染和炎症预防；重点讨论初次或二期人工晶状体植入、光学部捕获、bag-in-the-lens、piggyback IOL、无囊袋支持植入及散光矫正。并针对外伤、持续性胎儿血管、无虹膜、晶状体异位、葡萄膜炎、早产儿视网膜病变、视网膜母细胞瘤放射性白内障及全身综合征进行处理。后半部分涵盖术后屈光残余、无晶状体矫正、弱视与斜视、视觉结局、介质混浊、术后青光眼、近视漂移、低视力康复、生活质量及未来发展。,completed,de226e2a-fd89-4a81-8e13-6002861d4d26,"# Summary
本书出版于2014年，是面向小儿眼科医师及成人白内障医师的儿童白内障临床与手术专著，系统覆盖先天性、婴幼儿及青少年白内障的遗传学、病因与形态、流行病学、视觉筛查、白瞳反光识别、视觉发育关键期、手术时机及人工晶状体度数计算。内容依次包括术前评估与围术期准备、麻醉、切口与黏弹剂、前囊处理、水分离、晶状体吸除、后囊切开、前部玻璃体切除及感染和炎症预防；重点讨论初次或二期人工晶状体植入、光学部捕获、bag-in-the-lens、piggyback IOL、无囊袋支持植入及散光矫正。并针对外伤、持续性胎儿血管、无虹膜、晶状体异位、葡萄膜炎、早产儿视网膜病变、视网膜母细胞瘤放射性白内障及全身综合征进行处理。后半部分涵盖术后屈光残余、无晶状体矫正、弱视与斜视、视觉结局、介质混浊、术后青光眼、近视漂移、低视力康复、生活质量及未来发展。",3072,"# Summary
本书出版于2014年，是面向小儿眼科医师及成人白内障医师的儿童白内障临床与手术专著，系统覆盖先天性、婴幼儿及青少年白内障的遗传学、病因与形态、流行病学、视觉筛查、白瞳反光识别、视觉发育关键期、手术时机及人工晶状体度数计算。内容依次包括术前评估与围术期准备、麻醉、切口与黏弹剂、前囊处理、水分离、晶状体吸除、后囊切开、前部玻璃体切除及感染和炎症预防；重点讨论初次或二期人工晶状体植入、光学部捕获、bag-in-the-lens、piggyback IOL、无囊袋支持植入及散光矫正。并针对外伤、持续性胎儿血管、无虹膜、晶状体异位、葡萄膜炎、早产儿视网膜病变、视网膜母细胞瘤放射性白内障及全身综合征进行处理。后半部分涵盖术后屈光残余、无晶状体矫正、弱视与斜视、视觉结局、介质混浊、术后青光眼、近视漂移、低视力康复、生活质量及未来发展。"
745acd0a-af90-48ac-a881-ec8c79ed5153,本书出版于2019年，是《Essentials in Ophthalmology》系列的后葡萄膜炎专题著作，面向眼科医生、葡萄膜炎及眼底病专科医师、住院医师和从事眼科影像与治疗研究者。全书围绕影像诊断、疾病谱和治疗进展展开：首先介绍彩色眼底摄影、荧光素血管造影（FA）、吲哚菁绿血管造影（ICGA）、超广角成像、眼底自发荧光（FAF）、OCT、OCT-A及B超等技术在后葡萄膜炎识别和随访中的应用；随后讨论眼部结节病、Vogt-Koyanagi-Harada病、交感性眼炎、多灶性脉络膜炎、蛇行性脉络膜炎及相关疾病；感染性部分涵盖眼弓形虫病、眼梅毒、眼结核、病毒性视网膜炎，并介绍伪装综合征眼内淋巴瘤。治疗部分系统涉及非感染性葡萄膜炎的全身及局部糖皮质激素、免疫调节剂、生物制剂和新兴疗法，突出药物递送、影像指导诊疗及炎症复发监测等临床重点。,completed,e6903031-dca3-41d7-802f-44171c4272b4,"# Summary
本书出版于2019年，是《Essentials in Ophthalmology》系列的后葡萄膜炎专题著作，面向眼科医生、葡萄膜炎及眼底病专科医师、住院医师和从事眼科影像与治疗研究者。全书围绕影像诊断、疾病谱和治疗进展展开：首先介绍彩色眼底摄影、荧光素血管造影（FA）、吲哚菁绿血管造影（ICGA）、超广角成像、眼底自发荧光（FAF）、OCT、OCT-A及B超等技术在后葡萄膜炎识别和随访中的应用；随后讨论眼部结节病、Vogt-Koyanagi-Harada病、交感性眼炎、多灶性脉络膜炎、蛇行性脉络膜炎及相关疾病；感染性部分涵盖眼弓形虫病、眼梅毒、眼结核、病毒性视网膜炎，并介绍伪装综合征眼内淋巴瘤。治疗部分系统涉及非感染性葡萄膜炎的全身及局部糖皮质激素、免疫调节剂、生物制剂和新兴疗法，突出药物递送、影像指导诊疗及炎症复发监测等临床重点。",3072,"# Summary
本书出版于2019年，是《Essentials in Ophthalmology》系列的后葡萄膜炎专题著作，面向眼科医生、葡萄膜炎及眼底病专科医师、住院医师和从事眼科影像与治疗研究者。全书围绕影像诊断、疾病谱和治疗进展展开：首先介绍彩色眼底摄影、荧光素血管造影（FA）、吲哚菁绿血管造影（ICGA）、超广角成像、眼底自发荧光（FAF）、OCT、OCT-A及B超等技术在后葡萄膜炎识别和随访中的应用；随后讨论眼部结节病、Vogt-Koyanagi-Harada病、交感性眼炎、多灶性脉络膜炎、蛇行性脉络膜炎及相关疾病；感染性部分涵盖眼弓形虫病、眼梅毒、眼结核、病毒性视网膜炎，并介绍伪装综合征眼内淋巴瘤。治疗部分系统涉及非感染性葡萄膜炎的全身及局部糖皮质激素、免疫调节剂、生物制剂和新兴疗法，突出药物递送、影像指导诊疗及炎症复发监测等临床重点。"
b5af3055-63a9-46af-b8d8-547075d66ebb,本书为2009年Springer出版的视网膜与脉络膜影像学综合专著，面向玻璃体视网膜专科医师、专科进修医师、眼科住院医师及综合眼科医师。全书分三部分：第一部分介绍眼底摄影、胶片与数字成像、荧光素血管造影（FA）和吲哚菁绿血管造影（ICGA）的原理、操作、正常时相及荧光解读，并应用于黄斑病、视网膜血管病、炎症性疾病、视神经病变、视网膜和脉络膜肿瘤及药物性视网膜毒性；第二部分系统讲解OCT工作原理、黄斑病、糖尿病视网膜病变、年龄相关性黄斑变性、玻璃体黄斑界面疾病、葡萄膜炎、青光眼、视神经疾病及眼内肿瘤，并讨论光动力治疗、抗VEGF治疗评估以及时域OCT图像伪影和局限；第三部分涵盖眼底成像、超广角FA、眼底自发荧光、超高分辨率OCT、频域/傅里叶域OCT及OCT-SLO等新技术，突出影像检查与疾病诊断、随访和治疗决策的结合。,completed,a51a1848-6af2-45ae-bc92-19355c3973b4,"# Summary
本书为2009年Springer出版的视网膜与脉络膜影像学综合专著，面向玻璃体视网膜专科医师、专科进修医师、眼科住院医师及综合眼科医师。全书分三部分：第一部分介绍眼底摄影、胶片与数字成像、荧光素血管造影（FA）和吲哚菁绿血管造影（ICGA）的原理、操作、正常时相及荧光解读，并应用于黄斑病、视网膜血管病、炎症性疾病、视神经病变、视网膜和脉络膜肿瘤及药物性视网膜毒性；第二部分系统讲解OCT工作原理、黄斑病、糖尿病视网膜病变、年龄相关性黄斑变性、玻璃体黄斑界面疾病、葡萄膜炎、青光眼、视神经疾病及眼内肿瘤，并讨论光动力治疗、抗VEGF治疗评估以及时域OCT图像伪影和局限；第三部分涵盖眼底成像、超广角FA、眼底自发荧光、超高分辨率OCT、频域/傅里叶域OCT及OCT-SLO等新技术，突出影像检查与疾病诊断、随访和治疗决策的结合。",3072,"# Summary
本书为2009年Springer出版的视网膜与脉络膜影像学综合专著，面向玻璃体视网膜专科医师、专科进修医师、眼科住院医师及综合眼科医师。全书分三部分：第一部分介绍眼底摄影、胶片与数字成像、荧光素血管造影（FA）和吲哚菁绿血管造影（ICGA）的原理、操作、正常时相及荧光解读，并应用于黄斑病、视网膜血管病、炎症性疾病、视神经病变、视网膜和脉络膜肿瘤及药物性视网膜毒性；第二部分系统讲解OCT工作原理、黄斑病、糖尿病视网膜病变、年龄相关性黄斑变性、玻璃体黄斑界面疾病、葡萄膜炎、青光眼、视神经疾病及眼内肿瘤，并讨论光动力治疗、抗VEGF治疗评估以及时域OCT图像伪影和局限；第三部分涵盖眼底成像、超广角FA、眼底自发荧光、超高分辨率OCT、频域/傅里叶域OCT及OCT-SLO等新技术，突出影像检查与疾病诊断、随访和治疗决策的结合。"
dd67aa04-92cb-4506-90e9-521174f3b610,本书出版于2007年，是面向眼科临床医师、玻璃体视网膜及医学视网膜专科培训者、相关科研人员的视网膜血管病基础与临床综合专著。全书分三部分：首先讨论视网膜血管解剖、发育、血流、缺血、缺氧、炎症、神经元影响、血视网膜屏障、血管生成及VEGF、Ephrin/Eph、造血干细胞和基因治疗等发病机制；其次系统介绍荧光素血管造影、光学相干断层扫描（OCT）、MRI、激光光凝、光动力治疗、冷冻治疗、玻璃体切除、抗VEGF玻璃体腔注射及新生血管性青光眼处理；最后按疾病展开，涵盖糖尿病视网膜病变及黄斑水肿、早产儿视网膜病变、中央及分支视网膜静脉阻塞、视网膜动脉阻塞、眼缺血综合征、黄斑旁毛细血管扩张、Coats病、家族性渗出性玻璃体视网膜病变、脉络膜黑色素瘤治疗后血管病变、Purtscher视网膜病变、Terson综合征、Eales病、系统性红斑狼疮、Behçet病、结节病、高血压性视网膜病变、镰状细胞视网膜病变及视网膜血管肿瘤，并结合影像、病程、病例随访、激光、药物和手术技术进行说明。,completed,6453c26d-cb07-4eea-8c48-e0c6f27dd7d0,"# Summary
本书出版于2007年，是面向眼科临床医师、玻璃体视网膜及医学视网膜专科培训者、相关科研人员的视网膜血管病基础与临床综合专著。全书分三部分：首先讨论视网膜血管解剖、发育、血流、缺血、缺氧、炎症、神经元影响、血视网膜屏障、血管生成及VEGF、Ephrin/Eph、造血干细胞和基因治疗等发病机制；其次系统介绍荧光素血管造影、光学相干断层扫描（OCT）、MRI、激光光凝、光动力治疗、冷冻治疗、玻璃体切除、抗VEGF玻璃体腔注射及新生血管性青光眼处理；最后按疾病展开，涵盖糖尿病视网膜病变及黄斑水肿、早产儿视网膜病变、中央及分支视网膜静脉阻塞、视网膜动脉阻塞、眼缺血综合征、黄斑旁毛细血管扩张、Coats病、家族性渗出性玻璃体视网膜病变、脉络膜黑色素瘤治疗后血管病变、Purtscher视网膜病变、Terson综合征、Eales病、系统性红斑狼疮、Behçet病、结节病、高血压性视网膜病变、镰状细胞视网膜病变及视网膜血管肿瘤，并结合影像、病程、病例随访、激光、药物和手术技术进行说明。",3072,"# Summary
本书出版于2007年，是面向眼科临床医师、玻璃体视网膜及医学视网膜专科培训者、相关科研人员的视网膜血管病基础与临床综合专著。全书分三部分：首先讨论视网膜血管解剖、发育、血流、缺血、缺氧、炎症、神经元影响、血视网膜屏障、血管生成及VEGF、Ephrin/Eph、造血干细胞和基因治疗等发病机制；其次系统介绍荧光素血管造影、光学相干断层扫描（OCT）、MRI、激光光凝、光动力治疗、冷冻治疗、玻璃体切除、抗VEGF玻璃体腔注射及新生血管性青光眼处理；最后按疾病展开，涵盖糖尿病视网膜病变及黄斑水肿、早产儿视网膜病变、中央及分支视网膜静脉阻塞、视网膜动脉阻塞、眼缺血综合征、黄斑旁毛细血管扩张、Coats病、家族性渗出性玻璃体视网膜病变、脉络膜黑色素瘤治疗后血管病变、Purtscher视网膜病变、Terson综合征、Eales病、系统性红斑狼疮、Behçet病、结节病、高血压性视网膜病变、镰状细胞视网膜病变及视网膜血管肿瘤，并结合影像、病程、病例随访、激光、药物和手术技术进行说明。"
2d13f328-a6f3-47bd-ae7f-f7efd5af89ad,本书出版于2012年，是一本面向眼科临床医师、视网膜专科医师、学生、住院医师及研究员的视网膜静脉阻塞循证管理专著。全书围绕分支、中央及半中央视网膜静脉阻塞，系统介绍眼部解剖与病理解剖、病理生理、遗传学、分类、流行病学、系统及眼部相关因素、临床表现与自然史，并进一步讨论辅助检查、缺血、后节和前节新生血管、黄斑水肿及青年患者病例。内容重点涉及高血压、糖尿病、原发性开角型青光眼、血液黏稠度及凝血/纤溶异常；检查和影像包括荧光素血管造影、光学相干断层扫描、视网膜摄影、视野及电生理等。治疗部分比较黄斑格栅激光、散射激光/全视网膜光凝、玻璃体腔曲安奈德及抗VEGF药物注射，并评估组织型纤溶酶原激活剂等有争议或未被采用的疗法，最后以病例研究归纳临床决策。,completed,1ce0eed0-fa2f-4e02-bef2-f3129034df46,"# Summary
本书出版于2012年，是一本面向眼科临床医师、视网膜专科医师、学生、住院医师及研究员的视网膜静脉阻塞循证管理专著。全书围绕分支、中央及半中央视网膜静脉阻塞，系统介绍眼部解剖与病理解剖、病理生理、遗传学、分类、流行病学、系统及眼部相关因素、临床表现与自然史，并进一步讨论辅助检查、缺血、后节和前节新生血管、黄斑水肿及青年患者病例。内容重点涉及高血压、糖尿病、原发性开角型青光眼、血液黏稠度及凝血/纤溶异常；检查和影像包括荧光素血管造影、光学相干断层扫描、视网膜摄影、视野及电生理等。治疗部分比较黄斑格栅激光、散射激光/全视网膜光凝、玻璃体腔曲安奈德及抗VEGF药物注射，并评估组织型纤溶酶原激活剂等有争议或未被采用的疗法，最后以病例研究归纳临床决策。",3072,"# Summary
本书出版于2012年，是一本面向眼科临床医师、视网膜专科医师、学生、住院医师及研究员的视网膜静脉阻塞循证管理专著。全书围绕分支、中央及半中央视网膜静脉阻塞，系统介绍眼部解剖与病理解剖、病理生理、遗传学、分类、流行病学、系统及眼部相关因素、临床表现与自然史，并进一步讨论辅助检查、缺血、后节和前节新生血管、黄斑水肿及青年患者病例。内容重点涉及高血压、糖尿病、原发性开角型青光眼、血液黏稠度及凝血/纤溶异常；检查和影像包括荧光素血管造影、光学相干断层扫描、视网膜摄影、视野及电生理等。治疗部分比较黄斑格栅激光、散射激光/全视网膜光凝、玻璃体腔曲安奈德及抗VEGF药物注射，并评估组织型纤溶酶原激活剂等有争议或未被采用的疗法，最后以病例研究归纳临床决策。"
470c4d74-1a8f-45bb-9634-0dc1ac41c3ac,本书出版于2015年，面向初学及有经验的玻璃体视网膜外科医师，聚焦糖尿病视网膜病变，尤其是增殖性糖尿病视网膜病变（PDR）及牵拉性视网膜脱离（TRD）的评估与手术。全书先介绍糖尿病流行病学、糖尿病玻璃体切除术历史、轻度至重度及晚期PDR的解剖病理，再讨论抗VEGF、白内障超声乳化、激光间接检眼镜（LIO）、全视网膜光凝（PRP）、冷凝、麻醉、器械和手术时机。重点详述23G、25G、27G小口径玻璃体切除，后玻璃体皮质切开、后玻璃体脱离（PVD）、纤维血管膜双手剥除、止血、气体或硅油填充及硅油取出，并结合BIOM、OCT、眼底照片、术中影像和视频说明。后半部分按步骤讲解轻型、重型、晚期PDR伴TRD、玻璃体积血、无PVD病例、术中大出血及新生血管性青光眼，最后汇集术后并发症、13例病例报告、操作陷阱与要点及材料清单。,completed,0e1fd6ae-f44f-4335-800b-aa827d58784d,"# Summary
本书出版于2015年，面向初学及有经验的玻璃体视网膜外科医师，聚焦糖尿病视网膜病变，尤其是增殖性糖尿病视网膜病变（PDR）及牵拉性视网膜脱离（TRD）的评估与手术。全书先介绍糖尿病流行病学、糖尿病玻璃体切除术历史、轻度至重度及晚期PDR的解剖病理，再讨论抗VEGF、白内障超声乳化、激光间接检眼镜（LIO）、全视网膜光凝（PRP）、冷凝、麻醉、器械和手术时机。重点详述23G、25G、27G小口径玻璃体切除，后玻璃体皮质切开、后玻璃体脱离（PVD）、纤维血管膜双手剥除、止血、气体或硅油填充及硅油取出，并结合BIOM、OCT、眼底照片、术中影像和视频说明。后半部分按步骤讲解轻型、重型、晚期PDR伴TRD、玻璃体积血、无PVD病例、术中大出血及新生血管性青光眼，最后汇集术后并发症、13例病例报告、操作陷阱与要点及材料清单。",3072,"# Summary
本书出版于2015年，面向初学及有经验的玻璃体视网膜外科医师，聚焦糖尿病视网膜病变，尤其是增殖性糖尿病视网膜病变（PDR）及牵拉性视网膜脱离（TRD）的评估与手术。全书先介绍糖尿病流行病学、糖尿病玻璃体切除术历史、轻度至重度及晚期PDR的解剖病理，再讨论抗VEGF、白内障超声乳化、激光间接检眼镜（LIO）、全视网膜光凝（PRP）、冷凝、麻醉、器械和手术时机。重点详述23G、25G、27G小口径玻璃体切除，后玻璃体皮质切开、后玻璃体脱离（PVD）、纤维血管膜双手剥除、止血、气体或硅油填充及硅油取出，并结合BIOM、OCT、眼底照片、术中影像和视频说明。后半部分按步骤讲解轻型、重型、晚期PDR伴TRD、玻璃体积血、无PVD病例、术中大出血及新生血管性青光眼，最后汇集术后并发症、13例病例报告、操作陷阱与要点及材料清单。"
e92728a4-a5aa-4bd5-8383-3e71df13c673,本书出版于2014年，是面向青光眼专科医师、眼科手术医师及相关研究人员的临床与技术参考书，聚焦传统小梁切除术之外的新型降眼压手术。全书从Schlemm管、集液管、脉络膜上腔和睫状体等治疗靶点，以及器械临床试验、FDA上市申报和专利监管展开；继而介绍激光技术（ELT、环破坏术、CO₂深层巩膜切除术）、超声技术（环形睫状体凝固、治疗性超声）、微创青光眼手术及引流装置，包括iStent、Canaloplasty、Hydrus、XEN Gel Stent、Ex-PRESS、Molteno、Ahmed阀、CyPass、STARflo和SOLX分流器；并讨论白内障手术、晶状体摘除治疗闭角型青光眼及预测手术成功的生物标志物。内容涉及原发性开角型青光眼、闭角型、难治性、继发性、 neovascular、葡萄膜炎、外伤及青少年青光眼，涵盖房水流出通路解剖、眼压控制、超声生物显微镜、低眼压、前房积血、纤维化和装置失败等关键问题，并提供相关手术视频资源。,completed,30202f82-54a1-4517-874c-42e420fc31ea,"# Summary
本书出版于2014年，是面向青光眼专科医师、眼科手术医师及相关研究人员的临床与技术参考书，聚焦传统小梁切除术之外的新型降眼压手术。全书从Schlemm管、集液管、脉络膜上腔和睫状体等治疗靶点，以及器械临床试验、FDA上市申报和专利监管展开；继而介绍激光技术（ELT、环破坏术、CO₂深层巩膜切除术）、超声技术（环形睫状体凝固、治疗性超声）、微创青光眼手术及引流装置，包括iStent、Canaloplasty、Hydrus、XEN Gel Stent、Ex-PRESS、Molteno、Ahmed阀、CyPass、STARflo和SOLX分流器；并讨论白内障手术、晶状体摘除治疗闭角型青光眼及预测手术成功的生物标志物。内容涉及原发性开角型青光眼、闭角型、难治性、继发性、 neovascular、葡萄膜炎、外伤及青少年青光眼，涵盖房水流出通路解剖、眼压控制、超声生物显微镜、低眼压、前房积血、纤维化和装置失败等关键问题，并提供相关手术视频资源。",3072,"# Summary
本书出版于2014年，是面向青光眼专科医师、眼科手术医师及相关研究人员的临床与技术参考书，聚焦传统小梁切除术之外的新型降眼压手术。全书从Schlemm管、集液管、脉络膜上腔和睫状体等治疗靶点，以及器械临床试验、FDA上市申报和专利监管展开；继而介绍激光技术（ELT、环破坏术、CO₂深层巩膜切除术）、超声技术（环形睫状体凝固、治疗性超声）、微创青光眼手术及引流装置，包括iStent、Canaloplasty、Hydrus、XEN Gel Stent、Ex-PRESS、Molteno、Ahmed阀、CyPass、STARflo和SOLX分流器；并讨论白内障手术、晶状体摘除治疗闭角型青光眼及预测手术成功的生物标志物。内容涉及原发性开角型青光眼、闭角型、难治性、继发性、 neovascular、葡萄膜炎、外伤及青少年青光眼，涵盖房水流出通路解剖、眼压控制、超声生物显微镜、低眼压、前房积血、纤维化和装置失败等关键问题，并提供相关手术视频资源。"
298f6d2c-ffc6-4818-bd7f-ed87866fa58f,本书为三宅养生原著的中文译本，2010年出版，定位于眼科临床医生、视觉电生理工作者及相关研究人员。全书以临床病例和研究随笔为主线，先介绍全视野ERG、黄斑局部ERG、多焦ERG、EOG及OCT的原理、记录方法和正常反应，再讨论遗传性视网膜病变及相关疾病，包括视网膜色素变性、结晶样视网膜病变、Batten病、无脉络膜症、回旋状萎缩、增强蓝锥细胞综合征、先天性静止性夜盲、视锥细胞营养不良、蓝锥细胞单色视、Stargardt病和Best病等；随后分析糖尿病视网膜病变、视网膜循环障碍、视网膜及脉络膜脱离和炎症性疾病，以及中心性浆液性脉络膜视网膜病变、黄斑囊样水肿、黄斑前膜、黄斑裂孔、黄斑假孔和年龄相关性黄斑变性。书中结合眼底像、荧光素眼底血管造影、OCT、视野和心理物理学检查，强调电生理结果与黄斑形态、黄斑手术及功能变化的对应关系。,completed,13434077-e96a-4081-9814-b4f4b213ece8,"# Summary
本书为三宅养生原著的中文译本，2010年出版，定位于眼科临床医生、视觉电生理工作者及相关研究人员。全书以临床病例和研究随笔为主线，先介绍全视野ERG、黄斑局部ERG、多焦ERG、EOG及OCT的原理、记录方法和正常反应，再讨论遗传性视网膜病变及相关疾病，包括视网膜色素变性、结晶样视网膜病变、Batten病、无脉络膜症、回旋状萎缩、增强蓝锥细胞综合征、先天性静止性夜盲、视锥细胞营养不良、蓝锥细胞单色视、Stargardt病和Best病等；随后分析糖尿病视网膜病变、视网膜循环障碍、视网膜及脉络膜脱离和炎症性疾病，以及中心性浆液性脉络膜视网膜病变、黄斑囊样水肿、黄斑前膜、黄斑裂孔、黄斑假孔和年龄相关性黄斑变性。书中结合眼底像、荧光素眼底血管造影、OCT、视野和心理物理学检查，强调电生理结果与黄斑形态、黄斑手术及功能变化的对应关系。",3072,"# Summary
本书为三宅养生原著的中文译本，2010年出版，定位于眼科临床医生、视觉电生理工作者及相关研究人员。全书以临床病例和研究随笔为主线，先介绍全视野ERG、黄斑局部ERG、多焦ERG、EOG及OCT的原理、记录方法和正常反应，再讨论遗传性视网膜病变及相关疾病，包括视网膜色素变性、结晶样视网膜病变、Batten病、无脉络膜症、回旋状萎缩、增强蓝锥细胞综合征、先天性静止性夜盲、视锥细胞营养不良、蓝锥细胞单色视、Stargardt病和Best病等；随后分析糖尿病视网膜病变、视网膜循环障碍、视网膜及脉络膜脱离和炎症性疾病，以及中心性浆液性脉络膜视网膜病变、黄斑囊样水肿、黄斑前膜、黄斑裂孔、黄斑假孔和年龄相关性黄斑变性。书中结合眼底像、荧光素眼底血管造影、OCT、视野和心理物理学检查，强调电生理结果与黄斑形态、黄斑手术及功能变化的对应关系。"
00ac6ffa-3742-47ce-aebf-53922977005d,本书出版于2020年，由孙旭光主编，2015年出版，属“眼表疾病临床系列”，面向眼科临床医生及相关研究人员。全书分基础篇、临床篇，共7章：介绍睑缘与睑板腺的胚胎发育、解剖、组织、免疫及病理生理；系统论述睑缘炎、蠕形螨睑缘炎、睑缘炎相关角结膜病变（BKC）、睑板腺功能障碍（MGD）及MGD相关干眼的流行病学、病因机制、临床表现、诊断、鉴别诊断、分级、治疗与预防，并配有典型病例和要点。内容涵盖裂隙灯、睫毛显微镜镜检、活体角膜激光共聚焦显微镜、泪膜破裂时间、Schirmer试验、荧光素染色、睑板腺挤压及成像等检查；涉及局部清洁、热敷、药物、全身治疗、睑板腺按摩及必要的相关手术。附录介绍眼表干涉仪、睑板腺热脉动治疗仪、Oculus Keratograph 5M眼表综合分析仪和非接触式睑板腺观察仪。,completed,bf7e2ffb-57ec-4464-83b2-fdb407448957,"# Summary
本书出版于2020年，由孙旭光主编，2015年出版，属“眼表疾病临床系列”，面向眼科临床医生及相关研究人员。全书分基础篇、临床篇，共7章：介绍睑缘与睑板腺的胚胎发育、解剖、组织、免疫及病理生理；系统论述睑缘炎、蠕形螨睑缘炎、睑缘炎相关角结膜病变（BKC）、睑板腺功能障碍（MGD）及MGD相关干眼的流行病学、病因机制、临床表现、诊断、鉴别诊断、分级、治疗与预防，并配有典型病例和要点。内容涵盖裂隙灯、睫毛显微镜镜检、活体角膜激光共聚焦显微镜、泪膜破裂时间、Schirmer试验、荧光素染色、睑板腺挤压及成像等检查；涉及局部清洁、热敷、药物、全身治疗、睑板腺按摩及必要的相关手术。附录介绍眼表干涉仪、睑板腺热脉动治疗仪、Oculus Keratograph 5M眼表综合分析仪和非接触式睑板腺观察仪。",3072,"# Summary
本书出版于2020年，由孙旭光主编，2015年出版，属“眼表疾病临床系列”，面向眼科临床医生及相关研究人员。全书分基础篇、临床篇，共7章：介绍睑缘与睑板腺的胚胎发育、解剖、组织、免疫及病理生理；系统论述睑缘炎、蠕形螨睑缘炎、睑缘炎相关角结膜病变（BKC）、睑板腺功能障碍（MGD）及MGD相关干眼的流行病学、病因机制、临床表现、诊断、鉴别诊断、分级、治疗与预防，并配有典型病例和要点。内容涵盖裂隙灯、睫毛显微镜镜检、活体角膜激光共聚焦显微镜、泪膜破裂时间、Schirmer试验、荧光素染色、睑板腺挤压及成像等检查；涉及局部清洁、热敷、药物、全身治疗、睑板腺按摩及必要的相关手术。附录介绍眼表干涉仪、睑板腺热脉动治疗仪、Oculus Keratograph 5M眼表综合分析仪和非接触式睑板腺观察仪。"
2c18291c-3a03-4e65-bd9e-8b36c403f156,本书出版于2020年。本书2017年出版，定位为眼科医师，尤其是屈光矫正医师及相关医护人员学习和临床应用Pentacam的实用指南。全书介绍基于曲率和基于高度的角膜检查仪器，重点比较Pentacam、Sirius、Galilei及Scheimpflug成像；系统讲解角膜地形图与断层图的曲率、前后表面高度、角膜厚度、厚度分布、K值、Kmax等图形参数。针对圆锥角膜、顿挫型圆锥角膜、透明角膜边缘变性（PMD）、透明样圆锥角膜（PLK）等膨隆性角膜疾病，提供分步读图、定性定量分析和病例评分方法。屈光手术候选者临床路径涵盖病史、干眼、过敏感染、青光眼、糖尿病、妊娠哺乳及药物等评估，以及视力、验光、瞳孔、眼压、裂隙灯和眼底检查。书中总结厚度、RSB、散光、瞳孔中心与Kappa角等手术规则，并通过6例病例讨论LASIK、PRK、地形图引导治疗、SMILE、晶体手术、角膜胶原交联和角膜移植等技术应用。,completed,3bf4dc4f-0b15-4205-ad67-4844b7bab5f6,"# Summary
本书出版于2020年。本书2017年出版，定位为眼科医师，尤其是屈光矫正医师及相关医护人员学习和临床应用Pentacam的实用指南。全书介绍基于曲率和基于高度的角膜检查仪器，重点比较Pentacam、Sirius、Galilei及Scheimpflug成像；系统讲解角膜地形图与断层图的曲率、前后表面高度、角膜厚度、厚度分布、K值、Kmax等图形参数。针对圆锥角膜、顿挫型圆锥角膜、透明角膜边缘变性（PMD）、透明样圆锥角膜（PLK）等膨隆性角膜疾病，提供分步读图、定性定量分析和病例评分方法。屈光手术候选者临床路径涵盖病史、干眼、过敏感染、青光眼、糖尿病、妊娠哺乳及药物等评估，以及视力、验光、瞳孔、眼压、裂隙灯和眼底检查。书中总结厚度、RSB、散光、瞳孔中心与Kappa角等手术规则，并通过6例病例讨论LASIK、PRK、地形图引导治疗、SMILE、晶体手术、角膜胶原交联和角膜移植等技术应用。",3072,"# Summary
本书出版于2020年。本书2017年出版，定位为眼科医师，尤其是屈光矫正医师及相关医护人员学习和临床应用Pentacam的实用指南。全书介绍基于曲率和基于高度的角膜检查仪器，重点比较Pentacam、Sirius、Galilei及Scheimpflug成像；系统讲解角膜地形图与断层图的曲率、前后表面高度、角膜厚度、厚度分布、K值、Kmax等图形参数。针对圆锥角膜、顿挫型圆锥角膜、透明角膜边缘变性（PMD）、透明样圆锥角膜（PLK）等膨隆性角膜疾病，提供分步读图、定性定量分析和病例评分方法。屈光手术候选者临床路径涵盖病史、干眼、过敏感染、青光眼、糖尿病、妊娠哺乳及药物等评估，以及视力、验光、瞳孔、眼压、裂隙灯和眼底检查。书中总结厚度、RSB、散光、瞳孔中心与Kappa角等手术规则，并通过6例病例讨论LASIK、PRK、地形图引导治疗、SMILE、晶体手术、角膜胶原交联和角膜移植等技术应用。"
2dbd7037-7e1a-4693-9668-799713d983f0,本书是张金嵩主编、2013年出版的高度近视专题专著，面向眼科临床医师、视光师、基础研究人员及研究生，系统连接发病机制研究与临床诊疗。全书涵盖流行病学、实验性近视模型、基因遗传与环境因素、分子生物学及巩膜生物力学；介绍症状学、视功能评估和超声、CT/MRI、OCT、视野、共焦激光眼底扫描、FFA/ICGA及视觉电生理等检查；重点讨论临床病理、免疫学、后巩膜葡萄肿、视网膜脉络膜改变，以及黄斑病变、脉络膜新生血管、黄斑裂孔、视网膜脱离与劈裂、玻璃体病变、白内障和青光眼等并发症。治疗部分覆盖镜片、接触镜与角膜塑形镜矫正，角膜屈光手术、晶状体性屈光手术、后巩膜加固、局部及全身药物、中药和基因治疗、眼底激光，以及视网膜色素上皮—脉络膜移植，兼顾传统方法、新技术及未来研究方向。,completed,5eeada31-c94a-4f59-869e-5a8d89efc70f,"# Summary
本书是张金嵩主编、2013年出版的高度近视专题专著，面向眼科临床医师、视光师、基础研究人员及研究生，系统连接发病机制研究与临床诊疗。全书涵盖流行病学、实验性近视模型、基因遗传与环境因素、分子生物学及巩膜生物力学；介绍症状学、视功能评估和超声、CT/MRI、OCT、视野、共焦激光眼底扫描、FFA/ICGA及视觉电生理等检查；重点讨论临床病理、免疫学、后巩膜葡萄肿、视网膜脉络膜改变，以及黄斑病变、脉络膜新生血管、黄斑裂孔、视网膜脱离与劈裂、玻璃体病变、白内障和青光眼等并发症。治疗部分覆盖镜片、接触镜与角膜塑形镜矫正，角膜屈光手术、晶状体性屈光手术、后巩膜加固、局部及全身药物、中药和基因治疗、眼底激光，以及视网膜色素上皮—脉络膜移植，兼顾传统方法、新技术及未来研究方向。",3072,"# Summary
本书是张金嵩主编、2013年出版的高度近视专题专著，面向眼科临床医师、视光师、基础研究人员及研究生，系统连接发病机制研究与临床诊疗。全书涵盖流行病学、实验性近视模型、基因遗传与环境因素、分子生物学及巩膜生物力学；介绍症状学、视功能评估和超声、CT/MRI、OCT、视野、共焦激光眼底扫描、FFA/ICGA及视觉电生理等检查；重点讨论临床病理、免疫学、后巩膜葡萄肿、视网膜脉络膜改变，以及黄斑病变、脉络膜新生血管、黄斑裂孔、视网膜脱离与劈裂、玻璃体病变、白内障和青光眼等并发症。治疗部分覆盖镜片、接触镜与角膜塑形镜矫正，角膜屈光手术、晶状体性屈光手术、后巩膜加固、局部及全身药物、中药和基因治疗、眼底激光，以及视网膜色素上皮—脉络膜移植，兼顾传统方法、新技术及未来研究方向。"
e9b82815-1ba5-4b8c-a0b2-63286e52bf47,本书出版于2014年，是面向眼科医师、视光师、屈光及眼前节手术医生和相关科研人员的角膜高度断层地形图实用教材。全书围绕Placido地形图、Scheimpflug成像和Oculus Pentacam，介绍地形图与断层摄影的发展、基于高度的数据及拟合参考面、检查设置与屈光手术筛查、Pentacam正常值、角膜测厚和高度地形图判读；重点讲解Belin/Ambrósio增强型早期圆锥筛查、圆锥角膜与角膜扩张（包括非对称性圆锥角膜及LASIK术后扩张），并以图谱和病例说明临床分析。后半部分涉及Scheimpflug图像应用、BESSt 2人工晶状体屈光力计算、原发性闭角型青光眼评估、高端人工晶状体手术中的角膜光学质量、其他显示图及白内障应用。关键词包括角膜前后表面、角膜厚度、前房深度、角膜曲率、光学像差、屈光手术、角膜移植、圆锥角膜和Pentacam。,completed,10cc92c5-5bb0-4089-a3b1-17c7c2e5ac6a,"# Summary
本书出版于2014年，是面向眼科医师、视光师、屈光及眼前节手术医生和相关科研人员的角膜高度断层地形图实用教材。全书围绕Placido地形图、Scheimpflug成像和Oculus Pentacam，介绍地形图与断层摄影的发展、基于高度的数据及拟合参考面、检查设置与屈光手术筛查、Pentacam正常值、角膜测厚和高度地形图判读；重点讲解Belin/Ambrósio增强型早期圆锥筛查、圆锥角膜与角膜扩张（包括非对称性圆锥角膜及LASIK术后扩张），并以图谱和病例说明临床分析。后半部分涉及Scheimpflug图像应用、BESSt 2人工晶状体屈光力计算、原发性闭角型青光眼评估、高端人工晶状体手术中的角膜光学质量、其他显示图及白内障应用。关键词包括角膜前后表面、角膜厚度、前房深度、角膜曲率、光学像差、屈光手术、角膜移植、圆锥角膜和Pentacam。",3072,"# Summary
本书出版于2014年，是面向眼科医师、视光师、屈光及眼前节手术医生和相关科研人员的角膜高度断层地形图实用教材。全书围绕Placido地形图、Scheimpflug成像和Oculus Pentacam，介绍地形图与断层摄影的发展、基于高度的数据及拟合参考面、检查设置与屈光手术筛查、Pentacam正常值、角膜测厚和高度地形图判读；重点讲解Belin/Ambrósio增强型早期圆锥筛查、圆锥角膜与角膜扩张（包括非对称性圆锥角膜及LASIK术后扩张），并以图谱和病例说明临床分析。后半部分涉及Scheimpflug图像应用、BESSt 2人工晶状体屈光力计算、原发性闭角型青光眼评估、高端人工晶状体手术中的角膜光学质量、其他显示图及白内障应用。关键词包括角膜前后表面、角膜厚度、前房深度、角膜曲率、光学像差、屈光手术、角膜移植、圆锥角膜和Pentacam。"
befc9343-2168-44e0-958a-04fa7243c917,本书出版于2016年，是陈倩、孙兴怀主编、2015年出版的眼科新技术应用参考书，面向眼科临床医师及超声生物显微镜（UBM）操作和使用人员。全书从超声波物理特性、高频超声成像原理、设备构成、检查技术及眼前段参数测量入手，介绍正常角膜、结膜、巩膜、前房角、虹膜、睫状体、晶状体、悬韧带、玻璃体和周边视网膜的解剖及UBM表现；随后结合病例讲解角结膜疾病、巩膜炎与巩膜葡萄肿、原发性闭角型青光眼、恶性青光眼、发育性及继发性青光眼、青光眼激发试验和抗青光眼手术评价；并涵盖白内障、晶状体形态及位置异常、人工晶体、葡萄膜炎、睫状上皮脱离、周边视网膜脱离、前部增生性玻璃体视网膜病变及玻璃体视网膜手术。书中还重点讨论眼外伤，包括前房积血、虹膜根部离断、房角后退、睫状体脱离、眼球穿通伤、巩膜裂伤和眼前段异物，以及角结膜、虹膜、睫状体肿瘤、转移性肿瘤、肉芽肿性病变、淋巴瘤的影像评估、测量与定位。,completed,f796ffda-289c-4856-865c-ad790d841fc7,"# Summary
本书出版于2016年，是陈倩、孙兴怀主编、2015年出版的眼科新技术应用参考书，面向眼科临床医师及超声生物显微镜（UBM）操作和使用人员。全书从超声波物理特性、高频超声成像原理、设备构成、检查技术及眼前段参数测量入手，介绍正常角膜、结膜、巩膜、前房角、虹膜、睫状体、晶状体、悬韧带、玻璃体和周边视网膜的解剖及UBM表现；随后结合病例讲解角结膜疾病、巩膜炎与巩膜葡萄肿、原发性闭角型青光眼、恶性青光眼、发育性及继发性青光眼、青光眼激发试验和抗青光眼手术评价；并涵盖白内障、晶状体形态及位置异常、人工晶体、葡萄膜炎、睫状上皮脱离、周边视网膜脱离、前部增生性玻璃体视网膜病变及玻璃体视网膜手术。书中还重点讨论眼外伤，包括前房积血、虹膜根部离断、房角后退、睫状体脱离、眼球穿通伤、巩膜裂伤和眼前段异物，以及角结膜、虹膜、睫状体肿瘤、转移性肿瘤、肉芽肿性病变、淋巴瘤的影像评估、测量与定位。",3072,"# Summary
本书出版于2016年，是陈倩、孙兴怀主编、2015年出版的眼科新技术应用参考书，面向眼科临床医师及超声生物显微镜（UBM）操作和使用人员。全书从超声波物理特性、高频超声成像原理、设备构成、检查技术及眼前段参数测量入手，介绍正常角膜、结膜、巩膜、前房角、虹膜、睫状体、晶状体、悬韧带、玻璃体和周边视网膜的解剖及UBM表现；随后结合病例讲解角结膜疾病、巩膜炎与巩膜葡萄肿、原发性闭角型青光眼、恶性青光眼、发育性及继发性青光眼、青光眼激发试验和抗青光眼手术评价；并涵盖白内障、晶状体形态及位置异常、人工晶体、葡萄膜炎、睫状上皮脱离、周边视网膜脱离、前部增生性玻璃体视网膜病变及玻璃体视网膜手术。书中还重点讨论眼外伤，包括前房积血、虹膜根部离断、房角后退、睫状体脱离、眼球穿通伤、巩膜裂伤和眼前段异物，以及角结膜、虹膜、睫状体肿瘤、转移性肿瘤、肉芽肿性病变、淋巴瘤的影像评估、测量与定位。"
5abe4f39-38f3-471a-bc98-829224e2b0e6,本书出版于2015年，是《眼科精粹系列丛书》第三册，2008年出版，定位于连接基础研究与临床实践的眼科专业综述，适用于眼科医生、视光师及各级培训医师。全书围绕眼部免疫与炎症，涵盖眼部变态反应、干眼、瘢痕性类天疱疮、角膜移植免疫调节、巩膜炎、MALT、眼部炎症性疾病免疫遗传学及葡萄膜炎免疫机制；并系统介绍青少年型关节炎相关葡萄膜炎、疱疹病毒和巨细胞病毒感染、Behçet病、脉络膜炎及VKH、交感性眼炎、结节病、结核性脉络膜炎等。内容涉及病理生理、临床表现、鉴别诊断、实验室检查、结膜活检、组织学、眼内液获取、荧光素及吲哚菁绿血管造影（ICGA）等检查和影像技术；治疗包括局部及全身糖皮质激素、NSAID、免疫抑制剂、抗病毒药、抗TNF-α、免疫耐受诱导，以及角膜移植、巩膜炎手术、葡萄膜炎玻璃体切除、联合手术、剥膜、冷凝治疗等技术。,completed,b619b381-c76e-4f49-ac46-7efe2356f094,"# Summary
本书出版于2015年，是《眼科精粹系列丛书》第三册，2008年出版，定位于连接基础研究与临床实践的眼科专业综述，适用于眼科医生、视光师及各级培训医师。全书围绕眼部免疫与炎症，涵盖眼部变态反应、干眼、瘢痕性类天疱疮、角膜移植免疫调节、巩膜炎、MALT、眼部炎症性疾病免疫遗传学及葡萄膜炎免疫机制；并系统介绍青少年型关节炎相关葡萄膜炎、疱疹病毒和巨细胞病毒感染、Behçet病、脉络膜炎及VKH、交感性眼炎、结节病、结核性脉络膜炎等。内容涉及病理生理、临床表现、鉴别诊断、实验室检查、结膜活检、组织学、眼内液获取、荧光素及吲哚菁绿血管造影（ICGA）等检查和影像技术；治疗包括局部及全身糖皮质激素、NSAID、免疫抑制剂、抗病毒药、抗TNF-α、免疫耐受诱导，以及角膜移植、巩膜炎手术、葡萄膜炎玻璃体切除、联合手术、剥膜、冷凝治疗等技术。",3072,"# Summary
本书出版于2015年，是《眼科精粹系列丛书》第三册，2008年出版，定位于连接基础研究与临床实践的眼科专业综述，适用于眼科医生、视光师及各级培训医师。全书围绕眼部免疫与炎症，涵盖眼部变态反应、干眼、瘢痕性类天疱疮、角膜移植免疫调节、巩膜炎、MALT、眼部炎症性疾病免疫遗传学及葡萄膜炎免疫机制；并系统介绍青少年型关节炎相关葡萄膜炎、疱疹病毒和巨细胞病毒感染、Behçet病、脉络膜炎及VKH、交感性眼炎、结节病、结核性脉络膜炎等。内容涉及病理生理、临床表现、鉴别诊断、实验室检查、结膜活检、组织学、眼内液获取、荧光素及吲哚菁绿血管造影（ICGA）等检查和影像技术；治疗包括局部及全身糖皮质激素、NSAID、免疫抑制剂、抗病毒药、抗TNF-α、免疫耐受诱导，以及角膜移植、巩膜炎手术、葡萄膜炎玻璃体切除、联合手术、剥膜、冷凝治疗等技术。"
0b98e0f7-c7e9-46d3-9036-a920669698af,本书出版于2008年，是面向眼科医师、神经内外科医师、放射科医师、医学生及临床工作人员的神经眼科学图谱，依据Sankara Nethralaya临床病例，以高质量彩色眼底、神经影像和病程图片结合简明文字，帮助识别眼部表现与中枢神经系统疾病。全书按传入、传出神经性病变及先天性、感染性、血管性、肿瘤性、斑痣性错构瘤病和其他疾病展开，涵盖缺血性视神经病变、视神经炎、视盘水肿与假性视盘水肿、视神经萎缩、视盘发育异常、外伤性视神经病变、眼肌麻痹、Horner综合征、重症肌无力、甲状腺相关性眼病，以及囊虫病、眼眶蜂窝织炎、颈动脉海绵窦瘘、脑梗死、垂体卒中、脑膜瘤、视神经胶质瘤、垂体腺瘤、多发性硬化等。重点涉及视野、眼底、超声、CT、MRI、增强扫描、DSA、荧光素眼底血管造影、ERG等检查，并介绍激素、放射治疗、化疗、减压及玻璃体切除等处理技术。,completed,62382b83-3cbb-449f-b16e-1bac4637d06b,"# Summary
本书出版于2008年，是面向眼科医师、神经内外科医师、放射科医师、医学生及临床工作人员的神经眼科学图谱，依据Sankara Nethralaya临床病例，以高质量彩色眼底、神经影像和病程图片结合简明文字，帮助识别眼部表现与中枢神经系统疾病。全书按传入、传出神经性病变及先天性、感染性、血管性、肿瘤性、斑痣性错构瘤病和其他疾病展开，涵盖缺血性视神经病变、视神经炎、视盘水肿与假性视盘水肿、视神经萎缩、视盘发育异常、外伤性视神经病变、眼肌麻痹、Horner综合征、重症肌无力、甲状腺相关性眼病，以及囊虫病、眼眶蜂窝织炎、颈动脉海绵窦瘘、脑梗死、垂体卒中、脑膜瘤、视神经胶质瘤、垂体腺瘤、多发性硬化等。重点涉及视野、眼底、超声、CT、MRI、增强扫描、DSA、荧光素眼底血管造影、ERG等检查，并介绍激素、放射治疗、化疗、减压及玻璃体切除等处理技术。",3072,"# Summary
本书出版于2008年，是面向眼科医师、神经内外科医师、放射科医师、医学生及临床工作人员的神经眼科学图谱，依据Sankara Nethralaya临床病例，以高质量彩色眼底、神经影像和病程图片结合简明文字，帮助识别眼部表现与中枢神经系统疾病。全书按传入、传出神经性病变及先天性、感染性、血管性、肿瘤性、斑痣性错构瘤病和其他疾病展开，涵盖缺血性视神经病变、视神经炎、视盘水肿与假性视盘水肿、视神经萎缩、视盘发育异常、外伤性视神经病变、眼肌麻痹、Horner综合征、重症肌无力、甲状腺相关性眼病，以及囊虫病、眼眶蜂窝织炎、颈动脉海绵窦瘘、脑梗死、垂体卒中、脑膜瘤、视神经胶质瘤、垂体腺瘤、多发性硬化等。重点涉及视野、眼底、超声、CT、MRI、增强扫描、DSA、荧光素眼底血管造影、ERG等检查，并介绍激素、放射治疗、化疗、减压及玻璃体切除等处理技术。"
11c7a96e-65d2-4127-83a8-7e06589c1499,本书出版于2016年。2018年出版，Mark J. Mannis、Edward J. Holland主编，史伟云主译。本书面向角膜专科医师、综合眼科医师、住院医师、进修医师及研究人员，系统讲解角膜与外眼疾病的基础、诊断和治疗。内容涵盖角膜、巩膜、结膜、泪膜、眼睑及眼表的解剖生理与病理；裂隙灯、角膜地形图与形状分析、角膜内皮显微镜、共聚焦显微镜、超声及前节OCT等检查和成像；先天性角膜混浊、角膜溃疡、水肿、营养不良、圆锥角膜、细菌性、病毒性、真菌性、棘阿米巴性角膜炎、神经营养性角膜炎、化学伤及接触镜并发症；并涉及眼库、眼睑和泪道疾病、干眼、结膜肿瘤与炎症，以及巩膜炎、前葡萄膜炎等鉴别诊断。下卷进一步延伸至穿透性、板层、DSEK、DMEK角膜移植，治疗性手术、羊膜移植、人工角膜、眼表重建、胶原交联和PRK、LASIK、SMILE、有晶状体眼人工晶状体等屈光技术。,completed,b4dcd963-f7af-4e8d-9c8e-3d8627a1b10b,"# Summary
本书出版于2016年。2018年出版，Mark J. Mannis、Edward J. Holland主编，史伟云主译。本书面向角膜专科医师、综合眼科医师、住院医师、进修医师及研究人员，系统讲解角膜与外眼疾病的基础、诊断和治疗。内容涵盖角膜、巩膜、结膜、泪膜、眼睑及眼表的解剖生理与病理；裂隙灯、角膜地形图与形状分析、角膜内皮显微镜、共聚焦显微镜、超声及前节OCT等检查和成像；先天性角膜混浊、角膜溃疡、水肿、营养不良、圆锥角膜、细菌性、病毒性、真菌性、棘阿米巴性角膜炎、神经营养性角膜炎、化学伤及接触镜并发症；并涉及眼库、眼睑和泪道疾病、干眼、结膜肿瘤与炎症，以及巩膜炎、前葡萄膜炎等鉴别诊断。下卷进一步延伸至穿透性、板层、DSEK、DMEK角膜移植，治疗性手术、羊膜移植、人工角膜、眼表重建、胶原交联和PRK、LASIK、SMILE、有晶状体眼人工晶状体等屈光技术。",3072,"# Summary
本书出版于2016年。2018年出版，Mark J. Mannis、Edward J. Holland主编，史伟云主译。本书面向角膜专科医师、综合眼科医师、住院医师、进修医师及研究人员，系统讲解角膜与外眼疾病的基础、诊断和治疗。内容涵盖角膜、巩膜、结膜、泪膜、眼睑及眼表的解剖生理与病理；裂隙灯、角膜地形图与形状分析、角膜内皮显微镜、共聚焦显微镜、超声及前节OCT等检查和成像；先天性角膜混浊、角膜溃疡、水肿、营养不良、圆锥角膜、细菌性、病毒性、真菌性、棘阿米巴性角膜炎、神经营养性角膜炎、化学伤及接触镜并发症；并涉及眼库、眼睑和泪道疾病、干眼、结膜肿瘤与炎症，以及巩膜炎、前葡萄膜炎等鉴别诊断。下卷进一步延伸至穿透性、板层、DSEK、DMEK角膜移植，治疗性手术、羊膜移植、人工角膜、眼表重建、胶原交联和PRK、LASIK、SMILE、有晶状体眼人工晶状体等屈光技术。"
8e8e0e0b-054a-4cc5-953f-b7bff546b7f1,本书出版于2006年，是Fedra Hajizadeh主编的眼科OCT临床图谱，面向眼科住院医师、视网膜专科医师及综合眼科医生，重点训练OCT影像判读与临床应用。全书先介绍OCT原理、时域/频域及扫频OCT、OCT血管成像、正常视网膜层次、EDI-OCT、适应证、局限性与伪影；随后围绕年龄相关性黄斑变性、糖尿病视网膜病变及视网膜血管阻塞、中心性浆液性脉络膜视网膜病变、黄斑前膜、黄斑裂孔和玻璃体黄斑牵拉展开。内容还涵盖视盘异常与青光眼、眼内肿瘤、病理性近视、遗传性黄斑与视网膜疾病、葡萄膜炎及眼内炎症，以及前节OCT、角膜病变、屈光手术、角膜胶原交联、角膜移植和人工角膜环等。图谱结合OCT、彩色眼底、红外反射、自发荧光、荧光素及吲哚菁绿血管造影，展示玻璃体切割、内界膜剥除、抗VEGF注射、激光光凝等治疗或手术相关影像，并补充外伤、视网膜脱离、术后并发症、氯喹毒性等杂项病例。,completed,bed72f85-1ba6-4625-b42c-d492ad6fec95,"# Summary
本书出版于2006年，是Fedra Hajizadeh主编的眼科OCT临床图谱，面向眼科住院医师、视网膜专科医师及综合眼科医生，重点训练OCT影像判读与临床应用。全书先介绍OCT原理、时域/频域及扫频OCT、OCT血管成像、正常视网膜层次、EDI-OCT、适应证、局限性与伪影；随后围绕年龄相关性黄斑变性、糖尿病视网膜病变及视网膜血管阻塞、中心性浆液性脉络膜视网膜病变、黄斑前膜、黄斑裂孔和玻璃体黄斑牵拉展开。内容还涵盖视盘异常与青光眼、眼内肿瘤、病理性近视、遗传性黄斑与视网膜疾病、葡萄膜炎及眼内炎症，以及前节OCT、角膜病变、屈光手术、角膜胶原交联、角膜移植和人工角膜环等。图谱结合OCT、彩色眼底、红外反射、自发荧光、荧光素及吲哚菁绿血管造影，展示玻璃体切割、内界膜剥除、抗VEGF注射、激光光凝等治疗或手术相关影像，并补充外伤、视网膜脱离、术后并发症、氯喹毒性等杂项病例。",3072,"# Summary
本书出版于2006年，是Fedra Hajizadeh主编的眼科OCT临床图谱，面向眼科住院医师、视网膜专科医师及综合眼科医生，重点训练OCT影像判读与临床应用。全书先介绍OCT原理、时域/频域及扫频OCT、OCT血管成像、正常视网膜层次、EDI-OCT、适应证、局限性与伪影；随后围绕年龄相关性黄斑变性、糖尿病视网膜病变及视网膜血管阻塞、中心性浆液性脉络膜视网膜病变、黄斑前膜、黄斑裂孔和玻璃体黄斑牵拉展开。内容还涵盖视盘异常与青光眼、眼内肿瘤、病理性近视、遗传性黄斑与视网膜疾病、葡萄膜炎及眼内炎症，以及前节OCT、角膜病变、屈光手术、角膜胶原交联、角膜移植和人工角膜环等。图谱结合OCT、彩色眼底、红外反射、自发荧光、荧光素及吲哚菁绿血管造影，展示玻璃体切割、内界膜剥除、抗VEGF注射、激光光凝等治疗或手术相关影像，并补充外伤、视网膜脱离、术后并发症、氯喹毒性等杂项病例。"
a24f7bef-00d7-41d4-bde1-7e6ae492dc63,本书出版于2006年，是James D. Reynolds、Scott E. Olitsky主编的小儿视网膜综合专著，适用于眼科、儿科、新生儿科、儿童眼科及眼底病专业医师。全书从视网膜胚胎发育、解剖生理和婴幼儿视网膜电图检查入手，系统覆盖早产儿视网膜病变、视神经疾病、代谢性出生缺陷、黄斑病、永存原始玻璃体增生症、视网膜母细胞瘤、Coats病、遗传性黄斑变性与广泛遗传性视网膜营养不良、玻璃体视网膜营养不良、儿童黄斑脉络膜新生血管及Bruch膜损害、增殖性视网膜病变、感染性疾病、虐待性头部创伤/摇晃婴儿综合征、儿童眼外伤和葡萄膜炎。内容强调发育机制与临床表现结合，涉及眼底检查、彩色眼底影像、视网膜电图、遗传与代谢评估、疾病鉴别、标准化诊疗流程及相关治疗和手术决策。,completed,c757873d-9c04-4ec1-ab1d-fe47b71adc22,"# Summary
本书出版于2006年，是James D. Reynolds、Scott E. Olitsky主编的小儿视网膜综合专著，适用于眼科、儿科、新生儿科、儿童眼科及眼底病专业医师。全书从视网膜胚胎发育、解剖生理和婴幼儿视网膜电图检查入手，系统覆盖早产儿视网膜病变、视神经疾病、代谢性出生缺陷、黄斑病、永存原始玻璃体增生症、视网膜母细胞瘤、Coats病、遗传性黄斑变性与广泛遗传性视网膜营养不良、玻璃体视网膜营养不良、儿童黄斑脉络膜新生血管及Bruch膜损害、增殖性视网膜病变、感染性疾病、虐待性头部创伤/摇晃婴儿综合征、儿童眼外伤和葡萄膜炎。内容强调发育机制与临床表现结合，涉及眼底检查、彩色眼底影像、视网膜电图、遗传与代谢评估、疾病鉴别、标准化诊疗流程及相关治疗和手术决策。",3072,"# Summary
本书出版于2006年，是James D. Reynolds、Scott E. Olitsky主编的小儿视网膜综合专著，适用于眼科、儿科、新生儿科、儿童眼科及眼底病专业医师。全书从视网膜胚胎发育、解剖生理和婴幼儿视网膜电图检查入手，系统覆盖早产儿视网膜病变、视神经疾病、代谢性出生缺陷、黄斑病、永存原始玻璃体增生症、视网膜母细胞瘤、Coats病、遗传性黄斑变性与广泛遗传性视网膜营养不良、玻璃体视网膜营养不良、儿童黄斑脉络膜新生血管及Bruch膜损害、增殖性视网膜病变、感染性疾病、虐待性头部创伤/摇晃婴儿综合征、儿童眼外伤和葡萄膜炎。内容强调发育机制与临床表现结合，涉及眼底检查、彩色眼底影像、视网膜电图、遗传与代谢评估、疾病鉴别、标准化诊疗流程及相关治疗和手术决策。"
5f7c6384-7ad5-48bc-a508-c96fe7ffebb9,本书出版于2011年。2007年出版。本书是面向眼科医师、神经内科与神经外科医师、放射科医师、临床工作者及医学生的图文教学型神经眼科学图谱，汇集Sankara Nethralaya临床病例，以彩色影像和简明文字展示疾病表现、诊断与处理。全书按传入神经性病变、传出神经性病变、先天性疾病、感染性疾病、血管性疾病、肿瘤、斑痣性错构瘤病及其他疾病编排，涵盖缺血性视神经病变、视神经炎、视盘水肿、视神经萎缩、眼肌麻痹、Horner综合征、重症肌无力、脑梗死、动静脉畸形、颅内及眶内肿瘤、多发性硬化等。内容涉及视力与视野检查、眼底检查、荧光素眼底血管造影、CT、MRI/MR血管造影、DSA、OCT、超声、VEP、腰椎穿刺及活检，并介绍糖皮质激素、放疗、化疗、激光光凝、视神经鞘开窗、脑室腹膜或腰腹膜分流、肿瘤切除、经蝶窦手术、内窥镜减压、立体定位手术等治疗技术。,completed,571a7cdc-2b55-42c4-8ef3-a04868179a68,"# Summary
本书出版于2011年。2007年出版。本书是面向眼科医师、神经内科与神经外科医师、放射科医师、临床工作者及医学生的图文教学型神经眼科学图谱，汇集Sankara Nethralaya临床病例，以彩色影像和简明文字展示疾病表现、诊断与处理。全书按传入神经性病变、传出神经性病变、先天性疾病、感染性疾病、血管性疾病、肿瘤、斑痣性错构瘤病及其他疾病编排，涵盖缺血性视神经病变、视神经炎、视盘水肿、视神经萎缩、眼肌麻痹、Horner综合征、重症肌无力、脑梗死、动静脉畸形、颅内及眶内肿瘤、多发性硬化等。内容涉及视力与视野检查、眼底检查、荧光素眼底血管造影、CT、MRI/MR血管造影、DSA、OCT、超声、VEP、腰椎穿刺及活检，并介绍糖皮质激素、放疗、化疗、激光光凝、视神经鞘开窗、脑室腹膜或腰腹膜分流、肿瘤切除、经蝶窦手术、内窥镜减压、立体定位手术等治疗技术。",3072,"# Summary
本书出版于2011年。2007年出版。本书是面向眼科医师、神经内科与神经外科医师、放射科医师、临床工作者及医学生的图文教学型神经眼科学图谱，汇集Sankara Nethralaya临床病例，以彩色影像和简明文字展示疾病表现、诊断与处理。全书按传入神经性病变、传出神经性病变、先天性疾病、感染性疾病、血管性疾病、肿瘤、斑痣性错构瘤病及其他疾病编排，涵盖缺血性视神经病变、视神经炎、视盘水肿、视神经萎缩、眼肌麻痹、Horner综合征、重症肌无力、脑梗死、动静脉畸形、颅内及眶内肿瘤、多发性硬化等。内容涉及视力与视野检查、眼底检查、荧光素眼底血管造影、CT、MRI/MR血管造影、DSA、OCT、超声、VEP、腰椎穿刺及活检，并介绍糖皮质激素、放疗、化疗、激光光凝、视神经鞘开窗、脑室腹膜或腰腹膜分流、肿瘤切除、经蝶窦手术、内窥镜减压、立体定位手术等治疗技术。"
828b05c3-c54e-4287-a156-a2077fa1d45f,本书出版于2010年。面向眼科医师、视网膜专科医师、住院医师及相关培训者的临床视网膜影像图谱。全书从正常视网膜组织学、玻璃体与黄斑结构及检查方法入手，系统涵盖荧光素血管造影（FA）、吲哚菁绿造影（ICG）、眼底自发荧光（FAF）、超广角成像、OCT及OCTA。内容覆盖遗传性视网膜、脉络膜与黄斑营养不良，视网膜色素变性、儿童先天异常、早产儿视网膜病变、代谢病和白点综合征；炎症、葡萄膜炎、感染及全身病相关视网膜血管炎；视网膜动静脉阻塞、糖尿病视网膜病变、Coats病、黄斑毛细血管扩张、辐射视网膜病变；病理性近视、中心性浆液性脉络膜视网膜病变、年龄相关性黄斑变性、脉络膜新生血管及息肉样脉络膜血管病变；视网膜、脉络膜及视盘肿瘤、黑色素瘤和视网膜母细胞瘤；玻璃体黄斑牵拉、黄斑裂孔、视网膜裂孔与脱离，以及眼外伤、医源性损伤、药物毒性和视神经疾病。重点呈现多模态影像下的典型表现、鉴别诊断、治疗与手术相关病例。,completed,48ccf8f7-0ca6-4177-b1dc-0224a48519a9,"# Summary
本书出版于2010年。面向眼科医师、视网膜专科医师、住院医师及相关培训者的临床视网膜影像图谱。全书从正常视网膜组织学、玻璃体与黄斑结构及检查方法入手，系统涵盖荧光素血管造影（FA）、吲哚菁绿造影（ICG）、眼底自发荧光（FAF）、超广角成像、OCT及OCTA。内容覆盖遗传性视网膜、脉络膜与黄斑营养不良，视网膜色素变性、儿童先天异常、早产儿视网膜病变、代谢病和白点综合征；炎症、葡萄膜炎、感染及全身病相关视网膜血管炎；视网膜动静脉阻塞、糖尿病视网膜病变、Coats病、黄斑毛细血管扩张、辐射视网膜病变；病理性近视、中心性浆液性脉络膜视网膜病变、年龄相关性黄斑变性、脉络膜新生血管及息肉样脉络膜血管病变；视网膜、脉络膜及视盘肿瘤、黑色素瘤和视网膜母细胞瘤；玻璃体黄斑牵拉、黄斑裂孔、视网膜裂孔与脱离，以及眼外伤、医源性损伤、药物毒性和视神经疾病。重点呈现多模态影像下的典型表现、鉴别诊断、治疗与手术相关病例。",3072,"# Summary
本书出版于2010年。面向眼科医师、视网膜专科医师、住院医师及相关培训者的临床视网膜影像图谱。全书从正常视网膜组织学、玻璃体与黄斑结构及检查方法入手，系统涵盖荧光素血管造影（FA）、吲哚菁绿造影（ICG）、眼底自发荧光（FAF）、超广角成像、OCT及OCTA。内容覆盖遗传性视网膜、脉络膜与黄斑营养不良，视网膜色素变性、儿童先天异常、早产儿视网膜病变、代谢病和白点综合征；炎症、葡萄膜炎、感染及全身病相关视网膜血管炎；视网膜动静脉阻塞、糖尿病视网膜病变、Coats病、黄斑毛细血管扩张、辐射视网膜病变；病理性近视、中心性浆液性脉络膜视网膜病变、年龄相关性黄斑变性、脉络膜新生血管及息肉样脉络膜血管病变；视网膜、脉络膜及视盘肿瘤、黑色素瘤和视网膜母细胞瘤；玻璃体黄斑牵拉、黄斑裂孔、视网膜裂孔与脱离，以及眼外伤、医源性损伤、药物毒性和视神经疾病。重点呈现多模态影像下的典型表现、鉴别诊断、治疗与手术相关病例。"
bd9b0496-a9b4-4204-be4d-646338a608c4,本书出版于2016年，面向眼科、神经眼科、神经内外科住院医师、实习医生及医学学生，以典型病例为线索，讲解神经眼科检查、诊断、鉴别诊断、治疗与预后。全书涵盖视功能评价、视力与色觉、瞳孔反应、视野、眼球运动及神经影像学，并围绕视觉传入系统和眼球运动系统展开：视神经炎、儿童及不常见视神经炎、前部缺血性视神经病变、巨细胞动脉炎、假性视乳头水肿、压迫性病变、视神经胶质瘤、遗传性、Leber’s、营养性、外伤性视神经病变和视神经发育不全；还涉及一过性黑朦、垂体瘤、视交叉及视束综合征、偏头痛、功能性视力下降、Graves眼病、各类颅神经麻痹、核间性眼肌麻痹、Fisher综合征、眶尖综合征、重症肌无力、Horner综合征、Adie瞳孔、海绵窦瘘及睑痉挛。书中结合视野检查、眼底照相、CT、MRI、腰穿、实验室及药物试验，讨论激素治疗、视神经鞘减压术及肿瘤手术等临床决策。,completed,0f14594b-ca43-463c-94e1-0b46e1b90b25,"# Summary
本书出版于2016年，面向眼科、神经眼科、神经内外科住院医师、实习医生及医学学生，以典型病例为线索，讲解神经眼科检查、诊断、鉴别诊断、治疗与预后。全书涵盖视功能评价、视力与色觉、瞳孔反应、视野、眼球运动及神经影像学，并围绕视觉传入系统和眼球运动系统展开：视神经炎、儿童及不常见视神经炎、前部缺血性视神经病变、巨细胞动脉炎、假性视乳头水肿、压迫性病变、视神经胶质瘤、遗传性、Leber’s、营养性、外伤性视神经病变和视神经发育不全；还涉及一过性黑朦、垂体瘤、视交叉及视束综合征、偏头痛、功能性视力下降、Graves眼病、各类颅神经麻痹、核间性眼肌麻痹、Fisher综合征、眶尖综合征、重症肌无力、Horner综合征、Adie瞳孔、海绵窦瘘及睑痉挛。书中结合视野检查、眼底照相、CT、MRI、腰穿、实验室及药物试验，讨论激素治疗、视神经鞘减压术及肿瘤手术等临床决策。",3072,"# Summary
本书出版于2016年，面向眼科、神经眼科、神经内外科住院医师、实习医生及医学学生，以典型病例为线索，讲解神经眼科检查、诊断、鉴别诊断、治疗与预后。全书涵盖视功能评价、视力与色觉、瞳孔反应、视野、眼球运动及神经影像学，并围绕视觉传入系统和眼球运动系统展开：视神经炎、儿童及不常见视神经炎、前部缺血性视神经病变、巨细胞动脉炎、假性视乳头水肿、压迫性病变、视神经胶质瘤、遗传性、Leber’s、营养性、外伤性视神经病变和视神经发育不全；还涉及一过性黑朦、垂体瘤、视交叉及视束综合征、偏头痛、功能性视力下降、Graves眼病、各类颅神经麻痹、核间性眼肌麻痹、Fisher综合征、眶尖综合征、重症肌无力、Horner综合征、Adie瞳孔、海绵窦瘘及睑痉挛。书中结合视野检查、眼底照相、CT、MRI、腰穿、实验室及药物试验，讨论激素治疗、视神经鞘减压术及肿瘤手术等临床决策。"
74851a4e-a56b-461b-b2ee-565cae8a3d77,本书出版于2005年。美国眼科学会面向眼科住院医师和临床执业眼科医师编写的神经眼科学临床教材，采用症状驱动方法，强调病史、体格检查、定位诊断、辅助检查与管理决策。内容涵盖颅底、眼眶、血管、视网膜—视神经—视交叉—视束—视皮层通路，眼球运动、脑神经、瞳孔、眼睑、面神经及自主神经解剖；系统介绍CT、MRI、MRA/MRV、CTA/CTV、导管血管造影、超声及功能影像的选择与判读。围绕视力下降、短暂性视力丧失、幻视和高级皮层功能障碍、复视与异常眼球运动、核上性障碍、眼震、瞳孔异常、上睑下垂和头眼面痛展开评估、鉴别及治疗，并讨论视神经病变、视交叉及后视路病变、偏头痛、甲状腺眼病、重症肌无力、巨细胞动脉炎、多发性硬化、视神经脊髓炎、脑血管病、静脉窦血栓、感染及妊娠相关疾病。关键词包括视野检查、色觉、瞳孔检查、眼底检查、双眼运动、眼震、视神经减压、内镜鼻窦手术、血管介入与视觉康复。,completed,bda0a76c-46c6-4cf2-899f-9cb593114d3b,"# Summary
本书出版于2005年。美国眼科学会面向眼科住院医师和临床执业眼科医师编写的神经眼科学临床教材，采用症状驱动方法，强调病史、体格检查、定位诊断、辅助检查与管理决策。内容涵盖颅底、眼眶、血管、视网膜—视神经—视交叉—视束—视皮层通路，眼球运动、脑神经、瞳孔、眼睑、面神经及自主神经解剖；系统介绍CT、MRI、MRA/MRV、CTA/CTV、导管血管造影、超声及功能影像的选择与判读。围绕视力下降、短暂性视力丧失、幻视和高级皮层功能障碍、复视与异常眼球运动、核上性障碍、眼震、瞳孔异常、上睑下垂和头眼面痛展开评估、鉴别及治疗，并讨论视神经病变、视交叉及后视路病变、偏头痛、甲状腺眼病、重症肌无力、巨细胞动脉炎、多发性硬化、视神经脊髓炎、脑血管病、静脉窦血栓、感染及妊娠相关疾病。关键词包括视野检查、色觉、瞳孔检查、眼底检查、双眼运动、眼震、视神经减压、内镜鼻窦手术、血管介入与视觉康复。",3072,"# Summary
本书出版于2005年。美国眼科学会面向眼科住院医师和临床执业眼科医师编写的神经眼科学临床教材，采用症状驱动方法，强调病史、体格检查、定位诊断、辅助检查与管理决策。内容涵盖颅底、眼眶、血管、视网膜—视神经—视交叉—视束—视皮层通路，眼球运动、脑神经、瞳孔、眼睑、面神经及自主神经解剖；系统介绍CT、MRI、MRA/MRV、CTA/CTV、导管血管造影、超声及功能影像的选择与判读。围绕视力下降、短暂性视力丧失、幻视和高级皮层功能障碍、复视与异常眼球运动、核上性障碍、眼震、瞳孔异常、上睑下垂和头眼面痛展开评估、鉴别及治疗，并讨论视神经病变、视交叉及后视路病变、偏头痛、甲状腺眼病、重症肌无力、巨细胞动脉炎、多发性硬化、视神经脊髓炎、脑血管病、静脉窦血栓、感染及妊娠相关疾病。关键词包括视野检查、色觉、瞳孔检查、眼底检查、双眼运动、眼震、视神经减压、内镜鼻窦手术、血管介入与视觉康复。"
bf5ad43f-818b-41c3-b1d0-fc167142baaf,本书出版于2010年，是面向眼科住院医师、角膜与眼表专科医师及相关研究人员的综合性角膜学专著。内容从角膜、巩膜、结膜、泪膜和眼睑的解剖生理及病理反应入手，系统介绍眼表检查、裂隙灯显微镜与摄影、泪膜评估、验光、角膜曲率与地形图、内皮镜、共焦显微镜、高分辨率超声、前节OCT、微生物学及分子遗传学。疾病框架涵盖先天性角膜异常、周边病变、角膜溃疡、水肿、沉积、浸润、营养和代谢病、角膜营养不良与圆锥角膜、退行性病变，以及细菌、病毒、真菌、棘阿米巴和寄生虫感染；并涉及干眼、过敏性角结膜炎、疱疹性角膜炎、神经营养性角膜炎、接触镜并发症、化学伤、巩膜炎和前葡萄膜炎。治疗与手术部分重点讨论眼库、穿透性角膜移植、前板层及内皮移植、角膜移植排斥与术后并发症、角膜穿孔修复、治疗性移植、羊膜移植、眼表重建、人工角膜及前节创伤处理，并延伸至PRK、LASIK、角膜扩张防治、角膜环、切开术和有晶状体眼人工晶状体。,completed,b012ff27-d2ac-4ee1-8178-5a9a0f8e379c,"# Summary
本书出版于2010年，是面向眼科住院医师、角膜与眼表专科医师及相关研究人员的综合性角膜学专著。内容从角膜、巩膜、结膜、泪膜和眼睑的解剖生理及病理反应入手，系统介绍眼表检查、裂隙灯显微镜与摄影、泪膜评估、验光、角膜曲率与地形图、内皮镜、共焦显微镜、高分辨率超声、前节OCT、微生物学及分子遗传学。疾病框架涵盖先天性角膜异常、周边病变、角膜溃疡、水肿、沉积、浸润、营养和代谢病、角膜营养不良与圆锥角膜、退行性病变，以及细菌、病毒、真菌、棘阿米巴和寄生虫感染；并涉及干眼、过敏性角结膜炎、疱疹性角膜炎、神经营养性角膜炎、接触镜并发症、化学伤、巩膜炎和前葡萄膜炎。治疗与手术部分重点讨论眼库、穿透性角膜移植、前板层及内皮移植、角膜移植排斥与术后并发症、角膜穿孔修复、治疗性移植、羊膜移植、眼表重建、人工角膜及前节创伤处理，并延伸至PRK、LASIK、角膜扩张防治、角膜环、切开术和有晶状体眼人工晶状体。",3072,"# Summary
本书出版于2010年，是面向眼科住院医师、角膜与眼表专科医师及相关研究人员的综合性角膜学专著。内容从角膜、巩膜、结膜、泪膜和眼睑的解剖生理及病理反应入手，系统介绍眼表检查、裂隙灯显微镜与摄影、泪膜评估、验光、角膜曲率与地形图、内皮镜、共焦显微镜、高分辨率超声、前节OCT、微生物学及分子遗传学。疾病框架涵盖先天性角膜异常、周边病变、角膜溃疡、水肿、沉积、浸润、营养和代谢病、角膜营养不良与圆锥角膜、退行性病变，以及细菌、病毒、真菌、棘阿米巴和寄生虫感染；并涉及干眼、过敏性角结膜炎、疱疹性角膜炎、神经营养性角膜炎、接触镜并发症、化学伤、巩膜炎和前葡萄膜炎。治疗与手术部分重点讨论眼库、穿透性角膜移植、前板层及内皮移植、角膜移植排斥与术后并发症、角膜穿孔修复、治疗性移植、羊膜移植、眼表重建、人工角膜及前节创伤处理，并延伸至PRK、LASIK、角膜扩张防治、角膜环、切开术和有晶状体眼人工晶状体。"
5c13ae74-ce24-4065-8b67-73e1a0fed45d,本书出版于2011年，是面向眼科及眼整形美容专业医生，尤其适合准备手术、指导实践的初学者和年轻医生的亚洲人眼睑整形手术图谱。全书以韩国人眼睑解剖特点为基础，先介绍眼睑表面结构、皮肤及皮下组织、眼轮匝肌、眶隔脂肪、提上睑肌、血管神经等解剖，并讲解术前准备、局部浸润麻醉和神经阻滞麻醉。正文围绕退行性及瘢痕性睑内翻、倒睫、退行性／瘢痕性／麻痹性睑外翻、上睑下垂的评估检查与手术选择展开，涉及Quickert-Rathbun法、下睑缩肌复位、外侧睑板条、提上睑肌腱膜复位与缩短、额肌悬吊、结膜-Müller肌切除等技术；并系统介绍非切开及切开重睑成形、老年上下睑成形、下睑脂肪复位、内眦赘皮及Park Z、Root Z、Y-V、Uchida、Mustarde等成形术，还包括直接眉成形、上下睑退缩矫正及异体真皮、硬腭移植和眼睑、内眦缺损重建。全书以大量术中照片和步骤图强调手术设计、操作路径及亚洲眼睑形态处理。,completed,c83c26c5-aff4-4e3f-9870-b30ac649794d,"# Summary
本书出版于2011年，是面向眼科及眼整形美容专业医生，尤其适合准备手术、指导实践的初学者和年轻医生的亚洲人眼睑整形手术图谱。全书以韩国人眼睑解剖特点为基础，先介绍眼睑表面结构、皮肤及皮下组织、眼轮匝肌、眶隔脂肪、提上睑肌、血管神经等解剖，并讲解术前准备、局部浸润麻醉和神经阻滞麻醉。正文围绕退行性及瘢痕性睑内翻、倒睫、退行性／瘢痕性／麻痹性睑外翻、上睑下垂的评估检查与手术选择展开，涉及Quickert-Rathbun法、下睑缩肌复位、外侧睑板条、提上睑肌腱膜复位与缩短、额肌悬吊、结膜-Müller肌切除等技术；并系统介绍非切开及切开重睑成形、老年上下睑成形、下睑脂肪复位、内眦赘皮及Park Z、Root Z、Y-V、Uchida、Mustarde等成形术，还包括直接眉成形、上下睑退缩矫正及异体真皮、硬腭移植和眼睑、内眦缺损重建。全书以大量术中照片和步骤图强调手术设计、操作路径及亚洲眼睑形态处理。",3072,"# Summary
本书出版于2011年，是面向眼科及眼整形美容专业医生，尤其适合准备手术、指导实践的初学者和年轻医生的亚洲人眼睑整形手术图谱。全书以韩国人眼睑解剖特点为基础，先介绍眼睑表面结构、皮肤及皮下组织、眼轮匝肌、眶隔脂肪、提上睑肌、血管神经等解剖，并讲解术前准备、局部浸润麻醉和神经阻滞麻醉。正文围绕退行性及瘢痕性睑内翻、倒睫、退行性／瘢痕性／麻痹性睑外翻、上睑下垂的评估检查与手术选择展开，涉及Quickert-Rathbun法、下睑缩肌复位、外侧睑板条、提上睑肌腱膜复位与缩短、额肌悬吊、结膜-Müller肌切除等技术；并系统介绍非切开及切开重睑成形、老年上下睑成形、下睑脂肪复位、内眦赘皮及Park Z、Root Z、Y-V、Uchida、Mustarde等成形术，还包括直接眉成形、上下睑退缩矫正及异体真皮、硬腭移植和眼睑、内眦缺损重建。全书以大量术中照片和步骤图强调手术设计、操作路径及亚洲眼睑形态处理。"
ca1a2bd3-4a79-42bd-a10a-303e67e817b9,本书出版于2011年，是面向眼科、视光学及屈光手术医师的角膜高度断层地形图临床与科研参考书，适用于学习和应用Pentacam等Scheimpflug成像系统。全书涵盖角膜地形图与断层摄影的发展、Placido角膜镜、曲率与高度数据、拟合参考面、角膜厚度及前后表面高度图的解读，介绍正常值、筛查设置、CTSP/PTI及Belin/Ambrósio增强型圆锥筛查。重点讨论圆锥角膜、角膜扩张、非对称性圆锥角膜及LASIK术后扩张，并结合图谱和病例分析。内容还涉及Scheimpflug影像在屈光手术筛查、角膜移植、INTACS、DSEK术后观察、原发性闭角型青光眼、白内障及高端人工晶状体手术中的应用，涵盖人工晶状体屈光力计算、BESSt2公式、角膜光学质量、散光、球差、角膜接触镜模拟、晶状体密度、人工晶状体倾斜和术后并发情况评估。,completed,eafe3927-3aa3-4f87-930a-a78f45a6fc9a,"# Summary
本书出版于2011年，是面向眼科、视光学及屈光手术医师的角膜高度断层地形图临床与科研参考书，适用于学习和应用Pentacam等Scheimpflug成像系统。全书涵盖角膜地形图与断层摄影的发展、Placido角膜镜、曲率与高度数据、拟合参考面、角膜厚度及前后表面高度图的解读，介绍正常值、筛查设置、CTSP/PTI及Belin/Ambrósio增强型圆锥筛查。重点讨论圆锥角膜、角膜扩张、非对称性圆锥角膜及LASIK术后扩张，并结合图谱和病例分析。内容还涉及Scheimpflug影像在屈光手术筛查、角膜移植、INTACS、DSEK术后观察、原发性闭角型青光眼、白内障及高端人工晶状体手术中的应用，涵盖人工晶状体屈光力计算、BESSt2公式、角膜光学质量、散光、球差、角膜接触镜模拟、晶状体密度、人工晶状体倾斜和术后并发情况评估。",3072,"# Summary
本书出版于2011年，是面向眼科、视光学及屈光手术医师的角膜高度断层地形图临床与科研参考书，适用于学习和应用Pentacam等Scheimpflug成像系统。全书涵盖角膜地形图与断层摄影的发展、Placido角膜镜、曲率与高度数据、拟合参考面、角膜厚度及前后表面高度图的解读，介绍正常值、筛查设置、CTSP/PTI及Belin/Ambrósio增强型圆锥筛查。重点讨论圆锥角膜、角膜扩张、非对称性圆锥角膜及LASIK术后扩张，并结合图谱和病例分析。内容还涉及Scheimpflug影像在屈光手术筛查、角膜移植、INTACS、DSEK术后观察、原发性闭角型青光眼、白内障及高端人工晶状体手术中的应用，涵盖人工晶状体屈光力计算、BESSt2公式、角膜光学质量、散光、球差、角膜接触镜模拟、晶状体密度、人工晶状体倾斜和术后并发情况评估。"
e54634cf-ac6c-4d89-9971-624e1345a279,本书出版于2011年，是面向眼科专科医师及需进行角膜、屈光和白内障术前评估的临床人员的角膜地形图实用小型图谱。全书以 Orbscan 和 Pentacam 为核心，讲解 Placido 盘、裂隙扫描、Scheimpflug 成像、角膜前后表面高程、曲率、角膜厚度、瞳孔及前房测量，并比较角膜地形图与波前像差仪的互补作用。内容延伸至屈光手术地图分析、Orbscan IIz 诊断、LASIK 后角膜扩张和医源性角膜扩张筛查、圆锥角膜及亚临床圆锥角膜、后部角膜隆起、残余基质床评估、非规则散光、偏心消融和老视 LASIK；同时讨论角膜地形图在导电性角膜成形术、白内障手术及术后人工晶状体度数计算中的应用。书中突出 SimK、最佳拟合球面、Q 值、前后表面曲率、角膜厚度图、像差、角膜扩张风险及异常角膜影像识别等关键词。,completed,fc5fcd63-a2f9-48be-a448-a20a04e06c35,"# Summary
本书出版于2011年，是面向眼科专科医师及需进行角膜、屈光和白内障术前评估的临床人员的角膜地形图实用小型图谱。全书以 Orbscan 和 Pentacam 为核心，讲解 Placido 盘、裂隙扫描、Scheimpflug 成像、角膜前后表面高程、曲率、角膜厚度、瞳孔及前房测量，并比较角膜地形图与波前像差仪的互补作用。内容延伸至屈光手术地图分析、Orbscan IIz 诊断、LASIK 后角膜扩张和医源性角膜扩张筛查、圆锥角膜及亚临床圆锥角膜、后部角膜隆起、残余基质床评估、非规则散光、偏心消融和老视 LASIK；同时讨论角膜地形图在导电性角膜成形术、白内障手术及术后人工晶状体度数计算中的应用。书中突出 SimK、最佳拟合球面、Q 值、前后表面曲率、角膜厚度图、像差、角膜扩张风险及异常角膜影像识别等关键词。",3072,"# Summary
本书出版于2011年，是面向眼科专科医师及需进行角膜、屈光和白内障术前评估的临床人员的角膜地形图实用小型图谱。全书以 Orbscan 和 Pentacam 为核心，讲解 Placido 盘、裂隙扫描、Scheimpflug 成像、角膜前后表面高程、曲率、角膜厚度、瞳孔及前房测量，并比较角膜地形图与波前像差仪的互补作用。内容延伸至屈光手术地图分析、Orbscan IIz 诊断、LASIK 后角膜扩张和医源性角膜扩张筛查、圆锥角膜及亚临床圆锥角膜、后部角膜隆起、残余基质床评估、非规则散光、偏心消融和老视 LASIK；同时讨论角膜地形图在导电性角膜成形术、白内障手术及术后人工晶状体度数计算中的应用。书中突出 SimK、最佳拟合球面、Q 值、前后表面曲率、角膜厚度图、像差、角膜扩张风险及异常角膜影像识别等关键词。"
8ddb2e37-6bce-442c-962d-8124f491c795,本书出版于2012年。本书2018年出版，是角膜与外眼疾病诊疗及基础研究的经典专业参考书，适用于角膜专科医师、综合眼科医师、住院医师、进修医师、临床医生和研究人员。全书围绕角膜移植、手术治疗、胶原交联、人工角膜、眼表移植和屈光手术展开，系统介绍穿透性、前部板层、深板层及内皮角膜移植，DSEK、DSAEK、DMEK、飞秒激光辅助移植、儿童及高危角膜移植，以及移植排斥、感染、青光眼和术后并发症；涵盖角膜穿孔、角膜溃疡、翼状胬肉、结膜瓣、羊膜移植、眼前节创伤、虹膜重建和巩膜穿孔等治疗性手术；详述圆锥角膜、屈光术后角膜扩张和感染性角膜炎的胶原交联，Boston及骨齿型人工角膜；并涉及角膜缘干细胞缺乏、眼表重建、免疫抑制管理。屈光部分包括角膜地形图、角膜曲率、断层成像、OCT、波前像差、PRK、LASIK、SMILE、角膜基质环、散光性角膜切开、有晶状体眼人工晶状体及角膜嵌入环矫正老视等检查、影像、技术与并发症处理。,completed,03ffdc91-7ce7-4959-b332-c4d4dae13f7e,"# Summary
本书出版于2012年。本书2018年出版，是角膜与外眼疾病诊疗及基础研究的经典专业参考书，适用于角膜专科医师、综合眼科医师、住院医师、进修医师、临床医生和研究人员。全书围绕角膜移植、手术治疗、胶原交联、人工角膜、眼表移植和屈光手术展开，系统介绍穿透性、前部板层、深板层及内皮角膜移植，DSEK、DSAEK、DMEK、飞秒激光辅助移植、儿童及高危角膜移植，以及移植排斥、感染、青光眼和术后并发症；涵盖角膜穿孔、角膜溃疡、翼状胬肉、结膜瓣、羊膜移植、眼前节创伤、虹膜重建和巩膜穿孔等治疗性手术；详述圆锥角膜、屈光术后角膜扩张和感染性角膜炎的胶原交联，Boston及骨齿型人工角膜；并涉及角膜缘干细胞缺乏、眼表重建、免疫抑制管理。屈光部分包括角膜地形图、角膜曲率、断层成像、OCT、波前像差、PRK、LASIK、SMILE、角膜基质环、散光性角膜切开、有晶状体眼人工晶状体及角膜嵌入环矫正老视等检查、影像、技术与并发症处理。",3072,"# Summary
本书出版于2012年。本书2018年出版，是角膜与外眼疾病诊疗及基础研究的经典专业参考书，适用于角膜专科医师、综合眼科医师、住院医师、进修医师、临床医生和研究人员。全书围绕角膜移植、手术治疗、胶原交联、人工角膜、眼表移植和屈光手术展开，系统介绍穿透性、前部板层、深板层及内皮角膜移植，DSEK、DSAEK、DMEK、飞秒激光辅助移植、儿童及高危角膜移植，以及移植排斥、感染、青光眼和术后并发症；涵盖角膜穿孔、角膜溃疡、翼状胬肉、结膜瓣、羊膜移植、眼前节创伤、虹膜重建和巩膜穿孔等治疗性手术；详述圆锥角膜、屈光术后角膜扩张和感染性角膜炎的胶原交联，Boston及骨齿型人工角膜；并涉及角膜缘干细胞缺乏、眼表重建、免疫抑制管理。屈光部分包括角膜地形图、角膜曲率、断层成像、OCT、波前像差、PRK、LASIK、SMILE、角膜基质环、散光性角膜切开、有晶状体眼人工晶状体及角膜嵌入环矫正老视等检查、影像、技术与并发症处理。"
81213e5e-1a73-4139-9a31-d3a60536e214,本书出版于2016年，是Nathan Efron编著、魏瑞华等翻译的角膜接触镜临床并发症诊疗专著，面向眼科医师、眼视光医师、接触镜验配师及医学生。全书先介绍眼前节检查、分级量表和渐变图像分级，再按眼部组织系统讨论瞬目异常、上睑下垂、睑板腺功能障碍、睫毛异常、干眼、黏蛋白球、结膜染色与充血、乳头性结膜炎、角膜缘充血及炎症，以及角膜上皮、基质、内皮的水肿、染色、微囊、褶皱、变薄、混浊、新生血管、浸润、微生物角膜炎、角膜变形、内皮小滴、空泡、细胞重新分布和多形变。各专题结合体征、症状、病理、病因、预后、鉴别诊断与治疗，涵盖裂隙灯生物显微镜、荧光素染色、钴蓝及黄色滤光片、泪膜镜、角膜内皮显微镜、共焦显微镜、光学相干断层扫描、角膜地形图、厚度和角膜感觉测量；治疗涉及停戴或调整镜片、改变配适与材料、护理液和润滑剂、抗生素、类固醇及必要时手术，并附16项并发症和泪膜分级系统。,completed,7d61aa7a-5165-450a-b2c3-34c8d75c4427,"# Summary
本书出版于2016年，是Nathan Efron编著、魏瑞华等翻译的角膜接触镜临床并发症诊疗专著，面向眼科医师、眼视光医师、接触镜验配师及医学生。全书先介绍眼前节检查、分级量表和渐变图像分级，再按眼部组织系统讨论瞬目异常、上睑下垂、睑板腺功能障碍、睫毛异常、干眼、黏蛋白球、结膜染色与充血、乳头性结膜炎、角膜缘充血及炎症，以及角膜上皮、基质、内皮的水肿、染色、微囊、褶皱、变薄、混浊、新生血管、浸润、微生物角膜炎、角膜变形、内皮小滴、空泡、细胞重新分布和多形变。各专题结合体征、症状、病理、病因、预后、鉴别诊断与治疗，涵盖裂隙灯生物显微镜、荧光素染色、钴蓝及黄色滤光片、泪膜镜、角膜内皮显微镜、共焦显微镜、光学相干断层扫描、角膜地形图、厚度和角膜感觉测量；治疗涉及停戴或调整镜片、改变配适与材料、护理液和润滑剂、抗生素、类固醇及必要时手术，并附16项并发症和泪膜分级系统。",3072,"# Summary
本书出版于2016年，是Nathan Efron编著、魏瑞华等翻译的角膜接触镜临床并发症诊疗专著，面向眼科医师、眼视光医师、接触镜验配师及医学生。全书先介绍眼前节检查、分级量表和渐变图像分级，再按眼部组织系统讨论瞬目异常、上睑下垂、睑板腺功能障碍、睫毛异常、干眼、黏蛋白球、结膜染色与充血、乳头性结膜炎、角膜缘充血及炎症，以及角膜上皮、基质、内皮的水肿、染色、微囊、褶皱、变薄、混浊、新生血管、浸润、微生物角膜炎、角膜变形、内皮小滴、空泡、细胞重新分布和多形变。各专题结合体征、症状、病理、病因、预后、鉴别诊断与治疗，涵盖裂隙灯生物显微镜、荧光素染色、钴蓝及黄色滤光片、泪膜镜、角膜内皮显微镜、共焦显微镜、光学相干断层扫描、角膜地形图、厚度和角膜感觉测量；治疗涉及停戴或调整镜片、改变配适与材料、护理液和润滑剂、抗生素、类固醇及必要时手术，并附16项并发症和泪膜分级系统。"
4abb70cd-36d6-4372-a8f8-6a92e7ea6fb5,本书出版于2005年。本书出版于2008年，是总结作者近20年临床经验的眼部整形美容外科图谱，适用于眼部整形美容医师，并供整形外科、颌面外科医师参考。全书分眼部整形美容外科基础、眼睑与眉、结膜、泪器、眼窝及眼眶五篇，系统介绍眼部解剖、无菌与无创操作、切口、剥离、止血、引流、缝合、皮片与皮瓣移植、组织移植和生物材料，以及病史询问、术前检查、医学照相、治疗设计、术后处理和并发症防治。内容涵盖重睑、眼袋、眼睑松弛、眉下垂、眼睑及面肌痉挛、眼睑外伤、睑内外翻、上睑下垂、眼睑退缩、眦角畸形、先天性眼睑疾病、眼睑肿瘤及缺损重建；翼状胬肉、睑球粘连和角膜结膜瓣手术；泪点泪小管异常、泪道义管植入；眼眶解剖与X线、CT、MRI影像，先天性小眼球或无眼球、结膜囊缩窄、羟基磷灰石义眼台植入、眶壁及颌面部骨折整复、游离皮瓣眼窝再造和义眼定制配戴等。,completed,b4372f2d-b5b1-4037-9b7d-c03a3395635a,"# Summary
本书出版于2005年。本书出版于2008年，是总结作者近20年临床经验的眼部整形美容外科图谱，适用于眼部整形美容医师，并供整形外科、颌面外科医师参考。全书分眼部整形美容外科基础、眼睑与眉、结膜、泪器、眼窝及眼眶五篇，系统介绍眼部解剖、无菌与无创操作、切口、剥离、止血、引流、缝合、皮片与皮瓣移植、组织移植和生物材料，以及病史询问、术前检查、医学照相、治疗设计、术后处理和并发症防治。内容涵盖重睑、眼袋、眼睑松弛、眉下垂、眼睑及面肌痉挛、眼睑外伤、睑内外翻、上睑下垂、眼睑退缩、眦角畸形、先天性眼睑疾病、眼睑肿瘤及缺损重建；翼状胬肉、睑球粘连和角膜结膜瓣手术；泪点泪小管异常、泪道义管植入；眼眶解剖与X线、CT、MRI影像，先天性小眼球或无眼球、结膜囊缩窄、羟基磷灰石义眼台植入、眶壁及颌面部骨折整复、游离皮瓣眼窝再造和义眼定制配戴等。",3072,"# Summary
本书出版于2005年。本书出版于2008年，是总结作者近20年临床经验的眼部整形美容外科图谱，适用于眼部整形美容医师，并供整形外科、颌面外科医师参考。全书分眼部整形美容外科基础、眼睑与眉、结膜、泪器、眼窝及眼眶五篇，系统介绍眼部解剖、无菌与无创操作、切口、剥离、止血、引流、缝合、皮片与皮瓣移植、组织移植和生物材料，以及病史询问、术前检查、医学照相、治疗设计、术后处理和并发症防治。内容涵盖重睑、眼袋、眼睑松弛、眉下垂、眼睑及面肌痉挛、眼睑外伤、睑内外翻、上睑下垂、眼睑退缩、眦角畸形、先天性眼睑疾病、眼睑肿瘤及缺损重建；翼状胬肉、睑球粘连和角膜结膜瓣手术；泪点泪小管异常、泪道义管植入；眼眶解剖与X线、CT、MRI影像，先天性小眼球或无眼球、结膜囊缩窄、羟基磷灰石义眼台植入、眶壁及颌面部骨折整复、游离皮瓣眼窝再造和义眼定制配戴等。"
698cf56e-a00a-427e-b658-189f9dc72aa3,本书出版于2015年，是Peter J. Savino、Helen V. Danesh-Meyer等编著、2005年出版的《美国威尔斯眼科医院临床眼科图谱和精要》之一，定位为面向眼科住院医师、临床眼科医师及相关医务人员的便携式临床参考书。全书涵盖视觉传入系统检查、视野、MRI及视网膜动脉阻塞；系统介绍视神经炎、缺血性、中毒性、遗传性、外伤性视神经病变，视乳头水肿、胶质瘤、脑膜瘤及先天性视盘异常；并论述视交叉以上视路疾病、非生理性视力丧失、传出系统检查、眼位偏斜、脑神经麻痹、眼球运动异常、眼球震颤、瞳孔及Horner、Adie、Argyll Robertson综合征，以及甲状腺相关眼眶病、眼眶炎症和海绵窦瘘。内容涉及视力、色觉、RAPD、Amsler方格、对比敏感度、自动/手动视野计、CT、MRI、DWI、FLAIR、超声多普勒、荧光血管造影、视觉诱发电位、动脉造影，以及皮质类固醇、放疗、手术、栓塞等治疗技术。,completed,2bd9b99b-c871-4c16-905c-7f3b3bad688d,"# Summary
本书出版于2015年，是Peter J. Savino、Helen V. Danesh-Meyer等编著、2005年出版的《美国威尔斯眼科医院临床眼科图谱和精要》之一，定位为面向眼科住院医师、临床眼科医师及相关医务人员的便携式临床参考书。全书涵盖视觉传入系统检查、视野、MRI及视网膜动脉阻塞；系统介绍视神经炎、缺血性、中毒性、遗传性、外伤性视神经病变，视乳头水肿、胶质瘤、脑膜瘤及先天性视盘异常；并论述视交叉以上视路疾病、非生理性视力丧失、传出系统检查、眼位偏斜、脑神经麻痹、眼球运动异常、眼球震颤、瞳孔及Horner、Adie、Argyll Robertson综合征，以及甲状腺相关眼眶病、眼眶炎症和海绵窦瘘。内容涉及视力、色觉、RAPD、Amsler方格、对比敏感度、自动/手动视野计、CT、MRI、DWI、FLAIR、超声多普勒、荧光血管造影、视觉诱发电位、动脉造影，以及皮质类固醇、放疗、手术、栓塞等治疗技术。",3072,"# Summary
本书出版于2015年，是Peter J. Savino、Helen V. Danesh-Meyer等编著、2005年出版的《美国威尔斯眼科医院临床眼科图谱和精要》之一，定位为面向眼科住院医师、临床眼科医师及相关医务人员的便携式临床参考书。全书涵盖视觉传入系统检查、视野、MRI及视网膜动脉阻塞；系统介绍视神经炎、缺血性、中毒性、遗传性、外伤性视神经病变，视乳头水肿、胶质瘤、脑膜瘤及先天性视盘异常；并论述视交叉以上视路疾病、非生理性视力丧失、传出系统检查、眼位偏斜、脑神经麻痹、眼球运动异常、眼球震颤、瞳孔及Horner、Adie、Argyll Robertson综合征，以及甲状腺相关眼眶病、眼眶炎症和海绵窦瘘。内容涉及视力、色觉、RAPD、Amsler方格、对比敏感度、自动/手动视野计、CT、MRI、DWI、FLAIR、超声多普勒、荧光血管造影、视觉诱发电位、动脉造影，以及皮质类固醇、放疗、手术、栓塞等治疗技术。"
58074419-c8aa-4ac2-bf83-f937505adb31,本书出版于2012年，由杨培增著，2016年出版，是面向葡萄膜炎专科医生、眼科各专业医生、研究生及临床实习生，并可供风湿科、免疫科、皮肤科等相关专科参考的实用诊疗概要。全书60余万字、519幅插图，共三篇69章：第一篇概论介绍葡萄膜炎概念、解剖与分类、病因机制、病史采集、眼部检查、辅助检查、实验室检查、诊断及治疗指导思想；涵盖荧光素眼底血管造影（FFA）、吲哚青绿血管造影（ICGA）、UBM、超声、OCT、视野及多焦视网膜电图等影像与功能检查。第二篇系统讲述糖皮质激素、免疫抑制剂、非甾体抗炎药、睫状肌麻痹剂和扩瞳剂、中医中药等治疗。第三篇全面讨论前、中间、后及全葡萄膜炎，视网膜血管炎、Eales病、Behcet病、Vogt-小柳原田综合征、交感性眼炎、Fuchs综合征、病毒、弓形虫、结核、梅毒、眼内炎、风湿免疫性疾病相关葡萄膜炎、药物性葡萄膜炎及伪装综合征，并涉及白内障摘除、人工晶状体植入、玻璃体切除及玻璃体内注射等技术。,completed,9e6d6da4-daf8-494a-a928-242d51dc51db,"# Summary
本书出版于2012年，由杨培增著，2016年出版，是面向葡萄膜炎专科医生、眼科各专业医生、研究生及临床实习生，并可供风湿科、免疫科、皮肤科等相关专科参考的实用诊疗概要。全书60余万字、519幅插图，共三篇69章：第一篇概论介绍葡萄膜炎概念、解剖与分类、病因机制、病史采集、眼部检查、辅助检查、实验室检查、诊断及治疗指导思想；涵盖荧光素眼底血管造影（FFA）、吲哚青绿血管造影（ICGA）、UBM、超声、OCT、视野及多焦视网膜电图等影像与功能检查。第二篇系统讲述糖皮质激素、免疫抑制剂、非甾体抗炎药、睫状肌麻痹剂和扩瞳剂、中医中药等治疗。第三篇全面讨论前、中间、后及全葡萄膜炎，视网膜血管炎、Eales病、Behcet病、Vogt-小柳原田综合征、交感性眼炎、Fuchs综合征、病毒、弓形虫、结核、梅毒、眼内炎、风湿免疫性疾病相关葡萄膜炎、药物性葡萄膜炎及伪装综合征，并涉及白内障摘除、人工晶状体植入、玻璃体切除及玻璃体内注射等技术。",3072,"# Summary
本书出版于2012年，由杨培增著，2016年出版，是面向葡萄膜炎专科医生、眼科各专业医生、研究生及临床实习生，并可供风湿科、免疫科、皮肤科等相关专科参考的实用诊疗概要。全书60余万字、519幅插图，共三篇69章：第一篇概论介绍葡萄膜炎概念、解剖与分类、病因机制、病史采集、眼部检查、辅助检查、实验室检查、诊断及治疗指导思想；涵盖荧光素眼底血管造影（FFA）、吲哚青绿血管造影（ICGA）、UBM、超声、OCT、视野及多焦视网膜电图等影像与功能检查。第二篇系统讲述糖皮质激素、免疫抑制剂、非甾体抗炎药、睫状肌麻痹剂和扩瞳剂、中医中药等治疗。第三篇全面讨论前、中间、后及全葡萄膜炎，视网膜血管炎、Eales病、Behcet病、Vogt-小柳原田综合征、交感性眼炎、Fuchs综合征、病毒、弓形虫、结核、梅毒、眼内炎、风湿免疫性疾病相关葡萄膜炎、药物性葡萄膜炎及伪装综合征，并涉及白内障摘除、人工晶状体植入、玻璃体切除及玻璃体内注射等技术。"
6d6b2547-4d1a-4871-81da-3fa5c2a7e9a0,本书出版于2014年，是张文华主编、2010年出版的《同仁眼科系列图谱》之一，定位为眼科医师、眼科医学生及相关专业人员的临床图谱和教材补充，依托北京同仁医院多年角膜病与外眼病诊疗、影像资料，强调形态学检查、直观图像与图注。全书涵盖眼睑疾病、结膜感染炎症与变性、角膜先天异常、变性退行性改变、角膜营养不良、感染和炎症、其他角膜病变、药物毒性角结膜炎、角膜接触镜并发症、眼外伤、眼部手术及角膜并发症、全身病眼部表现、表层巩膜炎和前巩膜炎、眼表肿瘤。重点涉及沙眼、翼状胬肉、圆锥角膜、细菌性/真菌性/病毒性及棘阿米巴角膜炎、干眼、暴露性和神经营养性角膜炎、角膜溃疡、角膜新生血管、化学及热烧伤，并介绍角膜移植、移植排斥、PTK、屈光手术、结膜瓣遮盖术等检查诊断、治疗与手术关键词。,completed,e831a5c2-e036-4ec7-a809-ec76c77ff5d2,"# Summary
本书出版于2014年，是张文华主编、2010年出版的《同仁眼科系列图谱》之一，定位为眼科医师、眼科医学生及相关专业人员的临床图谱和教材补充，依托北京同仁医院多年角膜病与外眼病诊疗、影像资料，强调形态学检查、直观图像与图注。全书涵盖眼睑疾病、结膜感染炎症与变性、角膜先天异常、变性退行性改变、角膜营养不良、感染和炎症、其他角膜病变、药物毒性角结膜炎、角膜接触镜并发症、眼外伤、眼部手术及角膜并发症、全身病眼部表现、表层巩膜炎和前巩膜炎、眼表肿瘤。重点涉及沙眼、翼状胬肉、圆锥角膜、细菌性/真菌性/病毒性及棘阿米巴角膜炎、干眼、暴露性和神经营养性角膜炎、角膜溃疡、角膜新生血管、化学及热烧伤，并介绍角膜移植、移植排斥、PTK、屈光手术、结膜瓣遮盖术等检查诊断、治疗与手术关键词。",3072,"# Summary
本书出版于2014年，是张文华主编、2010年出版的《同仁眼科系列图谱》之一，定位为眼科医师、眼科医学生及相关专业人员的临床图谱和教材补充，依托北京同仁医院多年角膜病与外眼病诊疗、影像资料，强调形态学检查、直观图像与图注。全书涵盖眼睑疾病、结膜感染炎症与变性、角膜先天异常、变性退行性改变、角膜营养不良、感染和炎症、其他角膜病变、药物毒性角结膜炎、角膜接触镜并发症、眼外伤、眼部手术及角膜并发症、全身病眼部表现、表层巩膜炎和前巩膜炎、眼表肿瘤。重点涉及沙眼、翼状胬肉、圆锥角膜、细菌性/真菌性/病毒性及棘阿米巴角膜炎、干眼、暴露性和神经营养性角膜炎、角膜溃疡、角膜新生血管、化学及热烧伤，并介绍角膜移植、移植排斥、PTK、屈光手术、结膜瓣遮盖术等检查诊断、治疗与手术关键词。"
78c386ef-639e-46cf-8f43-e3067044b0ce,本书出版于2005年，是张文华主编、2010年出版的《同仁眼科系列图谱》之一，定位为角膜及外眼疾病图谱，是教科书的补充，适合眼科医师、相关专业人员及医学生参考。全书以临床图片和简洁说明为主，系统介绍眼睑疾病、结膜感染炎症与变性、角膜先天异常、变性退行性改变、角膜营养不良、细菌性/真菌性/病毒性/棘阿米巴角膜炎、干眼及其他角膜病变；并涵盖药物毒性角结膜炎、角膜接触镜并发症、眼球挫伤、穿通伤、异物伤、化学及热烧伤。后半部分重点介绍穿透性和板层角膜移植、移植排斥、PTK、屈光手术、结膜瓣遮盖术及相关并发症，还涉及全身病眼部表现、巩膜炎和眼表肿瘤。内容涉及裂隙灯、蠕螨镜检、细菌培养与药敏、组织病理学、超声生物显微镜等检查，以及抗感染、抗炎、人工泪液、热敷按摩、激素、手术切除、角膜移植、羊膜移植和准分子激光等治疗技术。,completed,619fc2bf-29dc-40d8-927b-ee946b3e93e9,"# Summary
本书出版于2005年，是张文华主编、2010年出版的《同仁眼科系列图谱》之一，定位为角膜及外眼疾病图谱，是教科书的补充，适合眼科医师、相关专业人员及医学生参考。全书以临床图片和简洁说明为主，系统介绍眼睑疾病、结膜感染炎症与变性、角膜先天异常、变性退行性改变、角膜营养不良、细菌性/真菌性/病毒性/棘阿米巴角膜炎、干眼及其他角膜病变；并涵盖药物毒性角结膜炎、角膜接触镜并发症、眼球挫伤、穿通伤、异物伤、化学及热烧伤。后半部分重点介绍穿透性和板层角膜移植、移植排斥、PTK、屈光手术、结膜瓣遮盖术及相关并发症，还涉及全身病眼部表现、巩膜炎和眼表肿瘤。内容涉及裂隙灯、蠕螨镜检、细菌培养与药敏、组织病理学、超声生物显微镜等检查，以及抗感染、抗炎、人工泪液、热敷按摩、激素、手术切除、角膜移植、羊膜移植和准分子激光等治疗技术。",3072,"# Summary
本书出版于2005年，是张文华主编、2010年出版的《同仁眼科系列图谱》之一，定位为角膜及外眼疾病图谱，是教科书的补充，适合眼科医师、相关专业人员及医学生参考。全书以临床图片和简洁说明为主，系统介绍眼睑疾病、结膜感染炎症与变性、角膜先天异常、变性退行性改变、角膜营养不良、细菌性/真菌性/病毒性/棘阿米巴角膜炎、干眼及其他角膜病变；并涵盖药物毒性角结膜炎、角膜接触镜并发症、眼球挫伤、穿通伤、异物伤、化学及热烧伤。后半部分重点介绍穿透性和板层角膜移植、移植排斥、PTK、屈光手术、结膜瓣遮盖术及相关并发症，还涉及全身病眼部表现、巩膜炎和眼表肿瘤。内容涉及裂隙灯、蠕螨镜检、细菌培养与药敏、组织病理学、超声生物显微镜等检查，以及抗感染、抗炎、人工泪液、热敷按摩、激素、手术切除、角膜移植、羊膜移植和准分子激光等治疗技术。"
7bd8ff47-8731-4337-a4c2-1405fc5fe6ef,本书出版于2018年，是2009年出版的青光眼眼外科专著，系统介绍非穿透青光眼手术，适用于青光眼专科医师、眼科医生及研究生。全书20章，涵盖该术式的历史现状、手术原理与降眼压机制、基础实验、适应证和禁忌证、手术方法及临床疗效评价；重点讲解深层巩膜切除术、胶原及透明质酸凝胶植入、黏弹物质小管切开术、植入材料、并发症与术后处理，并讨论其在先天性青光眼、房角部分开放的闭角型青光眼及开角型青光眼中的应用。书中还涉及Nd∶YAG激光房角穿孔术、UBM与OCT检查、打磨法小梁成形术、联合晶状体超声乳化术、系统评价，以及非穿透手术能否替代小梁切除术等争议与临床体会。,completed,5a5de009-3d8f-4588-af06-afb870432d0d,"# Summary
本书出版于2018年，是2009年出版的青光眼眼外科专著，系统介绍非穿透青光眼手术，适用于青光眼专科医师、眼科医生及研究生。全书20章，涵盖该术式的历史现状、手术原理与降眼压机制、基础实验、适应证和禁忌证、手术方法及临床疗效评价；重点讲解深层巩膜切除术、胶原及透明质酸凝胶植入、黏弹物质小管切开术、植入材料、并发症与术后处理，并讨论其在先天性青光眼、房角部分开放的闭角型青光眼及开角型青光眼中的应用。书中还涉及Nd∶YAG激光房角穿孔术、UBM与OCT检查、打磨法小梁成形术、联合晶状体超声乳化术、系统评价，以及非穿透手术能否替代小梁切除术等争议与临床体会。",3072,"# Summary
本书出版于2018年，是2009年出版的青光眼眼外科专著，系统介绍非穿透青光眼手术，适用于青光眼专科医师、眼科医生及研究生。全书20章，涵盖该术式的历史现状、手术原理与降眼压机制、基础实验、适应证和禁忌证、手术方法及临床疗效评价；重点讲解深层巩膜切除术、胶原及透明质酸凝胶植入、黏弹物质小管切开术、植入材料、并发症与术后处理，并讨论其在先天性青光眼、房角部分开放的闭角型青光眼及开角型青光眼中的应用。书中还涉及Nd∶YAG激光房角穿孔术、UBM与OCT检查、打磨法小梁成形术、联合晶状体超声乳化术、系统评价，以及非穿透手术能否替代小梁切除术等争议与临床体会。"
8d293fb9-6fd2-4685-a889-cf33742a7b20,本书出版于2017年，是刘祖国、林跃生主编、陈家祺主审，2001年出版的角膜地形图学术参考书和工具书，主要面向眼科医务工作者及从事角膜病、屈光手术和相关检查研究的人员。全书系统介绍角膜地形图的发展历史、角膜解剖生理、几何光学与角膜屈光测量原理、Placido盘、角膜曲率计、计算机辅助角膜镜摄影及检测操作，阐述正常角膜地形、角膜分区、曲率和形态变化及阅图方法。重点讨论角膜上皮、基质、角膜缘病变，圆锥角膜、角膜后圆锥、干眼症、泪膜异常、角膜营养不良、角膜炎、角膜溃疡、外伤等疾病的地形图表现，并涉及角膜移植、放射状角膜切开、表面角膜镜片术、白内障与人工晶体植入、抗青光眼、视网膜脱离及玻璃体、斜视和屈光性角膜手术前后的检查、设计、疗效评估与并发变化。书中还介绍角膜散光及其矫正、软性和硬性透气性接触镜、角膜矫形镜验配，以及PAR、Orbscan等非Placido盘反射影像系统。,completed,1df19db1-4248-4e7c-a51c-490e7adc347a,"# Summary
本书出版于2017年，是刘祖国、林跃生主编、陈家祺主审，2001年出版的角膜地形图学术参考书和工具书，主要面向眼科医务工作者及从事角膜病、屈光手术和相关检查研究的人员。全书系统介绍角膜地形图的发展历史、角膜解剖生理、几何光学与角膜屈光测量原理、Placido盘、角膜曲率计、计算机辅助角膜镜摄影及检测操作，阐述正常角膜地形、角膜分区、曲率和形态变化及阅图方法。重点讨论角膜上皮、基质、角膜缘病变，圆锥角膜、角膜后圆锥、干眼症、泪膜异常、角膜营养不良、角膜炎、角膜溃疡、外伤等疾病的地形图表现，并涉及角膜移植、放射状角膜切开、表面角膜镜片术、白内障与人工晶体植入、抗青光眼、视网膜脱离及玻璃体、斜视和屈光性角膜手术前后的检查、设计、疗效评估与并发变化。书中还介绍角膜散光及其矫正、软性和硬性透气性接触镜、角膜矫形镜验配，以及PAR、Orbscan等非Placido盘反射影像系统。",3072,"# Summary
本书出版于2017年，是刘祖国、林跃生主编、陈家祺主审，2001年出版的角膜地形图学术参考书和工具书，主要面向眼科医务工作者及从事角膜病、屈光手术和相关检查研究的人员。全书系统介绍角膜地形图的发展历史、角膜解剖生理、几何光学与角膜屈光测量原理、Placido盘、角膜曲率计、计算机辅助角膜镜摄影及检测操作，阐述正常角膜地形、角膜分区、曲率和形态变化及阅图方法。重点讨论角膜上皮、基质、角膜缘病变，圆锥角膜、角膜后圆锥、干眼症、泪膜异常、角膜营养不良、角膜炎、角膜溃疡、外伤等疾病的地形图表现，并涉及角膜移植、放射状角膜切开、表面角膜镜片术、白内障与人工晶体植入、抗青光眼、视网膜脱离及玻璃体、斜视和屈光性角膜手术前后的检查、设计、疗效评估与并发变化。书中还介绍角膜散光及其矫正、软性和硬性透气性接触镜、角膜矫形镜验配，以及PAR、Orbscan等非Placido盘反射影像系统。"
9c5a7060-2db7-4f62-be12-e45ed8de1a42,本书出版于2014年，是瞿佳、陈浩主编，2017年出版的眼视光学专业本科国家级规划教材，适用于眼视光学本科生，也可供研究生、眼科住院医师及配镜、制镜人员参考。全书以眼镜、眼睛与视觉的整体关系为主线，先讲眼镜发展、光学原理、眼球生物与光学特性，以及近视、远视、散光、老视等屈光不正的矫正；继而系统介绍球面透镜、柱面及球柱面透镜、环曲面透镜、曲率与厚度、有效和等效屈光力、焦度计测量、棱镜及Prentice规则。应用部分涵盖无晶状体眼、高度屈光不正、屈光参差、物像不等、低视力助视器、人工晶状体和接触镜中的眼镜学原理；重点讨论双光镜、三光镜、渐变多焦点镜的设计、验配与问题处理，以及镜片像差、非球面和高屈光力设计。后半部涉及玻璃与树脂材料、镀膜、染色、光致变色、偏振和安全防护，眼镜架选择与整形，手工及自动配装、开槽打孔、质量检测、保养，以及眼镜品牌和验配服务营销。,completed,e6906109-2196-499e-9d83-528854f65461,"# Summary
本书出版于2014年，是瞿佳、陈浩主编，2017年出版的眼视光学专业本科国家级规划教材，适用于眼视光学本科生，也可供研究生、眼科住院医师及配镜、制镜人员参考。全书以眼镜、眼睛与视觉的整体关系为主线，先讲眼镜发展、光学原理、眼球生物与光学特性，以及近视、远视、散光、老视等屈光不正的矫正；继而系统介绍球面透镜、柱面及球柱面透镜、环曲面透镜、曲率与厚度、有效和等效屈光力、焦度计测量、棱镜及Prentice规则。应用部分涵盖无晶状体眼、高度屈光不正、屈光参差、物像不等、低视力助视器、人工晶状体和接触镜中的眼镜学原理；重点讨论双光镜、三光镜、渐变多焦点镜的设计、验配与问题处理，以及镜片像差、非球面和高屈光力设计。后半部涉及玻璃与树脂材料、镀膜、染色、光致变色、偏振和安全防护，眼镜架选择与整形，手工及自动配装、开槽打孔、质量检测、保养，以及眼镜品牌和验配服务营销。",3072,"# Summary
本书出版于2014年，是瞿佳、陈浩主编，2017年出版的眼视光学专业本科国家级规划教材，适用于眼视光学本科生，也可供研究生、眼科住院医师及配镜、制镜人员参考。全书以眼镜、眼睛与视觉的整体关系为主线，先讲眼镜发展、光学原理、眼球生物与光学特性，以及近视、远视、散光、老视等屈光不正的矫正；继而系统介绍球面透镜、柱面及球柱面透镜、环曲面透镜、曲率与厚度、有效和等效屈光力、焦度计测量、棱镜及Prentice规则。应用部分涵盖无晶状体眼、高度屈光不正、屈光参差、物像不等、低视力助视器、人工晶状体和接触镜中的眼镜学原理；重点讨论双光镜、三光镜、渐变多焦点镜的设计、验配与问题处理，以及镜片像差、非球面和高屈光力设计。后半部涉及玻璃与树脂材料、镀膜、染色、光致变色、偏振和安全防护，眼镜架选择与整形，手工及自动配装、开槽打孔、质量检测、保养，以及眼镜品牌和验配服务营销。"
54d1cb2f-a262-4cb7-a0ca-65b03aeec831,本书出版于2014年，由瞿佳、陈浩主编，2017年出版，是供眼视光学专业本科生使用的国家级规划教材，也可供研究生、眼科住院医师及验配、制镜人员参考。全书涵盖眼镜历史、眼镜学定位与光学基本原理，眼球生物与光学特性，以及近视、远视、散光、老视、屈光参差、无晶状体眼等屈光问题的矫正。系统介绍球面、柱面、球柱面、环曲面透镜，交叉柱镜，透镜成像、像散、像差、棱镜效应，曲率、矢高、厚度、有效及等效屈光力，并涉及中和法、焦度计等测量检查技术。应用部分讲解高度屈光不正、斜视弱视、低视力助视器、接触镜及人工晶状体的光学应用，多焦点镜、渐变镜设计与验配，非球面镜片、材料、镀膜、染色、光致变色、偏振和紫外线及抗冲击防护。后半部涵盖眼镜架分类、测量、选择、整形校配，眼镜配装、磨边、开槽、打孔、质量检测、保养，以及品牌营销。,completed,36a1db2a-fbf0-4b04-937a-a4c667167b07,"# Summary
本书出版于2014年，由瞿佳、陈浩主编，2017年出版，是供眼视光学专业本科生使用的国家级规划教材，也可供研究生、眼科住院医师及验配、制镜人员参考。全书涵盖眼镜历史、眼镜学定位与光学基本原理，眼球生物与光学特性，以及近视、远视、散光、老视、屈光参差、无晶状体眼等屈光问题的矫正。系统介绍球面、柱面、球柱面、环曲面透镜，交叉柱镜，透镜成像、像散、像差、棱镜效应，曲率、矢高、厚度、有效及等效屈光力，并涉及中和法、焦度计等测量检查技术。应用部分讲解高度屈光不正、斜视弱视、低视力助视器、接触镜及人工晶状体的光学应用，多焦点镜、渐变镜设计与验配，非球面镜片、材料、镀膜、染色、光致变色、偏振和紫外线及抗冲击防护。后半部涵盖眼镜架分类、测量、选择、整形校配，眼镜配装、磨边、开槽、打孔、质量检测、保养，以及品牌营销。",3072,"# Summary
本书出版于2014年，由瞿佳、陈浩主编，2017年出版，是供眼视光学专业本科生使用的国家级规划教材，也可供研究生、眼科住院医师及验配、制镜人员参考。全书涵盖眼镜历史、眼镜学定位与光学基本原理，眼球生物与光学特性，以及近视、远视、散光、老视、屈光参差、无晶状体眼等屈光问题的矫正。系统介绍球面、柱面、球柱面、环曲面透镜，交叉柱镜，透镜成像、像散、像差、棱镜效应，曲率、矢高、厚度、有效及等效屈光力，并涉及中和法、焦度计等测量检查技术。应用部分讲解高度屈光不正、斜视弱视、低视力助视器、接触镜及人工晶状体的光学应用，多焦点镜、渐变镜设计与验配，非球面镜片、材料、镀膜、染色、光致变色、偏振和紫外线及抗冲击防护。后半部涵盖眼镜架分类、测量、选择、整形校配，眼镜配装、磨边、开槽、打孔、质量检测、保养，以及品牌营销。"
cb41308d-bed9-4aaf-b25c-0608ba23f69e,本书出版于2011年。杨培增著，2009年出版。本书为系统讲解葡萄膜炎诊断与治疗的眼科专著，适用于眼科医师、研究人员及相关专业医学生。全书分四篇、72章，涵盖葡萄膜解剖生理、概念分类、感染与自身免疫等病因及发病机制；诊断程序、病史采集、视力及眼前节、玻璃体、眼底、眼压检查，以及荧光素眼底血管造影、吲哚青绿血管造影、超声活体显微镜、超声、光学相干断层成像、视野、多焦视网膜电图和实验室检查。治疗部分详述糖皮质激素、免疫抑制剂、非甾体消炎药、睫状肌麻痹剂和扩瞳剂、中医中药及并发症处理，并讨论白内障摘除、人工晶状体植入、角膜移植、玻璃体切除等手术时机与原则。各论覆盖前、中间、后及全葡萄膜炎、视网膜血管炎、Behçet病、Vogt-小柳原田综合征、交感性眼炎、Fuchs综合征、病毒、寄生虫、结核、梅毒、眼内炎及系统性疾病相关葡萄膜炎，结合典型病例阐述诊断、鉴别诊断、治疗和预后。,completed,f1056fc1-b4b0-41d0-937e-6b969470c5dc,"# Summary
本书出版于2011年。杨培增著，2009年出版。本书为系统讲解葡萄膜炎诊断与治疗的眼科专著，适用于眼科医师、研究人员及相关专业医学生。全书分四篇、72章，涵盖葡萄膜解剖生理、概念分类、感染与自身免疫等病因及发病机制；诊断程序、病史采集、视力及眼前节、玻璃体、眼底、眼压检查，以及荧光素眼底血管造影、吲哚青绿血管造影、超声活体显微镜、超声、光学相干断层成像、视野、多焦视网膜电图和实验室检查。治疗部分详述糖皮质激素、免疫抑制剂、非甾体消炎药、睫状肌麻痹剂和扩瞳剂、中医中药及并发症处理，并讨论白内障摘除、人工晶状体植入、角膜移植、玻璃体切除等手术时机与原则。各论覆盖前、中间、后及全葡萄膜炎、视网膜血管炎、Behçet病、Vogt-小柳原田综合征、交感性眼炎、Fuchs综合征、病毒、寄生虫、结核、梅毒、眼内炎及系统性疾病相关葡萄膜炎，结合典型病例阐述诊断、鉴别诊断、治疗和预后。",3072,"# Summary
本书出版于2011年。杨培增著，2009年出版。本书为系统讲解葡萄膜炎诊断与治疗的眼科专著，适用于眼科医师、研究人员及相关专业医学生。全书分四篇、72章，涵盖葡萄膜解剖生理、概念分类、感染与自身免疫等病因及发病机制；诊断程序、病史采集、视力及眼前节、玻璃体、眼底、眼压检查，以及荧光素眼底血管造影、吲哚青绿血管造影、超声活体显微镜、超声、光学相干断层成像、视野、多焦视网膜电图和实验室检查。治疗部分详述糖皮质激素、免疫抑制剂、非甾体消炎药、睫状肌麻痹剂和扩瞳剂、中医中药及并发症处理，并讨论白内障摘除、人工晶状体植入、角膜移植、玻璃体切除等手术时机与原则。各论覆盖前、中间、后及全葡萄膜炎、视网膜血管炎、Behçet病、Vogt-小柳原田综合征、交感性眼炎、Fuchs综合征、病毒、寄生虫、结核、梅毒、眼内炎及系统性疾病相关葡萄膜炎，结合典型病例阐述诊断、鉴别诊断、治疗和预后。"
f8a4ec0e-a3e4-458a-8ac7-a277851f606f,本书出版于2014年，是眼科医生、研究生、进修生及眼科专业技术人员学习眼底血管造影与影像判读的临床速查参考书。在2007年版基础上修订，系统介绍荧光素眼底血管造影（FFA）、吲哚青绿眼底血管造影（ICGA）、虹膜血管造影及眼底自发荧光的原理、设备、造影剂、操作流程、正常循环时相和异常荧光表现，并结合OCT图像分析窗样缺损、荧光素渗漏、遮蔽荧光、无灌注、新生血管、黄斑囊样水肿等。全书涵盖视网膜血管性疾病、黄斑区疾病、视神经疾病、眼内肿瘤、遗传变性性眼底病、葡萄膜炎、玻璃体视网膜手术后改变、外伤性视网膜脉络膜病变及全身疾病的眼底表现。重点涉及糖尿病视网膜病变、视网膜静脉阻塞、年龄相关性黄斑变性、脉络膜新生血管、息肉状脉络膜血管病、中心性浆液性脉络膜视网膜病变、Stargardt病、视网膜色素变性、虹膜新生血管和新生血管性青光眼，并涉及肿瘤鉴别、激光治疗指导、手术后评估及预后判断。,completed,88188bf9-c552-444b-bfaf-29bb8a3a1e76,"# Summary
本书出版于2014年，是眼科医生、研究生、进修生及眼科专业技术人员学习眼底血管造影与影像判读的临床速查参考书。在2007年版基础上修订，系统介绍荧光素眼底血管造影（FFA）、吲哚青绿眼底血管造影（ICGA）、虹膜血管造影及眼底自发荧光的原理、设备、造影剂、操作流程、正常循环时相和异常荧光表现，并结合OCT图像分析窗样缺损、荧光素渗漏、遮蔽荧光、无灌注、新生血管、黄斑囊样水肿等。全书涵盖视网膜血管性疾病、黄斑区疾病、视神经疾病、眼内肿瘤、遗传变性性眼底病、葡萄膜炎、玻璃体视网膜手术后改变、外伤性视网膜脉络膜病变及全身疾病的眼底表现。重点涉及糖尿病视网膜病变、视网膜静脉阻塞、年龄相关性黄斑变性、脉络膜新生血管、息肉状脉络膜血管病、中心性浆液性脉络膜视网膜病变、Stargardt病、视网膜色素变性、虹膜新生血管和新生血管性青光眼，并涉及肿瘤鉴别、激光治疗指导、手术后评估及预后判断。",3072,"# Summary
本书出版于2014年，是眼科医生、研究生、进修生及眼科专业技术人员学习眼底血管造影与影像判读的临床速查参考书。在2007年版基础上修订，系统介绍荧光素眼底血管造影（FFA）、吲哚青绿眼底血管造影（ICGA）、虹膜血管造影及眼底自发荧光的原理、设备、造影剂、操作流程、正常循环时相和异常荧光表现，并结合OCT图像分析窗样缺损、荧光素渗漏、遮蔽荧光、无灌注、新生血管、黄斑囊样水肿等。全书涵盖视网膜血管性疾病、黄斑区疾病、视神经疾病、眼内肿瘤、遗传变性性眼底病、葡萄膜炎、玻璃体视网膜手术后改变、外伤性视网膜脉络膜病变及全身疾病的眼底表现。重点涉及糖尿病视网膜病变、视网膜静脉阻塞、年龄相关性黄斑变性、脉络膜新生血管、息肉状脉络膜血管病、中心性浆液性脉络膜视网膜病变、Stargardt病、视网膜色素变性、虹膜新生血管和新生血管性青光眼，并涉及肿瘤鉴别、激光治疗指导、手术后评估及预后判断。"
0d15958d-3410-4e87-a80e-974cec88a15f,本书出版于2012年，是面向眼科医师、眼科超声及医学影像工作人员的眼部超声诊断专著与病例图谱。全书分三篇：概论介绍眼球、眼眶及血管的实用解剖，A型、B型、超声生物显微镜（UBM）、彩色多普勒等检查方法，特殊动态观察、定量回声分析及眼球轴长、人工晶状体屈光力和角膜厚度测量；眼内疾病篇涵盖各型青光眼、视网膜及脉络膜脱离、视网膜肿瘤、葡萄膜肿瘤、玻璃体疾病、眼球外伤、视盘与黄斑病变及眼球轮廓异常，重点涉及视网膜母细胞瘤、脉络膜黑色素瘤、眼内异物、感染性眼内炎等，并结合CT、MRI、手术后影像、疗效监测和鉴别诊断；眼眶疾病篇包括血管性病变、视神经胶质瘤和鞘脑膜瘤、神经鞘瘤、泪腺肿瘤、囊肿、炎症、外伤及全身病相关眼眶病变。书中以典型超声图像为核心，强调动态扫描、标准化A型超声和UBM在诊断、测量及随访中的应用。,completed,51b7de7a-9188-4c90-ab03-386762bdc8af,"# Summary
本书出版于2012年，是面向眼科医师、眼科超声及医学影像工作人员的眼部超声诊断专著与病例图谱。全书分三篇：概论介绍眼球、眼眶及血管的实用解剖，A型、B型、超声生物显微镜（UBM）、彩色多普勒等检查方法，特殊动态观察、定量回声分析及眼球轴长、人工晶状体屈光力和角膜厚度测量；眼内疾病篇涵盖各型青光眼、视网膜及脉络膜脱离、视网膜肿瘤、葡萄膜肿瘤、玻璃体疾病、眼球外伤、视盘与黄斑病变及眼球轮廓异常，重点涉及视网膜母细胞瘤、脉络膜黑色素瘤、眼内异物、感染性眼内炎等，并结合CT、MRI、手术后影像、疗效监测和鉴别诊断；眼眶疾病篇包括血管性病变、视神经胶质瘤和鞘脑膜瘤、神经鞘瘤、泪腺肿瘤、囊肿、炎症、外伤及全身病相关眼眶病变。书中以典型超声图像为核心，强调动态扫描、标准化A型超声和UBM在诊断、测量及随访中的应用。",3072,"# Summary
本书出版于2012年，是面向眼科医师、眼科超声及医学影像工作人员的眼部超声诊断专著与病例图谱。全书分三篇：概论介绍眼球、眼眶及血管的实用解剖，A型、B型、超声生物显微镜（UBM）、彩色多普勒等检查方法，特殊动态观察、定量回声分析及眼球轴长、人工晶状体屈光力和角膜厚度测量；眼内疾病篇涵盖各型青光眼、视网膜及脉络膜脱离、视网膜肿瘤、葡萄膜肿瘤、玻璃体疾病、眼球外伤、视盘与黄斑病变及眼球轮廓异常，重点涉及视网膜母细胞瘤、脉络膜黑色素瘤、眼内异物、感染性眼内炎等，并结合CT、MRI、手术后影像、疗效监测和鉴别诊断；眼眶疾病篇包括血管性病变、视神经胶质瘤和鞘脑膜瘤、神经鞘瘤、泪腺肿瘤、囊肿、炎症、外伤及全身病相关眼眶病变。书中以典型超声图像为核心，强调动态扫描、标准化A型超声和UBM在诊断、测量及随访中的应用。"
57fbef46-95ae-46f0-b9a8-c830aad992ad,本书出版于2008年。本书出版于2016年，是国内较早系统介绍角膜胶原交联及临床应用的专著，适合眼科、角膜病与屈光手术临床医师、研究人员及拟开展交联技术者阅读。全书从角膜组织学基础、生物力学及角膜扩张性疾病入手，阐述核黄素-紫外线交联原理、设备药品、手术步骤、参数优化与疗效评估；重点覆盖圆锥角膜、屈光术后角膜扩张、感染性角膜溃疡、真菌性角膜炎、大泡性角膜病变和暴露性角膜溃疡，并介绍术后处理、随访、并发症及未成年人交联。书中还讨论低厚度角膜的低渗性核黄素、保留上皮交联、离子电渗跨上皮交联、Avedro KXL加速交联系统，以及交联联合角膜基质环植入、有晶体眼人工晶体植入和屈光性表层切削术。诊断与评估涉及角膜地形图、Orbscan、Pentacam、Sirius、前节OCT、波前像差、ORA、Corvis ST及活体共聚焦显微镜。,completed,e5b27ffc-e8f1-418c-b54c-e3af7761118c,"# Summary
本书出版于2008年。本书出版于2016年，是国内较早系统介绍角膜胶原交联及临床应用的专著，适合眼科、角膜病与屈光手术临床医师、研究人员及拟开展交联技术者阅读。全书从角膜组织学基础、生物力学及角膜扩张性疾病入手，阐述核黄素-紫外线交联原理、设备药品、手术步骤、参数优化与疗效评估；重点覆盖圆锥角膜、屈光术后角膜扩张、感染性角膜溃疡、真菌性角膜炎、大泡性角膜病变和暴露性角膜溃疡，并介绍术后处理、随访、并发症及未成年人交联。书中还讨论低厚度角膜的低渗性核黄素、保留上皮交联、离子电渗跨上皮交联、Avedro KXL加速交联系统，以及交联联合角膜基质环植入、有晶体眼人工晶体植入和屈光性表层切削术。诊断与评估涉及角膜地形图、Orbscan、Pentacam、Sirius、前节OCT、波前像差、ORA、Corvis ST及活体共聚焦显微镜。",3072,"# Summary
本书出版于2008年。本书出版于2016年，是国内较早系统介绍角膜胶原交联及临床应用的专著，适合眼科、角膜病与屈光手术临床医师、研究人员及拟开展交联技术者阅读。全书从角膜组织学基础、生物力学及角膜扩张性疾病入手，阐述核黄素-紫外线交联原理、设备药品、手术步骤、参数优化与疗效评估；重点覆盖圆锥角膜、屈光术后角膜扩张、感染性角膜溃疡、真菌性角膜炎、大泡性角膜病变和暴露性角膜溃疡，并介绍术后处理、随访、并发症及未成年人交联。书中还讨论低厚度角膜的低渗性核黄素、保留上皮交联、离子电渗跨上皮交联、Avedro KXL加速交联系统，以及交联联合角膜基质环植入、有晶体眼人工晶体植入和屈光性表层切削术。诊断与评估涉及角膜地形图、Orbscan、Pentacam、Sirius、前节OCT、波前像差、ORA、Corvis ST及活体共聚焦显微镜。"
dfb45e98-e3de-403d-be90-0d6ecba39f05,本书出版于2007年，是瞿佳主编、2011年出版的全国高等学校眼视光学专业教材，是连接眼视光学基础理论与临床实践的核心课程用书，适用于眼视光学专业学生及相关医师学习参考。全书围绕“全面、全程眼睛保健医疗”，系统介绍临床思维、病史采集与问题分析、视力检查及视力表设计；涵盖眼外部、裂隙灯显微镜、角膜曲率与角膜地形图、前房角镜、UBM、眼压、直接及间接检眼镜等眼部健康检查和影像/形态分析。重点讲解眼球光学、正视、近视、远视、散光、屈光参差的病因、分类、诊断、处理与预防，以及检影验光、电脑验光、主觉验光、调节控制和验光辅助设备。内容还包括双眼视功能、融像、调节聚散、斜视隐斜、老视及其框架眼镜、接触镜和手术矫正，视野、色觉、立体视觉、瞳孔、对比敏感度、动态视力、眩光、暗适应、潜视力、婴幼儿视力检查和眼球像差检测，最后通过儿童近视、低度屈光不正、远视、散光、屈光参差、老视及高度近视病例进行分析讨论。,completed,e8586982-dc12-4b81-a008-b6fa18f56132,"# Summary
本书出版于2007年，是瞿佳主编、2011年出版的全国高等学校眼视光学专业教材，是连接眼视光学基础理论与临床实践的核心课程用书，适用于眼视光学专业学生及相关医师学习参考。全书围绕“全面、全程眼睛保健医疗”，系统介绍临床思维、病史采集与问题分析、视力检查及视力表设计；涵盖眼外部、裂隙灯显微镜、角膜曲率与角膜地形图、前房角镜、UBM、眼压、直接及间接检眼镜等眼部健康检查和影像/形态分析。重点讲解眼球光学、正视、近视、远视、散光、屈光参差的病因、分类、诊断、处理与预防，以及检影验光、电脑验光、主觉验光、调节控制和验光辅助设备。内容还包括双眼视功能、融像、调节聚散、斜视隐斜、老视及其框架眼镜、接触镜和手术矫正，视野、色觉、立体视觉、瞳孔、对比敏感度、动态视力、眩光、暗适应、潜视力、婴幼儿视力检查和眼球像差检测，最后通过儿童近视、低度屈光不正、远视、散光、屈光参差、老视及高度近视病例进行分析讨论。",3072,"# Summary
本书出版于2007年，是瞿佳主编、2011年出版的全国高等学校眼视光学专业教材，是连接眼视光学基础理论与临床实践的核心课程用书，适用于眼视光学专业学生及相关医师学习参考。全书围绕“全面、全程眼睛保健医疗”，系统介绍临床思维、病史采集与问题分析、视力检查及视力表设计；涵盖眼外部、裂隙灯显微镜、角膜曲率与角膜地形图、前房角镜、UBM、眼压、直接及间接检眼镜等眼部健康检查和影像/形态分析。重点讲解眼球光学、正视、近视、远视、散光、屈光参差的病因、分类、诊断、处理与预防，以及检影验光、电脑验光、主觉验光、调节控制和验光辅助设备。内容还包括双眼视功能、融像、调节聚散、斜视隐斜、老视及其框架眼镜、接触镜和手术矫正，视野、色觉、立体视觉、瞳孔、对比敏感度、动态视力、眩光、暗适应、潜视力、婴幼儿视力检查和眼球像差检测，最后通过儿童近视、低度屈光不正、远视、散光、屈光参差、老视及高度近视病例进行分析讨论。"
712c223d-8ccd-4e23-8a46-dc1ff30c178f,本书出版于2014年，是2008年出版的眼视光学与眼科学综合性专业教材，面向验光师、眼科医师及住院医师，兼顾医学验光、配镜、接触镜和眼病诊疗。全书分为视光学基础、视光学检查、眼视光系统治疗及影响视光系统的疾病与治疗四篇，系统涵盖光学、眼屈光系统、视觉神经解剖生理、视觉生理，视力、视野、色觉、双眼视觉、ERG/VEP、检影验光、自动验光、角膜曲率及地形图、像差、裂隙灯、眼底、超声、角膜共焦显微镜、OCT、HRT和眼底血管造影等检查技术；并介绍药物、眼镜、角膜接触镜、人工晶体、物理疗法、视觉训练及角膜移植、屈光、白内障、青光眼、玻璃体视网膜和眼肌手术。疾病部分涉及远视、近视、散光、屈光参差、老视，干眼、圆锥角膜、角膜炎、白内障、青光眼、葡萄膜炎、玻璃体及视网膜疾病、视神经与视路病变、低视力、光污染、全身病眼部表现和眼外伤。,completed,9097581d-59e1-403e-ad40-0f41ea22810f,"# Summary
本书出版于2014年，是2008年出版的眼视光学与眼科学综合性专业教材，面向验光师、眼科医师及住院医师，兼顾医学验光、配镜、接触镜和眼病诊疗。全书分为视光学基础、视光学检查、眼视光系统治疗及影响视光系统的疾病与治疗四篇，系统涵盖光学、眼屈光系统、视觉神经解剖生理、视觉生理，视力、视野、色觉、双眼视觉、ERG/VEP、检影验光、自动验光、角膜曲率及地形图、像差、裂隙灯、眼底、超声、角膜共焦显微镜、OCT、HRT和眼底血管造影等检查技术；并介绍药物、眼镜、角膜接触镜、人工晶体、物理疗法、视觉训练及角膜移植、屈光、白内障、青光眼、玻璃体视网膜和眼肌手术。疾病部分涉及远视、近视、散光、屈光参差、老视，干眼、圆锥角膜、角膜炎、白内障、青光眼、葡萄膜炎、玻璃体及视网膜疾病、视神经与视路病变、低视力、光污染、全身病眼部表现和眼外伤。",3072,"# Summary
本书出版于2014年，是2008年出版的眼视光学与眼科学综合性专业教材，面向验光师、眼科医师及住院医师，兼顾医学验光、配镜、接触镜和眼病诊疗。全书分为视光学基础、视光学检查、眼视光系统治疗及影响视光系统的疾病与治疗四篇，系统涵盖光学、眼屈光系统、视觉神经解剖生理、视觉生理，视力、视野、色觉、双眼视觉、ERG/VEP、检影验光、自动验光、角膜曲率及地形图、像差、裂隙灯、眼底、超声、角膜共焦显微镜、OCT、HRT和眼底血管造影等检查技术；并介绍药物、眼镜、角膜接触镜、人工晶体、物理疗法、视觉训练及角膜移植、屈光、白内障、青光眼、玻璃体视网膜和眼肌手术。疾病部分涉及远视、近视、散光、屈光参差、老视，干眼、圆锥角膜、角膜炎、白内障、青光眼、葡萄膜炎、玻璃体及视网膜疾病、视神经与视路病变、低视力、光污染、全身病眼部表现和眼外伤。"
8f7877bf-ac84-41f9-9579-d5368cf5c6d7,本书出版于2015年。本书2014年出版，主编唐炘，是面向各级眼科医生、青光眼专科医师及相关临床人员的图文诊断参考书，强调结合中国患者特征进行临床表现识别与鉴别诊断。全书涵盖原发性开角型、急慢性闭角型青光眼，以及角膜、虹膜、晶状体、玻璃体视网膜疾病相关青光眼；眼部炎症、外伤、内眼手术后、糖皮质激素、眼内肿瘤、上巩膜静脉压升高所致继发性青光眼；原发性先天性青光眼、先天发育异常相关青光眼，并专章介绍滤过手术后及药物并发症。内容涉及眼压及24小时眼压监测、裂隙灯、房角镜、眼底和视盘、视野、RNFL、UBM、角膜内皮镜、眼部超声、CT、MRI及荧光素血管造影等检查与影像；同时涉及降眼压药物、激光周边虹膜切除术、小梁切除术、青光眼引流物植入术及相关并发症识别。,completed,60e50e07-69f6-48f8-b431-aea7699f2d22,"# Summary
本书出版于2015年。本书2014年出版，主编唐炘，是面向各级眼科医生、青光眼专科医师及相关临床人员的图文诊断参考书，强调结合中国患者特征进行临床表现识别与鉴别诊断。全书涵盖原发性开角型、急慢性闭角型青光眼，以及角膜、虹膜、晶状体、玻璃体视网膜疾病相关青光眼；眼部炎症、外伤、内眼手术后、糖皮质激素、眼内肿瘤、上巩膜静脉压升高所致继发性青光眼；原发性先天性青光眼、先天发育异常相关青光眼，并专章介绍滤过手术后及药物并发症。内容涉及眼压及24小时眼压监测、裂隙灯、房角镜、眼底和视盘、视野、RNFL、UBM、角膜内皮镜、眼部超声、CT、MRI及荧光素血管造影等检查与影像；同时涉及降眼压药物、激光周边虹膜切除术、小梁切除术、青光眼引流物植入术及相关并发症识别。",3072,"# Summary
本书出版于2015年。本书2014年出版，主编唐炘，是面向各级眼科医生、青光眼专科医师及相关临床人员的图文诊断参考书，强调结合中国患者特征进行临床表现识别与鉴别诊断。全书涵盖原发性开角型、急慢性闭角型青光眼，以及角膜、虹膜、晶状体、玻璃体视网膜疾病相关青光眼；眼部炎症、外伤、内眼手术后、糖皮质激素、眼内肿瘤、上巩膜静脉压升高所致继发性青光眼；原发性先天性青光眼、先天发育异常相关青光眼，并专章介绍滤过手术后及药物并发症。内容涉及眼压及24小时眼压监测、裂隙灯、房角镜、眼底和视盘、视野、RNFL、UBM、角膜内皮镜、眼部超声、CT、MRI及荧光素血管造影等检查与影像；同时涉及降眼压药物、激光周边虹膜切除术、小梁切除术、青光眼引流物植入术及相关并发症识别。"
5cd367a2-37b7-4119-b623-baa24fefd807,本书出版于2005年，是“屈光性白内障手术系列”著作，2017年出版，定位于眼科医务工作者，尤其适用于白内障手术医师开展屈光性白内障手术及人工晶状体（IOL）个体化选择。全书围绕角膜光学特性展开，系统介绍角膜散光、球差、不规则散光、前后表面曲率半径比、Kappa角和Alpha角等参数，以及角膜曲率、角膜地形图、波前像差、眼前节影像和检查判读。以Pentacam及Scheimpflug成像为重点，并涉及Orbscan、Galilei、Sirius、iTrace、OPD-Scan等设备原理与应用。内容涵盖Toric环曲面、非球面、多焦点及其他功能性IOL的优选原则，IOL屈光力计算、定位与视觉质量评估；结合规则散光、角膜球差、不规则散光、近视准分子激光角膜切削术后及不同Kappa角病例，讲解白内障摘除、人工晶状体植入和屈光矫正的临床决策，附病例练习、IOL参数及英汉专业词汇。,completed,fa7ef45e-8ddc-4890-bb48-c2bfdf99f683,"# Summary
本书出版于2005年，是“屈光性白内障手术系列”著作，2017年出版，定位于眼科医务工作者，尤其适用于白内障手术医师开展屈光性白内障手术及人工晶状体（IOL）个体化选择。全书围绕角膜光学特性展开，系统介绍角膜散光、球差、不规则散光、前后表面曲率半径比、Kappa角和Alpha角等参数，以及角膜曲率、角膜地形图、波前像差、眼前节影像和检查判读。以Pentacam及Scheimpflug成像为重点，并涉及Orbscan、Galilei、Sirius、iTrace、OPD-Scan等设备原理与应用。内容涵盖Toric环曲面、非球面、多焦点及其他功能性IOL的优选原则，IOL屈光力计算、定位与视觉质量评估；结合规则散光、角膜球差、不规则散光、近视准分子激光角膜切削术后及不同Kappa角病例，讲解白内障摘除、人工晶状体植入和屈光矫正的临床决策，附病例练习、IOL参数及英汉专业词汇。",3072,"# Summary
本书出版于2005年，是“屈光性白内障手术系列”著作，2017年出版，定位于眼科医务工作者，尤其适用于白内障手术医师开展屈光性白内障手术及人工晶状体（IOL）个体化选择。全书围绕角膜光学特性展开，系统介绍角膜散光、球差、不规则散光、前后表面曲率半径比、Kappa角和Alpha角等参数，以及角膜曲率、角膜地形图、波前像差、眼前节影像和检查判读。以Pentacam及Scheimpflug成像为重点，并涉及Orbscan、Galilei、Sirius、iTrace、OPD-Scan等设备原理与应用。内容涵盖Toric环曲面、非球面、多焦点及其他功能性IOL的优选原则，IOL屈光力计算、定位与视觉质量评估；结合规则散光、角膜球差、不规则散光、近视准分子激光角膜切削术后及不同Kappa角病例，讲解白内障摘除、人工晶状体植入和屈光矫正的临床决策，附病例练习、IOL参数及英汉专业词汇。"
38f6dd05-57a3-4a26-802f-dd4e8b0cda02,本书出版于2009年，是王雁、赵堪兴主编、2014年出版的飞秒激光角膜屈光手术专著，适合眼科、综合眼科及屈光手术医师学习参考。全书五篇20章，涵盖角膜屈光手术发展与分类、飞秒激光器及超短脉冲物理基础、激光生物效应、角膜组织作用机制、生物力学和激光安全；重点讲解全飞秒SMILE及角膜基质内微透镜取出术的适应证、禁忌证、术前检查评估、参数设计、操作技巧、并发症防治和疗效评价；系统介绍LDV、IntraLase、WaveLight FS200、VisuMax辅助LASIK及制瓣技术；并扩展至老视、近视、远视、散光、圆锥角膜相关治疗，包括IntraCOR、角膜基质环植入、角膜基质内镶嵌、FS-AK、FS-CXL、角膜移植和飞秒激光白内障手术。书中涉及波前像差、角膜地形图引导、角膜生物力学、角膜敏感性、光致破裂、等离子体空泡、OBL等检查、影像与技术关键词。,completed,b84df66e-251a-4744-b766-09dc30a9b8d5,"# Summary
本书出版于2009年，是王雁、赵堪兴主编、2014年出版的飞秒激光角膜屈光手术专著，适合眼科、综合眼科及屈光手术医师学习参考。全书五篇20章，涵盖角膜屈光手术发展与分类、飞秒激光器及超短脉冲物理基础、激光生物效应、角膜组织作用机制、生物力学和激光安全；重点讲解全飞秒SMILE及角膜基质内微透镜取出术的适应证、禁忌证、术前检查评估、参数设计、操作技巧、并发症防治和疗效评价；系统介绍LDV、IntraLase、WaveLight FS200、VisuMax辅助LASIK及制瓣技术；并扩展至老视、近视、远视、散光、圆锥角膜相关治疗，包括IntraCOR、角膜基质环植入、角膜基质内镶嵌、FS-AK、FS-CXL、角膜移植和飞秒激光白内障手术。书中涉及波前像差、角膜地形图引导、角膜生物力学、角膜敏感性、光致破裂、等离子体空泡、OBL等检查、影像与技术关键词。",3072,"# Summary
本书出版于2009年，是王雁、赵堪兴主编、2014年出版的飞秒激光角膜屈光手术专著，适合眼科、综合眼科及屈光手术医师学习参考。全书五篇20章，涵盖角膜屈光手术发展与分类、飞秒激光器及超短脉冲物理基础、激光生物效应、角膜组织作用机制、生物力学和激光安全；重点讲解全飞秒SMILE及角膜基质内微透镜取出术的适应证、禁忌证、术前检查评估、参数设计、操作技巧、并发症防治和疗效评价；系统介绍LDV、IntraLase、WaveLight FS200、VisuMax辅助LASIK及制瓣技术；并扩展至老视、近视、远视、散光、圆锥角膜相关治疗，包括IntraCOR、角膜基质环植入、角膜基质内镶嵌、FS-AK、FS-CXL、角膜移植和飞秒激光白内障手术。书中涉及波前像差、角膜地形图引导、角膜生物力学、角膜敏感性、光致破裂、等离子体空泡、OBL等检查、影像与技术关键词。"
33e63b89-d943-4034-b852-21801d82d164,2014年出版。本书是首都医科大学附属北京同仁医院眼科编著的眼底激光临床手册，面向眼科临床医生、进修医师及医学生，强调适应证、操作规范、参数选择和并发症防治。内容涵盖激光原理、眼组织光学与生物学效应、激光器及波长选择、光斑反应分级、光凝、经瞳孔温热疗法（TTT）、光动力疗法（PDT）、治疗前准备与操作。疾病部分包括糖尿病视网膜病变、视网膜静脉阻塞、视网膜大动脉瘤、视网膜血管炎、急性视网膜坏死、格子样变性、视网膜裂孔及局限性脱离、黄斑裂孔、Coats病、家族性渗出性玻璃体视网膜病变、中心性浆液性脉络膜视网膜病变、脉络膜新生血管、息肉状脉络膜血管病变，以及视网膜和脉络膜血管瘤、黑色素瘤、骨瘤、转移癌。重点涉及散瞳眼底检查、彩色眼底照相、荧光素眼底血管造影（FFA）、PRP、格栅及局灶光凝、NVE/NVD、黄斑水肿、激光参数和玻璃体切除手术衔接。,completed,7f492349-8bde-4483-883f-f2949583e283,"# Summary
2014年出版。本书是首都医科大学附属北京同仁医院眼科编著的眼底激光临床手册，面向眼科临床医生、进修医师及医学生，强调适应证、操作规范、参数选择和并发症防治。内容涵盖激光原理、眼组织光学与生物学效应、激光器及波长选择、光斑反应分级、光凝、经瞳孔温热疗法（TTT）、光动力疗法（PDT）、治疗前准备与操作。疾病部分包括糖尿病视网膜病变、视网膜静脉阻塞、视网膜大动脉瘤、视网膜血管炎、急性视网膜坏死、格子样变性、视网膜裂孔及局限性脱离、黄斑裂孔、Coats病、家族性渗出性玻璃体视网膜病变、中心性浆液性脉络膜视网膜病变、脉络膜新生血管、息肉状脉络膜血管病变，以及视网膜和脉络膜血管瘤、黑色素瘤、骨瘤、转移癌。重点涉及散瞳眼底检查、彩色眼底照相、荧光素眼底血管造影（FFA）、PRP、格栅及局灶光凝、NVE/NVD、黄斑水肿、激光参数和玻璃体切除手术衔接。",3072,"# Summary
2014年出版。本书是首都医科大学附属北京同仁医院眼科编著的眼底激光临床手册，面向眼科临床医生、进修医师及医学生，强调适应证、操作规范、参数选择和并发症防治。内容涵盖激光原理、眼组织光学与生物学效应、激光器及波长选择、光斑反应分级、光凝、经瞳孔温热疗法（TTT）、光动力疗法（PDT）、治疗前准备与操作。疾病部分包括糖尿病视网膜病变、视网膜静脉阻塞、视网膜大动脉瘤、视网膜血管炎、急性视网膜坏死、格子样变性、视网膜裂孔及局限性脱离、黄斑裂孔、Coats病、家族性渗出性玻璃体视网膜病变、中心性浆液性脉络膜视网膜病变、脉络膜新生血管、息肉状脉络膜血管病变，以及视网膜和脉络膜血管瘤、黑色素瘤、骨瘤、转移癌。重点涉及散瞳眼底检查、彩色眼底照相、荧光素眼底血管造影（FFA）、PRP、格栅及局灶光凝、NVE/NVD、黄斑水肿、激光参数和玻璃体切除手术衔接。"
a18dac88-cc88-4d26-ae6f-904818ca6f6e,本书由魏文斌、施玉英主编，2011年出版，是北京同仁医院眼科临床专家编写的眼科显微手术实用专著，适合眼科初学手术者、住院医师及有经验医生参考。全书九篇59章，围绕术前评估、麻醉、手术操作、围术期处理及并发症防治展开，内容涵盖显微手术基本技术、局部与全身麻醉、眼睑、结膜、泪器及眼球摘除等常见小手术；白内障囊外摘除、超声乳化、人工晶状体植入与取出、儿童及复杂白内障联合手术；穿透性和板层角膜移植、羊膜移植及角膜上皮细胞培养移植；青光眼虹膜、滤过、房角、睫状体、引流阀及激光和联合手术；视网膜脱离、玻璃体切割、微创玻璃体手术；眼外伤、眼内异物、感染性眼内炎和眼眶骨折处理；眼睑整形、上睑下垂、眼睑肿瘤缺损修复、义眼台植入、结膜囊成形，以及共同性、麻痹性、A-V型和特殊类型斜视手术。书中特别强调适应证选择、术式设计、器械与操作技巧、术前检查、术后管理及并发症处理。,completed,6737759d-f185-4485-a708-0a012d398766,"# Summary
本书由魏文斌、施玉英主编，2011年出版，是北京同仁医院眼科临床专家编写的眼科显微手术实用专著，适合眼科初学手术者、住院医师及有经验医生参考。全书九篇59章，围绕术前评估、麻醉、手术操作、围术期处理及并发症防治展开，内容涵盖显微手术基本技术、局部与全身麻醉、眼睑、结膜、泪器及眼球摘除等常见小手术；白内障囊外摘除、超声乳化、人工晶状体植入与取出、儿童及复杂白内障联合手术；穿透性和板层角膜移植、羊膜移植及角膜上皮细胞培养移植；青光眼虹膜、滤过、房角、睫状体、引流阀及激光和联合手术；视网膜脱离、玻璃体切割、微创玻璃体手术；眼外伤、眼内异物、感染性眼内炎和眼眶骨折处理；眼睑整形、上睑下垂、眼睑肿瘤缺损修复、义眼台植入、结膜囊成形，以及共同性、麻痹性、A-V型和特殊类型斜视手术。书中特别强调适应证选择、术式设计、器械与操作技巧、术前检查、术后管理及并发症处理。",3072,"# Summary
本书由魏文斌、施玉英主编，2011年出版，是北京同仁医院眼科临床专家编写的眼科显微手术实用专著，适合眼科初学手术者、住院医师及有经验医生参考。全书九篇59章，围绕术前评估、麻醉、手术操作、围术期处理及并发症防治展开，内容涵盖显微手术基本技术、局部与全身麻醉、眼睑、结膜、泪器及眼球摘除等常见小手术；白内障囊外摘除、超声乳化、人工晶状体植入与取出、儿童及复杂白内障联合手术；穿透性和板层角膜移植、羊膜移植及角膜上皮细胞培养移植；青光眼虹膜、滤过、房角、睫状体、引流阀及激光和联合手术；视网膜脱离、玻璃体切割、微创玻璃体手术；眼外伤、眼内异物、感染性眼内炎和眼眶骨折处理；眼睑整形、上睑下垂、眼睑肿瘤缺损修复、义眼台植入、结膜囊成形，以及共同性、麻痹性、A-V型和特殊类型斜视手术。书中特别强调适应证选择、术式设计、器械与操作技巧、术前检查、术后管理及并发症处理。"
9c37e131-0d3c-4d4c-b8c6-9692eb0f67df,本书由魏文斌、杨丽红编著，2014年出版，面向眼科临床医生、眼科医学生及相关进修人员，定位为荧光素眼底血管造影（FFA）的临床实用手册。全书围绕荧光成像原理、荧光素钠造影剂、检查流程、设备使用及不良反应预防处理展开，系统讲解读片原则、造影报告书写、正常荧光分期，以及透见荧光、荧光积存、着染、渗漏、遮蔽和无灌注等异常荧光表现。正文按疾病影像特点组织，涵盖玻璃疣、老年黄斑变性、黄斑裂孔、中心性浆液性脉络膜视网膜病变、息肉样脉络膜血管病变、病理性近视、视网膜动静脉阻塞、Coats病、Eales病、糖尿病视网膜病变、炎症性及遗传性视网膜疾病、视网膜脱离、外伤性眼底病变、全身病相关眼底改变、视神经疾病，以及视网膜和脉络膜肿瘤。书中结合眼底彩照、自发荧光、动态及广角造影图像，突出FFA在诊断、鉴别诊断、治疗决策和疗效随访中的应用。,completed,6a0f8973-7f8d-4dfa-b3a3-949ef84b09e5,"# Summary
本书由魏文斌、杨丽红编著，2014年出版，面向眼科临床医生、眼科医学生及相关进修人员，定位为荧光素眼底血管造影（FFA）的临床实用手册。全书围绕荧光成像原理、荧光素钠造影剂、检查流程、设备使用及不良反应预防处理展开，系统讲解读片原则、造影报告书写、正常荧光分期，以及透见荧光、荧光积存、着染、渗漏、遮蔽和无灌注等异常荧光表现。正文按疾病影像特点组织，涵盖玻璃疣、老年黄斑变性、黄斑裂孔、中心性浆液性脉络膜视网膜病变、息肉样脉络膜血管病变、病理性近视、视网膜动静脉阻塞、Coats病、Eales病、糖尿病视网膜病变、炎症性及遗传性视网膜疾病、视网膜脱离、外伤性眼底病变、全身病相关眼底改变、视神经疾病，以及视网膜和脉络膜肿瘤。书中结合眼底彩照、自发荧光、动态及广角造影图像，突出FFA在诊断、鉴别诊断、治疗决策和疗效随访中的应用。",3072,"# Summary
本书由魏文斌、杨丽红编著，2014年出版，面向眼科临床医生、眼科医学生及相关进修人员，定位为荧光素眼底血管造影（FFA）的临床实用手册。全书围绕荧光成像原理、荧光素钠造影剂、检查流程、设备使用及不良反应预防处理展开，系统讲解读片原则、造影报告书写、正常荧光分期，以及透见荧光、荧光积存、着染、渗漏、遮蔽和无灌注等异常荧光表现。正文按疾病影像特点组织，涵盖玻璃疣、老年黄斑变性、黄斑裂孔、中心性浆液性脉络膜视网膜病变、息肉样脉络膜血管病变、病理性近视、视网膜动静脉阻塞、Coats病、Eales病、糖尿病视网膜病变、炎症性及遗传性视网膜疾病、视网膜脱离、外伤性眼底病变、全身病相关眼底改变、视神经疾病，以及视网膜和脉络膜肿瘤。书中结合眼底彩照、自发荧光、动态及广角造影图像，突出FFA在诊断、鉴别诊断、治疗决策和疗效随访中的应用。"
2f064609-b9e2-4cd1-a1df-1c1ca954ce18,本书为孙旭光主编、2014年出版的角结膜疾病临床病例专著，适合眼科医师、角膜病专业人员及研究生学习诊疗思路。全书精选43例典型、疑难及罕见病例，涵盖感染性角结膜病、免疫性角结膜病、神经麻痹性角膜病、角膜营养不良及变性、药源性角结膜病和其他角结膜病。内容涉及铜绿假单胞菌、奴卡菌、非结核分枝杆菌、真菌、棘阿米巴及带状疱疹等感染，角膜塑形镜和LASIK术后并发症，赖特综合征、银屑病、红斑痤疮、甲状腺功能异常相关病变，神经营养性角膜病、遗传性角膜营养不良、药物毒性角膜溃疡，以及角膜上皮增生、巩膜囊肿、翼状胬肉术后溃疡和睑板腺癌等。重点展示裂隙灯、荧光素染色、角膜刮片、细菌及真菌培养、药敏试验、组织病理、角膜共聚焦显微镜和眼部超声等检查，并结合强化抗菌、抗真菌、抗阿米巴、免疫抑制、人工泪液、角膜瓣切除及结膜手术等治疗技术。,completed,3c800633-9e56-473c-8ed7-67c0408ebbbf,"# Summary
本书为孙旭光主编、2014年出版的角结膜疾病临床病例专著，适合眼科医师、角膜病专业人员及研究生学习诊疗思路。全书精选43例典型、疑难及罕见病例，涵盖感染性角结膜病、免疫性角结膜病、神经麻痹性角膜病、角膜营养不良及变性、药源性角结膜病和其他角结膜病。内容涉及铜绿假单胞菌、奴卡菌、非结核分枝杆菌、真菌、棘阿米巴及带状疱疹等感染，角膜塑形镜和LASIK术后并发症，赖特综合征、银屑病、红斑痤疮、甲状腺功能异常相关病变，神经营养性角膜病、遗传性角膜营养不良、药物毒性角膜溃疡，以及角膜上皮增生、巩膜囊肿、翼状胬肉术后溃疡和睑板腺癌等。重点展示裂隙灯、荧光素染色、角膜刮片、细菌及真菌培养、药敏试验、组织病理、角膜共聚焦显微镜和眼部超声等检查，并结合强化抗菌、抗真菌、抗阿米巴、免疫抑制、人工泪液、角膜瓣切除及结膜手术等治疗技术。",3072,"# Summary
本书为孙旭光主编、2014年出版的角结膜疾病临床病例专著，适合眼科医师、角膜病专业人员及研究生学习诊疗思路。全书精选43例典型、疑难及罕见病例，涵盖感染性角结膜病、免疫性角结膜病、神经麻痹性角膜病、角膜营养不良及变性、药源性角结膜病和其他角结膜病。内容涉及铜绿假单胞菌、奴卡菌、非结核分枝杆菌、真菌、棘阿米巴及带状疱疹等感染，角膜塑形镜和LASIK术后并发症，赖特综合征、银屑病、红斑痤疮、甲状腺功能异常相关病变，神经营养性角膜病、遗传性角膜营养不良、药物毒性角膜溃疡，以及角膜上皮增生、巩膜囊肿、翼状胬肉术后溃疡和睑板腺癌等。重点展示裂隙灯、荧光素染色、角膜刮片、细菌及真菌培养、药敏试验、组织病理、角膜共聚焦显微镜和眼部超声等检查，并结合强化抗菌、抗真菌、抗阿米巴、免疫抑制、人工泪液、角膜瓣切除及结膜手术等治疗技术。"
6cbdb30e-6f05-4f4c-ae05-77eed5ad6472,本书为2016年出版的青光眼手术图解参考书，主要面向眼科住院医师、主治及中高级医师、进修医生和研究生。全书以大量手术照片、视频和问答，围绕术前沟通、术前用药、麻醉及术中通用操作展开，系统介绍周边虹膜切除术、小梁切除术、儿童青光眼手术、EX-PRESS微型引流器和房水引流阀植入术，涵盖结膜瓣、巩膜瓣、前房穿刺、滤过泡调控及术中术后并发症处理；并论述睫状体光凝、内镜光凝、HIFU等睫状体分泌功能减弱性手术，以及Schlemm管成形术、小梁消融术、CLASS等新型非滤过泡依赖手术。后半部分重点讲解白内障手术在青光眼中的应用，包括Phaco、ECCE、ICCE、人工晶状体植入、青白联合手术及恶性青光眼处理。涉及原发性开角型和闭角型青光眼、急性闭角、儿童青光眼、恶性青光眼、新生血管性青光眼、ICE综合征、硅油眼、Coats病及移植术后继发性青光眼，并涉及房角镜、UBM、滤过泡、浅前房、低眼压、脉络膜出血、眼内炎等检查、影像与并发症关键词。,completed,373f2c86-c905-4a2d-b2bc-6423270cc060,"# Summary
本书为2016年出版的青光眼手术图解参考书，主要面向眼科住院医师、主治及中高级医师、进修医生和研究生。全书以大量手术照片、视频和问答，围绕术前沟通、术前用药、麻醉及术中通用操作展开，系统介绍周边虹膜切除术、小梁切除术、儿童青光眼手术、EX-PRESS微型引流器和房水引流阀植入术，涵盖结膜瓣、巩膜瓣、前房穿刺、滤过泡调控及术中术后并发症处理；并论述睫状体光凝、内镜光凝、HIFU等睫状体分泌功能减弱性手术，以及Schlemm管成形术、小梁消融术、CLASS等新型非滤过泡依赖手术。后半部分重点讲解白内障手术在青光眼中的应用，包括Phaco、ECCE、ICCE、人工晶状体植入、青白联合手术及恶性青光眼处理。涉及原发性开角型和闭角型青光眼、急性闭角、儿童青光眼、恶性青光眼、新生血管性青光眼、ICE综合征、硅油眼、Coats病及移植术后继发性青光眼，并涉及房角镜、UBM、滤过泡、浅前房、低眼压、脉络膜出血、眼内炎等检查、影像与并发症关键词。",3072,"# Summary
本书为2016年出版的青光眼手术图解参考书，主要面向眼科住院医师、主治及中高级医师、进修医生和研究生。全书以大量手术照片、视频和问答，围绕术前沟通、术前用药、麻醉及术中通用操作展开，系统介绍周边虹膜切除术、小梁切除术、儿童青光眼手术、EX-PRESS微型引流器和房水引流阀植入术，涵盖结膜瓣、巩膜瓣、前房穿刺、滤过泡调控及术中术后并发症处理；并论述睫状体光凝、内镜光凝、HIFU等睫状体分泌功能减弱性手术，以及Schlemm管成形术、小梁消融术、CLASS等新型非滤过泡依赖手术。后半部分重点讲解白内障手术在青光眼中的应用，包括Phaco、ECCE、ICCE、人工晶状体植入、青白联合手术及恶性青光眼处理。涉及原发性开角型和闭角型青光眼、急性闭角、儿童青光眼、恶性青光眼、新生血管性青光眼、ICE综合征、硅油眼、Coats病及移植术后继发性青光眼，并涉及房角镜、UBM、滤过泡、浅前房、低眼压、脉络膜出血、眼内炎等检查、影像与并发症关键词。"
4f573732-6a08-48e7-b5f8-c7d054139666,本书为2009年出版的眼科临床病理图谱，面向眼科、病理科、肿瘤科、放疗科医师及相关专业人员，强调临床表现、辅助检查、影像资料与组织病理形态的结合。全书涵盖正常眼球组织及角膜、巩膜、葡萄膜、视网膜玻璃体等常见病变；眼睑良恶性肿瘤；角膜、结膜肿瘤及色素性病变；视网膜母细胞瘤、葡萄膜黑色素瘤、眼内淋巴瘤等眼球内肿瘤；眼眶囊肿、血管瘤、脑膜瘤、神经胶质瘤、神经鞘瘤、横纹肌肉瘤及转移瘤；泪腺、泪囊肿瘤；眼部黑色素细胞性病变，以及结外边缘区B细胞淋巴瘤。重点涉及角膜营养不良、青光眼、葡萄膜炎、增殖性玻璃体视网膜症、皮脂腺癌、基底细胞癌、恶性黑色素瘤和视网膜母细胞瘤等，配有临床照片、CT、MRI、眼部辅助检查、组织学切片及免疫组化资料，并涉及泪腺肿瘤治疗与肿瘤鉴别诊断。,completed,2ae946f4-80c2-4d88-91d9-cb3a4f382271,"# Summary
本书为2009年出版的眼科临床病理图谱，面向眼科、病理科、肿瘤科、放疗科医师及相关专业人员，强调临床表现、辅助检查、影像资料与组织病理形态的结合。全书涵盖正常眼球组织及角膜、巩膜、葡萄膜、视网膜玻璃体等常见病变；眼睑良恶性肿瘤；角膜、结膜肿瘤及色素性病变；视网膜母细胞瘤、葡萄膜黑色素瘤、眼内淋巴瘤等眼球内肿瘤；眼眶囊肿、血管瘤、脑膜瘤、神经胶质瘤、神经鞘瘤、横纹肌肉瘤及转移瘤；泪腺、泪囊肿瘤；眼部黑色素细胞性病变，以及结外边缘区B细胞淋巴瘤。重点涉及角膜营养不良、青光眼、葡萄膜炎、增殖性玻璃体视网膜症、皮脂腺癌、基底细胞癌、恶性黑色素瘤和视网膜母细胞瘤等，配有临床照片、CT、MRI、眼部辅助检查、组织学切片及免疫组化资料，并涉及泪腺肿瘤治疗与肿瘤鉴别诊断。",3072,"# Summary
本书为2009年出版的眼科临床病理图谱，面向眼科、病理科、肿瘤科、放疗科医师及相关专业人员，强调临床表现、辅助检查、影像资料与组织病理形态的结合。全书涵盖正常眼球组织及角膜、巩膜、葡萄膜、视网膜玻璃体等常见病变；眼睑良恶性肿瘤；角膜、结膜肿瘤及色素性病变；视网膜母细胞瘤、葡萄膜黑色素瘤、眼内淋巴瘤等眼球内肿瘤；眼眶囊肿、血管瘤、脑膜瘤、神经胶质瘤、神经鞘瘤、横纹肌肉瘤及转移瘤；泪腺、泪囊肿瘤；眼部黑色素细胞性病变，以及结外边缘区B细胞淋巴瘤。重点涉及角膜营养不良、青光眼、葡萄膜炎、增殖性玻璃体视网膜症、皮脂腺癌、基底细胞癌、恶性黑色素瘤和视网膜母细胞瘤等，配有临床照片、CT、MRI、眼部辅助检查、组织学切片及免疫组化资料，并涉及泪腺肿瘤治疗与肿瘤鉴别诊断。"
d28ff1ff-8a05-4c69-9cda-2264c5f53f10,本书出版于2004年，是2005年出版的眼科临床诊断参考书，面向眼科初学者、住院医师及临床医师，强调从病史、主诉、视觉与感觉症状、体征入手进行分析，结合鉴别诊断、诊断陷阱和治疗原则提高诊疗能力。内容涵盖病史采集、视力障碍与屈光不正、色觉缺陷、夜盲、视野异常、复视、闪光感、眼痛及头痛等症状学；系统介绍远视、近视、散光、弱视与调节、视疲劳，以及裂隙灯显微镜、眼压、泪道、结膜和角膜检查。疾病框架延伸至巩膜、前房、虹膜睫状体、晶状体、青光眼、玻璃体、视网膜与脉络膜、黄斑、视神经、眼球突出和眼内陷，并包括瞳孔、眼球运动与斜视、验光、儿童眼科检查、眼科电生理、眼底荧光素血管造影及眼病影像学检查。书中配合病例、彩色眼底照片和同类体征对照，涉及屈光矫正、遮盖治疗、角膜接触镜、白内障术后散光及常见眼病治疗原则；附录还介绍美国眼科诊疗概况、英文缩写和眼病综合征。,completed,a7b79c8a-b3f1-4483-9ca5-156317cb3472,"# Summary
本书出版于2004年，是2005年出版的眼科临床诊断参考书，面向眼科初学者、住院医师及临床医师，强调从病史、主诉、视觉与感觉症状、体征入手进行分析，结合鉴别诊断、诊断陷阱和治疗原则提高诊疗能力。内容涵盖病史采集、视力障碍与屈光不正、色觉缺陷、夜盲、视野异常、复视、闪光感、眼痛及头痛等症状学；系统介绍远视、近视、散光、弱视与调节、视疲劳，以及裂隙灯显微镜、眼压、泪道、结膜和角膜检查。疾病框架延伸至巩膜、前房、虹膜睫状体、晶状体、青光眼、玻璃体、视网膜与脉络膜、黄斑、视神经、眼球突出和眼内陷，并包括瞳孔、眼球运动与斜视、验光、儿童眼科检查、眼科电生理、眼底荧光素血管造影及眼病影像学检查。书中配合病例、彩色眼底照片和同类体征对照，涉及屈光矫正、遮盖治疗、角膜接触镜、白内障术后散光及常见眼病治疗原则；附录还介绍美国眼科诊疗概况、英文缩写和眼病综合征。",3072,"# Summary
本书出版于2004年，是2005年出版的眼科临床诊断参考书，面向眼科初学者、住院医师及临床医师，强调从病史、主诉、视觉与感觉症状、体征入手进行分析，结合鉴别诊断、诊断陷阱和治疗原则提高诊疗能力。内容涵盖病史采集、视力障碍与屈光不正、色觉缺陷、夜盲、视野异常、复视、闪光感、眼痛及头痛等症状学；系统介绍远视、近视、散光、弱视与调节、视疲劳，以及裂隙灯显微镜、眼压、泪道、结膜和角膜检查。疾病框架延伸至巩膜、前房、虹膜睫状体、晶状体、青光眼、玻璃体、视网膜与脉络膜、黄斑、视神经、眼球突出和眼内陷，并包括瞳孔、眼球运动与斜视、验光、儿童眼科检查、眼科电生理、眼底荧光素血管造影及眼病影像学检查。书中配合病例、彩色眼底照片和同类体征对照，涉及屈光矫正、遮盖治疗、角膜接触镜、白内障术后散光及常见眼病治疗原则；附录还介绍美国眼科诊疗概况、英文缩写和眼病综合征。"
51992457-2720-4818-b7b1-19a1294bcffc,本书出版于2007年，是Leonard A. Levin、Anthony C. Arnold主编《Neuro-Ophthalmology: The Practical Guide》的中文译著，定位于眼科、神经内科及相关专科医师的神经眼科临床实用指南。全书围绕“检查—症状体征—疾病—辅助检查”展开：介绍视力、色觉、瞳孔、眼球运动和视野检查及结果分析；按短暂或持续性视力下降、视野缺损、阳性视觉现象、复视、眼球震颤、视盘水肿、视神经萎缩、眼痛、眼球突出、瞳孔不等大、眼睑下垂等症状建立诊断思路；系统涵盖缺血性、炎性、压迫性、遗传性、中毒代谢性、创伤性视神经病，视神经肿瘤、视交叉及视路病变，颅神经麻痹、海绵窦病变、重症肌无力、甲状腺相关眼病、眼眶肿瘤与感染、偏头痛、面神经病变、血栓栓塞性疾病及非器质性视力丧失。辅助检查包括急诊评估、电生理、颞动脉活检、腰椎穿刺和神经影像学，并强调诊治紧迫性、红旗征、转诊与随访。,completed,5e7f859d-482a-42f2-8a0a-4025d14a0e29,"# Summary
本书出版于2007年，是Leonard A. Levin、Anthony C. Arnold主编《Neuro-Ophthalmology: The Practical Guide》的中文译著，定位于眼科、神经内科及相关专科医师的神经眼科临床实用指南。全书围绕“检查—症状体征—疾病—辅助检查”展开：介绍视力、色觉、瞳孔、眼球运动和视野检查及结果分析；按短暂或持续性视力下降、视野缺损、阳性视觉现象、复视、眼球震颤、视盘水肿、视神经萎缩、眼痛、眼球突出、瞳孔不等大、眼睑下垂等症状建立诊断思路；系统涵盖缺血性、炎性、压迫性、遗传性、中毒代谢性、创伤性视神经病，视神经肿瘤、视交叉及视路病变，颅神经麻痹、海绵窦病变、重症肌无力、甲状腺相关眼病、眼眶肿瘤与感染、偏头痛、面神经病变、血栓栓塞性疾病及非器质性视力丧失。辅助检查包括急诊评估、电生理、颞动脉活检、腰椎穿刺和神经影像学，并强调诊治紧迫性、红旗征、转诊与随访。",3072,"# Summary
本书出版于2007年，是Leonard A. Levin、Anthony C. Arnold主编《Neuro-Ophthalmology: The Practical Guide》的中文译著，定位于眼科、神经内科及相关专科医师的神经眼科临床实用指南。全书围绕“检查—症状体征—疾病—辅助检查”展开：介绍视力、色觉、瞳孔、眼球运动和视野检查及结果分析；按短暂或持续性视力下降、视野缺损、阳性视觉现象、复视、眼球震颤、视盘水肿、视神经萎缩、眼痛、眼球突出、瞳孔不等大、眼睑下垂等症状建立诊断思路；系统涵盖缺血性、炎性、压迫性、遗传性、中毒代谢性、创伤性视神经病，视神经肿瘤、视交叉及视路病变，颅神经麻痹、海绵窦病变、重症肌无力、甲状腺相关眼病、眼眶肿瘤与感染、偏头痛、面神经病变、血栓栓塞性疾病及非器质性视力丧失。辅助检查包括急诊评估、电生理、颞动脉活检、腰椎穿刺和神经影像学，并强调诊治紧迫性、红旗征、转诊与随访。"
bb83f1cb-bcb2-4250-95c8-27fbefae85f7,2016年出版的临床神经眼科学实用专著，适合眼科、神经内科、神经外科住院医师及神经眼科初学者和临床医生。全书围绕病史采集、体格检查及辅助检查展开，系统介绍中心视功能、视力、对比敏感度、视野、RAPD、ERG、VEP等检查，以及神经影像学（MRI、CT）的临床应用；结合视觉通路解剖分析视野缺损，涵盖视神经炎、缺血性和压迫性视神经病变、视盘水肿、视交叉及视路病变、同侧偏盲、非器质性视力下降等。眼运动部分涉及斜视与复视、眼外肌和神经肌肉接头疾病、Ⅲ/Ⅳ/Ⅵ脑神经麻痹、核上性眼球运动障碍、眼震、瞳孔及面神经疾病；附加内容讨论三叉神经、面部麻木、头痛、畏光、脑血管病和神经皮肤综合征，并涉及疾病鉴别、诊断与治疗决策。,completed,fcad5b6d-285b-4fd7-b71a-45a0b31a2be5,"# Summary
2016年出版的临床神经眼科学实用专著，适合眼科、神经内科、神经外科住院医师及神经眼科初学者和临床医生。全书围绕病史采集、体格检查及辅助检查展开，系统介绍中心视功能、视力、对比敏感度、视野、RAPD、ERG、VEP等检查，以及神经影像学（MRI、CT）的临床应用；结合视觉通路解剖分析视野缺损，涵盖视神经炎、缺血性和压迫性视神经病变、视盘水肿、视交叉及视路病变、同侧偏盲、非器质性视力下降等。眼运动部分涉及斜视与复视、眼外肌和神经肌肉接头疾病、Ⅲ/Ⅳ/Ⅵ脑神经麻痹、核上性眼球运动障碍、眼震、瞳孔及面神经疾病；附加内容讨论三叉神经、面部麻木、头痛、畏光、脑血管病和神经皮肤综合征，并涉及疾病鉴别、诊断与治疗决策。",3072,"# Summary
2016年出版的临床神经眼科学实用专著，适合眼科、神经内科、神经外科住院医师及神经眼科初学者和临床医生。全书围绕病史采集、体格检查及辅助检查展开，系统介绍中心视功能、视力、对比敏感度、视野、RAPD、ERG、VEP等检查，以及神经影像学（MRI、CT）的临床应用；结合视觉通路解剖分析视野缺损，涵盖视神经炎、缺血性和压迫性视神经病变、视盘水肿、视交叉及视路病变、同侧偏盲、非器质性视力下降等。眼运动部分涉及斜视与复视、眼外肌和神经肌肉接头疾病、Ⅲ/Ⅳ/Ⅵ脑神经麻痹、核上性眼球运动障碍、眼震、瞳孔及面神经疾病；附加内容讨论三叉神经、面部麻木、头痛、畏光、脑血管病和神经皮肤综合征，并涉及疾病鉴别、诊断与治疗决策。"
e90379dd-2e11-4512-a072-6e6a955af261,本书为2008年出版的眼科综合征工具参考书，面向眼科及相关医学领域的临床、科研和教学人员。全书按英文病名A—Z编排，收录近570种与眼科相关的常见或较常见综合征，涵盖遗传、感染、免疫、神经、代谢、血液、内分泌及全身系统性疾病的眼部表现；每条均从疾病名称、译名、别名、概要、病因病理、眼部特征、全身特征和治疗八方面论述，并附中英文索引及大量参考文献。内容涉及获得性免疫缺陷综合征、获得性梅毒、高山综合征、急性视网膜坏死、急性出血性结膜炎、过度调节综合征、白化病及肢端-胼胝体综合征等。重点关键词包括视力与视野检查、裂隙灯、眼底检查、荧光素眼底血管造影、血清学及HIV抗体、CD4/CD8检测、电子显微镜；治疗涉及抗逆转录病毒药物、抗感染、青霉素、更昔洛韦、膦甲酸、吸氧利尿、玻璃体内注射，以及冷冻、放疗、激光、手术切除和玻璃体切割等技术。,completed,26332acc-59f3-416e-a6ae-648af459cd16,"# Summary
本书为2008年出版的眼科综合征工具参考书，面向眼科及相关医学领域的临床、科研和教学人员。全书按英文病名A—Z编排，收录近570种与眼科相关的常见或较常见综合征，涵盖遗传、感染、免疫、神经、代谢、血液、内分泌及全身系统性疾病的眼部表现；每条均从疾病名称、译名、别名、概要、病因病理、眼部特征、全身特征和治疗八方面论述，并附中英文索引及大量参考文献。内容涉及获得性免疫缺陷综合征、获得性梅毒、高山综合征、急性视网膜坏死、急性出血性结膜炎、过度调节综合征、白化病及肢端-胼胝体综合征等。重点关键词包括视力与视野检查、裂隙灯、眼底检查、荧光素眼底血管造影、血清学及HIV抗体、CD4/CD8检测、电子显微镜；治疗涉及抗逆转录病毒药物、抗感染、青霉素、更昔洛韦、膦甲酸、吸氧利尿、玻璃体内注射，以及冷冻、放疗、激光、手术切除和玻璃体切割等技术。",3072,"# Summary
本书为2008年出版的眼科综合征工具参考书，面向眼科及相关医学领域的临床、科研和教学人员。全书按英文病名A—Z编排，收录近570种与眼科相关的常见或较常见综合征，涵盖遗传、感染、免疫、神经、代谢、血液、内分泌及全身系统性疾病的眼部表现；每条均从疾病名称、译名、别名、概要、病因病理、眼部特征、全身特征和治疗八方面论述，并附中英文索引及大量参考文献。内容涉及获得性免疫缺陷综合征、获得性梅毒、高山综合征、急性视网膜坏死、急性出血性结膜炎、过度调节综合征、白化病及肢端-胼胝体综合征等。重点关键词包括视力与视野检查、裂隙灯、眼底检查、荧光素眼底血管造影、血清学及HIV抗体、CD4/CD8检测、电子显微镜；治疗涉及抗逆转录病毒药物、抗感染、青霉素、更昔洛韦、膦甲酸、吸氧利尿、玻璃体内注射，以及冷冻、放疗、激光、手术切除和玻璃体切割等技术。"
7b5072ec-b1a9-4aca-ac7f-c00dc4e1e64a,本书出版于2011年，是全国高等学校眼视光学专业教材，主编赵堪兴，适用于眼视光学专业师生、医学生及青年眼科医师，侧重斜视、弱视相关双眼视觉疾病的临床诊断与处理。全书从眼眶及眼外肌解剖、眼球运动生理、双眼视觉基础入手，系统介绍斜视弱视检查法，包括视力与屈光检查、眼外肌和双眼单视功能评估、遮盖试验、斜视角测量、代偿头位、牵拉试验及CT、MRI等影像学检查；随后讨论斜视概论、内斜视、外斜视、A-V型斜视、垂直斜视、麻痹性及中枢性斜视，并涉及Duane眼球后退综合征、甲状腺相关眼病、重症肌无力、眶壁骨折等特殊类型。弱视部分涵盖病因、危险因素、分类、诊断鉴别、筛查、遮盖和压抑疗法；另论述先天性眼球震颤及其ENG检查、屈光矫正和手术。斜视治疗包括配镜、药物、视能训练及直肌后徙、缩短、斜肌手术、调整缝线等技术，并介绍斜视遗传学。,completed,e261edf7-305e-479e-bf86-0b953cbc9889,"# Summary
本书出版于2011年，是全国高等学校眼视光学专业教材，主编赵堪兴，适用于眼视光学专业师生、医学生及青年眼科医师，侧重斜视、弱视相关双眼视觉疾病的临床诊断与处理。全书从眼眶及眼外肌解剖、眼球运动生理、双眼视觉基础入手，系统介绍斜视弱视检查法，包括视力与屈光检查、眼外肌和双眼单视功能评估、遮盖试验、斜视角测量、代偿头位、牵拉试验及CT、MRI等影像学检查；随后讨论斜视概论、内斜视、外斜视、A-V型斜视、垂直斜视、麻痹性及中枢性斜视，并涉及Duane眼球后退综合征、甲状腺相关眼病、重症肌无力、眶壁骨折等特殊类型。弱视部分涵盖病因、危险因素、分类、诊断鉴别、筛查、遮盖和压抑疗法；另论述先天性眼球震颤及其ENG检查、屈光矫正和手术。斜视治疗包括配镜、药物、视能训练及直肌后徙、缩短、斜肌手术、调整缝线等技术，并介绍斜视遗传学。",3072,"# Summary
本书出版于2011年，是全国高等学校眼视光学专业教材，主编赵堪兴，适用于眼视光学专业师生、医学生及青年眼科医师，侧重斜视、弱视相关双眼视觉疾病的临床诊断与处理。全书从眼眶及眼外肌解剖、眼球运动生理、双眼视觉基础入手，系统介绍斜视弱视检查法，包括视力与屈光检查、眼外肌和双眼单视功能评估、遮盖试验、斜视角测量、代偿头位、牵拉试验及CT、MRI等影像学检查；随后讨论斜视概论、内斜视、外斜视、A-V型斜视、垂直斜视、麻痹性及中枢性斜视，并涉及Duane眼球后退综合征、甲状腺相关眼病、重症肌无力、眶壁骨折等特殊类型。弱视部分涵盖病因、危险因素、分类、诊断鉴别、筛查、遮盖和压抑疗法；另论述先天性眼球震颤及其ENG检查、屈光矫正和手术。斜视治疗包括配镜、药物、视能训练及直肌后徙、缩短、斜肌手术、调整缝线等技术，并介绍斜视遗传学。"
438a02ab-bfac-4114-b594-028ae7345520,本书出版于2006年。2007年出版。本书面向各级眼科医师、眼科医学生、研究生及教学科研人员，重点介绍视网膜脱离外路显微手术和全玻璃体切除术。内容涵盖眼球、玻璃体、视网膜及视网膜下液的解剖生理病理，术前眼前后节检查、眼底检查、超声、超声生物显微镜、荧光及吲哚青绿血管造影、OCT、CT、MRI等辅助检查，显微镜、冷凝器、玻璃体切割机、眼内填充物及手术准备麻醉。系统讲解巩膜加压、环扎、排液、冷凝、外路显微手术及并发症处理，并详述全玻璃体切除、膜剥离、视网膜切开、气液交换、重水、膨胀气体和硅油填充技术。针对裂孔性、牵拉性、渗出性视网膜脱离、PVR、巨大裂孔、糖尿病视网膜病变、外伤性及小儿视网膜脱离，还涉及早产儿视网膜病变、视网膜劈裂、急性视网膜坏死、黄斑疾病、眼内肿瘤、硅油填充眼和玻璃体手术并发症，配有典型病例及手术DVD。,completed,8de409cb-835c-4f40-bf90-52bde380e7b7,"# Summary
本书出版于2006年。2007年出版。本书面向各级眼科医师、眼科医学生、研究生及教学科研人员，重点介绍视网膜脱离外路显微手术和全玻璃体切除术。内容涵盖眼球、玻璃体、视网膜及视网膜下液的解剖生理病理，术前眼前后节检查、眼底检查、超声、超声生物显微镜、荧光及吲哚青绿血管造影、OCT、CT、MRI等辅助检查，显微镜、冷凝器、玻璃体切割机、眼内填充物及手术准备麻醉。系统讲解巩膜加压、环扎、排液、冷凝、外路显微手术及并发症处理，并详述全玻璃体切除、膜剥离、视网膜切开、气液交换、重水、膨胀气体和硅油填充技术。针对裂孔性、牵拉性、渗出性视网膜脱离、PVR、巨大裂孔、糖尿病视网膜病变、外伤性及小儿视网膜脱离，还涉及早产儿视网膜病变、视网膜劈裂、急性视网膜坏死、黄斑疾病、眼内肿瘤、硅油填充眼和玻璃体手术并发症，配有典型病例及手术DVD。",3072,"# Summary
本书出版于2006年。2007年出版。本书面向各级眼科医师、眼科医学生、研究生及教学科研人员，重点介绍视网膜脱离外路显微手术和全玻璃体切除术。内容涵盖眼球、玻璃体、视网膜及视网膜下液的解剖生理病理，术前眼前后节检查、眼底检查、超声、超声生物显微镜、荧光及吲哚青绿血管造影、OCT、CT、MRI等辅助检查，显微镜、冷凝器、玻璃体切割机、眼内填充物及手术准备麻醉。系统讲解巩膜加压、环扎、排液、冷凝、外路显微手术及并发症处理，并详述全玻璃体切除、膜剥离、视网膜切开、气液交换、重水、膨胀气体和硅油填充技术。针对裂孔性、牵拉性、渗出性视网膜脱离、PVR、巨大裂孔、糖尿病视网膜病变、外伤性及小儿视网膜脱离，还涉及早产儿视网膜病变、视网膜劈裂、急性视网膜坏死、黄斑疾病、眼内肿瘤、硅油填充眼和玻璃体手术并发症，配有典型病例及手术DVD。"
4c3ec2ea-e244-4a42-a9ff-fa162dc029e0,本书为Teresa C. Chen主编、2013年出版的青光眼外科专著，面向眼科住院医师、全科眼科医师及青光眼专科医师，系统讲解20种常用青光眼手术，并配有手术视频。内容涵盖小梁切除术、白内障青光眼联合手术、滤过泡修复、Ahmed、Krupin、Baerveldt、Molteno及Taco引流装置植入，以及前房角切开、小梁切开、房角分离、周边虹膜切除、前房冲洗、后巩膜切开术；同时介绍氩激光、Nd:YAG激光周边虹膜切除，氩激光和选择性激光小梁成形、周边虹膜成形，以及经巩膜二极管激光和内镜睫状体光凝。书中重点讨论青光眼分期、视神经损伤进展、靶眼内压、手术适应证与禁忌证、术前沟通、麻醉、显微器械、结膜瓣与巩膜瓣制作、房水滤过通道建立、滤过泡管理、丝裂霉素C应用及低眼压、浅前房、脉络膜脱离、滤过失败等并发症处理。,completed,59a6c15a-1f05-4d82-adec-a123a263f09f,"# Summary
本书为Teresa C. Chen主编、2013年出版的青光眼外科专著，面向眼科住院医师、全科眼科医师及青光眼专科医师，系统讲解20种常用青光眼手术，并配有手术视频。内容涵盖小梁切除术、白内障青光眼联合手术、滤过泡修复、Ahmed、Krupin、Baerveldt、Molteno及Taco引流装置植入，以及前房角切开、小梁切开、房角分离、周边虹膜切除、前房冲洗、后巩膜切开术；同时介绍氩激光、Nd:YAG激光周边虹膜切除，氩激光和选择性激光小梁成形、周边虹膜成形，以及经巩膜二极管激光和内镜睫状体光凝。书中重点讨论青光眼分期、视神经损伤进展、靶眼内压、手术适应证与禁忌证、术前沟通、麻醉、显微器械、结膜瓣与巩膜瓣制作、房水滤过通道建立、滤过泡管理、丝裂霉素C应用及低眼压、浅前房、脉络膜脱离、滤过失败等并发症处理。",3072,"# Summary
本书为Teresa C. Chen主编、2013年出版的青光眼外科专著，面向眼科住院医师、全科眼科医师及青光眼专科医师，系统讲解20种常用青光眼手术，并配有手术视频。内容涵盖小梁切除术、白内障青光眼联合手术、滤过泡修复、Ahmed、Krupin、Baerveldt、Molteno及Taco引流装置植入，以及前房角切开、小梁切开、房角分离、周边虹膜切除、前房冲洗、后巩膜切开术；同时介绍氩激光、Nd:YAG激光周边虹膜切除，氩激光和选择性激光小梁成形、周边虹膜成形，以及经巩膜二极管激光和内镜睫状体光凝。书中重点讨论青光眼分期、视神经损伤进展、靶眼内压、手术适应证与禁忌证、术前沟通、麻醉、显微器械、结膜瓣与巩膜瓣制作、房水滤过通道建立、滤过泡管理、丝裂霉素C应用及低眼压、浅前房、脉络膜脱离、滤过失败等并发症处理。"
33ba90ed-027f-43f5-90d4-8b817caf8a48,何守志编著、2014年出版。本书是面向各级眼科临床、教学与科研人员的晶状体及白内障专业参考书，强调实用性、先进性和系统性。全书23章，先介绍晶状体胚胎发育、解剖、生化、组织形态、透明性与混浊光学变化及白内障病因学，继而涵盖白内障检查、临床评价、视功能检测、晶状体异位和各类型白内障。主体系统讲解显微手术基础、术前麻醉与术后处理、切口、传统及现代囊外摘除、手法碎核小切口、超声乳化和飞秒激光辅助技术，并延伸至小瞳孔、成熟过熟、葡萄膜炎、婴幼儿、脱位、外伤及玻璃体术后等特殊病例。后半部涉及联合手术、无晶状体眼矫正、人工晶状体材料与屈光度计算、功能扩展型及有晶状体眼人工晶状体、眼内屈光手术，以及术中术后并发症、视网膜光损伤、散光控制、药物治疗和Nd:YAG激光应用。,completed,9a53a906-5705-4758-8267-d8c86119fdb8,"# Summary
何守志编著、2014年出版。本书是面向各级眼科临床、教学与科研人员的晶状体及白内障专业参考书，强调实用性、先进性和系统性。全书23章，先介绍晶状体胚胎发育、解剖、生化、组织形态、透明性与混浊光学变化及白内障病因学，继而涵盖白内障检查、临床评价、视功能检测、晶状体异位和各类型白内障。主体系统讲解显微手术基础、术前麻醉与术后处理、切口、传统及现代囊外摘除、手法碎核小切口、超声乳化和飞秒激光辅助技术，并延伸至小瞳孔、成熟过熟、葡萄膜炎、婴幼儿、脱位、外伤及玻璃体术后等特殊病例。后半部涉及联合手术、无晶状体眼矫正、人工晶状体材料与屈光度计算、功能扩展型及有晶状体眼人工晶状体、眼内屈光手术，以及术中术后并发症、视网膜光损伤、散光控制、药物治疗和Nd:YAG激光应用。",3072,"# Summary
何守志编著、2014年出版。本书是面向各级眼科临床、教学与科研人员的晶状体及白内障专业参考书，强调实用性、先进性和系统性。全书23章，先介绍晶状体胚胎发育、解剖、生化、组织形态、透明性与混浊光学变化及白内障病因学，继而涵盖白内障检查、临床评价、视功能检测、晶状体异位和各类型白内障。主体系统讲解显微手术基础、术前麻醉与术后处理、切口、传统及现代囊外摘除、手法碎核小切口、超声乳化和飞秒激光辅助技术，并延伸至小瞳孔、成熟过熟、葡萄膜炎、婴幼儿、脱位、外伤及玻璃体术后等特殊病例。后半部涉及联合手术、无晶状体眼矫正、人工晶状体材料与屈光度计算、功能扩展型及有晶状体眼人工晶状体、眼内屈光手术，以及术中术后并发症、视网膜光损伤、散光控制、药物治疗和Nd:YAG激光应用。"
d40783d2-9ebb-4fee-8f83-71a49be4edd0,本书出版于2009年，是面向眼科医师、眼视光医师及角膜与屈光手术专业人员的综合性临床参考书，系统讲解波前技术时代角膜地形图的原理、判读与应用。全书分为四部分：首先介绍角膜解剖、生理和光学、地形图发展史、检查技术，以及轴向图、高度图、角膜厚度图和计量方法；其次分析正常及常见角膜病地形图，重点涉及圆锥角膜、亚临床圆锥角膜（FFKC）、屈光手术前评估、术后并发症和角膜后表面改变；第三部分讨论角膜地形图与波前像差互补、个性化屈光手术、准分子激光及VISX地形图引导切削；第四部分结合病例介绍Magellan、iTrace、Orbscan、Artemis、Keratron、Tomey、Topcon、AstraMax、Pentacam、Precisio等系统及其临床功能，并展望角膜成像和眼前段手术技术的发展。,completed,b2cabaf6-61b0-4e98-ab7f-e71fe112330d,"# Summary
本书出版于2009年，是面向眼科医师、眼视光医师及角膜与屈光手术专业人员的综合性临床参考书，系统讲解波前技术时代角膜地形图的原理、判读与应用。全书分为四部分：首先介绍角膜解剖、生理和光学、地形图发展史、检查技术，以及轴向图、高度图、角膜厚度图和计量方法；其次分析正常及常见角膜病地形图，重点涉及圆锥角膜、亚临床圆锥角膜（FFKC）、屈光手术前评估、术后并发症和角膜后表面改变；第三部分讨论角膜地形图与波前像差互补、个性化屈光手术、准分子激光及VISX地形图引导切削；第四部分结合病例介绍Magellan、iTrace、Orbscan、Artemis、Keratron、Tomey、Topcon、AstraMax、Pentacam、Precisio等系统及其临床功能，并展望角膜成像和眼前段手术技术的发展。",3072,"# Summary
本书出版于2009年，是面向眼科医师、眼视光医师及角膜与屈光手术专业人员的综合性临床参考书，系统讲解波前技术时代角膜地形图的原理、判读与应用。全书分为四部分：首先介绍角膜解剖、生理和光学、地形图发展史、检查技术，以及轴向图、高度图、角膜厚度图和计量方法；其次分析正常及常见角膜病地形图，重点涉及圆锥角膜、亚临床圆锥角膜（FFKC）、屈光手术前评估、术后并发症和角膜后表面改变；第三部分讨论角膜地形图与波前像差互补、个性化屈光手术、准分子激光及VISX地形图引导切削；第四部分结合病例介绍Magellan、iTrace、Orbscan、Artemis、Keratron、Tomey、Topcon、AstraMax、Pentacam、Precisio等系统及其临床功能，并展望角膜成像和眼前段手术技术的发展。"
663e0838-d32d-4cb1-885d-5f5d2dd7e38c,本书出版于2014年，是面向眼科医师、角膜病及眼表疾病临床与科研人员的影像学图谱，汇集312幅典型角结膜疾病及角膜外伤图像。全书从活体角膜激光共聚焦显微镜的发展、结构原理、检查方法和操作注意事项入手，先展示正常角膜各层细胞、神经、郎格汉斯细胞、内皮及正常结膜结构，再结合疾病定义、临床表现、组织病理和共聚焦图像，系统呈现细菌性、真菌性、阿米巴及病毒性角膜炎，角膜变性与营养不良，免疫性角膜病、干眼、药源性及全身疾病相关角膜病变；并涵盖LASIK等屈光手术后神经修复、手术界面与并发症，角膜移植和羊膜移植术后改变及免疫排斥。另收录角膜异物、热烧伤和化学烧伤，以及春季卡他性结膜炎、蠕形螨性睑缘炎和角结膜上皮内上皮癌。重点体现活体、无创、实时、动态、近细胞水平观察在诊断、病程评估、治疗指导和科研中的价值。,completed,016c066a-9e49-4bbc-9152-bc878e45a801,"# Summary
本书出版于2014年，是面向眼科医师、角膜病及眼表疾病临床与科研人员的影像学图谱，汇集312幅典型角结膜疾病及角膜外伤图像。全书从活体角膜激光共聚焦显微镜的发展、结构原理、检查方法和操作注意事项入手，先展示正常角膜各层细胞、神经、郎格汉斯细胞、内皮及正常结膜结构，再结合疾病定义、临床表现、组织病理和共聚焦图像，系统呈现细菌性、真菌性、阿米巴及病毒性角膜炎，角膜变性与营养不良，免疫性角膜病、干眼、药源性及全身疾病相关角膜病变；并涵盖LASIK等屈光手术后神经修复、手术界面与并发症，角膜移植和羊膜移植术后改变及免疫排斥。另收录角膜异物、热烧伤和化学烧伤，以及春季卡他性结膜炎、蠕形螨性睑缘炎和角结膜上皮内上皮癌。重点体现活体、无创、实时、动态、近细胞水平观察在诊断、病程评估、治疗指导和科研中的价值。",3072,"# Summary
本书出版于2014年，是面向眼科医师、角膜病及眼表疾病临床与科研人员的影像学图谱，汇集312幅典型角结膜疾病及角膜外伤图像。全书从活体角膜激光共聚焦显微镜的发展、结构原理、检查方法和操作注意事项入手，先展示正常角膜各层细胞、神经、郎格汉斯细胞、内皮及正常结膜结构，再结合疾病定义、临床表现、组织病理和共聚焦图像，系统呈现细菌性、真菌性、阿米巴及病毒性角膜炎，角膜变性与营养不良，免疫性角膜病、干眼、药源性及全身疾病相关角膜病变；并涵盖LASIK等屈光手术后神经修复、手术界面与并发症，角膜移植和羊膜移植术后改变及免疫排斥。另收录角膜异物、热烧伤和化学烧伤，以及春季卡他性结膜炎、蠕形螨性睑缘炎和角结膜上皮内上皮癌。重点体现活体、无创、实时、动态、近细胞水平观察在诊断、病程评估、治疗指导和科研中的价值。"
1acaafaf-e859-46ef-aea2-5a134105a266,本书为肖利华著、2006年出版的眼眶病影像与临床诊断专著，适合眼科、医学影像科及神经科、耳鼻咽喉科、颌面外科医生学习参考。全书以病史、症状、体征和一般检查为基础，系统介绍X线、超声、CT、MRI、DSA、PET及SPECT等检查方法与影像判读，并讨论检查选择、影像局限及影像导向下穿刺活检。内容涵盖先天及发育异常、眼眶炎症、囊肿、原发性肿瘤、继发性及转移性肿瘤、淋巴性和造血病变、甲状腺相关眼病、外伤出血、骨折与异物，以及相关疾病和易误诊、漏诊病例。重点涉及眼球突出、内陷、移位、疼痛、复视、视力下降、眼睑征和眶周肿块等临床表现，并收录海绵状血管瘤、淋巴管瘤、炎性假瘤、横纹肌肉瘤、视神经胶质瘤、脑膜瘤、泪腺肿瘤、淋巴瘤、转移癌、甲状腺相关眼病、眶蜂窝织炎、爆裂性骨折等疾病的典型外观及影像资料，强调结合病程、全身病史与临床思维进行鉴别诊断。,completed,c36a5903-ae2f-4608-9eb9-e1278342e43e,"# Summary
本书为肖利华著、2006年出版的眼眶病影像与临床诊断专著，适合眼科、医学影像科及神经科、耳鼻咽喉科、颌面外科医生学习参考。全书以病史、症状、体征和一般检查为基础，系统介绍X线、超声、CT、MRI、DSA、PET及SPECT等检查方法与影像判读，并讨论检查选择、影像局限及影像导向下穿刺活检。内容涵盖先天及发育异常、眼眶炎症、囊肿、原发性肿瘤、继发性及转移性肿瘤、淋巴性和造血病变、甲状腺相关眼病、外伤出血、骨折与异物，以及相关疾病和易误诊、漏诊病例。重点涉及眼球突出、内陷、移位、疼痛、复视、视力下降、眼睑征和眶周肿块等临床表现，并收录海绵状血管瘤、淋巴管瘤、炎性假瘤、横纹肌肉瘤、视神经胶质瘤、脑膜瘤、泪腺肿瘤、淋巴瘤、转移癌、甲状腺相关眼病、眶蜂窝织炎、爆裂性骨折等疾病的典型外观及影像资料，强调结合病程、全身病史与临床思维进行鉴别诊断。",3072,"# Summary
本书为肖利华著、2006年出版的眼眶病影像与临床诊断专著，适合眼科、医学影像科及神经科、耳鼻咽喉科、颌面外科医生学习参考。全书以病史、症状、体征和一般检查为基础，系统介绍X线、超声、CT、MRI、DSA、PET及SPECT等检查方法与影像判读，并讨论检查选择、影像局限及影像导向下穿刺活检。内容涵盖先天及发育异常、眼眶炎症、囊肿、原发性肿瘤、继发性及转移性肿瘤、淋巴性和造血病变、甲状腺相关眼病、外伤出血、骨折与异物，以及相关疾病和易误诊、漏诊病例。重点涉及眼球突出、内陷、移位、疼痛、复视、视力下降、眼睑征和眶周肿块等临床表现，并收录海绵状血管瘤、淋巴管瘤、炎性假瘤、横纹肌肉瘤、视神经胶质瘤、脑膜瘤、泪腺肿瘤、淋巴瘤、转移癌、甲状腺相关眼病、眶蜂窝织炎、爆裂性骨折等疾病的典型外观及影像资料，强调结合病程、全身病史与临床思维进行鉴别诊断。"
adfa4234-2858-4775-8855-c3e928232efc,本书为2002年出版的眼肿瘤与眼眶病现代诊治专著，适合眼科临床医师、研究生及耳鼻咽喉、神经外科、颌面外科、整形外科、影像和病理等相关医师参考。全书分总论、各论、手术三篇19章，系统涉及眼睑、结膜、角膜、巩膜、葡萄膜、视网膜、视神经、泪器及眼眶肿瘤，并涵盖先天发育异常、眼眶炎症、血管性畸形、淋巴细胞病变、白血病和转移癌。重点疾病包括葡萄膜恶性黑色素瘤、视网膜母细胞瘤、髓上皮瘤、眼内及眼眶转移癌、泪腺肿瘤、海绵状血管瘤、横纹肌肉瘤、脑膜瘤、神经鞘瘤和炎性假瘤等。内容强调病理、临床表现、鉴别诊断与预后，介绍裂隙灯、房角镜、眼底检查、超声、UBM、CT、MRI、荧光及吲哚氰绿血管造影、细针活检等检查技术，以及手术切除、眼球摘除、眶内容剜除、放疗、化疗、冷冻、激光、放射性贴敷、γ刀和眼部整形等治疗与手术方法。,completed,0cc6286a-3443-4c84-acd0-a745ec2b8521,"# Summary
本书为2002年出版的眼肿瘤与眼眶病现代诊治专著，适合眼科临床医师、研究生及耳鼻咽喉、神经外科、颌面外科、整形外科、影像和病理等相关医师参考。全书分总论、各论、手术三篇19章，系统涉及眼睑、结膜、角膜、巩膜、葡萄膜、视网膜、视神经、泪器及眼眶肿瘤，并涵盖先天发育异常、眼眶炎症、血管性畸形、淋巴细胞病变、白血病和转移癌。重点疾病包括葡萄膜恶性黑色素瘤、视网膜母细胞瘤、髓上皮瘤、眼内及眼眶转移癌、泪腺肿瘤、海绵状血管瘤、横纹肌肉瘤、脑膜瘤、神经鞘瘤和炎性假瘤等。内容强调病理、临床表现、鉴别诊断与预后，介绍裂隙灯、房角镜、眼底检查、超声、UBM、CT、MRI、荧光及吲哚氰绿血管造影、细针活检等检查技术，以及手术切除、眼球摘除、眶内容剜除、放疗、化疗、冷冻、激光、放射性贴敷、γ刀和眼部整形等治疗与手术方法。",3072,"# Summary
本书为2002年出版的眼肿瘤与眼眶病现代诊治专著，适合眼科临床医师、研究生及耳鼻咽喉、神经外科、颌面外科、整形外科、影像和病理等相关医师参考。全书分总论、各论、手术三篇19章，系统涉及眼睑、结膜、角膜、巩膜、葡萄膜、视网膜、视神经、泪器及眼眶肿瘤，并涵盖先天发育异常、眼眶炎症、血管性畸形、淋巴细胞病变、白血病和转移癌。重点疾病包括葡萄膜恶性黑色素瘤、视网膜母细胞瘤、髓上皮瘤、眼内及眼眶转移癌、泪腺肿瘤、海绵状血管瘤、横纹肌肉瘤、脑膜瘤、神经鞘瘤和炎性假瘤等。内容强调病理、临床表现、鉴别诊断与预后，介绍裂隙灯、房角镜、眼底检查、超声、UBM、CT、MRI、荧光及吲哚氰绿血管造影、细针活检等检查技术，以及手术切除、眼球摘除、眶内容剜除、放疗、化疗、冷冻、激光、放射性贴敷、γ刀和眼部整形等治疗与手术方法。"
a373e83a-c860-4265-983d-3d4aea331bbb,2013年出版。本书面向玻璃体视网膜外科医师、眼科住院医师及手术室相关人员，系统介绍玻璃体显微手术的临床决策、术前评估与围术期管理。内容涵盖视功能、瞳孔、裂隙灯、间接检眼镜检查，以及B型/实时灰阶超声、OCT、ERG、VEP和眼内异物影像定位；详述手术系统、器械、显微镜、照明、灌注、抽吸、切割、眼内光凝、电凝、手术录像、麻醉与术中监护，并介绍25G、20G玻璃体切割、联合超声乳化、气液交换、眼内气体填充、巩膜扣带、激光光凝、玻璃体腔注射等技术。疾病处理涉及视网膜裂孔与脱离、巨大裂孔、增生性玻璃体视网膜病变、黄斑前膜、黄斑裂孔、糖尿病视网膜病变、视网膜静脉阻塞、脉络膜新生血管、葡萄膜炎、眼内炎、早产儿视网膜病变、儿童牵拉性视网膜脱离、人工晶状体并发症、眼外伤、眼内异物及术后并发症。,completed,274a29a4-92fa-4df3-8906-5d0ba5c555c9,"# Summary
2013年出版。本书面向玻璃体视网膜外科医师、眼科住院医师及手术室相关人员，系统介绍玻璃体显微手术的临床决策、术前评估与围术期管理。内容涵盖视功能、瞳孔、裂隙灯、间接检眼镜检查，以及B型/实时灰阶超声、OCT、ERG、VEP和眼内异物影像定位；详述手术系统、器械、显微镜、照明、灌注、抽吸、切割、眼内光凝、电凝、手术录像、麻醉与术中监护，并介绍25G、20G玻璃体切割、联合超声乳化、气液交换、眼内气体填充、巩膜扣带、激光光凝、玻璃体腔注射等技术。疾病处理涉及视网膜裂孔与脱离、巨大裂孔、增生性玻璃体视网膜病变、黄斑前膜、黄斑裂孔、糖尿病视网膜病变、视网膜静脉阻塞、脉络膜新生血管、葡萄膜炎、眼内炎、早产儿视网膜病变、儿童牵拉性视网膜脱离、人工晶状体并发症、眼外伤、眼内异物及术后并发症。",3072,"# Summary
2013年出版。本书面向玻璃体视网膜外科医师、眼科住院医师及手术室相关人员，系统介绍玻璃体显微手术的临床决策、术前评估与围术期管理。内容涵盖视功能、瞳孔、裂隙灯、间接检眼镜检查，以及B型/实时灰阶超声、OCT、ERG、VEP和眼内异物影像定位；详述手术系统、器械、显微镜、照明、灌注、抽吸、切割、眼内光凝、电凝、手术录像、麻醉与术中监护，并介绍25G、20G玻璃体切割、联合超声乳化、气液交换、眼内气体填充、巩膜扣带、激光光凝、玻璃体腔注射等技术。疾病处理涉及视网膜裂孔与脱离、巨大裂孔、增生性玻璃体视网膜病变、黄斑前膜、黄斑裂孔、糖尿病视网膜病变、视网膜静脉阻塞、脉络膜新生血管、葡萄膜炎、眼内炎、早产儿视网膜病变、儿童牵拉性视网膜脱离、人工晶状体并发症、眼外伤、眼内异物及术后并发症。"
e54827b4-a81a-40f5-bcff-ea685a1d971f,2011年出版。本书面向眼科临床工作者，系统介绍白内障诊疗及人工晶状体应用，分“白内障”和“人工晶状体”上下篇。内容涵盖晶状体解剖、组织形态与生理，先天性、年龄相关性、并发性、代谢性、药物中毒性及外伤性白内障；重点讲解病史采集、视力与视功能、裂隙灯、眼压、角膜内皮、B超、UBM、OCT、视觉电生理及潜在视力检查，术前全身评估、麻醉、护理和术后管理。手术部分包括现代囊外摘除、非超声乳化小切口手术、超声乳化吸除术及术中、术后并发症处理。人工晶状体篇涉及前房型、后房型、虹膜支撑型晶状体，PMMA、硅凝胶、水凝胶、丙烯酸酯等材料，眼轴、角膜曲率、前房深度测量及屈光度计算；还介绍球面、非球面、散光矫正、多焦点、拟调节、黄色及变色人工晶状体的选择、植入、更换取出，以及无晶状体眼的框架眼镜、角膜接触镜和二期植入矫正。,completed,49fe432d-6595-4655-9000-b067518d2f1f,"# Summary
2011年出版。本书面向眼科临床工作者，系统介绍白内障诊疗及人工晶状体应用，分“白内障”和“人工晶状体”上下篇。内容涵盖晶状体解剖、组织形态与生理，先天性、年龄相关性、并发性、代谢性、药物中毒性及外伤性白内障；重点讲解病史采集、视力与视功能、裂隙灯、眼压、角膜内皮、B超、UBM、OCT、视觉电生理及潜在视力检查，术前全身评估、麻醉、护理和术后管理。手术部分包括现代囊外摘除、非超声乳化小切口手术、超声乳化吸除术及术中、术后并发症处理。人工晶状体篇涉及前房型、后房型、虹膜支撑型晶状体，PMMA、硅凝胶、水凝胶、丙烯酸酯等材料，眼轴、角膜曲率、前房深度测量及屈光度计算；还介绍球面、非球面、散光矫正、多焦点、拟调节、黄色及变色人工晶状体的选择、植入、更换取出，以及无晶状体眼的框架眼镜、角膜接触镜和二期植入矫正。",3072,"# Summary
2011年出版。本书面向眼科临床工作者，系统介绍白内障诊疗及人工晶状体应用，分“白内障”和“人工晶状体”上下篇。内容涵盖晶状体解剖、组织形态与生理，先天性、年龄相关性、并发性、代谢性、药物中毒性及外伤性白内障；重点讲解病史采集、视力与视功能、裂隙灯、眼压、角膜内皮、B超、UBM、OCT、视觉电生理及潜在视力检查，术前全身评估、麻醉、护理和术后管理。手术部分包括现代囊外摘除、非超声乳化小切口手术、超声乳化吸除术及术中、术后并发症处理。人工晶状体篇涉及前房型、后房型、虹膜支撑型晶状体，PMMA、硅凝胶、水凝胶、丙烯酸酯等材料，眼轴、角膜曲率、前房深度测量及屈光度计算；还介绍球面、非球面、散光矫正、多焦点、拟调节、黄色及变色人工晶状体的选择、植入、更换取出，以及无晶状体眼的框架眼镜、角膜接触镜和二期植入矫正。"
a4d0347e-6e83-476a-819d-fc31f789c78c,本书出版于2009年，是《眼科精粹系列》第二分册，面向眼科医师、白内障与屈光手术专业人员及相关临床学习者，定位于连接研究进展与临床实践的专题综述。内容分为白内障手术与屈光手术两大部分：前者涵盖表面麻醉和眼内麻醉、小切口及连续环形撕囊、超声乳化碎核、眼用粘弹剂、折叠式及可调节人工晶状体、后囊膜混浊预防，以及成熟白内障、葡萄膜炎并发白内障、儿童白内障和术后眼内炎的处理；后者涉及屈光手术发展趋势、LASIK、LASEK、PRK、屈光性角膜切开术、有晶状体眼人工晶状体植入、屈光性晶状体置换、波前引导手术、瞳孔测量与术后视觉质量。关键词包括超声乳化、人工晶状体材料与度数、角膜地形图、Orbscan、波前像差、Hartmann-Shack、点扩散函数、光传递函数、夜视力、散光矫正及手术并发症。,completed,beaff294-6be4-4958-92de-a6b1970ab816,"# Summary
本书出版于2009年，是《眼科精粹系列》第二分册，面向眼科医师、白内障与屈光手术专业人员及相关临床学习者，定位于连接研究进展与临床实践的专题综述。内容分为白内障手术与屈光手术两大部分：前者涵盖表面麻醉和眼内麻醉、小切口及连续环形撕囊、超声乳化碎核、眼用粘弹剂、折叠式及可调节人工晶状体、后囊膜混浊预防，以及成熟白内障、葡萄膜炎并发白内障、儿童白内障和术后眼内炎的处理；后者涉及屈光手术发展趋势、LASIK、LASEK、PRK、屈光性角膜切开术、有晶状体眼人工晶状体植入、屈光性晶状体置换、波前引导手术、瞳孔测量与术后视觉质量。关键词包括超声乳化、人工晶状体材料与度数、角膜地形图、Orbscan、波前像差、Hartmann-Shack、点扩散函数、光传递函数、夜视力、散光矫正及手术并发症。",3072,"# Summary
本书出版于2009年，是《眼科精粹系列》第二分册，面向眼科医师、白内障与屈光手术专业人员及相关临床学习者，定位于连接研究进展与临床实践的专题综述。内容分为白内障手术与屈光手术两大部分：前者涵盖表面麻醉和眼内麻醉、小切口及连续环形撕囊、超声乳化碎核、眼用粘弹剂、折叠式及可调节人工晶状体、后囊膜混浊预防，以及成熟白内障、葡萄膜炎并发白内障、儿童白内障和术后眼内炎的处理；后者涉及屈光手术发展趋势、LASIK、LASEK、PRK、屈光性角膜切开术、有晶状体眼人工晶状体植入、屈光性晶状体置换、波前引导手术、瞳孔测量与术后视觉质量。关键词包括超声乳化、人工晶状体材料与度数、角膜地形图、Orbscan、波前像差、Hartmann-Shack、点扩散函数、光传递函数、夜视力、散光矫正及手术并发症。"
f16ff445-6189-41ae-91c2-8f00173b1290,本书出版于2012年，是2015年出版的白内障手术专著，面向眼科临床医师、手术医师、进修医师、医学生及研究生，重点讲解超声乳化与飞秒激光辅助白内障手术的原理、设备、参数和规范操作。全书涵盖前房内及囊袋内超声乳化、核分块与劈核技术、微切口及双轴微切口手术、注吸与后囊抛光、液流学、泵系统、超声手柄和主流超声乳化仪；进一步介绍飞秒激光白内障手术的患者筛选、适应证与禁忌证、对接定位、图像引导校准、囊膜切开、晶状体核裂解、角膜切口、人工晶状体植入及复杂病例处理。书中还讨论光学相干断层扫描、角膜散光弧形切开、屈光预后、角膜内皮和黄斑影响，以及小瞳孔、虹膜后粘连、角膜混浊、圆锥角膜、后囊破裂、玻璃体脱出等疾病或并发症的手术策略，兼顾早期临床结果与技术安全性。,completed,60808939-328d-4008-8e53-fa35a56d4db2,"# Summary
本书出版于2012年，是2015年出版的白内障手术专著，面向眼科临床医师、手术医师、进修医师、医学生及研究生，重点讲解超声乳化与飞秒激光辅助白内障手术的原理、设备、参数和规范操作。全书涵盖前房内及囊袋内超声乳化、核分块与劈核技术、微切口及双轴微切口手术、注吸与后囊抛光、液流学、泵系统、超声手柄和主流超声乳化仪；进一步介绍飞秒激光白内障手术的患者筛选、适应证与禁忌证、对接定位、图像引导校准、囊膜切开、晶状体核裂解、角膜切口、人工晶状体植入及复杂病例处理。书中还讨论光学相干断层扫描、角膜散光弧形切开、屈光预后、角膜内皮和黄斑影响，以及小瞳孔、虹膜后粘连、角膜混浊、圆锥角膜、后囊破裂、玻璃体脱出等疾病或并发症的手术策略，兼顾早期临床结果与技术安全性。",3072,"# Summary
本书出版于2012年，是2015年出版的白内障手术专著，面向眼科临床医师、手术医师、进修医师、医学生及研究生，重点讲解超声乳化与飞秒激光辅助白内障手术的原理、设备、参数和规范操作。全书涵盖前房内及囊袋内超声乳化、核分块与劈核技术、微切口及双轴微切口手术、注吸与后囊抛光、液流学、泵系统、超声手柄和主流超声乳化仪；进一步介绍飞秒激光白内障手术的患者筛选、适应证与禁忌证、对接定位、图像引导校准、囊膜切开、晶状体核裂解、角膜切口、人工晶状体植入及复杂病例处理。书中还讨论光学相干断层扫描、角膜散光弧形切开、屈光预后、角膜内皮和黄斑影响，以及小瞳孔、虹膜后粘连、角膜混浊、圆锥角膜、后囊破裂、玻璃体脱出等疾病或并发症的手术策略，兼顾早期临床结果与技术安全性。"
199fe87c-a479-4026-974d-2a08bf74fe29,本书出版于2009年，是面向眼科医师、专业护士、进修医师和眼科研究生的白内障显微手术培训与临床参考图谱，共16章、近400幅彩色插图。内容涵盖白内障手术发展、显微镜与器械基础、术前病史及眼部和全身检查、裂隙灯与眼底检查、眼压和视功能测定、A/B型超声、IOL-Master、角膜曲率及内皮细胞检查，人工晶状体度数计算与选择和常用麻醉方法。重点讲解现代囊外白内障摘除、不缝合及小切口非超声乳化手术、超声乳化吸除、后房型和前房型人工晶状体植入，以及术中术后并发症处理。并系统介绍硬核、白色、晶状体脱位、小瞳孔、高度远视小眼球、玻璃体切割或抗青光眼术后等复杂病例，儿童白内障、白内障联合青光眼/玻璃体切割/角膜移植手术、二期人工晶状体植入、术后感染性眼内炎及眼内屈光矫正术，还涉及可调节、复合曲面人工晶状体和相关技术进展。,completed,a0e28fb6-a12d-4cd9-a08c-9d828bdcc8b8,"# Summary
本书出版于2009年，是面向眼科医师、专业护士、进修医师和眼科研究生的白内障显微手术培训与临床参考图谱，共16章、近400幅彩色插图。内容涵盖白内障手术发展、显微镜与器械基础、术前病史及眼部和全身检查、裂隙灯与眼底检查、眼压和视功能测定、A/B型超声、IOL-Master、角膜曲率及内皮细胞检查，人工晶状体度数计算与选择和常用麻醉方法。重点讲解现代囊外白内障摘除、不缝合及小切口非超声乳化手术、超声乳化吸除、后房型和前房型人工晶状体植入，以及术中术后并发症处理。并系统介绍硬核、白色、晶状体脱位、小瞳孔、高度远视小眼球、玻璃体切割或抗青光眼术后等复杂病例，儿童白内障、白内障联合青光眼/玻璃体切割/角膜移植手术、二期人工晶状体植入、术后感染性眼内炎及眼内屈光矫正术，还涉及可调节、复合曲面人工晶状体和相关技术进展。",3072,"# Summary
本书出版于2009年，是面向眼科医师、专业护士、进修医师和眼科研究生的白内障显微手术培训与临床参考图谱，共16章、近400幅彩色插图。内容涵盖白内障手术发展、显微镜与器械基础、术前病史及眼部和全身检查、裂隙灯与眼底检查、眼压和视功能测定、A/B型超声、IOL-Master、角膜曲率及内皮细胞检查，人工晶状体度数计算与选择和常用麻醉方法。重点讲解现代囊外白内障摘除、不缝合及小切口非超声乳化手术、超声乳化吸除、后房型和前房型人工晶状体植入，以及术中术后并发症处理。并系统介绍硬核、白色、晶状体脱位、小瞳孔、高度远视小眼球、玻璃体切割或抗青光眼术后等复杂病例，儿童白内障、白内障联合青光眼/玻璃体切割/角膜移植手术、二期人工晶状体植入、术后感染性眼内炎及眼内屈光矫正术，还涉及可调节、复合曲面人工晶状体和相关技术进展。"
de6f61d4-8d5b-413f-a698-87c9c8f2967f,2002年出版。本书定位为眼科医师及非眼科临床医师使用的眼部体征与全身疾病鉴别诊断图谱。全书分三部分：第一部分按眼睑、眼眶、泪腺、结膜、巩膜、角膜、虹膜、晶状体、青光眼、玻璃体、眼底血管及炎症、发育异常、眼内肿瘤、视神经病变和眼肌麻痹等眼部体征，反查相关全身病；第二部分按面部、口腔、颅骨、颈部、手、毛发、皮肤、关节、肺、心血管、消化、肾脏、生殖器和神经系统体征，归纳相应眼部病变；第三部分按疾病总结全身表现和眼部表现，涵盖糖尿病、高血压、甲状腺毒症、重症肌无力、霍纳综合征、颈动脉海绵体瘘、白塞病、系统性红斑狼疮、强直性脊柱炎、艾滋病、白血病、淋巴瘤、转移癌及多种遗传代谢综合征。重点线索包括上睑下垂、眼球突出、瞳孔及光反射、眼球运动、角膜、虹膜、晶状体、玻璃体、视盘、视网膜和眼底血管改变，配合大量图示和图标辅助快速鉴别。,completed,70385189-346c-4b0f-b8be-fc416cf50333,"# Summary
2002年出版。本书定位为眼科医师及非眼科临床医师使用的眼部体征与全身疾病鉴别诊断图谱。全书分三部分：第一部分按眼睑、眼眶、泪腺、结膜、巩膜、角膜、虹膜、晶状体、青光眼、玻璃体、眼底血管及炎症、发育异常、眼内肿瘤、视神经病变和眼肌麻痹等眼部体征，反查相关全身病；第二部分按面部、口腔、颅骨、颈部、手、毛发、皮肤、关节、肺、心血管、消化、肾脏、生殖器和神经系统体征，归纳相应眼部病变；第三部分按疾病总结全身表现和眼部表现，涵盖糖尿病、高血压、甲状腺毒症、重症肌无力、霍纳综合征、颈动脉海绵体瘘、白塞病、系统性红斑狼疮、强直性脊柱炎、艾滋病、白血病、淋巴瘤、转移癌及多种遗传代谢综合征。重点线索包括上睑下垂、眼球突出、瞳孔及光反射、眼球运动、角膜、虹膜、晶状体、玻璃体、视盘、视网膜和眼底血管改变，配合大量图示和图标辅助快速鉴别。",3072,"# Summary
2002年出版。本书定位为眼科医师及非眼科临床医师使用的眼部体征与全身疾病鉴别诊断图谱。全书分三部分：第一部分按眼睑、眼眶、泪腺、结膜、巩膜、角膜、虹膜、晶状体、青光眼、玻璃体、眼底血管及炎症、发育异常、眼内肿瘤、视神经病变和眼肌麻痹等眼部体征，反查相关全身病；第二部分按面部、口腔、颅骨、颈部、手、毛发、皮肤、关节、肺、心血管、消化、肾脏、生殖器和神经系统体征，归纳相应眼部病变；第三部分按疾病总结全身表现和眼部表现，涵盖糖尿病、高血压、甲状腺毒症、重症肌无力、霍纳综合征、颈动脉海绵体瘘、白塞病、系统性红斑狼疮、强直性脊柱炎、艾滋病、白血病、淋巴瘤、转移癌及多种遗传代谢综合征。重点线索包括上睑下垂、眼球突出、瞳孔及光反射、眼球运动、角膜、虹膜、晶状体、玻璃体、视盘、视网膜和眼底血管改变，配合大量图示和图标辅助快速鉴别。"
ac3dc215-5a2c-4934-bd9c-7db2032cae29,2020年出版，国内首部系统介绍眼内液检测临床应用的眼科学专著，适合眼科临床医生、葡萄膜炎专科医师及相关检验人员学习参考。全书围绕眼内液概论、房水与玻璃体液等标本类型、检测项目选择、前房穿刺与玻璃体取液、标本保存运输、细胞/DNA/宏基因组/RNA/抗原抗体/细胞因子检测及常用方法原理展开，并进一步讨论巨细胞病毒、疱疹病毒、结核、弓形虫、弓蛔虫、莱姆病相关葡萄膜炎，急性视网膜坏死、巨细胞病毒性视网膜炎、眼内炎、眼内淋巴瘤及其他疾病的诊断、鉴别、治疗和随诊。书中结合PCR、基因芯片、NGS、Goldmann-Witmer系数、细胞因子检测、OCT、荧光素眼底血管造影、B超及玻璃体切割术等技术，配有18例真实案例，突出病原学、免疫学检测与影像学结合推动眼科精准诊疗。,completed,aefc7726-e39d-4fd3-a06b-debc0d59f8df,"# Summary
2020年出版，国内首部系统介绍眼内液检测临床应用的眼科学专著，适合眼科临床医生、葡萄膜炎专科医师及相关检验人员学习参考。全书围绕眼内液概论、房水与玻璃体液等标本类型、检测项目选择、前房穿刺与玻璃体取液、标本保存运输、细胞/DNA/宏基因组/RNA/抗原抗体/细胞因子检测及常用方法原理展开，并进一步讨论巨细胞病毒、疱疹病毒、结核、弓形虫、弓蛔虫、莱姆病相关葡萄膜炎，急性视网膜坏死、巨细胞病毒性视网膜炎、眼内炎、眼内淋巴瘤及其他疾病的诊断、鉴别、治疗和随诊。书中结合PCR、基因芯片、NGS、Goldmann-Witmer系数、细胞因子检测、OCT、荧光素眼底血管造影、B超及玻璃体切割术等技术，配有18例真实案例，突出病原学、免疫学检测与影像学结合推动眼科精准诊疗。",3072,"# Summary
2020年出版，国内首部系统介绍眼内液检测临床应用的眼科学专著，适合眼科临床医生、葡萄膜炎专科医师及相关检验人员学习参考。全书围绕眼内液概论、房水与玻璃体液等标本类型、检测项目选择、前房穿刺与玻璃体取液、标本保存运输、细胞/DNA/宏基因组/RNA/抗原抗体/细胞因子检测及常用方法原理展开，并进一步讨论巨细胞病毒、疱疹病毒、结核、弓形虫、弓蛔虫、莱姆病相关葡萄膜炎，急性视网膜坏死、巨细胞病毒性视网膜炎、眼内炎、眼内淋巴瘤及其他疾病的诊断、鉴别、治疗和随诊。书中结合PCR、基因芯片、NGS、Goldmann-Witmer系数、细胞因子检测、OCT、荧光素眼底血管造影、B超及玻璃体切割术等技术，配有18例真实案例，突出病原学、免疫学检测与影像学结合推动眼科精准诊疗。"
08f8e4f9-ad13-43ae-a280-ce958a0eedf2,2007年军事医学出版，张卯年主编。本书是面向各级眼科临床医生、研究生和科研工作者的专业参考书，强调平战结合，系统总结眼创伤基础、检查诊断、临床救治及特殊军事伤害。全书四篇、26章：先讲眼部解剖生理、创伤病理生理与临床病理、创伤免疫、感染、分类急救及显微外科；继而介绍病史采集、流行病学、常规检查和影像学检查，包括X线、CT、MRI、超声、荧光及吲哚青绿血管造影、UBM、OCT、ERG、VEP等；临床各论涵盖眼睑、泪器、眼眶、视神经、眼球机械性损伤、眼内异物、化学伤、热烧伤、激光损伤、爆炸伤和枪弹伤，并讨论外伤性青光眼、低眼压、交感性眼炎、感染性眼内炎等并发症。书中还涉及整形修复、义眼台植入、玻璃体手术、视网膜切开、过氟化碳液及“防火道”技术，以及核爆炸、辐射、军事毒剂和应激性眼损伤。,completed,dfef3cb0-2236-4dff-9c89-ffa6a006ff20,"# Summary
2007年军事医学出版，张卯年主编。本书是面向各级眼科临床医生、研究生和科研工作者的专业参考书，强调平战结合，系统总结眼创伤基础、检查诊断、临床救治及特殊军事伤害。全书四篇、26章：先讲眼部解剖生理、创伤病理生理与临床病理、创伤免疫、感染、分类急救及显微外科；继而介绍病史采集、流行病学、常规检查和影像学检查，包括X线、CT、MRI、超声、荧光及吲哚青绿血管造影、UBM、OCT、ERG、VEP等；临床各论涵盖眼睑、泪器、眼眶、视神经、眼球机械性损伤、眼内异物、化学伤、热烧伤、激光损伤、爆炸伤和枪弹伤，并讨论外伤性青光眼、低眼压、交感性眼炎、感染性眼内炎等并发症。书中还涉及整形修复、义眼台植入、玻璃体手术、视网膜切开、过氟化碳液及“防火道”技术，以及核爆炸、辐射、军事毒剂和应激性眼损伤。",3072,"# Summary
2007年军事医学出版，张卯年主编。本书是面向各级眼科临床医生、研究生和科研工作者的专业参考书，强调平战结合，系统总结眼创伤基础、检查诊断、临床救治及特殊军事伤害。全书四篇、26章：先讲眼部解剖生理、创伤病理生理与临床病理、创伤免疫、感染、分类急救及显微外科；继而介绍病史采集、流行病学、常规检查和影像学检查，包括X线、CT、MRI、超声、荧光及吲哚青绿血管造影、UBM、OCT、ERG、VEP等；临床各论涵盖眼睑、泪器、眼眶、视神经、眼球机械性损伤、眼内异物、化学伤、热烧伤、激光损伤、爆炸伤和枪弹伤，并讨论外伤性青光眼、低眼压、交感性眼炎、感染性眼内炎等并发症。书中还涉及整形修复、义眼台植入、玻璃体手术、视网膜切开、过氟化碳液及“防火道”技术，以及核爆炸、辐射、军事毒剂和应激性眼损伤。"
20d4d1ad-2fc8-4310-9e55-3a883e706472,2011年出版。本书面向眼科医师，尤其是青光眼专科、初学者及基层医师，系统介绍前房角镜检查的理论、操作与临床判读。基础篇涵盖前房角镜的历史发展、全反射原理、Goldmann与Zeiss等镜型、前房角组织胚胎、解剖生理，以及Scheie、Shaffer、Spaeth房角分类和色素分级；重点讲解适应证、禁忌证、Van Herick法、裂隙灯及眼压检查、镜片置放、静态与动态检查、压陷鉴别接触性或粘连性闭角、记录、消毒和注意事项。临床篇结合大量彩色活体照片，展示正常房角、虹膜突、瞳孔残膜、虹膜缺损等先天变异，以及急慢性闭角型、原发性开角型、发育性和继发性青光眼的房角改变，并涉及葡萄膜炎、青光眼-睫状体炎综合征、虹膜角膜内皮综合征、白内障膨胀期、晶状体溶解性、糖皮质激素性和新生血管性青光眼。另详述抗青光眼术后、虹膜YAG激光周切、房角激光治疗、眼外伤性房角后退、房角出血、异物及马凡、Sturge-Weber等综合征的检查要点，并说明UBM与房角镜的互补作用。,completed,0a65464e-6192-4ed8-a7d1-608fbe5edde0,"# Summary
2011年出版。本书面向眼科医师，尤其是青光眼专科、初学者及基层医师，系统介绍前房角镜检查的理论、操作与临床判读。基础篇涵盖前房角镜的历史发展、全反射原理、Goldmann与Zeiss等镜型、前房角组织胚胎、解剖生理，以及Scheie、Shaffer、Spaeth房角分类和色素分级；重点讲解适应证、禁忌证、Van Herick法、裂隙灯及眼压检查、镜片置放、静态与动态检查、压陷鉴别接触性或粘连性闭角、记录、消毒和注意事项。临床篇结合大量彩色活体照片，展示正常房角、虹膜突、瞳孔残膜、虹膜缺损等先天变异，以及急慢性闭角型、原发性开角型、发育性和继发性青光眼的房角改变，并涉及葡萄膜炎、青光眼-睫状体炎综合征、虹膜角膜内皮综合征、白内障膨胀期、晶状体溶解性、糖皮质激素性和新生血管性青光眼。另详述抗青光眼术后、虹膜YAG激光周切、房角激光治疗、眼外伤性房角后退、房角出血、异物及马凡、Sturge-Weber等综合征的检查要点，并说明UBM与房角镜的互补作用。",3072,"# Summary
2011年出版。本书面向眼科医师，尤其是青光眼专科、初学者及基层医师，系统介绍前房角镜检查的理论、操作与临床判读。基础篇涵盖前房角镜的历史发展、全反射原理、Goldmann与Zeiss等镜型、前房角组织胚胎、解剖生理，以及Scheie、Shaffer、Spaeth房角分类和色素分级；重点讲解适应证、禁忌证、Van Herick法、裂隙灯及眼压检查、镜片置放、静态与动态检查、压陷鉴别接触性或粘连性闭角、记录、消毒和注意事项。临床篇结合大量彩色活体照片，展示正常房角、虹膜突、瞳孔残膜、虹膜缺损等先天变异，以及急慢性闭角型、原发性开角型、发育性和继发性青光眼的房角改变，并涉及葡萄膜炎、青光眼-睫状体炎综合征、虹膜角膜内皮综合征、白内障膨胀期、晶状体溶解性、糖皮质激素性和新生血管性青光眼。另详述抗青光眼术后、虹膜YAG激光周切、房角激光治疗、眼外伤性房角后退、房角出血、异物及马凡、Sturge-Weber等综合征的检查要点，并说明UBM与房角镜的互补作用。"
499dfc03-697d-44a7-9458-20397d5750ca,本书为2013年出版的《眼科新技术应用丛书》之一，面向眼科临床医生及从事眼前节影像、屈光手术和眼病研究的医务人员。全书先介绍OCT及眼前节OCT的基本原理、时域与傅里叶域技术、设备类型、优势局限、操作方法和应用范围，继而结合图像系统阐述其在眼表疾病中的应用，涵盖正常角膜与结膜、角膜疾病、接触镜佩戴、穿透性及成分角膜移植、干眼症、翼状胬肉和结膜松弛症等。随后讨论眼前节OCT在有晶状体眼人工晶体植入、LASEK、Epi-LASIK、LASIK及角膜基质环植入术中的术前评估、术后随访和并发症分析；并重点涉及青光眼房角结构、房角定量、Schlemm管及青光眼—白内障联合手术随访，白内障分级、透明角膜切口愈合、前房深度、房角宽度、晶状体厚度、IOL位置及并发症，以及眼前节新生物诊疗。关键词包括角膜厚度、前房深度、房角成像、泪河、角膜地形、OCT图像、白内障、青光眼、圆锥角膜、角膜营养不良、角膜移植、干眼、屈光手术、人工晶体和眼前节肿物。,completed,2e010843-dbb5-4352-bc78-fa443ef03193,"# Summary
本书为2013年出版的《眼科新技术应用丛书》之一，面向眼科临床医生及从事眼前节影像、屈光手术和眼病研究的医务人员。全书先介绍OCT及眼前节OCT的基本原理、时域与傅里叶域技术、设备类型、优势局限、操作方法和应用范围，继而结合图像系统阐述其在眼表疾病中的应用，涵盖正常角膜与结膜、角膜疾病、接触镜佩戴、穿透性及成分角膜移植、干眼症、翼状胬肉和结膜松弛症等。随后讨论眼前节OCT在有晶状体眼人工晶体植入、LASEK、Epi-LASIK、LASIK及角膜基质环植入术中的术前评估、术后随访和并发症分析；并重点涉及青光眼房角结构、房角定量、Schlemm管及青光眼—白内障联合手术随访，白内障分级、透明角膜切口愈合、前房深度、房角宽度、晶状体厚度、IOL位置及并发症，以及眼前节新生物诊疗。关键词包括角膜厚度、前房深度、房角成像、泪河、角膜地形、OCT图像、白内障、青光眼、圆锥角膜、角膜营养不良、角膜移植、干眼、屈光手术、人工晶体和眼前节肿物。",3072,"# Summary
本书为2013年出版的《眼科新技术应用丛书》之一，面向眼科临床医生及从事眼前节影像、屈光手术和眼病研究的医务人员。全书先介绍OCT及眼前节OCT的基本原理、时域与傅里叶域技术、设备类型、优势局限、操作方法和应用范围，继而结合图像系统阐述其在眼表疾病中的应用，涵盖正常角膜与结膜、角膜疾病、接触镜佩戴、穿透性及成分角膜移植、干眼症、翼状胬肉和结膜松弛症等。随后讨论眼前节OCT在有晶状体眼人工晶体植入、LASEK、Epi-LASIK、LASIK及角膜基质环植入术中的术前评估、术后随访和并发症分析；并重点涉及青光眼房角结构、房角定量、Schlemm管及青光眼—白内障联合手术随访，白内障分级、透明角膜切口愈合、前房深度、房角宽度、晶状体厚度、IOL位置及并发症，以及眼前节新生物诊疗。关键词包括角膜厚度、前房深度、房角成像、泪河、角膜地形、OCT图像、白内障、青光眼、圆锥角膜、角膜营养不良、角膜移植、干眼、屈光手术、人工晶体和眼前节肿物。"
9e747750-8807-4fff-b304-6ef29d18082a,赖盛辉、李志杰编著，2002年出版。本书为大型眼前节临床摄影图谱，收录211种病变，含中英文对照、彩色及黑白图片，并配有中英文索引，适合眼科医师、医学生、临床各科医生及科研人员用于临床教学、鉴别诊断和继续教育。全书按眼睑与附属器、结膜病、角膜与巩膜病、虹膜睫状体病及瞳孔异常、晶状体与白内障、青光眼、斜视、眼眶病与眼球突出、眼外伤、眼综合征展开，涵盖眼睑炎、麦粒肿、霰粒肿、睑内外翻、上睑下垂、翼状胬肉、沙眼、角膜溃疡、单纯疱疹及棘阿米巴角膜炎、圆锥角膜、巩膜炎、虹膜炎、白内障、闭角型和开角型青光眼、斜视、甲状腺相关突眼、眼外伤及Sturge-Weber、Marfan、Vogt-Koyanagi-Harada等综合征。涉及裂隙灯、荧光素染色、涂片染色、微生物培养，以及虹膜切除、激光、滤过术、睫状体透热术和白内障摘除等技术。,completed,51333bc3-7ba1-47f9-8118-dd0b8e2e74c6,"# Summary
赖盛辉、李志杰编著，2002年出版。本书为大型眼前节临床摄影图谱，收录211种病变，含中英文对照、彩色及黑白图片，并配有中英文索引，适合眼科医师、医学生、临床各科医生及科研人员用于临床教学、鉴别诊断和继续教育。全书按眼睑与附属器、结膜病、角膜与巩膜病、虹膜睫状体病及瞳孔异常、晶状体与白内障、青光眼、斜视、眼眶病与眼球突出、眼外伤、眼综合征展开，涵盖眼睑炎、麦粒肿、霰粒肿、睑内外翻、上睑下垂、翼状胬肉、沙眼、角膜溃疡、单纯疱疹及棘阿米巴角膜炎、圆锥角膜、巩膜炎、虹膜炎、白内障、闭角型和开角型青光眼、斜视、甲状腺相关突眼、眼外伤及Sturge-Weber、Marfan、Vogt-Koyanagi-Harada等综合征。涉及裂隙灯、荧光素染色、涂片染色、微生物培养，以及虹膜切除、激光、滤过术、睫状体透热术和白内障摘除等技术。",3072,"# Summary
赖盛辉、李志杰编著，2002年出版。本书为大型眼前节临床摄影图谱，收录211种病变，含中英文对照、彩色及黑白图片，并配有中英文索引，适合眼科医师、医学生、临床各科医生及科研人员用于临床教学、鉴别诊断和继续教育。全书按眼睑与附属器、结膜病、角膜与巩膜病、虹膜睫状体病及瞳孔异常、晶状体与白内障、青光眼、斜视、眼眶病与眼球突出、眼外伤、眼综合征展开，涵盖眼睑炎、麦粒肿、霰粒肿、睑内外翻、上睑下垂、翼状胬肉、沙眼、角膜溃疡、单纯疱疹及棘阿米巴角膜炎、圆锥角膜、巩膜炎、虹膜炎、白内障、闭角型和开角型青光眼、斜视、甲状腺相关突眼、眼外伤及Sturge-Weber、Marfan、Vogt-Koyanagi-Harada等综合征。涉及裂隙灯、荧光素染色、涂片染色、微生物培养，以及虹膜切除、激光、滤过术、睫状体透热术和白内障摘除等技术。"
0b3e12a5-fabd-40b1-9f71-e19a555970a5,本书出版于2010年，是面向各级眼科医师，并可供职业病防治人员、社区医师及法医参考的眼外伤临床专著。全书从BETT标准术语、开放性与闭合性损伤分类、OTS眼外伤评分、流行病学预防、医患沟通、康复、法医学及处理方案入手，继而讲述复合伤和化学伤急诊处理；按眼部解剖系统覆盖结膜、角膜、巩膜、前房、虹膜、睫状体、晶体、脉络膜、玻璃体、视网膜及眼内异物，并讨论青光眼、严重前后节联合伤、贯通伤、术后外伤、眼内炎、交感性眼炎和儿童眼外伤。另有非机械性损伤、光电损伤，以及眼睑泪器、眼眶、视神经视路和眼运动系统损伤。内容涉及视力、APD、眼底、超声、X线、CT、MRI、荧光血管造影、ERG、VEP等检查，涵盖清创缝合、眼内异物定位与取出、玻璃体切割、视网膜手术、角膜移植、眼球摘除，以及气液交换、重水、硅油、眼内激光和抗感染药物等技术。,completed,b6d2e80c-55f1-4fe2-bb5e-2b9731ba5f2c,"# Summary
本书出版于2010年，是面向各级眼科医师，并可供职业病防治人员、社区医师及法医参考的眼外伤临床专著。全书从BETT标准术语、开放性与闭合性损伤分类、OTS眼外伤评分、流行病学预防、医患沟通、康复、法医学及处理方案入手，继而讲述复合伤和化学伤急诊处理；按眼部解剖系统覆盖结膜、角膜、巩膜、前房、虹膜、睫状体、晶体、脉络膜、玻璃体、视网膜及眼内异物，并讨论青光眼、严重前后节联合伤、贯通伤、术后外伤、眼内炎、交感性眼炎和儿童眼外伤。另有非机械性损伤、光电损伤，以及眼睑泪器、眼眶、视神经视路和眼运动系统损伤。内容涉及视力、APD、眼底、超声、X线、CT、MRI、荧光血管造影、ERG、VEP等检查，涵盖清创缝合、眼内异物定位与取出、玻璃体切割、视网膜手术、角膜移植、眼球摘除，以及气液交换、重水、硅油、眼内激光和抗感染药物等技术。",3072,"# Summary
本书出版于2010年，是面向各级眼科医师，并可供职业病防治人员、社区医师及法医参考的眼外伤临床专著。全书从BETT标准术语、开放性与闭合性损伤分类、OTS眼外伤评分、流行病学预防、医患沟通、康复、法医学及处理方案入手，继而讲述复合伤和化学伤急诊处理；按眼部解剖系统覆盖结膜、角膜、巩膜、前房、虹膜、睫状体、晶体、脉络膜、玻璃体、视网膜及眼内异物，并讨论青光眼、严重前后节联合伤、贯通伤、术后外伤、眼内炎、交感性眼炎和儿童眼外伤。另有非机械性损伤、光电损伤，以及眼睑泪器、眼眶、视神经视路和眼运动系统损伤。内容涉及视力、APD、眼底、超声、X线、CT、MRI、荧光血管造影、ERG、VEP等检查，涵盖清创缝合、眼内异物定位与取出、玻璃体切割、视网膜手术、角膜移植、眼球摘除，以及气液交换、重水、硅油、眼内激光和抗感染药物等技术。"
afdf86b0-bdef-4c9c-bb48-1f6d47770ccb,韩梅主编，2007年出版。本书面向眼科临床医师，尤其适合眼外伤专业医师及医学研究生，系统总结外伤性前房角损伤的诊断与治疗。内容先介绍正常前房角解剖、房水排出通道、前房角镜接触镜及裂隙灯检查、静态与动态观察和UBM，再阐述损伤机制、前房角后退及外伤性低眼压。正文按病变类型综合讨论前房角后退、虹膜周边前粘连、小梁网色素沉着、虹膜根部断离、外伤后无虹膜、虹膜后卷、前房角异物、铁质和铜质沉着、虹膜囊肿、炎性渗出物、晶状体皮质沉积、膜状积血、新生血管、前房角肿瘤、硅油及复合性改变，结合大量前房角镜、裂隙灯、UBM和组织病理图像，说明临床表现、视功能与眼压影响、典型病例、手术适应证及操作，包括前房冲洗、抗青光眼手术、虹膜及睫状体切除、白内障摘除、人工晶状体植入和玻璃体切除等。,completed,5e6fcc45-d8bc-4134-a670-9dc8aa65c609,"# Summary
韩梅主编，2007年出版。本书面向眼科临床医师，尤其适合眼外伤专业医师及医学研究生，系统总结外伤性前房角损伤的诊断与治疗。内容先介绍正常前房角解剖、房水排出通道、前房角镜接触镜及裂隙灯检查、静态与动态观察和UBM，再阐述损伤机制、前房角后退及外伤性低眼压。正文按病变类型综合讨论前房角后退、虹膜周边前粘连、小梁网色素沉着、虹膜根部断离、外伤后无虹膜、虹膜后卷、前房角异物、铁质和铜质沉着、虹膜囊肿、炎性渗出物、晶状体皮质沉积、膜状积血、新生血管、前房角肿瘤、硅油及复合性改变，结合大量前房角镜、裂隙灯、UBM和组织病理图像，说明临床表现、视功能与眼压影响、典型病例、手术适应证及操作，包括前房冲洗、抗青光眼手术、虹膜及睫状体切除、白内障摘除、人工晶状体植入和玻璃体切除等。",3072,"# Summary
韩梅主编，2007年出版。本书面向眼科临床医师，尤其适合眼外伤专业医师及医学研究生，系统总结外伤性前房角损伤的诊断与治疗。内容先介绍正常前房角解剖、房水排出通道、前房角镜接触镜及裂隙灯检查、静态与动态观察和UBM，再阐述损伤机制、前房角后退及外伤性低眼压。正文按病变类型综合讨论前房角后退、虹膜周边前粘连、小梁网色素沉着、虹膜根部断离、外伤后无虹膜、虹膜后卷、前房角异物、铁质和铜质沉着、虹膜囊肿、炎性渗出物、晶状体皮质沉积、膜状积血、新生血管、前房角肿瘤、硅油及复合性改变，结合大量前房角镜、裂隙灯、UBM和组织病理图像，说明临床表现、视功能与眼压影响、典型病例、手术适应证及操作，包括前房冲洗、抗青光眼手术、虹膜及睫状体切除、白内障摘除、人工晶状体植入和玻璃体切除等。"
bc3a0d04-5c50-497d-ac72-1c2348efa86b,本书为杨景存主编、2003年出版的眼外肌病专著，适用于眼科医师、斜视与小儿眼科医师、研究生及相关临床教学人员。全书围绕眼外肌疾病的基础、诊断与治疗展开：先讲胚胎发育及先天性眼外肌异常，再系统介绍眼外肌大体与显微解剖、肌电和运动规律、眼位、集合、AC/A比率及双眼视觉；继而讨论隐斜视、共同性和非共同性斜视，以及眼球后退综合征、上斜肌腱鞘综合征、眼外肌粘连、固定性斜视、甲状腺相关眼病、爆裂性眼眶骨折、重症肌无力、眼肌麻痹等特殊类型。弱视部分涵盖分型分级、屈光和视功能检查、电生理、PET、遮盖及综合治疗；先天性眼球震颤部分涉及诊断标准、病因、分类、ENG检查、鉴别诊断、药物及手术治疗。末章重点介绍斜视术前检查、手术设计与量的计算、直肌和斜肌手术、特殊斜视矫正、显微手术、术后眼位异常及并发症处理。,completed,0f3de86f-e728-42ac-948a-bb9b416502df,"# Summary
本书为杨景存主编、2003年出版的眼外肌病专著，适用于眼科医师、斜视与小儿眼科医师、研究生及相关临床教学人员。全书围绕眼外肌疾病的基础、诊断与治疗展开：先讲胚胎发育及先天性眼外肌异常，再系统介绍眼外肌大体与显微解剖、肌电和运动规律、眼位、集合、AC/A比率及双眼视觉；继而讨论隐斜视、共同性和非共同性斜视，以及眼球后退综合征、上斜肌腱鞘综合征、眼外肌粘连、固定性斜视、甲状腺相关眼病、爆裂性眼眶骨折、重症肌无力、眼肌麻痹等特殊类型。弱视部分涵盖分型分级、屈光和视功能检查、电生理、PET、遮盖及综合治疗；先天性眼球震颤部分涉及诊断标准、病因、分类、ENG检查、鉴别诊断、药物及手术治疗。末章重点介绍斜视术前检查、手术设计与量的计算、直肌和斜肌手术、特殊斜视矫正、显微手术、术后眼位异常及并发症处理。",3072,"# Summary
本书为杨景存主编、2003年出版的眼外肌病专著，适用于眼科医师、斜视与小儿眼科医师、研究生及相关临床教学人员。全书围绕眼外肌疾病的基础、诊断与治疗展开：先讲胚胎发育及先天性眼外肌异常，再系统介绍眼外肌大体与显微解剖、肌电和运动规律、眼位、集合、AC/A比率及双眼视觉；继而讨论隐斜视、共同性和非共同性斜视，以及眼球后退综合征、上斜肌腱鞘综合征、眼外肌粘连、固定性斜视、甲状腺相关眼病、爆裂性眼眶骨折、重症肌无力、眼肌麻痹等特殊类型。弱视部分涵盖分型分级、屈光和视功能检查、电生理、PET、遮盖及综合治疗；先天性眼球震颤部分涉及诊断标准、病因、分类、ENG检查、鉴别诊断、药物及手术治疗。末章重点介绍斜视术前检查、手术设计与量的计算、直肌和斜肌手术、特殊斜视矫正、显微手术、术后眼位异常及并发症处理。"
664f15a6-620c-4e9a-a317-319f2401bee8,本书为黄厚斌、王敏编著，2017年出版，是面向眼科临床医师、眼科技师及眼底病影像学习者的OCT专著。全书以正常与异常影像形态及病理生理机制为主线，先讲低相干干涉、频域OCT、组织光学特性、反射性、阴影与穿透效应及阅片方法；继而系统解析黄斑、视盘、玻璃体视网膜交界面、视网膜血管等正常横断面结构；再介绍黄斑和视盘厚度、容积、RNFL、GCC/GCIPL、杯盘比等测量，以及地形图、3D重建、动画、en face扫描和OCT血管成像。异常部分围绕视网膜水肿、硬性渗出、棉绒斑、出血、视网膜劈裂、神经视网膜脱离、视网膜脱离、色素上皮脱离与撕裂、色素异常、玻璃体黄斑牵引、黄斑前膜、结构缺失变薄或增厚展开，并涉及青光眼、Leber遗传性视神经病变、缺血性视神经病变、脉络膜新生血管、玻璃膜疣等病例，强调以B扫描为基础进行诊断、评估和随访。,completed,6ee25fe3-5569-426a-8417-37228daa80bb,"# Summary
本书为黄厚斌、王敏编著，2017年出版，是面向眼科临床医师、眼科技师及眼底病影像学习者的OCT专著。全书以正常与异常影像形态及病理生理机制为主线，先讲低相干干涉、频域OCT、组织光学特性、反射性、阴影与穿透效应及阅片方法；继而系统解析黄斑、视盘、玻璃体视网膜交界面、视网膜血管等正常横断面结构；再介绍黄斑和视盘厚度、容积、RNFL、GCC/GCIPL、杯盘比等测量，以及地形图、3D重建、动画、en face扫描和OCT血管成像。异常部分围绕视网膜水肿、硬性渗出、棉绒斑、出血、视网膜劈裂、神经视网膜脱离、视网膜脱离、色素上皮脱离与撕裂、色素异常、玻璃体黄斑牵引、黄斑前膜、结构缺失变薄或增厚展开，并涉及青光眼、Leber遗传性视神经病变、缺血性视神经病变、脉络膜新生血管、玻璃膜疣等病例，强调以B扫描为基础进行诊断、评估和随访。",3072,"# Summary
本书为黄厚斌、王敏编著，2017年出版，是面向眼科临床医师、眼科技师及眼底病影像学习者的OCT专著。全书以正常与异常影像形态及病理生理机制为主线，先讲低相干干涉、频域OCT、组织光学特性、反射性、阴影与穿透效应及阅片方法；继而系统解析黄斑、视盘、玻璃体视网膜交界面、视网膜血管等正常横断面结构；再介绍黄斑和视盘厚度、容积、RNFL、GCC/GCIPL、杯盘比等测量，以及地形图、3D重建、动画、en face扫描和OCT血管成像。异常部分围绕视网膜水肿、硬性渗出、棉绒斑、出血、视网膜劈裂、神经视网膜脱离、视网膜脱离、色素上皮脱离与撕裂、色素异常、玻璃体黄斑牵引、黄斑前膜、结构缺失变薄或增厚展开，并涉及青光眼、Leber遗传性视神经病变、缺血性视神经病变、脉络膜新生血管、玻璃膜疣等病例，强调以B扫描为基础进行诊断、评估和随访。"
08c6ec01-4af0-43bf-bdc8-0a7646136a28,本书由王光璐主编，2012年出版，定位为眼科医师、眼底病专科医生及医学生学习和临床影像诊断的图谱型参考书。全书以上、下篇展开：上篇介绍荧光素眼底血管造影（FFA）、吲哚青绿血管造影（ICGA）、相干光断层成像（OCT）、视网膜厚度分析、激光扫描检眼镜、超声生物显微镜、B型超声、CT及MRI等检查原理、方法和临床应用；下篇围绕眼底影像表现，涵盖先天性异常、视网膜静脉及动脉疾病、糖尿病视网膜病变、高血压和动脉硬化、年龄相关性黄斑变性、黄斑疾病、遗传及变性类疾病、炎症与寄生虫病、视网膜及脉络膜脱离、视神经疾病、外伤、眼内肿瘤、中毒性及全身性疾病所致眼底改变。重点涉及IRVAN综合征、PCV、视网膜血管瘤样增生、早产儿视网膜病变、脉络膜新生血管、视网膜脱离和眼内肿瘤，并展示PDT、TTT及球内注射雷珠单抗等治疗相关影像。,completed,19259b77-9266-4521-8043-3261a4a108a3,"# Summary
本书由王光璐主编，2012年出版，定位为眼科医师、眼底病专科医生及医学生学习和临床影像诊断的图谱型参考书。全书以上、下篇展开：上篇介绍荧光素眼底血管造影（FFA）、吲哚青绿血管造影（ICGA）、相干光断层成像（OCT）、视网膜厚度分析、激光扫描检眼镜、超声生物显微镜、B型超声、CT及MRI等检查原理、方法和临床应用；下篇围绕眼底影像表现，涵盖先天性异常、视网膜静脉及动脉疾病、糖尿病视网膜病变、高血压和动脉硬化、年龄相关性黄斑变性、黄斑疾病、遗传及变性类疾病、炎症与寄生虫病、视网膜及脉络膜脱离、视神经疾病、外伤、眼内肿瘤、中毒性及全身性疾病所致眼底改变。重点涉及IRVAN综合征、PCV、视网膜血管瘤样增生、早产儿视网膜病变、脉络膜新生血管、视网膜脱离和眼内肿瘤，并展示PDT、TTT及球内注射雷珠单抗等治疗相关影像。",3072,"# Summary
本书由王光璐主编，2012年出版，定位为眼科医师、眼底病专科医生及医学生学习和临床影像诊断的图谱型参考书。全书以上、下篇展开：上篇介绍荧光素眼底血管造影（FFA）、吲哚青绿血管造影（ICGA）、相干光断层成像（OCT）、视网膜厚度分析、激光扫描检眼镜、超声生物显微镜、B型超声、CT及MRI等检查原理、方法和临床应用；下篇围绕眼底影像表现，涵盖先天性异常、视网膜静脉及动脉疾病、糖尿病视网膜病变、高血压和动脉硬化、年龄相关性黄斑变性、黄斑疾病、遗传及变性类疾病、炎症与寄生虫病、视网膜及脉络膜脱离、视神经疾病、外伤、眼内肿瘤、中毒性及全身性疾病所致眼底改变。重点涉及IRVAN综合征、PCV、视网膜血管瘤样增生、早产儿视网膜病变、脉络膜新生血管、视网膜脱离和眼内肿瘤，并展示PDT、TTT及球内注射雷珠单抗等治疗相关影像。"
be41a6e2-7aaf-4799-a3f3-54199c70331e,本书为张惠蓉主编、2012年出版的眼科激光治疗图谱，面向眼底病激光治疗临床医师，也可用于临床教学。全书12章，系统讲解视网膜、脉络膜组织结构与血供、传统及微脉冲等激光类型、生物学效应、适应证禁忌证、术前准备、光斑参数、治疗操作、术后随访和疗效判断。正文重点涵盖视网膜静脉阻塞、糖尿病视网膜病变、Eales病及其他视网膜血管炎、视网膜大动脉瘤、Coats病、家族渗出性玻璃体视网膜病变、早产儿视网膜病变、中心性浆液性脉络膜视网膜病变、黄斑区脉络膜新生血管、老年黄斑变性、息肉样脉络膜血管病变、视网膜周边变性与裂孔，以及视网膜海绵状血管瘤、Von Hippel病、脉络膜血管瘤、脉络膜骨瘤和黑色素瘤。书中结合彩色眼底照相、荧光素血管造影、吲哚青绿造影、OCT、视野及电生理检查，展示黄斑水肿、新生血管、视网膜脱离等病变的治疗前后影像，并讨论全视网膜光凝并发症及光动力治疗原理、适应证、Verteporfin参数、疗效和并发症。,completed,117aff4c-6079-4c5d-8cad-6ea697fd74fd,"# Summary
本书为张惠蓉主编、2012年出版的眼科激光治疗图谱，面向眼底病激光治疗临床医师，也可用于临床教学。全书12章，系统讲解视网膜、脉络膜组织结构与血供、传统及微脉冲等激光类型、生物学效应、适应证禁忌证、术前准备、光斑参数、治疗操作、术后随访和疗效判断。正文重点涵盖视网膜静脉阻塞、糖尿病视网膜病变、Eales病及其他视网膜血管炎、视网膜大动脉瘤、Coats病、家族渗出性玻璃体视网膜病变、早产儿视网膜病变、中心性浆液性脉络膜视网膜病变、黄斑区脉络膜新生血管、老年黄斑变性、息肉样脉络膜血管病变、视网膜周边变性与裂孔，以及视网膜海绵状血管瘤、Von Hippel病、脉络膜血管瘤、脉络膜骨瘤和黑色素瘤。书中结合彩色眼底照相、荧光素血管造影、吲哚青绿造影、OCT、视野及电生理检查，展示黄斑水肿、新生血管、视网膜脱离等病变的治疗前后影像，并讨论全视网膜光凝并发症及光动力治疗原理、适应证、Verteporfin参数、疗效和并发症。",3072,"# Summary
本书为张惠蓉主编、2012年出版的眼科激光治疗图谱，面向眼底病激光治疗临床医师，也可用于临床教学。全书12章，系统讲解视网膜、脉络膜组织结构与血供、传统及微脉冲等激光类型、生物学效应、适应证禁忌证、术前准备、光斑参数、治疗操作、术后随访和疗效判断。正文重点涵盖视网膜静脉阻塞、糖尿病视网膜病变、Eales病及其他视网膜血管炎、视网膜大动脉瘤、Coats病、家族渗出性玻璃体视网膜病变、早产儿视网膜病变、中心性浆液性脉络膜视网膜病变、黄斑区脉络膜新生血管、老年黄斑变性、息肉样脉络膜血管病变、视网膜周边变性与裂孔，以及视网膜海绵状血管瘤、Von Hippel病、脉络膜血管瘤、脉络膜骨瘤和黑色素瘤。书中结合彩色眼底照相、荧光素血管造影、吲哚青绿造影、OCT、视野及电生理检查，展示黄斑水肿、新生血管、视网膜脱离等病变的治疗前后影像，并讨论全视网膜光凝并发症及光动力治疗原理、适应证、Verteporfin参数、疗效和并发症。"
2f6d9cf1-d4b6-4f5e-bd7e-358d184e98dd,本书为黎晓新、廖菊生编著、2009年出版的眼底病激光治疗临床指南，面向眼科医师，尤其适合需要掌握眼底激光技术的年轻同道。全书先介绍多波长激光的类型、发展、组织生物学反应及波长选择，讲解光斑大小、曝光时间、功率、反应分级、接触镜放大和眼底标识测量，并系统阐述全视网膜播散光凝、病变区播散光凝、黄斑水肿局部及格栅光凝、视网膜裂孔封闭、TTT、光动力疗法和玻璃体手术中的光凝。后半部围绕中心性浆液性脉络膜视网膜病变、视网膜毛细血管扩张症、糖尿病黄斑水肿及增殖性视网膜病变、视网膜中央和分支静脉阻塞、血管炎及低灌注性无灌注区、视网膜大动脉瘤、视网膜及脉络膜血管瘤、脉络膜黑色素瘤、视网膜裂孔、中心凹脉络膜新生血管膜等，结合眼底检查、荧光素眼底血管造影（FFA）、OCT等影像，说明适应证、操作方法、参数选择、再治疗及并发症。,completed,26510467-e2dd-4dec-8cc2-b30c605a37aa,"# Summary
本书为黎晓新、廖菊生编著、2009年出版的眼底病激光治疗临床指南，面向眼科医师，尤其适合需要掌握眼底激光技术的年轻同道。全书先介绍多波长激光的类型、发展、组织生物学反应及波长选择，讲解光斑大小、曝光时间、功率、反应分级、接触镜放大和眼底标识测量，并系统阐述全视网膜播散光凝、病变区播散光凝、黄斑水肿局部及格栅光凝、视网膜裂孔封闭、TTT、光动力疗法和玻璃体手术中的光凝。后半部围绕中心性浆液性脉络膜视网膜病变、视网膜毛细血管扩张症、糖尿病黄斑水肿及增殖性视网膜病变、视网膜中央和分支静脉阻塞、血管炎及低灌注性无灌注区、视网膜大动脉瘤、视网膜及脉络膜血管瘤、脉络膜黑色素瘤、视网膜裂孔、中心凹脉络膜新生血管膜等，结合眼底检查、荧光素眼底血管造影（FFA）、OCT等影像，说明适应证、操作方法、参数选择、再治疗及并发症。",3072,"# Summary
本书为黎晓新、廖菊生编著、2009年出版的眼底病激光治疗临床指南，面向眼科医师，尤其适合需要掌握眼底激光技术的年轻同道。全书先介绍多波长激光的类型、发展、组织生物学反应及波长选择，讲解光斑大小、曝光时间、功率、反应分级、接触镜放大和眼底标识测量，并系统阐述全视网膜播散光凝、病变区播散光凝、黄斑水肿局部及格栅光凝、视网膜裂孔封闭、TTT、光动力疗法和玻璃体手术中的光凝。后半部围绕中心性浆液性脉络膜视网膜病变、视网膜毛细血管扩张症、糖尿病黄斑水肿及增殖性视网膜病变、视网膜中央和分支静脉阻塞、血管炎及低灌注性无灌注区、视网膜大动脉瘤、视网膜及脉络膜血管瘤、脉络膜黑色素瘤、视网膜裂孔、中心凹脉络膜新生血管膜等，结合眼底检查、荧光素眼底血管造影（FFA）、OCT等影像，说明适应证、操作方法、参数选择、再治疗及并发症。"
0abdab40-e6d3-4298-9f60-0c0059930a76,本书为黄叔仁、张晓峰主编，2016年出版的眼底病临床专著，定位于眼科医师、眼底病专科医师及相关医学生，强调临床实用，围绕诊断与治疗展开，并融入有确切疗效的中药经验。全书从正常眼底解剖、生理及常见病变体征入手，系统介绍先天异常、视神经疾病、视网膜与脉络膜血管病、脉络膜视网膜炎症、眼底变性、视网膜与脉络膜脱离、全身疾病眼底表现、眼底肿瘤，以及外伤和中毒性眼底损害。重点涉及视网膜动静脉阻塞、糖尿病视网膜病变、高血压眼底改变、年龄相关性黄斑变性、息肉状脉络膜血管病变、视网膜色素变性、视网膜脱离、葡萄膜炎、视网膜母细胞瘤和脉络膜黑色素瘤等。检查与影像涵盖视力、视野、色觉、视觉电生理、检眼镜、裂隙灯、眼底照相、FFA、ICGA、红外摄像、自发荧光、超声、CT、MRI及频域OCT、EDI-OCT、OCT血管成像；治疗关键词包括激光光凝、光动力治疗、经瞳孔温热疗法、抗VEGF玻璃体腔注射及玻璃体视网膜显微手术。,completed,29878ddb-5616-4d91-9b20-0935ee7847a9,"# Summary
本书为黄叔仁、张晓峰主编，2016年出版的眼底病临床专著，定位于眼科医师、眼底病专科医师及相关医学生，强调临床实用，围绕诊断与治疗展开，并融入有确切疗效的中药经验。全书从正常眼底解剖、生理及常见病变体征入手，系统介绍先天异常、视神经疾病、视网膜与脉络膜血管病、脉络膜视网膜炎症、眼底变性、视网膜与脉络膜脱离、全身疾病眼底表现、眼底肿瘤，以及外伤和中毒性眼底损害。重点涉及视网膜动静脉阻塞、糖尿病视网膜病变、高血压眼底改变、年龄相关性黄斑变性、息肉状脉络膜血管病变、视网膜色素变性、视网膜脱离、葡萄膜炎、视网膜母细胞瘤和脉络膜黑色素瘤等。检查与影像涵盖视力、视野、色觉、视觉电生理、检眼镜、裂隙灯、眼底照相、FFA、ICGA、红外摄像、自发荧光、超声、CT、MRI及频域OCT、EDI-OCT、OCT血管成像；治疗关键词包括激光光凝、光动力治疗、经瞳孔温热疗法、抗VEGF玻璃体腔注射及玻璃体视网膜显微手术。",3072,"# Summary
本书为黄叔仁、张晓峰主编，2016年出版的眼底病临床专著，定位于眼科医师、眼底病专科医师及相关医学生，强调临床实用，围绕诊断与治疗展开，并融入有确切疗效的中药经验。全书从正常眼底解剖、生理及常见病变体征入手，系统介绍先天异常、视神经疾病、视网膜与脉络膜血管病、脉络膜视网膜炎症、眼底变性、视网膜与脉络膜脱离、全身疾病眼底表现、眼底肿瘤，以及外伤和中毒性眼底损害。重点涉及视网膜动静脉阻塞、糖尿病视网膜病变、高血压眼底改变、年龄相关性黄斑变性、息肉状脉络膜血管病变、视网膜色素变性、视网膜脱离、葡萄膜炎、视网膜母细胞瘤和脉络膜黑色素瘤等。检查与影像涵盖视力、视野、色觉、视觉电生理、检眼镜、裂隙灯、眼底照相、FFA、ICGA、红外摄像、自发荧光、超声、CT、MRI及频域OCT、EDI-OCT、OCT血管成像；治疗关键词包括激光光凝、光动力治疗、经瞳孔温热疗法、抗VEGF玻璃体腔注射及玻璃体视网膜显微手术。"
4da7ae0f-2b5d-4733-9ce3-36f18df6dffd,本书由魏文斌、陈积中主编，2012年出版，定位于眼底病临床鉴别诊断与误诊防范，适合基层及各级医院眼科医师、眼底病学医师和相关专业教学科研人员。全书分总论与各论：总论涵盖医学认识论、疾病诊断思维、眼底解剖胚胎、生理生化、正常眼底、常见症状与体征及相关检查；各论系统讨论先天异常、玻璃体病、视神经病、视网膜与脉络膜血管病、变性与营养障碍、脉络膜视网膜炎症、视网膜及脉络膜脱离、眼底肿瘤、全身疾病和中毒所致眼底改变、外伤性眼底改变，以及疑难眼底病误诊思辨和相关综合征。重点涉及视网膜动静脉阻塞、糖尿病视网膜病变、年龄相关性黄斑变性、视网膜色素变性、葡萄膜炎、视网膜脱离、白瞳症、眼内淋巴瘤等，并结合检眼镜、眼底照相、荧光素和吲哚青绿血管造影、OCT、超声、CT、MRI等影像检查，以及激光、药物和玻璃体视网膜手术等诊疗技术，收录大量误诊误治病例与约1000幅图片。,completed,a6c1e838-3183-4286-9a34-0d4ecd7bc326,"# Summary
本书由魏文斌、陈积中主编，2012年出版，定位于眼底病临床鉴别诊断与误诊防范，适合基层及各级医院眼科医师、眼底病学医师和相关专业教学科研人员。全书分总论与各论：总论涵盖医学认识论、疾病诊断思维、眼底解剖胚胎、生理生化、正常眼底、常见症状与体征及相关检查；各论系统讨论先天异常、玻璃体病、视神经病、视网膜与脉络膜血管病、变性与营养障碍、脉络膜视网膜炎症、视网膜及脉络膜脱离、眼底肿瘤、全身疾病和中毒所致眼底改变、外伤性眼底改变，以及疑难眼底病误诊思辨和相关综合征。重点涉及视网膜动静脉阻塞、糖尿病视网膜病变、年龄相关性黄斑变性、视网膜色素变性、葡萄膜炎、视网膜脱离、白瞳症、眼内淋巴瘤等，并结合检眼镜、眼底照相、荧光素和吲哚青绿血管造影、OCT、超声、CT、MRI等影像检查，以及激光、药物和玻璃体视网膜手术等诊疗技术，收录大量误诊误治病例与约1000幅图片。",3072,"# Summary
本书由魏文斌、陈积中主编，2012年出版，定位于眼底病临床鉴别诊断与误诊防范，适合基层及各级医院眼科医师、眼底病学医师和相关专业教学科研人员。全书分总论与各论：总论涵盖医学认识论、疾病诊断思维、眼底解剖胚胎、生理生化、正常眼底、常见症状与体征及相关检查；各论系统讨论先天异常、玻璃体病、视神经病、视网膜与脉络膜血管病、变性与营养障碍、脉络膜视网膜炎症、视网膜及脉络膜脱离、眼底肿瘤、全身疾病和中毒所致眼底改变、外伤性眼底改变，以及疑难眼底病误诊思辨和相关综合征。重点涉及视网膜动静脉阻塞、糖尿病视网膜病变、年龄相关性黄斑变性、视网膜色素变性、葡萄膜炎、视网膜脱离、白瞳症、眼内淋巴瘤等，并结合检眼镜、眼底照相、荧光素和吲哚青绿血管造影、OCT、超声、CT、MRI等影像检查，以及激光、药物和玻璃体视网膜手术等诊疗技术，收录大量误诊误治病例与约1000幅图片。"
0693625e-b460-4d60-bd01-c77b45a6aa03,本书出版于2014年，是眼科医师，尤其是眼底病初学者及中高级临床医师使用的眼底影像与临床决策指南，旨在连接血管造影判读、疾病机制、治疗依据和随访。全书先介绍荧光素眼底血管造影、吲哚青绿血管造影、眼底自发荧光、立体血管造影及眼底成像方法比较，涵盖染料、设备、操作流程、图像判读、禁忌证和不良反应，并比较眼底照相、红外反射、广角成像、OCT、视网膜厚度分析、激光扫描检眼镜、超声及视网膜血管分析等技术。随后围绕年龄相关性黄斑变性及脉络膜新生血管、遗传性和中毒性视网膜病变、眼内肿瘤、糖尿病视网膜病变、其他视网膜血管疾病、黄斑及中央视网膜疾病、炎性和自身免疫性疾病、视神经乳头疾病，系统展示典型造影表现、发病机制、鉴别要点及治疗启示，涉及糖尿病黄斑水肿、视网膜静脉阻塞、色素上皮脱离、黄斑水肿、中心性浆液性脉络膜视网膜病变、视网膜色素变性、视网膜母细胞瘤等。,completed,1f0d4edf-f367-4609-b190-f7f07e32a4d6,"# Summary
本书出版于2014年，是眼科医师，尤其是眼底病初学者及中高级临床医师使用的眼底影像与临床决策指南，旨在连接血管造影判读、疾病机制、治疗依据和随访。全书先介绍荧光素眼底血管造影、吲哚青绿血管造影、眼底自发荧光、立体血管造影及眼底成像方法比较，涵盖染料、设备、操作流程、图像判读、禁忌证和不良反应，并比较眼底照相、红外反射、广角成像、OCT、视网膜厚度分析、激光扫描检眼镜、超声及视网膜血管分析等技术。随后围绕年龄相关性黄斑变性及脉络膜新生血管、遗传性和中毒性视网膜病变、眼内肿瘤、糖尿病视网膜病变、其他视网膜血管疾病、黄斑及中央视网膜疾病、炎性和自身免疫性疾病、视神经乳头疾病，系统展示典型造影表现、发病机制、鉴别要点及治疗启示，涉及糖尿病黄斑水肿、视网膜静脉阻塞、色素上皮脱离、黄斑水肿、中心性浆液性脉络膜视网膜病变、视网膜色素变性、视网膜母细胞瘤等。",3072,"# Summary
本书出版于2014年，是眼科医师，尤其是眼底病初学者及中高级临床医师使用的眼底影像与临床决策指南，旨在连接血管造影判读、疾病机制、治疗依据和随访。全书先介绍荧光素眼底血管造影、吲哚青绿血管造影、眼底自发荧光、立体血管造影及眼底成像方法比较，涵盖染料、设备、操作流程、图像判读、禁忌证和不良反应，并比较眼底照相、红外反射、广角成像、OCT、视网膜厚度分析、激光扫描检眼镜、超声及视网膜血管分析等技术。随后围绕年龄相关性黄斑变性及脉络膜新生血管、遗传性和中毒性视网膜病变、眼内肿瘤、糖尿病视网膜病变、其他视网膜血管疾病、黄斑及中央视网膜疾病、炎性和自身免疫性疾病、视神经乳头疾病，系统展示典型造影表现、发病机制、鉴别要点及治疗启示，涉及糖尿病黄斑水肿、视网膜静脉阻塞、色素上皮脱离、黄斑水肿、中心性浆液性脉络膜视网膜病变、视网膜色素变性、视网膜母细胞瘤等。"
2872ed0d-d2f1-4eba-a6ea-d958f8fd17d6,2006年军事医学出版。本书是面向影像科、眼科临床医师及手术医师的眼眶疾病MRI诊断与教学图谱，收录1300余幅图像，资料均经病理证实，并提供术前诊断参考。全书先讲述眼眶骨骼、软组织及正常MRI解剖，继而围绕眼肌、血管、神经末梢、视神经及视神经鞘、泪腺、眼眶炎症、囊性病变、眼球壁和其他肿瘤展开，涵盖甲状腺相关性眼病、眼肌炎、横纹肌肉瘤、海绵状血管瘤、淋巴管瘤、动静脉畸形与瘘、神经鞘瘤、神经纤维瘤、视神经胶质瘤、脑膜瘤、泪腺良恶性肿瘤、寄生虫炎症、炎性假瘤、皮样及表皮样囊肿、角膜炎、脉络膜黑色素瘤、视网膜母细胞瘤、眼睑恶性肿瘤、上颌窦癌及眶内转移瘤等。内容结合病例、临床表现、病理改变、影像表现、影像诊断与病理诊断，重点涉及T1WI、T2WI、STIR、脂肪抑制、Gd-DTPA增强及多方位扫描。,completed,bbdb1f58-9bd8-4029-a943-51f827f6cfb7,"# Summary
2006年军事医学出版。本书是面向影像科、眼科临床医师及手术医师的眼眶疾病MRI诊断与教学图谱，收录1300余幅图像，资料均经病理证实，并提供术前诊断参考。全书先讲述眼眶骨骼、软组织及正常MRI解剖，继而围绕眼肌、血管、神经末梢、视神经及视神经鞘、泪腺、眼眶炎症、囊性病变、眼球壁和其他肿瘤展开，涵盖甲状腺相关性眼病、眼肌炎、横纹肌肉瘤、海绵状血管瘤、淋巴管瘤、动静脉畸形与瘘、神经鞘瘤、神经纤维瘤、视神经胶质瘤、脑膜瘤、泪腺良恶性肿瘤、寄生虫炎症、炎性假瘤、皮样及表皮样囊肿、角膜炎、脉络膜黑色素瘤、视网膜母细胞瘤、眼睑恶性肿瘤、上颌窦癌及眶内转移瘤等。内容结合病例、临床表现、病理改变、影像表现、影像诊断与病理诊断，重点涉及T1WI、T2WI、STIR、脂肪抑制、Gd-DTPA增强及多方位扫描。",3072,"# Summary
2006年军事医学出版。本书是面向影像科、眼科临床医师及手术医师的眼眶疾病MRI诊断与教学图谱，收录1300余幅图像，资料均经病理证实，并提供术前诊断参考。全书先讲述眼眶骨骼、软组织及正常MRI解剖，继而围绕眼肌、血管、神经末梢、视神经及视神经鞘、泪腺、眼眶炎症、囊性病变、眼球壁和其他肿瘤展开，涵盖甲状腺相关性眼病、眼肌炎、横纹肌肉瘤、海绵状血管瘤、淋巴管瘤、动静脉畸形与瘘、神经鞘瘤、神经纤维瘤、视神经胶质瘤、脑膜瘤、泪腺良恶性肿瘤、寄生虫炎症、炎性假瘤、皮样及表皮样囊肿、角膜炎、脉络膜黑色素瘤、视网膜母细胞瘤、眼睑恶性肿瘤、上颌窦癌及眶内转移瘤等。内容结合病例、临床表现、病理改变、影像表现、影像诊断与病理诊断，重点涉及T1WI、T2WI、STIR、脂肪抑制、Gd-DTPA增强及多方位扫描。"
47cbdcfb-8c88-434d-a47a-9450eb04476b,本书出版于2015年，是面向各级眼科医师的眼科影像学入门学习资料，也适合放射科、耳鼻咽喉科、神经外科医师及研究生、进修生参考。全书以眼部解剖结构和临床典型病例为主线，先介绍CT、MRI成像原理、影像比较、CT值、窗宽窗位、检查申请及MRI信号特征，再讲解正常眼部结构影像，继而涵盖眶骨病变、眼外肌与眶脂肪、泪腺和泪道、眼眶囊肿气肿血肿、神经及血管源性肿瘤、眼睑和眼球、视神经及眶尖病变。重点关键词包括眶壁及爆裂性骨折、三维重建CT、骨纤维异常增生症、甲状腺相关眼病、眼眶减压术、炎性假瘤、蜂窝织炎、泪腺肿瘤、MALT淋巴瘤、皮样囊肿、海绵状血管瘤、视网膜母细胞瘤、视神经炎、胶质瘤、鞘脑膜瘤、眶尖综合征及颈动脉海绵窦瘘，突出CT/MRI读片规律、鉴别诊断和手术方案制定。,completed,8fb221a4-fec9-44ce-ac75-1b4713066e33,"# Summary
本书出版于2015年，是面向各级眼科医师的眼科影像学入门学习资料，也适合放射科、耳鼻咽喉科、神经外科医师及研究生、进修生参考。全书以眼部解剖结构和临床典型病例为主线，先介绍CT、MRI成像原理、影像比较、CT值、窗宽窗位、检查申请及MRI信号特征，再讲解正常眼部结构影像，继而涵盖眶骨病变、眼外肌与眶脂肪、泪腺和泪道、眼眶囊肿气肿血肿、神经及血管源性肿瘤、眼睑和眼球、视神经及眶尖病变。重点关键词包括眶壁及爆裂性骨折、三维重建CT、骨纤维异常增生症、甲状腺相关眼病、眼眶减压术、炎性假瘤、蜂窝织炎、泪腺肿瘤、MALT淋巴瘤、皮样囊肿、海绵状血管瘤、视网膜母细胞瘤、视神经炎、胶质瘤、鞘脑膜瘤、眶尖综合征及颈动脉海绵窦瘘，突出CT/MRI读片规律、鉴别诊断和手术方案制定。",3072,"# Summary
本书出版于2015年，是面向各级眼科医师的眼科影像学入门学习资料，也适合放射科、耳鼻咽喉科、神经外科医师及研究生、进修生参考。全书以眼部解剖结构和临床典型病例为主线，先介绍CT、MRI成像原理、影像比较、CT值、窗宽窗位、检查申请及MRI信号特征，再讲解正常眼部结构影像，继而涵盖眶骨病变、眼外肌与眶脂肪、泪腺和泪道、眼眶囊肿气肿血肿、神经及血管源性肿瘤、眼睑和眼球、视神经及眶尖病变。重点关键词包括眶壁及爆裂性骨折、三维重建CT、骨纤维异常增生症、甲状腺相关眼病、眼眶减压术、炎性假瘤、蜂窝织炎、泪腺肿瘤、MALT淋巴瘤、皮样囊肿、海绵状血管瘤、视网膜母细胞瘤、视神经炎、胶质瘤、鞘脑膜瘤、眶尖综合征及颈动脉海绵窦瘘，突出CT/MRI读片规律、鉴别诊断和手术方案制定。"
deccec2d-25df-47c9-8e8b-4f2a5b7cf3c2,本书为刘祖国、颜建华主编，2009年出版，定位于临床眼科医生、研究生和教师的实用参考书。全书以应用解剖为主线，涵盖眼胚胎发育及基因调控、眼球壁与眼内腔和房水/晶状体/玻璃体、眼睑泪器结膜及眼外肌、眼表结构与泪膜功能、骨性眼眶及眶内间隙、眼部动静脉循环、视神经视路与自主神经反射，以及眼部同中枢神经系统、鼻窦和口腔的毗邻关系。内容结合大体、组织和影像解剖，涉及先天性无眼、小眼球、眼部缺损、先天性白内障和青光眼、上睑下垂、睑裂狭窄、双行睫、泪点及鼻泪管闭锁、干眼、斜视、眼眶肿瘤等疾病，并介绍眼底造影、眼部CT、组织学图像、断面测量，以及眼外肌手术、上睑提肌缩短术、额肌提吊术、泪道探通、病变切除和冷冻等治疗技术的解剖依据。,completed,f52ecc15-98a6-4833-94d8-7c425f025d96,"# Summary
本书为刘祖国、颜建华主编，2009年出版，定位于临床眼科医生、研究生和教师的实用参考书。全书以应用解剖为主线，涵盖眼胚胎发育及基因调控、眼球壁与眼内腔和房水/晶状体/玻璃体、眼睑泪器结膜及眼外肌、眼表结构与泪膜功能、骨性眼眶及眶内间隙、眼部动静脉循环、视神经视路与自主神经反射，以及眼部同中枢神经系统、鼻窦和口腔的毗邻关系。内容结合大体、组织和影像解剖，涉及先天性无眼、小眼球、眼部缺损、先天性白内障和青光眼、上睑下垂、睑裂狭窄、双行睫、泪点及鼻泪管闭锁、干眼、斜视、眼眶肿瘤等疾病，并介绍眼底造影、眼部CT、组织学图像、断面测量，以及眼外肌手术、上睑提肌缩短术、额肌提吊术、泪道探通、病变切除和冷冻等治疗技术的解剖依据。",3072,"# Summary
本书为刘祖国、颜建华主编，2009年出版，定位于临床眼科医生、研究生和教师的实用参考书。全书以应用解剖为主线，涵盖眼胚胎发育及基因调控、眼球壁与眼内腔和房水/晶状体/玻璃体、眼睑泪器结膜及眼外肌、眼表结构与泪膜功能、骨性眼眶及眶内间隙、眼部动静脉循环、视神经视路与自主神经反射，以及眼部同中枢神经系统、鼻窦和口腔的毗邻关系。内容结合大体、组织和影像解剖，涉及先天性无眼、小眼球、眼部缺损、先天性白内障和青光眼、上睑下垂、睑裂狭窄、双行睫、泪点及鼻泪管闭锁、干眼、斜视、眼眶肿瘤等疾病，并介绍眼底造影、眼部CT、组织学图像、断面测量，以及眼外肌手术、上睑提肌缩短术、额肌提吊术、泪道探通、病变切除和冷冻等治疗技术的解剖依据。"
65f9a4e8-efce-42d0-b723-f2f06b7ac37c,本书出版于2017年。本书出版于2018年，依据《专科医生培养标准——眼科细则》编写，定位为眼科住院医师规范化培训、临床基本技能训练及自学参考手册。全书以SOP形式系统覆盖眼科常规检查、专科检查、治疗操作和手术技术：包括视力、眼压、眼睑与泪器、眼球运动、裂隙灯、房角镜、眼底、屈光与斜视检查；IOL Master、A超、Pentacam、UBM、OCT、眼底荧光造影、视野、视网膜电图和视觉诱发电位等检查；滴眼液、眼膏、包扎、眼部及泪道冲洗、泪道探通、结膜结石剔除、麦粒肿切开排脓、电解倒睫和结膜下注射；并讲解无菌技术、球后及球周阻滞麻醉、眼睑裂伤和角巩膜伤口处理、前房穿刺与冲洗、小切口白内障囊外摘除、小梁切除术及锐器损伤防治。内容涉及青光眼、白内障、眼外伤、角膜病变、眼睑肿物、泪道阻塞、斜视等，配合操作流程、关键要点和结果判读，突出临床规范性与可操作性。,completed,f3b2f1af-37b6-44e6-9954-075ff866fa1a,"# Summary
本书出版于2017年。本书出版于2018年，依据《专科医生培养标准——眼科细则》编写，定位为眼科住院医师规范化培训、临床基本技能训练及自学参考手册。全书以SOP形式系统覆盖眼科常规检查、专科检查、治疗操作和手术技术：包括视力、眼压、眼睑与泪器、眼球运动、裂隙灯、房角镜、眼底、屈光与斜视检查；IOL Master、A超、Pentacam、UBM、OCT、眼底荧光造影、视野、视网膜电图和视觉诱发电位等检查；滴眼液、眼膏、包扎、眼部及泪道冲洗、泪道探通、结膜结石剔除、麦粒肿切开排脓、电解倒睫和结膜下注射；并讲解无菌技术、球后及球周阻滞麻醉、眼睑裂伤和角巩膜伤口处理、前房穿刺与冲洗、小切口白内障囊外摘除、小梁切除术及锐器损伤防治。内容涉及青光眼、白内障、眼外伤、角膜病变、眼睑肿物、泪道阻塞、斜视等，配合操作流程、关键要点和结果判读，突出临床规范性与可操作性。",3072,"# Summary
本书出版于2017年。本书出版于2018年，依据《专科医生培养标准——眼科细则》编写，定位为眼科住院医师规范化培训、临床基本技能训练及自学参考手册。全书以SOP形式系统覆盖眼科常规检查、专科检查、治疗操作和手术技术：包括视力、眼压、眼睑与泪器、眼球运动、裂隙灯、房角镜、眼底、屈光与斜视检查；IOL Master、A超、Pentacam、UBM、OCT、眼底荧光造影、视野、视网膜电图和视觉诱发电位等检查；滴眼液、眼膏、包扎、眼部及泪道冲洗、泪道探通、结膜结石剔除、麦粒肿切开排脓、电解倒睫和结膜下注射；并讲解无菌技术、球后及球周阻滞麻醉、眼睑裂伤和角巩膜伤口处理、前房穿刺与冲洗、小切口白内障囊外摘除、小梁切除术及锐器损伤防治。内容涉及青光眼、白内障、眼外伤、角膜病变、眼睑肿物、泪道阻塞、斜视等，配合操作流程、关键要点和结果判读，突出临床规范性与可操作性。"
171a4358-ccf4-4942-bbf4-754a4da4ef84,本书出版于2018年，是眼科医师资格考试、住院医师培训及眼科学与视觉科学基础研究的重要参考书，适合眼科医师、研究生、基础研究者及相关医学人员。全书以眼和眶的解剖为起点，系统讲解眼及附属器胚胎发育、遗传学、生物化学与细胞生物学、视觉生理与视觉系统、基础及眼科药理学、免疫学、微生物感染眼病和病理学。内容贯通角膜、巩膜、葡萄膜、房水、晶状体、玻璃体、视网膜、视神经及视路，涉及基因突变、基因治疗、细胞与组织损伤、炎症、免疫耐受、移植和肿瘤发生。书中结合角膜地形图、活体共焦显微镜、组织学与电镜、影像学检查、视觉电生理等技术，阐述圆锥角膜、白内障、糖尿病、甲状腺眼病、视网膜变性、眼部过敏、病毒/细菌/真菌感染、沙眼、河盲症及眼部肿瘤等疾病，并介绍眼压调控、眼部给药、玻璃体腔给药、糖皮质激素、免疫抑制剂和局部麻醉药等治疗相关基础。,completed,a7a4100b-399d-410d-aa46-832301202f0f,"# Summary
本书出版于2018年，是眼科医师资格考试、住院医师培训及眼科学与视觉科学基础研究的重要参考书，适合眼科医师、研究生、基础研究者及相关医学人员。全书以眼和眶的解剖为起点，系统讲解眼及附属器胚胎发育、遗传学、生物化学与细胞生物学、视觉生理与视觉系统、基础及眼科药理学、免疫学、微生物感染眼病和病理学。内容贯通角膜、巩膜、葡萄膜、房水、晶状体、玻璃体、视网膜、视神经及视路，涉及基因突变、基因治疗、细胞与组织损伤、炎症、免疫耐受、移植和肿瘤发生。书中结合角膜地形图、活体共焦显微镜、组织学与电镜、影像学检查、视觉电生理等技术，阐述圆锥角膜、白内障、糖尿病、甲状腺眼病、视网膜变性、眼部过敏、病毒/细菌/真菌感染、沙眼、河盲症及眼部肿瘤等疾病，并介绍眼压调控、眼部给药、玻璃体腔给药、糖皮质激素、免疫抑制剂和局部麻醉药等治疗相关基础。",3072,"# Summary
本书出版于2018年，是眼科医师资格考试、住院医师培训及眼科学与视觉科学基础研究的重要参考书，适合眼科医师、研究生、基础研究者及相关医学人员。全书以眼和眶的解剖为起点，系统讲解眼及附属器胚胎发育、遗传学、生物化学与细胞生物学、视觉生理与视觉系统、基础及眼科药理学、免疫学、微生物感染眼病和病理学。内容贯通角膜、巩膜、葡萄膜、房水、晶状体、玻璃体、视网膜、视神经及视路，涉及基因突变、基因治疗、细胞与组织损伤、炎症、免疫耐受、移植和肿瘤发生。书中结合角膜地形图、活体共焦显微镜、组织学与电镜、影像学检查、视觉电生理等技术，阐述圆锥角膜、白内障、糖尿病、甲状腺眼病、视网膜变性、眼部过敏、病毒/细菌/真菌感染、沙眼、河盲症及眼部肿瘤等疾病，并介绍眼压调控、眼部给药、玻璃体腔给药、糖皮质激素、免疫抑制剂和局部麻醉药等治疗相关基础。"
06e49f4b-7e5f-436e-b589-b5f2597599ce,本书为杨钧主编、2008年出版的眼科学临床彩色图谱，定位于眼科医师、实习医生、研究生及相关医务人员的临床诊断与教学参考。全书以真实、美观的眼病图片为主要表现形式，先介绍视力、视野、色觉、裂隙灯、眼底、眼压、前房角镜、角膜曲率计、角膜地形图、角膜内皮显微镜、EOG/ERG/VEP及超声、CT、MRI等检查和影像诊断；继而系统覆盖眼睑、泪器、眼眶、结膜、角膜、巩膜、葡萄膜、青光眼、晶状体、玻璃体、视网膜、视神经、斜视和眼外伤。内容涉及眼眶及眼部肿瘤、甲状腺相关眼病、细菌性/病毒性/真菌性/棘阿米巴角膜炎、葡萄膜炎、原发性开角型和闭角型青光眼、白内障、糖尿病及高血压视网膜病变、黄斑病、视网膜脱离、视网膜肿瘤、早产儿视网膜病变、视神经炎、缺血性视神经病变、共同性与麻痹性斜视，以及眼睑、角膜、眼内结构和视神经管外伤，兼顾药物、激光、手术及影像检查要点。,completed,a31b0f25-979a-445d-a45d-f35ad241ef51,"# Summary
本书为杨钧主编、2008年出版的眼科学临床彩色图谱，定位于眼科医师、实习医生、研究生及相关医务人员的临床诊断与教学参考。全书以真实、美观的眼病图片为主要表现形式，先介绍视力、视野、色觉、裂隙灯、眼底、眼压、前房角镜、角膜曲率计、角膜地形图、角膜内皮显微镜、EOG/ERG/VEP及超声、CT、MRI等检查和影像诊断；继而系统覆盖眼睑、泪器、眼眶、结膜、角膜、巩膜、葡萄膜、青光眼、晶状体、玻璃体、视网膜、视神经、斜视和眼外伤。内容涉及眼眶及眼部肿瘤、甲状腺相关眼病、细菌性/病毒性/真菌性/棘阿米巴角膜炎、葡萄膜炎、原发性开角型和闭角型青光眼、白内障、糖尿病及高血压视网膜病变、黄斑病、视网膜脱离、视网膜肿瘤、早产儿视网膜病变、视神经炎、缺血性视神经病变、共同性与麻痹性斜视，以及眼睑、角膜、眼内结构和视神经管外伤，兼顾药物、激光、手术及影像检查要点。",3072,"# Summary
本书为杨钧主编、2008年出版的眼科学临床彩色图谱，定位于眼科医师、实习医生、研究生及相关医务人员的临床诊断与教学参考。全书以真实、美观的眼病图片为主要表现形式，先介绍视力、视野、色觉、裂隙灯、眼底、眼压、前房角镜、角膜曲率计、角膜地形图、角膜内皮显微镜、EOG/ERG/VEP及超声、CT、MRI等检查和影像诊断；继而系统覆盖眼睑、泪器、眼眶、结膜、角膜、巩膜、葡萄膜、青光眼、晶状体、玻璃体、视网膜、视神经、斜视和眼外伤。内容涉及眼眶及眼部肿瘤、甲状腺相关眼病、细菌性/病毒性/真菌性/棘阿米巴角膜炎、葡萄膜炎、原发性开角型和闭角型青光眼、白内障、糖尿病及高血压视网膜病变、黄斑病、视网膜脱离、视网膜肿瘤、早产儿视网膜病变、视神经炎、缺血性视神经病变、共同性与麻痹性斜视，以及眼睑、角膜、眼内结构和视神经管外伤，兼顾药物、激光、手术及影像检查要点。"
77098070-903e-4f30-9aa6-88edbc629137,本书2014年出版，定位为眼科临床医生及影像科医师参考、查阅常见眼病影像表现的手册式图谱。全书先介绍眼球、眼附属器及眼眶正常解剖，以及眼部CT、MRI的冠状位、轴位、矢状位、三维重建、T1WI、T2WI和脂肪抑制表现；继而涵盖眼前段疾病、眼底疾病、眼外伤、眼外肌疾病、眼眶疾病、泪器疾病和视路疾病。重点涉及皮样脂肪瘤、睫状体黑色素瘤、视网膜脱离、视网膜母细胞瘤、脉络膜黑色素瘤及骨瘤、后巩膜葡萄肿、眼内转移癌、眼球破裂、眶壁骨折、眼内异物、眼眶肿瘤、泪腺病变、视神经及视交叉疾病等。内容结合临床症状、鉴别诊断与影像图像，涉及B超、彩色多普勒、UBM、OCT、眼底血管造影、增强CT/MRI、钙化、骨质破坏、软组织侵犯、视神经受累、术后病理及穿刺活检等关键词。,completed,4d312e37-a168-48ba-86cd-2362cf185de1,"# Summary
本书2014年出版，定位为眼科临床医生及影像科医师参考、查阅常见眼病影像表现的手册式图谱。全书先介绍眼球、眼附属器及眼眶正常解剖，以及眼部CT、MRI的冠状位、轴位、矢状位、三维重建、T1WI、T2WI和脂肪抑制表现；继而涵盖眼前段疾病、眼底疾病、眼外伤、眼外肌疾病、眼眶疾病、泪器疾病和视路疾病。重点涉及皮样脂肪瘤、睫状体黑色素瘤、视网膜脱离、视网膜母细胞瘤、脉络膜黑色素瘤及骨瘤、后巩膜葡萄肿、眼内转移癌、眼球破裂、眶壁骨折、眼内异物、眼眶肿瘤、泪腺病变、视神经及视交叉疾病等。内容结合临床症状、鉴别诊断与影像图像，涉及B超、彩色多普勒、UBM、OCT、眼底血管造影、增强CT/MRI、钙化、骨质破坏、软组织侵犯、视神经受累、术后病理及穿刺活检等关键词。",3072,"# Summary
本书2014年出版，定位为眼科临床医生及影像科医师参考、查阅常见眼病影像表现的手册式图谱。全书先介绍眼球、眼附属器及眼眶正常解剖，以及眼部CT、MRI的冠状位、轴位、矢状位、三维重建、T1WI、T2WI和脂肪抑制表现；继而涵盖眼前段疾病、眼底疾病、眼外伤、眼外肌疾病、眼眶疾病、泪器疾病和视路疾病。重点涉及皮样脂肪瘤、睫状体黑色素瘤、视网膜脱离、视网膜母细胞瘤、脉络膜黑色素瘤及骨瘤、后巩膜葡萄肿、眼内转移癌、眼球破裂、眶壁骨折、眼内异物、眼眶肿瘤、泪腺病变、视神经及视交叉疾病等。内容结合临床症状、鉴别诊断与影像图像，涉及B超、彩色多普勒、UBM、OCT、眼底血管造影、增强CT/MRI、钙化、骨质破坏、软组织侵犯、视神经受累、术后病理及穿刺活检等关键词。"
4f0dfbe4-3760-4e04-93f0-9667aafd950a,本书为宋琛、马志中主编、2008年出版的眼科手术专著，面向各级眼科医师及医学院校师生，兼具系统教学与临床操作参考价值。全书围绕眼科手术概述、麻醉、眼睑、泪器、结膜、眼肌、角膜、晶状体、青光眼、视网膜脱离、玻璃体、眼外伤、眼球、眼眶及眼病激光治疗展开，涵盖显微手术、超声乳化、人工晶状体植入、角膜移植、斜视与上睑下垂矫正、泪道阻塞处理、小梁切除、巩膜外加压与环扎、玻璃体切割、眼内异物取出、眼球肿物切除等。重点涉及白内障、青光眼、孔源性及牵拉性视网膜脱离、糖尿病视网膜病变、黄斑水肿、脉络膜新生血管、翼状胬肉、眼外伤和眼内肿瘤。书中按适应证、禁忌证、术前检查与准备、麻醉、手术步骤、术后处理及并发症系统说明，并介绍眼底荧光血管造影、吲哚青绿造影、OCT、X线定位、激光光凝、PDT及Nd:YAG激光等检查与技术。,completed,66d9b342-c1f4-4968-ac8a-ff5c8fb81450,"# Summary
本书为宋琛、马志中主编、2008年出版的眼科手术专著，面向各级眼科医师及医学院校师生，兼具系统教学与临床操作参考价值。全书围绕眼科手术概述、麻醉、眼睑、泪器、结膜、眼肌、角膜、晶状体、青光眼、视网膜脱离、玻璃体、眼外伤、眼球、眼眶及眼病激光治疗展开，涵盖显微手术、超声乳化、人工晶状体植入、角膜移植、斜视与上睑下垂矫正、泪道阻塞处理、小梁切除、巩膜外加压与环扎、玻璃体切割、眼内异物取出、眼球肿物切除等。重点涉及白内障、青光眼、孔源性及牵拉性视网膜脱离、糖尿病视网膜病变、黄斑水肿、脉络膜新生血管、翼状胬肉、眼外伤和眼内肿瘤。书中按适应证、禁忌证、术前检查与准备、麻醉、手术步骤、术后处理及并发症系统说明，并介绍眼底荧光血管造影、吲哚青绿造影、OCT、X线定位、激光光凝、PDT及Nd:YAG激光等检查与技术。",3072,"# Summary
本书为宋琛、马志中主编、2008年出版的眼科手术专著，面向各级眼科医师及医学院校师生，兼具系统教学与临床操作参考价值。全书围绕眼科手术概述、麻醉、眼睑、泪器、结膜、眼肌、角膜、晶状体、青光眼、视网膜脱离、玻璃体、眼外伤、眼球、眼眶及眼病激光治疗展开，涵盖显微手术、超声乳化、人工晶状体植入、角膜移植、斜视与上睑下垂矫正、泪道阻塞处理、小梁切除、巩膜外加压与环扎、玻璃体切割、眼内异物取出、眼球肿物切除等。重点涉及白内障、青光眼、孔源性及牵拉性视网膜脱离、糖尿病视网膜病变、黄斑水肿、脉络膜新生血管、翼状胬肉、眼外伤和眼内肿瘤。书中按适应证、禁忌证、术前检查与准备、麻醉、手术步骤、术后处理及并发症系统说明，并介绍眼底荧光血管造影、吲哚青绿造影、OCT、X线定位、激光光凝、PDT及Nd:YAG激光等检查与技术。"
0a6c7a53-36f7-4bbc-94c7-55f860ee6e96,葛坚、刘奕志主编，出版；CIP数据标注2013年，版权页载第3版于2015年出版。本书面向眼科临床医师、青年医生及相关专业人员，系统总结眼科显微手术的基础、规范与临床技术。内容涵盖手术室管理、麻醉、显微镜及基本操作，眼睑、泪器、结膜、角膜、巩膜、晶状体和青光眼手术，以及斜视、视网膜脱离、玻璃体、黄斑疾病、眼肿瘤、眼眶、眼球摘除和眼外伤手术，并延伸至眼科激光与屈光手术。重点涉及白内障超声乳化与人工晶状体植入、角膜移植、青光眼小梁切除及引流装置、斜视矫正、巩膜扣带和充气性视网膜固定、玻璃体切除、膜剥离、内界膜剥除、硅油及过氟化碳填充、眼内注药等。检查与技术关键词包括角膜地形图、眼底荧光血管造影、吲哚菁绿造影、OCT、UBM、超声、视野、微视野、视觉电生理、MIGS、LASIK、PRK、SMILE、飞秒激光及光动力治疗。,completed,adb6463c-e159-4855-9e18-d5480bd4a209,"# Summary
葛坚、刘奕志主编，出版；CIP数据标注2013年，版权页载第3版于2015年出版。本书面向眼科临床医师、青年医生及相关专业人员，系统总结眼科显微手术的基础、规范与临床技术。内容涵盖手术室管理、麻醉、显微镜及基本操作，眼睑、泪器、结膜、角膜、巩膜、晶状体和青光眼手术，以及斜视、视网膜脱离、玻璃体、黄斑疾病、眼肿瘤、眼眶、眼球摘除和眼外伤手术，并延伸至眼科激光与屈光手术。重点涉及白内障超声乳化与人工晶状体植入、角膜移植、青光眼小梁切除及引流装置、斜视矫正、巩膜扣带和充气性视网膜固定、玻璃体切除、膜剥离、内界膜剥除、硅油及过氟化碳填充、眼内注药等。检查与技术关键词包括角膜地形图、眼底荧光血管造影、吲哚菁绿造影、OCT、UBM、超声、视野、微视野、视觉电生理、MIGS、LASIK、PRK、SMILE、飞秒激光及光动力治疗。",3072,"# Summary
葛坚、刘奕志主编，出版；CIP数据标注2013年，版权页载第3版于2015年出版。本书面向眼科临床医师、青年医生及相关专业人员，系统总结眼科显微手术的基础、规范与临床技术。内容涵盖手术室管理、麻醉、显微镜及基本操作，眼睑、泪器、结膜、角膜、巩膜、晶状体和青光眼手术，以及斜视、视网膜脱离、玻璃体、黄斑疾病、眼肿瘤、眼眶、眼球摘除和眼外伤手术，并延伸至眼科激光与屈光手术。重点涉及白内障超声乳化与人工晶状体植入、角膜移植、青光眼小梁切除及引流装置、斜视矫正、巩膜扣带和充气性视网膜固定、玻璃体切除、膜剥离、内界膜剥除、硅油及过氟化碳填充、眼内注药等。检查与技术关键词包括角膜地形图、眼底荧光血管造影、吲哚菁绿造影、OCT、UBM、超声、视野、微视野、视觉电生理、MIGS、LASIK、PRK、SMILE、飞秒激光及光动力治疗。"
34891283-65a9-459b-9553-b57461d897ae,2015年中文版（原著第4版）。本书面向综合眼科医师、各亚专科医师、眼科医学生及眼外科培训人员，强调术前判断、分阶段计划、知情选择、风险控制、创伤最小化及术后评估。内容涵盖眼科手术总原则，白内障的诊断鉴别、解剖与生物测量、麻醉、切口、撕囊、水分离、碎核、超声乳化、人工晶状体、儿童及复杂白内障和并发症；角膜外伤、翼状胬肉、准分子治疗、穿透性及板层角膜移植、人工角膜；角膜地形图、波前分析、PRK/LASEK/Epi-LASIK、LASIK、飞秒激光、屈光性晶体置换、有晶体眼人工晶体及老视治疗。书中还系统介绍青光眼滤过、非穿透、引流管及激光手术，眼睑、泪道、眼眶、Graves眼病、眼球摘除与眼窝重建，斜视和眼外肌手术，以及玻璃体切割、眼内注药、视网膜脱离与PVR、糖尿病视网膜病变、黄斑水肿、老年性黄斑变性、眼内炎、黄斑前膜和黄斑裂孔。肿瘤部分涉及葡萄膜黑色素瘤、视网膜母细胞瘤、脉络膜血管瘤、眼部淋巴瘤等，涵盖超声、光凝、放射治疗及局部切除等技术。,completed,ad260af8-3d3b-4e35-81d2-aa41720be1ea,"# Summary
2015年中文版（原著第4版）。本书面向综合眼科医师、各亚专科医师、眼科医学生及眼外科培训人员，强调术前判断、分阶段计划、知情选择、风险控制、创伤最小化及术后评估。内容涵盖眼科手术总原则，白内障的诊断鉴别、解剖与生物测量、麻醉、切口、撕囊、水分离、碎核、超声乳化、人工晶状体、儿童及复杂白内障和并发症；角膜外伤、翼状胬肉、准分子治疗、穿透性及板层角膜移植、人工角膜；角膜地形图、波前分析、PRK/LASEK/Epi-LASIK、LASIK、飞秒激光、屈光性晶体置换、有晶体眼人工晶体及老视治疗。书中还系统介绍青光眼滤过、非穿透、引流管及激光手术，眼睑、泪道、眼眶、Graves眼病、眼球摘除与眼窝重建，斜视和眼外肌手术，以及玻璃体切割、眼内注药、视网膜脱离与PVR、糖尿病视网膜病变、黄斑水肿、老年性黄斑变性、眼内炎、黄斑前膜和黄斑裂孔。肿瘤部分涉及葡萄膜黑色素瘤、视网膜母细胞瘤、脉络膜血管瘤、眼部淋巴瘤等，涵盖超声、光凝、放射治疗及局部切除等技术。",3072,"# Summary
2015年中文版（原著第4版）。本书面向综合眼科医师、各亚专科医师、眼科医学生及眼外科培训人员，强调术前判断、分阶段计划、知情选择、风险控制、创伤最小化及术后评估。内容涵盖眼科手术总原则，白内障的诊断鉴别、解剖与生物测量、麻醉、切口、撕囊、水分离、碎核、超声乳化、人工晶状体、儿童及复杂白内障和并发症；角膜外伤、翼状胬肉、准分子治疗、穿透性及板层角膜移植、人工角膜；角膜地形图、波前分析、PRK/LASEK/Epi-LASIK、LASIK、飞秒激光、屈光性晶体置换、有晶体眼人工晶体及老视治疗。书中还系统介绍青光眼滤过、非穿透、引流管及激光手术，眼睑、泪道、眼眶、Graves眼病、眼球摘除与眼窝重建，斜视和眼外肌手术，以及玻璃体切割、眼内注药、视网膜脱离与PVR、糖尿病视网膜病变、黄斑水肿、老年性黄斑变性、眼内炎、黄斑前膜和黄斑裂孔。肿瘤部分涉及葡萄膜黑色素瘤、视网膜母细胞瘤、脉络膜血管瘤、眼部淋巴瘤等，涵盖超声、光凝、放射治疗及局部切除等技术。"
dc002b7e-01cd-4cf9-821b-14ce0f550aea,2011年出版。本书由北京同仁医院眼科临床专家编写，定位为眼科显微手术的临床实用教材与参考书，适合初学手术的年轻医生及有经验的眼科医师。全书九篇59章，涵盖眼科显微手术基础、局部及全身麻醉和小儿麻醉；眼睑、结膜、泪器及眼球摘除等常见小手术；白内障术前评估、囊外摘除、超声乳化、人工晶状体植入及复杂联合手术；穿透性和板层角膜移植、羊膜移植；青光眼虹膜、滤过、房角、睫状体、引流阀及激光治疗；视网膜脱离、玻璃体切割和微创玻璃体手术；眼外伤急诊修补、眼内异物、感染性眼内炎及眼眶骨折处理；眼睑整形、上睑下垂、眼睑肿瘤缺损重建、义眼台植入和结膜囊成形；共同性、麻痹性、A-V型及特殊类型斜视手术。重点强调适应证选择、术前检查与准备、操作技巧、围手术期处理及并发症防治，并涉及眼内压控制、人工晶状体测量、黏弹剂、玻璃体充填物、眼心反射、超声乳化、巩膜扣带和激光等关键词。,completed,019cb65e-e161-4be1-85aa-7fb484fe6d67,"# Summary
2011年出版。本书由北京同仁医院眼科临床专家编写，定位为眼科显微手术的临床实用教材与参考书，适合初学手术的年轻医生及有经验的眼科医师。全书九篇59章，涵盖眼科显微手术基础、局部及全身麻醉和小儿麻醉；眼睑、结膜、泪器及眼球摘除等常见小手术；白内障术前评估、囊外摘除、超声乳化、人工晶状体植入及复杂联合手术；穿透性和板层角膜移植、羊膜移植；青光眼虹膜、滤过、房角、睫状体、引流阀及激光治疗；视网膜脱离、玻璃体切割和微创玻璃体手术；眼外伤急诊修补、眼内异物、感染性眼内炎及眼眶骨折处理；眼睑整形、上睑下垂、眼睑肿瘤缺损重建、义眼台植入和结膜囊成形；共同性、麻痹性、A-V型及特殊类型斜视手术。重点强调适应证选择、术前检查与准备、操作技巧、围手术期处理及并发症防治，并涉及眼内压控制、人工晶状体测量、黏弹剂、玻璃体充填物、眼心反射、超声乳化、巩膜扣带和激光等关键词。",3072,"# Summary
2011年出版。本书由北京同仁医院眼科临床专家编写，定位为眼科显微手术的临床实用教材与参考书，适合初学手术的年轻医生及有经验的眼科医师。全书九篇59章，涵盖眼科显微手术基础、局部及全身麻醉和小儿麻醉；眼睑、结膜、泪器及眼球摘除等常见小手术；白内障术前评估、囊外摘除、超声乳化、人工晶状体植入及复杂联合手术；穿透性和板层角膜移植、羊膜移植；青光眼虹膜、滤过、房角、睫状体、引流阀及激光治疗；视网膜脱离、玻璃体切割和微创玻璃体手术；眼外伤急诊修补、眼内异物、感染性眼内炎及眼眶骨折处理；眼睑整形、上睑下垂、眼睑肿瘤缺损重建、义眼台植入和结膜囊成形；共同性、麻痹性、A-V型及特殊类型斜视手术。重点强调适应证选择、术前检查与准备、操作技巧、围手术期处理及并发症防治，并涉及眼内压控制、人工晶状体测量、黏弹剂、玻璃体充填物、眼心反射、超声乳化、巩膜扣带和激光等关键词。"
8ddac434-3b8a-47f2-a2a8-ce15b31bbb76,本书为管怀进主编、2012年出版的眼科手术操作技术专著，面向各级眼科医师、五官科及显微外科医师、眼科手术培训者和医学院校师生。全书围绕“如何操作、为何如此操作及如何避免并发症”展开，系统涵盖眼组织镊持、切开、分离、缝合、打结、止血、无菌、麻醉、暴露、软化眼球和黏弹剂应用；眼科显微镜、显微器械、显微缝线、显微手术及内镜微创技术；结膜、角膜、角膜缘、巩膜、虹膜和晶状体的基本操作。临床部分涉及翼状胬肉、屈光手术、角膜移植、青光眼、白内障摘除与人工晶状体植入、超声乳化及术中异常处理、玻璃体积血、复杂性视网膜脱离、黄斑病变、增生性糖尿病视网膜病变、眼内炎、眼外伤、眼内异物、斜视、眼眶肿瘤、上睑下垂、无眼球眼窝凹陷和眶壁骨折等手术，并介绍动物眼手术、实验室训练和计算机虚拟手术训练。,completed,13451ea5-8eec-483a-b06a-f0902b24b078,"# Summary
本书为管怀进主编、2012年出版的眼科手术操作技术专著，面向各级眼科医师、五官科及显微外科医师、眼科手术培训者和医学院校师生。全书围绕“如何操作、为何如此操作及如何避免并发症”展开，系统涵盖眼组织镊持、切开、分离、缝合、打结、止血、无菌、麻醉、暴露、软化眼球和黏弹剂应用；眼科显微镜、显微器械、显微缝线、显微手术及内镜微创技术；结膜、角膜、角膜缘、巩膜、虹膜和晶状体的基本操作。临床部分涉及翼状胬肉、屈光手术、角膜移植、青光眼、白内障摘除与人工晶状体植入、超声乳化及术中异常处理、玻璃体积血、复杂性视网膜脱离、黄斑病变、增生性糖尿病视网膜病变、眼内炎、眼外伤、眼内异物、斜视、眼眶肿瘤、上睑下垂、无眼球眼窝凹陷和眶壁骨折等手术，并介绍动物眼手术、实验室训练和计算机虚拟手术训练。",3072,"# Summary
本书为管怀进主编、2012年出版的眼科手术操作技术专著，面向各级眼科医师、五官科及显微外科医师、眼科手术培训者和医学院校师生。全书围绕“如何操作、为何如此操作及如何避免并发症”展开，系统涵盖眼组织镊持、切开、分离、缝合、打结、止血、无菌、麻醉、暴露、软化眼球和黏弹剂应用；眼科显微镜、显微器械、显微缝线、显微手术及内镜微创技术；结膜、角膜、角膜缘、巩膜、虹膜和晶状体的基本操作。临床部分涉及翼状胬肉、屈光手术、角膜移植、青光眼、白内障摘除与人工晶状体植入、超声乳化及术中异常处理、玻璃体积血、复杂性视网膜脱离、黄斑病变、增生性糖尿病视网膜病变、眼内炎、眼外伤、眼内异物、斜视、眼眶肿瘤、上睑下垂、无眼球眼窝凹陷和眶壁骨折等手术，并介绍动物眼手术、实验室训练和计算机虚拟手术训练。"
f17f66ae-f7a6-4556-8542-433dd18d49ea,2011年出版。本书面向医学生、眼科住院医师及临床眼科医务人员，旨在训练从问诊、体格检查、辅助检查、鉴别诊断到治疗、随访的系统临床思维。全书以56个病例展开，涵盖眼睑、角膜、巩膜与葡萄膜、晶状体、青光眼、玻璃体、视网膜与脉络膜、斜视与小儿眼病、眼眶、眼外伤及神经眼科、眼部肿瘤等领域，并设中医眼科诊疗思路章节。重点涉及先天性上睑下垂、单纯疱疹病毒性角膜炎、圆锥角膜、白内障、正常眼压性及新生血管性青光眼、急慢性葡萄膜炎、糖尿病性视网膜病变、视网膜中央动脉阻塞、视网膜色素变性、眼眶肿瘤、眼内异物和碱烧伤等。书中结合裂隙灯、眼压、眼底、角膜OCT、共焦显微镜、角膜地形图、B超及影像学检查，讨论抗病毒、抗感染、降眼压、糖皮质激素、激光、角膜移植、青光眼滤过手术及外伤处理等诊疗技术。,completed,28b8c33e-2d04-4a7f-8495-39cc574071a1,"# Summary
2011年出版。本书面向医学生、眼科住院医师及临床眼科医务人员，旨在训练从问诊、体格检查、辅助检查、鉴别诊断到治疗、随访的系统临床思维。全书以56个病例展开，涵盖眼睑、角膜、巩膜与葡萄膜、晶状体、青光眼、玻璃体、视网膜与脉络膜、斜视与小儿眼病、眼眶、眼外伤及神经眼科、眼部肿瘤等领域，并设中医眼科诊疗思路章节。重点涉及先天性上睑下垂、单纯疱疹病毒性角膜炎、圆锥角膜、白内障、正常眼压性及新生血管性青光眼、急慢性葡萄膜炎、糖尿病性视网膜病变、视网膜中央动脉阻塞、视网膜色素变性、眼眶肿瘤、眼内异物和碱烧伤等。书中结合裂隙灯、眼压、眼底、角膜OCT、共焦显微镜、角膜地形图、B超及影像学检查，讨论抗病毒、抗感染、降眼压、糖皮质激素、激光、角膜移植、青光眼滤过手术及外伤处理等诊疗技术。",3072,"# Summary
2011年出版。本书面向医学生、眼科住院医师及临床眼科医务人员，旨在训练从问诊、体格检查、辅助检查、鉴别诊断到治疗、随访的系统临床思维。全书以56个病例展开，涵盖眼睑、角膜、巩膜与葡萄膜、晶状体、青光眼、玻璃体、视网膜与脉络膜、斜视与小儿眼病、眼眶、眼外伤及神经眼科、眼部肿瘤等领域，并设中医眼科诊疗思路章节。重点涉及先天性上睑下垂、单纯疱疹病毒性角膜炎、圆锥角膜、白内障、正常眼压性及新生血管性青光眼、急慢性葡萄膜炎、糖尿病性视网膜病变、视网膜中央动脉阻塞、视网膜色素变性、眼眶肿瘤、眼内异物和碱烧伤等。书中结合裂隙灯、眼压、眼底、角膜OCT、共焦显微镜、角膜地形图、B超及影像学检查，讨论抗病毒、抗感染、降眼压、糖皮质激素、激光、角膜移植、青光眼滤过手术及外伤处理等诊疗技术。"
63bd5f4d-be01-4af5-84c1-a3f9653a557b,本书为莱文、艾伯特主编、2012年出版的眼科学专著，将视觉科学、病理生理机制与临床诊疗结合，适合眼科医师、研究生及从事眼病基础研究和临床转化的人员。全书依次讨论角膜、干眼病、青光眼、晶状体、神经眼科学、肿瘤学、其他眼病、小儿眼病、视网膜和葡萄膜炎，涵盖角膜透明度丧失、异常伤口愈合、LASIK/PRK术后反应、角膜营养不良、Fuchs营养不良、圆锥角膜、感染性角膜炎、移植排斥、角膜水肿、眼表修复、疱疹性角膜炎、变态反应、干眼免疫机制与泪膜异常，以及青光眼神经损害、白内障、视神经病变、眼内肿瘤、斜视弱视、糖尿病视网膜病变、黄斑变性、视网膜脱离和葡萄膜炎等。书中涉及裂隙灯、角膜地形图、角膜内皮镜、共聚焦显微镜、OCT、角膜厚度测量、培养及PCR等检查；并讨论基因治疗、抗炎和抗血管生成药物、丝裂霉素C、LASIK/PRK、飞秒激光制瓣、角膜移植及角膜基质环植入等技术。,completed,53e35de9-c980-442d-be30-ee6ba38a6344,"# Summary
本书为莱文、艾伯特主编、2012年出版的眼科学专著，将视觉科学、病理生理机制与临床诊疗结合，适合眼科医师、研究生及从事眼病基础研究和临床转化的人员。全书依次讨论角膜、干眼病、青光眼、晶状体、神经眼科学、肿瘤学、其他眼病、小儿眼病、视网膜和葡萄膜炎，涵盖角膜透明度丧失、异常伤口愈合、LASIK/PRK术后反应、角膜营养不良、Fuchs营养不良、圆锥角膜、感染性角膜炎、移植排斥、角膜水肿、眼表修复、疱疹性角膜炎、变态反应、干眼免疫机制与泪膜异常，以及青光眼神经损害、白内障、视神经病变、眼内肿瘤、斜视弱视、糖尿病视网膜病变、黄斑变性、视网膜脱离和葡萄膜炎等。书中涉及裂隙灯、角膜地形图、角膜内皮镜、共聚焦显微镜、OCT、角膜厚度测量、培养及PCR等检查；并讨论基因治疗、抗炎和抗血管生成药物、丝裂霉素C、LASIK/PRK、飞秒激光制瓣、角膜移植及角膜基质环植入等技术。",3072,"# Summary
本书为莱文、艾伯特主编、2012年出版的眼科学专著，将视觉科学、病理生理机制与临床诊疗结合，适合眼科医师、研究生及从事眼病基础研究和临床转化的人员。全书依次讨论角膜、干眼病、青光眼、晶状体、神经眼科学、肿瘤学、其他眼病、小儿眼病、视网膜和葡萄膜炎，涵盖角膜透明度丧失、异常伤口愈合、LASIK/PRK术后反应、角膜营养不良、Fuchs营养不良、圆锥角膜、感染性角膜炎、移植排斥、角膜水肿、眼表修复、疱疹性角膜炎、变态反应、干眼免疫机制与泪膜异常，以及青光眼神经损害、白内障、视神经病变、眼内肿瘤、斜视弱视、糖尿病视网膜病变、黄斑变性、视网膜脱离和葡萄膜炎等。书中涉及裂隙灯、角膜地形图、角膜内皮镜、共聚焦显微镜、OCT、角膜厚度测量、培养及PCR等检查；并讨论基因治疗、抗炎和抗血管生成药物、丝裂霉素C、LASIK/PRK、飞秒激光制瓣、角膜移植及角膜基质环植入等技术。"
7f1c652f-ae14-4523-876c-1bd908e0ebae,本书为赵桂秋、孙为荣主编，2014年出版的《眼科病理学》第2版，定位于病理工作者、眼科医师及研究生，强调病理与临床联系、诊断与鉴别诊断，并配有大量国人眼科病理彩色图像。全书16章，内容由总论中的细胞损伤与修复、炎症、免疫病理、先天异常和肿瘤基础，延伸至眼睑、泪器、结膜、角膜、巩膜、葡萄膜、视网膜、青光眼、晶状体、玻璃体、视神经及眼眶疾病，涵盖感染、外伤、变性、血管病变、肿瘤和发育异常；重点涉及角膜溃疡、葡萄膜炎、视网膜脱离、糖尿病性视网膜病变、年龄相关性黄斑变性、视网膜母细胞瘤、葡萄膜黑色素瘤、青光眼、白内障、眼眶淋巴瘤及甲状腺相关眼病等。另设全身性疾病与眼、临床病理基本知识及实验技术，介绍标本采集固定、HE及特殊染色、免疫组织化学、电子显微镜、激光共焦显微、原位杂交、显微切割、流式细胞和图像分析等技术，并涉及眼内手术并发症及病理报告解读。,completed,2343a7ea-d53b-4e49-b61d-35862fe5b61e,"# Summary
本书为赵桂秋、孙为荣主编，2014年出版的《眼科病理学》第2版，定位于病理工作者、眼科医师及研究生，强调病理与临床联系、诊断与鉴别诊断，并配有大量国人眼科病理彩色图像。全书16章，内容由总论中的细胞损伤与修复、炎症、免疫病理、先天异常和肿瘤基础，延伸至眼睑、泪器、结膜、角膜、巩膜、葡萄膜、视网膜、青光眼、晶状体、玻璃体、视神经及眼眶疾病，涵盖感染、外伤、变性、血管病变、肿瘤和发育异常；重点涉及角膜溃疡、葡萄膜炎、视网膜脱离、糖尿病性视网膜病变、年龄相关性黄斑变性、视网膜母细胞瘤、葡萄膜黑色素瘤、青光眼、白内障、眼眶淋巴瘤及甲状腺相关眼病等。另设全身性疾病与眼、临床病理基本知识及实验技术，介绍标本采集固定、HE及特殊染色、免疫组织化学、电子显微镜、激光共焦显微、原位杂交、显微切割、流式细胞和图像分析等技术，并涉及眼内手术并发症及病理报告解读。",3072,"# Summary
本书为赵桂秋、孙为荣主编，2014年出版的《眼科病理学》第2版，定位于病理工作者、眼科医师及研究生，强调病理与临床联系、诊断与鉴别诊断，并配有大量国人眼科病理彩色图像。全书16章，内容由总论中的细胞损伤与修复、炎症、免疫病理、先天异常和肿瘤基础，延伸至眼睑、泪器、结膜、角膜、巩膜、葡萄膜、视网膜、青光眼、晶状体、玻璃体、视神经及眼眶疾病，涵盖感染、外伤、变性、血管病变、肿瘤和发育异常；重点涉及角膜溃疡、葡萄膜炎、视网膜脱离、糖尿病性视网膜病变、年龄相关性黄斑变性、视网膜母细胞瘤、葡萄膜黑色素瘤、青光眼、白内障、眼眶淋巴瘤及甲状腺相关眼病等。另设全身性疾病与眼、临床病理基本知识及实验技术，介绍标本采集固定、HE及特殊染色、免疫组织化学、电子显微镜、激光共焦显微、原位杂交、显微切割、流式细胞和图像分析等技术，并涉及眼内手术并发症及病理报告解读。"
bcbda05c-ceaa-4c33-91a6-f3229912b5e2,本书为2011年出版的眼科影像图谱，面向眼科医师及从事眼底病诊疗、教学和检查的相关人员。全书围绕荧光素血管造影（FA）、吲哚青绿血管造影（ICGA）和眼底自发荧光（AF）展开，介绍荧光素钠、吲哚青绿的理化基础，以及激光扫描检眼镜、共焦成像、HRA2系统、同步造影、拼图、广角、立体成像和眼前节检查等技术。内容依次涵盖正常眼底与病理性强弱荧光、RPE脂褐质及自发荧光图像；重点分析黄斑疾病，包括年龄相关性黄斑变性、玻璃膜疣、RPE萎缩、脉络膜新生血管、RPE脱离、息肉状脉络膜血管病变、视网膜血管瘤样增生、黄斑水肿、遗传性黄斑病变、中心性浆液性脉络膜视网膜病变、黄斑裂孔和氯喹性黄斑病变；并涉及糖尿病、高血压、动静脉阻塞、Coats病及各类血管瘤，视网膜脉络膜炎症、视神经疾病和脉络膜黑色素瘤、转移癌、血管瘤等眼内肿瘤。书中结合大量典型病例和影像，说明鉴别诊断、激光光凝及抗VEGF治疗相关表现。,completed,49de3201-c6b9-4cdd-9f30-98985358d841,"# Summary
本书为2011年出版的眼科影像图谱，面向眼科医师及从事眼底病诊疗、教学和检查的相关人员。全书围绕荧光素血管造影（FA）、吲哚青绿血管造影（ICGA）和眼底自发荧光（AF）展开，介绍荧光素钠、吲哚青绿的理化基础，以及激光扫描检眼镜、共焦成像、HRA2系统、同步造影、拼图、广角、立体成像和眼前节检查等技术。内容依次涵盖正常眼底与病理性强弱荧光、RPE脂褐质及自发荧光图像；重点分析黄斑疾病，包括年龄相关性黄斑变性、玻璃膜疣、RPE萎缩、脉络膜新生血管、RPE脱离、息肉状脉络膜血管病变、视网膜血管瘤样增生、黄斑水肿、遗传性黄斑病变、中心性浆液性脉络膜视网膜病变、黄斑裂孔和氯喹性黄斑病变；并涉及糖尿病、高血压、动静脉阻塞、Coats病及各类血管瘤，视网膜脉络膜炎症、视神经疾病和脉络膜黑色素瘤、转移癌、血管瘤等眼内肿瘤。书中结合大量典型病例和影像，说明鉴别诊断、激光光凝及抗VEGF治疗相关表现。",3072,"# Summary
本书为2011年出版的眼科影像图谱，面向眼科医师及从事眼底病诊疗、教学和检查的相关人员。全书围绕荧光素血管造影（FA）、吲哚青绿血管造影（ICGA）和眼底自发荧光（AF）展开，介绍荧光素钠、吲哚青绿的理化基础，以及激光扫描检眼镜、共焦成像、HRA2系统、同步造影、拼图、广角、立体成像和眼前节检查等技术。内容依次涵盖正常眼底与病理性强弱荧光、RPE脂褐质及自发荧光图像；重点分析黄斑疾病，包括年龄相关性黄斑变性、玻璃膜疣、RPE萎缩、脉络膜新生血管、RPE脱离、息肉状脉络膜血管病变、视网膜血管瘤样增生、黄斑水肿、遗传性黄斑病变、中心性浆液性脉络膜视网膜病变、黄斑裂孔和氯喹性黄斑病变；并涉及糖尿病、高血压、动静脉阻塞、Coats病及各类血管瘤，视网膜脉络膜炎症、视神经疾病和脉络膜黑色素瘤、转移癌、血管瘤等眼内肿瘤。书中结合大量典型病例和影像，说明鉴别诊断、激光光凝及抗VEGF治疗相关表现。"
c9f10510-6dc7-4a61-96df-a2cf2c6e7596,本书出版于2012年，由北京医师协会组织编写、赵家良主编，定位为北京市各级各类医疗机构眼科医务人员日常诊疗护理规范及执业医师定期考核用书，适合眼科医师和相关医务人员参考。全书涵盖眼睑、泪器、结膜、角膜、巩膜、晶状体、青光眼、葡萄膜、玻璃体、视网膜、视神经与视路、眼眶、屈光不正、斜视与眼外肌、眼外伤、全身病相关眼病及视功能障碍等17大类疾病，并系统介绍视力、裂隙灯、检眼镜、角膜地形图、眼压、眼底荧光素及吲哚菁绿血管造影、视觉电生理、眼部超声和超声生物显微镜等84项检查技术。治疗部分涉及眼部给药、麻醉、眼睑及泪器手术、角膜移植、白内障超声乳化、青光眼手术、玻璃体切除、视网膜脱离复位、斜视及眼外伤修复、眼眶肿物摘除和激光治疗等，突出疾病定义、临床表现、诊断要点、治疗原则、适应证禁忌证、操作程序与注意事项。,completed,c1b73cdc-ae2b-49c3-a4b8-b20b183c213b,"# Summary
本书出版于2012年，由北京医师协会组织编写、赵家良主编，定位为北京市各级各类医疗机构眼科医务人员日常诊疗护理规范及执业医师定期考核用书，适合眼科医师和相关医务人员参考。全书涵盖眼睑、泪器、结膜、角膜、巩膜、晶状体、青光眼、葡萄膜、玻璃体、视网膜、视神经与视路、眼眶、屈光不正、斜视与眼外肌、眼外伤、全身病相关眼病及视功能障碍等17大类疾病，并系统介绍视力、裂隙灯、检眼镜、角膜地形图、眼压、眼底荧光素及吲哚菁绿血管造影、视觉电生理、眼部超声和超声生物显微镜等84项检查技术。治疗部分涉及眼部给药、麻醉、眼睑及泪器手术、角膜移植、白内障超声乳化、青光眼手术、玻璃体切除、视网膜脱离复位、斜视及眼外伤修复、眼眶肿物摘除和激光治疗等，突出疾病定义、临床表现、诊断要点、治疗原则、适应证禁忌证、操作程序与注意事项。",3072,"# Summary
本书出版于2012年，由北京医师协会组织编写、赵家良主编，定位为北京市各级各类医疗机构眼科医务人员日常诊疗护理规范及执业医师定期考核用书，适合眼科医师和相关医务人员参考。全书涵盖眼睑、泪器、结膜、角膜、巩膜、晶状体、青光眼、葡萄膜、玻璃体、视网膜、视神经与视路、眼眶、屈光不正、斜视与眼外肌、眼外伤、全身病相关眼病及视功能障碍等17大类疾病，并系统介绍视力、裂隙灯、检眼镜、角膜地形图、眼压、眼底荧光素及吲哚菁绿血管造影、视觉电生理、眼部超声和超声生物显微镜等84项检查技术。治疗部分涉及眼部给药、麻醉、眼睑及泪器手术、角膜移植、白内障超声乳化、青光眼手术、玻璃体切除、视网膜脱离复位、斜视及眼外伤修复、眼眶肿物摘除和激光治疗等，突出疾病定义、临床表现、诊断要点、治疗原则、适应证禁忌证、操作程序与注意事项。"
36d69fb1-a7e6-4a43-a860-c9f827c42703,本书为面向临床医生、医学生和教师的眼耳鼻咽喉科临床解剖学图谱，承德医学院与北京同仁医院编写，2006年出版。全书以眼、耳、鼻、咽、喉为五大部分，结合局部解剖、断层解剖、手术解剖及正常器官形态，重点展示结构层次、毗邻关系和临床操作定位，共收彩图446幅。眼部涵盖眶腔、眼睑、眼球壁、视神经、眼外肌、眶内神经血管、泪器、组织学及眼睑整形相关解剖，涉及Graves眼病、上睑下垂、睑内翻、下睑袋、泪道阻塞、裂隙灯、房角镜、超声生物显微镜等。耳部详述颞骨、外耳、中耳、听小骨、骨迷路、面神经和内耳神经，并配有颞骨连续切片、CT、三维重建、MRI、乳突手术、人工听骨及人工耳蜗植入图。鼻部包括鼻腔、鼻中隔、鼻旁窦、血管神经、鼻内镜、鼻窦CT及泪囊鼻腔造口、钩突切除、蝶窦开放等。咽喉部分涵盖咽腔、咽后间隙、颈部血管神经、H-UPPP、喉软骨肌肉、声门喉腔、喉癌根治术及颈部手术解剖。,completed,1b2af1d1-9fe0-4e76-93f1-f0efe2aba60e,"# Summary
本书为面向临床医生、医学生和教师的眼耳鼻咽喉科临床解剖学图谱，承德医学院与北京同仁医院编写，2006年出版。全书以眼、耳、鼻、咽、喉为五大部分，结合局部解剖、断层解剖、手术解剖及正常器官形态，重点展示结构层次、毗邻关系和临床操作定位，共收彩图446幅。眼部涵盖眶腔、眼睑、眼球壁、视神经、眼外肌、眶内神经血管、泪器、组织学及眼睑整形相关解剖，涉及Graves眼病、上睑下垂、睑内翻、下睑袋、泪道阻塞、裂隙灯、房角镜、超声生物显微镜等。耳部详述颞骨、外耳、中耳、听小骨、骨迷路、面神经和内耳神经，并配有颞骨连续切片、CT、三维重建、MRI、乳突手术、人工听骨及人工耳蜗植入图。鼻部包括鼻腔、鼻中隔、鼻旁窦、血管神经、鼻内镜、鼻窦CT及泪囊鼻腔造口、钩突切除、蝶窦开放等。咽喉部分涵盖咽腔、咽后间隙、颈部血管神经、H-UPPP、喉软骨肌肉、声门喉腔、喉癌根治术及颈部手术解剖。",3072,"# Summary
本书为面向临床医生、医学生和教师的眼耳鼻咽喉科临床解剖学图谱，承德医学院与北京同仁医院编写，2006年出版。全书以眼、耳、鼻、咽、喉为五大部分，结合局部解剖、断层解剖、手术解剖及正常器官形态，重点展示结构层次、毗邻关系和临床操作定位，共收彩图446幅。眼部涵盖眶腔、眼睑、眼球壁、视神经、眼外肌、眶内神经血管、泪器、组织学及眼睑整形相关解剖，涉及Graves眼病、上睑下垂、睑内翻、下睑袋、泪道阻塞、裂隙灯、房角镜、超声生物显微镜等。耳部详述颞骨、外耳、中耳、听小骨、骨迷路、面神经和内耳神经，并配有颞骨连续切片、CT、三维重建、MRI、乳突手术、人工听骨及人工耳蜗植入图。鼻部包括鼻腔、鼻中隔、鼻旁窦、血管神经、鼻内镜、鼻窦CT及泪囊鼻腔造口、钩突切除、蝶窦开放等。咽喉部分涵盖咽腔、咽后间隙、颈部血管神经、H-UPPP、喉软骨肌肉、声门喉腔、喉癌根治术及颈部手术解剖。"
c1e5dca3-7356-4a6f-bb1f-e24780c8f61c,本书为2013年出版的眼底病疑难病例选编，书名含“2012”。精选23种临床真实病例，面向各级眼科医生，尤其适合眼底病临床诊疗、教学与经验总结。全书分视网膜疾病、葡萄膜疾病和其他疾病三部分，涵盖Valsalva视网膜病变、小口氏病、日食性视网膜病变、激光笔黄斑损伤、黄斑裂孔、孔源性视网膜脱离、巨大裂孔、急性视网膜坏死、增生性糖尿病视网膜病变及视网膜脱离术后并发症；葡萄膜炎、葡萄膜渗漏综合征、梅毒性葡萄膜炎、脉络膜肿瘤及肺癌脉络膜转移；白血病相关视网膜病变、巨细胞病毒性视网膜炎、颈内动脉狭窄致新生血管性青光眼和Terson综合征。病例结合病史、眼底检查、眼底彩照、OCT、荧光素眼底血管造影、吲哚菁绿造影、B超、彩色超声多普勒及MRI，讨论激光光凝、冷冻、玻璃体切除、气液交换、重水及硅油填充等治疗与手术技术，并总结诊疗思路、经验教训和围术期处理要点。,completed,b6ca5280-24bb-424c-b88b-8a4721206ff5,"# Summary
本书为2013年出版的眼底病疑难病例选编，书名含“2012”。精选23种临床真实病例，面向各级眼科医生，尤其适合眼底病临床诊疗、教学与经验总结。全书分视网膜疾病、葡萄膜疾病和其他疾病三部分，涵盖Valsalva视网膜病变、小口氏病、日食性视网膜病变、激光笔黄斑损伤、黄斑裂孔、孔源性视网膜脱离、巨大裂孔、急性视网膜坏死、增生性糖尿病视网膜病变及视网膜脱离术后并发症；葡萄膜炎、葡萄膜渗漏综合征、梅毒性葡萄膜炎、脉络膜肿瘤及肺癌脉络膜转移；白血病相关视网膜病变、巨细胞病毒性视网膜炎、颈内动脉狭窄致新生血管性青光眼和Terson综合征。病例结合病史、眼底检查、眼底彩照、OCT、荧光素眼底血管造影、吲哚菁绿造影、B超、彩色超声多普勒及MRI，讨论激光光凝、冷冻、玻璃体切除、气液交换、重水及硅油填充等治疗与手术技术，并总结诊疗思路、经验教训和围术期处理要点。",3072,"# Summary
本书为2013年出版的眼底病疑难病例选编，书名含“2012”。精选23种临床真实病例，面向各级眼科医生，尤其适合眼底病临床诊疗、教学与经验总结。全书分视网膜疾病、葡萄膜疾病和其他疾病三部分，涵盖Valsalva视网膜病变、小口氏病、日食性视网膜病变、激光笔黄斑损伤、黄斑裂孔、孔源性视网膜脱离、巨大裂孔、急性视网膜坏死、增生性糖尿病视网膜病变及视网膜脱离术后并发症；葡萄膜炎、葡萄膜渗漏综合征、梅毒性葡萄膜炎、脉络膜肿瘤及肺癌脉络膜转移；白血病相关视网膜病变、巨细胞病毒性视网膜炎、颈内动脉狭窄致新生血管性青光眼和Terson综合征。病例结合病史、眼底检查、眼底彩照、OCT、荧光素眼底血管造影、吲哚菁绿造影、B超、彩色超声多普勒及MRI，讨论激光光凝、冷冻、玻璃体切除、气液交换、重水及硅油填充等治疗与手术技术，并总结诊疗思路、经验教训和围术期处理要点。"
8a42fd25-b309-4389-9cdb-0a81fc1faabb,本书为朱志忠编著、2016年出版的眼表病临床诊疗与手术技术专著，面向眼科医师、眼表亚专业医师及相关教学科研人员。全书分为应用性基础理论、临床诊疗、治疗和增视性眼表手术三篇：先介绍角膜应用解剖与生理、眼表细胞学检查、眼表用药途径和准则；继而围绕泪膜与干眼、眼表理学检查、角膜水肿、感染性角膜溃疡及铜绿假单胞菌性角膜溃疡、真菌性角膜炎、红眼、眼表烧伤、蚕蚀性角膜溃疡、圆锥角膜、复发性角膜上皮糜烂、接触镜相关眼病、医源性角膜结膜毒性和眼表肿瘤展开诊断、鉴别与处理；最后讨论后弹力层膨出、角膜穿孔、羊膜贴敷、眼库与角膜保存、深板层及成分性角膜移植、角膜缘干细胞移植、人工角膜等。涉及泪膜、角膜屏障、共聚焦显微镜、角膜内皮镜、感染控制、药物递送及眼表重建等关键词。,completed,f6e137af-15a1-4878-883c-10aaaac6ca1d,"# Summary
本书为朱志忠编著、2016年出版的眼表病临床诊疗与手术技术专著，面向眼科医师、眼表亚专业医师及相关教学科研人员。全书分为应用性基础理论、临床诊疗、治疗和增视性眼表手术三篇：先介绍角膜应用解剖与生理、眼表细胞学检查、眼表用药途径和准则；继而围绕泪膜与干眼、眼表理学检查、角膜水肿、感染性角膜溃疡及铜绿假单胞菌性角膜溃疡、真菌性角膜炎、红眼、眼表烧伤、蚕蚀性角膜溃疡、圆锥角膜、复发性角膜上皮糜烂、接触镜相关眼病、医源性角膜结膜毒性和眼表肿瘤展开诊断、鉴别与处理；最后讨论后弹力层膨出、角膜穿孔、羊膜贴敷、眼库与角膜保存、深板层及成分性角膜移植、角膜缘干细胞移植、人工角膜等。涉及泪膜、角膜屏障、共聚焦显微镜、角膜内皮镜、感染控制、药物递送及眼表重建等关键词。",3072,"# Summary
本书为朱志忠编著、2016年出版的眼表病临床诊疗与手术技术专著，面向眼科医师、眼表亚专业医师及相关教学科研人员。全书分为应用性基础理论、临床诊疗、治疗和增视性眼表手术三篇：先介绍角膜应用解剖与生理、眼表细胞学检查、眼表用药途径和准则；继而围绕泪膜与干眼、眼表理学检查、角膜水肿、感染性角膜溃疡及铜绿假单胞菌性角膜溃疡、真菌性角膜炎、红眼、眼表烧伤、蚕蚀性角膜溃疡、圆锥角膜、复发性角膜上皮糜烂、接触镜相关眼病、医源性角膜结膜毒性和眼表肿瘤展开诊断、鉴别与处理；最后讨论后弹力层膨出、角膜穿孔、羊膜贴敷、眼库与角膜保存、深板层及成分性角膜移植、角膜缘干细胞移植、人工角膜等。涉及泪膜、角膜屏障、共聚焦显微镜、角膜内皮镜、感染控制、药物递送及眼表重建等关键词。"
cc65c340-be64-48f4-9691-2fb7fba0e58e,本书由王育良、李凯主编，2008年出版，定位于融合视光学与眼科学的专业教材，适用于验光师、眼科医师、眼科住院医师及角膜病专科人员。全书涵盖视光学基础、眼屈光系统、视觉神经解剖生理与视觉生理；系统介绍视功能、屈光状态、裂隙灯、眼底及视觉电生理检查，以及眼部超声、角膜共焦显微镜、OCT、HRT、荧光素和吲哚青绿眼底血管造影等影像技术。治疗部分包括药物治疗、配镜、角膜接触镜、人工晶体、物理疗法、激光及视觉神经刺激疗法，并详述角膜移植、屈光、老视、白内障、青光眼、视网膜玻璃体、眼外伤和眼肌手术。疾病篇涉及远视、近视、散光、屈光参差、老视，眼表及角膜病、白内障、青光眼、葡萄膜病、玻璃体和视网膜病、视路疾病、低视力、光污染、全身病眼部表现及眼外伤。,completed,08a9b853-8790-4771-a371-632f3c587d13,"# Summary
本书由王育良、李凯主编，2008年出版，定位于融合视光学与眼科学的专业教材，适用于验光师、眼科医师、眼科住院医师及角膜病专科人员。全书涵盖视光学基础、眼屈光系统、视觉神经解剖生理与视觉生理；系统介绍视功能、屈光状态、裂隙灯、眼底及视觉电生理检查，以及眼部超声、角膜共焦显微镜、OCT、HRT、荧光素和吲哚青绿眼底血管造影等影像技术。治疗部分包括药物治疗、配镜、角膜接触镜、人工晶体、物理疗法、激光及视觉神经刺激疗法，并详述角膜移植、屈光、老视、白内障、青光眼、视网膜玻璃体、眼外伤和眼肌手术。疾病篇涉及远视、近视、散光、屈光参差、老视，眼表及角膜病、白内障、青光眼、葡萄膜病、玻璃体和视网膜病、视路疾病、低视力、光污染、全身病眼部表现及眼外伤。",3072,"# Summary
本书由王育良、李凯主编，2008年出版，定位于融合视光学与眼科学的专业教材，适用于验光师、眼科医师、眼科住院医师及角膜病专科人员。全书涵盖视光学基础、眼屈光系统、视觉神经解剖生理与视觉生理；系统介绍视功能、屈光状态、裂隙灯、眼底及视觉电生理检查，以及眼部超声、角膜共焦显微镜、OCT、HRT、荧光素和吲哚青绿眼底血管造影等影像技术。治疗部分包括药物治疗、配镜、角膜接触镜、人工晶体、物理疗法、激光及视觉神经刺激疗法，并详述角膜移植、屈光、老视、白内障、青光眼、视网膜玻璃体、眼外伤和眼肌手术。疾病篇涉及远视、近视、散光、屈光参差、老视，眼表及角膜病、白内障、青光眼、葡萄膜病、玻璃体和视网膜病、视路疾病、低视力、光污染、全身病眼部表现及眼外伤。"
431f5fd5-fa01-4329-9883-2da449261fca,本书由李冬梅主编，2008年出版，定位为眼部整形美容外科的临床图谱与手术参考书，适用于眼整形美容医师，也可供整形外科、颌面外科医师参考。全书共5篇36章，涵盖眼部整形美容外科基础、眼睑与眉、结膜、泪器及眼窝与眼眶。内容包括眼部解剖、美学评估、术前检查与医学照相、手术设计、无菌及无创操作、切口、剥离、止血、缝合、皮片皮瓣和黏膜等组织移植、生物材料及术后处理。重点介绍重睑成形、下睑袋切除、眼睑松弛、眉下垂、眼睑及面肌痉挛、眼睑外伤、瘢痕性睑内外翻、上睑下垂、眼睑退缩、先天畸形、眼睑肿瘤切除与缺损重建；并涉及翼状胬肉、睑球粘连、泪点泪小管异常、泪道义管植入。眼眶部分包括X线、CT、MRI影像，先天性小眼球或无眼球、结膜囊成形、羟基磷灰石义眼台、眶壁及颌面部骨折整复、游离皮瓣眼窝再造和义眼定制配戴，并系统讨论术后并发症及修复处理。,completed,39153205-d990-4c36-9364-181a5d8c96ae,"# Summary
本书由李冬梅主编，2008年出版，定位为眼部整形美容外科的临床图谱与手术参考书，适用于眼整形美容医师，也可供整形外科、颌面外科医师参考。全书共5篇36章，涵盖眼部整形美容外科基础、眼睑与眉、结膜、泪器及眼窝与眼眶。内容包括眼部解剖、美学评估、术前检查与医学照相、手术设计、无菌及无创操作、切口、剥离、止血、缝合、皮片皮瓣和黏膜等组织移植、生物材料及术后处理。重点介绍重睑成形、下睑袋切除、眼睑松弛、眉下垂、眼睑及面肌痉挛、眼睑外伤、瘢痕性睑内外翻、上睑下垂、眼睑退缩、先天畸形、眼睑肿瘤切除与缺损重建；并涉及翼状胬肉、睑球粘连、泪点泪小管异常、泪道义管植入。眼眶部分包括X线、CT、MRI影像，先天性小眼球或无眼球、结膜囊成形、羟基磷灰石义眼台、眶壁及颌面部骨折整复、游离皮瓣眼窝再造和义眼定制配戴，并系统讨论术后并发症及修复处理。",3072,"# Summary
本书由李冬梅主编，2008年出版，定位为眼部整形美容外科的临床图谱与手术参考书，适用于眼整形美容医师，也可供整形外科、颌面外科医师参考。全书共5篇36章，涵盖眼部整形美容外科基础、眼睑与眉、结膜、泪器及眼窝与眼眶。内容包括眼部解剖、美学评估、术前检查与医学照相、手术设计、无菌及无创操作、切口、剥离、止血、缝合、皮片皮瓣和黏膜等组织移植、生物材料及术后处理。重点介绍重睑成形、下睑袋切除、眼睑松弛、眉下垂、眼睑及面肌痉挛、眼睑外伤、瘢痕性睑内外翻、上睑下垂、眼睑退缩、先天畸形、眼睑肿瘤切除与缺损重建；并涉及翼状胬肉、睑球粘连、泪点泪小管异常、泪道义管植入。眼眶部分包括X线、CT、MRI影像，先天性小眼球或无眼球、结膜囊成形、羟基磷灰石义眼台、眶壁及颌面部骨折整复、游离皮瓣眼窝再造和义眼定制配戴，并系统讨论术后并发症及修复处理。"
fbe96bfb-73f4-47f7-bc8b-9e5fa6fd835a,本书为2015年出版的《眼表疾病临床系列》专著，面向眼科临床医生及相关研究人员。全书分基础篇和临床篇：基础篇介绍睑缘胚胎发育、解剖、组织学、免疫学、病理生理学，以及睑板与睑板腺的解剖、组织、脂质分泌和功能；临床篇系统讨论睑缘炎、蠕形螨睑缘炎、睑缘炎相关角结膜病变（BKC）、睑板腺功能障碍（MGD）及其相关干眼，涵盖流行病学、病因机制、临床表现、分类分级、诊断标准、鉴别诊断、辅助检查、治疗、预防和典型病例。重点涉及前后及混合型睑缘炎、葡萄球菌性和脂溢性睑缘炎、蠕形螨感染、睑板腺阻塞与萎缩、干眼、角膜浸润及溃疡等；介绍裂隙灯、睑板腺挤压、红外睑板腺成像、活体角膜共聚焦显微镜、泪膜及眼表检查，以及热敷、睑缘清洁、药物和睑板腺热脉动治疗等技术。,completed,8d8bba65-5f25-45b2-a03b-2396b3604ee9,"# Summary
本书为2015年出版的《眼表疾病临床系列》专著，面向眼科临床医生及相关研究人员。全书分基础篇和临床篇：基础篇介绍睑缘胚胎发育、解剖、组织学、免疫学、病理生理学，以及睑板与睑板腺的解剖、组织、脂质分泌和功能；临床篇系统讨论睑缘炎、蠕形螨睑缘炎、睑缘炎相关角结膜病变（BKC）、睑板腺功能障碍（MGD）及其相关干眼，涵盖流行病学、病因机制、临床表现、分类分级、诊断标准、鉴别诊断、辅助检查、治疗、预防和典型病例。重点涉及前后及混合型睑缘炎、葡萄球菌性和脂溢性睑缘炎、蠕形螨感染、睑板腺阻塞与萎缩、干眼、角膜浸润及溃疡等；介绍裂隙灯、睑板腺挤压、红外睑板腺成像、活体角膜共聚焦显微镜、泪膜及眼表检查，以及热敷、睑缘清洁、药物和睑板腺热脉动治疗等技术。",3072,"# Summary
本书为2015年出版的《眼表疾病临床系列》专著，面向眼科临床医生及相关研究人员。全书分基础篇和临床篇：基础篇介绍睑缘胚胎发育、解剖、组织学、免疫学、病理生理学，以及睑板与睑板腺的解剖、组织、脂质分泌和功能；临床篇系统讨论睑缘炎、蠕形螨睑缘炎、睑缘炎相关角结膜病变（BKC）、睑板腺功能障碍（MGD）及其相关干眼，涵盖流行病学、病因机制、临床表现、分类分级、诊断标准、鉴别诊断、辅助检查、治疗、预防和典型病例。重点涉及前后及混合型睑缘炎、葡萄球菌性和脂溢性睑缘炎、蠕形螨感染、睑板腺阻塞与萎缩、干眼、角膜浸润及溃疡等；介绍裂隙灯、睑板腺挤压、红外睑板腺成像、活体角膜共聚焦显微镜、泪膜及眼表检查，以及热敷、睑缘清洁、药物和睑板腺热脉动治疗等技术。"
c6beb76d-cbb7-4530-8bdc-4e288442ccad,本书出版于2018年，是面向硬性角膜接触镜验配初学者的实操型专业指导书，也可供视光医师、临床眼科医师、验光师及医学院校、视光职业学校师生参考。全书涵盖角膜解剖生理、镜片材料、场地设备、法规与档案设计，以及基于Placido盘的角膜地形图检查和阅读；介绍硬镜戴摘、护理、清洁与随访。重点讲解RGP镜的球面、后复曲面和双复曲面验配，适配者筛选、问诊检查、参数测量、试戴评估及常见配适问题；系统介绍角膜塑形镜的适应证、非适应证、近视控制原理、安全性、验配流程、散光设计、参数调整、复诊管理，并涵盖CRT及双矢高CRT技术。内容还涉及近视、远视、散光、弱视、圆锥角膜、不规则角膜散光、角膜外伤及角膜屈光手术后矫正，比较角膜塑形与角膜屈光手术，并讨论角膜上皮损伤、角膜色素环、角膜浸润或溃疡、感染性角膜炎、泪液及结膜异常等并发症防治。,completed,b5cb3d13-5469-4ed4-ab43-c328570e37d6,"# Summary
本书出版于2018年，是面向硬性角膜接触镜验配初学者的实操型专业指导书，也可供视光医师、临床眼科医师、验光师及医学院校、视光职业学校师生参考。全书涵盖角膜解剖生理、镜片材料、场地设备、法规与档案设计，以及基于Placido盘的角膜地形图检查和阅读；介绍硬镜戴摘、护理、清洁与随访。重点讲解RGP镜的球面、后复曲面和双复曲面验配，适配者筛选、问诊检查、参数测量、试戴评估及常见配适问题；系统介绍角膜塑形镜的适应证、非适应证、近视控制原理、安全性、验配流程、散光设计、参数调整、复诊管理，并涵盖CRT及双矢高CRT技术。内容还涉及近视、远视、散光、弱视、圆锥角膜、不规则角膜散光、角膜外伤及角膜屈光手术后矫正，比较角膜塑形与角膜屈光手术，并讨论角膜上皮损伤、角膜色素环、角膜浸润或溃疡、感染性角膜炎、泪液及结膜异常等并发症防治。",3072,"# Summary
本书出版于2018年，是面向硬性角膜接触镜验配初学者的实操型专业指导书，也可供视光医师、临床眼科医师、验光师及医学院校、视光职业学校师生参考。全书涵盖角膜解剖生理、镜片材料、场地设备、法规与档案设计，以及基于Placido盘的角膜地形图检查和阅读；介绍硬镜戴摘、护理、清洁与随访。重点讲解RGP镜的球面、后复曲面和双复曲面验配，适配者筛选、问诊检查、参数测量、试戴评估及常见配适问题；系统介绍角膜塑形镜的适应证、非适应证、近视控制原理、安全性、验配流程、散光设计、参数调整、复诊管理，并涵盖CRT及双矢高CRT技术。内容还涉及近视、远视、散光、弱视、圆锥角膜、不规则角膜散光、角膜外伤及角膜屈光手术后矫正，比较角膜塑形与角膜屈光手术，并讨论角膜上皮损伤、角膜色素环、角膜浸润或溃疡、感染性角膜炎、泪液及结膜异常等并发症防治。"
5173a006-713f-4478-80db-ca3026d61493,本书出版于2004年，是Roy W. Beck、Craig H. Smith编著的病例导向式神经眼科学教材，中译本出版于2005年1月，适合眼科、神经眼科、神经内外科医师、住院医师、实习医师及医学影像学人员参考。全书以典型病例展开，强调病史采集、神经眼科查体、视力与色觉、瞳孔反应、视野、眼底及眼球运动检查，并结合实验室检查和神经影像学进行诊断、鉴别诊断、治疗与预后判断。主要内容涵盖视神经炎、儿童视神经炎、缺血性视神经病变、巨细胞动脉炎、大脑假瘤、假性视乳头水肿、压迫性病变、视神经胶质瘤、遗传性及营养性视神经萎缩、Leber病、外伤和发育异常；并讨论一过性黑朦、视交叉及视束综合征、偏盲、偏头痛、功能性视力下降、Graves眼病、各类颅神经麻痹、核间性眼肌麻痹、Fisher综合征、眶尖综合征、重症肌无力、Horner综合征、Adie综合征、海绵窦瘘及特发性睑痉挛等。,completed,d0056c30-3ed1-42e5-90e3-23d60ea1e487,"# Summary
本书出版于2004年，是Roy W. Beck、Craig H. Smith编著的病例导向式神经眼科学教材，中译本出版于2005年1月，适合眼科、神经眼科、神经内外科医师、住院医师、实习医师及医学影像学人员参考。全书以典型病例展开，强调病史采集、神经眼科查体、视力与色觉、瞳孔反应、视野、眼底及眼球运动检查，并结合实验室检查和神经影像学进行诊断、鉴别诊断、治疗与预后判断。主要内容涵盖视神经炎、儿童视神经炎、缺血性视神经病变、巨细胞动脉炎、大脑假瘤、假性视乳头水肿、压迫性病变、视神经胶质瘤、遗传性及营养性视神经萎缩、Leber病、外伤和发育异常；并讨论一过性黑朦、视交叉及视束综合征、偏盲、偏头痛、功能性视力下降、Graves眼病、各类颅神经麻痹、核间性眼肌麻痹、Fisher综合征、眶尖综合征、重症肌无力、Horner综合征、Adie综合征、海绵窦瘘及特发性睑痉挛等。",3072,"# Summary
本书出版于2004年，是Roy W. Beck、Craig H. Smith编著的病例导向式神经眼科学教材，中译本出版于2005年1月，适合眼科、神经眼科、神经内外科医师、住院医师、实习医师及医学影像学人员参考。全书以典型病例展开，强调病史采集、神经眼科查体、视力与色觉、瞳孔反应、视野、眼底及眼球运动检查，并结合实验室检查和神经影像学进行诊断、鉴别诊断、治疗与预后判断。主要内容涵盖视神经炎、儿童视神经炎、缺血性视神经病变、巨细胞动脉炎、大脑假瘤、假性视乳头水肿、压迫性病变、视神经胶质瘤、遗传性及营养性视神经萎缩、Leber病、外伤和发育异常；并讨论一过性黑朦、视交叉及视束综合征、偏盲、偏头痛、功能性视力下降、Graves眼病、各类颅神经麻痹、核间性眼肌麻痹、Fisher综合征、眶尖综合征、重症肌无力、Horner综合征、Adie综合征、海绵窦瘘及特发性睑痉挛等。"
8d807cd8-8700-4558-8fa3-a307f6ea4181,本书出版于2007年，是杨柳主编、2013年出版的葡萄膜炎临床图谱，面向眼科医生，尤其适合低年资医师、眼科学生及从事葡萄膜病诊疗者。全书以典型病例图像结合简要文字，介绍葡萄膜炎定义、SUN分类、病因变迁、前/中间/后及全葡萄膜炎的临床表现、并发症和诊疗要点。内容涵盖感染性葡萄膜炎，包括细菌、螺旋体、病毒、真菌、原虫及寄生虫感染；非感染性葡萄膜炎，包括晶状体相关性葡萄膜炎、交感性眼炎、Fuchs虹膜异色性虹膜睫状体炎、特发性中间葡萄膜炎、风湿病及结缔组织病相关葡萄膜炎、Behçet病、结节病和Vogt-小柳原田病；并涉及伪装综合征、脉络膜毛细血管—玻璃膜—视网膜色素上皮复合体炎性疾病及葡萄膜先天和其他异常。重点关键词包括裂隙灯、前节照相、眼底照相、FFA、ICGA、眼底自发荧光、OCT、UBM、B超、黄斑水肿、并发性白内障、继发性青光眼、视网膜血管炎，以及糖皮质激素、激光虹膜周边切除、硅油填充/取出和复杂白内障、玻璃体视网膜手术。,completed,80d72b1c-6fb8-4c71-823c-ed86cdbbbfaa,"# Summary
本书出版于2007年，是杨柳主编、2013年出版的葡萄膜炎临床图谱，面向眼科医生，尤其适合低年资医师、眼科学生及从事葡萄膜病诊疗者。全书以典型病例图像结合简要文字，介绍葡萄膜炎定义、SUN分类、病因变迁、前/中间/后及全葡萄膜炎的临床表现、并发症和诊疗要点。内容涵盖感染性葡萄膜炎，包括细菌、螺旋体、病毒、真菌、原虫及寄生虫感染；非感染性葡萄膜炎，包括晶状体相关性葡萄膜炎、交感性眼炎、Fuchs虹膜异色性虹膜睫状体炎、特发性中间葡萄膜炎、风湿病及结缔组织病相关葡萄膜炎、Behçet病、结节病和Vogt-小柳原田病；并涉及伪装综合征、脉络膜毛细血管—玻璃膜—视网膜色素上皮复合体炎性疾病及葡萄膜先天和其他异常。重点关键词包括裂隙灯、前节照相、眼底照相、FFA、ICGA、眼底自发荧光、OCT、UBM、B超、黄斑水肿、并发性白内障、继发性青光眼、视网膜血管炎，以及糖皮质激素、激光虹膜周边切除、硅油填充/取出和复杂白内障、玻璃体视网膜手术。",3072,"# Summary
本书出版于2007年，是杨柳主编、2013年出版的葡萄膜炎临床图谱，面向眼科医生，尤其适合低年资医师、眼科学生及从事葡萄膜病诊疗者。全书以典型病例图像结合简要文字，介绍葡萄膜炎定义、SUN分类、病因变迁、前/中间/后及全葡萄膜炎的临床表现、并发症和诊疗要点。内容涵盖感染性葡萄膜炎，包括细菌、螺旋体、病毒、真菌、原虫及寄生虫感染；非感染性葡萄膜炎，包括晶状体相关性葡萄膜炎、交感性眼炎、Fuchs虹膜异色性虹膜睫状体炎、特发性中间葡萄膜炎、风湿病及结缔组织病相关葡萄膜炎、Behçet病、结节病和Vogt-小柳原田病；并涉及伪装综合征、脉络膜毛细血管—玻璃膜—视网膜色素上皮复合体炎性疾病及葡萄膜先天和其他异常。重点关键词包括裂隙灯、前节照相、眼底照相、FFA、ICGA、眼底自发荧光、OCT、UBM、B超、黄斑水肿、并发性白内障、继发性青光眼、视网膜血管炎，以及糖皮质激素、激光虹膜周边切除、硅油填充/取出和复杂白内障、玻璃体视网膜手术。"
2c29650f-deba-46bc-bed0-a74b2e52c901,本书为2017年出版的神经眼科病例图解，面向眼科、神经内科、神经外科、耳鼻喉科及影像科医师，尤其适合神经眼科专业学习和临床疑难病例鉴别。全书以典型及部分疑难病例为主线，涵盖先天性视盘异常、相关眼底疾病、青光眼性视神经病变、视神经炎、缺血性、压迫性或浸润性、遗传性、外伤性、放射性及中毒营养不良性视神经病变，并延伸至视乳头水肿、视交叉与海绵窦疾病、视路病变、眼球运动障碍、眼位偏斜及瞳孔异常。重点涉及视神经发育不全、视盘玻璃疣、视网膜动脉阻塞、Vogt-小柳原田综合征、视神经胶质瘤、Leber遗传性视神经病变、垂体瘤、动眼神经麻痹、Horner综合征等。书中结合眼底彩照、视野、OCT、B超、CT、MRI、FFA、ICGA、眼底自发荧光、ERG及MRA/CTA/DSA等检查，介绍糖皮质激素、免疫抑制、抗VEGF、视网膜光凝、降低眼压、颈动脉内膜剥除及支架植入等诊疗技术。,completed,3870e1a3-70b4-4f69-be51-53a5dc1ec7c9,"# Summary
本书为2017年出版的神经眼科病例图解，面向眼科、神经内科、神经外科、耳鼻喉科及影像科医师，尤其适合神经眼科专业学习和临床疑难病例鉴别。全书以典型及部分疑难病例为主线，涵盖先天性视盘异常、相关眼底疾病、青光眼性视神经病变、视神经炎、缺血性、压迫性或浸润性、遗传性、外伤性、放射性及中毒营养不良性视神经病变，并延伸至视乳头水肿、视交叉与海绵窦疾病、视路病变、眼球运动障碍、眼位偏斜及瞳孔异常。重点涉及视神经发育不全、视盘玻璃疣、视网膜动脉阻塞、Vogt-小柳原田综合征、视神经胶质瘤、Leber遗传性视神经病变、垂体瘤、动眼神经麻痹、Horner综合征等。书中结合眼底彩照、视野、OCT、B超、CT、MRI、FFA、ICGA、眼底自发荧光、ERG及MRA/CTA/DSA等检查，介绍糖皮质激素、免疫抑制、抗VEGF、视网膜光凝、降低眼压、颈动脉内膜剥除及支架植入等诊疗技术。",3072,"# Summary
本书为2017年出版的神经眼科病例图解，面向眼科、神经内科、神经外科、耳鼻喉科及影像科医师，尤其适合神经眼科专业学习和临床疑难病例鉴别。全书以典型及部分疑难病例为主线，涵盖先天性视盘异常、相关眼底疾病、青光眼性视神经病变、视神经炎、缺血性、压迫性或浸润性、遗传性、外伤性、放射性及中毒营养不良性视神经病变，并延伸至视乳头水肿、视交叉与海绵窦疾病、视路病变、眼球运动障碍、眼位偏斜及瞳孔异常。重点涉及视神经发育不全、视盘玻璃疣、视网膜动脉阻塞、Vogt-小柳原田综合征、视神经胶质瘤、Leber遗传性视神经病变、垂体瘤、动眼神经麻痹、Horner综合征等。书中结合眼底彩照、视野、OCT、B超、CT、MRI、FFA、ICGA、眼底自发荧光、ERG及MRA/CTA/DSA等检查，介绍糖皮质激素、免疫抑制、抗VEGF、视网膜光凝、降低眼压、颈动脉内膜剥除及支架植入等诊疗技术。"
d7e3e1f4-10c3-47da-af3f-e1b209fb33f6,本书出版于2015年，是面向眼科、神经内科、神经外科及相关临床医师的提纲式神经眼科参考手册，强调简明、实用、便于快速查阅。全书涵盖视野及视路、核上性和核间性凝视通路、眼球震颤与眼球振荡、展神经、动眼神经和滑车神经麻痹、海绵窦综合征、瞳孔、视盘水肿与视神经萎缩、重症肌无力和眼肌病、三叉及面神经综合征、眼睑疾病、头痛、颈动脉疾病与眼、非器质性视觉障碍、高级视觉功能障碍、神经皮肤病和神经影像。内容涉及偏盲、复视、凝视障碍、眼肌麻痹、视神经病变及血管性疾病的临床表现与鉴别。重点介绍Amsler方格、对向检查、动态及自动静态视野计、眼球运动和前庭功能检查，以及MRI、MRA、MRV、CTA、脑血管造影、OCT和腰穿等技术，并涉及Epley/Semont复位、肿瘤切除、上斜肌手术、瘘管闭合、激素、免疫球蛋白、血浆置换及相关药物治疗。,completed,ac764c8b-11b9-485f-8e2b-0c6afd930eb5,"# Summary
本书出版于2015年，是面向眼科、神经内科、神经外科及相关临床医师的提纲式神经眼科参考手册，强调简明、实用、便于快速查阅。全书涵盖视野及视路、核上性和核间性凝视通路、眼球震颤与眼球振荡、展神经、动眼神经和滑车神经麻痹、海绵窦综合征、瞳孔、视盘水肿与视神经萎缩、重症肌无力和眼肌病、三叉及面神经综合征、眼睑疾病、头痛、颈动脉疾病与眼、非器质性视觉障碍、高级视觉功能障碍、神经皮肤病和神经影像。内容涉及偏盲、复视、凝视障碍、眼肌麻痹、视神经病变及血管性疾病的临床表现与鉴别。重点介绍Amsler方格、对向检查、动态及自动静态视野计、眼球运动和前庭功能检查，以及MRI、MRA、MRV、CTA、脑血管造影、OCT和腰穿等技术，并涉及Epley/Semont复位、肿瘤切除、上斜肌手术、瘘管闭合、激素、免疫球蛋白、血浆置换及相关药物治疗。",3072,"# Summary
本书出版于2015年，是面向眼科、神经内科、神经外科及相关临床医师的提纲式神经眼科参考手册，强调简明、实用、便于快速查阅。全书涵盖视野及视路、核上性和核间性凝视通路、眼球震颤与眼球振荡、展神经、动眼神经和滑车神经麻痹、海绵窦综合征、瞳孔、视盘水肿与视神经萎缩、重症肌无力和眼肌病、三叉及面神经综合征、眼睑疾病、头痛、颈动脉疾病与眼、非器质性视觉障碍、高级视觉功能障碍、神经皮肤病和神经影像。内容涉及偏盲、复视、凝视障碍、眼肌麻痹、视神经病变及血管性疾病的临床表现与鉴别。重点介绍Amsler方格、对向检查、动态及自动静态视野计、眼球运动和前庭功能检查，以及MRI、MRA、MRV、CTA、脑血管造影、OCT和腰穿等技术，并涉及Epley/Semont复位、肿瘤切除、上斜肌手术、瘘管闭合、激素、免疫球蛋白、血浆置换及相关药物治疗。"
20c4564f-9d39-4b91-83ac-e448ba6c4a9a,本书（2016年）系统介绍结膜松弛症及相关眼表泪液疾病，适合眼科医护人员及相关专业学习、临床诊疗与研究参考。内容涵盖结膜、泪液泪道及眼睑的解剖生理，干眼、翼状胬肉、结膜炎、睑板腺炎相关性角结膜炎等疾病进展，结膜松弛症的流行病学、临床表现、诊断与分级、发病机制及治疗护理。重点讨论胶原纤维融解、弹力纤维变性、淋巴管扩张、杯状细胞改变、基质金属蛋白酶（MMPs）和炎性因子等机制，并介绍裂隙灯、泪液分泌与排泄检查、泪膜破裂时间、印迹细胞学、结膜活检、Cochet-Bonnet知觉测定、前节OCT、组织病理及99mTc-SPECT动态显像等检查影像技术。治疗涉及人工泪液、药物、中医药及针刺，手术包括结膜新月形切除、双极电凝、结膜缝线固定、下睑缘高张力减弱、羊膜移植、定量定位切除和纤维蛋白胶应用，并附诊疗规范及护理要点。,completed,00e0dad2-2efc-4b89-9f33-94088f2a241a,"# Summary
本书（2016年）系统介绍结膜松弛症及相关眼表泪液疾病，适合眼科医护人员及相关专业学习、临床诊疗与研究参考。内容涵盖结膜、泪液泪道及眼睑的解剖生理，干眼、翼状胬肉、结膜炎、睑板腺炎相关性角结膜炎等疾病进展，结膜松弛症的流行病学、临床表现、诊断与分级、发病机制及治疗护理。重点讨论胶原纤维融解、弹力纤维变性、淋巴管扩张、杯状细胞改变、基质金属蛋白酶（MMPs）和炎性因子等机制，并介绍裂隙灯、泪液分泌与排泄检查、泪膜破裂时间、印迹细胞学、结膜活检、Cochet-Bonnet知觉测定、前节OCT、组织病理及99mTc-SPECT动态显像等检查影像技术。治疗涉及人工泪液、药物、中医药及针刺，手术包括结膜新月形切除、双极电凝、结膜缝线固定、下睑缘高张力减弱、羊膜移植、定量定位切除和纤维蛋白胶应用，并附诊疗规范及护理要点。",3072,"# Summary
本书（2016年）系统介绍结膜松弛症及相关眼表泪液疾病，适合眼科医护人员及相关专业学习、临床诊疗与研究参考。内容涵盖结膜、泪液泪道及眼睑的解剖生理，干眼、翼状胬肉、结膜炎、睑板腺炎相关性角结膜炎等疾病进展，结膜松弛症的流行病学、临床表现、诊断与分级、发病机制及治疗护理。重点讨论胶原纤维融解、弹力纤维变性、淋巴管扩张、杯状细胞改变、基质金属蛋白酶（MMPs）和炎性因子等机制，并介绍裂隙灯、泪液分泌与排泄检查、泪膜破裂时间、印迹细胞学、结膜活检、Cochet-Bonnet知觉测定、前节OCT、组织病理及99mTc-SPECT动态显像等检查影像技术。治疗涉及人工泪液、药物、中医药及针刺，手术包括结膜新月形切除、双极电凝、结膜缝线固定、下睑缘高张力减弱、羊膜移植、定量定位切除和纤维蛋白胶应用，并附诊疗规范及护理要点。"
7c282d1d-5ed7-400e-b8af-7018c74d3ad5,2006年出版。本书面向眼科临床医生、视觉电生理检查人员及相关教学科研人员，围绕德国ROLAND视觉电生理系统的规范操作与临床判读展开。全书先介绍RETIport/RETiscan系统结构、Ganzfeld刺激器、放大器、参数设置及数据管理；继而系统讲解全视野ERG的视网膜解剖、生理起源、ISCEV标准、暗视与明视五项反应、记录分析和打印，并结合视网膜色素变性、结晶样视网膜变性、先天性视网膜劈裂、静止性夜盲、视网膜血管病变、高度近视、视网膜脱离、锥细胞营养不良、Stargardt病、老年黄斑变性及弱视等图谱说明。随后介绍mfERG的多六边形刺激、m序列、信号处理、报告及黄斑裂孔、脉络膜新生血管、黄斑前膜、黄斑囊样水肿、糖尿病视网膜病变等应用；并讲述VEP标准、波形测量及视神经外伤、缺血性视神经病变、青光眼、眼眶占位和白内障。最后讨论EOG及ERG-VEP联合定位，并结合眼底照相、OCT、荧光素眼底血管造影和激光治疗等资料综合判断。,completed,1eecbc09-897d-4829-a386-104eac9bbb1c,"# Summary
2006年出版。本书面向眼科临床医生、视觉电生理检查人员及相关教学科研人员，围绕德国ROLAND视觉电生理系统的规范操作与临床判读展开。全书先介绍RETIport/RETiscan系统结构、Ganzfeld刺激器、放大器、参数设置及数据管理；继而系统讲解全视野ERG的视网膜解剖、生理起源、ISCEV标准、暗视与明视五项反应、记录分析和打印，并结合视网膜色素变性、结晶样视网膜变性、先天性视网膜劈裂、静止性夜盲、视网膜血管病变、高度近视、视网膜脱离、锥细胞营养不良、Stargardt病、老年黄斑变性及弱视等图谱说明。随后介绍mfERG的多六边形刺激、m序列、信号处理、报告及黄斑裂孔、脉络膜新生血管、黄斑前膜、黄斑囊样水肿、糖尿病视网膜病变等应用；并讲述VEP标准、波形测量及视神经外伤、缺血性视神经病变、青光眼、眼眶占位和白内障。最后讨论EOG及ERG-VEP联合定位，并结合眼底照相、OCT、荧光素眼底血管造影和激光治疗等资料综合判断。",3072,"# Summary
2006年出版。本书面向眼科临床医生、视觉电生理检查人员及相关教学科研人员，围绕德国ROLAND视觉电生理系统的规范操作与临床判读展开。全书先介绍RETIport/RETiscan系统结构、Ganzfeld刺激器、放大器、参数设置及数据管理；继而系统讲解全视野ERG的视网膜解剖、生理起源、ISCEV标准、暗视与明视五项反应、记录分析和打印，并结合视网膜色素变性、结晶样视网膜变性、先天性视网膜劈裂、静止性夜盲、视网膜血管病变、高度近视、视网膜脱离、锥细胞营养不良、Stargardt病、老年黄斑变性及弱视等图谱说明。随后介绍mfERG的多六边形刺激、m序列、信号处理、报告及黄斑裂孔、脉络膜新生血管、黄斑前膜、黄斑囊样水肿、糖尿病视网膜病变等应用；并讲述VEP标准、波形测量及视神经外伤、缺血性视神经病变、青光眼、眼眶占位和白内障。最后讨论EOG及ERG-VEP联合定位，并结合眼底照相、OCT、荧光素眼底血管造影和激光治疗等资料综合判断。"
f4c0b408-9faf-40a5-8639-6b5de438b029,本书出版于2009年，是面向眼科、神经科临床医师及其他医学工作者的OCTOPUS自动视野检查实用参考书。全书介绍视野检查历史、静态与动态视野、正常视野、光差灵敏度阈值、GoldmannⅢ视标及标准测试条件；系统讲解普通、分段、TOP、RAMP及定性筛选策略，并涵盖蓝-黄视野、闪烁视野、CFF、Goldmann动态视野、mfERG和mfVEP等特殊检查。书中详细说明OCTOPUS G1/G2、32、黄斑、神经眼科、糖尿病、睑下垂、低视力、青光眼筛查、Esterman及司法鉴定程序，指导检查操作、患者配合、固视控制、屈光矫正和误差控制。内容还涉及原始敏感度图、偏差图、灰度图、累计缺损曲线、概率图及MD、LV等视野指数的报告与趋势分析，并结合解剖和临床表现分析青光眼、神经眼科疾病、视网膜色素变性、糖尿病视网膜病变、黄斑疾病及儿童视野异常，介绍OCTOPUS 101、300及相关软件技术。,completed,63069350-66a3-4b9d-b954-ae5ca307c59c,"# Summary
本书出版于2009年，是面向眼科、神经科临床医师及其他医学工作者的OCTOPUS自动视野检查实用参考书。全书介绍视野检查历史、静态与动态视野、正常视野、光差灵敏度阈值、GoldmannⅢ视标及标准测试条件；系统讲解普通、分段、TOP、RAMP及定性筛选策略，并涵盖蓝-黄视野、闪烁视野、CFF、Goldmann动态视野、mfERG和mfVEP等特殊检查。书中详细说明OCTOPUS G1/G2、32、黄斑、神经眼科、糖尿病、睑下垂、低视力、青光眼筛查、Esterman及司法鉴定程序，指导检查操作、患者配合、固视控制、屈光矫正和误差控制。内容还涉及原始敏感度图、偏差图、灰度图、累计缺损曲线、概率图及MD、LV等视野指数的报告与趋势分析，并结合解剖和临床表现分析青光眼、神经眼科疾病、视网膜色素变性、糖尿病视网膜病变、黄斑疾病及儿童视野异常，介绍OCTOPUS 101、300及相关软件技术。",3072,"# Summary
本书出版于2009年，是面向眼科、神经科临床医师及其他医学工作者的OCTOPUS自动视野检查实用参考书。全书介绍视野检查历史、静态与动态视野、正常视野、光差灵敏度阈值、GoldmannⅢ视标及标准测试条件；系统讲解普通、分段、TOP、RAMP及定性筛选策略，并涵盖蓝-黄视野、闪烁视野、CFF、Goldmann动态视野、mfERG和mfVEP等特殊检查。书中详细说明OCTOPUS G1/G2、32、黄斑、神经眼科、糖尿病、睑下垂、低视力、青光眼筛查、Esterman及司法鉴定程序，指导检查操作、患者配合、固视控制、屈光矫正和误差控制。内容还涉及原始敏感度图、偏差图、灰度图、累计缺损曲线、概率图及MD、LV等视野指数的报告与趋势分析，并结合解剖和临床表现分析青光眼、神经眼科疾病、视网膜色素变性、糖尿病视网膜病变、黄斑疾病及儿童视野异常，介绍OCTOPUS 101、300及相关软件技术。"
f7fb433d-07ea-47c3-8949-bcb15ef7c428,本书出版于2014年，是面向眼科医生、年轻医师、研究生、进修生及眼科专业技术人员的眼底影像学速查与临床参考书。全书系统介绍眼底血管造影原理、设备、造影剂、操作流程、禁忌证、拍摄规范及图像判读，重点涵盖荧光素眼底血管造影（FFA）、吲哚青绿眼底血管造影（ICGA）、眼底自发荧光、虹膜血管造影及光学相干断层扫描（OCT）。按目录全面讨论正常与异常荧光表现，包括强荧光、弱荧光、渗漏、遮蔽、着染、无灌注和新生血管，并涉及视网膜血管性疾病、黄斑区疾病、视神经疾病、眼内肿瘤、遗传变性性眼底疾病、葡萄膜炎、玻璃体视网膜手术后改变、外伤性视网膜脉络膜病变及全身疾病的眼底表现，涵盖脉络膜新生血管、息肉状脉络膜血管病变、糖尿病视网膜病变、黄斑水肿、视神经炎等疾病的影像诊断、鉴别诊断、治疗指导和预后评价。,completed,a4096c82-b617-4dc8-84e6-c55eae8acc98,"# Summary
本书出版于2014年，是面向眼科医生、年轻医师、研究生、进修生及眼科专业技术人员的眼底影像学速查与临床参考书。全书系统介绍眼底血管造影原理、设备、造影剂、操作流程、禁忌证、拍摄规范及图像判读，重点涵盖荧光素眼底血管造影（FFA）、吲哚青绿眼底血管造影（ICGA）、眼底自发荧光、虹膜血管造影及光学相干断层扫描（OCT）。按目录全面讨论正常与异常荧光表现，包括强荧光、弱荧光、渗漏、遮蔽、着染、无灌注和新生血管，并涉及视网膜血管性疾病、黄斑区疾病、视神经疾病、眼内肿瘤、遗传变性性眼底疾病、葡萄膜炎、玻璃体视网膜手术后改变、外伤性视网膜脉络膜病变及全身疾病的眼底表现，涵盖脉络膜新生血管、息肉状脉络膜血管病变、糖尿病视网膜病变、黄斑水肿、视神经炎等疾病的影像诊断、鉴别诊断、治疗指导和预后评价。",3072,"# Summary
本书出版于2014年，是面向眼科医生、年轻医师、研究生、进修生及眼科专业技术人员的眼底影像学速查与临床参考书。全书系统介绍眼底血管造影原理、设备、造影剂、操作流程、禁忌证、拍摄规范及图像判读，重点涵盖荧光素眼底血管造影（FFA）、吲哚青绿眼底血管造影（ICGA）、眼底自发荧光、虹膜血管造影及光学相干断层扫描（OCT）。按目录全面讨论正常与异常荧光表现，包括强荧光、弱荧光、渗漏、遮蔽、着染、无灌注和新生血管，并涉及视网膜血管性疾病、黄斑区疾病、视神经疾病、眼内肿瘤、遗传变性性眼底疾病、葡萄膜炎、玻璃体视网膜手术后改变、外伤性视网膜脉络膜病变及全身疾病的眼底表现，涵盖脉络膜新生血管、息肉状脉络膜血管病变、糖尿病视网膜病变、黄斑水肿、视神经炎等疾病的影像诊断、鉴别诊断、治疗指导和预后评价。"
ad4fae95-735b-4a89-906e-7670e6254664,2008年出版的眼科综述性专著，面向眼科医生、视光师及各级培训医师，连接基础免疫研究与临床诊疗。全书围绕眼部变态反应、干眼及MALT/EALT、瘢痕性类天疱疮、角膜移植排斥、巩膜炎、HLA免疫遗传学和葡萄膜炎免疫机制展开，并涵盖疱疹病毒、巨细胞病毒感染，Behçet病及脉络膜炎分类与诊治。重点涉及IgE、Th1/Th2、细胞因子、HLA-B27/HLA-A29、EAU动物模型、ICGA与荧光素血管造影、眼内液获取和抗体检测；介绍干眼TBUT、Schirmer试验、角膜荧光素/孟加拉红染色、印迹细胞法，OCP结膜活检、免疫沉积及Foster分期。治疗包括局部及全身皮质类固醇、环孢素、甲氨蝶呤、霉酚酸酯、抗TNF、干扰素、更昔洛韦、缬更昔洛韦、膦甲酸钠、免疫耐受，以及角膜移植免疫调节、白塞病手术和葡萄膜炎玻璃体切除术。,completed,94ea6cff-887e-459f-88c5-da368af52f15,"# Summary
2008年出版的眼科综述性专著，面向眼科医生、视光师及各级培训医师，连接基础免疫研究与临床诊疗。全书围绕眼部变态反应、干眼及MALT/EALT、瘢痕性类天疱疮、角膜移植排斥、巩膜炎、HLA免疫遗传学和葡萄膜炎免疫机制展开，并涵盖疱疹病毒、巨细胞病毒感染，Behçet病及脉络膜炎分类与诊治。重点涉及IgE、Th1/Th2、细胞因子、HLA-B27/HLA-A29、EAU动物模型、ICGA与荧光素血管造影、眼内液获取和抗体检测；介绍干眼TBUT、Schirmer试验、角膜荧光素/孟加拉红染色、印迹细胞法，OCP结膜活检、免疫沉积及Foster分期。治疗包括局部及全身皮质类固醇、环孢素、甲氨蝶呤、霉酚酸酯、抗TNF、干扰素、更昔洛韦、缬更昔洛韦、膦甲酸钠、免疫耐受，以及角膜移植免疫调节、白塞病手术和葡萄膜炎玻璃体切除术。",3072,"# Summary
2008年出版的眼科综述性专著，面向眼科医生、视光师及各级培训医师，连接基础免疫研究与临床诊疗。全书围绕眼部变态反应、干眼及MALT/EALT、瘢痕性类天疱疮、角膜移植排斥、巩膜炎、HLA免疫遗传学和葡萄膜炎免疫机制展开，并涵盖疱疹病毒、巨细胞病毒感染，Behçet病及脉络膜炎分类与诊治。重点涉及IgE、Th1/Th2、细胞因子、HLA-B27/HLA-A29、EAU动物模型、ICGA与荧光素血管造影、眼内液获取和抗体检测；介绍干眼TBUT、Schirmer试验、角膜荧光素/孟加拉红染色、印迹细胞法，OCP结膜活检、免疫沉积及Foster分期。治疗包括局部及全身皮质类固醇、环孢素、甲氨蝶呤、霉酚酸酯、抗TNF、干扰素、更昔洛韦、缬更昔洛韦、膦甲酸钠、免疫耐受，以及角膜移植免疫调节、白塞病手术和葡萄膜炎玻璃体切除术。"
042d5f57-2254-4c2a-b8cd-14124d4496e5,杨培增著，2009年出版。本书面向眼科临床医生及葡萄膜炎研究人员，系统总结葡萄膜炎的基础、诊断、治疗与各类型疾病。全书分四篇、72章：介绍葡萄膜解剖生理、分类及感染、免疫和损伤机制；阐述病史采集、眼部检查、实验室检查及荧光素眼底血管造影、吲哚青绿造影、超声活体显微镜、超声、OCT、视野和多焦视网膜电图等技术；讨论糖皮质激素、免疫抑制剂、非甾体消炎药、睫状肌麻痹剂、扩瞳剂、中医中药及并发症治疗。各论涵盖前、中间、后及全葡萄膜炎、儿童葡萄膜炎、视网膜血管炎，以及Behçet病、Vogt-小柳原田综合征、交感性眼炎、Fuchs综合征、感染性葡萄膜炎、风湿免疫病相关葡萄膜炎、伪装综合征和巩膜炎等，并结合典型病例、诊断鉴别、预后分析。书中还涉及白内障摘除、人工晶状体植入、角膜移植及眼底激光等手术技术，提出系统、辨证、整体和唯美思维，以及个体化、简单化、“长治久安”原则。,completed,1a456993-1dbe-4937-a475-6d600e673f45,"# Summary
杨培增著，2009年出版。本书面向眼科临床医生及葡萄膜炎研究人员，系统总结葡萄膜炎的基础、诊断、治疗与各类型疾病。全书分四篇、72章：介绍葡萄膜解剖生理、分类及感染、免疫和损伤机制；阐述病史采集、眼部检查、实验室检查及荧光素眼底血管造影、吲哚青绿造影、超声活体显微镜、超声、OCT、视野和多焦视网膜电图等技术；讨论糖皮质激素、免疫抑制剂、非甾体消炎药、睫状肌麻痹剂、扩瞳剂、中医中药及并发症治疗。各论涵盖前、中间、后及全葡萄膜炎、儿童葡萄膜炎、视网膜血管炎，以及Behçet病、Vogt-小柳原田综合征、交感性眼炎、Fuchs综合征、感染性葡萄膜炎、风湿免疫病相关葡萄膜炎、伪装综合征和巩膜炎等，并结合典型病例、诊断鉴别、预后分析。书中还涉及白内障摘除、人工晶状体植入、角膜移植及眼底激光等手术技术，提出系统、辨证、整体和唯美思维，以及个体化、简单化、“长治久安”原则。",3072,"# Summary
杨培增著，2009年出版。本书面向眼科临床医生及葡萄膜炎研究人员，系统总结葡萄膜炎的基础、诊断、治疗与各类型疾病。全书分四篇、72章：介绍葡萄膜解剖生理、分类及感染、免疫和损伤机制；阐述病史采集、眼部检查、实验室检查及荧光素眼底血管造影、吲哚青绿造影、超声活体显微镜、超声、OCT、视野和多焦视网膜电图等技术；讨论糖皮质激素、免疫抑制剂、非甾体消炎药、睫状肌麻痹剂、扩瞳剂、中医中药及并发症治疗。各论涵盖前、中间、后及全葡萄膜炎、儿童葡萄膜炎、视网膜血管炎，以及Behçet病、Vogt-小柳原田综合征、交感性眼炎、Fuchs综合征、感染性葡萄膜炎、风湿免疫病相关葡萄膜炎、伪装综合征和巩膜炎等，并结合典型病例、诊断鉴别、预后分析。书中还涉及白内障摘除、人工晶状体植入、角膜移植及眼底激光等手术技术，提出系统、辨证、整体和唯美思维，以及个体化、简单化、“长治久安”原则。"
39224c14-5665-4f12-b8e7-f337e9c26383,杨培增著，2016年出版。本书为葡萄膜炎临床诊治的简明实用参考书，适合葡萄膜炎专科及各眼科专业医生，也可供研究生、临床实习生和风湿科、免疫科、皮肤科医生参考。全书三篇69章：概论涵盖葡萄膜炎概念、解剖及病因分类、病史采集、眼部检查、辅助与实验室检查、诊断和治疗策略；治疗篇系统介绍糖皮质激素、免疫抑制剂、非甾体抗炎药、睫状肌麻痹剂、扩瞳剂及中医中药；各论按前、中间、后及全葡萄膜炎，视网膜血管炎、儿童葡萄膜炎、风湿免疫相关疾病、Behcet病、Vogt-小柳原田综合征、交感性眼炎、Fuchs综合征、病毒、弓形虫、结核、梅毒、细菌和真菌性眼内炎、伪装综合征等展开，并涉及巩膜炎及药物、糖尿病相关葡萄膜炎。关键词包括角膜后沉着物、前房闪辉与细胞、玻璃体炎、视网膜血管炎、黄斑水肿、荧光素及吲哚青绿血管造影、UBM、超声、OCT、视野、mfERG、CT/MRI，以及白内障摘除和人工晶状体植入术。,completed,911fc412-0a9d-4e74-8451-26858970f268,"# Summary
杨培增著，2016年出版。本书为葡萄膜炎临床诊治的简明实用参考书，适合葡萄膜炎专科及各眼科专业医生，也可供研究生、临床实习生和风湿科、免疫科、皮肤科医生参考。全书三篇69章：概论涵盖葡萄膜炎概念、解剖及病因分类、病史采集、眼部检查、辅助与实验室检查、诊断和治疗策略；治疗篇系统介绍糖皮质激素、免疫抑制剂、非甾体抗炎药、睫状肌麻痹剂、扩瞳剂及中医中药；各论按前、中间、后及全葡萄膜炎，视网膜血管炎、儿童葡萄膜炎、风湿免疫相关疾病、Behcet病、Vogt-小柳原田综合征、交感性眼炎、Fuchs综合征、病毒、弓形虫、结核、梅毒、细菌和真菌性眼内炎、伪装综合征等展开，并涉及巩膜炎及药物、糖尿病相关葡萄膜炎。关键词包括角膜后沉着物、前房闪辉与细胞、玻璃体炎、视网膜血管炎、黄斑水肿、荧光素及吲哚青绿血管造影、UBM、超声、OCT、视野、mfERG、CT/MRI，以及白内障摘除和人工晶状体植入术。",3072,"# Summary
杨培增著，2016年出版。本书为葡萄膜炎临床诊治的简明实用参考书，适合葡萄膜炎专科及各眼科专业医生，也可供研究生、临床实习生和风湿科、免疫科、皮肤科医生参考。全书三篇69章：概论涵盖葡萄膜炎概念、解剖及病因分类、病史采集、眼部检查、辅助与实验室检查、诊断和治疗策略；治疗篇系统介绍糖皮质激素、免疫抑制剂、非甾体抗炎药、睫状肌麻痹剂、扩瞳剂及中医中药；各论按前、中间、后及全葡萄膜炎，视网膜血管炎、儿童葡萄膜炎、风湿免疫相关疾病、Behcet病、Vogt-小柳原田综合征、交感性眼炎、Fuchs综合征、病毒、弓形虫、结核、梅毒、细菌和真菌性眼内炎、伪装综合征等展开，并涉及巩膜炎及药物、糖尿病相关葡萄膜炎。关键词包括角膜后沉着物、前房闪辉与细胞、玻璃体炎、视网膜血管炎、黄斑水肿、荧光素及吲哚青绿血管造影、UBM、超声、OCT、视野、mfERG、CT/MRI，以及白内障摘除和人工晶状体植入术。"
2352f4df-1661-4d1b-ba39-4f8688debaf4,本书为2004年出版的全国高等学校眼视光学专业规划教材，属临床基础课程，主要供本科五年制眼视光学专业学生学习，也可供相关临床眼科人员参考。全书以全面、全程眼保健和临床检测分析流程为主线，系统讲解视力及视力表设计、近视力检测，视野、色觉、立体视觉、瞳孔和双眼视功能检查；介绍眼外部观察、裂隙灯显微镜、前房角、眼压及直接眼底镜检查。屈光部分涵盖眼球光学、正视、近视、远视、散光和屈光参差，进一步讲授检影验光、主觉验光、角膜曲率计、焦度计、镜片箱与试镜架及验光问题处理。后续内容涉及调节与聚散、老视及其检测矫正、对比敏感度、眩光、暗适应、潜视力、婴幼儿特殊视力检查和眼球像差检测。关键词包括色盲、色弱、FM-100、D-15、Rayleigh色觉镜、屈光不正、视功能评估与临床鉴别分析。,completed,347aec81-b09e-481a-ad41-7df71ab9d71d,"# Summary
本书为2004年出版的全国高等学校眼视光学专业规划教材，属临床基础课程，主要供本科五年制眼视光学专业学生学习，也可供相关临床眼科人员参考。全书以全面、全程眼保健和临床检测分析流程为主线，系统讲解视力及视力表设计、近视力检测，视野、色觉、立体视觉、瞳孔和双眼视功能检查；介绍眼外部观察、裂隙灯显微镜、前房角、眼压及直接眼底镜检查。屈光部分涵盖眼球光学、正视、近视、远视、散光和屈光参差，进一步讲授检影验光、主觉验光、角膜曲率计、焦度计、镜片箱与试镜架及验光问题处理。后续内容涉及调节与聚散、老视及其检测矫正、对比敏感度、眩光、暗适应、潜视力、婴幼儿特殊视力检查和眼球像差检测。关键词包括色盲、色弱、FM-100、D-15、Rayleigh色觉镜、屈光不正、视功能评估与临床鉴别分析。",3072,"# Summary
本书为2004年出版的全国高等学校眼视光学专业规划教材，属临床基础课程，主要供本科五年制眼视光学专业学生学习，也可供相关临床眼科人员参考。全书以全面、全程眼保健和临床检测分析流程为主线，系统讲解视力及视力表设计、近视力检测，视野、色觉、立体视觉、瞳孔和双眼视功能检查；介绍眼外部观察、裂隙灯显微镜、前房角、眼压及直接眼底镜检查。屈光部分涵盖眼球光学、正视、近视、远视、散光和屈光参差，进一步讲授检影验光、主觉验光、角膜曲率计、焦度计、镜片箱与试镜架及验光问题处理。后续内容涉及调节与聚散、老视及其检测矫正、对比敏感度、眩光、暗适应、潜视力、婴幼儿特殊视力检查和眼球像差检测。关键词包括色盲、色弱、FM-100、D-15、Rayleigh色觉镜、屈光不正、视功能评估与临床鉴别分析。"
5b594301-cf7d-42d6-bdb3-0a44342544af,本书出版于2009年，是Lanning B. Kline、Rod Foroozan主编的视神经疾病临床参考书，面向眼科、神经眼科医师及相关专业医学生，强调病史、视功能检查与神经影像相结合的诊断思路。全书先介绍视神经球内、眶内、管内及颅内段的解剖、血供和轴突运输，再系统讲解视力、视野、色觉、瞳孔、对比敏感度、检眼镜、电生理及影像学检查。正文重点涵盖视乳头水肿及特发性颅内压增高、视神经炎与多发性硬化/视神经脊髓炎、非动脉炎性和动脉炎性缺血性视神经病变、前部视路压迫，以及视神经胶质瘤、颅咽管瘤、垂体腺瘤、脑膜瘤、颅内动脉瘤和甲状腺相关视神经病变；并讨论发育性和遗传性异常、Leber遗传性视神经病变、中毒性与营养性病变、外伤性视神经损伤，以及放射性、癌性、糖尿病性等其他病变。关键词包括NAION、巨细胞动脉炎、MRI/CT、视觉诱发电位、颞动脉活检、肿瘤切除及药物治疗。,completed,60582f66-c688-4a50-9cfa-5dba6cd2ac4e,"# Summary
本书出版于2009年，是Lanning B. Kline、Rod Foroozan主编的视神经疾病临床参考书，面向眼科、神经眼科医师及相关专业医学生，强调病史、视功能检查与神经影像相结合的诊断思路。全书先介绍视神经球内、眶内、管内及颅内段的解剖、血供和轴突运输，再系统讲解视力、视野、色觉、瞳孔、对比敏感度、检眼镜、电生理及影像学检查。正文重点涵盖视乳头水肿及特发性颅内压增高、视神经炎与多发性硬化/视神经脊髓炎、非动脉炎性和动脉炎性缺血性视神经病变、前部视路压迫，以及视神经胶质瘤、颅咽管瘤、垂体腺瘤、脑膜瘤、颅内动脉瘤和甲状腺相关视神经病变；并讨论发育性和遗传性异常、Leber遗传性视神经病变、中毒性与营养性病变、外伤性视神经损伤，以及放射性、癌性、糖尿病性等其他病变。关键词包括NAION、巨细胞动脉炎、MRI/CT、视觉诱发电位、颞动脉活检、肿瘤切除及药物治疗。",3072,"# Summary
本书出版于2009年，是Lanning B. Kline、Rod Foroozan主编的视神经疾病临床参考书，面向眼科、神经眼科医师及相关专业医学生，强调病史、视功能检查与神经影像相结合的诊断思路。全书先介绍视神经球内、眶内、管内及颅内段的解剖、血供和轴突运输，再系统讲解视力、视野、色觉、瞳孔、对比敏感度、检眼镜、电生理及影像学检查。正文重点涵盖视乳头水肿及特发性颅内压增高、视神经炎与多发性硬化/视神经脊髓炎、非动脉炎性和动脉炎性缺血性视神经病变、前部视路压迫，以及视神经胶质瘤、颅咽管瘤、垂体腺瘤、脑膜瘤、颅内动脉瘤和甲状腺相关视神经病变；并讨论发育性和遗传性异常、Leber遗传性视神经病变、中毒性与营养性病变、外伤性视神经损伤，以及放射性、癌性、糖尿病性等其他病变。关键词包括NAION、巨细胞动脉炎、MRI/CT、视觉诱发电位、颞动脉活检、肿瘤切除及药物治疗。"
13fa0b9c-7110-4b7e-b676-1eaa418ff3f4,本书为三宅养生原著、姜利斌和陈长征译，2010年出版，定位为总结作者30余年临床视觉电生理研究经验的专业专著，适用于眼科临床医生、视觉电生理工作者及相关研究人员。全书首先介绍全视野ERG、黄斑局部ERG、多焦ERG、EOG及OCT的原理、操作、正常反应和结果分析；继而系统讨论视网膜色素变性、结晶样视网膜病变、Batten病、无脉络膜症、回旋状萎缩、增强蓝锥细胞综合征、X连锁视网膜劈裂、先天性静止性夜盲、白点状眼底、小口病、视锥细胞营养不良、视杆及蓝锥细胞单色视、隐匿性黄斑营养不良、Stargardt病和Best病等遗传性疾病；并涉及糖尿病视网膜病变、视网膜循环障碍、视网膜及脉络膜脱离和炎症性疾病，以及中心性浆液性脉络膜视网膜病变、黄斑囊样水肿、黄斑前膜、黄斑裂孔、假孔和年龄相关性黄斑变性。内容结合眼底荧光血管造影、OCT、黄斑手术、玻璃体切割术及术中ERG，强调电生理、影像形态与疾病机制的关联。,completed,2a82b711-d1b5-42d9-9b27-90e9546a5cb0,"# Summary
本书为三宅养生原著、姜利斌和陈长征译，2010年出版，定位为总结作者30余年临床视觉电生理研究经验的专业专著，适用于眼科临床医生、视觉电生理工作者及相关研究人员。全书首先介绍全视野ERG、黄斑局部ERG、多焦ERG、EOG及OCT的原理、操作、正常反应和结果分析；继而系统讨论视网膜色素变性、结晶样视网膜病变、Batten病、无脉络膜症、回旋状萎缩、增强蓝锥细胞综合征、X连锁视网膜劈裂、先天性静止性夜盲、白点状眼底、小口病、视锥细胞营养不良、视杆及蓝锥细胞单色视、隐匿性黄斑营养不良、Stargardt病和Best病等遗传性疾病；并涉及糖尿病视网膜病变、视网膜循环障碍、视网膜及脉络膜脱离和炎症性疾病，以及中心性浆液性脉络膜视网膜病变、黄斑囊样水肿、黄斑前膜、黄斑裂孔、假孔和年龄相关性黄斑变性。内容结合眼底荧光血管造影、OCT、黄斑手术、玻璃体切割术及术中ERG，强调电生理、影像形态与疾病机制的关联。",3072,"# Summary
本书为三宅养生原著、姜利斌和陈长征译，2010年出版，定位为总结作者30余年临床视觉电生理研究经验的专业专著，适用于眼科临床医生、视觉电生理工作者及相关研究人员。全书首先介绍全视野ERG、黄斑局部ERG、多焦ERG、EOG及OCT的原理、操作、正常反应和结果分析；继而系统讨论视网膜色素变性、结晶样视网膜病变、Batten病、无脉络膜症、回旋状萎缩、增强蓝锥细胞综合征、X连锁视网膜劈裂、先天性静止性夜盲、白点状眼底、小口病、视锥细胞营养不良、视杆及蓝锥细胞单色视、隐匿性黄斑营养不良、Stargardt病和Best病等遗传性疾病；并涉及糖尿病视网膜病变、视网膜循环障碍、视网膜及脉络膜脱离和炎症性疾病，以及中心性浆液性脉络膜视网膜病变、黄斑囊样水肿、黄斑前膜、黄斑裂孔、假孔和年龄相关性黄斑变性。内容结合眼底荧光血管造影、OCT、黄斑手术、玻璃体切割术及术中ERG，强调电生理、影像形态与疾病机制的关联。"
9b19ef7c-82ff-468f-9960-15ae9cc256be,本书出版于2007年，系统介绍视网膜脱离外路显微手术与全玻璃体切除术，定位为眼科医师、大中专医学生、研究生及眼科教学、研究人员的临床参考书。全书三十章，涵盖眼球、玻璃体、视网膜解剖生理与病理机制，术前眼前节、眼底及全身检查，眼超声、彩色多普勒超声、超声生物显微镜、荧光血管造影、吲哚菁绿造影、视野、视觉电生理、OCT、CT、MRI等辅助检查，以及手术显微镜、冷凝机、电凝器、巩膜外植体、玻璃体切割机、激光机和眼内填充物。重点讲解巩膜加压、环扎、视网膜下液引流、冷凝、外路显微手术及术后处理，并详述全玻璃体切除、膜剥离、视网膜切开、重水、气液交换、膨胀气体和硅油填充等技术。涉及裂孔性、牵拉性、渗出性及外伤性视网膜脱离，增生性玻璃体视网膜病变、糖尿病性视网膜病变、小儿及早产儿视网膜病变、视网膜劈裂、急性视网膜坏死、黄斑疾病、眼内肿瘤及玻璃体手术并发症。,completed,11b9caff-ae21-4e30-8128-c55e9aae33a1,"# Summary
本书出版于2007年，系统介绍视网膜脱离外路显微手术与全玻璃体切除术，定位为眼科医师、大中专医学生、研究生及眼科教学、研究人员的临床参考书。全书三十章，涵盖眼球、玻璃体、视网膜解剖生理与病理机制，术前眼前节、眼底及全身检查，眼超声、彩色多普勒超声、超声生物显微镜、荧光血管造影、吲哚菁绿造影、视野、视觉电生理、OCT、CT、MRI等辅助检查，以及手术显微镜、冷凝机、电凝器、巩膜外植体、玻璃体切割机、激光机和眼内填充物。重点讲解巩膜加压、环扎、视网膜下液引流、冷凝、外路显微手术及术后处理，并详述全玻璃体切除、膜剥离、视网膜切开、重水、气液交换、膨胀气体和硅油填充等技术。涉及裂孔性、牵拉性、渗出性及外伤性视网膜脱离，增生性玻璃体视网膜病变、糖尿病性视网膜病变、小儿及早产儿视网膜病变、视网膜劈裂、急性视网膜坏死、黄斑疾病、眼内肿瘤及玻璃体手术并发症。",3072,"# Summary
本书出版于2007年，系统介绍视网膜脱离外路显微手术与全玻璃体切除术，定位为眼科医师、大中专医学生、研究生及眼科教学、研究人员的临床参考书。全书三十章，涵盖眼球、玻璃体、视网膜解剖生理与病理机制，术前眼前节、眼底及全身检查，眼超声、彩色多普勒超声、超声生物显微镜、荧光血管造影、吲哚菁绿造影、视野、视觉电生理、OCT、CT、MRI等辅助检查，以及手术显微镜、冷凝机、电凝器、巩膜外植体、玻璃体切割机、激光机和眼内填充物。重点讲解巩膜加压、环扎、视网膜下液引流、冷凝、外路显微手术及术后处理，并详述全玻璃体切除、膜剥离、视网膜切开、重水、气液交换、膨胀气体和硅油填充等技术。涉及裂孔性、牵拉性、渗出性及外伤性视网膜脱离，增生性玻璃体视网膜病变、糖尿病性视网膜病变、小儿及早产儿视网膜病变、视网膜劈裂、急性视网膜坏死、黄斑疾病、眼内肿瘤及玻璃体手术并发症。"
d06d5c9b-09a8-47a1-b7c5-c7c8826dcf7d,本书出版于2018年，是Mark J. Mannis、Edward J. Holland主编的角膜与外眼专科权威教材，适用于角膜专科医师、综合眼科医师、住院医师、进修医师及科研人员。全书系统涵盖眼科学基础、角膜与巩膜解剖生理、眼附属器和结膜疾病、角膜疾病及巩膜和葡萄膜病变；重点介绍眼表与角膜检查、裂隙灯显微镜、泪膜评估、角膜染色、测厚、角膜知觉、病原体检测、分子遗传学、角膜地形图、形状分析、内皮显微镜、共焦显微镜、超声生物显微镜和前节OCT。疾病内容包括干眼、角膜溃疡、水肿、营养不良、圆锥角膜、细菌性、病毒性、真菌性及棘阿米巴角膜炎等。治疗与技术涵盖眼库、穿透性及板层角膜移植、DALK、DSEK、DMEK、角膜内皮移植、治疗性手术、羊膜移植、胶原交联、人工角膜、眼表重建及屈光手术，包括PRK、LASIK、LASEK、SMILE和角膜基质环。,completed,62d20957-7ea5-47e6-a9e0-86d38da3e8f9,"# Summary
本书出版于2018年，是Mark J. Mannis、Edward J. Holland主编的角膜与外眼专科权威教材，适用于角膜专科医师、综合眼科医师、住院医师、进修医师及科研人员。全书系统涵盖眼科学基础、角膜与巩膜解剖生理、眼附属器和结膜疾病、角膜疾病及巩膜和葡萄膜病变；重点介绍眼表与角膜检查、裂隙灯显微镜、泪膜评估、角膜染色、测厚、角膜知觉、病原体检测、分子遗传学、角膜地形图、形状分析、内皮显微镜、共焦显微镜、超声生物显微镜和前节OCT。疾病内容包括干眼、角膜溃疡、水肿、营养不良、圆锥角膜、细菌性、病毒性、真菌性及棘阿米巴角膜炎等。治疗与技术涵盖眼库、穿透性及板层角膜移植、DALK、DSEK、DMEK、角膜内皮移植、治疗性手术、羊膜移植、胶原交联、人工角膜、眼表重建及屈光手术，包括PRK、LASIK、LASEK、SMILE和角膜基质环。",3072,"# Summary
本书出版于2018年，是Mark J. Mannis、Edward J. Holland主编的角膜与外眼专科权威教材，适用于角膜专科医师、综合眼科医师、住院医师、进修医师及科研人员。全书系统涵盖眼科学基础、角膜与巩膜解剖生理、眼附属器和结膜疾病、角膜疾病及巩膜和葡萄膜病变；重点介绍眼表与角膜检查、裂隙灯显微镜、泪膜评估、角膜染色、测厚、角膜知觉、病原体检测、分子遗传学、角膜地形图、形状分析、内皮显微镜、共焦显微镜、超声生物显微镜和前节OCT。疾病内容包括干眼、角膜溃疡、水肿、营养不良、圆锥角膜、细菌性、病毒性、真菌性及棘阿米巴角膜炎等。治疗与技术涵盖眼库、穿透性及板层角膜移植、DALK、DSEK、DMEK、角膜内皮移植、治疗性手术、羊膜移植、胶原交联、人工角膜、眼表重建及屈光手术，包括PRK、LASIK、LASEK、SMILE和角膜基质环。"
d8af7271-a5c4-41b0-b5ec-a5752acef960,本书为洪晶主编、2019年出版的角膜内皮病专业专著，据书中介绍为国际上首部系统论述角膜内皮疾病的专业书籍，适合各级眼科医师及相关学习、研究人员阅读。全书分基础篇、疾病篇和手术篇：基础篇介绍角膜内皮细胞及Descemet膜的胚胎发育、结构、生理与病理，以及非接触式角膜内皮镜、激光共聚焦显微镜、眼前节OCT等临床检查和异常影像判读；疾病篇涵盖病毒性及巨细胞病毒性角膜内皮炎、大泡性角膜病变、后弹力层脱离、虹膜角膜内皮综合征、眼前节毒性综合征、Descemet膜前角膜营养不良、Fuchs角膜内皮营养不良、后部多形性角膜内皮营养不良、先天性遗传性角膜内皮营养不良、Axenfeld-Rieger综合征及黏多糖代谢障碍相关病变，系统阐述病因、机制、表现、诊断、鉴别诊断、治疗和预后；手术篇讲解供体内皮活性检测、DSEK、DSAEK、Ultra-DSAEK、DMEK、PDAEK、组织工程角膜内皮移植、穿透性角膜移植、并发症处理及角膜层间烧灼等技术。,completed,075516a7-e890-4f46-96ed-b20b39828b3f,"# Summary
本书为洪晶主编、2019年出版的角膜内皮病专业专著，据书中介绍为国际上首部系统论述角膜内皮疾病的专业书籍，适合各级眼科医师及相关学习、研究人员阅读。全书分基础篇、疾病篇和手术篇：基础篇介绍角膜内皮细胞及Descemet膜的胚胎发育、结构、生理与病理，以及非接触式角膜内皮镜、激光共聚焦显微镜、眼前节OCT等临床检查和异常影像判读；疾病篇涵盖病毒性及巨细胞病毒性角膜内皮炎、大泡性角膜病变、后弹力层脱离、虹膜角膜内皮综合征、眼前节毒性综合征、Descemet膜前角膜营养不良、Fuchs角膜内皮营养不良、后部多形性角膜内皮营养不良、先天性遗传性角膜内皮营养不良、Axenfeld-Rieger综合征及黏多糖代谢障碍相关病变，系统阐述病因、机制、表现、诊断、鉴别诊断、治疗和预后；手术篇讲解供体内皮活性检测、DSEK、DSAEK、Ultra-DSAEK、DMEK、PDAEK、组织工程角膜内皮移植、穿透性角膜移植、并发症处理及角膜层间烧灼等技术。",3072,"# Summary
本书为洪晶主编、2019年出版的角膜内皮病专业专著，据书中介绍为国际上首部系统论述角膜内皮疾病的专业书籍，适合各级眼科医师及相关学习、研究人员阅读。全书分基础篇、疾病篇和手术篇：基础篇介绍角膜内皮细胞及Descemet膜的胚胎发育、结构、生理与病理，以及非接触式角膜内皮镜、激光共聚焦显微镜、眼前节OCT等临床检查和异常影像判读；疾病篇涵盖病毒性及巨细胞病毒性角膜内皮炎、大泡性角膜病变、后弹力层脱离、虹膜角膜内皮综合征、眼前节毒性综合征、Descemet膜前角膜营养不良、Fuchs角膜内皮营养不良、后部多形性角膜内皮营养不良、先天性遗传性角膜内皮营养不良、Axenfeld-Rieger综合征及黏多糖代谢障碍相关病变，系统阐述病因、机制、表现、诊断、鉴别诊断、治疗和预后；手术篇讲解供体内皮活性检测、DSEK、DSAEK、Ultra-DSAEK、DMEK、PDAEK、组织工程角膜内皮移植、穿透性角膜移植、并发症处理及角膜层间烧灼等技术。"
33970c2c-5ed4-4f02-ac4c-ce4d9174f456,本书出版于2000年，是面向眼科医务人员、角膜病及屈光手术临床与研究人员的角膜地形图学专著，系统介绍角膜解剖生理、泪膜、屈光测量与角膜地形图仪原理，Placido盘、角膜曲率计及计算机辅助角膜镜摄影的检查、操作和阅图方法。内容涵盖正常角膜地形及其变化，角膜上皮、基质、角膜缘病变，圆锥角膜、角膜后圆锥、干眼症和角膜营养不良的地形图表现；并讨论角膜移植、眼外伤、放射状角膜切开术、角膜散光矫正、表面角膜镜片术、白内障及人工晶体植入、抗青光眼、视网膜脱离和玻璃体手术后的角膜形态变化。书中重点阐述角膜地形图在屈光性角膜手术术前筛查圆锥角膜、术后疗效评估、斜视手术及软性、硬性透气性接触镜和角膜矫形镜验配中的应用，并介绍PAR、Orbscan系统及SAI、SRI、PVA、Sim K等指标。,completed,eb873e1c-d8c7-48b8-9305-61eb64f1441a,"# Summary
本书出版于2000年，是面向眼科医务人员、角膜病及屈光手术临床与研究人员的角膜地形图学专著，系统介绍角膜解剖生理、泪膜、屈光测量与角膜地形图仪原理，Placido盘、角膜曲率计及计算机辅助角膜镜摄影的检查、操作和阅图方法。内容涵盖正常角膜地形及其变化，角膜上皮、基质、角膜缘病变，圆锥角膜、角膜后圆锥、干眼症和角膜营养不良的地形图表现；并讨论角膜移植、眼外伤、放射状角膜切开术、角膜散光矫正、表面角膜镜片术、白内障及人工晶体植入、抗青光眼、视网膜脱离和玻璃体手术后的角膜形态变化。书中重点阐述角膜地形图在屈光性角膜手术术前筛查圆锥角膜、术后疗效评估、斜视手术及软性、硬性透气性接触镜和角膜矫形镜验配中的应用，并介绍PAR、Orbscan系统及SAI、SRI、PVA、Sim K等指标。",3072,"# Summary
本书出版于2000年，是面向眼科医务人员、角膜病及屈光手术临床与研究人员的角膜地形图学专著，系统介绍角膜解剖生理、泪膜、屈光测量与角膜地形图仪原理，Placido盘、角膜曲率计及计算机辅助角膜镜摄影的检查、操作和阅图方法。内容涵盖正常角膜地形及其变化，角膜上皮、基质、角膜缘病变，圆锥角膜、角膜后圆锥、干眼症和角膜营养不良的地形图表现；并讨论角膜移植、眼外伤、放射状角膜切开术、角膜散光矫正、表面角膜镜片术、白内障及人工晶体植入、抗青光眼、视网膜脱离和玻璃体手术后的角膜形态变化。书中重点阐述角膜地形图在屈光性角膜手术术前筛查圆锥角膜、术后疗效评估、斜视手术及软性、硬性透气性接触镜和角膜矫形镜验配中的应用，并介绍PAR、Orbscan系统及SAI、SRI、PVA、Sim K等指标。"
232c2551-7af6-4a5d-83a4-7228561733ae,本书出版于2016年，是系统讲解角膜接触镜配戴后眼部并发症的临床参考书，适用于眼科医师、眼视光医师、验配师及相关医学生。全书围绕眼前节检查与分级展开，涵盖眼睑、泪膜、结膜、角膜上皮、角膜基质及角膜内皮。主要内容包括瞬目异常、上睑下垂、睑板腺功能障碍、倒睫、干眼、黏蛋白球、结膜染色与充血、乳头性结膜炎、角膜缘充血、血管化角膜缘炎、上角膜缘角结膜炎、角膜染色、上皮微囊、角膜水肿与大疱、基质水肿、变性、混浊、新生血管、浸润、微生物性角膜炎，以及内皮小滴、空泡和多形性改变等。书中结合体征、症状、病理改变、病因、治疗、预后和鉴别诊断，介绍裂隙灯、荧光素染色、泪膜分级、临床影像及分级量表等检查和技术。,completed,ba4a99a5-9cfd-495f-9e6d-39b30adbcb00,"# Summary
本书出版于2016年，是系统讲解角膜接触镜配戴后眼部并发症的临床参考书，适用于眼科医师、眼视光医师、验配师及相关医学生。全书围绕眼前节检查与分级展开，涵盖眼睑、泪膜、结膜、角膜上皮、角膜基质及角膜内皮。主要内容包括瞬目异常、上睑下垂、睑板腺功能障碍、倒睫、干眼、黏蛋白球、结膜染色与充血、乳头性结膜炎、角膜缘充血、血管化角膜缘炎、上角膜缘角结膜炎、角膜染色、上皮微囊、角膜水肿与大疱、基质水肿、变性、混浊、新生血管、浸润、微生物性角膜炎，以及内皮小滴、空泡和多形性改变等。书中结合体征、症状、病理改变、病因、治疗、预后和鉴别诊断，介绍裂隙灯、荧光素染色、泪膜分级、临床影像及分级量表等检查和技术。",3072,"# Summary
本书出版于2016年，是系统讲解角膜接触镜配戴后眼部并发症的临床参考书，适用于眼科医师、眼视光医师、验配师及相关医学生。全书围绕眼前节检查与分级展开，涵盖眼睑、泪膜、结膜、角膜上皮、角膜基质及角膜内皮。主要内容包括瞬目异常、上睑下垂、睑板腺功能障碍、倒睫、干眼、黏蛋白球、结膜染色与充血、乳头性结膜炎、角膜缘充血、血管化角膜缘炎、上角膜缘角结膜炎、角膜染色、上皮微囊、角膜水肿与大疱、基质水肿、变性、混浊、新生血管、浸润、微生物性角膜炎，以及内皮小滴、空泡和多形性改变等。书中结合体征、症状、病理改变、病因、治疗、预后和鉴别诊断，介绍裂隙灯、荧光素染色、泪膜分级、临床影像及分级量表等检查和技术。"
6968afb0-fb54-43c6-880f-c88d65a4c816,本书为2014年出版的角膜高度断层地形图学专著，面向眼科医师、屈光手术及眼前节手术医生，亦适合眼视光专业人员学习参考。全书从角膜地形图与断层摄影的发展、Placido与Scheimpflug成像原理入手，系统讲解高度数据、最佳拟合球面（BFS）、参考面选择、显示参数、筛查设置及Pentacam正常值；进一步涵盖角膜测厚、Belin/Ambrósio早期圆锥筛查、圆锥角膜与角膜扩张（包括非对称圆锥及LASIK术后扩张）、高度地形图图谱和典型病例。后半部分介绍Scheimpflug图像在角膜基质环植入、角膜移植及DSEK等方面的应用，以及BESSt 2人工晶状体屈光力计算、原发性闭角型青光眼评估、Pentacam HR评价高端人工晶状体手术光学质量、其他显示图和白内障应用。重点涉及角膜前后表面高度、曲率、厚度分布、后表面异常、最薄点移位、散光、PMD、角膜光学质量及术前禁忌证判断。,completed,4ae6f990-b455-4c31-b471-8aa6d5aa1be5,"# Summary
本书为2014年出版的角膜高度断层地形图学专著，面向眼科医师、屈光手术及眼前节手术医生，亦适合眼视光专业人员学习参考。全书从角膜地形图与断层摄影的发展、Placido与Scheimpflug成像原理入手，系统讲解高度数据、最佳拟合球面（BFS）、参考面选择、显示参数、筛查设置及Pentacam正常值；进一步涵盖角膜测厚、Belin/Ambrósio早期圆锥筛查、圆锥角膜与角膜扩张（包括非对称圆锥及LASIK术后扩张）、高度地形图图谱和典型病例。后半部分介绍Scheimpflug图像在角膜基质环植入、角膜移植及DSEK等方面的应用，以及BESSt 2人工晶状体屈光力计算、原发性闭角型青光眼评估、Pentacam HR评价高端人工晶状体手术光学质量、其他显示图和白内障应用。重点涉及角膜前后表面高度、曲率、厚度分布、后表面异常、最薄点移位、散光、PMD、角膜光学质量及术前禁忌证判断。",3072,"# Summary
本书为2014年出版的角膜高度断层地形图学专著，面向眼科医师、屈光手术及眼前节手术医生，亦适合眼视光专业人员学习参考。全书从角膜地形图与断层摄影的发展、Placido与Scheimpflug成像原理入手，系统讲解高度数据、最佳拟合球面（BFS）、参考面选择、显示参数、筛查设置及Pentacam正常值；进一步涵盖角膜测厚、Belin/Ambrósio早期圆锥筛查、圆锥角膜与角膜扩张（包括非对称圆锥及LASIK术后扩张）、高度地形图图谱和典型病例。后半部分介绍Scheimpflug图像在角膜基质环植入、角膜移植及DSEK等方面的应用，以及BESSt 2人工晶状体屈光力计算、原发性闭角型青光眼评估、Pentacam HR评价高端人工晶状体手术光学质量、其他显示图和白内障应用。重点涉及角膜前后表面高度、曲率、厚度分布、后表面异常、最薄点移位、散光、PMD、角膜光学质量及术前禁忌证判断。"
9435ac7e-de4e-44e0-a343-000b29aecd3e,本书为谢立信、史伟云主编的角膜病专著，2007年出版，定位于眼科研究生、住院医师及角膜病临床与科研人员。全书分角膜应用基础、检查法、角膜疾病和角膜手术四篇：系统介绍角膜胚胎发育、泪膜与组织解剖、生理病理、生物化学、角膜缘干细胞、免疫、微生物、药理、羊膜及基因诊疗；涵盖共焦显微镜、角膜内皮显微镜、角膜曲率计、角膜地形图、角膜厚度、泪功能、裂隙灯照相、印迹细胞学及细菌、病毒、真菌、棘阿米巴检查。疾病部分重点讨论细菌性、病毒性、真菌性和棘阿米巴角膜炎，免疫性角膜病，角膜营养不良、变性、圆锥角膜、翼状胬肉、化学伤、异物伤、大泡性病变、接触镜性角膜炎及角膜肿瘤。手术部分详述眼库技术、麻醉、穿透性和板层角膜移植、移植并发症、高危及儿童移植、角膜缘干细胞移植、羊膜移植、联合白内障/人工晶状体、玻璃体切除及视网膜复位、人工角膜和眼外伤重建，并涉及真菌性角膜炎、免疫排斥、内皮细胞及缓释免疫抑制药物等特色内容。,completed,4f7329d6-19f6-4354-9d6a-8a85be60be87,"# Summary
本书为谢立信、史伟云主编的角膜病专著，2007年出版，定位于眼科研究生、住院医师及角膜病临床与科研人员。全书分角膜应用基础、检查法、角膜疾病和角膜手术四篇：系统介绍角膜胚胎发育、泪膜与组织解剖、生理病理、生物化学、角膜缘干细胞、免疫、微生物、药理、羊膜及基因诊疗；涵盖共焦显微镜、角膜内皮显微镜、角膜曲率计、角膜地形图、角膜厚度、泪功能、裂隙灯照相、印迹细胞学及细菌、病毒、真菌、棘阿米巴检查。疾病部分重点讨论细菌性、病毒性、真菌性和棘阿米巴角膜炎，免疫性角膜病，角膜营养不良、变性、圆锥角膜、翼状胬肉、化学伤、异物伤、大泡性病变、接触镜性角膜炎及角膜肿瘤。手术部分详述眼库技术、麻醉、穿透性和板层角膜移植、移植并发症、高危及儿童移植、角膜缘干细胞移植、羊膜移植、联合白内障/人工晶状体、玻璃体切除及视网膜复位、人工角膜和眼外伤重建，并涉及真菌性角膜炎、免疫排斥、内皮细胞及缓释免疫抑制药物等特色内容。",3072,"# Summary
本书为谢立信、史伟云主编的角膜病专著，2007年出版，定位于眼科研究生、住院医师及角膜病临床与科研人员。全书分角膜应用基础、检查法、角膜疾病和角膜手术四篇：系统介绍角膜胚胎发育、泪膜与组织解剖、生理病理、生物化学、角膜缘干细胞、免疫、微生物、药理、羊膜及基因诊疗；涵盖共焦显微镜、角膜内皮显微镜、角膜曲率计、角膜地形图、角膜厚度、泪功能、裂隙灯照相、印迹细胞学及细菌、病毒、真菌、棘阿米巴检查。疾病部分重点讨论细菌性、病毒性、真菌性和棘阿米巴角膜炎，免疫性角膜病，角膜营养不良、变性、圆锥角膜、翼状胬肉、化学伤、异物伤、大泡性病变、接触镜性角膜炎及角膜肿瘤。手术部分详述眼库技术、麻醉、穿透性和板层角膜移植、移植并发症、高危及儿童移植、角膜缘干细胞移植、羊膜移植、联合白内障/人工晶状体、玻璃体切除及视网膜复位、人工角膜和眼外伤重建，并涉及真菌性角膜炎、免疫排斥、内皮细胞及缓释免疫抑制药物等特色内容。"
75b3fc6c-4adc-453e-acb0-77a775b0545f,本书出版于2016年，是国内较早系统介绍角膜胶原交联及其临床应用的专著，适合眼科临床医师、角膜与屈光专业人员及相关研究者阅读参考。全书围绕角膜生物力学、角膜胶原交联原理、设备与药品、诊断评估、适应证及患者选择展开，介绍角膜地形图、Orbscan、Pentacam、波前像差、OCT、活体激光共聚焦显微镜和生物力学测量等检查与影像技术。内容涵盖常规交联手术步骤、核黄素和紫外光参数优化、术后处理、疗效评估及随访，重点讨论圆锥角膜、屈光术后角膜扩张、感染性角膜溃疡、真菌性和细菌性角膜病、大泡性角膜病变、暴露性角膜溃疡的治疗。另详述过薄角膜交联、低渗性核黄素、保留上皮交联、离子电渗跨上皮交联及Avedro KXL加速系统，分析角膜haze、感染、基质浸润、内皮损伤等并发症及处理，并介绍未成年人交联和联合角膜基质环植入、有晶体眼人工晶体植入、PRK等手术，以及技术发展趋势。,completed,139cbead-1298-4da1-840c-58d2f4053725,"# Summary
本书出版于2016年，是国内较早系统介绍角膜胶原交联及其临床应用的专著，适合眼科临床医师、角膜与屈光专业人员及相关研究者阅读参考。全书围绕角膜生物力学、角膜胶原交联原理、设备与药品、诊断评估、适应证及患者选择展开，介绍角膜地形图、Orbscan、Pentacam、波前像差、OCT、活体激光共聚焦显微镜和生物力学测量等检查与影像技术。内容涵盖常规交联手术步骤、核黄素和紫外光参数优化、术后处理、疗效评估及随访，重点讨论圆锥角膜、屈光术后角膜扩张、感染性角膜溃疡、真菌性和细菌性角膜病、大泡性角膜病变、暴露性角膜溃疡的治疗。另详述过薄角膜交联、低渗性核黄素、保留上皮交联、离子电渗跨上皮交联及Avedro KXL加速系统，分析角膜haze、感染、基质浸润、内皮损伤等并发症及处理，并介绍未成年人交联和联合角膜基质环植入、有晶体眼人工晶体植入、PRK等手术，以及技术发展趋势。",3072,"# Summary
本书出版于2016年，是国内较早系统介绍角膜胶原交联及其临床应用的专著，适合眼科临床医师、角膜与屈光专业人员及相关研究者阅读参考。全书围绕角膜生物力学、角膜胶原交联原理、设备与药品、诊断评估、适应证及患者选择展开，介绍角膜地形图、Orbscan、Pentacam、波前像差、OCT、活体激光共聚焦显微镜和生物力学测量等检查与影像技术。内容涵盖常规交联手术步骤、核黄素和紫外光参数优化、术后处理、疗效评估及随访，重点讨论圆锥角膜、屈光术后角膜扩张、感染性角膜溃疡、真菌性和细菌性角膜病、大泡性角膜病变、暴露性角膜溃疡的治疗。另详述过薄角膜交联、低渗性核黄素、保留上皮交联、离子电渗跨上皮交联及Avedro KXL加速系统，分析角膜haze、感染、基质浸润、内皮损伤等并发症及处理，并介绍未成年人交联和联合角膜基质环植入、有晶体眼人工晶体植入、PRK等手术，以及技术发展趋势。"
e03a5505-1509-4147-b532-bf8d4e305805,本书为Teresa C. Chen主编、2013年出版的《眼科手术操作与技巧》丛书分册，面向眼科全科医师、青光眼专科医师及住院医师，系统讲解20种常用青光眼手术，并配有手术视频。内容涵盖青光眼病程分期、视神经损伤评估、眼内压与靶眼内压、视野及视盘照片、前房角镜和裂隙灯检查，以及原发性、继发性、急性闭角型、慢性房角关闭、新生血管性、葡萄膜炎性和青少年型青光眼的治疗决策。手术包括小梁切除术、白内障青光眼联合手术、滤过泡修复、Ahmed、Krupin、Baerveldt、Molteno及Taco引流装置植入，前房角切开、小梁切开、房角分离、周边虹膜切除、前房冲洗、后巩膜切开，以及氩激光、Nd:YAG激光、选择性激光小梁成形、周边虹膜成形、经巩膜二极管激光和内镜睫状体光凝术，并详述器械、麻醉、适应证禁忌证、术前准备、操作步骤、术后护理、抗代谢药物应用、并发症处理及预后。,completed,677b5b7c-3533-45e6-a817-0b4a8a2421d2,"# Summary
本书为Teresa C. Chen主编、2013年出版的《眼科手术操作与技巧》丛书分册，面向眼科全科医师、青光眼专科医师及住院医师，系统讲解20种常用青光眼手术，并配有手术视频。内容涵盖青光眼病程分期、视神经损伤评估、眼内压与靶眼内压、视野及视盘照片、前房角镜和裂隙灯检查，以及原发性、继发性、急性闭角型、慢性房角关闭、新生血管性、葡萄膜炎性和青少年型青光眼的治疗决策。手术包括小梁切除术、白内障青光眼联合手术、滤过泡修复、Ahmed、Krupin、Baerveldt、Molteno及Taco引流装置植入，前房角切开、小梁切开、房角分离、周边虹膜切除、前房冲洗、后巩膜切开，以及氩激光、Nd:YAG激光、选择性激光小梁成形、周边虹膜成形、经巩膜二极管激光和内镜睫状体光凝术，并详述器械、麻醉、适应证禁忌证、术前准备、操作步骤、术后护理、抗代谢药物应用、并发症处理及预后。",3072,"# Summary
本书为Teresa C. Chen主编、2013年出版的《眼科手术操作与技巧》丛书分册，面向眼科全科医师、青光眼专科医师及住院医师，系统讲解20种常用青光眼手术，并配有手术视频。内容涵盖青光眼病程分期、视神经损伤评估、眼内压与靶眼内压、视野及视盘照片、前房角镜和裂隙灯检查，以及原发性、继发性、急性闭角型、慢性房角关闭、新生血管性、葡萄膜炎性和青少年型青光眼的治疗决策。手术包括小梁切除术、白内障青光眼联合手术、滤过泡修复、Ahmed、Krupin、Baerveldt、Molteno及Taco引流装置植入，前房角切开、小梁切开、房角分离、周边虹膜切除、前房冲洗、后巩膜切开，以及氩激光、Nd:YAG激光、选择性激光小梁成形、周边虹膜成形、经巩膜二极管激光和内镜睫状体光凝术，并详述器械、麻醉、适应证禁忌证、术前准备、操作步骤、术后护理、抗代谢药物应用、并发症处理及预后。"
d50eb963-7f68-4bbc-8d6b-c8502e71864d,本书为唐炘主编、2014年出版的青光眼临床诊断图谱，面向各级眼科医师，强调结合中国患者特征进行识别、鉴别和治疗决策。全书涵盖原发性开角型、急慢性闭角型青光眼，以及由角膜、虹膜、晶状体、玻璃体视网膜疾病、眼部炎症、外伤、内眼手术、药物、肿瘤和上巩膜静脉压升高等引起的继发性青光眼；并涉及原发性先天性青光眼、先天发育异常相关青光眼及滤过手术后、引流物植入术后并发症。图谱重点展示眼压、前房深度、房角镜、UBM、裂隙灯、角膜内皮镜、眼底、视盘、视网膜神经纤维层和视野等检查及影像表现，解析POAG、正常眼压性青光眼、ICE综合征、色素性青光眼、剥脱综合征、新生血管性青光眼、葡萄膜炎继发青光眼等疾病的诊断要点与鉴别诊断，并涉及小梁切除术、青光眼引流物植入术及术后浅前房、滤过泡、低眼压性黄斑病变等问题。,completed,7762eeef-114c-4507-ac21-9fb3883c2568,"# Summary
本书为唐炘主编、2014年出版的青光眼临床诊断图谱，面向各级眼科医师，强调结合中国患者特征进行识别、鉴别和治疗决策。全书涵盖原发性开角型、急慢性闭角型青光眼，以及由角膜、虹膜、晶状体、玻璃体视网膜疾病、眼部炎症、外伤、内眼手术、药物、肿瘤和上巩膜静脉压升高等引起的继发性青光眼；并涉及原发性先天性青光眼、先天发育异常相关青光眼及滤过手术后、引流物植入术后并发症。图谱重点展示眼压、前房深度、房角镜、UBM、裂隙灯、角膜内皮镜、眼底、视盘、视网膜神经纤维层和视野等检查及影像表现，解析POAG、正常眼压性青光眼、ICE综合征、色素性青光眼、剥脱综合征、新生血管性青光眼、葡萄膜炎继发青光眼等疾病的诊断要点与鉴别诊断，并涉及小梁切除术、青光眼引流物植入术及术后浅前房、滤过泡、低眼压性黄斑病变等问题。",3072,"# Summary
本书为唐炘主编、2014年出版的青光眼临床诊断图谱，面向各级眼科医师，强调结合中国患者特征进行识别、鉴别和治疗决策。全书涵盖原发性开角型、急慢性闭角型青光眼，以及由角膜、虹膜、晶状体、玻璃体视网膜疾病、眼部炎症、外伤、内眼手术、药物、肿瘤和上巩膜静脉压升高等引起的继发性青光眼；并涉及原发性先天性青光眼、先天发育异常相关青光眼及滤过手术后、引流物植入术后并发症。图谱重点展示眼压、前房深度、房角镜、UBM、裂隙灯、角膜内皮镜、眼底、视盘、视网膜神经纤维层和视野等检查及影像表现，解析POAG、正常眼压性青光眼、ICE综合征、色素性青光眼、剥脱综合征、新生血管性青光眼、葡萄膜炎继发青光眼等疾病的诊断要点与鉴别诊断，并涉及小梁切除术、青光眼引流物植入术及术后浅前房、滤过泡、低眼压性黄斑病变等问题。"
d899f7b8-10b0-468a-832a-3b5cf77a5642,本书为2009年出版的青光眼手术专著，适用于青光眼专科医师、眼科医生及研究生。全书围绕非穿透青光眼手术，从发展历史、降压原理与基础实验，讲解深层巩膜切除术、非穿透小梁手术、黏弹物质小管切开术的适应证、禁忌证、操作技巧、植入材料、疗效评价、并发症及术后处理；并涉及先天性青光眼、房角部分开放的闭角型青光眼、开角型青光眼，以及联合晶状体超声乳化术的应用。书中还讨论Nd：YAG激光房角穿孔术、UBM与OCT影像评估、打磨法小梁成形术、系统评价及非穿透手术与小梁切除术的比较、争议和临床体会。关键词包括眼内压、房水引流、Schlemm管、小梁网—狄氏膜、减压室、胶原植入物、透明质酸钠凝胶、T-Flux、丝裂霉素C、5-Fu、低眼压、浅前房、脉络膜脱离及滤过瘢痕化。,completed,447aea02-7ed6-4808-8562-4fce265dde50,"# Summary
本书为2009年出版的青光眼手术专著，适用于青光眼专科医师、眼科医生及研究生。全书围绕非穿透青光眼手术，从发展历史、降压原理与基础实验，讲解深层巩膜切除术、非穿透小梁手术、黏弹物质小管切开术的适应证、禁忌证、操作技巧、植入材料、疗效评价、并发症及术后处理；并涉及先天性青光眼、房角部分开放的闭角型青光眼、开角型青光眼，以及联合晶状体超声乳化术的应用。书中还讨论Nd：YAG激光房角穿孔术、UBM与OCT影像评估、打磨法小梁成形术、系统评价及非穿透手术与小梁切除术的比较、争议和临床体会。关键词包括眼内压、房水引流、Schlemm管、小梁网—狄氏膜、减压室、胶原植入物、透明质酸钠凝胶、T-Flux、丝裂霉素C、5-Fu、低眼压、浅前房、脉络膜脱离及滤过瘢痕化。",3072,"# Summary
本书为2009年出版的青光眼手术专著，适用于青光眼专科医师、眼科医生及研究生。全书围绕非穿透青光眼手术，从发展历史、降压原理与基础实验，讲解深层巩膜切除术、非穿透小梁手术、黏弹物质小管切开术的适应证、禁忌证、操作技巧、植入材料、疗效评价、并发症及术后处理；并涉及先天性青光眼、房角部分开放的闭角型青光眼、开角型青光眼，以及联合晶状体超声乳化术的应用。书中还讨论Nd：YAG激光房角穿孔术、UBM与OCT影像评估、打磨法小梁成形术、系统评价及非穿透手术与小梁切除术的比较、争议和临床体会。关键词包括眼内压、房水引流、Schlemm管、小梁网—狄氏膜、减压室、胶原植入物、透明质酸钠凝胶、T-Flux、丝裂霉素C、5-Fu、低眼压、浅前房、脉络膜脱离及滤过瘢痕化。"
5f7c9a10-14f3-4324-9923-277007294c74,本书出版于2011年，是面向眼科及眼睑整形美容专业医生，尤其适合初学者的韩国眼睑整形手术图谱，重点服务于亚洲人群的术前设计与手术操作。全书涵盖眼睑表面、皮肤皮下组织、肌肉、脂肪、结缔组织、血管神经等解剖，麻醉、术前准备与局部浸润及神经阻滞；系统介绍退行性及瘢痕性睑内翻、倒睫、退行性及瘢痕性和麻痹性睑外翻，以及上睑下垂的评估、术前检查、分类、提上睑肌腱膜复位、提上睑肌缩短、额肌悬吊、结膜-Müller肌切除。还包括非切开及切开重睑成形、老年性上下睑松弛矫正、经皮肤或经结膜下睑成形及脂肪复位、内眦赘皮分型与Park Z、Root Z、Y-V、Uchida、Mustarde等成形术，直接眉成形，上下睑退缩的经结膜、经皮肤及植片治疗，以及上睑、下睑和内眦缺损重建。书中以大量实际手术照片和步骤图展示检查、设计、切口、缝合、固定及术后形态。,completed,1d29b1bb-12b8-4767-b4fe-33d76b7ba192,"# Summary
本书出版于2011年，是面向眼科及眼睑整形美容专业医生，尤其适合初学者的韩国眼睑整形手术图谱，重点服务于亚洲人群的术前设计与手术操作。全书涵盖眼睑表面、皮肤皮下组织、肌肉、脂肪、结缔组织、血管神经等解剖，麻醉、术前准备与局部浸润及神经阻滞；系统介绍退行性及瘢痕性睑内翻、倒睫、退行性及瘢痕性和麻痹性睑外翻，以及上睑下垂的评估、术前检查、分类、提上睑肌腱膜复位、提上睑肌缩短、额肌悬吊、结膜-Müller肌切除。还包括非切开及切开重睑成形、老年性上下睑松弛矫正、经皮肤或经结膜下睑成形及脂肪复位、内眦赘皮分型与Park Z、Root Z、Y-V、Uchida、Mustarde等成形术，直接眉成形，上下睑退缩的经结膜、经皮肤及植片治疗，以及上睑、下睑和内眦缺损重建。书中以大量实际手术照片和步骤图展示检查、设计、切口、缝合、固定及术后形态。",3072,"# Summary
本书出版于2011年，是面向眼科及眼睑整形美容专业医生，尤其适合初学者的韩国眼睑整形手术图谱，重点服务于亚洲人群的术前设计与手术操作。全书涵盖眼睑表面、皮肤皮下组织、肌肉、脂肪、结缔组织、血管神经等解剖，麻醉、术前准备与局部浸润及神经阻滞；系统介绍退行性及瘢痕性睑内翻、倒睫、退行性及瘢痕性和麻痹性睑外翻，以及上睑下垂的评估、术前检查、分类、提上睑肌腱膜复位、提上睑肌缩短、额肌悬吊、结膜-Müller肌切除。还包括非切开及切开重睑成形、老年性上下睑松弛矫正、经皮肤或经结膜下睑成形及脂肪复位、内眦赘皮分型与Park Z、Root Z、Y-V、Uchida、Mustarde等成形术，直接眉成形，上下睑退缩的经结膜、经皮肤及植片治疗，以及上睑、下睑和内眦缺损重建。书中以大量实际手术照片和步骤图展示检查、设计、切口、缝合、固定及术后形态。"
5110504d-7503-45b4-8952-3fb0a1bc62db,本书由王雁、赵堪兴主编，2014年出版，定位为系统介绍飞秒激光及角膜屈光手术的专业专著，适用于眼科医师、屈光手术医师及相关医学专业人员。全书五篇二十章：第一篇阐述角膜屈光手术发展与分类、飞秒激光及超短脉冲激光器原理、生物组织作用、生物效应、角膜生物力学、眼部损伤与激光安全；第二篇重点介绍“全飞秒”SMILE及角膜基质内微透镜取出术，涵盖近视、散光等屈光不正的适应证、禁忌证、术前检查评估、手术设计、操作技巧、并发症防治及疗效评价；第三篇系统讲解Femto LDV、IntraLase、WaveLight FS200、VisuMax等设备辅助LASIK制瓣手术及临床问题处理；第四篇介绍老视矫正、角膜基质环植入、角膜基质内镶嵌、散光角膜切开及飞秒激光胶原交联术，涉及圆锥角膜等角膜疾病；第五篇论述飞秒激光在穿透性及板层角膜移植、角膜内皮移植和白内障手术中的应用。书中还涉及角膜地形与生物力学评估、角膜扩张、屈光回退、视觉质量及相关影像和检查技术。,completed,e3929c33-7335-47b5-bfb6-0382e319df8b,"# Summary
本书由王雁、赵堪兴主编，2014年出版，定位为系统介绍飞秒激光及角膜屈光手术的专业专著，适用于眼科医师、屈光手术医师及相关医学专业人员。全书五篇二十章：第一篇阐述角膜屈光手术发展与分类、飞秒激光及超短脉冲激光器原理、生物组织作用、生物效应、角膜生物力学、眼部损伤与激光安全；第二篇重点介绍“全飞秒”SMILE及角膜基质内微透镜取出术，涵盖近视、散光等屈光不正的适应证、禁忌证、术前检查评估、手术设计、操作技巧、并发症防治及疗效评价；第三篇系统讲解Femto LDV、IntraLase、WaveLight FS200、VisuMax等设备辅助LASIK制瓣手术及临床问题处理；第四篇介绍老视矫正、角膜基质环植入、角膜基质内镶嵌、散光角膜切开及飞秒激光胶原交联术，涉及圆锥角膜等角膜疾病；第五篇论述飞秒激光在穿透性及板层角膜移植、角膜内皮移植和白内障手术中的应用。书中还涉及角膜地形与生物力学评估、角膜扩张、屈光回退、视觉质量及相关影像和检查技术。",3072,"# Summary
本书由王雁、赵堪兴主编，2014年出版，定位为系统介绍飞秒激光及角膜屈光手术的专业专著，适用于眼科医师、屈光手术医师及相关医学专业人员。全书五篇二十章：第一篇阐述角膜屈光手术发展与分类、飞秒激光及超短脉冲激光器原理、生物组织作用、生物效应、角膜生物力学、眼部损伤与激光安全；第二篇重点介绍“全飞秒”SMILE及角膜基质内微透镜取出术，涵盖近视、散光等屈光不正的适应证、禁忌证、术前检查评估、手术设计、操作技巧、并发症防治及疗效评价；第三篇系统讲解Femto LDV、IntraLase、WaveLight FS200、VisuMax等设备辅助LASIK制瓣手术及临床问题处理；第四篇介绍老视矫正、角膜基质环植入、角膜基质内镶嵌、散光角膜切开及飞秒激光胶原交联术，涉及圆锥角膜等角膜疾病；第五篇论述飞秒激光在穿透性及板层角膜移植、角膜内皮移植和白内障手术中的应用。书中还涉及角膜地形与生物力学评估、角膜扩张、屈光回退、视觉质量及相关影像和检查技术。"
b96b6610-e1ec-40ee-9d53-22da6a7cfd76,本书为张金嵩主编、2013年出版的高度近视实用专著，适用于眼科临床医师、视光师、科研人员及研究生，服务于医学教育、科研与临床诊疗。全书系统介绍高度近视概念、流行病学、遗传与环境因素、实验性近视模型及发病机制，涵盖症状、视功能评估、病理与免疫学、眼底改变及后巩膜葡萄肿。重点讲述黄斑病变、漆样裂纹、脉络膜新生血管、黄斑出血、黄斑裂孔、视网膜劈裂与脱离、玻璃体病变、白内障、青光眼等并发症，以及圆锥角膜、Marfan、Marchesani、Alport等相关综合征。检查与影像包括超声、CT、MRI、OCT、视野、视网膜厚度分析、共焦激光眼底扫描、FFA、ICGA及视觉电生理。治疗涉及镜片、角膜接触镜、局部及全身药物、中药和基因治疗；手术与技术包括放射状角膜切开、角膜散光切开、LASIK/LASEK、角膜基质环、人工晶状体植入、透明晶状体摘除、后巩膜加固、眼底激光及视网膜色素上皮—脉络膜移植。,completed,edf024d9-6d5a-42c2-959b-c39118ce9ef9,"# Summary
本书为张金嵩主编、2013年出版的高度近视实用专著，适用于眼科临床医师、视光师、科研人员及研究生，服务于医学教育、科研与临床诊疗。全书系统介绍高度近视概念、流行病学、遗传与环境因素、实验性近视模型及发病机制，涵盖症状、视功能评估、病理与免疫学、眼底改变及后巩膜葡萄肿。重点讲述黄斑病变、漆样裂纹、脉络膜新生血管、黄斑出血、黄斑裂孔、视网膜劈裂与脱离、玻璃体病变、白内障、青光眼等并发症，以及圆锥角膜、Marfan、Marchesani、Alport等相关综合征。检查与影像包括超声、CT、MRI、OCT、视野、视网膜厚度分析、共焦激光眼底扫描、FFA、ICGA及视觉电生理。治疗涉及镜片、角膜接触镜、局部及全身药物、中药和基因治疗；手术与技术包括放射状角膜切开、角膜散光切开、LASIK/LASEK、角膜基质环、人工晶状体植入、透明晶状体摘除、后巩膜加固、眼底激光及视网膜色素上皮—脉络膜移植。",3072,"# Summary
本书为张金嵩主编、2013年出版的高度近视实用专著，适用于眼科临床医师、视光师、科研人员及研究生，服务于医学教育、科研与临床诊疗。全书系统介绍高度近视概念、流行病学、遗传与环境因素、实验性近视模型及发病机制，涵盖症状、视功能评估、病理与免疫学、眼底改变及后巩膜葡萄肿。重点讲述黄斑病变、漆样裂纹、脉络膜新生血管、黄斑出血、黄斑裂孔、视网膜劈裂与脱离、玻璃体病变、白内障、青光眼等并发症，以及圆锥角膜、Marfan、Marchesani、Alport等相关综合征。检查与影像包括超声、CT、MRI、OCT、视野、视网膜厚度分析、共焦激光眼底扫描、FFA、ICGA及视觉电生理。治疗涉及镜片、角膜接触镜、局部及全身药物、中药和基因治疗；手术与技术包括放射状角膜切开、角膜散光切开、LASIK/LASEK、角膜基质环、人工晶状体植入、透明晶状体摘除、后巩膜加固、眼底激光及视网膜色素上皮—脉络膜移植。"
ebdc085a-eec5-4da3-bb90-4afd82c425ce,本书出版于2023年，面向眼科医师、住院医师、专科培训医师及白内障手术教学与临床实践，系统介绍白内障手术及人工晶状体相关知识。全书分八部分：术前评估涵盖白内障病理与分类、患者准备、生物测量及屈光术后人工晶状体度数计算；人工晶状体部分介绍设计、生物材料、前后房型、散光矫正型、老视矫正型、可调节及模块化晶状体；麻醉与初始步骤涉及黏弹剂、抗生素预防、眼内炎、炎症、切口、撕囊、水分离与水层分离。核处理部分涵盖超声乳化平台、核劈裂、劈核、倾斜翻转、微切口、飞秒激光辅助、皮质吸除及囊外摘除。随后讨论散光评估与切口、散光晶状体、残余散光处理；复杂病例包括白内障、弱悬韧带、小瞳孔、青光眼、角膜手术、葡萄膜炎、视网膜疾病、儿童、外伤、短眼、虹膜修复及晶状体置换。末尾系统讲解术中风险与并发症、前段玻璃体切除、伤口管理、毒性前节综合征，以及术后角膜水肿、青光眼、视网膜并发症、晶状体脱位、YAG激光、视觉干扰和屈光增强。,completed,ee57974d-1aac-4848-9515-aaeefcb353bf,"# Summary
本书出版于2023年，面向眼科医师、住院医师、专科培训医师及白内障手术教学与临床实践，系统介绍白内障手术及人工晶状体相关知识。全书分八部分：术前评估涵盖白内障病理与分类、患者准备、生物测量及屈光术后人工晶状体度数计算；人工晶状体部分介绍设计、生物材料、前后房型、散光矫正型、老视矫正型、可调节及模块化晶状体；麻醉与初始步骤涉及黏弹剂、抗生素预防、眼内炎、炎症、切口、撕囊、水分离与水层分离。核处理部分涵盖超声乳化平台、核劈裂、劈核、倾斜翻转、微切口、飞秒激光辅助、皮质吸除及囊外摘除。随后讨论散光评估与切口、散光晶状体、残余散光处理；复杂病例包括白内障、弱悬韧带、小瞳孔、青光眼、角膜手术、葡萄膜炎、视网膜疾病、儿童、外伤、短眼、虹膜修复及晶状体置换。末尾系统讲解术中风险与并发症、前段玻璃体切除、伤口管理、毒性前节综合征，以及术后角膜水肿、青光眼、视网膜并发症、晶状体脱位、YAG激光、视觉干扰和屈光增强。",3072,"# Summary
本书出版于2023年，面向眼科医师、住院医师、专科培训医师及白内障手术教学与临床实践，系统介绍白内障手术及人工晶状体相关知识。全书分八部分：术前评估涵盖白内障病理与分类、患者准备、生物测量及屈光术后人工晶状体度数计算；人工晶状体部分介绍设计、生物材料、前后房型、散光矫正型、老视矫正型、可调节及模块化晶状体；麻醉与初始步骤涉及黏弹剂、抗生素预防、眼内炎、炎症、切口、撕囊、水分离与水层分离。核处理部分涵盖超声乳化平台、核劈裂、劈核、倾斜翻转、微切口、飞秒激光辅助、皮质吸除及囊外摘除。随后讨论散光评估与切口、散光晶状体、残余散光处理；复杂病例包括白内障、弱悬韧带、小瞳孔、青光眼、角膜手术、葡萄膜炎、视网膜疾病、儿童、外伤、短眼、虹膜修复及晶状体置换。末尾系统讲解术中风险与并发症、前段玻璃体切除、伤口管理、毒性前节综合征，以及术后角膜水肿、青光眼、视网膜并发症、晶状体脱位、YAG激光、视觉干扰和屈光增强。"
250cd53b-0bbd-4f54-9e31-909162d6ea76,本书出版于2022年，面向眼科医师、视网膜专科医生、研究者及临床教学，系统用于眼底病诊断、治疗与手术决策。全书三卷：卷一涵盖荧光素血管造影、吲哚菁绿造影、OCT/OCTA、自发荧光、广域及人工智能影像、超声、电生理、视力、色觉、视野检查，并讲解视网膜解剖生理、氧化/内质网应激、炎症、免疫、血视网膜屏障、遗传、基因与干细胞治疗、纳米医学、神经保护、药物递送及激光；卷二聚焦黄斑及视网膜变性、视网膜色素变性、糖尿病视网膜病变和黄斑水肿、高血压、动静脉阻塞、静脉阻塞、黄斑毛细血管扩张、早产儿及儿童血管病，年龄相关性黄斑变性、病理性近视、脉络膜疾病、中心性浆液性脉络膜视网膜病变、葡萄膜炎、感染、药物/光损伤、外伤及妊娠相关疾病；卷三涵盖视网膜脱离、增殖性玻璃体视网膜病变、巩膜扣带、玻璃体切除、气 pneumatic 视网膜固定、视网膜切开/切除、黄斑裂孔、黄斑前膜、眼内炎、活检及手术并发症，并系统介绍视网膜、脉络膜、玻璃体肿瘤，包括视网膜母细胞瘤、葡萄膜黑色素瘤、转移瘤、淋巴瘤及放疗、近距离放射、激光、眼球摘除等治疗。,completed,b7381b8b-461b-4a6e-815f-bedf655cf0b3,"# Summary
本书出版于2022年，面向眼科医师、视网膜专科医生、研究者及临床教学，系统用于眼底病诊断、治疗与手术决策。全书三卷：卷一涵盖荧光素血管造影、吲哚菁绿造影、OCT/OCTA、自发荧光、广域及人工智能影像、超声、电生理、视力、色觉、视野检查，并讲解视网膜解剖生理、氧化/内质网应激、炎症、免疫、血视网膜屏障、遗传、基因与干细胞治疗、纳米医学、神经保护、药物递送及激光；卷二聚焦黄斑及视网膜变性、视网膜色素变性、糖尿病视网膜病变和黄斑水肿、高血压、动静脉阻塞、静脉阻塞、黄斑毛细血管扩张、早产儿及儿童血管病，年龄相关性黄斑变性、病理性近视、脉络膜疾病、中心性浆液性脉络膜视网膜病变、葡萄膜炎、感染、药物/光损伤、外伤及妊娠相关疾病；卷三涵盖视网膜脱离、增殖性玻璃体视网膜病变、巩膜扣带、玻璃体切除、气 pneumatic 视网膜固定、视网膜切开/切除、黄斑裂孔、黄斑前膜、眼内炎、活检及手术并发症，并系统介绍视网膜、脉络膜、玻璃体肿瘤，包括视网膜母细胞瘤、葡萄膜黑色素瘤、转移瘤、淋巴瘤及放疗、近距离放射、激光、眼球摘除等治疗。",3072,"# Summary
本书出版于2022年，面向眼科医师、视网膜专科医生、研究者及临床教学，系统用于眼底病诊断、治疗与手术决策。全书三卷：卷一涵盖荧光素血管造影、吲哚菁绿造影、OCT/OCTA、自发荧光、广域及人工智能影像、超声、电生理、视力、色觉、视野检查，并讲解视网膜解剖生理、氧化/内质网应激、炎症、免疫、血视网膜屏障、遗传、基因与干细胞治疗、纳米医学、神经保护、药物递送及激光；卷二聚焦黄斑及视网膜变性、视网膜色素变性、糖尿病视网膜病变和黄斑水肿、高血压、动静脉阻塞、静脉阻塞、黄斑毛细血管扩张、早产儿及儿童血管病，年龄相关性黄斑变性、病理性近视、脉络膜疾病、中心性浆液性脉络膜视网膜病变、葡萄膜炎、感染、药物/光损伤、外伤及妊娠相关疾病；卷三涵盖视网膜脱离、增殖性玻璃体视网膜病变、巩膜扣带、玻璃体切除、气 pneumatic 视网膜固定、视网膜切开/切除、黄斑裂孔、黄斑前膜、眼内炎、活检及手术并发症，并系统介绍视网膜、脉络膜、玻璃体肿瘤，包括视网膜母细胞瘤、葡萄膜黑色素瘤、转移瘤、淋巴瘤及放疗、近距离放射、激光、眼球摘除等治疗。"
d32d0b93-5732-4110-802b-081f3bbc175a,本书出版于2011年，面向初、中级眼科临床医师及角膜病专科医师，适用于角结膜疾病学习、临床诊疗与参考。全书以病例图谱结合简明文字，展示眼表、角膜及结膜疾病的临床表现、检查影像、治疗方法与转归。内容按病因和病变特点编排：感染性眼表疾病涵盖病毒、细菌、真菌、衣原体、寄生虫感染及睑缘炎，包括单纯疱疹性角膜炎、带状疱疹、细菌性及棘阿米巴角膜炎、沙眼等；免疫性疾病涉及特应性、春季卡他性角结膜炎、眼瘢痕性类天疱疮、Stevens-Johnson综合征、蚕食性角膜溃疡、巩膜炎及全身胶原血管病眼部表现；并介绍角结膜肿瘤、角膜营养不良、结膜及角膜变性、圆锥角膜、眼前段发育异常和热烧伤、化学烧伤、裂伤、异物伤等外伤。后半部讲述暴露性、神经营养性、接触镜相关病变、干眼及其他眼表疾病，并系统介绍角膜移植、羊膜移植、结膜瓣、翼状胬肉及屈光手术，涵盖移植排斥、植片溃疡、继发性青光眼、散光等并发症，以及药物和手术相关角结膜病变。,completed,87391b0a-9ac3-4cc1-a2fa-a0b7b1291c45,"# Summary
本书出版于2011年，面向初、中级眼科临床医师及角膜病专科医师，适用于角结膜疾病学习、临床诊疗与参考。全书以病例图谱结合简明文字，展示眼表、角膜及结膜疾病的临床表现、检查影像、治疗方法与转归。内容按病因和病变特点编排：感染性眼表疾病涵盖病毒、细菌、真菌、衣原体、寄生虫感染及睑缘炎，包括单纯疱疹性角膜炎、带状疱疹、细菌性及棘阿米巴角膜炎、沙眼等；免疫性疾病涉及特应性、春季卡他性角结膜炎、眼瘢痕性类天疱疮、Stevens-Johnson综合征、蚕食性角膜溃疡、巩膜炎及全身胶原血管病眼部表现；并介绍角结膜肿瘤、角膜营养不良、结膜及角膜变性、圆锥角膜、眼前段发育异常和热烧伤、化学烧伤、裂伤、异物伤等外伤。后半部讲述暴露性、神经营养性、接触镜相关病变、干眼及其他眼表疾病，并系统介绍角膜移植、羊膜移植、结膜瓣、翼状胬肉及屈光手术，涵盖移植排斥、植片溃疡、继发性青光眼、散光等并发症，以及药物和手术相关角结膜病变。",3072,"# Summary
本书出版于2011年，面向初、中级眼科临床医师及角膜病专科医师，适用于角结膜疾病学习、临床诊疗与参考。全书以病例图谱结合简明文字，展示眼表、角膜及结膜疾病的临床表现、检查影像、治疗方法与转归。内容按病因和病变特点编排：感染性眼表疾病涵盖病毒、细菌、真菌、衣原体、寄生虫感染及睑缘炎，包括单纯疱疹性角膜炎、带状疱疹、细菌性及棘阿米巴角膜炎、沙眼等；免疫性疾病涉及特应性、春季卡他性角结膜炎、眼瘢痕性类天疱疮、Stevens-Johnson综合征、蚕食性角膜溃疡、巩膜炎及全身胶原血管病眼部表现；并介绍角结膜肿瘤、角膜营养不良、结膜及角膜变性、圆锥角膜、眼前段发育异常和热烧伤、化学烧伤、裂伤、异物伤等外伤。后半部讲述暴露性、神经营养性、接触镜相关病变、干眼及其他眼表疾病，并系统介绍角膜移植、羊膜移植、结膜瓣、翼状胬肉及屈光手术，涵盖移植排斥、植片溃疡、继发性青光眼、散光等并发症，以及药物和手术相关角结膜病变。"
c5b2f3bf-9bf2-4fc5-a79b-71e98b4a1922,本书出版于2010年，面向各级眼科医师、B型超声医师、眼科教学与科研人员及生物医学工程技术人员，系统介绍超声生物显微镜（UBM）在眼科基础研究、临床诊断、治疗评价和科研中的应用。全书分三篇、二十四章：基础篇讲述高频超声影像原理、UBM成像与扫描器设计、图像质量、测量精度、安全性、设备种类及检查技术；临床篇涵盖正常眼及眼前段定量测量，角膜、巩膜、葡萄膜、青光眼、晶状体、玻璃体、视网膜、早产儿视网膜病变、眼外伤、前段肿瘤、睫状体调节与疾病，并讨论UBM在青光眼及眼底激光、角膜移植、人工晶体植入、巩膜环扎、玻璃体切割等治疗和手术前后评估中的作用，以及相关并发症、异物和占位病变检查；实验篇介绍实验性角膜碱烧伤、眼前段影像学、UBM历史与中国发展、泪道疾病、国产全景高频UBM及小动物眼部超声系统。,completed,8966c875-78a1-45c7-ae45-7d0bd9fd2d72,"# Summary
本书出版于2010年，面向各级眼科医师、B型超声医师、眼科教学与科研人员及生物医学工程技术人员，系统介绍超声生物显微镜（UBM）在眼科基础研究、临床诊断、治疗评价和科研中的应用。全书分三篇、二十四章：基础篇讲述高频超声影像原理、UBM成像与扫描器设计、图像质量、测量精度、安全性、设备种类及检查技术；临床篇涵盖正常眼及眼前段定量测量，角膜、巩膜、葡萄膜、青光眼、晶状体、玻璃体、视网膜、早产儿视网膜病变、眼外伤、前段肿瘤、睫状体调节与疾病，并讨论UBM在青光眼及眼底激光、角膜移植、人工晶体植入、巩膜环扎、玻璃体切割等治疗和手术前后评估中的作用，以及相关并发症、异物和占位病变检查；实验篇介绍实验性角膜碱烧伤、眼前段影像学、UBM历史与中国发展、泪道疾病、国产全景高频UBM及小动物眼部超声系统。",3072,"# Summary
本书出版于2010年，面向各级眼科医师、B型超声医师、眼科教学与科研人员及生物医学工程技术人员，系统介绍超声生物显微镜（UBM）在眼科基础研究、临床诊断、治疗评价和科研中的应用。全书分三篇、二十四章：基础篇讲述高频超声影像原理、UBM成像与扫描器设计、图像质量、测量精度、安全性、设备种类及检查技术；临床篇涵盖正常眼及眼前段定量测量，角膜、巩膜、葡萄膜、青光眼、晶状体、玻璃体、视网膜、早产儿视网膜病变、眼外伤、前段肿瘤、睫状体调节与疾病，并讨论UBM在青光眼及眼底激光、角膜移植、人工晶体植入、巩膜环扎、玻璃体切割等治疗和手术前后评估中的作用，以及相关并发症、异物和占位病变检查；实验篇介绍实验性角膜碱烧伤、眼前段影像学、UBM历史与中国发展、泪道疾病、国产全景高频UBM及小动物眼部超声系统。"
9c7ebe5b-9ce0-444b-abb3-cd9adbf72aca,本书出版于2019年，面向眼科医师、眼底病专科医师、住院医师及相关医技人员，适合作为临床诊断、影像判读和教学参考。全书以5000余幅图像系统展示视网膜与脉络膜疾病：第1章介绍正常眼底组织学及眼底照相、荧光素和吲哚菁绿血管造影、眼底自发荧光、超广角成像、OCT与OCTA；第2章涵盖遗传性脉络膜视网膜营养不良、黄斑营养不良、视网膜色素变性、结晶性疾病及白点综合征；第3章讨论早产儿视网膜病变、先天异常、代谢病和儿童眼底病；第4、5章介绍炎症、葡萄膜炎、血管炎及病毒、细菌、真菌、螺旋体和寄生虫感染；第6章聚焦动静脉阻塞、糖尿病及高血压性视网膜病变、黄斑毛细血管扩张和全身血管病；第7、8章涵盖玻璃体、病理性近视、AMD、脉络膜新生血管、视网膜及脉络膜肿瘤；第9—15章进一步讲述玻璃体黄斑牵引、黄斑裂孔、渗出性病变、视网膜裂孔与脱离及其治疗、外伤、眼科手术并发症、药物毒性和先天性视神经异常。,completed,7d9c01c9-10ff-45f0-9817-fe957ff10dd4,"# Summary
本书出版于2019年，面向眼科医师、眼底病专科医师、住院医师及相关医技人员，适合作为临床诊断、影像判读和教学参考。全书以5000余幅图像系统展示视网膜与脉络膜疾病：第1章介绍正常眼底组织学及眼底照相、荧光素和吲哚菁绿血管造影、眼底自发荧光、超广角成像、OCT与OCTA；第2章涵盖遗传性脉络膜视网膜营养不良、黄斑营养不良、视网膜色素变性、结晶性疾病及白点综合征；第3章讨论早产儿视网膜病变、先天异常、代谢病和儿童眼底病；第4、5章介绍炎症、葡萄膜炎、血管炎及病毒、细菌、真菌、螺旋体和寄生虫感染；第6章聚焦动静脉阻塞、糖尿病及高血压性视网膜病变、黄斑毛细血管扩张和全身血管病；第7、8章涵盖玻璃体、病理性近视、AMD、脉络膜新生血管、视网膜及脉络膜肿瘤；第9—15章进一步讲述玻璃体黄斑牵引、黄斑裂孔、渗出性病变、视网膜裂孔与脱离及其治疗、外伤、眼科手术并发症、药物毒性和先天性视神经异常。",3072,"# Summary
本书出版于2019年，面向眼科医师、眼底病专科医师、住院医师及相关医技人员，适合作为临床诊断、影像判读和教学参考。全书以5000余幅图像系统展示视网膜与脉络膜疾病：第1章介绍正常眼底组织学及眼底照相、荧光素和吲哚菁绿血管造影、眼底自发荧光、超广角成像、OCT与OCTA；第2章涵盖遗传性脉络膜视网膜营养不良、黄斑营养不良、视网膜色素变性、结晶性疾病及白点综合征；第3章讨论早产儿视网膜病变、先天异常、代谢病和儿童眼底病；第4、5章介绍炎症、葡萄膜炎、血管炎及病毒、细菌、真菌、螺旋体和寄生虫感染；第6章聚焦动静脉阻塞、糖尿病及高血压性视网膜病变、黄斑毛细血管扩张和全身血管病；第7、8章涵盖玻璃体、病理性近视、AMD、脉络膜新生血管、视网膜及脉络膜肿瘤；第9—15章进一步讲述玻璃体黄斑牵引、黄斑裂孔、渗出性病变、视网膜裂孔与脱离及其治疗、外伤、眼科手术并发症、药物毒性和先天性视神经异常。"
3cc79388-33de-42f0-a42b-b3de1aa23e72,《角膜手术学》出版于2012年，面向角膜及眼表疾病临床医师、手术医师和相关检查、研究人员，主要用于角膜手术规范化学习与临床参考。全书共九章：先介绍泪膜和角膜的基础解剖、生理及组织学，以及角膜内皮显微镜、泪功能检查、裂隙灯照相、真菌学检查、前节OCT和共焦显微镜等检查与影像技术；继而讲解角膜手术器械、缝针缝线、显微缝合技巧、麻醉及麻醉并发症处理，并介绍眼库、供体角膜采集保存和羊膜制备。重点涵盖羊膜移植、翼状胬肉切除、角膜缘及结膜移植、结膜瓣、角结膜肿物切除、睑裂缝合、角膜裂伤缝合和深层异物取出；系统阐述穿透性、非常规穿透性、板层及非常规板层角膜移植，涉及圆锥角膜、感染性角膜溃疡、边缘性角膜变薄、蚕食性角膜溃疡等。后续介绍角膜移植联合白内障摘除及人工晶状体植入、角膜缘移植、角膜穿孔修补、严重干眼、角膜葡萄肿和睑球粘连等联合手术，以及角膜内皮移植、再次穿透性移植、特殊形态移植，贯穿适应证、术前评估、手术步骤、围术期处理、术中术后并发症及其处理。,completed,462a85c7-90e8-4f5f-866d-a69179492ef2,"# Summary
《角膜手术学》出版于2012年，面向角膜及眼表疾病临床医师、手术医师和相关检查、研究人员，主要用于角膜手术规范化学习与临床参考。全书共九章：先介绍泪膜和角膜的基础解剖、生理及组织学，以及角膜内皮显微镜、泪功能检查、裂隙灯照相、真菌学检查、前节OCT和共焦显微镜等检查与影像技术；继而讲解角膜手术器械、缝针缝线、显微缝合技巧、麻醉及麻醉并发症处理，并介绍眼库、供体角膜采集保存和羊膜制备。重点涵盖羊膜移植、翼状胬肉切除、角膜缘及结膜移植、结膜瓣、角结膜肿物切除、睑裂缝合、角膜裂伤缝合和深层异物取出；系统阐述穿透性、非常规穿透性、板层及非常规板层角膜移植，涉及圆锥角膜、感染性角膜溃疡、边缘性角膜变薄、蚕食性角膜溃疡等。后续介绍角膜移植联合白内障摘除及人工晶状体植入、角膜缘移植、角膜穿孔修补、严重干眼、角膜葡萄肿和睑球粘连等联合手术，以及角膜内皮移植、再次穿透性移植、特殊形态移植，贯穿适应证、术前评估、手术步骤、围术期处理、术中术后并发症及其处理。",3072,"# Summary
《角膜手术学》出版于2012年，面向角膜及眼表疾病临床医师、手术医师和相关检查、研究人员，主要用于角膜手术规范化学习与临床参考。全书共九章：先介绍泪膜和角膜的基础解剖、生理及组织学，以及角膜内皮显微镜、泪功能检查、裂隙灯照相、真菌学检查、前节OCT和共焦显微镜等检查与影像技术；继而讲解角膜手术器械、缝针缝线、显微缝合技巧、麻醉及麻醉并发症处理，并介绍眼库、供体角膜采集保存和羊膜制备。重点涵盖羊膜移植、翼状胬肉切除、角膜缘及结膜移植、结膜瓣、角结膜肿物切除、睑裂缝合、角膜裂伤缝合和深层异物取出；系统阐述穿透性、非常规穿透性、板层及非常规板层角膜移植，涉及圆锥角膜、感染性角膜溃疡、边缘性角膜变薄、蚕食性角膜溃疡等。后续介绍角膜移植联合白内障摘除及人工晶状体植入、角膜缘移植、角膜穿孔修补、严重干眼、角膜葡萄肿和睑球粘连等联合手术，以及角膜内皮移植、再次穿透性移植、特殊形态移植，贯穿适应证、术前评估、手术步骤、围术期处理、术中术后并发症及其处理。"
00fb31e3-635b-40ca-9a01-048119245103,本书出版于2009年，是面向角膜专科医师、眼科住院医师及从事角膜移植、眼表和屈光手术人员的系统性参考书，兼顾角膜组织基础、检查诊断与手术技术。内容从角膜移植史、眼睑内外翻与倒睫、结膜和泪膜、角膜上皮及缘干细胞、基质创伤修复、内皮结构与疾病展开，涵盖角膜透明性、生物力学和组织工程；随后介绍角膜计、Placido角膜地形图、Orbscan/Pentacam断层成像、前节影像、共焦显微镜、角膜内皮镜、眼压及生物力学分析。临床与手术部分涉及麻醉、异物、培养和活检、上皮清创、浅层角膜切除、复发性角膜糜烂微穿刺、PTK、组织胶、结膜瓣和羊膜移植、中央及周边角膜变薄、眼表重建、单纯疱疹、化学伤、角膜裂伤、肿瘤和人工角膜。全书重点详述供体评估、组织配型、环钻与切削器械、黏弹剂、缝合、前板层及深板层角膜移植、穿透性角膜移植、DSAEK/DSEK等内皮移植，以及儿童移植、再移植、术后感染、青光眼、散光、排斥和免疫抑制；后半部分进一步讨论LASIK、PRK、角膜环、传导性角膜成形术、飞秒及准分子激光、波前分析、个体化切削和屈光手术并发症。,completed,3f938e2a-8e74-4f9b-9fde-dfcad29f51f3,"# Summary
本书出版于2009年，是面向角膜专科医师、眼科住院医师及从事角膜移植、眼表和屈光手术人员的系统性参考书，兼顾角膜组织基础、检查诊断与手术技术。内容从角膜移植史、眼睑内外翻与倒睫、结膜和泪膜、角膜上皮及缘干细胞、基质创伤修复、内皮结构与疾病展开，涵盖角膜透明性、生物力学和组织工程；随后介绍角膜计、Placido角膜地形图、Orbscan/Pentacam断层成像、前节影像、共焦显微镜、角膜内皮镜、眼压及生物力学分析。临床与手术部分涉及麻醉、异物、培养和活检、上皮清创、浅层角膜切除、复发性角膜糜烂微穿刺、PTK、组织胶、结膜瓣和羊膜移植、中央及周边角膜变薄、眼表重建、单纯疱疹、化学伤、角膜裂伤、肿瘤和人工角膜。全书重点详述供体评估、组织配型、环钻与切削器械、黏弹剂、缝合、前板层及深板层角膜移植、穿透性角膜移植、DSAEK/DSEK等内皮移植，以及儿童移植、再移植、术后感染、青光眼、散光、排斥和免疫抑制；后半部分进一步讨论LASIK、PRK、角膜环、传导性角膜成形术、飞秒及准分子激光、波前分析、个体化切削和屈光手术并发症。",3072,"# Summary
本书出版于2009年，是面向角膜专科医师、眼科住院医师及从事角膜移植、眼表和屈光手术人员的系统性参考书，兼顾角膜组织基础、检查诊断与手术技术。内容从角膜移植史、眼睑内外翻与倒睫、结膜和泪膜、角膜上皮及缘干细胞、基质创伤修复、内皮结构与疾病展开，涵盖角膜透明性、生物力学和组织工程；随后介绍角膜计、Placido角膜地形图、Orbscan/Pentacam断层成像、前节影像、共焦显微镜、角膜内皮镜、眼压及生物力学分析。临床与手术部分涉及麻醉、异物、培养和活检、上皮清创、浅层角膜切除、复发性角膜糜烂微穿刺、PTK、组织胶、结膜瓣和羊膜移植、中央及周边角膜变薄、眼表重建、单纯疱疹、化学伤、角膜裂伤、肿瘤和人工角膜。全书重点详述供体评估、组织配型、环钻与切削器械、黏弹剂、缝合、前板层及深板层角膜移植、穿透性角膜移植、DSAEK/DSEK等内皮移植，以及儿童移植、再移植、术后感染、青光眼、散光、排斥和免疫抑制；后半部分进一步讨论LASIK、PRK、角膜环、传导性角膜成形术、飞秒及准分子激光、波前分析、个体化切削和屈光手术并发症。"
4e05eb33-1427-4f1a-852b-7d1f933a1759,本书出版于2008年，是面向眼科、视网膜专科及眼科影像诊疗人员的影像学参考书，强调利用多种成像技术辅助视网膜及眼眶疾病的发现、鉴别诊断、分期、治疗反应评估和术前定位。全书涵盖PET/PET-CT与放射性示踪剂，眼科CT、MRI等现代断层成像，超声及超声生物显微镜，荧光素眼底血管造影、吲哚菁绿血管造影、RetCam眼底成像、光学相干断层扫描（OCT）、扫描激光眼底镜HRT II，以及眼底自发荧光、立体成像和口服荧光素血管造影等特殊技术。内容结合大量数字图像，涉及脉络膜黑色素瘤、视网膜母细胞瘤、Coats病、永存性原始玻璃体、视网膜血管瘤、眼内钙化、眼外伤与眼内异物、玻璃体及视网膜脱离、囊虫病、包虫囊肿和神经皮肤综合征，突出PET-CT肿瘤分期及疗效监测、CT钙化识别、MRI鉴别诊断、超声定位和OCT层析评估等应用。,completed,f946fcc2-2a42-4ef9-bd67-f35e762eb15c,"# Summary
本书出版于2008年，是面向眼科、视网膜专科及眼科影像诊疗人员的影像学参考书，强调利用多种成像技术辅助视网膜及眼眶疾病的发现、鉴别诊断、分期、治疗反应评估和术前定位。全书涵盖PET/PET-CT与放射性示踪剂，眼科CT、MRI等现代断层成像，超声及超声生物显微镜，荧光素眼底血管造影、吲哚菁绿血管造影、RetCam眼底成像、光学相干断层扫描（OCT）、扫描激光眼底镜HRT II，以及眼底自发荧光、立体成像和口服荧光素血管造影等特殊技术。内容结合大量数字图像，涉及脉络膜黑色素瘤、视网膜母细胞瘤、Coats病、永存性原始玻璃体、视网膜血管瘤、眼内钙化、眼外伤与眼内异物、玻璃体及视网膜脱离、囊虫病、包虫囊肿和神经皮肤综合征，突出PET-CT肿瘤分期及疗效监测、CT钙化识别、MRI鉴别诊断、超声定位和OCT层析评估等应用。",3072,"# Summary
本书出版于2008年，是面向眼科、视网膜专科及眼科影像诊疗人员的影像学参考书，强调利用多种成像技术辅助视网膜及眼眶疾病的发现、鉴别诊断、分期、治疗反应评估和术前定位。全书涵盖PET/PET-CT与放射性示踪剂，眼科CT、MRI等现代断层成像，超声及超声生物显微镜，荧光素眼底血管造影、吲哚菁绿血管造影、RetCam眼底成像、光学相干断层扫描（OCT）、扫描激光眼底镜HRT II，以及眼底自发荧光、立体成像和口服荧光素血管造影等特殊技术。内容结合大量数字图像，涉及脉络膜黑色素瘤、视网膜母细胞瘤、Coats病、永存性原始玻璃体、视网膜血管瘤、眼内钙化、眼外伤与眼内异物、玻璃体及视网膜脱离、囊虫病、包虫囊肿和神经皮肤综合征，突出PET-CT肿瘤分期及疗效监测、CT钙化识别、MRI鉴别诊断、超声定位和OCT层析评估等应用。"
ec251f36-48e4-4cb0-afa4-f3142ff314b0,本书出版于2009年，是面向眼科医师、住院医师及青光眼专科医师的循证医学参考书，聚焦青光眼患者的白内障评估、手术选择及长期眼压管理。内容涵盖术前病史与视功能判断、裂隙灯及角膜评估、房角镜、视神经与视野检查、眼压、眼轴生物测量，以及硅油相关测量问题和典型眼部影像；系统讨论麻醉、小瞳孔、白内障小切口手术及术后眼压升高。书中重点介绍白内障摘除联合小梁切除术、手动小切口白内障手术（MSICS）、抗代谢药物辅助滤过术、滤过泡维护、激光断线及可调节缝线、青光眼引流装置、脉络膜脱离、内窥镜睫状体光凝和新型青光眼器械。后半部分针对假性剥脱综合征、功能性滤过泡、既往引流装置、原发性闭角型青光眼、纳米眼、晶状体诱发性青光眼、假晶状体相关青光眼、早产儿视网膜病变及低眼压眼，分析手术风险、并发症与处理策略。,completed,2be80cc0-6802-4549-bc7b-f8eda78df094,"# Summary
本书出版于2009年，是面向眼科医师、住院医师及青光眼专科医师的循证医学参考书，聚焦青光眼患者的白内障评估、手术选择及长期眼压管理。内容涵盖术前病史与视功能判断、裂隙灯及角膜评估、房角镜、视神经与视野检查、眼压、眼轴生物测量，以及硅油相关测量问题和典型眼部影像；系统讨论麻醉、小瞳孔、白内障小切口手术及术后眼压升高。书中重点介绍白内障摘除联合小梁切除术、手动小切口白内障手术（MSICS）、抗代谢药物辅助滤过术、滤过泡维护、激光断线及可调节缝线、青光眼引流装置、脉络膜脱离、内窥镜睫状体光凝和新型青光眼器械。后半部分针对假性剥脱综合征、功能性滤过泡、既往引流装置、原发性闭角型青光眼、纳米眼、晶状体诱发性青光眼、假晶状体相关青光眼、早产儿视网膜病变及低眼压眼，分析手术风险、并发症与处理策略。",3072,"# Summary
本书出版于2009年，是面向眼科医师、住院医师及青光眼专科医师的循证医学参考书，聚焦青光眼患者的白内障评估、手术选择及长期眼压管理。内容涵盖术前病史与视功能判断、裂隙灯及角膜评估、房角镜、视神经与视野检查、眼压、眼轴生物测量，以及硅油相关测量问题和典型眼部影像；系统讨论麻醉、小瞳孔、白内障小切口手术及术后眼压升高。书中重点介绍白内障摘除联合小梁切除术、手动小切口白内障手术（MSICS）、抗代谢药物辅助滤过术、滤过泡维护、激光断线及可调节缝线、青光眼引流装置、脉络膜脱离、内窥镜睫状体光凝和新型青光眼器械。后半部分针对假性剥脱综合征、功能性滤过泡、既往引流装置、原发性闭角型青光眼、纳米眼、晶状体诱发性青光眼、假晶状体相关青光眼、早产儿视网膜病变及低眼压眼，分析手术风险、并发症与处理策略。"
aa0b490c-78e5-43e5-a656-d9894feac334,本书出版于2008年，是Springer《Essentials in Ophthalmology》系列角膜与外眼病专著，面向眼科临床医生、角膜及眼表疾病专科医师和相关研究人员，强调将新进展与循证信息用于问题管理。全书涵盖Fuchs角膜内皮营养不良的病理、遗传、鉴别诊断及药物和手术治疗；感染性角膜溃疡，尤其HSV、细菌、棘阿米巴感染及羊膜移植的制备、onlay/inlay、多层移植和术后管理；人工角膜、角膜替代物及组织工程再生医学。还讨论PTK治疗角膜营养不良，包括裂隙灯生物显微镜、验光、角膜曲率、角膜地形图、厚度分析、准分子激光消融、丝裂霉素C及并发症；按分子遗传学分类角膜营养不良，并介绍角膜保存、低温保存、器官培养和冷冻保存。后半部分聚焦单纯疱疹角膜炎、眼黏膜类天疱疮、成人包涵体结膜炎、慢性睑缘炎、结膜黑色素瘤，以及活体共焦显微镜在角膜、结膜炎、眼表肿瘤和其他结膜病变中的诊断与随访价值。,completed,8b317180-f890-4228-ae03-752d565e8a2b,"# Summary
本书出版于2008年，是Springer《Essentials in Ophthalmology》系列角膜与外眼病专著，面向眼科临床医生、角膜及眼表疾病专科医师和相关研究人员，强调将新进展与循证信息用于问题管理。全书涵盖Fuchs角膜内皮营养不良的病理、遗传、鉴别诊断及药物和手术治疗；感染性角膜溃疡，尤其HSV、细菌、棘阿米巴感染及羊膜移植的制备、onlay/inlay、多层移植和术后管理；人工角膜、角膜替代物及组织工程再生医学。还讨论PTK治疗角膜营养不良，包括裂隙灯生物显微镜、验光、角膜曲率、角膜地形图、厚度分析、准分子激光消融、丝裂霉素C及并发症；按分子遗传学分类角膜营养不良，并介绍角膜保存、低温保存、器官培养和冷冻保存。后半部分聚焦单纯疱疹角膜炎、眼黏膜类天疱疮、成人包涵体结膜炎、慢性睑缘炎、结膜黑色素瘤，以及活体共焦显微镜在角膜、结膜炎、眼表肿瘤和其他结膜病变中的诊断与随访价值。",3072,"# Summary
本书出版于2008年，是Springer《Essentials in Ophthalmology》系列角膜与外眼病专著，面向眼科临床医生、角膜及眼表疾病专科医师和相关研究人员，强调将新进展与循证信息用于问题管理。全书涵盖Fuchs角膜内皮营养不良的病理、遗传、鉴别诊断及药物和手术治疗；感染性角膜溃疡，尤其HSV、细菌、棘阿米巴感染及羊膜移植的制备、onlay/inlay、多层移植和术后管理；人工角膜、角膜替代物及组织工程再生医学。还讨论PTK治疗角膜营养不良，包括裂隙灯生物显微镜、验光、角膜曲率、角膜地形图、厚度分析、准分子激光消融、丝裂霉素C及并发症；按分子遗传学分类角膜营养不良，并介绍角膜保存、低温保存、器官培养和冷冻保存。后半部分聚焦单纯疱疹角膜炎、眼黏膜类天疱疮、成人包涵体结膜炎、慢性睑缘炎、结膜黑色素瘤，以及活体共焦显微镜在角膜、结膜炎、眼表肿瘤和其他结膜病变中的诊断与随访价值。"
934ce49c-6f77-43af-886e-6770570f4497,本书出版于2014年。Roger F. Steinert主编的白内障手术综合教材，适用于眼科医师、白内障专科医师及手术学习者。全书涵盖白内障病理、手术解剖、生物化学、发病机制与分类，术前视功能评估、眩光和对比敏感度检查、裂隙灯及Scheimpflug成像、LOCS分级、人工晶状体度数计算，以及黏弹剂、超声乳化仪原理和局部麻醉。重点讲解囊外摘除、小切口手术和超声乳化，包括切口构筑、撕囊、水分离、劈核、双手/同轴、双轴及扭动模式技术；并讨论小瞳孔、青光眼、角膜移植、葡萄膜炎、儿童、外伤、高度近视、真性小眼球等复杂病例。人工晶状体部分涉及材料、折叠型及非球面设计、老视矫正、Toric晶状体、二期植入固定和病理学；末部系统介绍术中及术后并发症、Nd:YAG激光、眼内炎、角膜水肿、青光眼、黄斑囊样水肿、视网膜脱离等处理。,completed,f6ec9f0e-2e72-4f11-87e6-0a46f5815f67,"# Summary
本书出版于2014年。Roger F. Steinert主编的白内障手术综合教材，适用于眼科医师、白内障专科医师及手术学习者。全书涵盖白内障病理、手术解剖、生物化学、发病机制与分类，术前视功能评估、眩光和对比敏感度检查、裂隙灯及Scheimpflug成像、LOCS分级、人工晶状体度数计算，以及黏弹剂、超声乳化仪原理和局部麻醉。重点讲解囊外摘除、小切口手术和超声乳化，包括切口构筑、撕囊、水分离、劈核、双手/同轴、双轴及扭动模式技术；并讨论小瞳孔、青光眼、角膜移植、葡萄膜炎、儿童、外伤、高度近视、真性小眼球等复杂病例。人工晶状体部分涉及材料、折叠型及非球面设计、老视矫正、Toric晶状体、二期植入固定和病理学；末部系统介绍术中及术后并发症、Nd:YAG激光、眼内炎、角膜水肿、青光眼、黄斑囊样水肿、视网膜脱离等处理。",3072,"# Summary
本书出版于2014年。Roger F. Steinert主编的白内障手术综合教材，适用于眼科医师、白内障专科医师及手术学习者。全书涵盖白内障病理、手术解剖、生物化学、发病机制与分类，术前视功能评估、眩光和对比敏感度检查、裂隙灯及Scheimpflug成像、LOCS分级、人工晶状体度数计算，以及黏弹剂、超声乳化仪原理和局部麻醉。重点讲解囊外摘除、小切口手术和超声乳化，包括切口构筑、撕囊、水分离、劈核、双手/同轴、双轴及扭动模式技术；并讨论小瞳孔、青光眼、角膜移植、葡萄膜炎、儿童、外伤、高度近视、真性小眼球等复杂病例。人工晶状体部分涉及材料、折叠型及非球面设计、老视矫正、Toric晶状体、二期植入固定和病理学；末部系统介绍术中及术后并发症、Nd:YAG激光、眼内炎、角膜水肿、青光眼、黄斑囊样水肿、视网膜脱离等处理。"
a74ee14a-ce12-4275-96fc-c6641ab4ace0,本书为张秀兰、王宁利著、2014年出版的青光眼临床图解专著，适合医学生、研究生、各级眼科医师及青光眼专业学习者。全书以近2000幅病例图片串联临床思维，内容涵盖原发性闭角型青光眼、原发性开角型青光眼、儿童青光眼、继发性青光眼、混合性青光眼及绝对期青光眼，并系统介绍药物、激光和手术治疗。重点涉及房角镜、裂隙灯、眼底、UBM、前段及后段OCT、视野、HRT、B超、ICG、CT、MRI等检查影像；讨论瞳孔阻滞、高褶虹膜、脉络膜膨胀、正常眼压性青光眼及跨筛板压力差等机制，以及肝豆状核变性、葡萄膜炎、外伤、晶状体疾病、肿瘤、糖皮质激素、色素播散、假性剥脱和新生血管性青光眼等。手术部分详述周边虹膜切除、小梁切除、非穿透小梁切除、小梁切开、Schlemm管成形、EX-PRESS及房水引流阀植入、睫状体光凝、白内障及联合手术，并展示滤过泡、浅前房、低眼压、恶性青光眼等并发症处理；末章专门讲解青光眼与非青光眼性视神经病变的视盘、视野及神经影像鉴别。,completed,a9c7a37b-bbe6-4b71-99fd-62920214ea0b,"# Summary
本书为张秀兰、王宁利著、2014年出版的青光眼临床图解专著，适合医学生、研究生、各级眼科医师及青光眼专业学习者。全书以近2000幅病例图片串联临床思维，内容涵盖原发性闭角型青光眼、原发性开角型青光眼、儿童青光眼、继发性青光眼、混合性青光眼及绝对期青光眼，并系统介绍药物、激光和手术治疗。重点涉及房角镜、裂隙灯、眼底、UBM、前段及后段OCT、视野、HRT、B超、ICG、CT、MRI等检查影像；讨论瞳孔阻滞、高褶虹膜、脉络膜膨胀、正常眼压性青光眼及跨筛板压力差等机制，以及肝豆状核变性、葡萄膜炎、外伤、晶状体疾病、肿瘤、糖皮质激素、色素播散、假性剥脱和新生血管性青光眼等。手术部分详述周边虹膜切除、小梁切除、非穿透小梁切除、小梁切开、Schlemm管成形、EX-PRESS及房水引流阀植入、睫状体光凝、白内障及联合手术，并展示滤过泡、浅前房、低眼压、恶性青光眼等并发症处理；末章专门讲解青光眼与非青光眼性视神经病变的视盘、视野及神经影像鉴别。",3072,"# Summary
本书为张秀兰、王宁利著、2014年出版的青光眼临床图解专著，适合医学生、研究生、各级眼科医师及青光眼专业学习者。全书以近2000幅病例图片串联临床思维，内容涵盖原发性闭角型青光眼、原发性开角型青光眼、儿童青光眼、继发性青光眼、混合性青光眼及绝对期青光眼，并系统介绍药物、激光和手术治疗。重点涉及房角镜、裂隙灯、眼底、UBM、前段及后段OCT、视野、HRT、B超、ICG、CT、MRI等检查影像；讨论瞳孔阻滞、高褶虹膜、脉络膜膨胀、正常眼压性青光眼及跨筛板压力差等机制，以及肝豆状核变性、葡萄膜炎、外伤、晶状体疾病、肿瘤、糖皮质激素、色素播散、假性剥脱和新生血管性青光眼等。手术部分详述周边虹膜切除、小梁切除、非穿透小梁切除、小梁切开、Schlemm管成形、EX-PRESS及房水引流阀植入、睫状体光凝、白内障及联合手术，并展示滤过泡、浅前房、低眼压、恶性青光眼等并发症处理；末章专门讲解青光眼与非青光眼性视神经病变的视盘、视野及神经影像鉴别。"
2697a3d8-2235-46ed-95d7-a6c2d9be0536,2013年出版，张卯年、黄厚斌主编。本书定位为眼底病图像识别与鉴别诊断工具，适用于青年医师、眼底病医师及研究生。全书以“看图识病”为特色，汇集950余幅临床图像，先介绍正常眼底、荧光血管造影（FFA）和脉络膜血管造影（ICGA），继而涵盖眼底先天异常、遗传性视网膜脉络膜变性与营养障碍、视网膜血管性疾病、视网膜脱离、黄斑部疾病、视网膜及脉络膜炎性疾病、视盘及眼底肿瘤、视乳头与视神经病及其他疾病。重点涉及视网膜血管阻塞、Coats病、ROP、糖尿病及全身血管病眼底表现、孔源性视网膜脱离、年龄相关黄斑变性、中心性浆液性视网膜脉络膜病变、脉络膜新生血管、黄斑裂孔、葡萄膜炎、视网膜肿瘤、视乳头水肿和寄生虫等，并配有眼底彩照、无赤光像、自发荧光、FFA、ICGA及OCT等影像，部分病例结合全身和实验室检查，亦涉及视网膜脱离、玻璃体手术等临床技术背景。,completed,18841fdb-07cf-41ae-92df-34cc47f11de5,"# Summary
2013年出版，张卯年、黄厚斌主编。本书定位为眼底病图像识别与鉴别诊断工具，适用于青年医师、眼底病医师及研究生。全书以“看图识病”为特色，汇集950余幅临床图像，先介绍正常眼底、荧光血管造影（FFA）和脉络膜血管造影（ICGA），继而涵盖眼底先天异常、遗传性视网膜脉络膜变性与营养障碍、视网膜血管性疾病、视网膜脱离、黄斑部疾病、视网膜及脉络膜炎性疾病、视盘及眼底肿瘤、视乳头与视神经病及其他疾病。重点涉及视网膜血管阻塞、Coats病、ROP、糖尿病及全身血管病眼底表现、孔源性视网膜脱离、年龄相关黄斑变性、中心性浆液性视网膜脉络膜病变、脉络膜新生血管、黄斑裂孔、葡萄膜炎、视网膜肿瘤、视乳头水肿和寄生虫等，并配有眼底彩照、无赤光像、自发荧光、FFA、ICGA及OCT等影像，部分病例结合全身和实验室检查，亦涉及视网膜脱离、玻璃体手术等临床技术背景。",3072,"# Summary
2013年出版，张卯年、黄厚斌主编。本书定位为眼底病图像识别与鉴别诊断工具，适用于青年医师、眼底病医师及研究生。全书以“看图识病”为特色，汇集950余幅临床图像，先介绍正常眼底、荧光血管造影（FFA）和脉络膜血管造影（ICGA），继而涵盖眼底先天异常、遗传性视网膜脉络膜变性与营养障碍、视网膜血管性疾病、视网膜脱离、黄斑部疾病、视网膜及脉络膜炎性疾病、视盘及眼底肿瘤、视乳头与视神经病及其他疾病。重点涉及视网膜血管阻塞、Coats病、ROP、糖尿病及全身血管病眼底表现、孔源性视网膜脱离、年龄相关黄斑变性、中心性浆液性视网膜脉络膜病变、脉络膜新生血管、黄斑裂孔、葡萄膜炎、视网膜肿瘤、视乳头水肿和寄生虫等，并配有眼底彩照、无赤光像、自发荧光、FFA、ICGA及OCT等影像，部分病例结合全身和实验室检查，亦涉及视网膜脱离、玻璃体手术等临床技术背景。"
a54aef66-70c5-4e2e-80b1-4a0ba7e1e3ec,本书出版于2013年，是头颈部影像学丛书眼科分卷，面向影像科医师及眼科、耳鼻咽喉头颈外科、神经内外科医师，强调临床病例、检查路径、诊断要点、疗效评估及术后改变。全书包括眼部解剖生理、X线、超声、CT、MRI、MRA及正常影像解剖；眼球先天异常、炎症、Coats病、视网膜及脉络膜脱离、白内障、青光眼和眼球肿瘤；眼眶发育异常、炎症、囊肿、视神经病变、骨肿瘤、神经源性及血管性病变、横纹肌肉瘤、全身病和造血系统肿瘤的眼部表现；眼睑、泪道、泪腺疾病及眼外伤，包括异物定位、眼球破裂、眶壁骨折、视神经管损伤；并介绍视路、视皮质、眼球运动、三叉神经和面神经相关的神经眼科影像诊断，以及视网膜脱离术、眼外伤、眼眶手术、眼球肿物切除和人工晶状体植入术后的影像学。书末收录大量与眼有关的综合征，涉及超声、增强MRI、脂肪抑制、DTI等技术关键词。,completed,56ebd64f-c80b-4764-85d4-91c03b58f98c,"# Summary
本书出版于2013年，是头颈部影像学丛书眼科分卷，面向影像科医师及眼科、耳鼻咽喉头颈外科、神经内外科医师，强调临床病例、检查路径、诊断要点、疗效评估及术后改变。全书包括眼部解剖生理、X线、超声、CT、MRI、MRA及正常影像解剖；眼球先天异常、炎症、Coats病、视网膜及脉络膜脱离、白内障、青光眼和眼球肿瘤；眼眶发育异常、炎症、囊肿、视神经病变、骨肿瘤、神经源性及血管性病变、横纹肌肉瘤、全身病和造血系统肿瘤的眼部表现；眼睑、泪道、泪腺疾病及眼外伤，包括异物定位、眼球破裂、眶壁骨折、视神经管损伤；并介绍视路、视皮质、眼球运动、三叉神经和面神经相关的神经眼科影像诊断，以及视网膜脱离术、眼外伤、眼眶手术、眼球肿物切除和人工晶状体植入术后的影像学。书末收录大量与眼有关的综合征，涉及超声、增强MRI、脂肪抑制、DTI等技术关键词。",3072,"# Summary
本书出版于2013年，是头颈部影像学丛书眼科分卷，面向影像科医师及眼科、耳鼻咽喉头颈外科、神经内外科医师，强调临床病例、检查路径、诊断要点、疗效评估及术后改变。全书包括眼部解剖生理、X线、超声、CT、MRI、MRA及正常影像解剖；眼球先天异常、炎症、Coats病、视网膜及脉络膜脱离、白内障、青光眼和眼球肿瘤；眼眶发育异常、炎症、囊肿、视神经病变、骨肿瘤、神经源性及血管性病变、横纹肌肉瘤、全身病和造血系统肿瘤的眼部表现；眼睑、泪道、泪腺疾病及眼外伤，包括异物定位、眼球破裂、眶壁骨折、视神经管损伤；并介绍视路、视皮质、眼球运动、三叉神经和面神经相关的神经眼科影像诊断，以及视网膜脱离术、眼外伤、眼眶手术、眼球肿物切除和人工晶状体植入术后的影像学。书末收录大量与眼有关的综合征，涉及超声、增强MRI、脂肪抑制、DTI等技术关键词。"
5f5a13df-7b78-4d46-bebf-69f97462921b,本书为王宁利主编、2012年出版的眼内屈光手术专著，面向准备开展或已实施有晶状体眼人工晶状体植入术的眼科医师。全书从近视流行病学、危险因素及屈光不正矫正方法演变入手，系统介绍手术应用解剖、适应证与禁忌证、术前检查和人工晶状体度数选择，重点涵盖角膜曲率、角膜地形图、ORBSCAN、Pentacam、OCT、波前像差及眼底检查。正文分别讨论房角支撑型、虹膜固定型Artisan/Verisyse、后房型ICL和PC-PRL、Toric后房型晶状体植入，以及透明晶状体置换的患者选择、手术步骤、材料、计算、术中术后并发症与处理，并涉及病理性近视、黄斑出血、视网膜变性裂孔、视网膜脱离、Collamer材料、硅橡胶、对比敏感度、眩光、双眼视觉和调节。末章展望远视及老视矫正、双光学联合术式和后巩膜加固联合P-IOL植入。,completed,5033ab52-1f0e-44d7-8fae-4601dcd6ec62,"# Summary
本书为王宁利主编、2012年出版的眼内屈光手术专著，面向准备开展或已实施有晶状体眼人工晶状体植入术的眼科医师。全书从近视流行病学、危险因素及屈光不正矫正方法演变入手，系统介绍手术应用解剖、适应证与禁忌证、术前检查和人工晶状体度数选择，重点涵盖角膜曲率、角膜地形图、ORBSCAN、Pentacam、OCT、波前像差及眼底检查。正文分别讨论房角支撑型、虹膜固定型Artisan/Verisyse、后房型ICL和PC-PRL、Toric后房型晶状体植入，以及透明晶状体置换的患者选择、手术步骤、材料、计算、术中术后并发症与处理，并涉及病理性近视、黄斑出血、视网膜变性裂孔、视网膜脱离、Collamer材料、硅橡胶、对比敏感度、眩光、双眼视觉和调节。末章展望远视及老视矫正、双光学联合术式和后巩膜加固联合P-IOL植入。",3072,"# Summary
本书为王宁利主编、2012年出版的眼内屈光手术专著，面向准备开展或已实施有晶状体眼人工晶状体植入术的眼科医师。全书从近视流行病学、危险因素及屈光不正矫正方法演变入手，系统介绍手术应用解剖、适应证与禁忌证、术前检查和人工晶状体度数选择，重点涵盖角膜曲率、角膜地形图、ORBSCAN、Pentacam、OCT、波前像差及眼底检查。正文分别讨论房角支撑型、虹膜固定型Artisan/Verisyse、后房型ICL和PC-PRL、Toric后房型晶状体植入，以及透明晶状体置换的患者选择、手术步骤、材料、计算、术中术后并发症与处理，并涉及病理性近视、黄斑出血、视网膜变性裂孔、视网膜脱离、Collamer材料、硅橡胶、对比敏感度、眩光、双眼视觉和调节。末章展望远视及老视矫正、双光学联合术式和后巩膜加固联合P-IOL植入。"
39fa1304-83cd-4a26-b725-b778d10b1a2e,本书出版于2009年，是眼科与整形外科交叉领域的系统专著，适用于眼科、整形外科、美容外科及颌面外科医师学习参考。全书八篇：基础篇涵盖眼整形原则、切口剥离、止血缝合、组织移植、生物材料、组织工程、内窥镜、激光、术前检查、医学摄影与麻醉；眼睑篇讨论上睑下垂、内外翻、退缩、松弛症、眼睑痉挛、肿瘤、缺损、先天畸形及外伤修复；眼部美容篇涉及双重睑、上下睑成形、眼袋、眉及面中部提升、肉毒毒素、透明质酸和射频美容；眦角篇涵盖内眦赘皮及先天、外伤性内外眦畸形；泪器篇涉及泪道检查、先天异常、鼻泪管阻塞、泪液引流障碍、泪腺炎症、泪器肿瘤及外伤性损伤；结膜篇讨论翼状胬肉、变性、肿瘤、松弛症、睑球粘连和化学伤；眼窝篇包括无眼球、小眼球、眼球萎缩、眼窝凹陷与狭窄、眶内植入物及义眼；眼眶篇重点介绍临床检查、影像学、手术入路、炎症、囊肿、肿瘤、甲状腺相关眼病、视神经鞘减压、眼眶骨折及计算机辅助手术、放射性畸形和赝复体。,completed,bce3f7d7-3940-4241-ab01-ea8f67aa8c7b,"# Summary
本书出版于2009年，是眼科与整形外科交叉领域的系统专著，适用于眼科、整形外科、美容外科及颌面外科医师学习参考。全书八篇：基础篇涵盖眼整形原则、切口剥离、止血缝合、组织移植、生物材料、组织工程、内窥镜、激光、术前检查、医学摄影与麻醉；眼睑篇讨论上睑下垂、内外翻、退缩、松弛症、眼睑痉挛、肿瘤、缺损、先天畸形及外伤修复；眼部美容篇涉及双重睑、上下睑成形、眼袋、眉及面中部提升、肉毒毒素、透明质酸和射频美容；眦角篇涵盖内眦赘皮及先天、外伤性内外眦畸形；泪器篇涉及泪道检查、先天异常、鼻泪管阻塞、泪液引流障碍、泪腺炎症、泪器肿瘤及外伤性损伤；结膜篇讨论翼状胬肉、变性、肿瘤、松弛症、睑球粘连和化学伤；眼窝篇包括无眼球、小眼球、眼球萎缩、眼窝凹陷与狭窄、眶内植入物及义眼；眼眶篇重点介绍临床检查、影像学、手术入路、炎症、囊肿、肿瘤、甲状腺相关眼病、视神经鞘减压、眼眶骨折及计算机辅助手术、放射性畸形和赝复体。",3072,"# Summary
本书出版于2009年，是眼科与整形外科交叉领域的系统专著，适用于眼科、整形外科、美容外科及颌面外科医师学习参考。全书八篇：基础篇涵盖眼整形原则、切口剥离、止血缝合、组织移植、生物材料、组织工程、内窥镜、激光、术前检查、医学摄影与麻醉；眼睑篇讨论上睑下垂、内外翻、退缩、松弛症、眼睑痉挛、肿瘤、缺损、先天畸形及外伤修复；眼部美容篇涉及双重睑、上下睑成形、眼袋、眉及面中部提升、肉毒毒素、透明质酸和射频美容；眦角篇涵盖内眦赘皮及先天、外伤性内外眦畸形；泪器篇涉及泪道检查、先天异常、鼻泪管阻塞、泪液引流障碍、泪腺炎症、泪器肿瘤及外伤性损伤；结膜篇讨论翼状胬肉、变性、肿瘤、松弛症、睑球粘连和化学伤；眼窝篇包括无眼球、小眼球、眼球萎缩、眼窝凹陷与狭窄、眶内植入物及义眼；眼眶篇重点介绍临床检查、影像学、手术入路、炎症、囊肿、肿瘤、甲状腺相关眼病、视神经鞘减压、眼眶骨折及计算机辅助手术、放射性畸形和赝复体。"
d5c43c55-5d9a-4278-9e39-b5edd956e69d,2013年出版的眼科显微手术临床参考图谱，面向眼科中青年医师及手术学习者，强调规范、精细、微创操作。全书13章、近200种术式，按眼睑、泪器、结膜、角膜、前房及虹膜、晶状体、青光眼、玻璃体、视网膜、眼外肌、眼部异物、眼球与眼眶、眼部成形展开。内容涵盖倒睫、麦粒肿、睑板腺囊肿、睑内外翻、泪道阻塞、翼状胬肉、角膜溃疡、角膜移植、白内障、青光眼、视网膜脱离、斜视、眼内及眶内异物、眼眶肿瘤等疾病，涉及泪道冲洗探通与插管、泪囊鼻腔吻合、角膜移植、超声乳化、人工晶状体植入、小梁切除、青光眼减压阀、玻璃体切除、巩膜扣带、眼外肌矫正及眼睑整形等技术。各术式结合应用解剖、手术指征、禁忌证、术前准备、麻醉、体位、步骤、意外处理、术后处理和临床经验，并配彩色图示及15个手术视频。,completed,cec2f00c-8c28-43e9-b891-c9a826e7f485,"# Summary
2013年出版的眼科显微手术临床参考图谱，面向眼科中青年医师及手术学习者，强调规范、精细、微创操作。全书13章、近200种术式，按眼睑、泪器、结膜、角膜、前房及虹膜、晶状体、青光眼、玻璃体、视网膜、眼外肌、眼部异物、眼球与眼眶、眼部成形展开。内容涵盖倒睫、麦粒肿、睑板腺囊肿、睑内外翻、泪道阻塞、翼状胬肉、角膜溃疡、角膜移植、白内障、青光眼、视网膜脱离、斜视、眼内及眶内异物、眼眶肿瘤等疾病，涉及泪道冲洗探通与插管、泪囊鼻腔吻合、角膜移植、超声乳化、人工晶状体植入、小梁切除、青光眼减压阀、玻璃体切除、巩膜扣带、眼外肌矫正及眼睑整形等技术。各术式结合应用解剖、手术指征、禁忌证、术前准备、麻醉、体位、步骤、意外处理、术后处理和临床经验，并配彩色图示及15个手术视频。",3072,"# Summary
2013年出版的眼科显微手术临床参考图谱，面向眼科中青年医师及手术学习者，强调规范、精细、微创操作。全书13章、近200种术式，按眼睑、泪器、结膜、角膜、前房及虹膜、晶状体、青光眼、玻璃体、视网膜、眼外肌、眼部异物、眼球与眼眶、眼部成形展开。内容涵盖倒睫、麦粒肿、睑板腺囊肿、睑内外翻、泪道阻塞、翼状胬肉、角膜溃疡、角膜移植、白内障、青光眼、视网膜脱离、斜视、眼内及眶内异物、眼眶肿瘤等疾病，涉及泪道冲洗探通与插管、泪囊鼻腔吻合、角膜移植、超声乳化、人工晶状体植入、小梁切除、青光眼减压阀、玻璃体切除、巩膜扣带、眼外肌矫正及眼睑整形等技术。各术式结合应用解剖、手术指征、禁忌证、术前准备、麻醉、体位、步骤、意外处理、术后处理和临床经验，并配彩色图示及15个手术视频。"
f55ed88b-4845-4f56-8884-dd65412c1b99,2011年出版的《眼科疑难问题解析》属“主任医师·教授查房丛书”，以问答式解析眼科临床常见及疑难问题，适合眼科研究生、住院医师和主治医师查阅学习。全书涵盖眼睑与泪器、结膜、干眼、角膜、晶状体、青光眼、视网膜、葡萄膜、视神经、眼外伤、眼肿瘤、眼科整形美容、斜视弱视与屈光、准分子激光角膜屈光手术及特殊检查。内容涉及上睑下垂、泪道阻塞、结膜炎、干眼、角膜炎、白内障、青光眼、视网膜血管病、黄斑病变、视神经炎、眼外伤、甲状腺相关眼病等疾病的鉴别诊断、检查与治疗，并介绍PRK、LASIK、LASEK、PTK、眼眶减压及眼睑重建等手术技术，以及OCT、FFA、ICGA、视野、HRT、GDx、UBM等影像和功能检查。,completed,24514d8f-6081-49c2-bbe5-e27b85cdf60c,"# Summary
2011年出版的《眼科疑难问题解析》属“主任医师·教授查房丛书”，以问答式解析眼科临床常见及疑难问题，适合眼科研究生、住院医师和主治医师查阅学习。全书涵盖眼睑与泪器、结膜、干眼、角膜、晶状体、青光眼、视网膜、葡萄膜、视神经、眼外伤、眼肿瘤、眼科整形美容、斜视弱视与屈光、准分子激光角膜屈光手术及特殊检查。内容涉及上睑下垂、泪道阻塞、结膜炎、干眼、角膜炎、白内障、青光眼、视网膜血管病、黄斑病变、视神经炎、眼外伤、甲状腺相关眼病等疾病的鉴别诊断、检查与治疗，并介绍PRK、LASIK、LASEK、PTK、眼眶减压及眼睑重建等手术技术，以及OCT、FFA、ICGA、视野、HRT、GDx、UBM等影像和功能检查。",3072,"# Summary
2011年出版的《眼科疑难问题解析》属“主任医师·教授查房丛书”，以问答式解析眼科临床常见及疑难问题，适合眼科研究生、住院医师和主治医师查阅学习。全书涵盖眼睑与泪器、结膜、干眼、角膜、晶状体、青光眼、视网膜、葡萄膜、视神经、眼外伤、眼肿瘤、眼科整形美容、斜视弱视与屈光、准分子激光角膜屈光手术及特殊检查。内容涉及上睑下垂、泪道阻塞、结膜炎、干眼、角膜炎、白内障、青光眼、视网膜血管病、黄斑病变、视神经炎、眼外伤、甲状腺相关眼病等疾病的鉴别诊断、检查与治疗，并介绍PRK、LASIK、LASEK、PTK、眼眶减压及眼睑重建等手术技术，以及OCT、FFA、ICGA、视野、HRT、GDx、UBM等影像和功能检查。"
4b669a71-347e-4fa0-901a-8ca5ae0a1b0b,本书出版于2010年，由谢立信著，2011年出版，是以1027幅彩色临床照片为核心、面向角膜病专业医师、研究生及眼科临床医护人员的诊疗参考图谱。全书依次涵盖正常角膜图像、感染性角膜病、免疫性角膜病、角膜营养不良和变性、其他类型角膜病变、角膜外伤、角膜先天异常、角膜肿瘤及角膜与全身病，涉及细菌性、真菌性、单纯疱疹病毒性、棘阿米巴和带状疱疹病毒性角膜炎，Thygeson角膜炎、春季角结膜炎、Stevens-Johnson综合征、Sjögren综合征、Mooren溃疡，圆锥角膜、翼状胬肉、大泡性角膜病变、化学伤、角膜鳞癌、糖尿病性角膜病变等。内容结合裂隙灯、临床共聚焦显微镜、角膜内皮显微镜、OCT、角膜地形图、B型超声及病原学检查，展示药物治疗、病灶清创、羊膜或结膜瓣遮盖、PTK、板层及穿透角膜移植等诊疗与疗效。,completed,41116c97-8c58-4883-859e-651c8cf0c11e,"# Summary
本书出版于2010年，由谢立信著，2011年出版，是以1027幅彩色临床照片为核心、面向角膜病专业医师、研究生及眼科临床医护人员的诊疗参考图谱。全书依次涵盖正常角膜图像、感染性角膜病、免疫性角膜病、角膜营养不良和变性、其他类型角膜病变、角膜外伤、角膜先天异常、角膜肿瘤及角膜与全身病，涉及细菌性、真菌性、单纯疱疹病毒性、棘阿米巴和带状疱疹病毒性角膜炎，Thygeson角膜炎、春季角结膜炎、Stevens-Johnson综合征、Sjögren综合征、Mooren溃疡，圆锥角膜、翼状胬肉、大泡性角膜病变、化学伤、角膜鳞癌、糖尿病性角膜病变等。内容结合裂隙灯、临床共聚焦显微镜、角膜内皮显微镜、OCT、角膜地形图、B型超声及病原学检查，展示药物治疗、病灶清创、羊膜或结膜瓣遮盖、PTK、板层及穿透角膜移植等诊疗与疗效。",3072,"# Summary
本书出版于2010年，由谢立信著，2011年出版，是以1027幅彩色临床照片为核心、面向角膜病专业医师、研究生及眼科临床医护人员的诊疗参考图谱。全书依次涵盖正常角膜图像、感染性角膜病、免疫性角膜病、角膜营养不良和变性、其他类型角膜病变、角膜外伤、角膜先天异常、角膜肿瘤及角膜与全身病，涉及细菌性、真菌性、单纯疱疹病毒性、棘阿米巴和带状疱疹病毒性角膜炎，Thygeson角膜炎、春季角结膜炎、Stevens-Johnson综合征、Sjögren综合征、Mooren溃疡，圆锥角膜、翼状胬肉、大泡性角膜病变、化学伤、角膜鳞癌、糖尿病性角膜病变等。内容结合裂隙灯、临床共聚焦显微镜、角膜内皮显微镜、OCT、角膜地形图、B型超声及病原学检查，展示药物治疗、病灶清创、羊膜或结膜瓣遮盖、PTK、板层及穿透角膜移植等诊疗与疗效。"
abb6cb95-2b76-44a7-9aea-b9f83d662b8e,本书出版于2011年，由谢立信编著，定位为面向眼科角膜病专业医师、研究生及眼科临床医师和相关医护人员的临床影像参考图谱。全书9章、1027幅彩色图片，系统展示正常角膜及影像，感染性角膜病（细菌、真菌、单纯疱疹、棘阿米巴、带状疱疹及流行性角结膜炎），免疫性角膜病，角膜营养不良与变性，其他角膜病变，角膜外伤，先天异常，角膜肿瘤，以及角膜与全身病。内容涵盖典型和非典型临床表现、疾病变化、诊断检查及治疗效果，涉及临床共聚焦显微镜、角膜内皮显微镜、OCT、角膜地形图等现代角膜影像学技术，并介绍PTK、板层角膜移植、穿透角膜移植等治疗与手术技术。,completed,5a6cf926-eb76-4fb1-955e-0c355967e665,"# Summary
本书出版于2011年，由谢立信编著，定位为面向眼科角膜病专业医师、研究生及眼科临床医师和相关医护人员的临床影像参考图谱。全书9章、1027幅彩色图片，系统展示正常角膜及影像，感染性角膜病（细菌、真菌、单纯疱疹、棘阿米巴、带状疱疹及流行性角结膜炎），免疫性角膜病，角膜营养不良与变性，其他角膜病变，角膜外伤，先天异常，角膜肿瘤，以及角膜与全身病。内容涵盖典型和非典型临床表现、疾病变化、诊断检查及治疗效果，涉及临床共聚焦显微镜、角膜内皮显微镜、OCT、角膜地形图等现代角膜影像学技术，并介绍PTK、板层角膜移植、穿透角膜移植等治疗与手术技术。",3072,"# Summary
本书出版于2011年，由谢立信编著，定位为面向眼科角膜病专业医师、研究生及眼科临床医师和相关医护人员的临床影像参考图谱。全书9章、1027幅彩色图片，系统展示正常角膜及影像，感染性角膜病（细菌、真菌、单纯疱疹、棘阿米巴、带状疱疹及流行性角结膜炎），免疫性角膜病，角膜营养不良与变性，其他角膜病变，角膜外伤，先天异常，角膜肿瘤，以及角膜与全身病。内容涵盖典型和非典型临床表现、疾病变化、诊断检查及治疗效果，涉及临床共聚焦显微镜、角膜内皮显微镜、OCT、角膜地形图等现代角膜影像学技术，并介绍PTK、板层角膜移植、穿透角膜移植等治疗与手术技术。"
69cd9b39-49bc-44d0-94bf-3f7d64b4cf00,本书2011年出版，属《眼科新技术应用丛书》，面向眼科临床医师及从事眼底病诊疗、OCT检查与研究的人员。全书系统介绍光学相干断层成像（OCT）原理、TD-OCT与FD-OCT技术、视网膜成像参数、定量分析、分层算法、正常值数据库、黄斑中心凹定位、厚度随访、激光追踪及运动伪像控制等，并结合影像阐释正常与异常黄斑图像。内容覆盖玻璃体后脱离、玻璃体视网膜界面综合征、黄斑前膜、黄斑裂孔，中心性浆液性脉络膜视网膜病变、年龄相关黄斑变性、息肉样脉络膜血管病变、高度近视及远视眼底病变，视网膜动静脉阻塞、糖尿病视网膜病变、视网膜大动脉瘤，先天及遗传性视网膜病变，视神经病变，葡萄膜炎、脉络膜血管瘤、骨瘤、黑素瘤、视盘玻璃膜疣及外伤性视网膜脉络膜病变，突出OCT影像判读、疾病诊断、疗效观察、定量随访与再次治疗评估。,completed,ac8adee7-b2d2-41ed-9018-860f26b5590c,"# Summary
本书2011年出版，属《眼科新技术应用丛书》，面向眼科临床医师及从事眼底病诊疗、OCT检查与研究的人员。全书系统介绍光学相干断层成像（OCT）原理、TD-OCT与FD-OCT技术、视网膜成像参数、定量分析、分层算法、正常值数据库、黄斑中心凹定位、厚度随访、激光追踪及运动伪像控制等，并结合影像阐释正常与异常黄斑图像。内容覆盖玻璃体后脱离、玻璃体视网膜界面综合征、黄斑前膜、黄斑裂孔，中心性浆液性脉络膜视网膜病变、年龄相关黄斑变性、息肉样脉络膜血管病变、高度近视及远视眼底病变，视网膜动静脉阻塞、糖尿病视网膜病变、视网膜大动脉瘤，先天及遗传性视网膜病变，视神经病变，葡萄膜炎、脉络膜血管瘤、骨瘤、黑素瘤、视盘玻璃膜疣及外伤性视网膜脉络膜病变，突出OCT影像判读、疾病诊断、疗效观察、定量随访与再次治疗评估。",3072,"# Summary
本书2011年出版，属《眼科新技术应用丛书》，面向眼科临床医师及从事眼底病诊疗、OCT检查与研究的人员。全书系统介绍光学相干断层成像（OCT）原理、TD-OCT与FD-OCT技术、视网膜成像参数、定量分析、分层算法、正常值数据库、黄斑中心凹定位、厚度随访、激光追踪及运动伪像控制等，并结合影像阐释正常与异常黄斑图像。内容覆盖玻璃体后脱离、玻璃体视网膜界面综合征、黄斑前膜、黄斑裂孔，中心性浆液性脉络膜视网膜病变、年龄相关黄斑变性、息肉样脉络膜血管病变、高度近视及远视眼底病变，视网膜动静脉阻塞、糖尿病视网膜病变、视网膜大动脉瘤，先天及遗传性视网膜病变，视神经病变，葡萄膜炎、脉络膜血管瘤、骨瘤、黑素瘤、视盘玻璃膜疣及外伤性视网膜脉络膜病变，突出OCT影像判读、疾病诊断、疗效观察、定量随访与再次治疗评估。"
a382d28a-9755-42de-af3d-23d1bfb4d0a5,本书为2022年出版的综合性眼科学教材，面向临床眼科医师、住院医师、学生及视觉科学研究者，用于系统学习眼病诊断、影像、药物与手术治疗。全书分10卷、21部分，涵盖角膜与结膜、前节创伤、免疫与前葡萄膜炎、光学与屈光手术、晶状体与白内障、青光眼、视网膜影像、遗传及基因治疗、视网膜血管病、玻璃体视网膜手术、黄斑与脉络膜病、遗传性视网膜变性、中后葡萄膜炎、神经眼科、低视力、眼整形、眼病理、小儿眼科、眼与全身疾病及眼肿瘤。内容涉及临床检查、视野与眼压、荧光素/吲哚菁绿血管造影、OCT/OCT血管成像、超声及术中影像；详述感染、干眼、圆锥角膜、角膜移植、LASIK/PRK、白内障超声乳化与人工晶状体、青光眼激光及微创/滤过手术、视网膜脱离和黄斑手术，并讨论并发症、儿童眼病、糖尿病视网膜病变、AMD、肿瘤放疗及视网膜母细胞瘤治疗。,completed,0d34d798-6956-4bd6-8531-d00b31484bba,"# Summary
本书为2022年出版的综合性眼科学教材，面向临床眼科医师、住院医师、学生及视觉科学研究者，用于系统学习眼病诊断、影像、药物与手术治疗。全书分10卷、21部分，涵盖角膜与结膜、前节创伤、免疫与前葡萄膜炎、光学与屈光手术、晶状体与白内障、青光眼、视网膜影像、遗传及基因治疗、视网膜血管病、玻璃体视网膜手术、黄斑与脉络膜病、遗传性视网膜变性、中后葡萄膜炎、神经眼科、低视力、眼整形、眼病理、小儿眼科、眼与全身疾病及眼肿瘤。内容涉及临床检查、视野与眼压、荧光素/吲哚菁绿血管造影、OCT/OCT血管成像、超声及术中影像；详述感染、干眼、圆锥角膜、角膜移植、LASIK/PRK、白内障超声乳化与人工晶状体、青光眼激光及微创/滤过手术、视网膜脱离和黄斑手术，并讨论并发症、儿童眼病、糖尿病视网膜病变、AMD、肿瘤放疗及视网膜母细胞瘤治疗。",3072,"# Summary
本书为2022年出版的综合性眼科学教材，面向临床眼科医师、住院医师、学生及视觉科学研究者，用于系统学习眼病诊断、影像、药物与手术治疗。全书分10卷、21部分，涵盖角膜与结膜、前节创伤、免疫与前葡萄膜炎、光学与屈光手术、晶状体与白内障、青光眼、视网膜影像、遗传及基因治疗、视网膜血管病、玻璃体视网膜手术、黄斑与脉络膜病、遗传性视网膜变性、中后葡萄膜炎、神经眼科、低视力、眼整形、眼病理、小儿眼科、眼与全身疾病及眼肿瘤。内容涉及临床检查、视野与眼压、荧光素/吲哚菁绿血管造影、OCT/OCT血管成像、超声及术中影像；详述感染、干眼、圆锥角膜、角膜移植、LASIK/PRK、白内障超声乳化与人工晶状体、青光眼激光及微创/滤过手术、视网膜脱离和黄斑手术，并讨论并发症、儿童眼病、糖尿病视网膜病变、AMD、肿瘤放疗及视网膜母细胞瘤治疗。"
05a541f8-45b1-4f18-8c31-649d6a4ceecf,赵桂秋、林锦镛、林红主编，2011年出版。本书为以国人临床与病理资料为主的眼科临床病理学图谱，适合眼科医师、眼病理学医师、病理工作者及医学生、研究生学习参考。全书10章，围绕眼睑及附属器、结膜、角膜巩膜、葡萄膜、视网膜与视神经、晶状体玻璃体、眼外伤、青光眼和眼眶病变展开，兼顾正常组织解剖、先天异常、炎症、变性、血管病变、囊肿及良恶性肿瘤。重点涉及基底细胞癌、鳞状细胞癌、皮脂腺癌、结膜黑色素瘤、葡萄膜黑色素瘤、视网膜母细胞瘤、糖尿病性视网膜病变、视网膜脱离、白内障、青光眼及泪腺和眼眶肿瘤等。内容结合临床表现、外眼影像、眼底及组织病理图像，强调病理诊断、良恶性鉴别和临床诊疗依据，涉及B型超声、CT、MRI、HE染色、免疫学、分子细胞生物学、数码摄影、眼球外伤及眼内手术并发症等关键词。,completed,c9490e33-67b4-4963-a787-8924e7c240ea,"# Summary
赵桂秋、林锦镛、林红主编，2011年出版。本书为以国人临床与病理资料为主的眼科临床病理学图谱，适合眼科医师、眼病理学医师、病理工作者及医学生、研究生学习参考。全书10章，围绕眼睑及附属器、结膜、角膜巩膜、葡萄膜、视网膜与视神经、晶状体玻璃体、眼外伤、青光眼和眼眶病变展开，兼顾正常组织解剖、先天异常、炎症、变性、血管病变、囊肿及良恶性肿瘤。重点涉及基底细胞癌、鳞状细胞癌、皮脂腺癌、结膜黑色素瘤、葡萄膜黑色素瘤、视网膜母细胞瘤、糖尿病性视网膜病变、视网膜脱离、白内障、青光眼及泪腺和眼眶肿瘤等。内容结合临床表现、外眼影像、眼底及组织病理图像，强调病理诊断、良恶性鉴别和临床诊疗依据，涉及B型超声、CT、MRI、HE染色、免疫学、分子细胞生物学、数码摄影、眼球外伤及眼内手术并发症等关键词。",3072,"# Summary
赵桂秋、林锦镛、林红主编，2011年出版。本书为以国人临床与病理资料为主的眼科临床病理学图谱，适合眼科医师、眼病理学医师、病理工作者及医学生、研究生学习参考。全书10章，围绕眼睑及附属器、结膜、角膜巩膜、葡萄膜、视网膜与视神经、晶状体玻璃体、眼外伤、青光眼和眼眶病变展开，兼顾正常组织解剖、先天异常、炎症、变性、血管病变、囊肿及良恶性肿瘤。重点涉及基底细胞癌、鳞状细胞癌、皮脂腺癌、结膜黑色素瘤、葡萄膜黑色素瘤、视网膜母细胞瘤、糖尿病性视网膜病变、视网膜脱离、白内障、青光眼及泪腺和眼眶肿瘤等。内容结合临床表现、外眼影像、眼底及组织病理图像，强调病理诊断、良恶性鉴别和临床诊疗依据，涉及B型超声、CT、MRI、HE染色、免疫学、分子细胞生物学、数码摄影、眼球外伤及眼内手术并发症等关键词。"
88bc0555-0957-4580-930b-7c4cf92fda05,本书出版于2011年，由瞿佳主编，2004年出版，是全国高等学校眼视光学专业规划教材，定位为临床基础课程，主要供本科五年制眼视光学专业使用，四年制及七年制学生亦可参考。全书以全面、全程眼保健和临床检测分析流程为主线，系统介绍视力与视力检查、视功能基本检查、双眼视功能基础检查、眼部检查、屈光和屈光不正、验光、调节和聚散、老视、特殊视觉功能及眼球像差。内容涵盖近视、远视、散光、屈光参差、老视等屈光问题，以及视野、色觉、立体视觉、瞳孔、眼外肌运动、融像、裂隙灯显微镜、前房角、眼压、直接眼底镜等检查与分析；还涉及检影验光、主觉验光、角膜曲率计、焦度计、镜片箱、试镜架、对比敏感度、眩光、暗适应、潜视力、婴幼儿视力检查和眼球像差检测。疾病处理主要体现为屈光不正和老视的检查、鉴别与矫正，目录未设独立眼视光影像或屈光手术章节。,completed,5ea5d39c-31fa-44ed-8dda-0bc257b2672a,"# Summary
本书出版于2011年，由瞿佳主编，2004年出版，是全国高等学校眼视光学专业规划教材，定位为临床基础课程，主要供本科五年制眼视光学专业使用，四年制及七年制学生亦可参考。全书以全面、全程眼保健和临床检测分析流程为主线，系统介绍视力与视力检查、视功能基本检查、双眼视功能基础检查、眼部检查、屈光和屈光不正、验光、调节和聚散、老视、特殊视觉功能及眼球像差。内容涵盖近视、远视、散光、屈光参差、老视等屈光问题，以及视野、色觉、立体视觉、瞳孔、眼外肌运动、融像、裂隙灯显微镜、前房角、眼压、直接眼底镜等检查与分析；还涉及检影验光、主觉验光、角膜曲率计、焦度计、镜片箱、试镜架、对比敏感度、眩光、暗适应、潜视力、婴幼儿视力检查和眼球像差检测。疾病处理主要体现为屈光不正和老视的检查、鉴别与矫正，目录未设独立眼视光影像或屈光手术章节。",3072,"# Summary
本书出版于2011年，由瞿佳主编，2004年出版，是全国高等学校眼视光学专业规划教材，定位为临床基础课程，主要供本科五年制眼视光学专业使用，四年制及七年制学生亦可参考。全书以全面、全程眼保健和临床检测分析流程为主线，系统介绍视力与视力检查、视功能基本检查、双眼视功能基础检查、眼部检查、屈光和屈光不正、验光、调节和聚散、老视、特殊视觉功能及眼球像差。内容涵盖近视、远视、散光、屈光参差、老视等屈光问题，以及视野、色觉、立体视觉、瞳孔、眼外肌运动、融像、裂隙灯显微镜、前房角、眼压、直接眼底镜等检查与分析；还涉及检影验光、主觉验光、角膜曲率计、焦度计、镜片箱、试镜架、对比敏感度、眩光、暗适应、潜视力、婴幼儿视力检查和眼球像差检测。疾病处理主要体现为屈光不正和老视的检查、鉴别与矫正，目录未设独立眼视光影像或屈光手术章节。"
69c275e1-853d-43d7-a6af-1a2558131e4a,本书出版于2010年，是面向眼科、耳鼻喉科、整形外科及放射科临床医师、研究生和进修生的泪道外科专著。全书以泪道解剖、生理及病理生理为基础，讨论原发性获得性鼻泪管阻塞、泪石病、干眼症、泪点栓塞及相关免疫异常，继而系统介绍泪道诊断学，包括泪道探通与冲洗、放射线检查、鼻部及鼻内窥镜检查、泪道内窥镜检查。手术部分涵盖鼻泪管探通和置管、成人及儿童泪囊鼻腔造口术、激光辅助DCR及其失败和并发症处理、结膜鼻腔吻合术、伴Jones管置入术，以及鼻泪系统外伤和泪小管断裂修复。书中还介绍显微内窥镜下泪道微创诊断治疗、激光泪道成形、泪道结石及异物处理和介入放射学，配有大量术式图解、表格、DVD手术录像和索引，体现跨学科、阶梯式和个体化诊疗特点。,completed,1a6102ed-bb12-4fea-9127-4686035aa279,"# Summary
本书出版于2010年，是面向眼科、耳鼻喉科、整形外科及放射科临床医师、研究生和进修生的泪道外科专著。全书以泪道解剖、生理及病理生理为基础，讨论原发性获得性鼻泪管阻塞、泪石病、干眼症、泪点栓塞及相关免疫异常，继而系统介绍泪道诊断学，包括泪道探通与冲洗、放射线检查、鼻部及鼻内窥镜检查、泪道内窥镜检查。手术部分涵盖鼻泪管探通和置管、成人及儿童泪囊鼻腔造口术、激光辅助DCR及其失败和并发症处理、结膜鼻腔吻合术、伴Jones管置入术，以及鼻泪系统外伤和泪小管断裂修复。书中还介绍显微内窥镜下泪道微创诊断治疗、激光泪道成形、泪道结石及异物处理和介入放射学，配有大量术式图解、表格、DVD手术录像和索引，体现跨学科、阶梯式和个体化诊疗特点。",3072,"# Summary
本书出版于2010年，是面向眼科、耳鼻喉科、整形外科及放射科临床医师、研究生和进修生的泪道外科专著。全书以泪道解剖、生理及病理生理为基础，讨论原发性获得性鼻泪管阻塞、泪石病、干眼症、泪点栓塞及相关免疫异常，继而系统介绍泪道诊断学，包括泪道探通与冲洗、放射线检查、鼻部及鼻内窥镜检查、泪道内窥镜检查。手术部分涵盖鼻泪管探通和置管、成人及儿童泪囊鼻腔造口术、激光辅助DCR及其失败和并发症处理、结膜鼻腔吻合术、伴Jones管置入术，以及鼻泪系统外伤和泪小管断裂修复。书中还介绍显微内窥镜下泪道微创诊断治疗、激光泪道成形、泪道结石及异物处理和介入放射学，配有大量术式图解、表格、DVD手术录像和索引，体现跨学科、阶梯式和个体化诊疗特点。"
6548b3d2-6d37-4c63-a406-7f31e3537e6a,本书为朱思泉主编、2009年出版的眼科学专著，面向高年资眼科医生、研究生、眼科医师及白内障与屈光学研究人员。全书围绕屈光性白内障手术与术后视觉质量展开：白内障部分涵盖表面麻醉与前房内麻醉、小切口超声乳化技巧、眼科黏弹剂、折叠式人工晶状体材料与设计、后囊膜混浊预防，以及成熟期白内障、葡萄膜炎并发白内障、儿童白内障和术后感染的处理；屈光手术部分介绍学科发展趋势、LASIK、LASEK、PRK、屈光性角膜切开术、有晶状体眼人工晶状体植入、个体化屈光手术、飞秒激光、屈光性晶状体置换术及术后后房型人工晶状体计算。重点涉及连续环形撕囊、水分离、核劈解、微切口及双手超声乳化、人工晶状体植入、角膜内皮保护、感染预防、视觉质量检测与影响因素分析。,completed,719ec215-c875-45aa-b820-234760fe1ff0,"# Summary
本书为朱思泉主编、2009年出版的眼科学专著，面向高年资眼科医生、研究生、眼科医师及白内障与屈光学研究人员。全书围绕屈光性白内障手术与术后视觉质量展开：白内障部分涵盖表面麻醉与前房内麻醉、小切口超声乳化技巧、眼科黏弹剂、折叠式人工晶状体材料与设计、后囊膜混浊预防，以及成熟期白内障、葡萄膜炎并发白内障、儿童白内障和术后感染的处理；屈光手术部分介绍学科发展趋势、LASIK、LASEK、PRK、屈光性角膜切开术、有晶状体眼人工晶状体植入、个体化屈光手术、飞秒激光、屈光性晶状体置换术及术后后房型人工晶状体计算。重点涉及连续环形撕囊、水分离、核劈解、微切口及双手超声乳化、人工晶状体植入、角膜内皮保护、感染预防、视觉质量检测与影响因素分析。",3072,"# Summary
本书为朱思泉主编、2009年出版的眼科学专著，面向高年资眼科医生、研究生、眼科医师及白内障与屈光学研究人员。全书围绕屈光性白内障手术与术后视觉质量展开：白内障部分涵盖表面麻醉与前房内麻醉、小切口超声乳化技巧、眼科黏弹剂、折叠式人工晶状体材料与设计、后囊膜混浊预防，以及成熟期白内障、葡萄膜炎并发白内障、儿童白内障和术后感染的处理；屈光手术部分介绍学科发展趋势、LASIK、LASEK、PRK、屈光性角膜切开术、有晶状体眼人工晶状体植入、个体化屈光手术、飞秒激光、屈光性晶状体置换术及术后后房型人工晶状体计算。重点涉及连续环形撕囊、水分离、核劈解、微切口及双手超声乳化、人工晶状体植入、角膜内皮保护、感染预防、视觉质量检测与影响因素分析。"
363c66d6-31ad-466f-a68f-6feda1ccae86,本书为2007年出版，面向耳鼻咽喉科、眩晕与平衡障碍相关医务人员，系统介绍眼震电图（ENG）和眼震视图（VNG）的临床检查与判读。全书六章涵盖记录原理、仪器系统、参数及伪迹，检查室与受试者准备、校准和记录程序；详细讲解扫视、平稳跟踪、视动性眼震、凝视、静态及动态位置、冷热试验，并介绍压力、摇头、甩头、颈部振动和过度通气等前庭功能测试，最后讨论异常结果、病变定位、报告撰写及药物影响。重点涉及周围性、中枢性和眼性眼震，良性阵发性位置性眩晕（BPPV）、耳石症、半规管功能减退、中枢性前庭病变、小脑及脑干病变、桥脑小脑角肿瘤、多发性硬化等。书中结合大量ENG/VNG图形、Dix-Hallpike和滚转试验、冷热灌注、SPV、UW、DP、FI等技术指标，强调VNG记录旋转性眼震及BPPV诊断的优势。,completed,77034648-a270-4189-8fec-d9ef54393774,"# Summary
本书为2007年出版，面向耳鼻咽喉科、眩晕与平衡障碍相关医务人员，系统介绍眼震电图（ENG）和眼震视图（VNG）的临床检查与判读。全书六章涵盖记录原理、仪器系统、参数及伪迹，检查室与受试者准备、校准和记录程序；详细讲解扫视、平稳跟踪、视动性眼震、凝视、静态及动态位置、冷热试验，并介绍压力、摇头、甩头、颈部振动和过度通气等前庭功能测试，最后讨论异常结果、病变定位、报告撰写及药物影响。重点涉及周围性、中枢性和眼性眼震，良性阵发性位置性眩晕（BPPV）、耳石症、半规管功能减退、中枢性前庭病变、小脑及脑干病变、桥脑小脑角肿瘤、多发性硬化等。书中结合大量ENG/VNG图形、Dix-Hallpike和滚转试验、冷热灌注、SPV、UW、DP、FI等技术指标，强调VNG记录旋转性眼震及BPPV诊断的优势。",3072,"# Summary
本书为2007年出版，面向耳鼻咽喉科、眩晕与平衡障碍相关医务人员，系统介绍眼震电图（ENG）和眼震视图（VNG）的临床检查与判读。全书六章涵盖记录原理、仪器系统、参数及伪迹，检查室与受试者准备、校准和记录程序；详细讲解扫视、平稳跟踪、视动性眼震、凝视、静态及动态位置、冷热试验，并介绍压力、摇头、甩头、颈部振动和过度通气等前庭功能测试，最后讨论异常结果、病变定位、报告撰写及药物影响。重点涉及周围性、中枢性和眼性眼震，良性阵发性位置性眩晕（BPPV）、耳石症、半规管功能减退、中枢性前庭病变、小脑及脑干病变、桥脑小脑角肿瘤、多发性硬化等。书中结合大量ENG/VNG图形、Dix-Hallpike和滚转试验、冷热灌注、SPV、UW、DP、FI等技术指标，强调VNG记录旋转性眼震及BPPV诊断的优势。"
07a882da-5ff7-4d54-8906-b409c87074d5,本书2007年出版，面向眼科临床医师、研究生及从事青光眼诊疗、研究和教学者。全书分三篇、二十一章：第一篇介绍房水排出与生成解剖、房水动力学、眼压及上巩膜静脉压测量，并系统讲解前房角镜、超声生物显微镜（UBM）、角膜内皮镜、角膜地形图、共焦显微镜、角膜厚度、前节OCT、视乳头与视网膜神经纤维层、眼血流动力学、视野及视觉功能检查。第二篇阐述青光眼定义分类，重点讨论原发性闭角型、原发性开角型、正常眼压性、高眼压症、先天性及儿童期青光眼，以及虹膜角膜内皮综合征、色素播散、假性剥脱、晶状体、玻璃体视网膜疾病、眼内肿瘤、炎症、眼外伤、糖皮质激素、眼部手术后和联合机制性继发青光眼。第三篇涵盖药物、激光及手术治疗，包括缩瞳药、肾上腺素能药、β受体阻滞剂、前列腺素、碳酸酐酶抑制剂、高渗剂、虹膜切除/成形、小梁成形、睫状体光凝、巩膜切除、小梁切除、非穿透滤过、小梁切开、房水引流物植入、睫状体破坏性手术、青光眼白内障联合手术及并发症处理，并介绍视神经保护和低视力康复。,completed,aa512134-43ad-4b4c-9a81-81c5b9559ea9,"# Summary
本书2007年出版，面向眼科临床医师、研究生及从事青光眼诊疗、研究和教学者。全书分三篇、二十一章：第一篇介绍房水排出与生成解剖、房水动力学、眼压及上巩膜静脉压测量，并系统讲解前房角镜、超声生物显微镜（UBM）、角膜内皮镜、角膜地形图、共焦显微镜、角膜厚度、前节OCT、视乳头与视网膜神经纤维层、眼血流动力学、视野及视觉功能检查。第二篇阐述青光眼定义分类，重点讨论原发性闭角型、原发性开角型、正常眼压性、高眼压症、先天性及儿童期青光眼，以及虹膜角膜内皮综合征、色素播散、假性剥脱、晶状体、玻璃体视网膜疾病、眼内肿瘤、炎症、眼外伤、糖皮质激素、眼部手术后和联合机制性继发青光眼。第三篇涵盖药物、激光及手术治疗，包括缩瞳药、肾上腺素能药、β受体阻滞剂、前列腺素、碳酸酐酶抑制剂、高渗剂、虹膜切除/成形、小梁成形、睫状体光凝、巩膜切除、小梁切除、非穿透滤过、小梁切开、房水引流物植入、睫状体破坏性手术、青光眼白内障联合手术及并发症处理，并介绍视神经保护和低视力康复。",3072,"# Summary
本书2007年出版，面向眼科临床医师、研究生及从事青光眼诊疗、研究和教学者。全书分三篇、二十一章：第一篇介绍房水排出与生成解剖、房水动力学、眼压及上巩膜静脉压测量，并系统讲解前房角镜、超声生物显微镜（UBM）、角膜内皮镜、角膜地形图、共焦显微镜、角膜厚度、前节OCT、视乳头与视网膜神经纤维层、眼血流动力学、视野及视觉功能检查。第二篇阐述青光眼定义分类，重点讨论原发性闭角型、原发性开角型、正常眼压性、高眼压症、先天性及儿童期青光眼，以及虹膜角膜内皮综合征、色素播散、假性剥脱、晶状体、玻璃体视网膜疾病、眼内肿瘤、炎症、眼外伤、糖皮质激素、眼部手术后和联合机制性继发青光眼。第三篇涵盖药物、激光及手术治疗，包括缩瞳药、肾上腺素能药、β受体阻滞剂、前列腺素、碳酸酐酶抑制剂、高渗剂、虹膜切除/成形、小梁成形、睫状体光凝、巩膜切除、小梁切除、非穿透滤过、小梁切开、房水引流物植入、睫状体破坏性手术、青光眼白内障联合手术及并发症处理，并介绍视神经保护和低视力康复。"
